domain,keyword,title,url,source_domain,seendate,language,country
BECCS,BECCS,"Robust , high",http://biotechnologyforbiofuels.biomedcentral.com/articles/10.1186/s13068-017-0769-1,biotechnologyforbiofuels.biomedcentral.com,20170329T201500Z,English,United States
BECCS,BECCS,Advanced BioFuels united states » Opportunities and Risks of Seaweed Biofuels in Aviation,http://advancedbiofuelsusa.info/opportunities-and-risks-of-seaweed-biofuels-in-aviation-2/,advancedbiofuelsusa.info,20170324T153000Z,English,United States
BECCS,BECCS,Global Warming : Climate Scientists Propose  Carbon Law  To Achieve Zero Emissions By 2050,http://www.ibtimes.com/global-warming-climate-scientists-propose-carbon-law-achieve-zero-emissions-2050-2514447,ibtimes.com,20170324T074500Z,English,United States
BECCS,BECCS,"Emerging threats , global warming , climate change , carbon emissions",http://www.homelandsecuritynewswire.com/dr20170324-carbon-law-modeled-after-moore-s-law-a-pathway-to-halve-emissions-every-decade,homelandsecuritynewswire.com,20170324T004500Z,English,United States
BECCS,BECCS,Washington Square News,http://www.nyunews.com/2017/03/20/concentus-music-marks-two-year-anniversary/,nyunews.com,20170320T123000Z,English,United States
BECCS,BECCS,Life,http://biotechnologyforbiofuels.biomedcentral.com/articles/10.1186/s13068-017-0739-7,biotechnologyforbiofuels.biomedcentral.com,20170314T050000Z,English,United States
BECCS,BECCS,"Ecosocialism is more than a strategy , it a project for civilization",http://climateandcapitalism.com/2017/03/13/ecosocialism-is-more-than-a-strategy-its-a-project-for-civilization/,climateandcapitalism.com,20170313T144500Z,English,United States
BECCS,BECCS,"Geoengineering : What is it , how does it work and is it good or bad ?",https://uk.news.yahoo.com/geoengineering-does-good-bad-104431965.html,uk.news.yahoo.com,20170313T143000Z,English,United States
BECCS,BECCS,"Ecosocialism is more than a strategy , it a project for Civilization",http://internationalviewpoint.org/spip.php?article4895,internationalviewpoint.org,20170313T101500Z,English,United States
BECCS,BECCS,A Deus ex Machina for the Climate Change Problem,http://www.theamericanconservative.com/articles/a-deus-ex-machina-for-the-climate-change-problem/,theamericanconservative.com,20170309T053000Z,English,United States
BECCS,BECCS,Advanced BioFuels united states » Opportunities and Risks of Seaweed Biofuels in Aviation,http://advancedbiofuelsusa.info/opportunities-and-risks-of-seaweed-biofuels-in-aviation/,advancedbiofuelsusa.info,20170307T194500Z,English,United States
BECCS,BECCS,Climate Ecoforestry,http://www.resilience.org/stories/2017-03-07/climate-ecoforestry/,resilience.org,20170307T181500Z,English,United States
BECCS,BECCS,Climate Ecoforestry,http://peakoil.com/enviroment/climate-ecoforestry/comment-page-1,peakoil.com,20170306T234500Z,English,United States
BECCS,BECCS,Climate Ecoforestry,http://peakoil.com/enviroment/climate-ecoforestry,peakoil.com,20170306T193000Z,English,United States
BECCS,BECCS,No country on Earth is taking the 2 degree climate target seriously,https://www.vox.com/2016/10/4/13118594/2-degrees-no-more-fossil-fuels,vox.com,20170501T114500Z,English,United States
BECCS,BECCS,A NEW BOOK ON THE CLIMATE CRISIS MAKES THE PERSUASIVE CASE THAT WE ’ RE NOT DOOMED,http://www.globalpossibilities.org/a-new-book-on-the-climate-crisis-makes-the-persuasive-case-that-were-not-doomed/,globalpossibilities.org,20170430T214500Z,English,United States
BECCS,BECCS,A New Book on the Climate Crisis Makes the Persuasive Case That Were Not Doomed,https://www.thenation.com/article/a-new-book-on-the-climate-crisis-makes-the-persuasive-case-that-were-not-doomed/,thenation.com,20170428T151500Z,English,United States
BECCS,BECCS,More Early March Than Late April,http://www.startribune.com/more-early-march-than-late-april-slushy-possibilities-spring-returns-in-1-week/420480473/,startribune.com,20170427T064500Z,English,United States
BECCS,BECCS,April Whine : Slushy Up North,http://www.startribune.com/april-whine-slushy-up-north-frost-risk-by-friday-am-snowy-lawns-on-may-1/420349933/,startribune.com,20170426T064500Z,English,United States
BECCS,BECCS,Can We Fight Climate Change with Trees and Grass ?,https://www.technologyreview.com/s/604260/can-we-fight-climate-change-with-trees-and-grass/,technologyreview.com,20170424T204500Z,English,United States
BECCS,BECCS,Uzbekistan accedes to Paris climate change agreement,http://prensariotiretail.com/2017/04/22/uzbekistan-accedes-to-paris-climate-change-agreement.html,prensariotiretail.com,20170422T114500Z,English,United States
BECCS,BECCS,A Cooler Future May Hinge on Removing CO2 From the Air,http://www.climatecentral.org/news/cooler-future-may-hinge-on-removing-co2-21368,climatecentral.org,20170420T180000Z,English,United States
BECCS,BECCS,Limits to Economic Growth ?,http://www.resilience.org/stories/2017-04-20/limits-to-economic-growth/,resilience.org,20170420T084500Z,English,United States
BECCS,BECCS,New Facility Captures Atmospheric Carbon and Stores it Underground,https://www.planetizen.com/node/92288/new-facility-captures-atmospheric-carbon-and-stores-it-underground,planetizen.com,20170417T203000Z,English,United States
BECCS,BECCS,Biofuel CCS Plant Inches Us Closer to Negative Carbon Emissions — NOVA Next,http://www.pbs.org/wgbh/nova/next/tech/biofuel-ccs-plant-inches-us-closer-to-negative-carbon-emissions/,pbs.org,20170416T060000Z,English,United States
BECCS,BECCS,KTBB . com,http://www.ktbb.com/post/?p=606492,ktbb.com,20170414T150000Z,English,United States
BECCS,BECCS,Advanced BioFuels united states » The Quest to Capture and Store Carbon,http://advancedbiofuelsusa.info/the-quest-to-capture-and-store-carbon-and-slow-climate-change-just-reached-a-new-milestone/,advancedbiofuelsusa.info,20170412T010000Z,English,United States
BECCS,BECCS,The quest to capture and store carbon,https://www.washingtonpost.com/news/energy-environment/wp/2017/04/10/the-quest-to-capture-and-store-carbon-and-slow-climate-change-just-reached-a-new-milestone/,washingtonpost.com,20170410T210000Z,English,United States
BECCS,BECCS,The Cool Lab,http://www.resilience.org/stories/2017-04-05/the-cool-lab/,resilience.org,20170405T113000Z,English,United States
BECCS,BECCS,"Weekly Music Agenda , Featuring The Refugee Orchestra Project With Gourmet Symphony",http://dcist.com/2017/04/weekly_music_agenda_featuring_the_r.php,dcist.com,20170404T200000Z,English,United States
BECCS,BECCS,"CCS should remain key option in united kingdom future energy system , says ETI",http://www.energy-business-review.com/news/carbon-capture-and-storage-needs-to-be-part-of-the-uks-future-energy-system-and-the-economic-prize-could-be-considerable-5777059,energy-business-review.com,20170404T130000Z,English,United States
BECCS,BECCS,The Cool Lab,http://peakoil.com/enviroment/the-cool-lab/comment-page-1,peakoil.com,20170403T233000Z,English,United States
BECCS,BECCS,The Cool Lab,http://peakoil.com/enviroment/the-cool-lab,peakoil.com,20170403T204500Z,English,United States
BECCS,BECCS,"Biopower , Part 3 : What Does the Future Hold ?",http://www.theenergycollective.com/benpaulos/2405462/biopower-part-3-future-hold,theenergycollective.com,20170529T161500Z,English,United States
BECCS,BECCS,Scientists skeptical about climate change carbon fix,http://www.heraldandnews.com/news/nation_world/scientists-skeptical-about-climate-change-carbon-fix/article_9050de94-4c9f-5b59-ac3b-caedb5a58a73.html,heraldandnews.com,20170523T144500Z,English,United States
BECCS,BECCS,"Stop hoping we can fix climate change by pulling carbon out of the air , scientists warn",http://www.sltrib.com/home/5319052-155/stop-hoping-we-can-fix-climate,sltrib.com,20170523T003000Z,English,United States
BECCS,BECCS,"Stop hoping we can fix climate change by pulling carbon out of the air , scientists warn",http://www.sltrib.com/home/5319052-155/story.html,sltrib.com,20170522T221500Z,English,United States
BECCS,BECCS,"Stop hoping we can fix climate change by pulling carbon out of the air , scientists warn",https://the-journal.com/articles/48879-stop-hoping-we-can-fix-climate-change-by-pulling-carbon-out-of-the-air-scientists-warn,the-journal.com,20170522T211500Z,English,United States
BECCS,BECCS,"Stop hoping we can fix climate change by pulling carbon out of the air , scientists warn",https://www.washingtonpost.com/news/energy-environment/wp/2017/05/22/stop-hoping-we-can-fix-climate-change-by-pulling-carbon-out-of-the-air-scientists-warn/,washingtonpost.com,20170522T193000Z,English,United States
BECCS,BECCS,Focus on carbon removal a  high,http://www.salon.com/2017/05/20/focus-on-carbon-removal-a-high-stakes-gamble_partner/,salon.com,20170520T110000Z,English,United States
BECCS,BECCS,Focus on Carbon Removal a  High,http://www.climatecentral.org/news/focus-on-carbon-removal-high-stakes-gamble-21456,climatecentral.org,20170518T233000Z,English,United States
BECCS,BECCS,Bachelor Nation Becca Tilley and Robert Graham Break Up,http://www.eonline.com/ca/news/854168/bachelor-nation-s-becca-tilley-and-robert-graham-break-up,eonline.com,20170518T211500Z,English,United States
BECCS,BECCS,Bachelor Nation Becca Tilley and Robert Graham Break Up,http://www.eonline.com/uk/news/854170/bachelor-nation-s-becca-tilley-and-robert-graham-break-up,eonline.com,20170518T204500Z,English,United States
BECCS,BECCS,Bachelor Nation Becca Tilley and Robert Graham Break Up,http://www.eonline.com/news/854162/bachelor-nation-s-becca-tilley-and-robert-graham-break-up,eonline.com,20170518T201500Z,English,United States
BECCS,BECCS,Negative CO2 Emissions : Making it Real,http://www.theenergycollective.com/munson/2404503/negative-co2-emissions-making-real,theenergycollective.com,20170517T173000Z,English,United States
BECCS,BECCS,Limits to Economic Growth,http://peakoil.com/enviroment/limits-to-economic-growth/comment-page-1,peakoil.com,20170512T161500Z,English,United States
BECCS,BECCS,Limits to Economic Growth,http://peakoil.com/enviroment/limits-to-economic-growth,peakoil.com,20170512T153000Z,English,United States
BECCS,BECCS,The World at 1℃ — April  17,http://www.resilience.org/stories/2017-05-11/the-world-at-1%E2%84%83%E2%80%8A-%E2%80%8Aapril-17/,resilience.org,20170511T123000Z,English,United States
BECCS,BECCS,No country on Earth is taking the 2 degree climate target seriously,https://www.vox.com/2016/10/4/13118594/2-degrees-no-more-fossil-fuels,vox.com,20170501T114500Z,English,United States
BECCS,BECCS,Cellulosic biofuel contributions to a sustainable energy future : Choices and outcomes,http://science.sciencemag.org/content/356/6345/eaal2324,science.sciencemag.org,20170629T184500Z,English,United States
BECCS,BECCS,Interview with Bio,http://www.theenergycollective.com/karelbeckman/2407088/interview-bio-energy-expert-andre-faaij-much-nonsense-told-high-time-real-story,theenergycollective.com,20170621T180000Z,English,United States
BECCS,BECCS,The World at 1°C — May  17,http://www.resilience.org/stories/2017-06-15/the-world-at-1c%E2%80%8A-%E2%80%8Amay-17/,resilience.org,20170615T141500Z,English,United States
BECCS,BECCS,Coal Is a Dinosaur and so is the Growth Economy,http://www.resilience.org/stories/2017-06-15/coal-dinosaur-growth-economy/,resilience.org,20170615T141500Z,English,United States
BECCS,BECCS,Meeting Paris Pledges would Prevent at least 1C of Global Warming,http://www.resilience.org/stories/2017-06-07/meeting-paris-pledges/,resilience.org,20170607T150000Z,English,United States
BECCS,BECCS,IEA : World Can Reach Net Zero Emissions by 2060 to Meet Paris Climate Goals,http://www.environmentguru.com/pages/elements/element.aspx?id=5009965,environmentguru.com,20170606T161500Z,English,United States
BECCS,BECCS,IEA : World Can Reach  Net Zero  Emissions by 2060 to Meet Paris Climate Goals,https://www.ecowatch.com/paris-agreement-climate-goals-2434559889.html,ecowatch.com,20170606T153000Z,English,United States
BECCS,BECCS,"Stop hoping we can fix climate change by pulling carbon out of the air , scientists warn",https://www.fredericknewspost.com/news/environment/stop-hoping-we-can-fix-climate-change-by-pulling-carbon/article_df054e52-e6bb-54c0-aec5-b220edaf005c.html,fredericknewspost.com,20170602T010000Z,English,United States
BECCS,BECCS,Weekly Climate and Energy News Roundup # 279,https://wattsupwiththat.com/2017/07/31/weekly-climate-and-energy-news-roundup-279/,wattsupwiththat.com,20170731T163000Z,English,United States
BECCS,BECCS,Weekly Climate and Energy News Roundup # 279,https://wattsupwiththat.com/2017/07/31/weekly-climate-and-energy-news-roundup-279/comment-page-1/,wattsupwiththat.com,20170731T163000Z,English,United States
BECCS,BECCS,"Young people ’ s burden : requirement of negative CO2 emissions –  A current narrative , that humanity has turned the corner and is moving toward solving the global warming problem , is wrong",http://www.desdemonadespair.net/2017/07/young-peoples-burden-requirement-of.html,desdemonadespair.net,20170729T213000Z,English,United States
BECCS,BECCS,"If we dont Dump Fossil Fuels * Now *, were Sticking our Kids with 0 Trillion in Debt",https://www.juancole.com/2017/07/fossil-sticking-trillion.html,juancole.com,20170723T050000Z,English,United States
BECCS,BECCS,How Much Will Climate Change Cost Future Generations ?,http://www.ibtimes.com/how-much-will-climate-change-cost-future-generations-2569149,ibtimes.com,20170722T023000Z,English,United States
BECCS,BECCS,Backdraft # 8 : Simon Nicholson on Climate Engineering,https://www.newsecuritybeat.org/2017/07/backdraft-8-simon-nicholson-climate-engineering/,newsecuritybeat.org,20170721T074500Z,English,United States
BECCS,BECCS,8 Ways to Sequester Carbon to Avoid Climate Catastrophe,https://www.ecowatch.com/carbon-sequestration-2461971411.html,ecowatch.com,20170719T201500Z,English,United States
BECCS,BECCS,Climate change will cost future generations trillions,http://www.businessinsider.com/climate-change-will-cost-future-generations-trillions-2017-7,businessinsider.com,20170718T181500Z,English,United States
BECCS,BECCS,Inaction on climate change risks leaving future generations $530 trillion in debt,http://theconversation.com/inaction-on-climate-change-risks-leaving-future-generations-530-trillion-in-debt-81134,theconversation.com,20170718T160000Z,English,United States
BECCS,BECCS,Increasing Ambition with Blue Carbon : Protecting Coastal Wetland Ecosystems as a Carbon Dioxide Removal Strategy to Meet the Paris Agreement Goals,https://www.environmentguru.com/pages/elements/element.aspx?id=5378843,environmentguru.com,20170825T211500Z,English,United States
BECCS,BECCS,"To Avoid Climate Catastrophe , Well Need to Remove CO2 From the Air",http://www.truth-out.org/news/item/41718-to-avoid-climate-catastrophe-we-ll-need-to-remove-co2-from-the-air,truth-out.org,20170825T174500Z,English,United States
BECCS,BECCS,Understanding Climate Engineering,http://carnegieendowment.org/publications/?fa=72846,carnegieendowment.org,20170821T204500Z,English,United States
BECCS,BECCS,Irish Sun,http://www.irishsun.com/news/254429603/world-has-missed-chance-to-avoid-dangerous-global-warming,irishsun.com,20170821T183000Z,English,United States
BECCS,BECCS,We have to bury gigatons of carbon to slow climate change . Were not even close to ready .,https://www.vox.com/energy-and-environment/2017/8/18/16166014/negative-emissions,vox.com,20170818T181500Z,English,United States
BECCS,BECCS,Bioenergy carbon capture and storage plants  should be inefficient,http://environmentalresearchweb.org/cws/article/news/69693,environmentalresearchweb.org,20170815T111500Z,English,United States
BECCS,BECCS,Chemical looping combustion for CO2,https://phys.org/news/2017-08-chemical-looping-combustion-co2-neutral-gas.html,phys.org,20170809T113000Z,English,United States
BECCS,BECCS,International Institute For Applied Systems Analysis,https://wn.com/International_Institute_for_Applied_Systems_Analysis,wn.com,20170919T014500Z,English,United States
BECCS,BECCS,environmentalresearchweb blog,http://blog.environmentalresearchweb.org/2017/09/09/bioenergy-new-blooms-but-also-prunings/,blog.environmentalresearchweb.org,20170911T040000Z,English,United States
BECCS,BECCS,The Beauty of Biomass,http://peakoil.com/alternative-energy/the-beauty-of-biomass/comment-page-1,peakoil.com,20170904T200000Z,English,United States
BECCS,BECCS,environmentalresearchweb blog,http://blog.environmentalresearchweb.org/2017/09/02/beccs-10-of-uk-energy-net-carbon-cuts/,blog.environmentalresearchweb.org,20170904T011500Z,English,United States
BECCS,BECCS,The Beauty of Biomass,http://peakoil.com/alternative-energy/the-beauty-of-biomass,peakoil.com,20170903T203000Z,English,United States
BECCS,BECCS,"What do you get when you mix Coffee , Water and Music ?",https://www.popdust.com/coffee-music-project-waterfall-songwriter-competition-2498069853.html,popdust.com,20171031T124500Z,English,United States
BECCS,BECCS,Why We Need Negative Emissions Technology — But It No Silver Bullet,https://singularityhub.com/2017/10/19/why-we-need-negative-emissions-tech-but-its-no-silver-bullet/,singularityhub.com,20171019T163000Z,English,United States
BECCS,BECCS,"Geoengineering : Will we Science our way out of climate change , or end up with a  Geostorm ?",http://redgreenandblue.org/2017/10/16/geoengineering-will-science-way-climate-change-end-geostorm/,redgreenandblue.org,20171016T234500Z,English,United States
BECCS,BECCS,Geo,https://cleantechnica.com/2017/10/16/geo-engineering-can-science-way-climate-catastrophe/,cleantechnica.com,20171016T164500Z,English,United States
BECCS,BECCS,Carbon,http://news.trust.org/item/20171010175429-zazqr/,news.trust.org,20171014T131500Z,English,United States
BECCS,BECCS,"UK releases Clean Growth Strategy , plans next CfD auction",http://biomassmagazine.com/articles/14749/uk-releases-clean-growth-strategy-plans-next-cfd-auction,biomassmagazine.com,20171013T091500Z,English,United States
BECCS,BECCS,"UK releases Clean Growth Strategy , plans next CfD auction",http://biomassmagazine.com/articles/14749/uk-releases-clean-growth-strategy-plans-next-cfd-auction/,biomassmagazine.com,20171013T030000Z,English,United States
BECCS,BECCS,Carbon,https://news.trust.org/item/20171010175429-zazqr,news.trust.org,20171012T201500Z,English,United States
BECCS,BECCS,"UK releases Clean Growth Strategy , plans next CfD auction",http://www.biomassmagazine.com/articles/14749/uk-releases-clean-growth-strategy-plans-next-cfd-auction,biomassmagazine.com,20171012T193000Z,English,United States
BECCS,BECCS,Plan B : Seven ways to engineer the climate,https://www.yahoo.com/news/plan-b-seven-ways-engineer-climate-112457921.html,yahoo.com,20171012T131500Z,English,United States
BECCS,BECCS,Carbon,https://af.reuters.com/article/energyOilNews/idAFL8N1ML59P,af.reuters.com,20171012T121500Z,English,United States
BECCS,BECCS,"Thomson Reuters Foundation :  World Needs  Carbon Sucking  Technology by 2030s , Scientists Warn",http://yaleglobal.yale.edu/content/thomson-reuters-foundation-world-needs-carbon-sucking-technology-2030s-scientists-warn,yaleglobal.yale.edu,20171011T181500Z,English,United States
BECCS,BECCS,Carbon,http://news.trust.org/item/20171010175429-zazqr,news.trust.org,20171011T181500Z,English,United States
BECCS,BECCS,Carbon,http://www.reuters.com/article/us-climatechange-geoengineering/carbon-sucking-technology-needed-by-2030s-scientists-warn-idUSKBN1CF2KY,reuters.com,20171011T181500Z,English,United States
BECCS,BECCS,Carbon,https://uk.reuters.com/article/climatechange-geoengineering/carbon-sucking-technology-needed-by-2030s-scientists-warn-idUKL8N1ML59P,uk.reuters.com,20171011T181500Z,English,United States
BECCS,BECCS,Plan B : Seven ways to engineer the climate Yahoo7 News,https://au.news.yahoo.com/world/a/37431579/plan-b-seven-ways-to-engineer-the-climate/,au.news.yahoo.com,20171011T141500Z,English,United States
BECCS,BECCS,Plan B : Seven ways to engineer the climate,https://phys.org/news/2017-10-ways-climate.html,phys.org,20171011T123000Z,English,United States
BECCS,BECCS,Plan B : Seven ways to engineer the climate,http://www.digitaljournal.com/news/world/plan-b-seven-ways-to-engineer-the-climate/article/504757,digitaljournal.com,20171011T123000Z,English,United States
BECCS,BECCS,Carbon,https://in.reuters.com/article/climatechange-geoengineering/carbon-sucking-technology-needed-by-2030s-scientists-warn-idINL8N1ML59P,in.reuters.com,20171011T090000Z,English,United States
BECCS,BECCS,Carbon,https://news.trust.org/item/20171010175429-zazqr/,news.trust.org,20171011T073000Z,English,United States
BECCS,BECCS,Carbon,https://www.reuters.com/article/us-climatechange-geoengineering/carbon-sucking-technology-needed-by-2030s-scientists-warn-idUSKBN1CF2KY,reuters.com,20171010T234500Z,English,United States
BECCS,BECCS,Carbon,http://in.reuters.com/article/climatechange-geoengineering/carbon-sucking-technology-needed-by-2030s-scientists-warn-idINL8N1ML59P,in.reuters.com,20171010T234500Z,English,United States
BECCS,BECCS,COP23 : From the Gap to the Precipice,http://internationalviewpoint.org/spip.php?article5308,internationalviewpoint.org,20171230T080000Z,English,United States
BECCS,BECCS,"Is the 2°C world a fantasy ? : Environment , Weather & Climate",http://peakoil.com/forums/viewtopic.php?p=1385697,peakoil.com,20171227T083000Z,English,United States
BECCS,BECCS,"Is the 2°C world a fantasy ? : Environment , Weather & Climate",http://peakoil.com/forums/viewtopic.php?p=1385185,peakoil.com,20171223T053000Z,English,United States
BECCS,BECCS,"Is the 2°C world a fantasy ? : Environment , Weather & Climate",http://peakoil.com/forums/viewtopic.php?p=1385167,peakoil.com,20171223T010000Z,English,United States
BECCS,BECCS,"Is the 2°C world a fantasy ? : Environment , Weather & Climate",http://peakoil.com/forums/viewtopic.php?p=1385129,peakoil.com,20171222T203000Z,English,United States
BECCS,BECCS,Human impacts on forests and grasslands much larger and older than previously assumed,https://phys.org/news/2017-12-human-impacts-forests-grasslands-larger.html,phys.org,20171221T131500Z,English,United States
BECCS,BECCS,In Defense of Degrowth,https://www.counterpunch.org/2017/12/21/in-defense-of-degrowth/,counterpunch.org,20171221T103000Z,English,United States
BECCS,BECCS,Scientists present a sweeping new estimate of how much humans have altered the planet,http://www.courant.com/nation-world/ct-science-humans-climate-planet-20171220-story.html,courant.com,20171221T034500Z,English,United States
BECCS,BECCS,Scientists present a sweeping new estimate of how much humans have altered the planet,http://www.carrollcountytimes.com/ct-science-humans-climate-planet-20171220-story.html,carrollcountytimes.com,20171221T024500Z,English,United States
BECCS,BECCS,Scientists present a sweeping new estimate of how much humans have altered the planet,http://www.baltimoresun.com/news/maryland/environment/ct-science-humans-climate-planet-20171220-story.html,baltimoresun.com,20171221T010000Z,English,United States
BECCS,BECCS,Scientists present a sweeping new estimate of how much humans have altered the planet,http://www.chicagotribune.com/news/nationworld/science/ct-science-humans-climate-planet-20171220-story.html,chicagotribune.com,20171221T010000Z,English,United States
BECCS,BECCS,Scientists present a sweeping new estimate of how much humans have altered the planet,http://www.sun-sentinel.com/news/nationworld/ct-science-humans-climate-planet-20171220-story.html,sun-sentinel.com,20171221T004500Z,English,United States
BECCS,BECCS,Scientists present a sweeping new estimate of how much humans have altered the planet,http://www.orlandosentinel.com/news/space/go-for-launch/ct-science-humans-climate-planet-20171220-story.html,orlandosentinel.com,20171221T001500Z,English,United States
BECCS,BECCS,Scientists just presented a sweeping new estimate of how much humans have altered the planet,https://www.washingtonpost.com/news/energy-environment/wp/2017/12/20/scientists-present-a-sweeping-new-estimate-of-how-much-humans-have-altered-the-planet/,washingtonpost.com,20171220T211500Z,English,United States
BECCS,BECCS,Scientists present a sweeping new estimate of how much humans have altered the planet,http://www.mysanantonio.com/news/article/Scientists-present-a-sweeping-new-estimate-of-how-12445124.php,mysanantonio.com,20171220T203000Z,English,United States
BECCS,BECCS,"Wales can tackle climate change while protecting industry , jobs and future generations",https://www.environmentguru.com/pages/elements/element.aspx?id=5886916,environmentguru.com,20171219T040000Z,English,United States
BECCS,BECCS,"The Christian Science Monitor Daily for December 12 , 2017",https://www.csmonitor.com/Daily/2017/20171212,csmonitor.com,20171213T023000Z,English,United States
BECCS,BECCS,After the pledge : Scientists scramble to make politician climate goals a reality,https://www.csmonitor.com/Environment/2017/1212/After-the-pledge-Scientists-scramble-to-make-politicians-climate-goals-a-reality,csmonitor.com,20171212T144500Z,English,United States
BECCS,BECCS,The Dirty Secret of the IPCC Plan to Avert Climate Disaster : BECCS ( Carbon Capture Technology ) Doesnt Yet Exist .,https://www.wired.com/story/the-dirty-secret-of-the-worlds-plan-to-avert-climate-disaster/,wired.com,20171210T130000Z,English,United States
BECCS,BECCS,Advanced BioFuels united states » Bioenergy and Biofuels Key to Low,https://advancedbiofuelsusa.info/bioenergy-and-biofuels-key-to-low-carbon-future-scientist-argues/,advancedbiofuelsusa.info,20171207T061500Z,English,United States
BECCS,BECCS,Why Branko Milanovic is Wrong about De,http://www.resilience.org/stories/2017-12-06/branko-milanovic-wrong-de-growth/,resilience.org,20171206T153000Z,English,United States
BECCS,BECCS,An Implementation Plan for CCS and CCU in Europe,https://worldview.stratfor.com/article/implementation-plan-ccs-and-ccu-europe,worldview.stratfor.com,20171205T093000Z,English,United States
BECCS,BECCS,NETs will not compensate for inadequate climate change mitigation efforts : EASAC report,https://www.eurekalert.org/pub_releases/2018-01/eas-nwn013118.php,eurekalert.org,20180131T234500Z,English,United States
BECCS,BECCS,"Climate - altering technology designed to sequester carbon dioxide could cause catastrophic destruction of life , scientists warn",https://www.naturalnews.com/2018-01-30-climate-altering-technology-carbon-dioxide-could-cause-catastrophic-destruction.html,naturalnews.com,20180130T213000Z,English,United States
BECCS,BECCS,The Energy 202 : Republicans love NASA . But why do they doubt its climate science ?,https://www.washingtonpost.com/news/powerpost/paloma/the-energy-202/2018/01/23/the-energy-202-republicans-love-nasa-but-why-do-they-doubt-its-climate-science/5a664e3930fb0469e88402eb/,washingtonpost.com,20180123T151500Z,English,United States
BECCS,BECCS,"A technology many hoped would fight climate change would cause even bigger environmental problems , scientists say",http://www.orlandosentinel.com/news/nationworld/ct-climate-change-technology-20180122-story.html,orlandosentinel.com,20180122T234500Z,English,United States
BECCS,BECCS,"A technology many hoped would fight climate change would cause even bigger environmental problems , scientists say",http://www.sandiegouniontribune.com/news/nation-world/ct-climate-change-technology-20180122-story.html,sandiegouniontribune.com,20180122T234500Z,English,United States
BECCS,BECCS,"A technology many hoped would fight climate change would cause even bigger environmental problems , scientists say",http://www.chicagotribune.com/news/nationworld/science/ct-climate-change-technology-20180122-story.html,chicagotribune.com,20180122T233000Z,English,United States
BECCS,BECCS,"A technology many hoped would fight climate change would cause even bigger environmental problems , scientists say",http://www.lmtonline.com/news/article/A-technology-many-hoped-would-fight-climate-12515915.php,lmtonline.com,20180122T220000Z,English,United States
BECCS,BECCS,"A technology many hoped would fight climate change would cause even bigger environmental problems , scientists say",https://www.washingtonpost.com/news/energy-environment/wp/2018/01/22/a-technology-many-hoped-would-fight-climate-change-would-cause-even-bigger-environmental-problems-scientists-say/,washingtonpost.com,20180122T210000Z,English,United States
BECCS,BECCS,"Geoengineering Carries  Large Risk for the Natural World , Studies Show",https://www.ecowatch.com/geoengineering-risks-2527748311.html,ecowatch.com,20180122T203000Z,English,United States
BECCS,BECCS,"International Climate Negotiations Pt . 2 ( merged ) : Environment , Weather & Climate - Page 23",http://peakoil.com/forums/viewtopic.php?p=1387846,peakoil.com,20180117T044500Z,English,United States
BECCS,BECCS,"International Climate Negotiations Pt . 2 ( merged ) : Environment , Weather & Climate - Page 23",http://peakoil.com/forums/viewtopic.php?p=1387810,peakoil.com,20180116T234500Z,English,United States
BECCS,BECCS,"International Climate Negotiations Pt . 2 ( merged ) : Environment , Weather & Climate - Page 23",http://peakoil.com/forums/viewtopic.php?p=1387762,peakoil.com,20180116T184500Z,English,United States
BECCS,BECCS,Bad Air to Better Oceans : 6 Environment and Development Stories to Watch in 2018,http://www.wri.org/blog/2018/01/bad-air-better-oceans-6-environment-and-development-stories-watch-2018,wri.org,20180116T183000Z,English,United States
BECCS,BECCS,Thinking ‘ outside the box on climate mitigation,https://wattsupwiththat.com/2018/01/15/thinking-outside-the-box-on-climate-mitigation/,wattsupwiththat.com,20180116T031500Z,English,United States
BECCS,BECCS,Thinking ‘ outside the box on climate mitigation,https://wattsupwiththat.com/2018/01/15/thinking-outside-the-box-on-climate-mitigation/comment-page-1/,wattsupwiththat.com,20180116T031500Z,English,United States
BECCS,BECCS,"International Climate Negotiations Pt . 2 ( merged ) : Environment , Weather & Climate - Page 23",http://peakoil.com/forums/viewtopic.php?p=1387710,peakoil.com,20180116T001500Z,English,United States
BECCS,BECCS,Thinking outside the box on climate mitigation,https://phys.org/news/2018-01-climate-mitigation.html,phys.org,20180115T113000Z,English,United States
BECCS,BECCS,Thinking outside the box on climate mitigation,https://eurekalert.org/pub_releases/2018-01/iifa-tot011218.php,eurekalert.org,20180113T000000Z,English,United States
BECCS,BECCS,Climate Change News : Thinking outside the box on climate mitigation,http://www.enn.com/climate/article/53644,enn.com,20180112T204500Z,English,United States
BECCS,BECCS,Technologies Addressing Climate Change : Atmostpheric Carbon Dioxide Removal – satPRnews,http://www.satprnews.com/2018/01/10/technologies-addressing-climate-change-atmostpheric-carbon-dioxide-removal/,satprnews.com,20180110T081500Z,English,United States
BECCS,BECCS,Technologies Addressing Climate Change : Atmostpheric Carbon Dioxide Removal – MilTech,http://www.military-technologies.net/2018/01/10/technologies-addressing-climate-change-atmostpheric-carbon-dioxide-removal/,military-technologies.net,20180110T020000Z,English,United States
BECCS,BECCS,"International Climate Negotiations Pt . 2 ( merged ) : Environment , Weather & Climate",http://peakoil.com/forums/viewtopic.php?p=1386435,peakoil.com,20180103T003000Z,English,United States
BECCS,BECCS,Shell Plan to Save Us From Climate Change Makes a Dangerous Assumption,https://www.popularmechanics.com/science/environment/a19609574/shell-carbon-capture-plan/,popularmechanics.com,20180327T224500Z,English,United States
BECCS,BECCS,How Bill Gates aims to clean up the planet | Environment / Nature,http://axisoflogic.com/artman/publish/Article_79200.shtml,axisoflogic.com,20180326T153000Z,English,United States
BECCS,BECCS,The Paris Climate Accords Are Starting to Look Like Fantasy,http://nymag.com/daily/intelligencer/2018/03/the-paris-climate-accords-are-starting-to-look-like-fantasy.html,nymag.com,20180326T011500Z,English,United States
BECCS,BECCS,Counterpoint : Standard needs reboot but shouldnt end - Opinion - Hendersonville Times - News,http://www.blueridgenow.com/opinion/20180325/counterpoint-standard-needs-reboot-but-shouldnt-end,blueridgenow.com,20180325T071500Z,English,United States
BECCS,BECCS,The 11 Best Things to Do in NYC This Weekend,https://www.metro.us/things-to-do/new-york/sex-ed-wine-free-carnival-rides-more-things-to-do-in-nyc,metro.us,20180321T204500Z,English,United States
BECCS,BECCS,"Extend renewable fuel standard with biomass instead of corn , says Michael E . Kraft | Their View",http://www.pressofatlanticcity.com/opinion/commentary/extend-renewable-fuel-standard-with-biomass-instead-of-corn-says/article_a498a064-d22d-5e50-a479-b76a6ac72c88.html,pressofatlanticcity.com,20180321T043000Z,English,United States
BECCS,BECCS,Taking Greenhouse Gases from the Sky : 7 Things to Know About Carbon Removal,http://www.wri.org/blog/2018/03/taking-greenhouse-gases-sky-7-things-know-about-carbon-removal,wri.org,20180319T161500Z,English,United States
BECCS,BECCS,2018 SkS Weekly Climate Change & Global Warming News Roundup Number 11,https://www.environmentguru.com/pages/elements/element.aspx?id=6289025,environmentguru.com,20180318T013000Z,English,United States
BECCS,BECCS,Keep revamped ethanol requirement | Columnists,http://www.theeagle.com/opinion/columnists/keep-revamped-ethanol-requirement/article_ed95762a-2955-11e8-9820-0f2b248566a0.html,theeagle.com,20180317T073000Z,English,United States
BECCS,BECCS,Advanced BioFuels united states » CON : Keep the Renewable Fuel Standard but Reboot It by Using Bio - Masses instead of Corn,https://advancedbiofuelsusa.info/con-keep-the-renewable-fuel-standard-but-reboot-it-by-using-bio-masses-instead-of-corn/,advancedbiofuelsusa.info,20180316T191500Z,English,United States
BECCS,BECCS,The Paris Agreement is deeply flawed - it time for a new deal | Environment,https://www.aljazeera.com/indepth/opinion/paris-agreement-deeply-flawed-time-deal-180316115219671.html,aljazeera.com,20180316T170000Z,English,United States
BECCS,BECCS,Is it time to end the renewable fuel standard that requires ethanol in gasoline ? | Columns,http://www.cecildaily.com/opinion/columns/is-it-time-to-end-the-renewable-fuel-standard-that/article_d71a77bf-c272-5ba4-a7af-d73c9ff9babb.html,cecildaily.com,20180316T091500Z,English,United States
BECCS,BECCS,"Pro - Con : Dont end renewable fuels ; update rules - Opinion - The Daily Telegram - Adrian , MI",http://www.lenconnect.com/opinion/20180315/pro-con-dont-end-renewable-fuels-update-rules,lenconnect.com,20180316T011500Z,English,United States
BECCS,BECCS,Pro - Con :  Is it time to end the renewable fuel standard that requires ethanol in gasoline ?,http://www.tri-cityherald.com/opinion/editorials/article205400704.html,tri-cityherald.com,20180315T231500Z,English,United States
BECCS,BECCS,New Scenarios Show How the World Could Limit Warming to 1 . 5C in 2100,http://www.theenergycollective.com/desmog/2428569/new-scenarios-show-world-limit-warming-1-5c-2100,theenergycollective.com,20180315T160000Z,English,United States
BECCS,BECCS,Tree Farms Will Not Save Us from Global Warming,https://www.scientificamerican.com/article/tree-farms-will-not-save-us-from-global-warming/,scientificamerican.com,20180313T174500Z,English,United States
BECCS,BECCS,"Climate change , global warming , public health , economy , human condition , climate migrants",http://www.homelandsecuritynewswire.com/dr20180313-several-ways-limit-global-temperature-rise-to-1-5-c,homelandsecuritynewswire.com,20180313T161500Z,English,United States
BECCS,BECCS,New scenarios show how the world could limit warming to 1 . 5C in 2100,https://skepticalscience.com/new-scenarios-how-world-limit-warming.html,skepticalscience.com,20180313T154500Z,English,United States
BECCS,BECCS,"GEOENGINEERING : Models assume well cover Earth in trees . That a problem -- Tuesday , March 13 , 2018",https://www.eenews.net/stories/1060076159,eenews.net,20180313T143000Z,English,United States
BECCS,BECCS,New Scenarios Show How the World Could Limit Warming to 1 . 5C in 2100,https://www.desmogblog.com/2018/03/13/new-scenarios-show-how-world-could-limit-warming-1-5c-2100,desmogblog.com,20180313T080000Z,English,United States
BECCS,BECCS,Setting expectations for negative - emission systems in U . S . to protect climate,https://energy.stanford.edu/news/setting-expectations-negative-emission-systems-us-protect-climate,energy.stanford.edu,20180313T003000Z,English,United States
BECCS,BECCS,Up in smoke : We need to pay more attention to disappearing trees,https://www.salon.com/2018/03/12/up-in-smoke_partner/,salon.com,20180312T153000Z,English,United States
BECCS,BECCS,Up in Smoke,http://www.resilience.org/stories/2018-03-09/up-in-smoke/,resilience.org,20180309T143000Z,English,United States
BECCS,BECCS,Models show how to limit global temperature rise to 1 . 5°C,https://www.sciencedaily.com/releases/2018/03/180305111539.htm,sciencedaily.com,20180305T221500Z,English,United States
BECCS,BECCS,Models show how to limit global temperature rise to 1 . 5°C,https://www.eurekalert.org/pub_releases/2018-03/iifa-msh030218.php,eurekalert.org,20180305T190000Z,English,United States
BECCS,BECCS,Models show how to limit global temperature rise to 1 . 5 C,https://phys.org/news/2018-03-limit-global-temperature.html,phys.org,20180305T180000Z,English,United States
BECCS,BECCS,"The Weekend Wonk : Enhanced Weathering – Rock Dust , Soils , and Climate",https://climatecrocks.com/2018/03/03/the-weekend-wonk-enhanced-weathering-rock-dust-soils-and-climate/,climatecrocks.com,20180303T201500Z,English,United States
BECCS,BECCS,Advanced BioFuels united states » Bioenergy with Carbon Capture and Storage ( BECCS ),https://advancedbiofuelsusa.info/tag/bioenergy-with-carbon-capture-and-storage-beccs/,advancedbiofuelsusa.info,20180428T154500Z,English,United States
BECCS,BECCS,microalgae Archives,http://www.innovationtoronto.com/category/microalgae/,innovationtoronto.com,20180427T141500Z,English,United States
BECCS,BECCS,Ethanol Producer Magazine,http://www.ethanolproducer.com/articles/15236/llnl-maps-out-deployment-of-ccs-for-ethanol-production,ethanolproducer.com,20180426T214500Z,English,United States
BECCS,BECCS,Advanced BioFuels united states » Carbon Capture Could Be a Financial Opportunity for US Biofuels,https://advancedbiofuelsusa.info/carbon-capture-could-be-a-financial-opportunity-for-us-biofuels/,advancedbiofuelsusa.info,20180425T160000Z,English,United States
BECCS,BECCS,Carbon capture could pay off for biofuel plants,https://www.futurity.org/carbon-capture-1739652/,futurity.org,20180425T134500Z,English,United States
BECCS,BECCS,Stanford researchers lead work on leveraging BECCS for ethanol producers,http://www.biofuelsdigest.com/bdigest/2018/04/24/stanford-researchers-lead-work-on-leveraging-beccs-for-ethanol-producers/,biofuelsdigest.com,20180425T021500Z,English,United States
BECCS,BECCS,How  Shared Socioeconomic Pathway Explore Future Climate Change,http://www.resilience.org/stories/2018-04-24/how-shared-socioeconomic-pathways-explore-future-climate-change/,resilience.org,20180424T143000Z,English,United States
BECCS,BECCS,Carbon capture could be a financial opportunity for US biofuels,https://eurekalert.org/pub_releases/2018-04/su-ccc041918.php,eurekalert.org,20180424T070000Z,English,United States
BECCS,BECCS,Carbon capture could be a financial opportunity for US biofuels,https://www.sciencedaily.com/releases/2018/04/180423155106.htm,sciencedaily.com,20180423T231500Z,English,United States
BECCS,BECCS,Carbon capture could be a financial opportunity for US biofuels,https://www.eurekalert.org/pub_releases/2018-04/su-ccc041918.php,eurekalert.org,20180423T210000Z,English,United States
BECCS,BECCS,The world needs to store billions of tons of carbon . It could start off in a surprising place .,https://www.sfgate.com/news/article/The-world-needs-to-store-billions-of-tons-of-12857873.php,sfgate.com,20180423T210000Z,English,United States
BECCS,BECCS,The world needs to store billions of tons of carbon . It could start off in a surprising place .,https://www.washingtonpost.com/news/energy-environment/wp/2018/04/23/the-world-needs-to-store-billions-of-tons-of-carbon-it-could-start-off-in-a-surprising-place/,washingtonpost.com,20180423T203000Z,English,United States
BECCS,BECCS,The world needs to store billions of tons of carbon . It could start off in a surprising place .,https://www.lmtonline.com/news/article/The-world-needs-to-store-billions-of-tons-of-12857873.php,lmtonline.com,20180423T203000Z,English,United States
BECCS,BECCS,Researchers find carbon capture a financial opportunity for U . S . biofuels,https://scienceblog.com/500487/researchers-find-carbon-capture-a-financial-opportunity-for-u-s-biofuels/,scienceblog.com,20180423T201500Z,English,United States
BECCS,BECCS,Carbon capture could be a financial opportunity for US biofuels,https://phys.org/news/2018-04-carbon-capture-financial-opportunity-biofuels.html,phys.org,20180423T200000Z,English,United States
BECCS,BECCS,Stanford University,http://www.4-traders.com/news/Stanford-University-New-credits-make-carbon-capture-profitable--26410499/,4-traders.com,20180423T200000Z,English,United States
BECCS,BECCS,Duke researchers find that algae could be used to combat climate change,http://www.dukechronicle.com/article/2018/04/duke-researchers-find-algae-could-be-used-to-combat-climate-change,dukechronicle.com,20180423T024500Z,English,United States
BECCS,BECCS,Advanced BioFuels united states » Algae with Bioenergy with Carbon Capture and Storage,https://advancedbiofuelsusa.info/algae-with-bioenergy-with-carbon-capture-and-storage/,advancedbiofuelsusa.info,20180417T050000Z,English,United States
BECCS,BECCS,Combining BECCS and microalgae production to solve world hunger and reduce CO2,http://www.innovationtoronto.com/2018/04/144267/,innovationtoronto.com,20180415T080000Z,English,United States
BECCS,BECCS,"Algae - Forestry , Bioenergy Mix May Help Make CO2 Vanish From Thin Air",https://www.enn.com/articles/54334-algae-forestry-bioenergy-mix-may-help-make-co2-vanish-from-thin-air,enn.com,20180413T180000Z,English,United States
BECCS,BECCS,Universiteit Utrecht,http://www.4-traders.com/news/Universiteit-Utrecht-The-1-5-C-target-can-also-be-met-using-less-negative-emissions--26336275/,4-traders.com,20180413T094500Z,English,United States
BECCS,BECCS,UH - Hilo algae study could lead to reducing CO2 emissions,http://www.hawaiitribune-herald.com/2018/04/12/hawaii-news/uh-hilo-algae-study-could-lead-to-reducing-co2-emissions/,hawaiitribune-herald.com,20180412T104500Z,English,United States
BECCS,BECCS,Paris Agreement : Achieving the Balance,http://theenergycollective.com/davidhone/2430840/paris-agreement-achieving-the-balance,theenergycollective.com,20180411T170000Z,English,United States
BECCS,BECCS,UH Hilo - led algae research could combat climate change – UH Hilo Stories,http://hilo.hawaii.edu/news/stories/2018/04/10/uh-hilo-led-algae-research-could-combat-climate-change/,hilo.hawaii.edu,20180411T044500Z,English,United States
BECCS,BECCS,UH Hilo led algae research may produce energy with negative CO2 emissions,https://www.hawaii247.com/2018/04/10/uh-hilo-led-algae-research-may-produce-energy-with-negative-co2-emissions/,hawaii247.com,20180411T004500Z,English,United States
BECCS,BECCS,"Algae - forestry , bioenergy mix may help make CO2 vanish from thin air",http://news.cornell.edu/stories/2018/04/algae-forestry-bioenergy-mix-may-help-make-co2-vanish-thin-air,news.cornell.edu,20180410T183000Z,English,United States
BECCS,BECCS,"1 . 5°C of Warming is Closer than We Imagine , Just a Decade Away",http://www.resilience.org/stories/2018-04-05/1-5c-of-warming-is-closer-than-we-imagine-just-a-decade-away/,resilience.org,20180405T153000Z,English,United States
BECCS,BECCS,Restricting global warming to 1 . 5C could  halve  risk of biodiversity loss,https://www.environmentguru.com/pages/elements/element.aspx?id=6620215,environmentguru.com,20180601T203000Z,English,United States
BECCS,BECCS,Decarbonising Heavy Industry,https://www.environmentguru.com/pages/elements/element.aspx?id=6617269,environmentguru.com,20180601T043000Z,English,United States
BECCS,BECCS,Decarbonising Heavy Industry,http://peakoil.com/consumption/decarbonising-heavy-industry/comment-page-1,peakoil.com,20180531T231500Z,English,United States
BECCS,BECCS,Decarbonising Heavy Industry,http://peakoil.com/consumption/decarbonising-heavy-industry,peakoil.com,20180531T231500Z,English,United States
BECCS,BECCS,Restricting global warming to 1 . 5C could  halve  risk of biodiversity loss,https://skepticalscience.com/restricting-15C-halve-biodiversity-loss.html,skepticalscience.com,20180531T173000Z,English,United States
BECCS,BECCS,UK government CCS team visits Drax Power Station,http://biomassmagazine.com/articles/15331/uk-government-ccs-team-visits-drax-power-station,biomassmagazine.com,20180531T020000Z,English,United States
BECCS,BECCS,UK government CCS team visits Drax Power Station,http://www.biomassmagazine.com/articles/15331/uk-government-ccs-team-visits-drax-power-station,biomassmagazine.com,20180530T011500Z,English,United States
BECCS,BECCS,2018 SkS Weekly Climate Change & Global Warming News Roundup Number 21,https://www.environmentguru.com/pages/elements/element.aspx?id=6596552,environmentguru.com,20180526T183000Z,English,United States
BECCS,BECCS,Drax commences pioneering carbon capture and storage project,https://www.powerengineeringint.com/articles/2018/05/drax-commences-pioneering-carbon-capture-and-storage-project.html,powerengineeringint.com,20180525T191500Z,English,United States
BECCS,BECCS,Drax : 25 May 2018 - Government Carbon Capture and Storage Team visits Drax Power Station,http://www.4-traders.com/DRAX-GROUP-PLC-4006894/news/Drax-25-May-2018-Government-Carbon-Capture-and-Storage-Team-visits-Drax-Power-Station-26654910/,4-traders.com,20180525T101500Z,English,United States
BECCS,BECCS,USGBC New York Chapter,http://www.4-traders.com/news/USGBC-New-York-Chapter-The-Case-for-Carbon-Removal--26641856/,4-traders.com,20180523T143000Z,English,United States
BECCS,BECCS,Panorama - Drax to Use C - Capture Technology in Europe ? s First BECCS Project,https://www.renewableenergymagazine.com/panorama/drax-to-use-ccapture-technology-in-europea-20180522,renewableenergymagazine.com,20180522T160000Z,English,United States
BECCS,BECCS,UK Drax to pilot new chemistry to capture CO2 from biomass – Kallanish Energy News,http://www.kallanishenergy.com/2018/05/22/uks-drax-to-pilot-new-chemistry-to-capture-co2-from-biomass/,kallanishenergy.com,20180522T074500Z,English,United States
BECCS,BECCS,Drax to pilot Europe first carbon capture storage project,http://biomassmagazine.com/articles/15321/drax-to-pilot-europeundefineds-first-carbon-capture-storage-project,biomassmagazine.com,20180521T233000Z,English,United States
BECCS,BECCS,Drax to pilot Europe first carbon capture storage project,http://www.biomassmagazine.com/articles/15321/drax-to-pilot-europeundefineds-first-carbon-capture-storage-project,biomassmagazine.com,20180521T233000Z,English,United States
BECCS,BECCS,Can We Burn Our Way To A Cleaner Planet ?,https://cleantechnica.com/2018/05/21/can-we-burn-our-way-to-a-cleaner-planet/,cleantechnica.com,20180521T233000Z,English,United States
BECCS,BECCS,European Markets Climbed As Trade War Concerns Ease,http://www.rttnews.com/2897138/european-markets-climbed-as-trade-war-concerns-ease.aspx,rttnews.com,20180521T220000Z,English,United States
BECCS,BECCS,Human race just 0 . 01 % of all life but has destroyed over 80 % of wild mammals - study,https://article.wn.com/view/2018/05/21/Human_race_just_001_of_all_life_but_has_destroyed_over_80_of/,article.wn.com,20180521T213000Z,English,United States
BECCS,BECCS,Drax to trial capturing carbon from biomass generation,https://renewablesnow.com/news/drax-to-trial-capturing-carbon-from-biomass-generation-613345/,renewablesnow.com,20180521T143000Z,English,United States
BECCS,BECCS,Futures Pointing To Initial Strength On Wall Street,http://www.rttnews.com/story.aspx?Id=2897091,rttnews.com,20180521T143000Z,English,United States
BECCS,BECCS,European Shares Rise As Trade War Fears Recede,http://www.rttnews.com/story.aspx?Id=2896966,rttnews.com,20180521T141500Z,English,United States
BECCS,BECCS,European Shares Rise As Trade War Fears Recede,http://www.rttnews.com/2896966/european-shares-rise-as-trade-war-fears-recede.aspx,rttnews.com,20180521T133000Z,English,United States
BECCS,BECCS,FTSE 100 Hits New Record High,http://www.rttnews.com/2896961/ftse-100-hits-new-record-high.aspx,rttnews.com,20180521T133000Z,English,United States
BECCS,BECCS,Drax power station will build a  negative emissions  plant Quartz,https://qz.com/1283166/drax-power-station-will-build-a-negative-emissions-plant/,qz.com,20180521T133000Z,English,United States
BECCS,BECCS,Futures Pointing To Initial Strength On Wall Street,http://www.rttnews.com/2897091/futures-pointing-to-initial-strength-on-wall-street.aspx,rttnews.com,20180521T133000Z,English,United States
BECCS,BECCS,First European trial for innovative carbon capture project,http://www.climateactionprogramme.org/news/first-european-trial-for-innovative-carbon-capture-project,climateactionprogramme.org,20180521T130000Z,English,United States
BECCS,BECCS,Drax pilots project that could result in carbon negative electricity,https://www.cnbc.com/2018/05/21/drax-pilots-project-that-could-result-in-carbon-negative-electricity.html,cnbc.com,20180521T121500Z,English,United States
BECCS,BECCS,IP : C - Capture Ltd - Drax to pilot Europe first carbon capture storage project,http://www.4-traders.com/IP-GROUP-PLC-38908802/news/IP-C-Capture-Ltd-Drax-to-pilot-Europe-rsquo-s-first-carbon-capture-storage-project-26625791/,4-traders.com,20180521T101500Z,English,United States
BECCS,BECCS,FTSE 100 Hits New Record High,http://www.rttnews.com/story.aspx?Id=2896961,rttnews.com,20180521T100000Z,English,United States
BECCS,BECCS,Drax to pilot Europe first carbon capture storage project | News,https://www.gasworld.com/drax-to-pilot-europes-first-carbon-capture-storage-project/2014737.article,gasworld.com,20180521T091500Z,English,United States
BECCS,BECCS,"Drax , C - Capture to pilot Europe first bioenergy carbon capture storage project",http://www.greencarcongress.com/2018/05/20180521-drax.html,greencarcongress.com,20180521T084500Z,English,United States
BECCS,BECCS,Drax : 21 May 2018 - Drax to pilot Europe first carbon capture storage project,http://www.4-traders.com/DRAX-GROUP-PLC-4006894/news/Drax-21-May-2018-Drax-to-pilot-Europe-rsquo-s-first-carbon-capture-storage-project-26623904/,4-traders.com,20180521T013000Z,English,United States
BECCS,BECCS,Britain Drax launches bioenergy carbon capture project | Energy & Oil,https://af.reuters.com/article/energyOilNews/idAFL5N1SP2UX,af.reuters.com,20180521T010000Z,English,United States
BECCS,BECCS,Drax launches bioenergy carbon capture project,https://uk.finance.yahoo.com/news/drax-launches-bioenergy-carbon-capture-project-232131686--finance.html,uk.finance.yahoo.com,20180521T010000Z,English,United States
BECCS,BECCS,Britain Drax launches bioenergy carbon capture project,https://uk.finance.yahoo.com/news/britains-drax-launches-bioenergy-carbon-230100541.html,uk.finance.yahoo.com,20180521T010000Z,English,United States
BECCS,BECCS,Drax launches bioenergy carbon capture project By Reuters,https://uk.investing.com/news/stock-market-news/drax-launches-bioenergy-carbon-capture-project-1179912,uk.investing.com,20180521T010000Z,English,United States
BECCS,BECCS,Britain Drax launches bioenergy carbon capture project | Agricultural Commodities,https://af.reuters.com/article/commoditiesNews/idAFL5N1SP2UX,af.reuters.com,20180521T010000Z,English,United States
BECCS,BECCS,Drax launches bioenergy carbon capture project,http://www.euronews.com/2018/05/21/drax-launches-bioenergy-carbon-capture-project,euronews.com,20180521T010000Z,English,United States
BECCS,BECCS,Britain Drax launches bioenergy carbon capture project,https://www.reuters.com/article/drax-group-bioenergy/britains-drax-launches-bioenergy-carbon-capture-project-idUSL5N1SP2UX,reuters.com,20180521T010000Z,English,United States
BECCS,BECCS,Britain Drax launches bioenergy carbon capture project,https://in.reuters.com/article/drax-group-bioenergy/britains-drax-launches-bioenergy-carbon-capture-project-idINL5N1SP2UX,in.reuters.com,20180521T010000Z,English,United States
BECCS,BECCS,Drax : launches bioenergy carbon capture project,http://www.4-traders.com/DRAX-GROUP-PLC-4006894/news/Drax-launches-bioenergy-carbon-capture-project-26623918/,4-traders.com,20180521T003000Z,English,United States
BECCS,BECCS,Drax launches bioenergy carbon capture project,https://uk.reuters.com/article/uk-drax-group-bioenergy/drax-launches-bioenergy-carbon-capture-project-idUKKCN1IL0X4,uk.reuters.com,20180521T000000Z,English,United States
BECCS,BECCS,"Carbon Capture , the Vacuum Cleaner the Climate Needs : QuickTake",https://www.washingtonpost.com/business/carbon-capture-the-vacuum-cleaner-the-climate-needs-quicktake/2018/05/18/93b0ad90-5a52-11e8-9889-07bcc1327f4b_story.html,washingtonpost.com,20180518T063000Z,English,United States
BECCS,BECCS,"Carbon Capture , the Vacuum Cleaner the Climate Needs",https://www.bloomberg.com/news/articles/2018-05-18/carbon-capture-the-vacuum-cleaner-the-climate-needs-quicktake,bloomberg.com,20180518T050000Z,English,United States
BECCS,BECCS,Hart Cunningham Announces Plans to Stop Climate Change,https://www.benzinga.com/pressreleases/18/05/p11717685/hart-cunningham-announces-plans-to-stop-climate-change,benzinga.com,20180516T003000Z,English,United States
BECCS,BECCS,Hart Cunningham Announces Plans to Stop Climate Change,http://www.prweb.com/releases/2018/05/prweb15488240.htm,prweb.com,20180515T191500Z,English,United States
BECCS,BECCS,Las Vegas Valley gymnastics coach a mom to many kids – Las Vegas Review - Journal,https://www.reviewjournal.com/local/local-las-vegas/las-vegas-valley-gymnastics-coach-a-mom-to-many-kids/,reviewjournal.com,20180513T074500Z,English,United States
BECCS,BECCS,The case for burning our way to a cleaner planet,https://www.popsci.com/biofuel-burning-algae-food,popsci.com,20180512T220000Z,English,United States
BECCS,BECCS,What Goes Up Must Come Down : It Time for a Carbon Drawdown Budget,http://www.resilience.org/stories/2018-05-11/goes-must-come-time-carbon-drawdown-budget/,resilience.org,20180511T130000Z,English,United States
BECCS,BECCS,EU Policy Must Wake Up to Carbon Dioxide Removal,http://www.theenergycollective.com/oliver-geden/2432857/eu-policy-must-wake-up-to-carbon-dioxide-removal,theenergycollective.com,20180510T134500Z,English,United States
BECCS,BECCS,Real ambition on global warming : what it would look like,https://www.vox.com/energy-and-environment/2018/5/7/17306008/global-warming-climate-change-scenarios-ambition,vox.com,20180507T173000Z,English,United States
BECCS,BECCS,Ethanol Producer Magazine,http://ethanolproducer.com/articles/15236/llnl-maps-out-deployment-of-ccs-for-ethanol-production,ethanolproducer.com,20180506T183000Z,English,United States
BECCS,BECCS,CO2 capture Archives,http://www.innovationtoronto.com/category/co2-capture/,innovationtoronto.com,20180506T051500Z,English,United States
BECCS,BECCS,"A View from the Air : Carbon Sequestration , Midwestern Farms and Biodiversity",http://www.resilience.org/stories/2018-05-02/a-view-from-the-air-carbon-sequestration-midwestern-farms-and-biodiversity/,resilience.org,20180502T140000Z,English,United States
BECCS,BECCS,Drax : 31 July 2018 - Drax signs 40 million contract with Siemens for turbine upgrades,http://www.4-traders.com/DRAX-GROUP-PLC-4006894/news/Drax-31-July-2018-Drax-signs-40-million-contract-with-Siemens-for-turbine-upgrades-27025603/,4-traders.com,20180731T094500Z,English,United States
BECCS,BECCS,Rain or shine,https://www.nationalaffairs.com/blog/detail/findings-a-daily-roundup/rain-or-shine,nationalaffairs.com,20180725T201500Z,English,United States
BECCS,BECCS,Who will get Becca final rose on this season of The Bachelorette | Katie Kruz,https://z104fm.iheart.com/featured/katie-kruz/content/2018-07-24-who-will-get-beccas-final-rose-on-this-season-of-the-bachelorette/,z104fm.iheart.com,20180724T144500Z,English,United States
BECCS,BECCS,Drax : 24 July 2018 - Half year results for the six months ended 30 June .,http://www.4-traders.com/DRAX-GROUP-PLC-4006894/news/Drax-24-July-2018-Half-year-results-for-the-six-months-ended-30-June-26980472/,4-traders.com,20180724T070000Z,English,United States
BECCS,BECCS,2018 SkS Weekly Climate Change & Global Warming Digest # 29,https://skepticalscience.com/news.php?n=4186,skepticalscience.com,20180722T163000Z,English,United States
BECCS,BECCS,2018 SkS Weekly Climate Change & Global Warming Digest # 29,https://skepticalscience.com/2018-SkS-Weekly-Digest_29.html,skepticalscience.com,20180722T160000Z,English,United States
BECCS,BECCS,"Climate Change Scenarios : An Updated Summary Of Climate Change , Seal Level Rise , & Carbon Bubble Predictions",https://cleantechnica.com/2018/07/17/climate-change-scenarios-an-updated-summary-of-climate-change-seal-level-rise-carbon-bubble-predictions/,cleantechnica.com,20180717T200000Z,English,United States
BECCS,BECCS,"Electrogeochemistry can capture carbon , produce fuel , and even offset ocean acidification",http://www.innovationtoronto.com/2018/07/electrogeochemistry-can-capture-carbon-produce-fuel-and-even-offset-ocean-acidification/,innovationtoronto.com,20180717T103000Z,English,United States
BECCS,BECCS,"Electrogeochemistry captures carbon , produces fuel , offsets ocean acidification",http://www.spacedaily.com/reports/Electrogeochemistry_captures_carbon_produces_fuel_offsets_ocean_acidification_999.html,spacedaily.com,20180710T084500Z,English,United States
BECCS,BECCS,Georgetown Public Policy Review / Can planting trees help us avoid climate disaster ?,http://gppreview.com/2018/07/09/can-planting-trees-save-us/,gppreview.com,20180709T204500Z,English,United States
BECCS,BECCS,Key Takeaways | Private Sector Investments in Climate Technologies : ROI & the New 2018 US Tax Credit for Carbon Oxide Capturing Technologies,https://www.lexology.com/library/detail.aspx?g=ffbd3b3c-a28b-4867-bc64-001842e115bc,lexology.com,20180927T190000Z,English,United States
BECCS,BECCS,"Somewhere , a Tiger Yawns  | Peak Oil News and Message Boards",https://peakoil.com/enviroment/somewhere-a-tiger-yawns/comment-page-1,peakoil.com,20180924T204500Z,English,United States
BECCS,BECCS,"Somewhere , a Tiger Yawns  | Peak Oil News and Message Boards",https://peakoil.com/enviroment/somewhere-a-tiger-yawns,peakoil.com,20180924T201500Z,English,United States
BECCS,BECCS,Forests cut warming better than technology – Brinkwire,https://en.brinkwire.com/science/forests-cut-warming-better-than-technology/,en.brinkwire.com,20180923T011500Z,English,United States
BECCS,BECCS,Forests cut warming better than technology,http://infosurhoy.com/cocoon/saii/xhtml/en_GB/science/forests-cut-warming-better-than-technology/,infosurhoy.com,20180921T193000Z,English,United States
BECCS,BECCS,No need for BECCS ?,http://infosurhoy.com/cocoon/saii/xhtml/en_GB/science/no-need-for-beccs/,infosurhoy.com,20180919T231500Z,English,United States
BECCS,BECCS,Cutting emissions still matters . But carbon capture rises as a battlefront .,https://www.csmonitor.com/Environment/2018/0919/Cutting-emissions-still-matters.-But-carbon-capture-rises-as-a-battlefront,csmonitor.com,20180919T230000Z,English,United States
BECCS,BECCS,No need for BECCS ? – Brinkwire,http://en.brinkwire.com/science/no-need-for-beccs/,en.brinkwire.com,20180919T174500Z,English,United States
BECCS,BECCS,No need for BECCS ? – Brinkwire,https://en.brinkwire.com/science/no-need-for-beccs/,en.brinkwire.com,20180919T174500Z,English,United States
BECCS,BECCS,Heinberg : What Will it Take to Avert Collapse ?  | Peak Oil News and Message Boards,https://peakoil.com/enviroment/heinberg-what-will-it-take-to-avert-collapse/comment-page-1,peakoil.com,20180919T174500Z,English,United States
BECCS,BECCS,Heinberg : What Will it Take to Avert Collapse ?  | Peak Oil News and Message Boards,https://peakoil.com/enviroment/heinberg-what-will-it-take-to-avert-collapse,peakoil.com,20180919T150000Z,English,United States
BECCS,BECCS,Apple is investing in negative emissions,https://qz.com/1391782/apple-investing-in-negative-emissions-via-mangrove-restoration/,qz.com,20180916T210000Z,English,United States
BECCS,BECCS,Science : Greenhouse gas removal could make united kingdom carbon neutral by 2050 [ Report ],http://infosurhoy.com/cocoon/saii/xhtml/en_GB/science/science-greenhouse-gas-removal-could-make-uk-carbon-neutral-by-2050-report/,infosurhoy.com,20180916T031500Z,English,United States
BECCS,BECCS,"Isolating CO2 from atmosphere for use wont cause global warming , says expert",http://infosurhoy.com/cocoon/saii/xhtml/en_GB/news/isolating-co2-from-atmosphere-for-use-wont-cause-global-warming-says-expert/,infosurhoy.com,20180915T214500Z,English,United States
BECCS,BECCS,Carbon Removal Is Not Enough to Save the Climate,https://www.truthdig.com/articles/carbon-removal-is-not-enough-to-save-the-climate/,truthdig.com,20180914T071500Z,English,United States
BECCS,BECCS,Jerry Brown plan for  negative  CO2 emissions based on  science fiction,http://truenorthreports.com/jerry-brown-plan-for-negative-co2-emissions-based-on-science-fiction,truenorthreports.com,20180913T220000Z,English,United States
BECCS,BECCS,We Absolutely Need To Suck Carbon Dioxide Out Of The Air But Were Going To Have To Be Very Careful,https://www.forbes.com/sites/michaelmarshalleurope/2018/09/12/we-absolutely-need-to-suck-carbon-dioxide-out-of-the-air-but-were-going-to-have-to-be-very-careful/,forbes.com,20180912T150000Z,English,United States
BECCS,BECCS,Greenhouse gas removal could make united kingdom carbon neutral by 2050,https://phys.org/wire-news/298200636/greenhouse-gas-removal-could-make-uk-carbon-neutral-by-2050.html,phys.org,20180912T141500Z,English,United States
BECCS,BECCS,The long goodbye to fossil fuel : what the best strategy for renewable energy ?,http://infosurhoy.com/cocoon/saii/xhtml/en_GB/science/the-long-goodbye-to-fossil-fuel-whats-the-best-strategy-for-renewable-energy/,infosurhoy.com,20180912T110000Z,English,United States
BECCS,BECCS,The long goodbye to fossil fuel : what the best strategy for renewable energy ?,https://infosurhoy.com/cocoon/saii/xhtml/en_GB/science/the-long-goodbye-to-fossil-fuel-whats-the-best-strategy-for-renewable-energy/,infosurhoy.com,20180912T110000Z,English,United States
BECCS,BECCS,The long goodbye to fossil fuel : what the best strategy for renewable energy ? – Brinkwire,https://en.brinkwire.com/science/the-long-goodbye-to-fossil-fuel-whats-the-best-strategy-for-renewable-energy/,en.brinkwire.com,20180912T110000Z,English,United States
BECCS,BECCS,Jerry Brown Opinion For  Negative  CO2 Emissions Is Based mostly completely mostly On  Science Fiction,https://newsline.com/2018/09/11/jerry-browns-opinion-for-negative-co2-emissions-is-based-mostly-completely-mostly-on-science-fiction/,newsline.com,20180912T094500Z,English,United States
BECCS,BECCS,Jerry Brown Plan For  Negative  CO2 Emissions Is Based On  Science Fiction,http://dailycaller.com/2018/09/11/jerry-brown-carbon-dioxide-emissions/,dailycaller.com,20180911T160000Z,English,United States
BECCS,BECCS,Jerry Brown Plan For  Negative  CO2 Emissions Is Based On  Science Fiction,https://dailycaller.com/2018/09/11/jerry-brown-carbon-dioxide-emissions/,dailycaller.com,20180911T154500Z,English,United States
BECCS,BECCS,6 Ways to Remove Carbon Pollution from the Sky | World Resources Institute,https://www.wri.org/blog/2018/09/6-ways-remove-carbon-pollution-sky,wri.org,20180910T134500Z,English,United States
BECCS,BECCS,Technological Carbon Removal in the United States | World Resources Institute,https://www.wri.org/publication/tech-carbon-removal-usa,wri.org,20180910T051500Z,English,United States
BECCS,BECCS,Carbon Removal in Forests and Farms in the United States | World Resources Institute,https://www.wri.org/publication/land-carbon-removal-usa,wri.org,20180910T051500Z,English,United States
BECCS,BECCS,Making War on the Planet,https://www.greanvillepost.com/2018/09/09/making-war-on-the-planet/,greanvillepost.com,20180910T003000Z,English,United States
BECCS,BECCS,2018 SkS Weekly Climate Change & Global Warming News Roundup Number 36,https://www.environmentguru.com/pages/elements/element.aspx?id=7782269,environmentguru.com,20180908T231500Z,English,United States
BECCS,BECCS,Negative carbon not on,http://infosurhoy.com/cocoon/saii/xhtml/en_GB/science/negative-carbon-not-on/,infosurhoy.com,20180908T150000Z,English,United States
BECCS,BECCS,Paris climate rules must go in the  right direction,http://news.trust.org/item/20180907074220-83oux/,news.trust.org,20180907T143000Z,English,United States
BECCS,BECCS,Paris climate rules must go in the  right direction,http://news.trust.org/item/20180907074220-83oux,news.trust.org,20180907T083000Z,English,United States
BECCS,BECCS,Negative carbon not on – Brinkwire,https://en.brinkwire.com/science/negative-carbon-not-on/,en.brinkwire.com,20180906T191500Z,English,United States
BECCS,BECCS,Whatever happened to carbon capture ? – Brinkwire,https://en.brinkwire.com/science/whatever-happened-to-carbon-capture/,en.brinkwire.com,20180906T181500Z,English,United States
BECCS,BECCS,Whatever happened to carbon capture ? – Brinkwire,http://en.brinkwire.com/science/whatever-happened-to-carbon-capture/,en.brinkwire.com,20180906T173000Z,English,United States
BECCS,BECCS,Whatever happened to carbon capture ?,http://infosurhoy.com/cocoon/saii/xhtml/en_GB/science/whatever-happened-to-carbon-capture/,infosurhoy.com,20180905T143000Z,English,United States
BECCS,BECCS,Dont Gamble the Planet Future on Unproven Technology,http://beaconhilltimes.com/2018/09/04/dont-gamble-the-planets-future-on-unproven-technology/,beaconhilltimes.com,20180904T124500Z,English,United States
BECCS,BECCS,Dont Gamble the Planet Future on Unproven Technology | Everett Independent – Everett Massachusetts Newspaper,http://www.everettindependent.com/2018/09/03/dont-gamble-the-planets-future-on-unproven-technology/,everettindependent.com,20180903T064500Z,English,United States
BECCS,BECCS,Dont Gamble the Planet Future on Unproven Technology | Revere Journal – Revere Massachusetts Newspaper,http://www.reverejournal.com/2018/09/02/dont-gamble-the-planets-future-on-unproven-technology/,reverejournal.com,20180902T111500Z,English,United States
BECCS,BECCS,Dont Gamble the Planet Future on Unproven Technology | Chelsea Record – Chelsea Massachusetts Newspaper,http://www.chelsearecord.com/2018/09/02/dont-gamble-the-planets-future-on-unproven-technology/,chelsearecord.com,20180902T104500Z,English,United States
BECCS,BECCS,Monthly Review | Making War on the Planet,https://monthlyreview.org/2018/09/01/making-war-on-the-planet/,monthlyreview.org,20180901T203000Z,English,United States
BECCS,BECCS,Reducing US coal emissions through biomass and carbon capture would boost employment,https://eurekalert.org/pub_releases/2018-11/cp-ruc102518.php,eurekalert.org,20181101T211500Z,English,United States
BECCS,BECCS,Reducing US coal emissions through biomass and carbon capture would boost employment,https://www.sciencedaily.com/releases/2018/11/181101133934.htm,sciencedaily.com,20181101T184500Z,English,United States
BECCS,BECCS,Reducing US coal emissions through biomass and carbon capture would boost employment,http://humanitariannews.org/20181101/reducing-us-coal-emissions-through-biomass-carbon-capture-would-boost-employment,humanitariannews.org,20181101T160000Z,English,United States
BECCS,BECCS,Studies show green energy would create more jobs than coal • Earth . com,https://www.earth.com/news/green-energy-create-jobs-coal/,earth.com,20181101T154500Z,English,United States
BECCS,BECCS,Reducing US coal emissions through biomass and carbon capture would boost employment,https://www.eurekalert.org/pub_releases/2018-11/cp-ruc102518.php,eurekalert.org,20181101T153000Z,English,United States
BECCS,BECCS,Reducing US coal emissions through biomass and carbon capture would boost employment,https://phys.org/news/2018-11-coal-emissions-biomass-carbon-capture.html,phys.org,20181101T153000Z,English,United States
BECCS,BECCS,Former UC Berkeley student Beccs Lee dies of brain cancer at 20,http://www.dailycal.org/2018/10/31/courage-and-determination-former-uc-berkeley-student-beccs-lee-dies-of-brain-cancer-at-20/,dailycal.org,20181101T053000Z,English,United States
BECCS,BECCS,"Mercury , the other geologically persistent planetary poison",http://www.realclimate.org/index.php/archives/2018/10/mercury-the-other-geologically-persistent-planetary-poison/,realclimate.org,20181029T174500Z,English,United States
BECCS,BECCS,Negative Emissions Wont Rescue Us From Climate Change,https://www.forbes.com/sites/andystone/2018/10/29/negative-emissions-wont-rescue-us-from-climate-change/,forbes.com,20181029T154500Z,English,United States
BECCS,BECCS,Carbon Capture Is Messy and Fraught But Might Be Essential,https://www.wired.com/story/carbon-capture-is-messy-and-fraughtbut-might-be-essential/,wired.com,20181029T111500Z,English,United States
BECCS,BECCS,The  Carbon Capture Syndrome  ( CCS ) Part - 2,https://canadafreepress.com/article/the-carbon-capture-syndrome-ccs-part-2,canadafreepress.com,20181028T130000Z,English,United States
BECCS,BECCS,Science : Report calls for more science to negate CO2 emissions [ Report ],http://infosurhoy.com/cocoon/saii/xhtml/en_GB/science/science-report-calls-for-more-science-to-negate-co2-emissions-report/,infosurhoy.com,20181027T123000Z,English,United States
BECCS,BECCS,Report calls for more science to negate CO2 emissions,https://newsline.com/2018/10/26/report-calls-for-more-science-to-negate-co2-emissions/,newsline.com,20181027T071500Z,English,United States
BECCS,BECCS,Alternative Fuels Home Grown Bioenergy Contributes to Forest Health and Rural Jobs Across America – Advanced BioFuels united states,https://advancedbiofuelsusa.info/alternative-fuels-home-grown-bioenergy-contributes-to-forest-health-and-rural-jobs-across-america/,advancedbiofuelsusa.info,20181026T224500Z,English,United States
BECCS,BECCS,2 : 00PM Water Cooler 10 / 26 / 2018 | naked capitalism,https://www.nakedcapitalism.com/2018/10/200pm-water-cooler-10-26-2018.html,nakedcapitalism.com,20181026T183000Z,English,United States
BECCS,BECCS,Report calls for more science to negate CO2 emissions,https://phys.org/news/2018-10-science-negate-co2-emissions.html,phys.org,20181026T121500Z,English,United States
BECCS,BECCS,"Report : Carbon - removal strategies , not just reduced emissions , are critical to fighting climate change | College of Agricultural Sciences | SOURCE",https://agsci.source.colostate.edu/report-carbon-removal-strategies-not-just-reduced-emissions-are-critical-to-fighting-climate-change/,agsci.source.colostate.edu,20181026T020000Z,English,United States
BECCS,BECCS,The debate is over : We need to start sucking carbon from the air,https://www.globalpossibilities.org/the-debate-is-over-we-need-to-start-sucking-carbon-from-the-air/,globalpossibilities.org,20181025T233000Z,English,United States
BECCS,BECCS,New report lays out a plan to suck carbon out of the sky,https://hotair.com/headlines/archives/2018/10/new-report-lays-plan-suck-carbon-sky/,hotair.com,20181025T221500Z,English,United States
BECCS,BECCS,Climate change : Five cheap ways to remove CO2 from the atmosphere,https://newsline.com/2018/10/25/climate-change-five-cheap-ways-to-remove-co2-from-the-atmosphere/,newsline.com,20181025T073000Z,English,United States
BECCS,BECCS,"Bioenergy contributes to forest health , rural jobs across America",http://biomassmagazine.com/articles/15701/bioenergy-contributes-to-forest-health-rural-jobs-across-america,biomassmagazine.com,20181025T071500Z,English,United States
BECCS,BECCS,The debate is over : We need to start sucking carbon from the air,https://grist.org/article/the-debate-is-over-we-need-to-start-sucking-carbon-from-the-air/,grist.org,20181025T010000Z,English,United States
BECCS,BECCS,"These Carbon - Capture Methods Are Ready to Fight Climate Change Today , Experts Say",https://www.voanews.com/a/these-carbon-capture-methods-are-ready-to-fight-climate-change-today-experts-say/4627971.html,voanews.com,20181025T000000Z,English,United States
BECCS,BECCS,"Bioenergy contributes to forest health , rural jobs across America",http://www.biomassmagazine.com/articles/15701/bioenergy-contributes-to-forest-health-rural-jobs-across-america,biomassmagazine.com,20181024T223000Z,English,United States
BECCS,BECCS,"Sucking CO2 out of the atmosphere , explained – Brinkwire",https://en.brinkwire.com/news/sucking-co2-out-of-the-atmosphere-explained/,en.brinkwire.com,20181024T170000Z,English,United States
BECCS,BECCS,New Report Lays Out a Plan to Suck Carbon Out of the Sky,https://earther.gizmodo.com/new-report-lays-out-a-plan-to-suck-carbon-out-of-the-sk-1829964861,earther.gizmodo.com,20181024T170000Z,English,United States
BECCS,BECCS,How CO2 removal can help clean up the climate mess,https://www.vox.com/energy-and-environment/2018/10/24/18001538/climate-change-co2-removal-negative-emissions-cdr-carbon-dioxide,vox.com,20181024T141500Z,English,United States
BECCS,BECCS,"Gordon , Throne agree on energy , griz hunt",https://www.jhnewsandguide.com/news/election/wyoming_statewide_races/article_d0ced3d5-5b22-5187-97c2-c709b2b23b2c.html,jhnewsandguide.com,20181024T140000Z,English,United States
BECCS,BECCS,Carbon capture : What we dont talk about when we talk about climate change,https://www.salon.com/2018/10/20/carbon-capture-what-we-do-not-talk-about-when-we-talk-about-climate-change_partner/,salon.com,20181020T200000Z,English,United States
BECCS,BECCS,Bioenergy carbon capture : climate snake oil or the 1 . 5 - degree panacea ?,http://www.econotimes.com/Bioenergy-carbon-capture-climate-snake-oil-or-the-15-degree-panacea-1445928,econotimes.com,20181020T094500Z,English,United States
BECCS,BECCS,Twelve More Years To Do Nothing  | Peak Oil News and Message Boards,https://peakoil.com/enviroment/twelve-more-years-to-do-nothing/comment-page-1,peakoil.com,20181019T171500Z,English,United States
BECCS,BECCS,More And More Scientists Embrace Forests As Bulwark Against Climate Change,https://www.forest-trends.org/ecosystem_marketplace/more-and-more-scientists-embrace-forests-as-bulwark-against-climate-change/,forest-trends.org,20181019T123000Z,English,United States
BECCS,BECCS,The Hope at the Heart of the Apocalyptic Climate Change Report,https://foreignpolicy.com/2018/10/18/the-hope-at-the-heart-of-the-apocalyptic-climate-change-report/,foreignpolicy.com,20181018T190000Z,English,United States
BECCS,BECCS,IPCC Climate Change Report – the joy of BECCS ?,https://www.drybulkmagazine.com/dry-bulk/17102018/ipcc-climate-change-report-the-joy-of-beccs/,drybulkmagazine.com,20181017T111500Z,English,United States
BECCS,BECCS,"Bioenergy with CCS is promising technology , says IPCC report",https://www.worldcoal.com/coal/17102018/bioenergy-with-ccs-is-promising-technology-says-ipcc-report/,worldcoal.com,20181017T111500Z,English,United States
BECCS,BECCS,Why we cant reverse climate change with  negative emission technologies,https://www.timesunion.com/news/article/Why-we-can-t-reverse-climate-change-with-13311092.php,timesunion.com,20181016T163000Z,English,United States
BECCS,BECCS,Carbon Capture : What We Dont Talk About When We Talk About Climate Change,https://truthout.org/articles/carbon-capture-what-we-dont-talk-about-when-we-talk-about-climate-change/,truthout.org,20181016T151500Z,English,United States
BECCS,BECCS,Protecting nature the best way to keep planet cool : report,http://www.terradaily.com/reports/Protecting_nature_the_best_way_to_keep_planet_cool_report_999.html,terradaily.com,20181016T144500Z,English,United States
BECCS,BECCS,New interactive scenario explorer for 1 . 5 degrees C pathways,https://phys.org/news/2018-10-interactive-scenario-explorer-degrees-pathways.html,phys.org,20181016T120000Z,English,United States
BECCS,BECCS,Science : Climate change : 1 . 5 C is worth striving for – but is it feasible ? [ Report ],http://infosurhoy.com/cocoon/saii/xhtml/en_GB/science/science-climate-change-1-5-c-is-worth-striving-for-but-is-it-feasible-report/,infosurhoy.com,20181015T230000Z,English,United States
BECCS,BECCS,New interactive scenario explorer for 1 . 5°C pathways,https://yubanet.com/world/new-interactive-scenario-explorer-for-1-5c-pathways/,yubanet.com,20181015T200000Z,English,United States
BECCS,BECCS,New interactive scenario explorer for 1 . 5 degrees C pathways,https://www.eurekalert.org/pub_releases/2018-10/iifa-nis101518.php,eurekalert.org,20181015T174500Z,English,United States
BECCS,BECCS,New interactive scenario explorer for 1 . 5 degrees C pathways,https://www.sciencedaily.com/releases/2018/10/181015113552.htm,sciencedaily.com,20181015T163000Z,English,United States
BECCS,BECCS,Protecting nature the best way to keep planet cool : report,https://www.yahoo.com/news/protecting-nature-best-way-keep-planet-cool-report-085148012.html,yahoo.com,20181015T110000Z,English,United States
BECCS,BECCS,Protecting nature the best way to keep planet cool : Report,https://www.channelnewsasia.com/news/world/protecting-nature-the-best-way-to-keep-planet-cool-report-10828742,channelnewsasia.com,20181015T074500Z,English,United States
BECCS,BECCS,Protecting nature the best way to keep planet cool : report,http://www.spacedaily.com/afp/181015042036.a075i8k3.html,spacedaily.com,20181015T073000Z,English,United States
BECCS,BECCS,Protecting nature the best way to keep planet cool : report,https://phys.org/news/2018-10-nature-planet-cool.html,phys.org,20181015T073000Z,English,United States
BECCS,BECCS,Protecting nature the best way to keep planet cool : report,http://www.digitaljournal.com/news/world/protecting-nature-the-best-way-to-keep-planet-cool-report/article/534626,digitaljournal.com,20181015T071500Z,English,United States
BECCS,BECCS,Protecting nature the best way to keep planet cool : report,https://au.news.yahoo.com/protecting-nature-best-way-keep-planet-cool-report-061503103--spt.html,au.news.yahoo.com,20181015T064500Z,English,United States
BECCS,BECCS,It Time For The Adults To Take Charge 100 Corporations Responsible For 71 % Of Carbon Emissions,https://cleantechnica.com/2018/10/14/its-time-for-the-adults-to-take-charge-100-corporations-responsible-for-71-of-carbon-emissions/,cleantechnica.com,20181015T034500Z,English,United States
BECCS,BECCS,Twelve More Years To Do Nothing  | Peak Oil News and Message Boards,https://peakoil.com/enviroment/twelve-more-years-to-do-nothing,peakoil.com,20181014T150000Z,English,United States
BECCS,BECCS,Why we cant reverse climate change with  negative emission technologies,http://www.sunjournal.com/why-we-cant-reverse-climate-change-with-negative-emissions-technologies/,sunjournal.com,20181014T060000Z,English,United States
BECCS,BECCS,Science : Why we cant reverse climate change with  negative emission technologies [ Report ],http://infosurhoy.com/cocoon/saii/xhtml/en_GB/science/science-why-we-cant-reverse-climate-change-with-negative-emissions-technologies-report/,infosurhoy.com,20181013T093000Z,English,United States
BECCS,BECCS,Climate change : 1 . 5 C is worth striving for – but is it feasible ?,https://phys.org/news/2018-10-climate-worth-feasible.html,phys.org,20181012T130000Z,English,United States
BECCS,BECCS,"Capturing CO2 From Air : To Keep Global Warming Under 1 . 5°C , Emissions Must Go Negative , IPCC Says",https://insideclimatenews.org/news/12102018/global-warming-solutions-negative-emissions-carbon-capture-technology-ipcc-climate-change-report,insideclimatenews.org,20181012T094500Z,English,United States
BECCS,BECCS,Why we cant reverse climate change with  negative emission technologies,https://www.greenbiz.com/article/why-we-cant-reverse-climate-change-negative-emissions-technologies,greenbiz.com,20181012T083000Z,English,United States
BECCS,BECCS,Do We Really Have the Time and the Tools to Fix Climate Change ?,https://www.globalpossibilities.org/do-we-really-have-the-time-and-the-tools-to-fix-climate-change/,globalpossibilities.org,20181011T204500Z,English,United States
BECCS,BECCS,Do We Really Have the Time and the Tools to Fix Climate Change ?,https://truthout.org/articles/do-we-really-have-the-time-and-the-tools-to-fix-climate-change/,truthout.org,20181011T140000Z,English,United States
BECCS,BECCS,IPCC Report : CO2 Capture Is Necessary to Avoid Perilous Climate Change,https://www.seeker.com/climate/ipcc-report-co2-capture-is-necessary-to-avoid-perilous-climate-change,seeker.com,20181011T121500Z,English,United States
BECCS,BECCS,Our Choices Matter More Than Ever Before  To Limit Climate Change Global Issues,http://www.globalissues.org/news/2018/10/10/24572,globalissues.org,20181010T164500Z,English,United States
BECCS,BECCS,Drax Group CEO responds to IPCC and IEA reports on climate change and renewable energy,https://www.worldcoal.com/coal/10102018/drax-group-ceo-responds-to-ipcc-and-iea-reports-on-climate-change-and-renewable-energy/,worldcoal.com,20181010T120000Z,English,United States
BECCS,BECCS,IPCC Report Says We Have 12 Years to Stop Climate Change . Can Bioenergy With Carbon Capture Save Us ?,https://www.thedailybeast.com/ipcc-report-says-we-have-12-years-to-stop-climate-change-can-bioenergy-with-carbon-capture-save-us,thedailybeast.com,20181010T111500Z,English,United States
BECCS,BECCS,Our Choices Matter More Than Ever Before  To Limit Climate Change,http://www.ipsnews.net/2018/10/choices-matter-ever-limit-climate-change/,ipsnews.net,20181010T091500Z,English,United States
BECCS,BECCS,"Limiting warming to 1 . 5°C possible , will save 420m people",http://androidevo.com/2018/10/10/limiting-warming-to-1-5-c-possible-will-save-420m-people.html,androidevo.com,20181010T080000Z,English,United States
BECCS,BECCS,The Most Important Insights from the IPCC 1 . 5 °C Report,https://www.energycentral.com/c/ec/quick-take-ipcc-15-%C2%B0c-report,energycentral.com,20181010T030000Z,English,United States
BECCS,BECCS,"Time Is Running Out To Control Climate Change , U . N . Report Says",http://www.wwno.org/post/time-running-out-control-climate-change-un-report-says,wwno.org,20181010T014500Z,English,United States
BECCS,BECCS,"Time Is Running Out To Control Climate Change , U . N . Report Says",http://radio.wpsu.org/post/time-running-out-control-climate-change-un-report-says,radio.wpsu.org,20181010T011500Z,English,United States
BECCS,BECCS,United Nations IPCC Solutions Report On Climate Change Is More Science Fiction Than Science Fact,https://freedomoutpost.com/united-nations-ipcc-solutions-report-on-climate-change-is-more-science-fiction-than-science-fact/,freedomoutpost.com,20181010T000000Z,English,United States
BECCS,BECCS,"Time Is Running Out To Control Climate Change , U . N . Report Says . News",https://www.opb.org/news/article/npr-time-is-running-out-to-control-climate-change-un-report-says/,opb.org,20181009T210000Z,English,United States
BECCS,BECCS,A climate change report calls for urgent action,https://www.economist.com/graphic-detail/2018/10/09/a-climate-change-report-calls-for-urgent-action,economist.com,20181009T204500Z,English,United States
BECCS,BECCS,Scientists say halting deforestation  just as urgent  as reducing emissions –  Our planet future climate is inextricably tied to the future of its forests,http://www.desdemonadespair.net/2018/10/scientists-say-halting-deforestation.html,desdemonadespair.net,20181009T200000Z,English,United States
BECCS,BECCS,UN climate change report : 4 big takeaways,https://www.vox.com/2018/10/9/17951924/climate-change-global-warming-un-ipcc-report-takeaways,vox.com,20181009T171500Z,English,United States
BECCS,BECCS,"Time Is Running Out To Control Climate Change , U . N . Report Says",http://www.wbur.org/onpoint/2018/10/09/climate-change-un,wbur.org,20181009T150000Z,English,United States
BECCS,BECCS,Why we cant reverse climate change with  negative emission technologies,https://phys.org/news/2018-10-reverse-climate-negative-emissions-technologies.html,phys.org,20181009T133000Z,English,United States
BECCS,BECCS,"Yes , We Can Rise To The IPCC Target To Keep Global Warming Within 1 . 5°C ( 2 . 7°F )",https://www.science20.com/robert_walker/yes_we_can_rise_to_ipcc_target_to_keep_global_warming_within_15degc_27degf-234620,science20.com,20181009T133000Z,English,United States
BECCS,BECCS,Why we cant reverse climate change with  negative emission technologies,http://www.nydailynews.com/sns-why-we-cant-reverse-climate-change-with-negative-emissions-technologies-103504-20181009-story.html,nydailynews.com,20181009T130000Z,English,United States
BECCS,BECCS,New York and London mayors call on cities to divest from fossil fuels,https://www.weforum.org/agenda/2018/10/new-york-london-mayors-cities-divest-carbon-fossil-fuels/,weforum.org,20181009T124500Z,English,United States
BECCS,BECCS,Why we cant reverse climate change with  negative emission technologies,https://www.middletownpress.com/news/article/Why-we-can-t-reverse-climate-change-with-13292250.php,middletownpress.com,20181009T120000Z,English,United States
BECCS,BECCS,Why we cant reverse climate change with  negative emission technologies,https://www.registercitizen.com/news/article/Why-we-can-t-reverse-climate-change-with-13292250.php,registercitizen.com,20181009T120000Z,English,United States
BECCS,BECCS,Why we cant reverse climate change with  negative emission technologies,https://www.timesunion.com/news/article/Why-we-can-t-reverse-climate-change-with-13292250.php,timesunion.com,20181009T120000Z,English,United States
BECCS,BECCS,Why we cant reverse climate change with  negative emission technologies,https://www.expressnews.com/news/article/Why-we-can-t-reverse-climate-change-with-13292250.php,expressnews.com,20181009T120000Z,English,United States
BECCS,BECCS,Why we cant reverse climate change with  negative emission technologies,https://www.fairfieldcitizenonline.com/news/article/Why-we-can-t-reverse-climate-change-with-13292250.php,fairfieldcitizenonline.com,20181009T120000Z,English,United States
BECCS,BECCS,Why we cant reverse climate change with  negative emission technologies,https://www.ourmidland.com/news/article/Why-we-can-t-reverse-climate-change-with-13292250.php,ourmidland.com,20181009T120000Z,English,United States
BECCS,BECCS,Why we cant reverse climate change with  negative emission technologies,https://www.thetelegraph.com/news/article/Why-we-can-t-reverse-climate-change-with-13292250.php,thetelegraph.com,20181009T120000Z,English,United States
BECCS,BECCS,Why we cant reverse climate change with  negative emission technologies,https://www.westport-news.com/news/article/Why-we-can-t-reverse-climate-change-with-13292250.php,westport-news.com,20181009T120000Z,English,United States
BECCS,BECCS,Why we cant reverse climate change with  negative emission technologies,https://www.theintelligencer.com/news/article/Why-we-can-t-reverse-climate-change-with-13292250.php,theintelligencer.com,20181009T120000Z,English,United States
BECCS,BECCS,Why we cant reverse climate change with  negative emission technologies,https://wtop.com/national/2018/10/why-we-cant-reverse-climate-change-with-negative-emissions-technologies/,wtop.com,20181009T120000Z,English,United States
BECCS,BECCS,Why we cant reverse climate change with  negative emission technologies,https://www.greenwichtime.com/news/article/Why-we-can-t-reverse-climate-change-with-13292250.php,greenwichtime.com,20181009T120000Z,English,United States
BECCS,BECCS,Why we cant reverse climate change with  negative emission technologies,https://www.ctpost.com/news/article/Why-we-can-t-reverse-climate-change-with-13292250.php,ctpost.com,20181009T120000Z,English,United States
BECCS,BECCS,Why we cant reverse climate change with  negative emission technologies,https://www.thehour.com/news/article/Why-we-can-t-reverse-climate-change-with-13292250.php,thehour.com,20181009T120000Z,English,United States
BECCS,BECCS,Why we cant reverse climate change with  negative emission technologies,https://www.lmtonline.com/news/article/Why-we-can-t-reverse-climate-change-with-13292250.php,lmtonline.com,20181009T120000Z,English,United States
BECCS,BECCS,Why we cant reverse climate change with  negative emission technologies,https://www.sfchronicle.com/news/article/Why-we-can-t-reverse-climate-change-with-13292250.php,sfchronicle.com,20181009T120000Z,English,United States
BECCS,BECCS,Why we cant reverse climate change with  negative emission technologies,https://www.michigansthumb.com/news/article/Why-we-can-t-reverse-climate-change-with-13292250.php,michigansthumb.com,20181009T120000Z,English,United States
BECCS,BECCS,Why we cant reverse climate change with  negative emission technologies,https://www.seattlepi.com/news/article/Why-we-can-t-reverse-climate-change-with-13292250.php,seattlepi.com,20181009T120000Z,English,United States
BECCS,BECCS,Why we cant reverse climate change with  negative emission technologies,https://www.beaumontenterprise.com/news/article/Why-we-can-t-reverse-climate-change-with-13292250.php,beaumontenterprise.com,20181009T120000Z,English,United States
BECCS,BECCS,Why we cant reverse climate change with  negative emission technologies,https://www.houstonchronicle.com/news/article/Why-we-can-t-reverse-climate-change-with-13292250.php,houstonchronicle.com,20181009T120000Z,English,United States
BECCS,BECCS,Why we cant reverse climate change with  negative emission technologies,https://www.myplainview.com/news/article/Why-we-can-t-reverse-climate-change-with-13292250.php,myplainview.com,20181009T120000Z,English,United States
BECCS,BECCS,Why we cant reverse climate change with  negative emission technologies,https://www.mrt.com/news/article/Why-we-can-t-reverse-climate-change-with-13292250.php,mrt.com,20181009T120000Z,English,United States
BECCS,BECCS,Why we cant reverse climate change with  negative emission technologies,https://www.myjournalcourier.com/news/article/Why-we-can-t-reverse-climate-change-with-13292250.php,myjournalcourier.com,20181009T120000Z,English,United States
BECCS,BECCS,Why we cant reverse climate change with  negative emission technologies,https://www.mysanantonio.com/news/article/Why-we-can-t-reverse-climate-change-with-13292250.php,mysanantonio.com,20181009T120000Z,English,United States
BECCS,BECCS,Why we cant reverse climate change with  negative emission technologies,https://www.sfgate.com/news/article/Why-we-can-t-reverse-climate-change-with-13292250.php,sfgate.com,20181009T120000Z,English,United States
BECCS,BECCS,Why we cant reverse climate change with  negative emission technologies,https://www.newstimes.com/news/article/Why-we-can-t-reverse-climate-change-with-13292250.php,newstimes.com,20181009T120000Z,English,United States
BECCS,BECCS,Why we cant reverse climate change with  negative emission technologies,https://www.nhregister.com/news/article/Why-we-can-t-reverse-climate-change-with-13292250.php,nhregister.com,20181009T120000Z,English,United States
BECCS,BECCS,Why we cant reverse climate change with  negative emission technologies,https://www.chron.com/news/article/Why-we-can-t-reverse-climate-change-with-13292250.php,chron.com,20181009T113000Z,English,United States
BECCS,BECCS,"Yes , We Can Rise To The IPCC Target To Keep Global Warming Within 1 . 5°C ( 2 . 7°F )",https://www.science20.com/robert_walker/yes_we_can_rise_to_ipcc_target_and_keep_global_warming_within_15degc_27degf-234620,science20.com,20181009T090000Z,English,United States
BECCS,BECCS,"Yes , We Can Rise To The IPCC Target To Keep Global Warming Within 1 . 5°C ( 2 . 7°F )",https://www.science20.com/robert_walker/yes_we_can_rise_to_the_ipcc_target_to_keep_global_warming_within_15degc_27degf-234620,science20.com,20181009T080000Z,English,United States
BECCS,BECCS,"Yes , We Can Rise To IPCC Target And Keep Global Warming Within 1 . 5°C ( 2 . 7°F )",https://www.science20.com/robert_walker/yes_we_can_rise_to_the_ipcc_challenge_to_stay_within_15degc_27degf_of_global_warming-234620,science20.com,20181009T071500Z,English,United States
BECCS,BECCS,We can limit global warming to 1 . 5 degrees with nature help | Human Nature - Conservation International Blog,https://blog.conservation.org/2018/10/we-can-limit-global-warming-to-1-5-degrees-with-natures-help/,blog.conservation.org,20181009T031500Z,English,United States
BECCS,BECCS,"IPCC : To Say Within 1 . 5°C ( 2 . 7°F ). Rapid Emission Cuts By 2040 , Or Burn Vast Quantities Of Biofuel And Store CO2",https://www.science20.com/robert_walker/ipcc_to_say_within_15degc_27degf_rapid_emission_cuts_by_2040_or_burn_vast_quantities_of_biofuel_and_store_co2,science20.com,20181009T031500Z,English,United States
BECCS,BECCS,"IPCC Report Recommends Target Of 1 . 5°C Not 2°C - Rapid Emission Cuts Before 2040 , Or Forests For Fuel And Storing CO2 After 2040",https://www.science20.com/robert_walker/ipcc_report_recommends_target_of_15degc_not_2degc_rapid_emission_cuts_before_2040_or_forests_for_fuel_and_storing,science20.com,20181009T023000Z,English,United States
BECCS,BECCS,Real ambition on global warming : what it would look like,https://www.vox.com/energy-and-environment/2018/5/7/17306008/climate-change-global-warming-scenarios-ambition,vox.com,20181008T194500Z,English,United States
BECCS,BECCS,Climate Economist Nordhaus Wins Nobel As Scientific Body Issues Urgent Call To Action,https://www.forest-trends.org/ecosystem_marketplace/climate-economist-nordhaus-wins-nobel-as-scientific-body-issues-call-for-desperate-action/,forest-trends.org,20181008T174500Z,English,United States
BECCS,BECCS,UN warns paradigm shift needed to avert global climate chaos,http://www.terradaily.com/reports/UN_warns_paradigm_shift_needed_to_avert_global_climate_chaos_999.html,terradaily.com,20181008T134500Z,English,United States
BECCS,BECCS,Avoiding climate chaos means  unprecedented  change : UN report,http://www.terradaily.com/reports/Avoiding_climate_chaos_means_unprecedented_change_UN_report_999.html,terradaily.com,20181008T134500Z,English,United States
BECCS,BECCS,Crisis management : Seven ways to engineer climate,http://www.terradaily.com/reports/Crisis_management_Seven_ways_to_engineer_climate_999.html,terradaily.com,20181008T134500Z,English,United States
BECCS,BECCS,Crisis management : Seven ways to engineer climate,http://www.spacedaily.com/reports/Crisis_management_Seven_ways_to_engineer_climate_999.html,spacedaily.com,20181008T130000Z,English,United States
BECCS,BECCS,Crisis management : Seven ways to engineer climate,https://phys.org/news/2018-10-crisis-ways-climate.html,phys.org,20181008T074500Z,English,United States
BECCS,BECCS,Can negative emissions really save the world ?,https://unearthed.greenpeace.org/2018/10/08/ipcc-climate-change-carbon-capture/,unearthed.greenpeace.org,20181008T070000Z,English,United States
BECCS,BECCS,The ultimate guide to negative - emissions technologies Quartz,https://qz.com/1416481/the-ultimate-guide-to-negative-emission-technologies/,qz.com,20181008T063000Z,English,United States
BECCS,BECCS,The ultimate guide to negative - emission technologies,https://www.msn.com/en-us/weather/topstories/the-ultimate-guide-to-negative-emission-technologies/ar-BBO5zuE,msn.com,20181008T061500Z,English,United States
BECCS,BECCS,"IPCC Report Says 1 . 5C Climate Target is Reachable , But Only With Rapid Fossil Fuel Phase Out",https://www.desmogblog.com/2018/10/07/ipcc-report-says-1-5c-climate-target-reachable-only-rapid-fossil-fuel-phase-out,desmogblog.com,20181008T060000Z,English,United States
BECCS,BECCS,Crisis management : Seven ways to engineer climate,https://www.yahoo.com/news/crisis-management-seven-ways-engineer-climate-042652680.html,yahoo.com,20181008T054500Z,English,United States
BECCS,BECCS,"According to New IPCC Report , the World Is on Track to Exceed its  Carbon Budget  in 12 Years",https://www.wri.org/blog/2018/10/according-new-ipcc-report-world-track-exceed-its-carbon-budget-12-years,wri.org,20181008T050000Z,English,United States
BECCS,BECCS,Crisis management : Seven ways to engineer climate,http://www.spacedaily.com/afp/181008011116.zzb825vg.html,spacedaily.com,20181008T034500Z,English,United States
BECCS,BECCS,"The world has barely 10 years to get climate change under control , U . N . scientists say",https://gazette.com/news/the-world-has-barely-years-to-get-climate-change-under/article_f3e02730-ca9c-11e8-be2e-efbce5aae921.html,gazette.com,20181008T030000Z,English,United States
BECCS,BECCS,"The world has barely 10 years to get climate change under control , U . N . scientists say",https://www.washingtonpost.com/energy-environment/2018/10/08/world-has-only-years-get-climate-change-under-control-un-scientists-say/,washingtonpost.com,20181008T013000Z,English,United States
BECCS,BECCS,Global warming : What so significant about 1 . 5C ?,https://uk.news.yahoo.com/global-warming-significant-1-5c-014554744.html,uk.news.yahoo.com,20181007T190000Z,English,United States
BECCS,BECCS,Global warming : What so significant about 1 . 5C ?,https://uk.news.yahoo.com/global-warming-significant-1-5c-095127107.html,uk.news.yahoo.com,20181007T090000Z,English,United States
BECCS,BECCS,Scientist urge international body to protect and regrow forests as a real climate issue,https://www.nationofchange.org/2018/10/06/scientists-urge-international-body-to-protect-and-regrow-forests-as-a-real-climate-issue/,nationofchange.org,20181006T210000Z,English,United States
BECCS,BECCS,Avoiding climate chaos means  unprecedented  change : UN report,https://www.rawstory.com/2018/10/avoiding-climate-chaos-means-unprecedented-change-un-report/,rawstory.com,20181006T143000Z,English,United States
BECCS,BECCS,Scientists champion forests as  unsung hero  of climate action,https://in.reuters.com/article/global-climatechange-forests/scientists-champion-forests-as-unsung-hero-of-climate-action-idINL8N1WL2VR,in.reuters.com,20181006T083000Z,English,United States
BECCS,BECCS,Avoiding climate chaos means  unprecedented  change : UN report,https://sg.news.yahoo.com/avoiding-climate-chaos-means-unprecedented-change-un-report-233116347.html,sg.news.yahoo.com,20181006T080000Z,English,United States
BECCS,BECCS,Avoiding climate chaos means  unprecedented  change : UN report,https://phys.org/news/2018-10-climate-chaos-unprecedented.html,phys.org,20181006T063000Z,English,United States
BECCS,BECCS,Scientists champion forests as  unsung hero  of climate action,https://uk.reuters.com/article/global-climatechange-forests/scientists-champion-forests-as-unsung-hero-of-climate-action-idUKL8N1WL2VR,uk.reuters.com,20181006T043000Z,English,United States
BECCS,BECCS,Avoiding climate chaos means  unprecedented  change : UN report,https://www.yahoo.com/news/avoiding-climate-chaos-means-unprecedented-change-un-report-233116323.html,yahoo.com,20181006T004500Z,English,United States
BECCS,BECCS,Avoiding climate chaos means  unprecedented  change : UN report,https://www.afp.com/en/news/2265/avoiding-climate-chaos-means-unprecedented-change-un-report-doc-19t3081,afp.com,20181006T004500Z,English,United States
BECCS,BECCS,Avoiding climate chaos means  unprecedented  change : UN report,http://www.digitaljournal.com/news/world/avoiding-climate-chaos-means-unprecedented-change-un-report/article/533880,digitaljournal.com,20181006T001500Z,English,United States
BECCS,BECCS,Avoiding climate chaos means  unprecedented  change : UN report,http://www.spacedaily.com/afp/181005214631.oxv37k37.html,spacedaily.com,20181006T000000Z,English,United States
BECCS,BECCS,Avoiding climate chaos means  unprecedented  change : UN report,https://www.channelnewsasia.com/news/world/avoiding-climate-chaos-means-unprecedented-change-un-report-10797470,channelnewsasia.com,20181005T230000Z,English,United States
BECCS,BECCS,Scientists champion forests as  unsung hero  of climate action,https://www.reuters.com/article/us-global-climatechange-forests/scientists-champion-forests-as-unsung-hero-of-climate-action-idUSKCN1MF1X4,reuters.com,20181005T230000Z,English,United States
BECCS,BECCS,Scientists champion forests as  unsung hero  of climate ...,http://news.trust.org/item/20181005141311-plm2o/,news.trust.org,20181005T174500Z,English,United States
BECCS,BECCS,Seven Things You Should Know About the IPCC 1 . 5°C Special Report and its Policy Implications,https://blog.ucsusa.org/rachel-cleetus/seven-things-ipcc2018,blog.ucsusa.org,20181005T174500Z,English,United States
BECCS,BECCS,Scientists champion forests as  unsung hero  of climate action | Agricultural Commodities,https://af.reuters.com/article/commoditiesNews/idAFL8N1WL2VR,af.reuters.com,20181005T174500Z,English,United States
BECCS,BECCS,Scientists champion forests as  unsung hero  of climate ...,http://news.trust.org/item/20181005141311-plm2o,news.trust.org,20181005T150000Z,English,United States
BECCS,BECCS,wildsingapore news : Scientists say halting deforestation  just as urgent  as reducing emissions,http://wildsingaporenews.blogspot.com/2018/10/scientists-say-halting-deforestation.html,wildsingaporenews.blogspot.com,20181005T030000Z,English,United States
BECCS,BECCS,Trump Admin . Officials Point Out  Major Problem  with UN Upcoming Climate Report,https://www.westernjournal.com/trump-officials-say-major-problem-uns-upcoming-climate-report/,westernjournal.com,20181004T053000Z,English,United States
BECCS,BECCS,"Trump Officials Say There  A Major Problem  With The UN Upcoming Climate Report , Leaked Comments Show",http://dailycaller.com/2018/10/03/trump-officials-un-climate-report/,dailycaller.com,20181003T171500Z,English,United States
BECCS,BECCS,"Trump Officials Say There  A Major Problem  With The UN Upcoming Climate Report , Leaked Comments Show",https://dailycaller.com/2018/10/03/trump-officials-un-climate-report/,dailycaller.com,20181003T163000Z,English,United States
BECCS,BECCS,Science : Can eradicating carbon from the environment save us from local weather disaster ? [ Report ],http://infosurhoy.com/cocoon/saii/xhtml/en_GB/science/science-can-eradicating-carbon-from-the-environment-save-us-from-local-weather-disaster-report/,infosurhoy.com,20181130T130000Z,English,United States
BECCS,BECCS,Betting on BECCS : Will Bio - Energy with Carbon Capture and Storage Help the Climate ?,https://www.nakedcapitalism.com/2018/11/betting-beccs-will-bio-energy-carbon-capture-storage-help-climate.html,nakedcapitalism.com,20181129T204500Z,English,United States
BECCS,BECCS,2 : 00PM Water Cooler 11 / 29 / 2018 | naked capitalism,https://www.nakedcapitalism.com/2018/11/200pm-water-cooler-11-29-2018.html,nakedcapitalism.com,20181129T204500Z,English,United States
BECCS,BECCS,UN Climate Change Panel IPCC SR15 Report Promotes Crimes Against …,http://virtual-strategy.com/2018/11/29/un-climate-change-panel-ipcc-sr15-report-promotes-crimes-against/,virtual-strategy.com,20181129T120000Z,English,United States
BECCS,BECCS,UN Climate Change Panel IPCC SR15 Report Promotes Crimes Against Humanity says Friends of Science Calling for its Retraction in an Open Letter,https://www.prweb.com/releases/un_climate_change_panel_ipcc_sr15_report_promotes_crimes_against_humanity_says_friends_of_science_calling_for_its_retraction_in_an_open_letter/prweb15956013.htm,prweb.com,20181129T104500Z,English,United States
BECCS,BECCS,UN Climate Change Panel IPCC SR15 Report Promotes Crimes Against Humanity says Friends of Science Calling for its Retraction in an Open Letter,https://www.ssuchronicle.com/2018/11/29/un-climate-change-panel-ipcc-sr15-report-promotes-crimes-against-humanity-says-friends-of-science-calling-for-its-retraction-in-an-open-letter/,ssuchronicle.com,20181129T091500Z,English,United States
BECCS,BECCS,UN Climate Change Panel IPCC SR15 Report Promotes Crimes Against Humanity says Friends of Science Calling for its Retraction in an Open Letter,https://www.benzinga.com/pressreleases/18/11/p12769890/un-climate-change-panel-ipcc-sr15-report-promotes-crimes-against-human,benzinga.com,20181129T090000Z,English,United States
BECCS,BECCS,Biomass united kingdom calls CCUS action plan  a strong step forward,http://www.biomassmagazine.com/articles/15786/biomass-uk-calls-ccus-action-plan-undefineda-strong-step-forwardundefined,biomassmagazine.com,20181128T234500Z,English,United States
BECCS,BECCS,Biomass united kingdom calls CCUS action plan  a strong step forward,http://biomassmagazine.com/articles/15786/biomass-uk-calls-ccus-action-plan-undefineda-strong-step-forwardundefined,biomassmagazine.com,20181128T231500Z,English,United States
BECCS,BECCS,2 : 00PM Water Cooler 11 / 28 / 2018 | naked capitalism,https://www.nakedcapitalism.com/2018/11/200pm-water-cooler-11-28-2018.html,nakedcapitalism.com,20181128T211500Z,English,United States
BECCS,BECCS,Can removing carbon from the atmosphere save us from climate catastrophe ?,https://phys.org/news/2018-11-carbon-atmosphere-climate-catastrophe.html,phys.org,20181127T174500Z,English,United States
BECCS,BECCS,Europe first bioenergy carbon capture and storage pilot now underway | News,https://www.gasworld.com/europes-first-bioenergy-carbon-capture-and-storage-pilot-now-underway/2015992.article,gasworld.com,20181127T141500Z,English,United States
BECCS,BECCS,Europe first bioenergy carbon capture and storage pilot underway at Drax Power Station,https://www.worldcoal.com/power/27112018/europes-first-bioenergy-carbon-capture-and-storage-pilot-underway-at-drax-power-station/,worldcoal.com,20181127T110000Z,English,United States
BECCS,BECCS,"Drax : Bioenergy carbon capture , storage pilot now underway",http://biomassmagazine.com/articles/15780/drax-bioenergy-carbon-capture-storage-pilot-now-underway,biomassmagazine.com,20181127T071500Z,English,United States
BECCS,BECCS,"Drax : Bioenergy carbon capture , storage pilot now underway",http://www.biomassmagazine.com/articles/15780/drax-bioenergy-carbon-capture-storage-pilot-now-underway,biomassmagazine.com,20181126T231500Z,English,United States
BECCS,BECCS,"Biomass - World ? s first CO2 negative fuel to be presented at the UN Climate Summit - Renewable Energy Magazine , at the heart of clean energy journalism",https://www.renewableenergymagazine.com/biomass/worlda-s-first-co2-negative-fuel-to-20181126,renewableenergymagazine.com,20181126T121500Z,English,United States
BECCS,BECCS,"Fundamental  agriculture reforms needed for United Kingdom to reach carbon neutrality , says CCC",http://cutenailsdesigns.net/2018/11/17/fundamental-agriculture-reforms-needed-for-united-kingdom.html,cutenailsdesigns.net,20181117T123000Z,English,United States
BECCS,BECCS,Fundamental reform  of United Kingdom land needed to combat climate change,http://infoplasticsurgeryworld.com/2018/11/fundamental-reform-of-united-kingdom-land-needed-to-combat/,infoplasticsurgeryworld.com,20181117T074500Z,English,United States
BECCS,BECCS,"Countryside must change to prepare for climate change , experts warn",http://alongtheboards.com/2018/11/17/countryside-must-change-to-prepare-for-climate-change.html,alongtheboards.com,20181117T070000Z,English,United States
BECCS,BECCS,Inside Geoengineer Risky Plan To Block Out the Sun,http://inthesetimes.com/features/geoengineering-climate-change-fossil-fuel-industry-srm-indigenous-activism.html,inthesetimes.com,20181115T150000Z,English,United States
BECCS,BECCS,Climate Solutions : Is It Possible to Remove Enough CO2 from the Air ?,https://e360.yale.edu/features/negative-emissions-is-it-feasible-to-remove-co2-from-the-air,e360.yale.edu,20181115T121500Z,English,United States
BECCS,BECCS,"Location , location , location : How to manage valuable landscapes for carbon sequestration",https://www.greenbiz.com/article/location-location-location-how-manage-valuable-landscapes-carbon-sequestration,greenbiz.com,20181115T111500Z,English,United States
BECCS,BECCS,"Burning to solve climate change : The BECCS paradox | A Green Living Blog - Go Green , Green Home , Green Energy",http://agreenliving.org/burning-to-solve-climate-change-the-beccs-paradox/,agreenliving.org,20181114T151500Z,English,United States
BECCS,BECCS,Burning to solve climate change : The BECCS paradox,https://www.greenbiz.com/article/burning-solve-climate-change-beccs-paradox,greenbiz.com,20181114T101500Z,English,United States
BECCS,BECCS,Researchers Develop Novel Technique of Electro Geochemistry to Capture Carbon Dioxide,http://www.coherentnews.com/researchers-develop-novel-technique-of-electro-geochemistry-to-capture-carbon-dioxide/,coherentnews.com,20181113T053000Z,English,United States
BECCS,BECCS,"Forest Digest : November 11 , 2018",https://www.environmentguru.com/pages/elements/element.aspx?id=8607810,environmentguru.com,20181112T040000Z,English,United States
BECCS,BECCS,Reducing U . S . Coal Emissions Through Biomass and Carbon Capture Would Boost Employment,https://www.manufacturing.net/news/2018/11/reducing-us-coal-emissions-through-biomass-and-carbon-capture-would-boost-employment,manufacturing.net,20181109T193000Z,English,United States
BECCS,BECCS,Can this carbon capture technology save us from climate change ?,https://edition.cnn.com/2018/11/09/health/bioenergy-carbon-capture-climate/,edition.cnn.com,20181109T193000Z,English,United States
BECCS,BECCS,Re - Imagining Energy : Catching Carbon | Penn State University,https://news.psu.edu/story/546160/2018/11/09/research/re-imagining-energy-catching-carbon,news.psu.edu,20181109T151500Z,English,United States
BECCS,BECCS,Can this carbon capture technology save us from climate change ?,https://www.cnn.com/2018/11/09/health/bioenergy-carbon-capture-climate/,cnn.com,20181109T124500Z,English,United States
BECCS,BECCS,Why Forests are the Best  Technology  to Fight Climate Change – The Greanville Post,https://www.greanvillepost.com/2018/11/08/why-forests-are-the-best-technology-to-fight-climate-change/,greanvillepost.com,20181108T224500Z,English,United States
BECCS,BECCS,We Must Remove Carbon from the Atmosphere to Limit Climate Change : Here How We Can Do It,https://www.newsweek.com/we-must-remove-carbon-atmosphere-limit-climate-change-1206971,newsweek.com,20181108T153000Z,English,United States
BECCS,BECCS,Why Forests are the Best  Technology  to Fight Climate Change,https://www.counterpunch.org/2018/11/08/why-forests-are-the-best-technology-to-fight-climate-change/,counterpunch.org,20181108T091500Z,English,United States
BECCS,BECCS,Climate Economist Nordhaus Wins Nobel As Scientific Body Calls For Price On Carbon,http://www.ecosystemmarketplace.com/articles/climate-economist-nordhaus-wins-nobel-as-scientific-body-calls-for-price-on-carbon/,ecosystemmarketplace.com,20181108T080000Z,English,United States
BECCS,BECCS,"Lowering coal emissions within the US would increase employment , declare specialists",http://infosurhoy.com/cocoon/saii/xhtml/en_GB/health/lowering-coal-emissions-within-the-us-would-increase-employment-declare-specialists/,infosurhoy.com,20181106T204500Z,English,United States
BECCS,BECCS,Why forests are the best  technology  to stop climate change,https://www.aljazeera.com/indepth/opinion/forests-technology-stop-climate-change-181105081303837.html,aljazeera.com,20181106T134500Z,English,United States
BECCS,BECCS,"Biomass - ETI recommends an increase in united kingdom biomass production - Renewable Energy Magazine , at the heart of clean energy journalism",https://www.renewableenergymagazine.com/biomass/seacat-sees-surging-demand-for-ctv-services-20181105-1,renewableenergymagazine.com,20181105T143000Z,English,United States
BECCS,BECCS,"Scientists List Four Ways to Capture Carbon , Limit Rising Temperatures",https://learningenglish.voanews.com/a/scientists-list-four-ways-to-capture-carbon-limit-rising-temperatures/4629244.html,learningenglish.voanews.com,20181103T223000Z,English,United States
BECCS,BECCS,Science : Decreasing US coal emissions by biomass and carbon seize would increase employment [ Report ],https://infosurhoy.com/cocoon/saii/xhtml/en_GB/science/science-decreasing-us-coal-emissions-by-biomass-and-carbon-seize-would-increase-employment-report/,infosurhoy.com,20181103T173000Z,English,United States
BECCS,BECCS,Science : Decreasing US coal emissions by biomass and carbon seize would increase employment [ Report ],http://infosurhoy.com/cocoon/saii/xhtml/en_GB/science/science-decreasing-us-coal-emissions-by-biomass-and-carbon-seize-would-increase-employment-report/,infosurhoy.com,20181103T173000Z,English,United States
BECCS,BECCS,2 : 00PM Water Cooler 11 / 2 / 2018 | naked capitalism,https://www.nakedcapitalism.com/2018/11/200pm-water-cooler-11-2-2018.html,nakedcapitalism.com,20181102T200000Z,English,United States
BECCS,BECCS,Reducing US coal emissions through biomass and carbon capture would boost employment,https://eurekalert.org/pub_releases/2018-11/cp-ruc102518.php,eurekalert.org,20181101T211500Z,English,United States
BECCS,BECCS,Reducing US coal emissions through biomass and carbon capture would boost employment,https://www.sciencedaily.com/releases/2018/11/181101133934.htm,sciencedaily.com,20181101T184500Z,English,United States
BECCS,BECCS,Reducing US coal emissions through biomass and carbon capture would boost employment,http://humanitariannews.org/20181101/reducing-us-coal-emissions-through-biomass-carbon-capture-would-boost-employment,humanitariannews.org,20181101T160000Z,English,United States
BECCS,BECCS,Studies show green energy would create more jobs than coal • Earth . com,https://www.earth.com/news/green-energy-create-jobs-coal/,earth.com,20181101T154500Z,English,United States
BECCS,BECCS,Reducing US coal emissions through biomass and carbon capture would boost employment,https://www.eurekalert.org/pub_releases/2018-11/cp-ruc102518.php,eurekalert.org,20181101T153000Z,English,United States
BECCS,BECCS,Reducing US coal emissions through biomass and carbon capture would boost employment,https://phys.org/news/2018-11-coal-emissions-biomass-carbon-capture.html,phys.org,20181101T153000Z,English,United States
BECCS,BECCS,Former UC Berkeley student Beccs Lee dies of brain cancer at 20,http://www.dailycal.org/2018/10/31/courage-and-determination-former-uc-berkeley-student-beccs-lee-dies-of-brain-cancer-at-20/,dailycal.org,20181101T053000Z,English,United States
BECCS,BECCS,Scientists say halting deforestation  just as urgent  as reducing emissions –  Our planet future climate is inextricably tied to the future of its forests,https://www.desdemonadespair.net/2018/10/scientists-say-halting-deforestation.html,desdemonadespair.net,20181231T234500Z,English,United States
BECCS,BECCS,New report examines key steps in removing carbon dioxide from air,https://phys.org/news/2018-12-key-carbon-dioxide-air.html,phys.org,20181221T144500Z,English,United States
BECCS,BECCS,New Report Examines Key Steps Forward in Removing Carbon Dioxide from Air,https://blogs.ei.columbia.edu/2018/12/20/new-report-removing-carbon-dioxide/,blogs.ei.columbia.edu,20181220T193000Z,English,United States
BECCS,BECCS,Explainer : Why some US Democrats want a  Green New Deal  to tackle climate change,https://skepticalscience.com/why-dems-want-green-new-deal.html,skepticalscience.com,20181217T191500Z,English,United States
BECCS,BECCS,"BECCS it , says the CCC | Infosurhoy",http://infosurhoy.com/cocoon/saii/xhtml/en_GB/top-stories/beccs-it-says-the-ccc/,infosurhoy.com,20181213T080000Z,English,United States
BECCS,BECCS,Denmark leads the way,https://www.gasworld.com/denmark-leads-the-way-/2016068.article,gasworld.com,20181206T164500Z,English,United States
BECCS,BECCS,Climate Gut Check,http://bostonreview.net/science-nature/troy-vettese-climate-gut-check,bostonreview.net,20181206T064500Z,English,United States
BECCS,BECCS,Comment : Why BECCS Will Be Critical to Deliver an Affordable Energy System Transition in the united kingdom – Advanced BioFuels united states,https://advancedbiofuelsusa.info/comment-why-beccs-will-be-critical-to-deliver-an-affordable-energy-system-transition-in-the-uk/,advancedbiofuelsusa.info,20181206T003000Z,English,United States
BECCS,BECCS,UK among top countries leading global energy revolution,https://www.worldcoal.com/power/05122018/uk-among-top-countries-leading-global-energy-revolution/,worldcoal.com,20181205T111500Z,English,United States
BECCS,BECCS,Environmental News For The Week Ending 02December 2018,http://econintersect.com/pages/contributors/contributor.php?post=201812042339,econintersect.com,20181205T063000Z,English,United States
BECCS,BECCS,Why Al Gore Still Thinks We Can Stop Climate Change,http://nymag.com/intelligencer/2018/12/why-al-gore-still-thinks-we-can-stop-climate-change.html,nymag.com,20181203T221500Z,English,United States
BECCS,BECCS,"Monthly Review | February 2019 ( Volume 70 , Number 9 )",https://monthlyreview.org/2019/02/01/mr-070-09-2019-02_0/,monthlyreview.org,20190201T234500Z,English,United States
BECCS,BECCS,"100 % Renewables , Land Restoration Can Meet 1 . 5°C Target Without  Unproven  Geoengineering Techniques",https://www.energycentral.com/c/ec/100-renewables-land-restoration-can-meet-15%C2%B0c-target-without-%E2%80%98unproven%E2%80%99,energycentral.com,20190129T003000Z,English,United States
BECCS,BECCS,A swansong from the Power Applied sciences Institute,http://infosurhoy.com/cocoon/saii/xhtml/en_GB/top-stories/a-swansong-from-the-power-applied-sciences-institute/,infosurhoy.com,20190113T054500Z,English,United States
BECCS,BECCS,A swansong from the Energy Technologies Institute – Brinkwire,http://en.brinkwire.com/science/a-swansong-from-the-energy-technologies-institute/,en.brinkwire.com,20190110T061500Z,English,United States
BECCS,BECCS,"Drax releases 2018 results , discusses plans to reduce pellet cost",http://biomassmagazine.com/articles/15979/drax-releases-2018-results-discusses-plans-to-reduce-pellet-cost/,biomassmagazine.com,20190227T090000Z,English,United States
BECCS,BECCS,"Drax releases 2018 results , discusses plans to reduce pellet cost",http://www.biomassmagazine.com/articles/15979/drax-releases-2018-results-discusses-plans-to-reduce-pellet-cost,biomassmagazine.com,20190227T024500Z,English,United States
BECCS,BECCS,"Drax releases 2018 results , discusses plans to reduce pellet cost",http://biomassmagazine.com/articles/15979/drax-releases-2018-results-discusses-plans-to-reduce-pellet-cost,biomassmagazine.com,20190227T023000Z,English,United States
BECCS,BECCS,"Drax releases 2018 results , discusses plans reduce pellet costs",http://www.biomassmagazine.com/articles/15979/drax-releases-2018-results-discusses-plans-reduce-pellet-costs,biomassmagazine.com,20190227T004500Z,English,United States
BECCS,BECCS,"Drax releases 2018 results , discusses plans reduce pellet costs",http://biomassmagazine.com/articles/15979/drax-releases-2018-results-discusses-plans-reduce-pellet-costs/,biomassmagazine.com,20190227T004500Z,English,United States
BECCS,BECCS,Why CO2 removal technologies are becoming more necessary • Earth . com,https://www.earth.com/news/co2-removal-technologies-necessary/,earth.com,20190220T203000Z,English,United States
BECCS,BECCS,Technologies for removing CO2 will need to be integrated into climate policy in 2019,https://www.sciencetimes.com/articles/18241/20190220/technologies-removing-co2-will-need-integrated-climate-policy-2019.htm,sciencetimes.com,20190220T193000Z,English,United States
BECCS,BECCS,Carbon Dioxide Now Being Captured in First of Its Kind BECCS Pilot – Advanced BioFuels united states,https://advancedbiofuelsusa.info/carbon-dioxide-now-being-captured-in-first-of-its-kind-beccs-pilot/,advancedbiofuelsusa.info,20190219T211500Z,English,United States
BECCS,BECCS,co – Advanced BioFuels united states,https://advancedbiofuelsusa.info/tag/co/,advancedbiofuelsusa.info,20190219T211500Z,English,United States
BECCS,BECCS,Technologies for removing CO2 will need to be integrated into climate policy in 2019,https://phys.org/wire-news/312037664/technologies-for-removing-co2-will-need-to-be-integrated-into-cl.html,phys.org,20190219T210000Z,English,United States
BECCS,BECCS,Technologies for removing CO2 will need to be integrated into climate policy in 2019,https://www.eurekalert.org/pub_releases/2019-02/easa-tfr021419.php,eurekalert.org,20190219T173000Z,English,United States
BECCS,BECCS,Drax BECCS pilot captures one ton of CO2 a day : Biofuels Digest,http://www.biofuelsdigest.com/bdigest/2019/02/18/drax-beccs-pilot-captures-one-ton-of-co2-a-day/,biofuelsdigest.com,20190219T040000Z,English,United States
BECCS,BECCS,Drax could help keep the fizz in the drinks sector,https://www.gasworld.com/drax-could-help-keep-the-fizz-in-the-drinks-sector/2016653.article,gasworld.com,20190218T130000Z,English,United States
BECCS,BECCS,Science : Carbon seize on energy stations burning woodchips isnt the inexperienced gamechanger many suppose it [ Report ],http://infosurhoy.com/cocoon/saii/xhtml/en_GB/science/science-carbon-seize-on-energy-stations-burning-woodchips-isnt-the-inexperienced-gamechanger-many-suppose-its-report/,infosurhoy.com,20190216T021500Z,English,United States
BECCS,BECCS,Carbon capture on power stations burning woodchips is not the green gamechanger many think it is,https://phys.org/news/2019-02-carbon-capture-power-stations-woodchips.html,phys.org,20190215T153000Z,English,United States
BECCS,BECCS,The Tiny Swiss Company That Thinks It Can Help Stop Climate Change,https://www.msn.com/en-gb/finance/other/the-tiny-swiss-company-that-thinks-it-can-help-stop-climate-change/ar-BBTC6LL,msn.com,20190215T033000Z,English,United States
BECCS,BECCS,"Biomass - Carbon Dioxide Being Captured in Innovative BECCS Pilot - Renewable Energy Magazine , at the heart of clean energy journalism",https://www.renewableenergymagazine.com/biomass/carbon-dioxide-being-captured-in-innovative-beccs-20190214,renewableenergymagazine.com,20190214T164500Z,English,United States
BECCS,BECCS,"Energy transition : Carbon capture is clean energy , too",https://www.utilitydive.com/news/energy-transition-carbon-capture-is-clean-energy-too/548401/,utilitydive.com,20190214T154500Z,English,United States
BECCS,BECCS,Perceptions of bioenergy with carbon capture and storage in different policy scenarios,https://www.nature.com/articles/s41467-019-08592-5,nature.com,20190214T103000Z,English,United States
BECCS,BECCS,The Tiny Swiss Company That Thinks It Can Help Stop Climate Change,http://www.msn.com/en-gb/news/world/the-tiny-swiss-company-that-thinks-it-can-help-stop-climate-change/ar-BBTz9yV,msn.com,20190214T064500Z,English,United States
BECCS,BECCS,New Report Warns Geoengineering the Climate Is a  Risky Distraction,https://www.desmogblog.com/2019/02/13/ciel-report-fossil-fuels-geoengineering-climate-risky-distraction,desmogblog.com,20190214T031500Z,English,United States
BECCS,BECCS,The Tiny Swiss Company That Thinks It Can Help Stop Climate Change,http://www.msn.com/en-us/money/smallbusiness/the-tiny-swiss-company-that-thinks-it-can-help-stop-climate-change/ar-BBTui6D,msn.com,20190214T013000Z,English,United States
BECCS,BECCS,The Tiny Swiss Company That Thinks It Can Help Stop Climate Change,https://www.nytimes.com/2019/02/12/magazine/climeworks-business-climate-change.html,nytimes.com,20190212T110000Z,English,United States
BECCS,BECCS,BECCS project at Drax begins capturing carbon dioxide,http://biomassmagazine.com/articles/15935/beccs-project-at-drax-begins-capturing-carbon-dioxide,biomassmagazine.com,20190212T083000Z,English,United States
BECCS,BECCS,BECCS project at Drax begins capturing carbon dioxide,http://www.biomassmagazine.com/articles/15935/beccs-project-at-drax-begins-capturing-carbon-dioxide,biomassmagazine.com,20190212T020000Z,English,United States
BECCS,BECCS,"C - Capture raises £3 . 5Min funding round led by BP , Drax and IP Group",https://www.greencarcongress.com/2019/02/20190211-ccapture.html,greencarcongress.com,20190211T123000Z,English,United States
BECCS,BECCS,Drax becomes first to capture CO2 from biomass plant » Kallanish Energy News,http://www.kallanishenergy.com/2019/02/11/drax-becomes-first-to-capture-co2-from-biomass-plant/,kallanishenergy.com,20190211T083000Z,English,United States
BECCS,BECCS,UK Drax Power Station begins carbon capture project,http://www.digitaljournal.com/tech-and-science/technology/uk-s-drax-power-station-begins-carbon-capture-project/article/542900,digitaljournal.com,20190210T193000Z,English,United States
BECCS,BECCS,World first : Drax pilot capturing CO2,https://www.gasworld.com/world-first-drax-pilot-capturing-co2/2016591.article,gasworld.com,20190208T144500Z,English,United States
BECCS,BECCS,CO2 removal expert C - Capture bags GBP 3 . 5m in funding,https://renewablesnow.com/news/co2-removal-expert-c-capture-bags-gbp-35m-in-funding-642035/,renewablesnow.com,20190207T031500Z,English,United States
BECCS,BECCS,2 : 00PM Water Cooler 2 / 6 / 2019 | naked capitalism,https://www.nakedcapitalism.com/2019/02/200pm-water-cooler-2-6-2019.html,nakedcapitalism.com,20190206T213000Z,English,United States
BECCS,BECCS,"C - Capture raises £3 . 5M in funding round led by BP , Drax , IP Group",http://www.biomassmagazine.com/articles/15923/c-capture-raises-l3-5m-in-funding-round-led-by-bp-drax-ip-group,biomassmagazine.com,20190206T031500Z,English,United States
BECCS,BECCS,"C - Capture raises £3 . 5M in funding round led by BP , Drax , IP Group",http://biomassmagazine.com/articles/15923/c-capture-raises-l3-5m-in-funding-round-led-by-bp-drax-ip-group,biomassmagazine.com,20190205T231500Z,English,United States
BECCS,BECCS,2 : 00PM Water Cooler 2 / 5 / 2019 | naked capitalism,https://www.nakedcapitalism.com/2019/02/200pm-water-cooler-2-5-2019.html,nakedcapitalism.com,20190205T204500Z,English,United States
BECCS,BECCS,C - Capture raises £3 . 5m in funding round,https://www.gasworld.com/c-capture-raises-35m-in-funding-round/2016482.article,gasworld.com,20190204T173000Z,English,United States
BECCS,BECCS,Book Excerpt : The Uninhabitable Earth by David Wallace - Wells,http://nymag.com/intelligencer/2019/02/book-excerpt-the-uninhabitable-earth-david-wallace-wells.html,nymag.com,20190204T113000Z,English,United States
BECCS,BECCS,"Monthly Review | February 2019 ( Volume 70 , Number 9 )",https://monthlyreview.org/2019/02/01/mr-070-09-2019-02_0/,monthlyreview.org,20190201T234500Z,English,United States
BECCS,BECCS,Can we tweak marine chemistry to help stave off climate change ?,https://www.greenbiz.com/article/can-we-tweak-marine-chemistry-help-stave-climate-change,greenbiz.com,20190327T100000Z,English,United States
BECCS,BECCS,GUEST COLUMN : A post - blizzard view from eastern El Paso County,https://gazette.com/opinion/columnists/guest-column-a-post-blizzard-view-from-eastern-el-paso/article_9b94311a-4b26-11e9-8a9b-8f3d5395c396.html,gazette.com,20190321T123000Z,English,United States
BECCS,BECCS,Can we tweak marine chemistry to help stave off climate change ?,https://www.theintelligencer.com/news/article/Can-we-tweak-marine-chemistry-to-help-stave-off-13681419.php,theintelligencer.com,20190319T053000Z,English,United States
BECCS,BECCS,Can we tweak marine chemistry to help stave off climate change ?,http://www.terradaily.com/reports/Can_we_tweak_marine_chemistry_to_help_stave_off_climate_change_999.html,terradaily.com,20190313T090000Z,English,United States
BECCS,BECCS,Can we tweak marine chemistry to help stave off climate change ?,https://phys.org/news/2019-03-tweak-marine-chemistry-stave-climate.html,phys.org,20190312T140000Z,English,United States
BECCS,BECCS,Can we tweak marine chemistry to help stave off climate change ?,https://wtop.com/national/2019/03/can-we-tweak-marine-chemistry-to-help-stave-off-climate-change/,wtop.com,20190312T123000Z,English,United States
BECCS,BECCS,Can we tweak marine chemistry to help stave off climate change ?,https://www.sfgate.com/news/article/Can-we-tweak-marine-chemistry-to-help-stave-off-13681419.php,sfgate.com,20190312T121500Z,English,United States
BECCS,BECCS,Can we tweak marine chemistry to help stave off climate change ?,https://www.chron.com/news/article/Can-we-tweak-marine-chemistry-to-help-stave-off-13681419.php,chron.com,20190312T120000Z,English,United States
BECCS,BECCS,Can we tweak marine chemistry to help stave off climate change ?,https://www.sfchronicle.com/news/article/Can-we-tweak-marine-chemistry-to-help-stave-off-13681419.php,sfchronicle.com,20190312T113000Z,English,United States
BECCS,BECCS,Facing Extinction  | Peak Oil News and Message Boards,https://peakoil.com/generalideas/facing-extinction/comment-page-1,peakoil.com,20190305T040000Z,English,United States
BECCS,BECCS,2 : 00PM Water Cooler 4 / 29 / 2019 | naked capitalism,https://www.nakedcapitalism.com/2019/04/200pm-water-cooler-4-29-2019.html,nakedcapitalism.com,20190429T183000Z,English,United States
BECCS,BECCS,Drax Group CEO : CCUS key to achieving climate targets,https://www.worldcoal.com/power/26042019/drax-group-ceo-ccus-key-to-achieving-climate-targets/,worldcoal.com,20190426T123000Z,English,United States
BECCS,BECCS,Research Shows Carbon - Negative Power Generation can Reduce Atmospheric CO2 Levels in China,https://www.azocleantech.com/news.aspx?newsID=26239,azocleantech.com,20190422T134500Z,English,United States
BECCS,BECCS,Can Climeworks Save the World from Climate Change ?,https://www.digitaltrends.com/cool-tech/climeworks-carbon-capture-technology/,digitaltrends.com,20190422T084500Z,English,United States
BECCS,BECCS,Meltdown | National Affairs,https://www.nationalaffairs.com/blog/detail/findings-a-daily-roundup/meltdown,nationalaffairs.com,20190417T190000Z,English,United States
BECCS,BECCS,IEA Challenged to Address Limits to Negative Emissions,https://www.forbes.com/sites/andystone/2019/04/15/iea-challenged-to-address-limits-of-negative-emissions/,forbes.com,20190415T230000Z,English,United States
BECCS,BECCS,Carbon - negative power generation for China,https://eurekalert.org/pub_releases/2019-04/hjap-cpg040819.php,eurekalert.org,20190413T010000Z,English,United States
BECCS,BECCS,No shortcuts : The climate revolution must be ecosocialist,https://climateandcapitalism.com/2019/04/12/no-shortcuts-the-climate-revolution-must-be-ecosocialist/,climateandcapitalism.com,20190412T143000Z,English,United States
BECCS,BECCS,George Monbiot Q + A – How rejuvenating nature could help fight climate change,https://scienceblogs.com/conversation/20190411/george-monbiot-q-how-rejuvenating-nature-could-help-fight-climate-change,scienceblogs.com,20190411T171500Z,English,United States
BECCS,BECCS,George Monbiot Q + A – How rejuvenating nature could help fight climate change,https://phys.org/news/2019-04-george-monbiot-rejuvenating-nature-climate.html,phys.org,20190411T143000Z,English,United States
BECCS,BECCS,Taiwanese Ambassador visits Drax power plant,https://www.worldcoal.com/power/10042019/taiwanese-ambassador-visits-drax-power-plant/,worldcoal.com,20190410T093000Z,English,United States
BECCS,BECCS,A carbon - negative power source could reduce CO2 concentrations and air pollution in China,http://www.innovationtoronto.com/2019/04/a-carbon-negative-power-source-could-reduce-co2-concentrations-and-air-pollution-in-china/,innovationtoronto.com,20190410T090000Z,English,United States
BECCS,BECCS,"Climate change  evil twin  Ocean Acidification ( and problem stepchild , Ocean Hypoxia )",https://dissidentvoice.org/2019/04/climate-changes-evil-twin-ocean-acidification-and-problem-stepchild-ocean-hypoxia/,dissidentvoice.org,20190409T044500Z,English,United States
BECCS,BECCS,Carbon - negative power generation for China | Harvard John A . Paulson School of Engineering and Applied Sciences,https://www.seas.harvard.edu/news/2019/04/carbon-negative-power-generation-for-china,seas.harvard.edu,20190409T033000Z,English,United States
BECCS,BECCS,Carbon - negative power generation for China : Reducing CO<sub>2< / sub> concretions and air pollution in the atmosphere,https://www.sciencedaily.com/releases/2019/04/190408161615.htm,sciencedaily.com,20190409T021500Z,English,United States
BECCS,BECCS,Carbon - negative power generation for China,https://www.eurekalert.org/pub_releases/2019-04/hjap-cpg040819.php,eurekalert.org,20190408T221500Z,English,United States
BECCS,BECCS,Carbon - negative power generation for China,https://phys.org/news/2019-04-carbon-negative-power-china.html,phys.org,20190408T201500Z,English,United States
BECCS,BECCS,Promises and perils of the Paris Agreement,https://science.sciencemag.org/content/364/6443/829,science.sciencemag.org,20190530T214500Z,English,United States
BECCS,BECCS,We can limit global warming to 1 . 5 degrees with nature help | Blog | Nature,http://www.pbs.org/wnet/nature/blog/we-can-limit-global-warming-to-1-5-degrees-with-natures-help/,pbs.org,20190530T121500Z,English,United States
BECCS,BECCS,Drax : Energy companies announce new zero - carbon united kingdom partnership,http://www.biomassmagazine.com/articles/16199/drax-energy-companies-announce-new-zero-carbon-uk-partnership,biomassmagazine.com,20190530T013000Z,English,United States
BECCS,BECCS,Drax : Energy companies announce new zero - carbon united kingdom partnership,http://biomassmagazine.com/articles/16199/drax-energy-companies-announce-new-zero-carbon-uk-partnership,biomassmagazine.com,20190529T234500Z,English,United States
BECCS,BECCS,Drax Group To Partner With Equinor & National Grid On united kingdom First Zero Carbon Cluster,https://cleantechnica.com/2019/05/29/drax-group-to-partner-with-equinor-national-grid-on-uks-first-zero-carbon-cluster/,cleantechnica.com,20190529T064500Z,English,United States
BECCS,BECCS,"Drax , Equinor and National Grid Ventures sign MoU",https://www.gasworld.com/drax-equinor-and-national-grid-ventures-sign-mou/2017247.article,gasworld.com,20190528T144500Z,English,United States
BECCS,BECCS,UK official visits bioenergy carbon capture project at Drax,http://biomassmagazine.com/articles/16180/uk-official-visits-bioenergy-carbon-capture-project-at-drax,biomassmagazine.com,20190526T104500Z,English,United States
BECCS,BECCS,Worker reflects 50 years on from building giant Drax power plant chimney,https://www.worldcoal.com/power/24052019/worker-reflects-50-years-on-from-building-giant-drax-power-plant-chimney/,worldcoal.com,20190524T120000Z,English,United States
BECCS,BECCS,UK official visits bioenergy carbon capture project at Drax,http://www.biomassmagazine.com/articles/16180/uk-official-visits-bioenergy-carbon-capture-project-at-drax,biomassmagazine.com,20190522T001500Z,English,United States
BECCS,BECCS,"The Simple , Yet Elusive , Key To Fighting The Climate Crisis",https://globalpossibilities.org/the-simple-yet-elusive-key-to-fighting-the-climate-crisis/,globalpossibilities.org,20190510T034500Z,English,United States
BECCS,BECCS,"The Simple , Yet Elusive , Key To Fighting The Climate Crisis",https://cleantechnica.com/2019/05/09/the-simple-yet-elusive-key-to-fighting-the-climate-crisis/,cleantechnica.com,20190509T221500Z,English,United States
BECCS,BECCS,UK Milestone : One Week Without Coal - Fired Generation,https://www.powermag.com/uk-milestone-one-week-without-coal-fired-generation/,powermag.com,20190508T173000Z,English,United States
BECCS,BECCS,"A million species risk extinction , are we one of them ?",http://www.terradaily.com/reports/A_million_species_risk_extinction_are_we_one_of_them_999.html,terradaily.com,20190507T120000Z,English,United States
BECCS,BECCS,"Save Nature to save ourselves , UN report pleads",http://www.terradaily.com/reports/Save_Nature_to_save_ourselves_UN_report_pleads_999.html,terradaily.com,20190507T120000Z,English,United States
BECCS,BECCS,"UK report targets net - zero GHG emissions , bioenergy can help",http://www.biomassmagazine.com/articles/16136/uk-report-targets-net-zero-ghg-emissions-bioenergy-can-help,biomassmagazine.com,20190507T001500Z,English,United States
BECCS,BECCS,"UK report targets net - zero GHG emissions , bioenergy can help",http://biomassmagazine.com/articles/16136/uk-report-targets-net-zero-ghg-emissions-bioenergy-can-help,biomassmagazine.com,20190506T233000Z,English,United States
BECCS,BECCS,"Nature under siege as a million species face extinction , UN warns",http://www.spacedaily.com/afp/190506164012.z1j91bes.html,spacedaily.com,20190506T174500Z,English,United States
BECCS,BECCS,"Nature under siege as a million species face extinction , UN warns",https://news.yahoo.com/nature-under-siege-million-species-face-extinction-un-163956809.html,news.yahoo.com,20190506T173000Z,English,United States
BECCS,BECCS,"Save Nature to save ourselves , UN report pleads",https://www.yahoo.com/news/million-species-risk-extinction-one-them-085309131.html,yahoo.com,20190506T154500Z,English,United States
BECCS,BECCS,"wildsingapore news : A million species risk extinction , are we one of them ?",https://wildsingaporenews.blogspot.com/2019/05/a-million-species-risk-extinction-are.html,wildsingaporenews.blogspot.com,20190506T133000Z,English,United States
BECCS,BECCS,"Save Nature to save ourselves , UN report pleads",http://www.spacedaily.com/afp/190506111753.2qpp45j9.html,spacedaily.com,20190506T121500Z,English,United States
BECCS,BECCS,"A million species risk extinction , are we one of them ?",https://www.rawstory.com/2019/05/a-million-species-risk-extinction-are-we-one-of-them/,rawstory.com,20190506T104500Z,English,United States
BECCS,BECCS,"A million species risk extinction , are we one of them ?",https://phys.org/news/2019-05-million-species-extinction.html,phys.org,20190506T103000Z,English,United States
BECCS,BECCS,"A million species risk extinction , are we one of them ?",https://www.afp.com/en/news/15/million-species-risk-extinction-are-we-one-them-doc-1g61qw1,afp.com,20190506T100000Z,English,United States
BECCS,BECCS,"A million species risk extinction , are we one of them ?",http://www.spacedaily.com/afp/190506085326.8j6asd9z.html,spacedaily.com,20190506T094500Z,English,United States
BECCS,BECCS,"A million species risk extinction , are we one of them ?",https://www.msn.com/en-us/news/technology/a-million-species-risk-extinction-are-we-one-of-them/ar-AAAXSye,msn.com,20190506T091500Z,English,United States
BECCS,BECCS,"A million species risk extinction , are we one of them ?",https://news.yahoo.com/million-species-risk-extinction-one-them-085309131.html,news.yahoo.com,20190506T091500Z,English,United States
BECCS,BECCS,UK Net - Zero Carbon Proposal for 2050 Sees Big Role for BECCS and Aviation Biofuel – Advanced BioFuels united states,https://advancedbiofuelsusa.info/uks-net-zero-carbon-proposal-for-2050-sees-big-role-for-beccs-and-aviation-biofuel/,advancedbiofuelsusa.info,20190503T190000Z,English,United States
BECCS,BECCS,A Red - Green Manifesto for the 21st Century - International Viewpoint,http://internationalviewpoint.org/spip.php?article6038,internationalviewpoint.org,20190503T013000Z,English,United States
BECCS,BECCS,UK net - zero carbon proposal for 2050 sees big role for BECCS and aviation biofuel : Biofuels Digest,http://www.biofuelsdigest.com/bdigest/2019/05/02/uks-net-zero-carbon-proposal-for-2050-sees-big-role-for-beccs-and-aviation-biofuel/,biofuelsdigest.com,20190503T000000Z,English,United States
BECCS,BECCS,The united kingdom net - zero target must address oil and gas extraction too,http://priceofoil.org/2019/05/02/the-uks-net-zero-target-must-address-oil-and-gas-extraction-too/,priceofoil.org,20190502T204500Z,English,United States
BECCS,BECCS,Enviro groups call on united kingdom to end subsidies for biomass,https://renewablesnow.com/news/enviro-groups-call-on-uk-to-end-subsidies-for-biomass-652657/,renewablesnow.com,20190502T133000Z,English,United States
BECCS,BECCS,What does net zero mean ?,https://www.greenbiz.com/article/what-does-net-zero-mean,greenbiz.com,20190502T100000Z,English,United States
BECCS,BECCS,"Can direct air capture technology save us from global warming ?  By the end of the century , DAC could require the equivalent of over half of today global energy needs  – Desdemona Despair",https://desdemonadespair.net/2019/07/can-direct-air-capture-technology-save-us-from-global-warming-by-the-end-of-the-century-dac-could-require-the-equivalent-of-over-half-of-todays-global-energy-needs.html,desdemonadespair.net,20190722T203000Z,English,United States
BECCS,BECCS,Carbon Removal Will This Technology Overcome the Funding Hurdle ?,https://www.lexology.com/library/detail.aspx?g=c829c8e6-4090-4046-a748-fe28bf1c9859,lexology.com,20190722T124500Z,English,United States
BECCS,BECCS,2 : 00PM Water Cooler 7 / 18 / 2019 | naked capitalism,https://www.nakedcapitalism.com/2019/07/200pm-water-cooler-7-18-2019.html,nakedcapitalism.com,20190718T203000Z,English,United States
BECCS,BECCS,A Massive Plan To Expand Forests - And Save The World,https://www.nrdc.org/experts/sasha-stashwick/massive-plan-expand-forests-and-save-world,nrdc.org,20190711T200000Z,English,United States
BECCS,BECCS,How Far Can Technology Go to Stave Off Climate Change ?,https://e360.yale.edu/features/how_far_can_technology_go_to_stave_off_climate_change,e360.yale.edu,20190709T190000Z,English,United States
BECCS,BECCS,C - Capture secures grant to scale up Drax carbon capture pilot,http://biomassmagazine.com/articles/16292/c-capture-secures-grant-to-scale-up-drax-carbon-capture-pilot,biomassmagazine.com,20190705T093000Z,English,United States
BECCS,BECCS,C - Capture secures grant to scale up Drax carbon capture pilot,http://www.biomassmagazine.com/articles/16292/c-capture-secures-grant-to-scale-up-drax-carbon-capture-pilot,biomassmagazine.com,20190703T234500Z,English,United States
BECCS,BECCS,FuelCell ( FCEL ) Surges on Deal with Drax Power Station – Wall Street Newscast,https://wallstreetnewscast.com/fcel-0702/,wallstreetnewscast.com,20190703T211500Z,English,United States
BECCS,BECCS,"As coal crumbles , Dem asks what about the miners ?",http://www.buffalobulletin.com/news/state/article_1b385894-9daa-11e9-94e5-5f324e02566b.html,buffalobulletin.com,20190703T191500Z,English,United States
BECCS,BECCS,"FROM WYOFILE : As coal crumbles , Dem asks what about the miners ?",https://www.gillettenewsrecord.com/news/wyoming/article_9c68510a-26ff-592b-bc6a-ea0f0a934cbf.html,gillettenewsrecord.com,20190703T183000Z,English,United States
BECCS,BECCS,The Real Climate Debate  | Peak Oil News and Message Boards,https://peakoil.com/publicpolicy/the-real-climate-debate/comment-page-2,peakoil.com,20190702T181500Z,English,United States
BECCS,BECCS,"As coal crumbles , Dem asks what about the miners ?",https://www.wyofile.com/as-coal-crumbles-dem-asks-what-about-the-miners/,wyofile.com,20190702T113000Z,English,United States
BECCS,BECCS,"FuelCell Energy , Inc . - FuelCell Energy Announces New Carbon Capture Project with Drax Power Station",https://electricenergyonline.com/article/energy/category/generation/52/777537/fuelcell-energy-announces-new-carbon-capture-project-with-drax-power-station.html,electricenergyonline.com,20190702T051500Z,English,United States
BECCS,BECCS,Warming delusion,https://craigmedred.news/2019/06/30/warmings-delusion/,craigmedred.news,20190701T071500Z,English,United States
BECCS,BECCS,POWER Digest [ July 2019 ],https://www.powermag.com/power-digest-july-2019/,powermag.com,20190701T041500Z,English,United States
BECCS,BECCS,Scientific Case for Wood Bioenergy Grows Stronger,http://www.biomassmagazine.com/articles/16487/scientific-case-for-wood-bioenergy-grows-stronger,biomassmagazine.com,20190927T184500Z,English,United States
BECCS,BECCS,Scientific Case for Wood Bioenergy Grows Stronger,http://biomassmagazine.com/articles/16487/scientific-case-for-wood-bioenergy-grows-stronger,biomassmagazine.com,20190927T163000Z,English,United States
BECCS,BECCS,Climate Change and Technology,https://www.counterpunch.org/2019/09/27/climate-change-and-technology/,counterpunch.org,20190927T093000Z,English,United States
BECCS,BECCS,The IEA Hidden Negative Emissions Gamble - Oil Change International,http://priceofoil.org/2019/09/24/iea-hidden-negative-emissions-gamble/,priceofoil.org,20190925T043000Z,English,United States
BECCS,BECCS,Task 40  Deployment of Biobased Value Chains  – Advanced BioFuels united states,https://advancedbiofuelsusa.info/task-40-deployment-of-biobased-value-chains/,advancedbiofuelsusa.info,20190919T231500Z,English,United States
BECCS,BECCS,The Best Way to Save Nature ? More Nature,https://news.yahoo.com/best-way-save-nature-more-111440061.html,news.yahoo.com,20190912T120000Z,English,United States
BECCS,BECCS,Can  Rewilding  Land Help Address Climate Change ?,https://time.com/5669025/rewild-land-europe/,time.com,20190912T114500Z,English,United States
BECCS,BECCS,Transforming Plastic : Common Bioplastics | MOTHER EARTH NEWS,https://www.motherearthnews.com/nature-and-environment/environmental-policy/common-bioplastics-ze0z1908zsta,motherearthnews.com,20190907T074500Z,English,United States
BECCS,BECCS,C - Capture partners with SINTEF,https://www.gasworld.com/c-capture-partners-with-sintef/2017733.article,gasworld.com,20190904T151500Z,English,United States
BECCS,BECCS,Decoding the IEA Scenario Spin : Real reform or more of the same ?,http://priceofoil.org/2019/11/01/decoding-the-ieas-scenario-spin-real-reform-or-more-of-the-same/,priceofoil.org,20191101T203000Z,English,United States
BECCS,BECCS,"How Forests , Farms , and Fields Can Become a Net Carbon Sink in 20 Years",https://www.ecosystemmarketplace.com/articles/19947/,ecosystemmarketplace.com,20191101T103000Z,English,United States
BECCS,BECCS,Monthly Review | On Fire This Time,https://monthlyreview.org/2019/11/01/on-fire-this-time/,monthlyreview.org,20191101T063000Z,English,United States
BECCS,BECCS,"With looming loss of European subsidy , wood pellet industry faces turning point",https://www.energycentral.com/c/pip/looming-loss-european-subsidy-wood-pellet-industry-faces-turning-point,energycentral.com,20191029T161500Z,English,United States
BECCS,BECCS,"With looming loss of European subsidy , wood pellet industry faces turning point",https://energynews.us/2019/10/29/southeast/with-looming-loss-of-european-subsidy-wood-pellet-industry-faces-turning-point/,energynews.us,20191029T131500Z,English,United States
BECCS,BECCS,Big Food is Betting on Regenerative Agriculture to Thwart Climate Change,https://civileats.com/2019/10/29/big-food-is-betting-on-regenerative-agriculture-to-thwart-climate-change/,civileats.com,20191029T093000Z,English,United States
BECCS,BECCS,"Climate engineering : International meeting reveals tensions : Lack of transparency impedes collaboration , excludes developing world",https://www.sciencedaily.com/releases/2019/10/191028164351.htm,sciencedaily.com,20191028T221500Z,English,United States
BECCS,BECCS,A Carbon - Neutral Land Sector by 2040 ? Here How to Get There,https://www.wri.org/blog/2019/10/carbon-neutral-land-sector-2040-heres-how-get-there,wri.org,20191028T201500Z,English,United States
BECCS,BECCS,Climate engineering : International meeting reveals tensions,https://www.eurekalert.org/pub_releases/2019-10/uoc--cei102819.php,eurekalert.org,20191028T193000Z,English,United States
BECCS,BECCS,Inside the new carbon economy,https://www.greenbiz.com/article/inside-new-carbon-economy,greenbiz.com,20191028T171500Z,English,United States
BECCS,BECCS,Debunked : Myth Of Green Growth - Financial Times - Annotated,https://www.science20.com/robert_walker/debunked_myth_of_green_growth_financial_times_annotated-243086,science20.com,20191027T013000Z,English,United States
BECCS,BECCS,A Roadmap to Make the Land Sector Carbon Neutral by 2040 – Advanced BioFuels united states,https://advancedbiofuelsusa.info/a-roadmap-to-make-the-land-sector-carbon-neutral-by-2040/,advancedbiofuelsusa.info,20191024T200000Z,English,United States
BECCS,BECCS,2 : 00PM Water Cooler 10 / 22 / 2019 | naked capitalism,https://www.nakedcapitalism.com/2019/10/200pm-water-cooler-10-22-2019-2.html,nakedcapitalism.com,20191023T191500Z,English,United States
BECCS,BECCS,A roadmap to make the land sector carbon neutral by 2040,https://www.sciencedaily.com/releases/2019/10/191023104624.htm,sciencedaily.com,20191023T184500Z,English,United States
BECCS,BECCS,A roadmap to make the land sector carbon neutral by 2040,https://www.eurekalert.org/pub_releases/2019-10/iifa-art102319.php,eurekalert.org,20191023T143000Z,English,United States
BECCS,BECCS,Environmental News Network - Assessing the Benefits and Risks of Land - Based Greenhouse Gas Removal,https://www.enn.com/articles/60370-assessing-the-benefits-and-risks-of-land-based-greenhouse-gas-removal,enn.com,20191022T170000Z,English,United States
BECCS,BECCS,Assessing the benefits and risks of land - based greenhouse gas removal,https://www.eurekalert.org/pub_releases/2019-10/iifa-atb101819.php,eurekalert.org,20191021T161500Z,English,United States
BECCS,BECCS,Assessing the benefits and risks of land - based greenhouse gas removal,https://www.sciencedaily.com/releases/2019/10/191021094004.htm,sciencedaily.com,20191021T150000Z,English,United States
BECCS,BECCS,Assessing the benefits and risks of land - based greenhouse gas removal,https://phys.org/news/2019-10-benefits-land-based-greenhouse-gas.html,phys.org,20191021T150000Z,English,United States
BECCS,BECCS,Assessing the benefits and risks of land - based greenhouse gas removal,https://www.newswise.com/articles/assessing-the-benefits-and-risks-of-land-based-greenhouse-gas-removal,newswise.com,20191018T131500Z,English,United States
BECCS,BECCS,Extinction Rebellion Give No Reasons For 2025 Zero Emissions Or Claim That Billions Will Die - What Would A Better Objective Be ?,https://www.science20.com/robert_walker/extinction_rebellion_have_no_reasons_for_2025_zero_emissions_or_claim_that_billions_will_die_what_would_a_better,science20.com,20191017T000000Z,English,United States
BECCS,BECCS,A Climate Silver Bullet ? |  Global Possibilities,https://globalpossibilities.org/a-climate-silver-bullet/,globalpossibilities.org,20191015T024500Z,English,United States
BECCS,BECCS,CCS to Become Central to Climate Change Mitigation,https://interestingengineering.com/tables-are-turning-for-carbon-capture-and-storage,interestingengineering.com,20191012T094500Z,English,United States
BECCS,BECCS,A 100 Percent Clean Future - Center for American Progress,https://www.americanprogress.org/issues/green/reports/2019/10/10/475605/100-percent-clean-future/,americanprogress.org,20191010T044500Z,English,United States
BECCS,BECCS,"Global Warming , Market Opportunity",http://bostonreview.net/science-nature/troy-vettese-global-warming-market-opportunity,bostonreview.net,20191009T131500Z,English,United States
BECCS,BECCS,"Global Warming , Market Opportunity",https://bostonreview.net/science-nature/troy-vettese-global-warming-market-opportunity,bostonreview.net,20191008T200000Z,English,United States
BECCS,BECCS,UK Government Climate Advisers Suggest a Pathway towards Net - Zero Aviation Emissions by 2050 – Advanced BioFuels united states,https://advancedbiofuelsusa.info/uk-governments-climate-advisers-suggest-a-pathway-towards-net-zero-aviation-emissions-by-2050/,advancedbiofuelsusa.info,20191007T230000Z,English,United States
BECCS,BECCS,THE MANUFACTURING OF GRETA THUNBERG – FOR CONSENT : THE POLITICAL ECONOMY OF THE NON - PROFIT INDUSTRIAL COMPLEX [ ACT I ],https://www.greanvillepost.com/2019/10/05/the-manufacturing-of-greta-thunberg-for-consent-the-political-economy-of-the-non-profit-industrial-complex-act-i/,greanvillepost.com,20191005T211500Z,English,United States
BECCS,BECCS,2 : 00PM Water Cooler 10 / 2 / 2019 | naked capitalism,https://www.nakedcapitalism.com/2019/10/200pm-water-cooler-10-2-2019.html,nakedcapitalism.com,20191002T181500Z,English,United States
BECCS,BECCS,BECCS to the Future : The Digest 2019 Multi - Slide Guide to ARPA Methane Fuel : Biofuels Digest,http://www.biofuelsdigest.com/bdigest/2019/11/27/beccs-to-the-future-the-digests-2019-multi-slide-guide-to-arpas-methane-fuel/,biofuelsdigest.com,20191128T023000Z,English,United States
BECCS,BECCS,UN Emissions Gap Report - How To Get To 1 . 5°C Path In Graphs - With Paris Pledges In 2020 And 2025,https://www.science20.com/robert_walker/un_emissions_gap_report_how_to_get_to_15degc_path_in_graphs_with_paris_pledges_in_2020_and_2025-243607,science20.com,20191127T073000Z,English,United States
BECCS,BECCS,"IEA Drives Fossil Growth , Climate Breakdown with Latest World Energy Outlook",https://www.energycentral.com/c/ec/iea-drives-fossil-growth-climate-breakdown-latest-world-energy-outlook,energycentral.com,20191118T153000Z,English,United States
BECCS,BECCS,Scientists create meat substitute  made out of air,https://news.yahoo.com/scientists-create-meat-substitute-made-out-of-air-205819021.html,news.yahoo.com,20191113T213000Z,English,United States
BECCS,BECCS,"The IEA and WEO 2019 : Still working for fossil fuels , not global climate goals",http://priceofoil.org/2019/11/13/iea-2019-weo-working-for-fossil-fuels-not-climate/,priceofoil.org,20191113T040000Z,English,United States
BECCS,BECCS,Links 11 / 6 / 19 | naked capitalism,https://www.nakedcapitalism.com/2019/11/links-11-6-19.html,nakedcapitalism.com,20191106T131500Z,English,United States
BECCS,BECCS,The long haul to getting aviation biofuel off the ground,https://www.environmentguru.com/pages/elements/element.aspx?id=26885818,environmentguru.com,20191105T233000Z,English,United States
BECCS,BECCS,Mobilize now against climate disaster - International Viewpoint - online socialist magazine,http://www.internationalviewpoint.org/spip.php?article6277,internationalviewpoint.org,20191105T114500Z,English,United States
BECCS,BECCS,Sustainable bioenergy for climate mitigation : developing drought - tolerant trees and grasses,http://humanitariannews.org/20191102/sustainable-bioenergy-climate-mitigation-developing-drought-tolerant-trees-grasses,humanitariannews.org,20191102T163000Z,English,United States
BECCS,BECCS,Decoding the IEA Scenario Spin : Real reform or more of the same ?,http://priceofoil.org/2019/11/01/decoding-the-ieas-scenario-spin-real-reform-or-more-of-the-same/,priceofoil.org,20191101T203000Z,English,United States
BECCS,BECCS,"How Forests , Farms , and Fields Can Become a Net Carbon Sink in 20 Years",https://www.ecosystemmarketplace.com/articles/19947/,ecosystemmarketplace.com,20191101T103000Z,English,United States
BECCS,BECCS,Monthly Review | On Fire This Time,https://monthlyreview.org/2019/11/01/on-fire-this-time/,monthlyreview.org,20191101T063000Z,English,United States
BECCS,BECCS,How Microsoft carbon - negative plan will test the climate economy,https://www.cnbc.com/2020/01/22/how-microsofts-carbon-negative-plan-will-test-the-climate-economy.html,cnbc.com,20200122T144500Z,English,United States
BECCS,BECCS,Carbon capture and storage : A lot of eggs in a potentially leaky basket | International Council on Clean Transportation,https://theicct.org/blog/staff/carbon-capture-storage-and-leakage,theicct.org,20200120T064500Z,English,United States
BECCS,BECCS,Microsoft Commits to Become Carbon Negative by 2030,https://www.causeartist.com/microsoft-commits-to-become-carbon-negative-by-2030/,causeartist.com,20200118T081500Z,English,United States
BECCS,BECCS,Microsoft promises to be carbon negative by 2030,https://www.datacenterdynamics.com/news/microsoft-promises-be-carbon-negative-2030/,datacenterdynamics.com,20200117T154500Z,English,United States
BECCS,BECCS,Microsoft to retroactively counteract its carbon footprint since 1975,https://www.pcgamesn.com/microsoft/carbon-footprint-2050-goal,pcgamesn.com,20200117T124500Z,English,United States
BECCS,BECCS,"Microsoft Will Spend $1B On  Climate Innovation , Sets  Carbon Negative  Goal",https://www.crn.com/news/cloud/microsoft-will-spend-1b-on-climate-innovation-sets-carbon-negative-goal,crn.com,20200116T214500Z,English,United States
BECCS,BECCS,Microsoft will be carbon negative by 2030 - The Official Microsoft Blog,https://blogs.microsoft.com/blog/2020/01/16/microsoft-will-be-carbon-negative-by-2030/,blogs.microsoft.com,20200116T201500Z,English,United States
BECCS,BECCS,Carbon Capture Technologies : Biomass Industry Unique Opportunity,http://biomassmagazine.com/articles/16698/carbon-capture-technologies-biomass-industryundefineds-unique-opportunity/,biomassmagazine.com,20200110T184500Z,English,United States
BECCS,BECCS,Negative carbon dioxide emissions,https://physicstoday.scitation.org/doi/full/10.1063/PT.3.4389,physicstoday.scitation.org,20200104T201500Z,English,United States
BECCS,BECCS,Negative carbon dioxide emissions,https://physicstoday.scitation.org/doi/10.1063/PT.3.4389,physicstoday.scitation.org,20200101T121500Z,English,United States
BECCS,BECCS,Bernie Sanders and the Socialism Question,https://www.greanvillepost.com/2020/02/29/bernie-sanders-and-the-socialism-question/,greanvillepost.com,20200229T233000Z,English,United States
BECCS,BECCS,Bernie Sanders and the Socialism Question - CounterPunch . org,https://www.counterpunch.org/2020/02/28/bernie-sanders-and-the-socialism-question/,counterpunch.org,20200228T111500Z,English,United States
BECCS,BECCS,Decarbonizing your ride for a more stable climate,https://phys.org/news/2020-02-decarbonizing-stable-climate.html,phys.org,20200227T140000Z,English,United States
BECCS,BECCS,Biomass electricity production sets record in Britain for 2019,http://www.biomassmagazine.com/articles/16838/biomass-electricity-production-sets-record-in-britain-for-2019,biomassmagazine.com,20200227T014500Z,English,United States
BECCS,BECCS,Biomass electricity production sets record in Britain for 2019,http://biomassmagazine.com/articles/16838/biomass-electricity-production-sets-record-in-britain-for-2019,biomassmagazine.com,20200226T234500Z,English,United States
BECCS,BECCS,New land use report urges increase of bioenergy crops in the united kingdom : Biofuels Digest,http://www.biofuelsdigest.com/bdigest/2020/02/23/new-land-use-report-urges-increase-of-bioenergy-crops-in-the-uk/,biofuelsdigest.com,20200223T223000Z,English,United States
BECCS,BECCS,Carbon Capture Technologies : Biomass Industry Unique Opportunity,http://biomassmagazine.com/articles/16698/carbon-capture-technologies-biomass-industryundefineds-unique-opportunity,biomassmagazine.com,20200214T211500Z,English,United States
BECCS,BECCS,Department of Energy Issues Request for Information for Biomass Co - Firing Emission Profiles and Impacts on Carbon Capture,https://www.energy.gov/fe/articles/department-energy-issues-request-information-biomass-co-firing-emission-profiles-and,energy.gov,20200211T181500Z,English,United States
BECCS,BECCS,Department of Energy Issues Request for Information for Biomass Co - Firing Emission Profiles and Impacts on Carbon Capture,https://www.einnews.com/pr_news/509451573/department-of-energy-issues-request-for-information-for-biomass-co-firing-emission-profiles-and-impacts-on-carbon-capture,einnews.com,20200211T154500Z,English,United States
BECCS,BECCS,Department of Energy Issues Request for Information for Biomass Co - Firing Emission Profiles and Impacts on Carbon Capture,https://energy.einnews.com/pr_news/509451573/department-of-energy-issues-request-for-information-for-biomass-co-firing-emission-profiles-and-impacts-on-carbon-capture,energy.einnews.com,20200211T154500Z,English,United States
BECCS,BECCS,"So - called  negative emission might actually work , at least in California",http://humanitariannews.org/20200211/so-called-negative-emissions-might-actually-work-least-california,humanitariannews.org,20200211T101500Z,English,United States
BECCS,BECCS,"So - called  negative emission might actually work , at least in California",https://grist.org/climate/so-called-negative-emissions-might-actually-work-at-least-in-california/,grist.org,20200211T093000Z,English,United States
BECCS,BECCS,Why coal use must plummet this decade to keep global warming below 1 . 5C,https://skepticalscience.com/coal-must-plummet-this-decade-for-15C.html,skepticalscience.com,20200210T084500Z,English,United States
BECCS,BECCS,Britain Is Getting Ready to Scale Up Negative - Emissions Technology,https://finance.yahoo.com/news/britain-getting-ready-scale-negative-050013580.html,finance.yahoo.com,20200207T150000Z,English,United States
BECCS,BECCS,Britain Is Getting Ready to Scale Up Negative - Emissions Technology,https://finance.yahoo.com/news/britain-getting-ready-scale-negative-050013900.html,finance.yahoo.com,20200207T141500Z,English,United States
BECCS,BECCS,OPINION : Why  net zero  is not good enough,http://news.trust.org/item/20200205160427-r1ydk/,news.trust.org,20200205T183000Z,English,United States
BECCS,BECCS,OPINION : Why  net zero  is not good enough,http://news.trust.org/item/20200205160427-r1ydk,news.trust.org,20200205T171500Z,English,United States
BECCS,BECCS,"Forests : Carbon sequestration , biomass energy , or both ?",https://advances.sciencemag.org/content/6/13/eaay6792,advances.sciencemag.org,20200325T220000Z,English,United States
BECCS,BECCS,Edited Transcript of DRX . L earnings conference call or presentation 27 - Feb - 20 9 : 00am GMT,https://finance.yahoo.com/news/edited-transcript-drx-l-earnings-214456270.html,finance.yahoo.com,20200323T233000Z,English,United States
BECCS,BECCS,Study : Biomass fuels can significantly mitigate global warming,https://www.aberdeennews.com/farm_forum/study-biomass-fuels-can-significantly-mitigate-global-warming/article_398310bc-648a-11ea-b384-330b0a898194.html,aberdeennews.com,20200317T141500Z,English,United States
BECCS,BECCS,Biomass fuels can significantly mitigate global warming,https://www.sciencedaily.com/releases/2020/03/200310094244.htm,sciencedaily.com,20200316T164500Z,English,United States
BECCS,BECCS,"Biofuels from grass  mitigates global warming , researchers reveal | Biofuels International Magazine",https://biofuels-news.com/news/biofuels-from-grass-mitigates-global-warming-researchers-reveal/,biofuels-news.com,20200316T104500Z,English,United States
BECCS,BECCS,Biomass Fuels Can Significantly Mitigate Global Warming,https://www.labmanager.com/news/biomass-fuels-can-significantly-mitigate-global-warming-21973,labmanager.com,20200313T161500Z,English,United States
BECCS,BECCS,UK government looks forward to 2030 ( and beyond ) with CfD consultation,https://www.lexology.com/library/detail.aspx?g=4d7ee155-c5e0-4c73-ada5-50916dbb4473,lexology.com,20200313T123000Z,English,United States
BECCS,BECCS,The Loopholes Lurking in BP New Climate Aims - Oil Change International,http://priceofoil.org/2020/03/11/the-loopholes-lurking-in-bps-new-climate-aims/,priceofoil.org,20200311T163000Z,English,United States
BECCS,BECCS,Biomass Fuels Can Significantly Mitigate Global Warming – Homeland Security Today,https://www.hstoday.us/subject-matter-areas/education-and-training/biomass-fuels-can-significantly-mitigate-global-warming/,hstoday.us,20200311T144500Z,English,United States
BECCS,BECCS,Study Tests Global Warming Mitigation Capacity of Biofuels from Various Crops,https://www.azocleantech.com/news.aspx?newsID=27082,azocleantech.com,20200311T144500Z,English,United States
BECCS,BECCS,Biomass fuels can significantly mitigate global warming,https://eurekalert.org/pub_releases/2020-03/aabu-bfc030920.php,eurekalert.org,20200310T234500Z,English,United States
BECCS,BECCS,Biofuels can greatly reduce carbon emissions : Study,https://www.coloradostar.com/news/264266795/biofuels-can-greatly-reduce-carbon-emissions-study,coloradostar.com,20200310T111500Z,English,United States
BECCS,BECCS,Biomass fuels can significantly mitigate global warming,https://phys.org/news/2020-03-biomass-fuels-significantly-mitigate-global.html,phys.org,20200310T080000Z,English,United States
BECCS,BECCS,Biomass fuels can significantly mitigate global warming,https://www.eurekalert.org/pub_releases/2020-03/aabu-bfc030920.php,eurekalert.org,20200310T043000Z,English,United States
BECCS,BECCS,A Preview Of Key Energy Challenges For The 2020s,https://www.forbes.com/sites/andystone/2020/03/02/a-preview-of-key-energy-challenges-for-the-2020s/,forbes.com,20200302T204500Z,English,United States
BECCS,BECCS,DCD>Energy Smart : Data centers will be vital in the fight against climate change,https://www.datacenterdynamics.com/en/news/dcdenergy-smart-data-centers-will-be-vital-fight-against-climate-change/,datacenterdynamics.com,20200427T113000Z,English,United States
BECCS,BECCS,"Taking the next steps : Stockholm , the Circular City",https://www.datacenterdynamics.com/en/analysis/taking-next-steps-stockholm-circular-city/,datacenterdynamics.com,20200424T123000Z,English,United States
BECCS,BECCS,"Data Centers Accelerate Their Focus on Sustainability , Green Power",https://datacenterfrontier.com/data-centers-accelerate-their-focus-on-sustainability-green-power/,datacenterfrontier.com,20200423T021500Z,English,United States
BECCS,BECCS,Stockholm Exergi pioneering their Bio - Energy Carbon Capture and Storage ( BECCS ) project and district heating,https://www.datacenterdynamics.com/en/event-news/stockholm-exergi-pioneering-their-bio-energy-carbon-capture-and-storage-beccs-project-and-district-heating/,datacenterdynamics.com,20200417T150000Z,English,United States
BECCS,BECCS,Climate Justice and the Ipcc Special Report on Land - The Good Men Project,https://goodmenproject.com/social-justice-2/climate-justice-and-the-ipcc-special-report-on-land/,goodmenproject.com,20200416T133000Z,English,United States
BECCS,BECCS,Biggest Middle Eastern Carbon Capture Plant Commissioned In Qatar,https://medium.com/@trendingresearchnews/biggest-middle-eastern-carbon-capture-plant-commissioned-in-qatar-60ab1c88fc28,medium.com,20200413T143000Z,English,United States
BECCS,BECCS,"Forests : Carbon sequestration , biomass energy , or both ?",https://advances.sciencemag.org/content/6/13/eaay6792.full,advances.sciencemag.org,20200412T143000Z,English,United States
BECCS,BECCS,"To advise on green stimulus , the IEA needs to upgrade its own climate toolbox",http://priceofoil.org/2020/04/09/green-stimulus-iea-needs-to-upgrade-own-climate-toolbox/,priceofoil.org,20200410T001500Z,English,United States
BECCS,BECCS,Governing sun : challenges of geoengineering,https://www.miragenews.com/governing-sun-challenges-of-geoengineering/,miragenews.com,20200406T104500Z,English,United States
BECCS,BECCS,"Report : Biomass , biofuels can help US meet net - zero goal",http://biomassmagazine.com/articles/17176/report-biomass-biofuels-can-help-us-meet-net-zero-goal,biomassmagazine.com,20200701T140000Z,English,United States
BECCS,BECCS,"Report : Biomass , biofuels can help US meet net - zero goal",http://www.biomassmagazine.com/articles/17176/report-biomass-biofuels-can-help-us-meet-net-zero-goal,biomassmagazine.com,20200630T231500Z,English,United States
BECCS,BECCS,Size matters for bioenergy with carbon capture and storage,https://www.sciencedaily.com/releases/2020/06/200629202014.htm,sciencedaily.com,20200630T151500Z,English,United States
BECCS,BECCS,Size matters for Bioenergy with Carbon Capture and Storage as we move to net zero,https://www.miragenews.com/size-matters-for-bioenergy-with-carbon-capture-and-storage-as-we-move-to-net-zero/,miragenews.com,20200630T100000Z,English,United States
BECCS,BECCS,Size matters for bioenergy with carbon capture and storage,https://phys.org/news/2020-06-size-bioenergy-carbon-capture-storage.html,phys.org,20200630T083000Z,English,United States
BECCS,BECCS,Britain Drax to pilot carbon capture with Mitsubishi Heavy Industries,https://www.reuters.com/article/us-drax-carboncapture/britains-drax-to-pilot-carbon-capture-with-mitsubishi-heavy-industries-idUSKBN23U3GT,reuters.com,20200630T081500Z,English,United States
BECCS,BECCS,Size matters for bioenergy with carbon capture and storage,https://www.eurekalert.org/pub_releases/2020-06/uos-smf062920.php,eurekalert.org,20200630T001500Z,English,United States
BECCS,BECCS,"Drax , Mitsubishi piloting bioenergy - carbon capture project in united kingdom",https://www.power-eng.com/2020/06/25/drax-mitsubishi-piloting-bioenergy-carbon-capture-project-in-uk/,power-eng.com,20200625T160000Z,English,United States
BECCS,BECCS,Drax pilots Mitsubishi carbon capture tech at united kingdom power plant,https://www.powerengineeringint.com/renewables/biomass/drax-pilots-mitsubishis-carbon-capture-tech-at-uk-power-plant/,powerengineeringint.com,20200625T111500Z,English,United States
BECCS,BECCS,New BECCS pilot project under development at Drax Power Station,http://www.biomassmagazine.com/articles/17159/new-beccs-pilot-project-under-development-at-drax-power-station,biomassmagazine.com,20200625T003000Z,English,United States
BECCS,BECCS,New BECCS pilot project under development at Drax Power Station,http://biomassmagazine.com/articles/17159/new-beccs-pilot-project-under-development-at-drax-power-station,biomassmagazine.com,20200625T003000Z,English,United States
BECCS,BECCS,Drax and Mitibushi partner on BECCS project,https://www.gasworld.com/drax-and-mitibushi-partner-on-beccs-project/2019367.article,gasworld.com,20200624T120000Z,English,United States
BECCS,BECCS,Britain Drax to pilot carbon capture with Mitsubishi Heavy Industries,https://uk.reuters.com/uk.reuters.com/article/us-drax-carboncapture/britains-drax-to-pilot-carbon-capture-with-mitsubishi-heavy-industries-idUKKBN23U3GT,uk.reuters.com,20200624T073000Z,English,United States
BECCS,BECCS,Negative Emissions Pioneer Drax and Leading Global Carbon Capture Company – Mitsubishi Heavy Industries Group – Announce New BECCS Pilot |,http://cloud.itbusinessnet.com/2020/06/negative-emissions-pioneer-drax-and-leading-global-carbon-capture-company-mitsubishi-heavy-industries-group-announce-new-beccs-pilot/,cloud.itbusinessnet.com,20200624T061500Z,English,United States
BECCS,BECCS,Negative Emissions Pioneer Drax and Leading Global Carbon Capture Company – Mitsubishi Heavy Industries Group – Announce New BECCS Pilot |,http://hardware.itbusinessnet.com/2020/06/negative-emissions-pioneer-drax-and-leading-global-carbon-capture-company-mitsubishi-heavy-industries-group-announce-new-beccs-pilot/,hardware.itbusinessnet.com,20200624T054500Z,English,United States
BECCS,BECCS,Negative Emissions Pioneer Drax and Leading Global Carbon Capture Company – Mitsubishi Heavy Industries Group – Announce New BECCS Pilot |,http://business.itbusinessnet.com/2020/06/negative-emissions-pioneer-drax-and-leading-global-carbon-capture-company-mitsubishi-heavy-industries-group-announce-new-beccs-pilot/,business.itbusinessnet.com,20200624T044500Z,English,United States
BECCS,BECCS,Negative Emissions Pioneer Drax and Leading Global Carbon Capture Company – Mitsubishi Heavy Industries Group – Announce New BECCS Pilot |,http://softwaredev.itbusinessnet.com/2020/06/negative-emissions-pioneer-drax-and-leading-global-carbon-capture-company-mitsubishi-heavy-industries-group-announce-new-beccs-pilot/,softwaredev.itbusinessnet.com,20200624T041500Z,English,United States
BECCS,BECCS,Negative Emissions Pioneer Drax and Leading Global Carbon Capture Company – Mitsubishi Heavy Industries Group – Announce New BECCS Pilot |,http://internet.itbusinessnet.com/2020/06/negative-emissions-pioneer-drax-and-leading-global-carbon-capture-company-mitsubishi-heavy-industries-group-announce-new-beccs-pilot/,internet.itbusinessnet.com,20200624T033000Z,English,United States
BECCS,BECCS,Britain Drax to pilot carbon capture with Mitsubishi Heavy Industries,https://www.agriculture.com/markets/newswire/britains-drax-to-pilot-carbon-capture-with-mitsubishi-heavy-industries,agriculture.com,20200624T023000Z,English,United States
BECCS,BECCS,Britain Drax to pilot carbon capture with Mitsubishi Heavy Industries,https://uk.finance.yahoo.com/news/britains-drax-pilot-carbon-capture-230450358.html,uk.finance.yahoo.com,20200624T001500Z,English,United States
BECCS,BECCS,Britain Drax to pilot carbon capture with Mitsubishi Heavy Industries,https://uk.reuters.com/article/us-drax-carboncapture/britains-drax-to-pilot-carbon-capture-with-mitsubishi-heavy-industries-idUKKBN23U3GT,uk.reuters.com,20200624T000000Z,English,United States
BECCS,BECCS,Britain Drax to pilot carbon capture with Mitsubishi Heavy Industries,https://www.reuters.com/article/us-drax-carboncapture-idUSKBN23U3GT,reuters.com,20200623T234500Z,English,United States
BECCS,BECCS,Global carbon capture and storage pipeline grows by 10 large - scale facilities,https://www.powerengineeringint.com/emissions-environment/global-carbon-capture-and-storage-pipeline-grows-by-10-large-scale-facilities/,powerengineeringint.com,20200617T074500Z,English,United States
BECCS,BECCS,"USIPA , REA criticize Ember report on carbon neutrality of biomass",http://biomassmagazine.com/articles/17142/usipa-rea-criticize-ember-report-on-carbon-neutrality-of-biomass,biomassmagazine.com,20200617T064500Z,English,United States
BECCS,BECCS,"USIPA , REA criticize Ember report on carbon neutrality of biomass",http://www.biomassmagazine.com/articles/17142/usipa-rea-criticize-ember-report-on-carbon-neutrality-of-biomass,biomassmagazine.com,20200617T000000Z,English,United States
BECCS,BECCS,A brief history of climate targets and technological promises,https://www.skepticalscience.com/history-climate-targets-tech-promises.html,skepticalscience.com,20200616T071500Z,English,United States
BECCS,BECCS,6 Ways to Remove Carbon Pollution from the Sky,https://www.wri.org/blog/2020/06/6-ways-remove-carbon-pollution-sky,wri.org,20200609T210000Z,English,United States
BECCS,BECCS,Global carbon capture and storage pipeline grows by 10 large - scale facilities,https://www.power-eng.com/2020/06/09/global-carbon-capture-and-storage-pipeline-grows-by-10-large-scale-facilities/,power-eng.com,20200609T164500Z,English,United States
BECCS,BECCS,Inside Microsoft Mission to Go Carbon Negative,https://ca.finance.yahoo.com/news/inside-microsoft-mission-carbon-negative-090011286.html,ca.finance.yahoo.com,20200609T094500Z,English,United States
BECCS,BECCS,Global CCS Institute adds 10 new projects to global database : Biofuels Digest,http://www.biofuelsdigest.com/bdigest/2020/06/08/global-ccs-institute-adds-10-new-projects-to-global-database/,biofuelsdigest.com,20200609T001500Z,English,United States
BECCS,BECCS,CCS pipeline grows by 10,https://www.gasworld.com/ccs-pipeline-grows-by-10/2019279.article,gasworld.com,20200608T101500Z,English,United States
BECCS,BECCS,Inside Microsoft Mission to Go Carbon Negative,https://finance.yahoo.com/news/inside-microsoft-mission-carbon-negative-090011286.html,finance.yahoo.com,20200608T010000Z,English,United States
BECCS,BECCS,Inside Microsoft mission to go carbon negative | Seattle Times,https://www.union-bulletin.com/seattle_times/inside-microsoft-s-mission-to-go-carbon-negative/article_81755c6c-36eb-51fd-bfbd-2f017e83b2cd.html,union-bulletin.com,20200607T124500Z,English,United States
BECCS,BECCS,Making sense of climate scenarios : Toolkit for decision - makers launched,https://phys.org/news/2020-06-climate-scenarios-toolkit-decision-makers.html,phys.org,20200605T133000Z,English,United States
BECCS,BECCS,Inside Microsoft Mission to Go Carbon Negative,https://finance.yahoo.com/news/inside-microsoft-mission-carbon-negative-090011910.html,finance.yahoo.com,20200605T014500Z,English,United States
BECCS,BECCS,Inside Microsoft Mission to Go Carbon Negative | Data Center Knowledge,https://www.datacenterknowledge.com:443/energy/inside-microsoft-s-mission-go-carbon-negative,datacenterknowledge.com,20200604T200000Z,English,United States
BECCS,BECCS,Inside Microsoft Mission to Go Carbon Negative,https://www.msn.com/en-us/finance/markets/inside-microsoft-e2-80-99s-mission-to-go-carbon-negative/ar-BB151mlT,msn.com,20200604T110000Z,English,United States
BECCS,BECCS,Making sense of climate scenarios : New toolkit available for decision makers,https://www.newswise.com/articles/making-sense-of-climate-scenarios-new-toolkit-available-for-decision-makers,newswise.com,20200603T123000Z,English,United States
BECCS,BECCS,Making sense of climate scenarios : New toolkit available for decision makers,https://www.miragenews.com/making-sense-of-climate-scenarios-new-toolkit-available-for-decision-makers/,miragenews.com,20200603T081500Z,English,United States
BECCS,BECCS,UK details plans for future of the CfD scheme | Biomassmagazine . com,http://biomassmagazine.com/articles/17551/uk-details-plans-for-future-of-the-cfd-scheme/,biomassmagazine.com,20201126T064500Z,English,United States
BECCS,BECCS,UK details plans for future of the CfD scheme | Biomassmagazine . com,http://www.biomassmagazine.com/articles/17551/uk-details-plans-for-future-of-the-cfd-scheme,biomassmagazine.com,20201126T010000Z,English,United States
BECCS,BECCS,Toshiba Starts Operation of Large - Scale Carbon Capture Facility,https://www.pressreleasepoint.com/toshiba-starts-operation-large-scale-carbon-capture-facility,pressreleasepoint.com,20201121T213000Z,English,United States
BECCS,BECCS,"UK 10 - point plan addresses SAF , move to zero - emissions vehicles",http://biomassmagazine.com/articles/17533/uk-10-point-plan-addresses-saf-move-to-zero-emissions-vehicles,biomassmagazine.com,20201121T111500Z,English,United States
BECCS,BECCS,Optimising Miscanthus for a Sustainable Bioeconomy – Advanced BioFuels united states,https://advancedbiofuelsusa.info/optimising-miscanthus-for-a-sustainable-bioeconomy/,advancedbiofuelsusa.info,20201120T181500Z,English,United States
BECCS,BECCS,"Miscanthus can contribute to united kingdom net zero targets via bioenergy , biofuels : Biofuels Digest",https://www.biofuelsdigest.com/bdigest/2020/11/19/miscanthus-can-contribute-to-uk-net-zero-targets-via-bioenergy-biofuels/,biofuelsdigest.com,20201120T040000Z,English,United States
BECCS,BECCS,Ethanol Producer Magazine – The Latest News and Data About Ethanol Production,http://www.ethanolproducer.com/articles/17748/uk-10-point-plan-addresses-saf-move-to-zero-emissions-vehicles,ethanolproducer.com,20201119T013000Z,English,United States
BECCS,BECCS,"UK 10 - point plan addresses SAF , move to zero - emissions vehicles",http://www.biomassmagazine.com/articles/17533/uk-10-point-plan-addresses-saf-move-to-zero-emissions-vehicles,biomassmagazine.com,20201119T013000Z,English,United States
BECCS,BECCS,Biodiesel Magazine - The Latest News and Data About Biodiesel Production,http://www.biodieselmagazine.com/articles/2517263/uk-10-point-plan-addresses-saf-move-to-zero-emissions-vehicles,biodieselmagazine.com,20201119T000000Z,English,United States
BECCS,BECCS,"Solar is now  cheapest electricity in history , confirms IEA",https://www.skepticalscience.com/solar-cheapest-in-history-iea.html,skepticalscience.com,20201110T090000Z,English,United States
BECCS,BECCS,Shell technology evaluated for carbon dioxide capture project,https://www.energyglobal.com/other-renewables/06112020/shell-technology-evaluated-for-carbon-dioxide-capture-project/,energyglobal.com,20201108T110000Z,English,United States
BECCS,BECCS,Shell Catalysts & Technologies inks deal with Drax Power,https://www.hydrocarbonengineering.com/the-environment/05112020/shell-catalysts-technologies-inks-deal-with-drax-power/,hydrocarbonengineering.com,20201105T113000Z,English,United States
BECCS,BECCS,The U . S . Is Now Officially Out of the Paris Agreement,https://newrepublic.com/article/160049/us-now-officially-paris-agreement,newrepublic.com,20201104T124500Z,English,United States
BECCS,BECCS,"Drax increases wood pellet production , reduces costs",http://biomassmagazine.com/articles/17766/drax-increases-wood-pellet-production-reduces-costs/,biomassmagazine.com,20210228T100000Z,English,United States
BECCS,BECCS,Drax Cancels Plan to Build Europe Largest Natural Gas Power Plant,https://www.greentechmedia.com/articles/read/plans-to-build-europes-largest-gas-plant-axed,greentechmedia.com,20210226T154500Z,English,United States
BECCS,BECCS,"Drax increases wood pellet production , reduces costs",http://biomassmagazine.com/articles/17766/drax-increases-wood-pellet-production-reduces-costs,biomassmagazine.com,20210226T060000Z,English,United States
BECCS,BECCS,ICEF 2020 Roadmap : Biomass Carbon Removal and Storage ( BiCRS ) – Advanced BioFuels united states,https://advancedbiofuelsusa.info/icef-2020-roadmap-biomass-carbon-removal-and-storage-bicrs/,advancedbiofuelsusa.info,20210226T034500Z,English,United States
BECCS,BECCS,"Drax increases wood pellet production , reduces costs",http://www.biomassmagazine.com/articles/17766/drax-increases-wood-pellet-production-reduces-costs,biomassmagazine.com,20210226T004500Z,English,United States
BECCS,BECCS,Power station scraps controversial plan to become Europe biggest gas - fired plant,https://www.msn.com/en-gb/news/world/power-station-scraps-controversial-plan-to-become-europes-biggest-gas-fired-plant/ar-BB1e0Qsb,msn.com,20210225T173000Z,English,United States
BECCS,BECCS,Drax scraps plan for Europe largest gas plant after climate protests,https://www.msn.com/en-gb/money/news/drax-scraps-plan-for-yorkshire-gas-plant-after-climate-protests/ar-BB1e0fWI?MSCC=1603201729,msn.com,20210225T104500Z,English,United States
BECCS,BECCS,Drax scraps plan for Europe largest gas plant after climate protests,https://www.msn.com/en-gb/money/news/drax-scraps-plan-for-yorkshire-gas-plant-after-climate-protests/ar-BB1e0fWI?MSCC=1604350566,msn.com,20210225T101500Z,English,United States
BECCS,BECCS,Drax scraps plan for Europe largest gas plant after climate protests,https://www.msn.com/en-gb/money/news/drax-scraps-plan-for-europe-s-largest-gas-plant-after-climate-protests/ar-BB1e0fWI?MSCC=1604527960,msn.com,20210225T101500Z,English,United States
BECCS,BECCS,Drax scraps plan for Yorkshire gas plant after climate protests,https://www.msn.com/en-gb/money/news/drax-scraps-plan-for-yorkshire-gas-plant-after-climate-protests/ar-BB1e0fWI,msn.com,20210225T091500Z,English,United States
BECCS,BECCS,"Enviva Partners , LP Reports Financial Results for the Fourth Quarter and Full Year of 2020 and Announces Commitment to  Net Zero  | Region",https://www.enidnews.com/region/enviva-partners-lp-reports-financial-results-for-the-fourth-quarter-and-full-year-of-2020/article_0815c9a1-2004-57d5-8b75-8a990e5c9f65.html,enidnews.com,20210225T024500Z,English,United States
BECCS,BECCS,A Sponge to Soak Up Carbon Dioxide in the Air,https://scienceblog.com/521221/a-sponge-to-soak-up-carbon-dioxide-in-the-air/,scienceblog.com,20210223T194500Z,English,United States
BECCS,BECCS,A sponge to soak up carbon dioxide in the air,https://phys.org/news/2021-02-sponge-carbon-dioxide-air.html,phys.org,20210223T144500Z,English,United States
BECCS,BECCS,A Sponge to Soak Up Carbon Dioxide in the Air,https://newscenter.lbl.gov/2021/02/22/a-sponge-to-soak-up-carbon-dioxide-in-the-air/,newscenter.lbl.gov,20210222T191500Z,English,United States
BECCS,BECCS,A Sponge to Soak Up Carbon Dioxide in Air,https://www.miragenews.com/a-sponge-to-soak-up-carbon-dioxide-in-517667/,miragenews.com,20210222T153000Z,English,United States
BECCS,BECCS,Drax signs agreement to acquire Pinnacle Renewable Energy,http://biomassmagazine.com/articles/17715/drax-signs-agreement-to-acquire-pinnacle-renewable-energy,biomassmagazine.com,20210222T090000Z,English,United States
BECCS,BECCS,New study helps policymakers combat global warming with negative - emissions technology,https://phys.org/news/2021-02-policymakers-combat-global-negative-emissions-technology.html,phys.org,20210218T164500Z,English,United States
BECCS,BECCS,From Tree Planting to CO2 - Sucking Machines : How Could  Negative Emission Help to Tackle the Climate Crisis ? – Advanced BioFuels united states,https://advancedbiofuelsusa.info/from-tree-planting-to-co2-sucking-machines-how-could-negative-emissions-help-to-tackle-the-climate-crisis/,advancedbiofuelsusa.info,20210217T231500Z,English,United States
BECCS,BECCS,Exclusive telecom discounts for low - carbon energy companies,https://energy.einnews.com/pr_news/535570987/exclusive-telecom-discounts-for-low-carbon-energy-companies,energy.einnews.com,20210216T231500Z,English,United States
BECCS,BECCS,Report : the Network for Greening the Financial System ( NGFS ) must revise its climate scenarios to drive decarbonization in the financial sector,http://priceofoil.org/2021/02/14/report-the-network-for-greening-the-financial-system-ngfs-must-revise-its-climate-scenarios-to-drive-decarbonization-in-the-financial-sector/,priceofoil.org,20210215T053000Z,English,United States
BECCS,BECCS,Drax to Acquire Pinnacle Renewable Energy – a Major Canada - Based International Supplier of Sustainable Biomass Fuel,https://www.globenewswire.com/news-release/2021/02/08/2171335/0/en/Drax-to-Acquire-Pinnacle-Renewable-Energy-a-Major-Canada-Based-International-Supplier-of-Sustainable-Biomass-Fuel.html,globenewswire.com,20210212T221500Z,English,United States
BECCS,BECCS,The push for standing forest protections in US climate policy,https://www.greenbiz.com/article/push-standing-forest-protections-us-climate-policy,greenbiz.com,20210211T101500Z,English,United States
BECCS,BECCS,Hydrogen and CCS – Building blocks for a low - carbon future,https://www.gasworld.com/hydrogen-and-ccs-building-blocks-for-a-low-carbon-future/2020507.article,gasworld.com,20210210T163000Z,English,United States
BECCS,BECCS,Drax signs agreement to acquire Pinnacle Renewable Energy,http://www.biomassmagazine.com/articles/17715/drax-signs-agreement-to-acquire-pinnacle-renewable-energy,biomassmagazine.com,20210209T014500Z,English,United States
BECCS,BECCS,"Biomass - Pinnacle Renewable Energy to be Acquired by Drax Group - Renewable Energy Magazine , at the heart of clean energy journalism",https://www.renewableenergymagazine.com/biomass/pinnacle-renewable-energy-to-be-acquired-by-20210208,renewableenergymagazine.com,20210209T010000Z,English,United States
BECCS,BECCS,Drax to Acquire Pinnacle Renewable Energy – a Major Canada - Based International Supplier of Sustainable Biomass Fuel,https://energy.einnews.com/pr_news/535335534/drax-to-acquire-pinnacle-renewable-energy-a-major-canada-based-international-supplier-of-sustainable-biomass-fuel,energy.einnews.com,20210208T180000Z,English,United States
BECCS,BECCS,Business Briefs | Biomassmagazine . com,http://www.biomassmagazine.com/articles/17695/business-briefs,biomassmagazine.com,20210208T110000Z,English,United States
BECCS,BECCS,PX Group  confident  in bid to kick - start Humber blue hydrogen scheme,https://www.upstreamonline.com/energy-transition/px-group-confident-in-bid-to-kick-start-humber-blue-hydrogen-scheme/2-1-958419,upstreamonline.com,20210208T034500Z,English,United States
BECCS,BECCS,Drax completes sale of natural gas - fueled assets,http://biomassmagazine.com/articles/17702/drax-completes-sale-of-natural-gas-fueled-assets,biomassmagazine.com,20210204T033000Z,English,United States
BECCS,BECCS,Drax completes sale of natural gas - fueled assets,http://www.biomassmagazine.com/articles/17702/drax-completes-sale-of-natural-gas-fueled-assets,biomassmagazine.com,20210201T231500Z,English,United States
BECCS,BECCS,The Net Zero Mirage,https://www.citywatchla.com/index.php/cw/los-angeles/21834-the-net-zero-mirage,citywatchla.com,20210601T041500Z,English,United States
BECCS,BECCS,USDA Report Notes Role of Biofuels in Carbon Reduction,https://energy.agwired.com/2021/05/21/usda-report-notes-role-of-biofuels-in-carbon-reduction/,energy.agwired.com,20210531T191500Z,English,United States
BECCS,BECCS,The Net Zero Mirage,https://www.bignewsnetwork.com/news/269679605/the-net-zero-mirage,bignewsnetwork.com,20210529T120000Z,English,United States
BECCS,BECCS,The Net Zero Mirage,https://www.pressenza.com/2021/05/the-net-zero-mirage/,pressenza.com,20210529T103000Z,English,United States
BECCS,BECCS,The Net Zero Mirage | Dissident Voice,https://dissidentvoice.org/2021/05/the-net-zero-mirage/,dissidentvoice.org,20210528T211500Z,English,United States
BECCS,BECCS,Report discusses role of BECCS in reaching net zero goal,http://www.biomassmagazine.com/articles/18036/report-discusses-role-of-beccs-in-reaching-net-zero-goal,biomassmagazine.com,20210527T221500Z,English,United States
BECCS,BECCS,Report discusses role of BECCS in reaching net zero goal,http://biomassmagazine.com/articles/18036/report-discusses-role-of-beccs-in-reaching-net-zero-goal,biomassmagazine.com,20210527T220000Z,English,United States
BECCS,BECCS,Report discusses role of BECCS in reaching net zero goal,http://biomassmagazine.com/articles/18036/report-discusses-role-of-beccs-in-reaching-net-zero-goal/,biomassmagazine.com,20210527T201500Z,English,United States
BECCS,BECCS,IDTechEx : Can direct air capture really help to fight climate change ?,https://www.hydrocarbonengineering.com/the-environment/27052021/idtechex-can-direct-air-capture-really-help-to-fight-climate-change/,hydrocarbonengineering.com,20210527T104500Z,English,United States
BECCS,BECCS,Do Biofuels Have a Role in Delivering Net Zero ? – Advanced BioFuels united states,https://advancedbiofuelsusa.info/do-biofuels-have-a-role-in-delivering-net-zero/,advancedbiofuelsusa.info,20210526T153000Z,English,United States
BECCS,BECCS,IDTechEx Discuss If Direct Air Capture Can Really Help in the Fight Against Climate Change,https://www.prnewswire.com:443/news-releases/idtechex-discuss-if-direct-air-capture-can-really-help-in-the-fight-against-climate-change-301300030.html,prnewswire.com,20210526T151500Z,English,United States
BECCS,BECCS,Spatially explicit analysis identifies significant potential for bioenergy with carbon capture and storage in China,https://www.nature.com/articles/s41467-021-23282-x,nature.com,20210526T100000Z,English,United States
BECCS,BECCS,Do biofuels have a role in delivering net zero ? : Biofuels Digest,https://www.biofuelsdigest.com/bdigest/2021/05/25/do-biofuels-have-a-role-in-delivering-net-zero/,biofuelsdigest.com,20210526T031500Z,English,United States
BECCS,BECCS,Carbon removal can and must be part of the climate justice agenda,https://thehill.com/opinion/energy-environment/555267-carbon-removal-can-and-must-be-part-of-the-climate-justice-agenda,thehill.com,20210525T190000Z,English,United States
BECCS,BECCS,Carbon removal can and must be part of the climate justice agenda,https://www.msn.com/en-us/news/politics/carbon-removal-can-and-must-be-part-of-the-climate-justice-agenda/ar-AAKmTsG,msn.com,20210525T170000Z,English,United States
BECCS,BECCS,Net - Zero Emissions : Winning Strategy or Destined for Failure ?,https://e360.yale.edu/features/net-zero-emissions-winning-strategy-or-destined-for-failure,e360.yale.edu,20210525T094500Z,English,United States
BECCS,BECCS,Peel NRE and BIG secure funding for Ince Bioenergy Carbon Capture and Storage project,https://www.energyglobal.com/special-reports/25052021/peel-nre-and-big-secure-funding-for-ince-bioenergy-carbon-capture-and-storage-project/,energyglobal.com,20210525T091500Z,English,United States
BECCS,BECCS,Are plans for a carbon - negative power plant too costly to be worth it ?,https://www.newscientist.com/article/2278434-are-plans-for-a-carbon-negative-power-plant-too-costly-to-be-worth-it/,newscientist.com,20210525T001500Z,English,United States
BECCS,BECCS,"Beavers , the Landscape , Carbon , Methane , and Climate Change",https://www.nakedcapitalism.com/2021/05/beavers-the-landscape-carbon-methane-and-climate-change.html,nakedcapitalism.com,20210523T221500Z,English,United States
BECCS,BECCS,"USDA issues progress report on climate smart ag , forestry",http://biomassmagazine.com/articles/18019/usda-issues-progress-report-on-climate-smart-ag-forestry,biomassmagazine.com,20210523T151500Z,English,United States
BECCS,BECCS,"USDA issues progress report on climate smart ag , forestry",http://biomassmagazine.com/articles/18019/usda-issues-progress-report-on-climate-smart-ag-forestry/,biomassmagazine.com,20210522T013000Z,English,United States
BECCS,BECCS,Ethanol Producer Magazine – The Latest News and Data About Ethanol Production,http://www.ethanolproducer.com/articles/18265/usda-issues-progress-report-on-climate-smart-ag-forestry,ethanolproducer.com,20210521T223000Z,English,United States
BECCS,BECCS,Biodiesel Magazine - The Latest News and Data About Biodiesel Production,http://www.biodieselmagazine.com/articles/2517571/usda-issues-progress-report-on-climate-smart-ag-forestry,biodieselmagazine.com,20210521T211500Z,English,United States
BECCS,BECCS,"USDA issues progress report on climate smart ag , forestry",http://www.biomassmagazine.com/articles/18019/usda-issues-progress-report-on-climate-smart-ag-forestry,biomassmagazine.com,20210521T211500Z,English,United States
BECCS,BECCS,USDA Releases 90 - Day Progress Report on Climate - Smart Agriculture and Forestry – Advanced BioFuels united states,https://advancedbiofuelsusa.info/usda-releases-90-day-progress-report-on-climate-smart-agriculture-and-forestry/,advancedbiofuelsusa.info,20210520T163000Z,English,United States
BECCS,BECCS,Half of the world emission reductions will require commercially unavailable technology,https://www.wiredprnews.com/half-of-the-worlds-emission-reductions-will-require-commercially-unavailable-technology/,wiredprnews.com,20210518T074500Z,English,United States
BECCS,BECCS,"Biomass - Drax to Kickstart Development of  Arkansas Pellet Plants - Renewable Energy Magazine , at the heart of clean energy journalism",https://www.renewableenergymagazine.com/biomass/drax-to-kickstart-development-of-arkansas-pellet-20210517,renewableenergymagazine.com,20210517T173000Z,English,United States
BECCS,BECCS,Carbon180 Unveils Carbon Removal Policy Roadmap for 2021,https://www.globenewswire.com/en/news-release/2021/05/13/2228898/0/en/Carbon180-Unveils-Carbon-Removal-Policy-Roadmap-for-2021-and-Beyond.html,globenewswire.com,20210517T023000Z,English,United States
BECCS,BECCS,Carbon180 Unveils Carbon Removal Policy Roadmap for 2021,https://www.globenewswire.com/news-release/2021/05/13/2228898/0/en/Carbon180-Unveils-Carbon-Removal-Policy-Roadmap-for-2021-and-Beyond.html,globenewswire.com,20210513T201500Z,English,United States
BECCS,BECCS,Environmental News For The Week Ending 09 May 2019,http://econintersect.com/pages/contributors/contributor.php?post=202105112359,econintersect.com,20210512T054500Z,English,United States
BECCS,BECCS,1 . 5° C degrowth scenarios suggest need for new mitigation pathways,https://phys.org/news/2021-05-degrowth-scenarios-mitigation-pathways.html,phys.org,20210511T161500Z,English,United States
BECCS,BECCS,Climate modelling shows  degrowth  less technologically risky,https://www.miragenews.com/climate-modelling-shows-degrowth-less-558171/,miragenews.com,20210511T150000Z,English,United States
BECCS,BECCS,1 . 5°C degrowth scenarios suggest need for new mitigation pathways : Research,https://www.eurekalert.org/pub_releases/2021-05/uos-1ds050721.php,eurekalert.org,20210511T093000Z,English,United States
BECCS,BECCS,Energy : What do we need to do to get to net - zero by 2050 ?,https://www.weforum.org/agenda/2021/05/net-zero-carbon-future-2050-irena-energy-transition/,weforum.org,20210510T173000Z,English,United States
BECCS,BECCS,Drax to construct pellet plants in Arkansas,https://www.energyglobal.com/bioenergy/10052021/drax-to-construct-pellet-plants-in-arkansas/,energyglobal.com,20210510T143000Z,English,United States
BECCS,BECCS,"Kelp , Trophic Cascades , and Climate | naked capitalism",https://www.nakedcapitalism.com/2021/05/kelp-tropic-cascades-and-climate.html,nakedcapitalism.com,20210509T221500Z,English,United States
BECCS,BECCS,Drax to kickstart development of 3 Arkansas pellet plants,http://www.biomassmagazine.com/articles/17978/drax-to-kickstart-development-of-3-arkansas-pellet-plants,biomassmagazine.com,20210507T013000Z,English,United States
BECCS,BECCS,"Drax Group will build three wood pellet plants in state , with first in Leola",http://www.magnoliareporter.com/news_and_business/local_business/article_757690e4-aea8-11eb-ba21-bb6195ea1ba0.html,magnoliareporter.com,20210506T234500Z,English,United States
BECCS,BECCS,Drax to kickstart development of 3 Arkansas pellet plants,http://biomassmagazine.com/articles/17978/drax-to-kickstart-development-of-3-arkansas-pellet-plants,biomassmagazine.com,20210506T223000Z,English,United States
BECCS,BECCS,Climate action potential in waste incineration plants,https://www.newswise.com/articles/climate-action-potential-in-waste-incineration-plants,newswise.com,20210505T020000Z,English,United States
BECCS,BECCS,Environmental News Network - Climate Action Potential In Waste Incineration Plants,https://www.enn.com/articles/67738-climate-action-potential-in-waste-incineration-plants,enn.com,20210504T191500Z,English,United States
BECCS,BECCS,Climate action potential in waste incineration plants,https://phys.org/news/2021-05-climate-action-potential-incineration.html,phys.org,20210504T120000Z,English,United States
BECCS,BECCS,Climate action potential in waste incineration plants,https://www.eurekalert.org/pub_releases/2021-05/ez-ca050321.php,eurekalert.org,20210504T043000Z,English,United States
BECCS,BECCS,Drax Group deploys Solace to improve its IT infrastructure,http://biomassmagazine.com/articles/17866/drax-group-deploys-solace-to-improve-its-it-infrastructure,biomassmagazine.com,20210503T070000Z,English,United States
BECCS,BECCS,Bechtel announces partnership for constructing more energy efficient data centers,https://www.utilitydive.com/news/bechtel-announces-partnership-for-constructing-more-energy-efficient-data-c/602529/,utilitydive.com,20210629T141500Z,English,United States
BECCS,BECCS,Bechtel announces partnership for constructing more efficient data centers,https://www.constructiondive.com/news/bechtel-announces-partnership-for-constructing-more-efficient-data-centers/601845/,constructiondive.com,20210623T184500Z,English,United States
BECCS,BECCS,CCUS : Big Opportunity and Hard Questions,https://www.powermag.com/ccus-big-opportunity-and-hard-questions/,powermag.com,20210622T220000Z,English,United States
BECCS,BECCS,"Bioenergy : How Sustainable , How Needed ? – Advanced BioFuels united states",https://advancedbiofuelsusa.info/bioenergy-how-sustainable-how-needed/,advancedbiofuelsusa.info,20210622T154500Z,English,United States
BECCS,BECCS,Phoenix BioPower explores next generation BECCS for Drax,http://www.biomassmagazine.com/articles/18089/phoenix-biopower-explores-next-generation-beccs-for-drax,biomassmagazine.com,20210622T013000Z,English,United States
BECCS,BECCS,Phoenix BioPower explores next generation BECCS for Drax,http://biomassmagazine.com/articles/18089/phoenix-biopower-explores-next-generation-beccs-for-drax,biomassmagazine.com,20210622T004500Z,English,United States
BECCS,BECCS,"Bioenergy : how sustainable , how needed ? : Biofuels Digest",https://www.biofuelsdigest.com/bdigest/2021/06/21/bioenergy-how-sustainable-how-needed/,biofuelsdigest.com,20210621T234500Z,English,United States
BECCS,BECCS,Drax and Phoenix BioPower explore next - gen BECCS tech,https://www.gasworld.com/drax-and-phoenix-biopower-explore-next-gen-beccs-tech/2021105.article,gasworld.com,20210618T194500Z,English,United States
BECCS,BECCS,Bechtel and Drax partner on bioenergy with carbon - capture projects - Chemical Engineering,https://chemengonline.com/bechtel-and-drax-partner-on-bioenergy-with-carbon-capture-projects/,chemengonline.com,20210616T110000Z,English,United States
BECCS,BECCS,FS Innovates with First BECCS ( Bioenergy with Carbon Capture and Storage ) Project in South America – Advanced BioFuels united states,https://advancedbiofuelsusa.info/fs-innovates-with-first-beccs-bioenergy-with-carbon-capture-and-storage-project-in-south-america/,advancedbiofuelsusa.info,20210615T171500Z,English,United States
BECCS,BECCS,FS to implement BECCS to become world first negative carbon biorefinery : Biofuels Digest,https://www.biofuelsdigest.com/bdigest/2021/06/14/fs-to-implement-beccs-to-become-worlds-first-negative-carbon-biorefinery/,biofuelsdigest.com,20210615T024500Z,English,United States
BECCS,BECCS,FS innovates with first BECCS carbon storage project | Biofuels International Magazine,https://biofuels-news.com/news/fs-innovates-with-first-beccs-carbon-storage-project/,biofuels-news.com,20210614T160000Z,English,United States
BECCS,BECCS,FS Innovates With First BECCS ( Bioenergy With Carbon Capture And Storage ) Project In South America,https://www.pollutiononline.com/doc/fs-innovates-with-first-beccs-bioenergy-with-carbon-capture-and-storage-project-in-south-america-0001,pollutiononline.com,20210614T123000Z,English,United States
BECCS,BECCS,Carbon offset prices set to increase tenfold by 2030,https://www.greenbiz.com/article/carbon-offset-prices-set-increase-tenfold-2030,greenbiz.com,20210614T110000Z,English,United States
BECCS,BECCS,FS innovates with first BECCS ( Bioenergy with Carbon Capture and Storage ) project in South America,https://www.prnewswire.com/news-releases/fs-innovates-with-first-beccs-bioenergy-with-carbon-capture-and-storage-project-in-south-america-301310511.html,prnewswire.com,20210611T154500Z,English,United States
BECCS,BECCS,FS innovates with first BECCS ( Bioenergy with Carbon Capture and Storage ) project in South America,https://www.tmcnet.com/usubmit/2021/06/11/9388916.htm,tmcnet.com,20210611T134500Z,English,United States
BECCS,BECCS,FS innovates with first BECCS ( Bioenergy with Carbon Capture and Storage ) project in South America,https://www.prnewswire.com:443/news-releases/fs-innovates-with-first-beccs-bioenergy-with-carbon-capture-and-storage-project-in-south-america-301310511.html,prnewswire.com,20210611T133000Z,English,United States
BECCS,BECCS,FS innovates with first BECCS ( Bioenergy with Carbon Capture and Storage ) project in South America,https://www.tmcnet.com/usubmit/-fs-innovates-with-first-beccs-bioenergy-with-carbon-/2021/06/11/9388916.htm,tmcnet.com,20210611T133000Z,English,United States
BECCS,BECCS,"Drax , Mitsubishi partner on BECCS project | Biomassmagazine . com",http://biomassmagazine.com/articles/18066/drax-mitsubishi-partner-on-beccs-project/,biomassmagazine.com,20210611T021500Z,English,United States
BECCS,BECCS,"Drax , Mitsubishi partner on BECCS project | Biomassmagazine . com",http://www.biomassmagazine.com/articles/18066/drax-mitsubishi-partner-on-beccs-project,biomassmagazine.com,20210611T013000Z,English,United States
BECCS,BECCS,"Drax , Mitsubishi partner on BECCS project | Biomassmagazine . com",http://biomassmagazine.com/articles/18066/drax-mitsubishi-partner-on-beccs-project,biomassmagazine.com,20210611T000000Z,English,United States
BECCS,BECCS,Why We Shouldnt Buy Into the Idea of Engineering Our Way Out of the Climate Crisis,https://www.onegreenplanet.org/environment/why-we-shouldnt-buy-into-the-idea-of-engineering-our-way-out-of-the-climate-crisis/,onegreenplanet.org,20210610T170000Z,English,United States
BECCS,BECCS,Drax and Mitsubishi sign pioneering CCUS power project deal,https://www.gasworld.com/drax-and-mitsubishi-sign-pioneering-ccus-power-project-deal/2021046.article,gasworld.com,20210610T130000Z,English,United States
BECCS,BECCS,UK Drax signs deal with Mitsubishi for negative - emissions capture technology,https://www.reuters.com/business/sustainable-business/uks-drax-signs-deal-with-mitsubishi-negative-emissions-capture-technology-2021-06-09/,reuters.com,20210610T000000Z,English,United States
BECCS,BECCS,Bechtel and Drax partner on bioenergy with carbon - capture projects - Chemical Engineering,https://www.chemengonline.com/bechtel-and-drax-partner-on-bioenergy-with-carbon-capture-projects/,chemengonline.com,20210608T220000Z,English,United States
BECCS,BECCS,"As A Proven And Flexible Technology , Carbon Capture Can Help Enable Net Zero – If We Support It",https://www.forbes.com/sites/mitsubishiheavyindustries/2021/06/08/as-a-proven-and-flexible-technology-carbon-capture-can-help-enable-net-zero--if-we-support-it/,forbes.com,20210608T181500Z,English,United States
BECCS,BECCS,"Bechtel , Drax partner to explore opportunities for BECCS",http://www.biomassmagazine.com/articles/18055/bechtel-drax-partner-to-explore-opportunities-for-beccs,biomassmagazine.com,20210608T023000Z,English,United States
BECCS,BECCS,"Bechtel , Drax partner to explore opportunities for BECCS",http://biomassmagazine.com/articles/18055/bechtel-drax-partner-to-explore-opportunities-for-beccs,biomassmagazine.com,20210608T021500Z,English,United States
BECCS,BECCS,Bechtel working with Drax to build biomass plants with carbon capture & storage,http://humanitariannews.org/20210607/bechtel-working-drax-build-biomass-plants-carbon-capture-storage,humanitariannews.org,20210607T154500Z,English,United States
BECCS,BECCS,Ten - fold increase in carbon offset cost predicted,https://phys.org/news/2021-06-ten-fold-carbon-offset.html,phys.org,20210604T171500Z,English,United States
BECCS,BECCS,Ten - fold increase in carbon offset cost predicted,https://www.eurekalert.org/pub_releases/2021-06/ucl-tii060421.php,eurekalert.org,20210604T163000Z,English,United States
BECCS,BECCS,"Drax , Bechtel team up to look into new bioenergy / carbon capture plants",https://www.reuters.com/business/sustainable-business/drax-bechtel-team-up-look-into-new-bioenergycarbon-capture-plants-2021-06-04/,reuters.com,20210604T153000Z,English,United States
BECCS,BECCS,Bechtel and Drax partner to explore global opportunities for new build Bioenergy with Carbon Capture and Storage ( BECCS ),https://www.tmcnet.com/usubmit/2021/06/04/9384296.htm,tmcnet.com,20210604T144500Z,English,United States
BECCS,BECCS,Bechtel and Drax partner to explore global opportunities for new build Bioenergy with Carbon Capture and Storage ( BECCS ),https://www.prnewswire.com/news-releases/bechtel-and-drax-partner-to-explore-global-opportunities-for-new-build-bioenergy-with-carbon-capture-and-storage-beccs-301306059.html,prnewswire.com,20210604T144500Z,English,United States
BECCS,BECCS,Bechtel and Drax partner to explore global opportunities for new build Bioenergy with Carbon Capture and Storage ( BECCS ),https://www.prnewswire.com:443/news-releases/bechtel-and-drax-partner-to-explore-global-opportunities-for-new-build-bioenergy-with-carbon-capture-and-storage-beccs-301306059.html,prnewswire.com,20210604T143000Z,English,United States
BECCS,BECCS,Nasdaq buys big stake in carbon removal marketplace,https://www.greenbiz.com/article/nasdaq-buys-big-stake-carbon-removal-marketplace,greenbiz.com,20210602T093000Z,English,United States
BECCS,BECCS,The Net Zero Mirage,https://www.citywatchla.com/index.php/cw/los-angeles/21834-the-net-zero-mirage,citywatchla.com,20210601T041500Z,English,United States
BECCS,BECCS,"Chevron , Partners Advance Groundbreaking Carbon Capture Project in California Central Valley",https://www.naturalgasintel.com/chevron-partners-advance-groundbreaking-carbon-capture-project-in-californias-central-valley/,naturalgasintel.com,20211231T061500Z,English,United States
BECCS,BECCS,Drax Group plc ( via Public ) / Powering a greener 2022 : Happy New Year from Drax,http://www.publicnow.com/view/DF5A8387B7B3136C67E0759DADD5B6C68F1FDFAB,publicnow.com,20211230T123000Z,English,United States
BECCS,BECCS,"Global Carbon Capture , Utilization and Storage ( CCUS )",https://www.globenewswire.com/news-release/2021/12/29/2358738/0/en/Global-Carbon-Capture-Utilization-and-Storage-CCUS-Growth-Opportunities.html,globenewswire.com,20211229T150000Z,English,United States
BECCS,BECCS,"Funding for  sustainable biomas a drop in the ocean compared with Drax subsidies , campaigners say",https://www.nationofchange.org/2021/12/24/funding-for-sustainable-biomass-a-drop-in-the-ocean-compared-with-drax-subsidies-campaigners-say/,nationofchange.org,20211224T210000Z,English,United States
BECCS,BECCS,Drax to invest £40M in next stage of BECCS project,http://www.biomassmagazine.com/articles/18574/drax-to-invest-l40m-in-next-stage-of-beccs-project,biomassmagazine.com,20211221T233000Z,English,United States
BECCS,BECCS,Many Hands Make Light Work : Widening the U . S . Path Forward from COP26,https://pubs.acs.org/doi/10.1021/acs.est.1c07965,pubs.acs.org,20211221T231500Z,English,United States
BECCS,BECCS,Carbon Pipelines in the Hawkeye State | naked capitalism,https://www.nakedcapitalism.com/2021/12/carbon-pipelines-in-the-hawkeye-state.html,nakedcapitalism.com,20211219T193000Z,English,United States
BECCS,BECCS,Meeting global challenges with regenerative agriculture producing food and energy,https://www.nature.com/articles/s41893-021-00827-y,nature.com,20211218T233000Z,English,United States
BECCS,BECCS,Drax Group plc ( via Public ) / Riverbend Elementary School awarded Drax  Classroom of the Month,http://www.publicnow.com/view/58D7525BA667CB1E142D158675166AA7F750227E,publicnow.com,20211216T184500Z,English,United States
BECCS,BECCS,"Biomass - Drax to Invest £40M in Next Stage of Carbon Capture Project - Renewable Energy Magazine , at the heart of clean energy journalism",https://www.renewableenergymagazine.com/biomass/drax-to-invest-40m-in-next-stage-20211216,renewableenergymagazine.com,20211216T160000Z,English,United States
BECCS,BECCS,Carbon Capture : The Vacuum the Climate May Depend On,https://www.washingtonpost.com/business/energy/carbon-capture-the-vacuum-the-climate-may-depend-on/2021/12/16/ade76634-5e65-11ec-b1ef-cb78be717f0e_story.html,washingtonpost.com,20211216T153000Z,English,United States
BECCS,BECCS,Drax to inject £40m in  world largest  carbon capture project | News,https://www.gasworld.com/drax-to-inject-40m-in-worlds-largest-carbon-capture-project/2022377.article,gasworld.com,20211216T151500Z,English,United States
BECCS,BECCS,Drax Group plc ( via Public ) / Drax to invest £40M in next stage of the world largest carbon capture project,http://www.publicnow.com/view/EBA6D066DA7FE3DAD0B729E8AB2C97DB4DE5AF74,publicnow.com,20211215T080000Z,English,United States
BECCS,BECCS,Build Back Better Act : Paving Way for Net - zero Emissions | World Resources Institute,https://www.wri.org/insights/build-back-better-us-net-zero-emissions,wri.org,20211215T060000Z,English,United States
BECCS,BECCS,Selby College to Develop BECCS Education Programme – Advanced BioFuels united states,https://advancedbiofuelsusa.info/selby-college-to-develop-beccs-education-programme/,advancedbiofuelsusa.info,20211214T221500Z,English,United States
BECCS,BECCS,Drax Group plc ( via Public ) / Primary School students learn about renewable energy,http://www.publicnow.com/view/CF321CEF43CC0BA33E98A186CCC9C869630681B9,publicnow.com,20211213T131500Z,English,United States
BECCS,BECCS,Global cooling induced by biophysical effects of bioenergy crop cultivation,https://www.nature.com/articles/s41467-021-27520-0,nature.com,20211213T123000Z,English,United States
BECCS,BECCS,Climate Vault Launches Request for Proposal ( RFP ) to Support Carbon Dioxide Removal Technologies,https://www.businesswire.com/news/home/20211201005673/en/Climate-Vault-Launches-Request-for-Proposal-RFP-to-Support-Carbon-Dioxide-Removal-Technologies,businesswire.com,20211207T130000Z,English,United States
BECCS,BECCS,Carbon Capture : The Vacuum the Climate May Depend On - Governor Wind Energy Coalition,https://governorswindenergycoalition.org/carbon-capture-the-vacuum-the-climate-may-depend-on/,governorswindenergycoalition.org,20211206T051500Z,English,United States
BECCS,BECCS,The cognitive dissidence of climate policy,https://energycentral.com/c/ec/cognitive-dissidence-climate-policy,energycentral.com,20211202T234500Z,English,United States
BECCS,BECCS,"Biomass - Drax Pushing to Increase Biomass Use - Renewable Energy Magazine , at the heart of clean energy journalism",https://www.renewableenergymagazine.com/biomass/drax-pusing-to-increase-biomass-use-20211202,renewableenergymagazine.com,20211202T170000Z,English,United States
BECCS,BECCS,Japan MHI to provide CO2 capture system for Hiroshima biomass plant | News,https://www.gasworld.com/japans-mhi-to-provide-co2-capture-system-for-hiroshima-biomass-plant/2022291.article,gasworld.com,20211202T144500Z,English,United States
BECCS,BECCS,Carbon Capture : The Vacuum the Climate May Depend On,https://www.washingtonpost.com/business/energy/carbon-capture-the-vacuum-the-climate-may-depend-on/2021/12/02/78992aae-5360-11ec-83d2-d9dab0e23b7e_story.html,washingtonpost.com,20211202T123000Z,English,United States
BECCS,BECCS,Argus Media Limited ( via Public ) / Japan MHI to fit CO2 capture unit at biomass plant,http://www.publicnow.com/view/51B3203AC7090EDE6C3582C05AA4D03E5D54F58C,publicnow.com,20211202T040000Z,English,United States
BECCS,BECCS,Climate Vault Launches Request for Proposal ( RFP ) to Support Carbon Dioxide Removal Technologies,https://www.bakersfield.com/ap/news/climate-vault-launches-request-for-proposal-rfp-to-support-carbon-dioxide-removal-technologies/article_da81775f-9449-5c95-9198-000849e165bb.html,bakersfield.com,20211202T024500Z,English,United States
BECCS,BECCS,Climate Vault Launches Request for Proposal ( RFP ) to Support Carbon Dioxide Removal Technologies,https://www.wsiltv.com/news/illinois/climate-vault-launches-request-for-proposal-rfp-to-support-carbon-dioxide-removal-technologies/article_77dda86a-9c13-5051-8f78-053d92cc738c.html,wsiltv.com,20211201T183000Z,English,United States
BECCS,BECCS,Climate Vault Launches Request for Proposal ( RFP ) to Support Carbon Dioxide Removal Technologies,https://www.valdostadailytimes.com/news/business/climate-vault-launches-request-for-proposal-rfp-to-support-carbon-dioxide-removal-technologies/article_0597cd14-fc69-5fb5-a1ba-632d7ae01837.html,valdostadailytimes.com,20211201T170000Z,English,United States
BECCS,BECCS,CCSA advances CCUS solutions as it welcomes two new members,https://www.gasworld.com/ccsa-advances-ccus-solutions-as-it-welcomes-two-new-members/2022601.article,gasworld.com,20220131T153000Z,English,United States
BECCS,BECCS,UK Government Announces £5 Million Scheme To Produce Hydrogen From Biomass And Waste - Environment,https://www.mondaq.com/uk/waste-management/1154092/uk-government-announces-5-million-scheme-to-produce-hydrogen-from-biomass-and-waste,mondaq.com,20220126T120000Z,English,United States
BECCS,BECCS,Government Launches New Scheme For Technologies Producing Hydrogen From Biomass,https://www.hydrocarbononline.com/doc/government-launches-new-scheme-producing-hydrogen-from-biomass-0001,hydrocarbononline.com,20220119T173000Z,English,United States
BECCS,BECCS,"The Future of Biomass : Today , Tomorrow and Beyond",https://www.greenbiz.com/article/future-biomass-today-tomorrow-and-beyond,greenbiz.com,20220119T130000Z,English,United States
BECCS,BECCS,UK Government Allocates £5m for Hydrogen - from - Biomass Projects – Advanced BioFuels united states,https://advancedbiofuelsusa.info/uk-government-allocates-5m-for-hydrogen-from-biomass-projects/,advancedbiofuelsusa.info,20220119T013000Z,English,United States
BECCS,BECCS,IP trends in 2022 : Cleantech and renewable energy,https://www.lexology.com/library/detail.aspx?g=b1431ea6-49e7-4cd0-8f6d-a51248e98e7d,lexology.com,20220117T144500Z,English,United States
BECCS,BECCS,The row over the united kingdom largest renewable power plant,https://www.msn.com/en-us/news/world/the-row-over-the-uk-s-largest-renewable-power-plant/ar-AASKPS8,msn.com,20220114T010000Z,English,United States
BECCS,BECCS,The row over the united kingdom largest renewable power plant,https://www.msn.com/en-us/money/markets/the-row-over-the-uk-s-largest-renewable-power-plant/ar-AASKPS8,msn.com,20220114T004500Z,English,United States
BECCS,BECCS,The row over the united kingdom largest renewable power plant,https://www.msn.com/en-us/money/markets/the-row-over-the-uks-largest-renewable-power-plant/ar-AASKPS8,msn.com,20220114T003000Z,English,United States
BECCS,BECCS,Government Launches New Scheme For Technologies Producing Hydrogen From Biomass,https://www.chemicalonline.com/doc/government-launches-new-scheme-producing-hydrogen-from-biomass-0001,chemicalonline.com,20220113T160000Z,English,United States
BECCS,BECCS,UK government launches Hydrogen BECCS Innovation Program,http://www.biomassmagazine.com/articles/18625/uk-government-launches-hydrogen-beccs-innovation-program,biomassmagazine.com,20220113T030000Z,English,United States
BECCS,BECCS,UK government launches Hydrogen BECCS Innovation Program,http://biomassmagazine.com/articles/18625/uk-government-launches-hydrogen-beccs-innovation-program/,biomassmagazine.com,20220113T023000Z,English,United States
BECCS,BECCS,UK government launches Hydrogen BECCS Innovation Program,http://biomassmagazine.com/articles/18625/uk-government-launches-hydrogen-beccs-innovation-program,biomassmagazine.com,20220113T003000Z,English,United States
BECCS,BECCS,"Biomass - united kingdom Government launches new scheme for technologies producing hydrogen from biomass - Renewable Energy Magazine , at the heart of clean energy journalism",https://www.renewableenergymagazine.com/biomass/uk-government-launches-new-scheme-for-technologies-20220112,renewableenergymagazine.com,20220112T220000Z,English,United States
BECCS,BECCS,UK Government to invest £5m in waste - to - energy hydrogen scheme,https://www.gasworld.com/uk-government-to-invest-5m-in-waste-to-energy-hydrogen-scheme/2022494.article,gasworld.com,20220112T163000Z,English,United States
BECCS,BECCS,"Hydrogen - united kingdom Government launches new scheme for technologies producing hydrogen from biomass - Renewable Energy Magazine , at the heart of clean energy journalism",https://www.renewableenergymagazine.com/hydrogen/uk-government-launches-new-scheme-for-technologies-20220112,renewableenergymagazine.com,20220112T150000Z,English,United States
BECCS,BECCS,Assessing the energy transition in China towards carbon neutrality with a probabilistic framework,https://www.nature.com/articles/s41467-021-27671-0,nature.com,20220112T054500Z,English,United States
BECCS,BECCS,"Global Carbon Capture , Utilization and Storage ( CCUS )",https://www.globenewswire.com/news-release/2022/01/05/2361438/28124/en/Global-Carbon-Capture-Utilization-and-Storage-CCUS-Markets-2021-2030-Revenue-Carbon-Capture-Capacity-Regional-Splits-Trends.html,globenewswire.com,20220110T150000Z,English,United States
BECCS,BECCS,UN Climate Panel : Emissions Must Fall Rapidly by 2030 to Prevent Catastrophic Climate Change,https://www.ecowatch.com/climate-change-ipcc-report-2610866229.html,ecowatch.com,20220109T174500Z,English,United States
BECCS,BECCS,"Global Carbon Capture , Utilization and Storage ( CCUS ) Market Report 2021 - 2030 : Opportunity in CCUS - as - a - Service for Addressing the Complete CO2 Value Chain",https://www.prnewswire.com/news-releases/global-carbon-capture-utilization-and-storage-ccus-market-report-2021-2030-opportunity-in-ccus-as-a-service-for-addressing-the-complete-co2-value-chain-301454592.html,prnewswire.com,20220105T181500Z,English,United States
BECCS,BECCS,"Global Carbon Capture , Utilization and Storage ( CCUS ) Market Report 2021 - 2030 : Opportunity in CCUS - as - a - Service for Addressing the Complete CO2 Value Chain",https://www.prnewswire.com:443/news-releases/global-carbon-capture-utilization-and-storage-ccus-market-report-2021-2030-opportunity-in-ccus-as-a-service-for-addressing-the-complete-co2-value-chain-301454592.html,prnewswire.com,20220105T181500Z,English,United States
BECCS,BECCS,"Global Carbon Capture , Utilization and Storage ( CCUS )",https://www.globenewswire.com/news-release/2022/01/05/2361438/0/en/Global-Carbon-Capture-Utilization-and-Storage-CCUS-Markets-2021-2030-Revenue-Carbon-Capture-Capacity-Regional-Splits-Trends.html,globenewswire.com,20220105T180000Z,English,United States
BECCS,BECCS,"Frontiers | Carbon Emission Trading Scheme , Carbon Emissions Reduction and Spatial Spillover Effects : Quasi - Experimental Evidence From China",https://www.frontiersin.org/articles/10.3389/fenvs.2021.824298/full,frontiersin.org,20220104T053000Z,English,United States
BECCS,BECCS,No longer a last resort : Pulling CO2 from the air,https://www.msn.com/en-au/weather/topstories/no-longer-a-last-resort-pulling-co2-from-the-air/ar-AAVKTiB,msn.com,20220401T190000Z,English,United States
BECCS,BECCS,No longer a last resort : Pulling CO2 from the air,https://www.msn.com/en-us/weather/topstories/no-longer-a-last-resort-pulling-co2-from-the-air/ar-AAVKTiB,msn.com,20220401T184500Z,English,United States
BECCS,BECCS,"B & W , Kiewit partner to deliver 200 MW biomass plant in Louisiana",http://www.biomassmagazine.com/articles/18852/bw-kiewit-partner-to-deliver-200-mw-biomass-plant-in-louisiana,biomassmagazine.com,20220401T001500Z,English,United States
BECCS,BECCS,"B & W , Kiewit partner to deliver 200 MW biomass plant in Louisiana",https://biomassmagazine.com/articles/18852/bw-kiewit-partner-to-deliver-200-mw-biomass-plant-in-louisiana/,biomassmagazine.com,20220401T000000Z,English,United States
BECCS,BECCS,EU Must Embrace a Diverse Mix of Technologies to Ensure Credible Trajectories to Net - Zero,https://www.azocleantech.com/news.aspx?newsID=31466,azocleantech.com,20220331T161500Z,English,United States
BECCS,BECCS,How Biomass Can Enable a Hydrogen Economy – Advanced BioFuels united states,https://advancedbiofuelsusa.info/how-biomass-can-enable-a-hydrogen-economy/,advancedbiofuelsusa.info,20220330T201500Z,English,United States
BECCS,BECCS,New modelling finds using mix of every low - carbon technology could save the EU ˜ €80 billion compared to renewables - only,https://www.wicz.com/story/46182973/new-modelling-finds-using-mix-of-every-low-carbon-technology-could-save-the-eu-80-billion-compared-to-renewables-only,wicz.com,20220330T071500Z,English,United States
BECCS,BECCS,New modelling finds using mix of every low - carbon technology could save the EU ≈ €80 billion compared to renewables - only,https://brazilbusiness.einnews.com/pr_news/566694898/new-modelling-finds-using-mix-of-every-low-carbon-technology-could-save-the-eu-80-billion-compared-to-renewables-only,brazilbusiness.einnews.com,20220330T050000Z,English,United States
BECCS,BECCS,New modelling finds using mix of every low - carbon technology could save the EU ≈ €80 billion compared to renewables - only,https://energy.einnews.com/pr_news/566694898/new-modelling-finds-using-mix-of-every-low-carbon-technology-could-save-the-eu-80-billion-compared-to-renewables-only,energy.einnews.com,20220330T044500Z,English,United States
BECCS,BECCS,"ACI European Carbon Capture and Storage Industry Summit September 14 - 15 , 2022 London , united kingdom – Advanced BioFuels united states",https://advancedbiofuelsusa.info/acis-european-carbon-capture-and-storage-industry-summit-september-14-15-2022-london-uk/,advancedbiofuelsusa.info,20220325T231500Z,English,United States
BECCS,BECCS,Thailand Energy Transition : BOI measures to promote deployment of carbon capture technologies in Thailand,https://www.lexology.com/library/detail.aspx?g=7bbd282f-52ac-4590-90b7-bf3cbe6edf91,lexology.com,20220320T194500Z,English,United States
BECCS,BECCS,"Carbon Capture And Storage Market - Growth , Trends ,",https://www.globenewswire.com/news-release/2022/03/18/2406078/0/en/Carbon-Capture-And-Storage-Market-Growth-Trends-COVID-19-Impact-and-Forecasts-2022-2027.html,globenewswire.com,20220318T173000Z,English,United States
BECCS,BECCS,Carbon Removal & Climate Goals | World Resources Institute,https://www.wri.org/insights/carbon-removal-countries-climate-goals,wri.org,20220317T204500Z,English,United States
BECCS,BECCS,Frontiers | A Review of National Monitoring Requirements to Support Offshore Carbon Capture and Storage,https://www.frontiersin.org/articles/10.3389/fmars.2022.838309/full,frontiersin.org,20220317T104500Z,English,United States
BECCS,BECCS,REDD+ ALERT : Are nature - based carbon offsets part of the climate problem ?,https://www.greenbiz.com/article/redd-alert-are-nature-based-carbon-offsets-part-climate-problem,greenbiz.com,20220316T104500Z,English,United States
BECCS,BECCS,LLNL Advising Microsoft On Removal of Carbon,https://www.independentnews.com/news/regional_and_ca/llnl-advising-microsoft-on-removal-of-carbon/article_c8ef23ca-a3a9-11ec-846e-2f4dfbb52924.html,independentnews.com,20220314T193000Z,English,United States
BECCS,BECCS,UK publishes biomass policy statement | Biomassmagazine . com,https://biomassmagazine.com/articles/18454/uk-publishes-biomass-policy-statement,biomassmagazine.com,20220310T193000Z,English,United States
BECCS,BECCS,How About 10 More Weeks of Winter ? | Biomassmagazine . com,http://biomassmagazine.com/articles/18733/how-about-10-more-weeks-of-winter,biomassmagazine.com,20220306T161500Z,English,United States
BECCS,BECCS,Now and Beyond 2027 | Biomassmagazine . com,https://biomassmagazine.com/articles/18729/now-and-beyond-2027,biomassmagazine.com,20220303T171500Z,English,United States
BECCS,BECCS,How About 10 More Weeks of Winter ? | Biomassmagazine . com,http://www.biomassmagazine.com/articles/18733/how-about-10-more-weeks-of-winter,biomassmagazine.com,20220303T160000Z,English,United States
BECCS,BECCS,Now and Beyond 2027 | Biomassmagazine . com,http://www.biomassmagazine.com/articles/18729/now-and-beyond-2027,biomassmagazine.com,20220303T160000Z,English,United States
BECCS,BECCS,LLNL Scientists Provide Input on Microsoft Pathway to Become Carbon - Negative by 2030,https://www.azocleantech.com/news.aspx?newsID=31237,azocleantech.com,20220301T144500Z,English,United States
BECCS,BECCS,Drax reports progress with expansion of pellet production,https://biomassmagazine.com/articles/18760/drax-reports-progress-with-expansion-of-pellet-production,biomassmagazine.com,20220301T064500Z,English,United States
BECCS,BECCS,Lawrence Livermore shares recommendations for Microsoft to reach carbon - negative goal,https://www.miragenews.com/lawrence-livermore-shares-recommendations-for-733878/,miragenews.com,20220301T020000Z,English,United States
BECCS,BECCS,Drax reports progress with expansion of pellet production,http://www.biomassmagazine.com/articles/18760/drax-reports-progress-with-expansion-of-pellet-production,biomassmagazine.com,20220301T020000Z,English,United States
BECCS,BECCS,Lawrence Livermore shares recommendations for Microsoft to reach carbon negative goal,https://www.newswise.com/articles/lawrence-livermore-shares-recommendations-for-microsoft-to-reach-carbon-negative-goal,newswise.com,20220301T004500Z,English,United States
BECCS,BECCS,Carbon capture landscape 2022 still too early to confidently fulfil promises,https://ieefa.org/resources/carbon-capture-landscape-2022-still-too-early-confidently-fulfil-promises,ieefa.org,20220729T231500Z,English,United States
BECCS,BECCS,Global CO2 Enhanced Oil Recovery market is projected to grow at a CAGR of 4 . 4 % by 2032 : Visiongain Reports Ltd,https://energy.einnews.com/pr_news/583405394/global-co2-enhanced-oil-recovery-market-is-projected-to-grow-at-a-cagr-of-4-4-by-2032-visiongain-reports-ltd,energy.einnews.com,20220728T133000Z,English,United States
BECCS,BECCS,Global CO2 Enhanced Oil Recovery market is projected to,https://www.globenewswire.com/news-release/2022/07/28/2487633/0/en/Global-CO2-Enhanced-Oil-Recovery-market-is-projected-to-grow-at-a-CAGR-of-4-4-by-2032-Visiongain-Reports-Ltd.html,globenewswire.com,20220728T131500Z,English,United States
BECCS,BECCS,"Stop Saying  Climate Emergency !? ( Until , Collectively , We Mean It ?)",https://goodmenproject.com/featured-content/stop-saying-climate-emergency-until-collectively-we-mean-it/,goodmenproject.com,20220727T103000Z,English,United States
BECCS,BECCS,Update on the Japanese Government Study Group Carbon Credit Report,https://www.lexology.com/library/detail.aspx?g=a8194e9e-27e3-4955-9ce4-3ea5088cee73,lexology.com,20220725T124500Z,English,United States
BECCS,BECCS,Drax Submits Plans to Build World Largest CCS Project – Advanced BioFuels united states,https://advancedbiofuelsusa.info/drax-submits-plans-to-build-worlds-largest-ccs-project/,advancedbiofuelsusa.info,20220719T204500Z,English,United States
BECCS,BECCS,IEEFA : Carbon capture landscape 2022 still too early to confidently fulfil promises,https://ieefa.org/resources/ieefa-carbon-capture-landscape-2022-still-too-early-confidently-fulfil-promises,ieefa.org,20220718T194500Z,English,United States
BECCS,BECCS,KEW Technology Secures Funding For Cutting Edge Carbon Capture And Hydrogen Production Technology In united kingdom,https://fuelcellsworks.com/news/kew-technology-secures-funding-for-cutting-edge-carbon-capture-and-hydrogen-production-technology-in-uk/,fuelcellsworks.com,20220714T161500Z,English,United States
BECCS,BECCS,Drax aims to be big in Japan as Tokyo office opens to launch Asia subsidiary,https://www.msn.com/en-gb/money/other/drax-aims-to-be-big-in-japan-as-tokyo-office-opens-to-launch-asia-subsidiary/ar-AAZyZCW,msn.com,20220714T111500Z,English,United States
BECCS,BECCS,MOL Drybulk And Drax Launched A Green Shipping Initiative,https://www.marineinsight.com/shipping-news/mol-drybulk-and-drax-launched-a-green-shipping-initiative/,marineinsight.com,20220712T140000Z,English,United States
BECCS,BECCS,MOL Drybulk and Drax Launch Green Shipping Initiative,https://www.vesselfinder.com/news/23938-MOL-Drybulk-and-Drax-Launch-Green-Shipping-Initiative,vesselfinder.com,20220712T121500Z,English,United States
BECCS,BECCS,Why Bioenergy Cant Play a Meaningful Role in Tackling the Environmental Emergency,https://www.onegreenplanet.org/environment/why-bioenergy-cant-play-a-meaningful-role-in-tackling-the-environmental-emergency/,onegreenplanet.org,20220711T143000Z,English,United States
BECCS,BECCS,UK to award £54M to 15 projects developing innovative carbon removal technology,https://www.greencarcongress.com/2022/07/20220710-uk.html,greencarcongress.com,20220710T120000Z,English,United States
BECCS,BECCS,AirCarbon Exchange Signs Collaboration Agreement with the Nairobi International Financial Centre and the Nairobi Securities Exchange,https://www.joplinglobe.com/region/national_business/aircarbon-exchange-signs-collaboration-agreement-with-the-nairobi-international-financial-centre-and-the-nairobi-securities/article_e152799f-2ce1-52a8-b070-f8a241a1a474.html,joplinglobe.com,20220708T224500Z,English,United States
BECCS,BECCS,AirCarbon Exchange Signs Collaboration Agreement with the Nairobi International Financial Centre and the Nairobi Securities Exchange,https://www.afp.com/en/news/1315/aircarbon-exchange-signs-collaboration-agreement-nairobi-international-financial-centre-and-nairobi-securities-exchange-202207070054031,afp.com,20220707T210000Z,English,United States
BECCS,BECCS,AirCarbon Exchange Signs Collaboration Agreement with the Nairobi International Financial Centre and the Nairobi Securities Exchange,https://www.bakersfield.com/ap/news/aircarbon-exchange-signs-collaboration-agreement-with-the-nairobi-international-financial-centre-and-the-nairobi-securities/article_a4055544-23bb-55fb-8ca5-0a798f5afc4a.html,bakersfield.com,20220707T183000Z,English,United States
BECCS,BECCS,AirCarbon Exchange Signs Collaboration Agreement with the Nairobi International Financial Centre and the Nairobi Securities Exchange,https://finance.yahoo.com/news/aircarbon-exchange-signs-collaboration-agreement-131400549.html,finance.yahoo.com,20220707T141500Z,English,United States
BECCS,BECCS,Stock Market | FinancialContent Business Page,https://markets.financialcontent.com/stocks/article/bizwire-2022-7-7-aircarbon-exchange-signs-collaboration-agreement-with-the-nairobi-international-financial-centre-and-the-nairobi-securities-exchange,markets.financialcontent.com,20220707T133000Z,English,United States
BECCS,BECCS,AirCarbon Exchange Signs Collaboration Agreement with the NIFC and the NSE,https://www.einnews.com/pr_news/579839874/aircarbon-exchange-signs-collaboration-agreement-with-the-nifc-and-the-nse,einnews.com,20220707T083000Z,English,United States
BECCS,BECCS,What is BECCS anyway ? – The Millbrook Independent,https://themillbrookindependent.com/?p=2273,themillbrookindependent.com,20220706T163000Z,English,United States
BECCS,BECCS,AirCarbon Exchange Signs Collaboration Agreement with the NIFC and the NSE,https://brazilbusiness.einnews.com/pr_news/579839874/aircarbon-exchange-signs-collaboration-agreement-with-the-nifc-and-the-nse,brazilbusiness.einnews.com,20220706T074500Z,English,United States
BECCS,BECCS,"Outlook on the Carbon Capture , Utilization and Storage",https://www.globenewswire.com/en/news-release/2022/06/14/2461955/28124/en/Outlook-on-the-Carbon-Capture-Utilization-and-Storage-Technologies-Global-Market-Market-Values-and-Forecasts-to-2040.html,globenewswire.com,20220704T034500Z,English,United States
BECCS,BECCS,How Does Carbon Capture Work ?,https://www.sierraclub.org/sierra/2022-2-summer/stress-test/how-does-carbon-capture-work,sierraclub.org,20220703T130000Z,English,United States
BECCS,BECCS,Davos Was a Case Study in How Not to Talk About Climate Change,https://www.nakedcapitalism.com/2022/07/davos-was-a-case-study-in-how-not-to-talk-about-climate-change.html,nakedcapitalism.com,20220703T113000Z,English,United States
BECCS,BECCS,Land use change and carbon emissions of a transformation to timber cities,https://www.nature.com/articles/s41467-022-32244-w,nature.com,20220830T224500Z,English,United States
BECCS,BECCS,Cranfield Awarded Funding to Research Clean Hydrogen Generation from Biomass – Advanced BioFuels united states,https://advancedbiofuelsusa.info/cranfield-awarded-funding-to-research-clean-hydrogen-generation-from-biomass-2/,advancedbiofuelsusa.info,20220830T211500Z,English,United States
BECCS,BECCS,Cranfield University - led team scores funding to study hydrogen production from biomass : Biofuels Digest,https://www.biofuelsdigest.com/bdigest/2022/08/29/cranfield-university-led-team-scores-funding-to-study-hydrogen-production-from-biomass/,biofuelsdigest.com,20220830T003000Z,English,United States
BECCS,BECCS,UK government opens BECCS funding opportunity : Biofuels Digest,https://www.biofuelsdigest.com/bdigest/2022/08/24/uk-government-opens-beccs-funding-opportunity/,biofuelsdigest.com,20220825T003000Z,English,United States
BECCS,BECCS,Cranfield Awarded Funding to Research Clean Hydrogen Generation from Biomass – Advanced BioFuels united states,https://advancedbiofuelsusa.info/cranfield-awarded-funding-to-research-clean-hydrogen-generation-from-biomass/,advancedbiofuelsusa.info,20220818T230000Z,English,United States
BECCS,BECCS,Hycap : united kingdom Waste - to - Hydrogen Sector Gets Government Funding Boost,https://fuelcellsworks.com/news/hycap-uk-waste-to-hydrogen-sector-gets-government-funding-boost/,fuelcellsworks.com,20220818T204500Z,English,United States
BECCS,BECCS,"Charles Payseur Reviews Short Fiction : GigaNotoSaurus , Cast of Wonders , and Flash Fiction Online",https://locusmag.com/2022/08/charles-payseur-reviews-short-fiction-giganotosaurus-cast-of-wonders-and-flash-fiction-online/,locusmag.com,20220818T193000Z,English,United States
BECCS,BECCS,Cranfield University gets funding to produce hydrogen from biomass : Biofuels Digest,https://www.biofuelsdigest.com/bdigest/2022/08/17/cranfield-university-gets-funding-to-produce-hydrogen-from-biomass/,biofuelsdigest.com,20220818T011500Z,English,United States
BECCS,BECCS,UK launches public consultation on BECCS business model : Biofuels Digest,https://www.biofuelsdigest.com/bdigest/2022/08/11/uk-launches-public-consultation-on-beccs-business-model/,biofuelsdigest.com,20220812T014500Z,English,United States
BECCS,BECCS,UK Government seeks to further improve diversity of energy supply by boosting biomass,https://www.miragenews.com/uk-government-seeks-to-further-improve-835352/,miragenews.com,20220811T101500Z,English,United States
BECCS,BECCS,Widespread Trials of Biomass Crop Cultivation to Launch in united kingdom – Advanced BioFuels united states,https://advancedbiofuelsusa.info/widespread-trials-of-biomass-crop-cultivation-to-launch-in-uk/,advancedbiofuelsusa.info,20220809T220000Z,English,United States
BECCS,BECCS,The Energy Transition | Public sector buildings to receive green upgrades and Energy Network Association flexibility consultation,https://www.lexology.com/library/detail.aspx?g=09c6e398-b219-4b1b-8a5c-8a156210c0d8,lexology.com,20220809T133000Z,English,United States
BECCS,BECCS,UK - Based Waste - to - Hydrogen Specialist Compact Syngas Solutions ( CSS ) Awarded €295k Funding To Perfect Carbon Capture Technology,https://fuelcellsworks.com/news/uk-based-waste-to-hydrogen-specialist-compact-syngas-solutions-css-awarded-e295k-funding-to-perfect-carbon-capture-technology/,fuelcellsworks.com,20220808T171500Z,English,United States
BECCS,BECCS,Renewable Energy Innovation Boosted by £37 Million Government Funding across the united kingdom – Advanced BioFuels united states,https://advancedbiofuelsusa.info/renewable-energy-innovation-boosted-by-37-million-government-funding-across-the-uk/,advancedbiofuelsusa.info,20220808T163000Z,English,United States
BECCS,BECCS,Investment risks of carbon capture and storage currently outweigh its potential,https://ieefa.org/articles/investment-risks-carbon-capture-and-storage-currently-outweigh-its-potential,ieefa.org,20220808T160000Z,English,United States
BECCS,BECCS,UK government announces funding for biomass projects : Biofuels Digest,https://www.biofuelsdigest.com/bdigest/2022/08/04/uk-government-announces-funding-for-biomass-projects/,biofuelsdigest.com,20220804T231500Z,English,United States
BECCS,BECCS,Renewable energy innovation boosted by £37 million government funding across united kingdom,https://www.miragenews.com/renewable-energy-innovation-boosted-by-37-831156/,miragenews.com,20220804T000000Z,English,United States
BECCS,BECCS,Waste biofuels to be  key driver  in energy transition | News,https://www.gasworld.com/waste-biofuels-to-be-key-driver-in-energy-transition/2023624.article,gasworld.com,20220923T224500Z,English,United States
BECCS,BECCS,Univerity of Hull Biohydrogen Research Focuses on Unlocking Potential of Biorefinery Waste Streams – Advanced BioFuels united states,https://advancedbiofuelsusa.info/univerity-of-hull-biohydrogen-research-focuses-on-unlocking-potential-of-biorefinery-waste-streams/,advancedbiofuelsusa.info,20220914T200000Z,English,United States
BECCS,BECCS,University of Hull scores funding to research hydrogen production from biorefinery waste : Biofuels Digest,https://www.biofuelsdigest.com/bdigest/2022/09/13/university-of-hull-scores-funding-to-research-hydrogen-production-from-biorefinery-waste/,biofuelsdigest.com,20220914T014500Z,English,United States
BECCS,BECCS,Carbon Removal Could Increase Climate Change and Food Security Risks,https://www.azocleantech.com/news.aspx?newsID=32212,azocleantech.com,20220908T154500Z,English,United States
BECCS,BECCS,Availability of Renewable Energy Sources At Risk,https://www.azocleantech.com/news.aspx?newsID=32216,azocleantech.com,20220908T154500Z,English,United States
BECCS,BECCS,Renewable Sources Availability Are Being at Risk Due to Climate Change,https://www.natureworldnews.com/articles/52976/20220908/renewable-sources-availability-being-risk-due-climate-change.htm,natureworldnews.com,20220908T133000Z,English,United States
BECCS,BECCS,"Newswire & Press Release / Yokogawa Selected by Grön Fuels as Preferred Supplier of Technology , Equipment , and Services for North America ... - Manufacturing / Robotics - Yokogawa Electric Corporation",https://www.newswiretoday.com/news/178424/Yokogawa-Selected-by-Grn-Fuels-as-Preferred-Supplier-of-Technology-Equipment-and-Services-for-North-Americas-Largest-Renewable-Fuels-Complex/,newswiretoday.com,20220907T203000Z,English,United States
BECCS,BECCS,"Newswire & Press Release / Yokogawa Selected by Grön Fuels as Preferred Supplier of Technology , Equipment , and Services for North America ... - Manufacturing / Robotics - Yokogawa Electric Corporation",https://www.newswiretoday.com/news/178424/,newswiretoday.com,20220907T203000Z,English,United States
BECCS,BECCS,Over - reliance on biomass - based carbon removal technologies could increase climate and food security risks,https://www.newswise.com/articles/over-reliance-on-biomass-based-carbon-removal-technologies-could-increase-climate-and-food-security-risks,newswise.com,20220907T200000Z,English,United States
BECCS,BECCS,Delayed use of bioenergy crops might threaten climate and food security,https://www.nature.com/articles/s41586-022-05055-8,nature.com,20220907T191500Z,English,United States
BECCS,BECCS,"Climate change puts availability of vital renewable energy source at risk , research reveals",https://phys.org/news/2022-09-climate-availability-vital-renewable-energy.html,phys.org,20220907T153000Z,English,United States
BECCS,BECCS,"Smart Carbon Market to Attain Value of US$ 12 Bn by 2031 , TMR Study",https://www.prnewswire.com/news-releases/smart-carbon-market-to-attain-value-of-us-12-bn-by-2031-tmr-study-301664460.html,prnewswire.com,20221101T140000Z,English,United States
BECCS,BECCS,"Smart Carbon Market to Attain Value of US$ 12 Bn by 2031 , TMR Study",https://www.prnewswire.com:443/news-releases/smart-carbon-market-to-attain-value-of-us-12-bn-by-2031-tmr-study-301664460.html,prnewswire.com,20221101T134500Z,English,United States
BECCS,BECCS,Green growth,https://www.resilience.org/stories/2022-11-01/green-growth/,resilience.org,20221101T130000Z,English,United States
BECCS,BECCS,Countrie climate pledges put unrealistic demands for land ahead of emissions reductions,https://www.miragenews.com/countries-climate-pledges-put-unrealistic-886323/,miragenews.com,20221101T124500Z,English,United States
BECCS,BECCS,"CCUS uptake needs to grow 120 times by 2050 , reports McKinsey",https://www.gasworld.com/story/ccus-uptake-needs-to-grow-120-times-by-2050-reports-mckinsey/2118322.article/,gasworld.com,20221031T160000Z,English,United States
BECCS,BECCS,"New fossil fuels  incompatible  with 1 . 5C goal , comprehensive analysis finds",https://www.resilience.org/stories/2022-10-26/new-fossil-fuels-incompatible-with-1-5c-goal-comprehensive-analysis-finds/,resilience.org,20221026T104500Z,English,United States
BECCS,BECCS,The Future of Renewable Energy [ Energy Watch Series ],https://www.thomasnet.com/insights/the-future-of-renewable-energy-energy-watch-series/,thomasnet.com,20221025T061500Z,English,United States
BECCS,BECCS,Lukas Kopacki : Vermont could be a leader in a carbon - capture system,https://vtdigger.org/2022/10/24/lukas-kopacki-vermont-could-be-a-leader-in-a-carbon-capture-system/,vtdigger.org,20221024T120000Z,English,United States
BECCS,BECCS,I need to watch things die from a distance .,https://www.resilience.org/stories/2022-10-19/i-need-to-watch-things-die-from-a-distance/,resilience.org,20221020T134500Z,English,United States
BECCS,BECCS,New IDTechEx Report Explores the Carbon Dioxide Removal ( CDR ) Market Potential,https://www.prnewswire.com/news-releases/new-idtechex-report-explores-the-carbon-dioxide-removal-cdr-market-potential-301644623.html,prnewswire.com,20221010T150000Z,English,United States
BECCS,BECCS,New IDTechEx Report Explores the Carbon Dioxide Removal ( CDR ) Market Potential,https://www.prnewswire.com:443/news-releases/new-idtechex-report-explores-the-carbon-dioxide-removal-cdr-market-potential-301644623.html,prnewswire.com,20221010T114500Z,English,United States
BECCS,BECCS,Global Carbon Capture and Storage market is projected to grow at a CAGR of 7 . 7 % By 2032 : Visiongain Reports Ltd,https://finance.yahoo.com/news/global-carbon-capture-storage-market-100000361.html,finance.yahoo.com,20221010T103000Z,English,United States
BECCS,BECCS,7 Ways Of Getting CO2 Out Of The Atmosphere,https://cleantechnica.com/2022/10/06/7-ways-of-getting-co2-out-of-the-atmosphere/,cleantechnica.com,20221007T000000Z,English,United States
BECCS,BECCS,"Haarslev and Grön Fuels Form Strategic Feedstock , Marketing , and Investment Alliance – Advanced BioFuels united states",https://advancedbiofuelsusa.info/haarslev-and-gron-fuels-form-strategic-feedstock-marketing-and-investment-alliance/,advancedbiofuelsusa.info,20221005T191500Z,English,United States
BECCS,BECCS,"Haarslev and Grön Fuels Form Strategic Feedstock , Marketing , and Investment Alliance",https://www.prnewswire.com/news-releases/haarslev-and-gron-fuels-form-strategic-feedstock-marketing-and-investment-alliance-301639665.html,prnewswire.com,20221004T163000Z,English,United States
BECCS,BECCS,"Haarslev and Grön Fuels Form Strategic Feedstock , Marketing , and Investment Alliance",https://www.galvnews.com/news_ap/business/article_e4183b58-ab94-5172-840b-4e25c371ae0f.html,galvnews.com,20221004T163000Z,English,United States
BECCS,BECCS,Drax waiting to be shortlisted for united kingdom  Track 1  BECCS power program : Biofuels Digest,https://www.biofuelsdigest.com/bdigest/2022/12/27/drax-waiting-to-be-shortlisted-for-uks-track-1-beccs-power-program/,biofuelsdigest.com,20221228T010000Z,English,United States
BECCS,BECCS,Drax £2billion plan to  capture  carbon emissions and pump them under the North Sea,https://uk.news.yahoo.com/draxs-2billion-plan-capture-carbon-050000214.html,uk.news.yahoo.com,20221227T090000Z,English,United States
BECCS,BECCS,New Study Confirms : Bioenergy from Forest Residues Has Significant Positive Impact on Climate Change Mitigation – Advanced BioFuels united states,https://advancedbiofuelsusa.info/new-study-confirms-bioenergy-from-forest-residues-has-significant-positive-impact-on-climate-change-mitigation/,advancedbiofuelsusa.info,20221223T171500Z,English,United States
BECCS,BECCS,UK Offers Funding for Hydrogen from BECCS Projects – Advanced BioFuels united states,https://advancedbiofuelsusa.info/uk-offers-funding-for-hydrogen-from-beccs-projects/,advancedbiofuelsusa.info,20221222T030000Z,English,United States
BECCS,BECCS,"Renewable Methanol Market to be Worth $20 . 68 Billion by 2030 : Grand View Research , Inc .",https://www.prnewswire.com:443/news-releases/renewable-methanol-market-to-be-worth-20-68-billion-by-2030-grand-view-research-inc-301707034.html,prnewswire.com,20221220T110000Z,English,United States
BECCS,BECCS,"Renewable Methanol Market to be Worth $20 . 68 Billion by 2030 : Grand View Research , Inc .",https://finance.yahoo.com/news/renewable-methanol-market-worth-20-103000136.html,finance.yahoo.com,20221220T110000Z,English,United States
BECCS,BECCS,The Hydrogen Stream : Green H2 to mitigate atmospheric methane,https://www.pv-magazine.com/2022/12/14/the-hydrogen-stream-green-h2-can-mitigate-atmospheric-methane-if-losses-are-below-12-say-princeton-researchers/,pv-magazine.com,20221214T150000Z,English,United States
BECCS,BECCS,UK government grants £25m to advance clean hydrogen technologies,https://www.gasworld.com/story/uk-government-grants-25m-to-advance-clean-hydrogen-technologies/2119561.article/,gasworld.com,20221214T013000Z,English,United States
BECCS,BECCS,UK Government Unveils £102 Million Plan For Nuclear And Hydrogen Innovation,https://fuelcellsworks.com/news/uk-government-unveils-102-million-plan-for-nuclear-and-hydrogen-innovation/,fuelcellsworks.com,20221213T194500Z,English,United States
BECCS,BECCS,"UK govt to Invest £102m in Nuclear , Hydrogen Tech",https://www.miragenews.com/uk-govt-to-invest-102m-in-nuclear-hydrogen-tech-914698/,miragenews.com,20221213T154500Z,English,United States
BECCS,BECCS,"Forget net - zero : Aim for net - negative to halt global warming , argues researcher",https://phys.org/news/2022-12-net-zero-aim-net-negative-halt-global.html,phys.org,20221212T184500Z,English,United States
BECCS,BECCS,New CSIRO report assesses Australia carbon sequestration potential,https://www.miragenews.com/new-csiro-report-assesses-australias-carbon-913309/,miragenews.com,20221211T193000Z,English,United States
BECCS,BECCS,JetBlue and Fidelis New Energy Sign Agreement for 92 Million Gallons of Sustainable Aviation Fuel – Advanced BioFuels united states,https://advancedbiofuelsusa.info/jetblue-and-fidelis-new-energy-sign-agreement-for-92-million-gallons-of-sustainable-aviation-fuel/,advancedbiofuelsusa.info,20221206T201500Z,English,United States
BECCS,BECCS,JetBlue and Fidelis New Energy agree to 92M gallon SAF offtake agreement from 2025 : Biofuels Digest,https://www.biofuelsdigest.com/bdigest/2022/12/05/jetblue-and-fidelis-new-energy-agree-to-92m-gallon-saf-offtake-agreement-from-2025/,biofuelsdigest.com,20221206T063000Z,English,United States
BECCS,BECCS,JetBlue and Fidelis New Energy Sign Agreement for 92 Million Gallons of Sustainable Aviation Fuel,https://www.bakersfield.com/ap/news/jetblue-and-fidelis-new-energy-sign-agreement-for-92-million-gallons-of-sustainable-aviation-fuel/article_f7969d62-caeb-5315-b58a-8799b1967df0.html,bakersfield.com,20221202T204500Z,English,United States
BECCS,BECCS,JetBlue and Fidelis New Energy Sign Agreement for 92 Million Gallons of Sustainable Aviation Fuel,http://www.justmeans.com/press-release/jetblue-and-fidelis-new-energy-sign-agreement-for-92-million-gallons-of-sustainable,justmeans.com,20221202T194500Z,English,United States
BECCS,BECCS,JetBlue and Fidelis New Energy Sign Agreement for 92 Million Gallons of Sustainable Aviation Fuel,https://www.tmcnet.com/usubmit/-jetblue-fidelis-new-energy-sign-agreement-92-million-/2022/12/02/9723696.htm,tmcnet.com,20221202T180000Z,English,United States
BECCS,BECCS,JetBlue and Fidelis New Energy Sign Agreement for 92 Million Gallons of Sustainable Aviation Fuel,https://www.businesswire.com/news/home/20221202005221/en/JetBlue-and-Fidelis-New-Energy-Sign-Agreement-for-92-Million-Gallons-of-Sustainable-Aviation-Fuel,businesswire.com,20221202T171500Z,English,United States
BECCS,BECCS,JetBlue and Fidelis New Energy Sign Agreement for 92 Million Gallons of Sustainable Aviation Fuel,https://www.tmcnet.com/usubmit/2022/12/02/9723696.htm,tmcnet.com,20221202T164500Z,English,United States
BECCS,BECCS,JetBlue and Fidelis New Energy Sign Agreement for 92 Million Gallons of Sustainable Aviation Fuel,https://www.joplinglobe.com/region/national_business/jetblue-and-fidelis-new-energy-sign-agreement-for-92-million-gallons-of-sustainable-aviation-fuel/article_8607e94d-4b52-5507-835d-89ac8bc6ea82.html,joplinglobe.com,20221202T163000Z,English,United States
BECCS,BECCS,UK delays action on large - scale BECCS projects | Biomassmagazine . com,https://biomassmagazine.com/articles/19891/uk-delays-action-on-large-scale-beccs-projects,biomassmagazine.com,20230331T020000Z,English,United States
BECCS,BECCS,Enviva Welcomes REDIII Agreement and Continued Recognition of Biomass as 100 % Renewable,https://www.valdostadailytimes.com/ap/business/enviva-welcomes-rediii-agreement-and-continued-recognition-of-biomass-as-100-renewable/article_9fe4dd3b-d892-506f-9dfb-0ca3d6db1c73.html,valdostadailytimes.com,20230330T223000Z,English,United States
BECCS,BECCS,Spanish inflation almost halves and German CPI falls as energy prices cool – as it happened,https://www.msn.com/en-gb/money/other/spanish-inflation-almost-halves-and-german-cpi-falls-as-energy-prices-cool-business-live/ar-AA19fMZr,msn.com,20230330T171500Z,English,United States
BECCS,BECCS,Drax scrambles to secure lifeline for £2bn carbon capture project,https://finance.yahoo.com/news/drax-scrambles-secure-lifeline-2bn-134120145.html,finance.yahoo.com,20230330T141500Z,English,United States
BECCS,BECCS,Spanish inflation almost halves ; signs of  green shoot in united kingdom economy – business live,https://www.msn.com/en-gb/money/other/spanish-inflation-almost-halves-signs-of-green-shoots-in-uk-economy-business-live/ar-AA19fMZr,msn.com,20230330T100000Z,English,United States
BECCS,BECCS,International Business : Britain sets out next steps to green its financial system,https://www.gdnonline.com/Details/1218089/Britain-sets-out-next-steps-to-green-its-financial-system,gdnonline.com,20230330T091500Z,English,United States
BECCS,BECCS,Top Findings from the IPCC Climate Change Report 2023 | World Resources Institute,https://www.wri.org/insights/2023-ipcc-ar6-synthesis-report-climate-change-findings,wri.org,20230328T203000Z,English,United States
BECCS,BECCS,Refining California Climate Plan | World Resources Institute,https://www.wri.org/insights/california-scoping-plan-climate-neutrality,wri.org,20230321T191500Z,English,United States
BECCS,BECCS,Degrowth in a Green - Growth World,https://www.resilience.org/stories/2023-03-21/degrowth-in-a-green-growth-world/,resilience.org,20230321T180000Z,English,United States
BECCS,BECCS,Bioenergy Europe : Net - Zero Industry Act  Lacks Strategic Vision  – Advanced BioFuels united states,https://advancedbiofuelsusa.info/bioenergy-europe-net-zero-industry-act-lacks-strategic-vision/,advancedbiofuelsusa.info,20230321T163000Z,English,United States
BECCS,BECCS,The united kingdom Will Face A Rising Risk Of Power Supply Shortfalls This Decade,https://oilprice.com/Latest-Energy-News/World-News/The-UK-Will-Face-A-Rising-Risk-Of-Power-Supply-Shortfalls-This-Decade.html,oilprice.com,20230321T130000Z,English,United States
BECCS,BECCS,CO2 storage plentiful but CCS deployment must accelerate warns IPCC,https://www.gasworld.com/story/co2-storage-plentiful-but-ccs-deployment-must-accelerate-warns-ipcc/2121998.article/,gasworld.com,20230321T120000Z,English,United States
BECCS,BECCS,GLE Commences Engineering on Carbon Capture at Marquis Industrial Complex – Advanced BioFuels united states,https://advancedbiofuelsusa.info/gle-commences-engineering-on-carbon-capture-at-marquis-industrial-complex/,advancedbiofuelsusa.info,20230320T214500Z,English,United States
BECCS,BECCS,Top Findings from the IPCC Climate Change Report 2023 | World Resources Institute,https://www.wri.org/insights/2023-ipcc-ar6-synthesis-report-climate-change-findings,wri.org,20230320T141500Z,English,United States
BECCS,BECCS,6 Ways to Remove Carbon Pollution from the Atmosphere,https://cleantechnica.com/2023/03/19/6-ways-to-remove-carbon-pollution-from-the-atmosphere/,cleantechnica.com,20230319T224500Z,English,United States
BECCS,BECCS,6 Ways to Remove Carbon Pollution from the Atmosphere,https://www.wri.org/insights/6-ways-remove-carbon-pollution-sky,wri.org,20230317T211500Z,English,United States
BECCS,BECCS,Comment : Emergency use of coal in U . K . isnt rebuke of net zero,https://www.heraldnet.com/opinion/comment-emergency-use-of-coal-in-u-k-isnt-rebuke-of-net-zero/,heraldnet.com,20230316T100000Z,English,United States
BECCS,BECCS,Work underway at Illinois bio - energy carbon capture and storage project,https://www.gasworld.com/story/work-underway-at-illinois-bio-energy-carbon-capture-and-storage-project/2121734.article/,gasworld.com,20230314T130000Z,English,United States
BECCS,BECCS,GLE engineers CCS at Marquis industrial complex,https://www.gasworld.com/story/gle-commences-engineering-on-ccs-at-marquis-industrial-complex/2121727.article/,gasworld.com,20230314T130000Z,English,United States
BECCS,BECCS,Carbon Dioxide Removal Global Market Report 2023 : Sector to Reach $2 . 08 Billion by 2031 at a CAGR of 18 . 2 %: Research and Markets,https://finance.yahoo.com/news/carbon-dioxide-removal-global-market-094500767.html,finance.yahoo.com,20230314T104500Z,English,United States
BECCS,BECCS,Carbon Dioxide Removal Global Market Report 2023 : Sector to Reach $2 . 08 Billion by 2031 at a CAGR of 18 . 2 %: Research and Markets,https://www.prnewswire.com/news-releases/carbon-dioxide-removal-global-market-report-2023-sector-to-reach-2-08-billion-by-2031-at-a-cagr-of-18-2-research-and-markets-301771305.html,prnewswire.com,20230314T100000Z,English,United States
BECCS,BECCS,Stock Market | FinancialContent Business Page,https://markets.financialcontent.com/stocks/article/bizwire-2023-3-14-carbon-dioxide-removal-global-market-report-2023-favorable-government-policies-drives-growth-researchandmarketscom,markets.financialcontent.com,20230314T100000Z,English,United States
BECCS,BECCS,Gas Liquids Engineering begins engineering on major CCS project for Marquis Energy : Biofuels Digest,https://www.biofuelsdigest.com/bdigest/2023/03/13/gas-liquids-engineering-begins-engineering-on-major-ccs-project-for-marquis-energy/,biofuelsdigest.com,20230314T023000Z,English,United States
BECCS,BECCS,GLE COMMENCES ENGINEERING ON CARBON CAPTURE AT MARQUIS INDUSTRIAL COMPLEX,https://www.prnewswire.com/news-releases/gle-commences-engineering-on-carbon-capture-at-marquis-industrial-complex-301769736.html,prnewswire.com,20230313T154500Z,English,United States
BECCS,BECCS,New research uses geothermal energy to slash emissions,https://techxplore.com/news/2023-03-geothermal-energy-slash-emissions.html,techxplore.com,20230310T203000Z,English,United States
BECCS,BECCS,UK Fears US May Snatch £2 Billion of Climate Cash With Biden Aid,https://news.yahoo.com/uk-fears-us-may-snatch-000100132.html,news.yahoo.com,20230310T013000Z,English,United States
BECCS,BECCS,UK Fears US May Lure £2 Billion of Climate Investment With Biden Green Subsidies,https://www.bloomberg.com/news/articles/2023-03-10/uk-fears-us-may-snatch-2-billion-of-climate-cash-with-biden-aid,bloomberg.com,20230310T011500Z,English,United States
BECCS,BECCS,Record 66 North America Carbon Capture Projects Announced in 2022 According to Decarbonfuse,https://www.prweb.com/releases/2023/03/prweb19209259.htm,prweb.com,20230309T153000Z,English,United States
BECCS,BECCS,Drax ends half a century of coal - fired power generation,https://biomassmagazine.com/articles/19963/drax-ends-half-a-century-of-coal-fired-power-generation,biomassmagazine.com,20230427T020000Z,English,United States
BECCS,BECCS,"Drax Ditches Coal , Shifts Focus To Biomass Generation",https://oilprice.com/Alternative-Energy/Biofuels/Drax-Ditches-Coal-Shifts-Focus-To-Biomass-Generation.html,oilprice.com,20230426T194500Z,English,United States
BECCS,BECCS,"Biden EPA Pushing New Power Plant Standards , Risking Already Strained Electric Grid",https://legalinsurrection.com/2023/04/biden-epa-pushing-new-power-plant-standards-risking-already-strained-electric-grid/,legalinsurrection.com,20230424T214500Z,English,United States
BECCS,BECCS,Shell admits 1 . 5C climate goal means immediate end to fossil fuel growth,https://www.resilience.org/stories/2023-04-24/shell-admits-1-5c-climate-goal-means-immediate-end-to-fossil-fuel-growth/,resilience.org,20230424T180000Z,English,United States
BECCS,BECCS,Drax pauses BECCS investment while waiting for government clarity,https://biomassmagazine.com/articles/19855/drax-pauses-beccs-investment-while-waiting-for-government-clarity,biomassmagazine.com,20230417T061500Z,English,United States
BECCS,BECCS,Aston University biomass expert calls for more exploration of power bioenergy with carbon capture and storage,https://www.spacedaily.com/reports/Aston_University_biomass_expert_calls_for_more_exploration_of_power_bioenergy_with_carbon_capture_and_storage_999.html,spacedaily.com,20230409T080000Z,English,United States
BECCS,BECCS,"Drax applauds Canada budget commitment to biomass , clean energy",https://biomassmagazine.com/articles/19909/drax-applauds-canadaundefineds-budget-commitment-to-biomass-clean-energy,biomassmagazine.com,20230406T231500Z,English,United States
BECCS,BECCS,Drax Applauds Canada Budget Commitment to Biomass and Clean Energy Investments,https://finance.yahoo.com/news/drax-applauds-canada-budget-commitment-183600893.html,finance.yahoo.com,20230406T191500Z,English,United States
BECCS,BECCS,Drax Applauds Canada Budget Commitment to Biomass and Clean Energy Investments,https://www.streetinsider.com/Globe+Newswire/Drax+Applauds+Canada%E2%80%99s+Budget+Commitment+to+Biomass+and+Clean+Energy+Investments/21479180.html,streetinsider.com,20230406T190000Z,English,United States
BECCS,BECCS,Babcock & Wilcox Awarded Contract To Study Bioenergy With Carbon Capture And Storage ( BECCS ) Conversion For Coal Power Plant In Michigan,https://www.poweronline.com/doc/babcock-amp-wilcox-awarded-contract-study-bioenergy-carbon-capture-storage-(beccs)-conversion-coal-powermichigan-0001,poweronline.com,20230731T120000Z,English,United States
BECCS,BECCS,The Hydrogen Stream : Germany to use hydrogen  in all sector – pv magazine International,https://www.pv-magazine.com/2023/07/28/the-hydrogen-stream-germany-to-use-hydrogen-in-all-sectors/,pv-magazine.com,20230728T134500Z,English,United States
BECCS,BECCS,"Busy Week : News and Notes from the Power Industry ( July 27 , 2023 )",https://www.powermag.com/busy-week-news-and-notes-from-the-power-industry-july-27-2023/,powermag.com,20230727T173000Z,English,United States
BECCS,BECCS,B & W Plans to Convert Michigan Coal Plant to Clean Power Generator,https://www.rigzone.com/news/bw_plans_to_convert_michigan_coal_plant_to_clean_power_generator-27-jul-2023-173459-article/,rigzone.com,20230727T121500Z,English,United States
BECCS,BECCS,Babcock & Wilcox Awarded Contract to Study Bioenergy with Carbon Capture and Storage ( BECCS ) Conversion for Coal Power Plant in Michigan - Babcock & Wilcox ( NYSE : BW ),https://www.benzinga.com/pressreleases/23/07/b33387517/babcock-wilcox-awarded-contract-to-study-bioenergy-with-carbon-capture-and-storage-beccs-conversio,benzinga.com,20230726T113000Z,English,United States
BECCS,BECCS,"Biogas - Sewage biogas in Manchester set to become sustainable feedstock for graphene and hydrogen production - Renewable Energy Magazine , at the heart of clean energy journalism",https://www.renewableenergymagazine.com/biogas/sewage-biogas-in-manchester-set-to-become-20230724,renewableenergymagazine.com,20230724T111500Z,English,United States
BECCS,BECCS,Drax issues formal response to  BECCS Done Well  report,https://biomassmagazine.com/articles/20227/drax-issues-formal-response-to-undefinedbeccs-done-wellundefined-report,biomassmagazine.com,20230720T020000Z,English,United States
BECCS,BECCS,Aker Carbon Capture to study feasibility of BECCS project,https://biomassmagazine.com/articles/20215/aker-carbon-capture-to-study-feasibility-of-beccs-project,biomassmagazine.com,20230718T024500Z,English,United States
BECCS,BECCS,Moniz :  Substantial Effort  on Bioenergy with Carbon Capture,https://www.rtoinsider.com/49528-moniz-carbon-capture-beccs/,rtoinsider.com,20230709T231500Z,English,United States
BECCS,BECCS,BECCS : Converting Wood To Energy In The 21st Century,https://www.forbes.com/sites/davidblackmon/2023/07/08/beccs-converting-wood-to-energy-in-the-21st-century/,forbes.com,20230708T130000Z,English,United States
BECCS,BECCS,KEW Technology Lands Funding to Propel Waste - to - Hydrogen Tech Forward ~ Hydrogen Fuel News,https://www.hydrogenfuelnews.com/waste-to-hydrogen-kew-technology/8559514/,hydrogenfuelnews.com,20230706T140000Z,English,United States
BECCS,BECCS,Proposed climate - friendly energy source continues to gain support,https://www.witn.com/2023/07/05/proposed-climate-friendly-energy-source-continues-gain-support/,witn.com,20230706T023000Z,English,United States
BECCS,BECCS,Monthly Review | On Technology and Degrowth,https://monthlyreview.org/2023/07/01/on-technology-and-degrowth/,monthlyreview.org,20230702T061500Z,English,United States
BECCS,BECCS,Monthly Review | Planned Degrowth : Ecosocialism and Sustainable Human Development An Introduction,https://monthlyreview.org/2023/07/01/planned-degrowth/,monthlyreview.org,20230702T013000Z,English,United States
BECCS,BECCS,Drax Announces the Appointment of Andrea Bertone to the Company Board of Directors,https://www.prnewswire.com/news-releases/drax-announces-the-appointment-of-andrea-bertone-to-the-companys-board-of-directors-301915158.html,prnewswire.com,20230831T174500Z,English,United States
BECCS,BECCS,Low Carbon Materials joins CCS+ initiative,https://www.cemnet.com/News/story/175456/low-carbon-materials-joins-ccs-initiative.html,cemnet.com,20230830T121500Z,English,United States
BECCS,BECCS,Drax Joins World Economic Forum First Movers Coalition,https://www.prnewswire.com/news-releases/drax-joins-world-economic-forums-first-movers-coalition-301912961.html,prnewswire.com,20230829T191500Z,English,United States
BECCS,BECCS,Evaluating carbon capture promise,https://www.datacenterdynamics.com/en/analysis/evaluating-carbon-captures-promise/,datacenterdynamics.com,20230824T173000Z,English,United States
BECCS,BECCS,Ocean GeoLoop announces 3000 - hour carbon capture milestone,https://www.gasworld.com/story/ocean-geoloop-announces-3000-hour-carbon-capture-milestone/2126762.article/,gasworld.com,20230823T151500Z,English,United States
BECCS,BECCS,Capsol Technologies reports  accelerating demand  for carbon capture technology,https://www.gasworld.com/story/capsol-technologies-reports-accelerating-demand-for-carbon-capture-technology/2126397.article/,gasworld.com,20230815T100000Z,English,United States
BECCS,BECCS,USIPA : united kingdom government reaffirms support for biomass,https://biomassmagazine.com/articles/20299/usipa-uk-government-reaffirms-support-for-biomass,biomassmagazine.com,20230815T030000Z,English,United States
BECCS,BECCS,How Carbon Capture Is Getting New Life With US Help - The Washington Post,https://www.washingtonpost.com/business/energy/2023/08/14/us-carbon-capture-efforts-challenges-and-impact-explained/d3d5848e-3aaf-11ee-aefd-40c039a855ba_story.html,washingtonpost.com,20230814T150000Z,English,United States
BECCS,BECCS,UK Biomass Strategy Wont Stop Destruction of North American Forests,https://cleantechnica.com/2023/08/13/uk-biomass-strategy-wont-stop-destruction-of-north-american-forests/,cleantechnica.com,20230813T190000Z,English,United States
BECCS,BECCS,"UK publishes Biomass Strategy , report on BECCS | Biomassmagazine . com",https://biomassmagazine.com/articles/20295/uk-publishes-biomass-strategy-report-on-beccs,biomassmagazine.com,20230810T233000Z,English,United States
BECCS,BECCS,"Global Carbon Capture Utilization and Storage ( CCUS ) Market Report 2023 - 2040 : Growth Accelerated by Regulatory Frameworks , Implementation of Negative Emission Technologies , and CO2 Utilization",https://www.prnewswire.com/news-releases/global-carbon-capture-utilization-and-storage-ccus-market-report-2023-2040-growth-accelerated-by-regulatory-frameworks-implementation-of-negative-emission-technologies-and-co2-utilization-301895834.html,prnewswire.com,20230809T020000Z,English,United States
BECCS,BECCS,The Global Market for Bioenergy 2023 to 2033 : Industry Developments and Investments,https://www.prnewswire.com/news-releases/the-global-market-for-bioenergy-2023-to-2033-industry-developments-and-investments-301892498.html,prnewswire.com,20230803T151500Z,English,United States
BECCS,BECCS,Enviva Reports 2Q 2023 Results and Provides Progress Update on Cost and Productivity Improvement Initiatives,https://itbusinessnet.com/2023/08/enviva-reports-2q-2023-results-and-provides-progress-update-on-cost-and-productivity-improvement-initiatives/,itbusinessnet.com,20230803T030000Z,English,United States
BECCS,BECCS,Carbon capture tech could drive £40bn investment in united kingdom economy by 2030,https://www.gasworld.com/story/carbon-capture-tech-could-drive-40bn-investment-in-uk-economy-by-2030/2128235.article/,gasworld.com,20230927T163000Z,English,United States
BECCS,BECCS,The world biggest carbon capture facility is being built in Texas . Will it work ?,https://grist.org/energy/the-worlds-biggest-carbon-capture-facility-is-being-built-in-texas-will-it-work/,grist.org,20230927T093000Z,English,United States
BECCS,BECCS,Drax joins the Carbon Business Council,https://www.gasworld.com/story/drax-joins-the-carbon-business-council/2127997.article/,gasworld.com,20230921T134500Z,English,United States
BECCS,BECCS,AstraZeneca advances united kingdom clean heat and energy efficiencies with £100m commitment,https://www.pharmiweb.com/press-release/2023-09-14/astrazeneca-advances-uk-clean-heat-and-energy-efficiencies-with-100m-commitment,pharmiweb.com,20230914T144500Z,English,United States
BECCS,BECCS,AstraZeneca advances united kingdom clean heat and energy efficiencies with £100m commitment,https://www.tmcnet.com/usubmit/2023/09/14/9880835.htm,tmcnet.com,20230914T070000Z,English,United States
BECCS,BECCS,Texas breaks ground on controversial Biden - backed carbon removal project,https://thebulletin.org/2023/09/texas-breaks-ground-on-controversial-biden-backed-carbon-removal-project/,thebulletin.org,20230913T224500Z,English,United States
BECCS,BECCS,Britain wind power capacity surpasses gas,https://renewablesnow.com/news/britains-wind-power-capacity-surpasses-gas-833821/,renewablesnow.com,20230913T201500Z,English,United States
BECCS,BECCS,"UK government must kick - start the construction of large - scale electricity storage or fail to meet legally binding net zero targets by 2050 , warns Royal Society report",https://www.webwire.com/ViewPressRel.asp?aId=310894,webwire.com,20230912T174500Z,English,United States
BECCS,BECCS,A new climate solution could involve cropland and volcanic rocks,https://www.popsci.com/environment/volcanic-rock-farm-carbon-sequestration/,popsci.com,20230908T174500Z,English,United States
BECCS,BECCS,SLB Announces Third - Quarter 2023 Results,http://www.itnewsonline.com/BusinessWire/SLB-Announces-Third-Quarter-2023-Results/32012,itnewsonline.com,20231020T144500Z,English,United States
BECCS,BECCS,Rayonier 2022 Sustainability Report : Land - Based Solutions,https://www.streetinsider.com/Accesswire/Rayonier+2022+Sustainability+Report:+Land-Based+Solutions/22270486.html,streetinsider.com,20231013T144500Z,English,United States
BECCS,BECCS,"Respira Announces Intention to Purchase up to 50 , 000 Carbon",https://www.globenewswire.com/news-release/2023/11/29/2788012/0/en/Respira-Announces-Intention-to-Purchase-up-to-50-000-Carbon-Removal-Credits-from-Capture6.html,globenewswire.com,20231129T181500Z,English,United States
BECCS,BECCS,Drax applauds the government of Canada commitment to biomass technologies as highlighted in the Fall Economic Statement - Energy Industry Today,https://energy.einnews.com/pr_news/670755273/drax-applauds-the-government-of-canada-s-commitment-to-biomass-technologies-as-highlighted-in-the-fall-economic-statement,energy.einnews.com,20231125T034500Z,English,United States
BECCS,BECCS,Drax applauds the government of Canada commitment to biomass technologies as highlighted in the Fall Economic Statement,https://markets.businessinsider.com/news/stocks/drax-applauds-the-government-of-canada-s-commitment-to-biomass-technologies-as-highlighted-in-the-fall-economic-statement-1032848878,markets.businessinsider.com,20231124T230000Z,English,United States
BECCS,BECCS,Drax applauds the government of Canada commitment to,https://www.globenewswire.com/news-release/2023/11/24/2785703/0/en/Drax-applauds-the-government-of-Canada-s-commitment-to-biomass-technologies-as-highlighted-in-the-Fall-Economic-Statement.html,globenewswire.com,20231124T221500Z,English,United States
BECCS,BECCS,"Drax Foundation Donates More Than $450 , 000 Aiding Canadian Organizations Focused on Supporting Indigenous Communities","https://www.streetinsider.com/Globe+Newswire/Drax+Foundation+Donates+More+Than+$450,000+Aiding+Canadian+Organizations+Focused+on+Supporting+Indigenous+Communities/22449164.html",streetinsider.com,20231122T223000Z,English,United States
BECCS,BECCS,Evero partners with Mitsubishi Heavy Industries on carbon capture technology for BECCS project in the united kingdom : The Daily Digest,https://www.biofuelsdigest.com/bdigest/2023/11/11/evero-partners-with-mitsubishi-heavy-industries-on-carbon-capture-technology-for-beccs-project-in-the-uk/,biofuelsdigest.com,20231112T004500Z,English,United States
BECCS,BECCS,Drax Partners with Patch to Enhance Carbon Credit Offering,https://www.streetinsider.com/PRNewswire/Drax+Partners+with+Patch+to+Enhance+Carbon+Credit+Offering/22380140.html,streetinsider.com,20231108T150000Z,English,United States
BECCS,BECCS,Is It Time To Embrace Geoengineering ?,https://oilprice.com/Energy/Energy-General/Is-It-Time-To-Embrace-Geoengineering.html,oilprice.com,20231219T101500Z,English,United States
BECCS,BECCS,Fossil takeover of the COPs - International Viewpoint - online socialist magazine,https://internationalviewpoint.org/spip.php?article8353,internationalviewpoint.org,20231219T001500Z,English,United States
BECCS,BECCS,COP28 : The scientific basis for a rapid fossil fuel phase out,https://www.massachusettssun.com/news/274059345/cop28-the-scientific-basis-for-a-rapid-fossil-fuel-phase-out,massachusettssun.com,20231209T000000Z,English,United States
BECCS,BECCS,COP28 : The scientific basis for a rapid fossil fuel phase out,https://www.bignewsnetwork.com/news/274059345/cop28-the-scientific-basis-for-a-rapid-fossil-fuel-phase-out,bignewsnetwork.com,20231208T233000Z,English,United States
BECCS,BECCS,Engineering Archives,https://www.powermag.com/category/engineering/,powermag.com,20240301T153000Z,English,United States
BECCS,BECCS,UK Drax Eyes U . S . for Bioenergy CCS Expansion Drive,https://www.powermag.com/uks-drax-eyes-u-s-for-bioenergy-ccs-expansion-drive/,powermag.com,20240301T153000Z,English,United States
BECCS,BECCS,"Global Biochar Market Analysis & Outlook 2024 - 2034 , with Profiles of 100+ Biochar Manufacturers and Developers Globally Including Production Capacities and Latest Expansions",https://www.tmcnet.com/usubmit/2024/02/28/9970057.htm,tmcnet.com,20240228T174500Z,English,United States
BECCS,BECCS,Using biomass to reach net zero could be a waste of taxpayer money,https://news.yahoo.com/using-biomass-reach-net-zero-201305930.html,news.yahoo.com,20240223T204500Z,English,United States
BECCS,BECCS,European Energy strikes biogenic CO2 deal to produce e - methanol in Texas,https://www.gasworld.com/story/european-energy-strikes-biogenic-co2-deal-to-produce-e-methanol-in-texas/2134146.article/,gasworld.com,20240215T163000Z,English,United States
BECCS,BECCS,Aker Carbon Capture awarded study for capturing biogenic CO2 in Sweden,https://www.worldcement.com/europe-cis/12022024/aker-carbon-capture-awarded-study-for-capturing-biogenic-co2-in-sweden/,worldcement.com,20240212T103000Z,English,United States
BECCS,BECCS,Japanese firm to partner on newly revised Louisiana renewables fuel project,https://www.ogj.com/energy-transition/article/14304936/japanese-firm-to-partner-on-newly-revised-louisiana-renewables-fuel-project,ogj.com,20240209T194500Z,English,United States
BECCS,BECCS,"Carbon Capture , Utilization , and Storage Market worth $12 . 9 billion in 2030 - Exclusive Report by MarketsandMarkets™",https://www.prnewswire.com/news-releases/carbon-capture-utilization-and-storage-market-worth-12-9-billion-in-2030--exclusive-report-by-marketsandmarkets-302057510.html,prnewswire.com,20240209T121500Z,English,United States
BECCS,BECCS,Replacing animal - based foods with alternative proteins would unlock land for carbon removal,https://www.sciencedaily.com/releases/2024/02/240207120533.htm,sciencedaily.com,20240208T134500Z,English,United States
BECCS,BECCS,Aker Carbon Capture awarded study for capturing biogenic CO2 in Sweden,https://www.tmcnet.com/usubmit/-aker-carbon-capture-awarded-study-capturing-biogenic-co2-/2024/02/08/9959472.htm,tmcnet.com,20240208T081500Z,English,United States
BECCS,BECCS,Aker Carbon Capture awarded study for capturing biogenic CO2 in Sweden,https://www.tmcnet.com/usubmit/2024/02/08/9959472.htm,tmcnet.com,20240208T073000Z,English,United States
BECCS,BECCS,Study warns of overreliance on carbon dioxide removal in climate strategies,https://www.terradaily.com/reports/Study_warns_of_overreliance_on_carbon_dioxide_removal_in_climate_strategies_999.html,terradaily.com,20240204T024500Z,English,United States
BECCS,BECCS,"Drax , Molpus Woodlands partner to fuel BECCS operations in the Southeast US",https://biomassmagazine.com/articles/drax-molpus-woodlands-partner-to-fuel-beccs-operations-in-the-southeast-us,biomassmagazine.com,20240202T023000Z,English,United States
BECCS,BECCS,Drax signs fibre supply deal with Molpus to fuel US - based BECCS operations,https://www.gasworld.com/story/drax-signs-fibre-supply-deal-with-molpus-to-fuel-us-based-beccs-operations/2133568.article/,gasworld.com,20240201T153000Z,English,United States
BECCS,BECCS,"Stop subsidizing Drax forest destruction , environmental injustices , and climate damage , say Dogwood Alliance and other environmental groups",https://www.tmcnet.com/usubmit/2024/04/25/10000705.htm,tmcnet.com,20240425T151500Z,English,United States
BECCS,BECCS,JX to join forces with Sumitomo at large scale SAF / BECCS project in Louisiana ( U . S .),http://www.hydrocarbonprocessing.com/news/2024/04/jx-to-join-forces-with-sumitomo-at-large-scale-safbeccs-project-in-louisiana-us/,hydrocarbonprocessing.com,20240424T194500Z,English,United States
BECCS,BECCS,Japan Mizuho Invests $3 . 64MM in Bison CCS Project in Alberta,https://www.rigzone.com/news/japans_mizuho_invests_364mm_in_bisons_ccs_project_in_alberta-15-apr-2024-176402-article/,rigzone.com,20240415T081500Z,English,United States
BECCS,BECCS,JX and Sumitomo Corporation join forces for large - scale SAF / BECCS project in Louisiana - Chemical Engineering,https://www.chemengonline.com/jx-and-sumitomo-corporation-join-forces-for-large-scale-saf-beccs-project-in-louisiana/,chemengonline.com,20240409T221500Z,English,United States
BECCS,BECCS,Net Zero | North West,https://energycentral.com/c/cp/net-zero-north-west-0,energycentral.com,20240405T223000Z,English,United States
BECCS,BECCS,Karbon - X and Drax Group Partner in Major Step for Carbon Removal Market ...,https://www.pr-inside.com/karbon-x-and-drax-group-partner-in-major-step-for-carbon-removal-market-r4997736.htm,pr-inside.com,20240405T140000Z,English,United States
BECCS,BECCS,Does  net zero  mean zero cows ? - Bulletin of the Atomic Scientists,https://thebulletin.org/premium/2024-05/does-net-zero-mean-zero-cows/,thebulletin.org,20240531T160000Z,English,United States
BECCS,BECCS,Capsol Technologies unveils plan to join Norway stock exchange | CCS,https://www.gasworld.com/story/capsol-technologies-unveils-plan-to-join-norways-stock-exchange/2139455.article/,gasworld.com,20240531T121500Z,English,United States
BECCS,BECCS,FS completes feasibility studies for BECCS project in Brazil : The Daily Digest,https://www.biofuelsdigest.com/bdigest/2024/05/29/fs-completes-feasibility-studies-for-beccs-project-in-brazil/,biofuelsdigest.com,20240530T023000Z,English,United States
BECCS,BECCS,Ørsted enters into new major agreement on carbon removal with Microsoft,https://www.ajot.com/news/rsted-enters-into-new-major-agreement-on-carbon-removal-with-microsoft,ajot.com,20240522T200000Z,English,United States
BECCS,BECCS,Researchers set out path for global warming reversal,https://innovationtoronto.com/researchers-set-out-path-for-global-warming-reversal/,innovationtoronto.com,20240522T063000Z,English,United States
BECCS,BECCS,"Electrogeochemistry can capture carbon , produce fuel , and even offset ocean acidification",https://innovationtoronto.com/electrogeochemistry-can-capture-carbon-produce-fuel-and-even-offset-ocean-acidification/,innovationtoronto.com,20240520T234500Z,English,United States
BECCS,BECCS,"Stockholm Exergi announces permanent carbon removal agreement with Microsoft , world largest to date",https://www.prnewswire.com/news-releases/stockholm-exergi-announces-permanent-carbon-removal-agreement-with-microsoft-worlds-largest-to-date-302136553.html,prnewswire.com,20240506T090000Z,English,United States
BECCS,BECCS,"Stockholm Exergi announces permanent carbon removal agreement with Microsoft , world largest to date",https://www.prnewswire.com/news-releases/stockholm-exergi-announces-permanent-carbon-removal-agreement-with-microsoft-worlds-largest-to-date-302136550.html,prnewswire.com,20240506T090000Z,English,United States
BECCS,BECCS,UN Climate Talks : Setting Sail to Plunder the Ocean,https://www.ipsnews.net/2024/06/un-climate-talks-setting-sail-plunder-ocean/,ipsnews.net,20240628T104500Z,English,United States
BECCS,BECCS,OnLocation U . S . Energy Horizons to 2050 Release : Reference and Advanced Technologies Scenarios for the U . S . Energy Sector,https://www.prnewswire.com/news-releases/onlocations-us-energy-horizons-to-2050-release-reference-and-advanced-technologies-scenarios-for-the-us-energy-sector-302183798.html,prnewswire.com,20240626T223000Z,English,United States
BECCS,BECCS,DNV gives greenlight to methodology for carbon removals delivered by BECCS,https://biomassmagazine.com/articles/dnv-gives-greenlight-to-methodology-for-carbon-removals-delivered-by-beccs,biomassmagazine.com,20240621T204500Z,English,United States
BECCS,BECCS,"Drax Donates More Than $291 , 000 to Non - Profits Focused on STEM Education and the Environment",https://www.tmcnet.com/usubmit/2024/06/18/10030431.htm,tmcnet.com,20240618T174500Z,English,United States
BECCS,BECCS,"Drax Donates More Than $291 , 000 to Non - Profits Focused on STEM Education and the Environment",https://www.prnewswire.com/news-releases/drax-donates-more-than-291-000-to-non-profits-focused-on-stem-education-and-the-environment-302175833.html,prnewswire.com,20240618T174500Z,English,United States
BECCS,BECCS,"UW - Madison : Faculty , students co - author landmark report on carbon dioxide removal",https://www.wisbusiness.com/2024/uw-madison-faculty-students-co-author-landmark-report-on-carbon-dioxide-removal/,wisbusiness.com,20240612T190000Z,English,United States
BECCS,BECCS,Carbon capture must quadruple by 2050 to meet climate targets : report,https://www.terradaily.com/reports/Carbon_capture_must_quadruple_by_2050_to_meet_climate_targets_report_999.html,terradaily.com,20240607T114500Z,English,United States
BECCS,BECCS,"Humans Need To Remove Four Times Carbon Dioxide In The Atmosphere BY 2050 To Counter Global Warming , Study Says",https://www.natureworldnews.com/articles/61895/20240606/humans-need-remove-four-times-carbon-dioxide-atmosphere-2050-counter.htm,natureworldnews.com,20240607T024500Z,English,United States
BECCS,BECCS,Carbon capture must quadruple by 2050 to meet climate targets : report,https://www.spacedaily.com/reports/Carbon_capture_must_quadruple_by_2050_to_meet_climate_targets_report_999.html,spacedaily.com,20240606T081500Z,English,United States
BECCS,BECCS,2024 CDR Report : Upscaling CO2 Removal to Achieve Paris Goals,https://www.miragenews.com/2024-cdr-report-upscaling-co2-removal-to-1249970/,miragenews.com,20240605T124500Z,English,United States
BECCS,BECCS,CO2 removal needs to  more than treble,https://www.gasworld.com/story/co2-removal-needs-to-more-than-treble/2139682.article/,gasworld.com,20240605T114500Z,English,United States
BECCS,BECCS,Carbon capture must quadruple by 2050 to meet climate targets : report,https://www.terradaily.com/afp/240604220348.qvbn1gf7.html,terradaily.com,20240605T024500Z,English,United States
BECCS,BECCS,Carbon capture must quadruple by 2050 to meet climate targets : report,https://www.terradaily.com/afp/240604181457.vlv2xtlm.html,terradaily.com,20240604T211500Z,English,United States
BECCS,BECCS,Babcock & Wilcox to begin work on BECCS project for NorthStar Clean Energy : The Daily Digest,https://www.biofuelsdigest.com/bdigest/2024/06/03/babcock-wilcox-to-begin-work-on-beccs-project-for-northstar-clean-energy/,biofuelsdigest.com,20240604T010000Z,English,United States
BECCS,BECCS,Japanese consortium to study BECCS in Indonesia with Pertamina : The Daily Digest,https://www.biofuelsdigest.com/bdigest/japanese-consortium-to-study-beccs-in-indonesia-with-pertamina/,biofuelsdigest.com,20240828T014500Z,English,United States
BECCS,BECCS,"Gibson , Partners Eye Waste - to - Energy Facility with Carbon Capture",https://www.rigzone.com/news/gibson_partners_eye_wastetoenergy_facility_with_carbon_capture-23-aug-2024-177864-article/,rigzone.com,20240823T164500Z,English,United States
BECCS,BECCS,"Climate Recovery After Overshooting 1 . 5°C Is a Dangerous Myth , Scientists Warn",https://www.sciencealert.com/climate-recovery-after-overshooting-1-5c-is-a-dangerous-myth-scientists-warn,sciencealert.com,20240823T043000Z,English,United States
BECCS,BECCS,Net Zero Carbon Removal Conundrum,https://www.insurancejournal.com/news/national/2024/08/19/788885.htm,insurancejournal.com,20240819T140000Z,English,United States
BECCS,BECCS,Ørsted to focus on green hydrogen after scrapping e - fuels project,https://www.gasworld.com/story/orsted-to-focus-on-green-hydrogen-after-scrapping-e-fuels-project/2142892.article/,gasworld.com,20240815T171500Z,English,United States
BECCS,BECCS,Skeptical Science New Research for Week # 31 2024,https://skepticalscience.com/new_research_2024_31.html,skepticalscience.com,20240801T111500Z,English,United States
BECCS,BECCS,Airfix and The Carbon Removers join forces to tackle Europe carbon emissions | CCS,https://www.gasworld.com/story/airfix-and-the-carbon-removers-join-forces-to-tackle-europes-carbon-emissions/2145689.article/,gasworld.com,20241022T171500Z,English,United States
BECCS,BECCS,"The future of feedstocks in SAF | Agri - Pulse Communications , Inc .",https://www.agri-pulse.com/articles/21780-the-future-of-feedstocks-in-saf,agri-pulse.com,20241016T153000Z,English,United States
BECCS,BECCS,FS Bioenergia to advance carbon capture negative - emission ethanol,https://www.gasworld.com/story/fs-bioenergia-to-advance-carbon-capture-negative-emission-ethanol/2145185.article/,gasworld.com,20241010T120000Z,English,United States
BECCS,BECCS,The U . K .  Clean  Power Company Polluting Small Towns Across the U . S,https://theintercept.com/2024/09/30/drax-wood-pellet-energy-air-pollution/,theintercept.com,20241002T181500Z,English,United States
BECCS,BECCS,"A letter from Rio de Janeiro , Charley Rattan | Brazil , CCS and Hydrogen",https://energycentral.com/c/og/letter-rio-de-janeiro-charley-rattan-brazil-ccs-and-hydrogen,energycentral.com,20241201T171500Z,English,United States
BECCS,BECCS,Interview With Carbon - Credit Procurement Platform CEEZER Founder Magnus Drewelies,https://cleantechnica.com/2024/11/22/interview-with-carbon-credit-procurement-platform-ceezer-founder-magnus-drewelies/,cleantechnica.com,20241122T180000Z,English,United States
BECCS,BECCS,B & W to Convert Coal Plant to Gas for AES Indiana,https://www.rigzone.com/news/bw_to_convert_coal_plant_to_gas_for_aes_indiana-22-nov-2024-178767-article/,rigzone.com,20241122T151500Z,English,United States
BECCS,BECCS,Graphene Goes Mainstream with the Launch of Levidian Second - Generation LOOP Decarbonization Technology,https://www.azonano.com/news.aspx?newsID=41164,azonano.com,20241121T113000Z,English,United States
BECCS,BECCS,"The climate and biodiversity crises are entwined , but we risk pitting one against the other",https://phys.org/news/2024-11-climate-biodiversity-crises-entwined-pitting.html,phys.org,20241119T004500Z,English,United States
BECCS,BECCS,Study show Brazilian second - crop corn ethanol production system in line with SDGs : The Daily Digest,https://www.biofuelsdigest.com/bdigest/study-shows-brazilian-second-crop-corn-ethanol-production-system-in-line-with-sdgs/,biofuelsdigest.com,20241114T201500Z,English,United States
BECCS,BECCS,CCSA appoints new united kingdom Director,https://www.gasworld.com/story/ccsa-appoints-new-uk-director/2146598.article/,gasworld.com,20241111T170000Z,English,United States
BECCS,BECCS,"EU expected to approve climate , energy commissioners",https://www.argusmedia.com/en/news-and-insights/latest-market-news/2625765-eu-expected-to-approve-climate-energy-commissioners,argusmedia.com,20241106T183000Z,English,United States
BECCS,BECCS,Scientists from 57 countries want to end siloed decision - making on climate,https://grist.org/solutions/ipbes-un-panel-biodiversity-ecosystem-services-nexus-report-namibia/,grist.org,20241218T131500Z,English,United States
BECCS,BECCS,Capsol Technologies to study EfW plant in France,https://www.gasworld.com/story/capsol-technologies-to-study-efw-plant-in-france/2147707.article/,gasworld.com,20241205T190000Z,English,United States
BECCS,BECCS,"A letter from Rio de Janeiro , Charley Rattan | Brazil , CCS and Hydrogen",https://energycentral.com/c/og/letter-rio-de-janeiro-charley-rattan-brazil-ccs-and-hydrogen,energycentral.com,20241201T171500Z,English,United States
BECCS,BECCS,Skeptical Science New Research for Week # 9 2025,https://skepticalscience.com/new_research_2025_9.html,skepticalscience.com,20250227T103000Z,English,United States
BECCS,BECCS,Little Scope for Large - Scale Climate Plantations Without Breaching Planetary Boundaries,https://www.terradaily.com/reports/Little_Scope_for_Large_Scale_Climate_Plantations_Without_Breaching_Planetary_Boundaries_999.html,terradaily.com,20250218T121500Z,English,United States
BECCS,BECCS,"Altitude Launches Ascent : World First 50 , 000 - Ton CDR Financing Fund",https://cleantechnica.com/2025/02/17/altitude-launches-ascent-worlds-first-50000-ton-cdr-financing-fund/,cleantechnica.com,20250217T213000Z,English,United States
BECCS,BECCS,Climate plantation strategy face hurdles : Study reveals limited carbon capture potential within safe limits,https://phys.org/news/2025-02-climate-plantations-strategy-hurdles-reveals.html,phys.org,20250212T221500Z,English,United States
BECCS,BECCS,"The Download : Google AI mission , and America reliance on natural gas",https://www.technologyreview.com/2025/05/21/1117249/the-download-googles-ai-mission-and-americas-reliance-on-natural-gas/,technologyreview.com,20250521T133000Z,English,United States
BECCS,BECCS,Climeworks signs carbon removal deal with shipping giant,https://www.gasworld.com/story/climeworks-signs-carbon-removal-deal-with-shipping-giant/2155830.article/,gasworld.com,20250507T200000Z,English,United States
BECCS,BECCS,Microsoft expands carbon removal agreement with Stockholm Exergi,https://www.datacenterdynamics.com/en/news/microsoft-expands-carbon-removal-agreement-with-stockholm-exergi/,datacenterdynamics.com,20250507T163000Z,English,United States
BECCS,BECCS,The Top 5 Ways of Reducing Carbon Emissions,https://www.azocleantech.com/article.aspx?ArticleID=1972,azocleantech.com,20250505T111500Z,English,United States
BECCS,BECCS,"CCS Capacity To Quadruple By 2030 , DNV Report Finds",https://www.marinelink.com/news/ccs-capacity-quadruple-dnv-report-finds-526819,marinelink.com,20250613T130000Z,English,United States
BECCS,BECCS,DNV report claims global CO2 capture and storage to quadruple by 2030,https://www.cemnet.com/News/story/179335/dnv-report-claims-global-co2-capture-and-storage-to-quadruple-by-2030.html,cemnet.com,20250613T111500Z,English,United States
BECCS,BECCS,"CCS at a Turning Point , Says DNV",https://www.worldcement.com/europe-cis/12062025/ccs-at-a-turning-point-says-dnv/,worldcement.com,20250612T104500Z,English,United States
BECCS,BECCS,Beyond the Hydrogen Mirage : A Candid Conversation with Joe Romm,https://cleantechnica.com/2025/06/03/beyond-the-hydrogen-mirage-a-candid-conversation-with-joe-romm/,cleantechnica.com,20250603T211500Z,English,United States
BECCS,BECCS,CNL and Partners Identified Three Canadian Locations to,https://www.globenewswire.com/news-release/2025/08/01/3126077/0/en/CNL-and-Partners-Identified-Three-Canadian-Locations-to-Advance-the-Design-of-Renewable-Diesel-Production-Facilities.html,globenewswire.com,20250801T193000Z,English,United States
BECCS,BECCS,Horizon - ESG Regulatory News and Trends - July 2025 | DLA Piper,https://www.jdsupra.com/legalnews/horizon-esg-regulatory-news-and-trends-4531688/,jdsupra.com,20250801T034500Z,English,United States
BECCS,BECCS,Elimini and HOFOR Sign Strategic Agreements for Landmark Danish BECCS Project To Permanently Remove CO2,https://www.prnewswire.com/news-releases/elimini-and-hofor-sign-strategic-agreements-for-landmark-danish-beccs-project-to-permanently-remove-co2-302514970.html,prnewswire.com,20250729T083000Z,English,United States
BECCS,BECCS,Coalition Invests $41 Million in Biomass Carbon Removal Project,https://www.renewableenergymagazine.com/biomass/coalition-invests-41-million-in-biomass-carbon-20250710,renewableenergymagazine.com,20250710T170000Z,English,United States
BECCS,BECCS,US carbon removal seen backsliding under Trump report - Governor Wind Energy Coalition,https://governorswindenergycoalition.org/us-carbon-removal-seen-backsliding-under-trump-report/,governorswindenergycoalition.org,20250710T004500Z,English,United States
BECCS,BECCS,US carbon removal seen backsliding under Trump report,https://www.eenews.net/articles/us-carbon-removal-seen-backsliding-under-trump-report/,eenews.net,20250709T151500Z,English,United States
BECCS,BECCS,Frontier is helping Arbor build a  vegetarian rocket engine  to power data centers,https://techcrunch.com/2025/07/08/frontier-is-helping-arbor-build-a-vegetarian-rocket-engine-to-power-data-centers/,techcrunch.com,20250708T151500Z,English,United States
BECCS,BECCS,eLTER Releases First Policy Brief On Scaling Carbon Removal For Climate Neutrality,https://www.eurasiareview.com/23102025-elter-releases-first-policy-brief-on-scaling-carbon-removal-for-climate-neutrality/,eurasiareview.com,20251023T001500Z,English,United States
BECCS,BECCS,Here the scoop on Big Tech multi - million dollar carbon removal climate bet,https://geneticliteracyproject.org/2025/10/17/heres-the-scoop-on-big-techs-multi-million-dollar-carbon-removal-climate-bet/,geneticliteracyproject.org,20251017T081500Z,English,United States
BECCS,BECCS,"The Download : Creating the perfect baby , and carbon removal lofty promises",https://www.technologyreview.com/2025/10/16/1125851/the-download-creating-the-perfect-baby-and-carbon-removals-lofty-promises/,technologyreview.com,20251016T133000Z,English,United States
BECCS,BECCS,USA BioEnergy plant in Bon Wier will include small nuclear generator,https://kfdm.com/news/local/usa-bioenergy-site-in-bon-wier-will-include-small-nuclear-plant,kfdm.com,20251015T194500Z,English,United States
BECCS,BECCS,Big Tech big bet on a controversial carbon removal tactic,https://www.technologyreview.com/2025/10/15/1125715/big-techs-big-bet-on-a-controversial-carbon-removal-tactic/,technologyreview.com,20251015T140000Z,English,United States
BECCS,BECCS,CATACARB® WINS CARBON REMOVER AWARD AT CARBON CAPTURE CANADA 2025,http://www.prnewswire.com/news-releases/catacarb-wins-carbon-remover-award-at-carbon-capture-canada-2025-302584418.html,prnewswire.com,20251015T101500Z,English,United States
BECCS,BECCS,"New Carbon Capture Legislation , Same Old Grift",https://thenewamerican.com/us/new-carbon-capture-legislation-same-old-grift/,thenewamerican.com,20251014T203000Z,English,United States
BECCS,BECCS,Canada |,https://beniciaindependent.com/tags/canada/,beniciaindependent.com,20251003T193000Z,English,United States
BECCS,BECCS,Moore bipartisan bill would establish commission to study biomass conversion technology,https://riponadvance.com/stories/moores-bipartisan-bill-would-establish-commission-to-study-biomass-conversion-technology/,riponadvance.com,20251002T233000Z,English,United States
BECCS,BECCS,UW researcher calls on G20 for more carbon dioxide removal,https://www.wpr.org/news/wisconsin-madison-g20-carbon-dioxide-removal,wpr.org,20251121T234500Z,English,United States
BECCS,BECCS,2025 / 26 Climate Science : 10 Essential Insights,https://www.azocleantech.com/article.aspx?ArticleID=2053,azocleantech.com,20251120T160000Z,English,United States
BECCS,BECCS,"The Realistic Future Of Carbon Capture : Pure Streams , Right Locations , Smart Uses",https://cleantechnica.com/2025/11/06/the-realistic-future-of-carbon-capture-pure-streams-right-locations-smart-uses/,cleantechnica.com,20251106T221500Z,English,United States
BECCS,BECCS,"Global Waste to Energy Market Projected to Grow at 6 . 26 % During 2026 - 32 , Driven by Circular Economy Transition and Rising Global Waste Volumes",https://www.prnewswire.com/news-releases/global-waste-to-energy-market-projected-to-grow-at-6-26-during-2026-32--driven-by-circular-economy-transition-and-rising-global-waste-volumes--markntel-advisors-302607352.html,prnewswire.com,20251106T153000Z,English,United States
BECCS,BECCS,P2N0 - Edition 39 - News And Views On The Drive Towards Net - Zero GHG Emissions,https://www.mondaq.com:443/unitedstates/climate-change/1723494/p2n0-edition-39-news-and-views-on-the-drive-towards-net-zero-ghg-emissions,mondaq.com,20251224T060000Z,English,United States
BECCS,BECCS,Understanding The Pivot To Long - Term Carbon Removal Commitments,https://www.forbes.com/councils/forbesbusinesscouncil/2025/12/09/understanding-the-pivot-to-long-term-carbon-removal-commitments/,forbes.com,20251209T160000Z,English,United States
