domain,keyword,title,url,source_domain,seendate,language,country
BECCS,Bioenergy with carbon capture and storage,Uncertainty and Complexity : Biomass Can Help on the Path to Deep Decarbonization,http://www.rand.org/blog/2017/02/uncertainty-and-complexity-biomass-can-help-on-the.html,rand.org,20170224T231500Z,English,United States
BECCS,Bioenergy with carbon capture and storage,"Robust , high",http://biotechnologyforbiofuels.biomedcentral.com/articles/10.1186/s13068-017-0769-1,biotechnologyforbiofuels.biomedcentral.com,20170329T201500Z,English,United States
BECCS,Bioenergy with carbon capture and storage,Life,http://biotechnologyforbiofuels.biomedcentral.com/articles/10.1186/s13068-017-0739-7,biotechnologyforbiofuels.biomedcentral.com,20170314T050000Z,English,United States
BECCS,Bioenergy with carbon capture and storage,"Climate Change This Week : CO2 Levels Zooming Faster , First Protest in Space , and More !",http://www.huffingtonpost.com/entry/climate-change-this-week-co2-levels-zooming-faster_us_58ff5934e4b0c13feaa5c843,huffingtonpost.com,20170425T183000Z,English,United States
BECCS,Bioenergy with carbon capture and storage,New Project Aims to Remove Greenhouse Gases to Counteract Global Warming,http://www.azocleantech.com/news.aspx?newsID=24026,azocleantech.com,20170424T130000Z,English,United States
BECCS,Bioenergy with carbon capture and storage,New Facility Captures Atmospheric Carbon and Stores it Underground,https://www.planetizen.com/node/92288/new-facility-captures-atmospheric-carbon-and-stores-it-underground,planetizen.com,20170417T203000Z,English,United States
BECCS,Bioenergy with carbon capture and storage,Biofuel CCS Plant Inches Us Closer to Negative Carbon Emissions — NOVA Next,http://www.pbs.org/wgbh/nova/next/tech/biofuel-ccs-plant-inches-us-closer-to-negative-carbon-emissions/,pbs.org,20170416T060000Z,English,United States
BECCS,Bioenergy with carbon capture and storage,Advanced BioFuels united states » The Quest to Capture and Store Carbon,http://advancedbiofuelsusa.info/the-quest-to-capture-and-store-carbon-and-slow-climate-change-just-reached-a-new-milestone/,advancedbiofuelsusa.info,20170412T010000Z,English,United States
BECCS,Bioenergy with carbon capture and storage,The quest to capture and store carbon,https://www.washingtonpost.com/news/energy-environment/wp/2017/04/10/the-quest-to-capture-and-store-carbon-and-slow-climate-change-just-reached-a-new-milestone/,washingtonpost.com,20170410T210000Z,English,United States
BECCS,Bioenergy with carbon capture and storage,Stop hoping we can fix global warming by pulling carbon out of the air – Scientists warn of  dire consequences for food production or the biosphere,http://www.desdemonadespair.net/2017/05/stop-hoping-we-can-fix-global-warming.html,desdemonadespair.net,20170531T000000Z,English,United States
BECCS,Bioenergy with carbon capture and storage,"In climate fight , carbon removal is still a risky path – The Exception Magazine",http://exceptionmag.com/107671/in-climate-fight-carbon-removal-is-still-a-risky-path/,exceptionmag.com,20170524T184500Z,English,United States
BECCS,Bioenergy with carbon capture and storage,"In climate fight , carbon removal is still a risky path",http://www.futurity.org/carbon-removal-risk-1439682/,futurity.org,20170524T153000Z,English,United States
BECCS,Bioenergy with carbon capture and storage,Assuming easy carbon removal from the atmosphere is a high,https://phys.org/news/2017-05-assuming-easy-carbon-atmosphere-high-stakes.html,phys.org,20170519T104500Z,English,United States
BECCS,Bioenergy with carbon capture and storage,The World at 1℃ — April  17,http://www.resilience.org/stories/2017-05-11/the-world-at-1%E2%84%83%E2%80%8A-%E2%80%8Aapril-17/,resilience.org,20170511T123000Z,English,United States
BECCS,Bioenergy with carbon capture and storage,Cellulosic biofuel contributions to a sustainable energy future : Choices and outcomes,http://science.sciencemag.org/content/356/6345/eaal2324,science.sciencemag.org,20170629T184500Z,English,United States
BECCS,Bioenergy with carbon capture and storage,Bitter scientific debate erupts over the future of America power grid,http://www.chicagotribune.com/business/ct-power-grid-debate-20170620-story.html,chicagotribune.com,20170620T173000Z,English,United States
BECCS,Bioenergy with carbon capture and storage,-- > Bitter scientific debate erupts over the future of America power grid,http://www.thegazette.com/subject/news/nation-and-world/bitter-scientific-debate-erupts-over-the-future-of-americas-power-grid-20170619,thegazette.com,20170620T001500Z,English,United States
BECCS,Bioenergy with carbon capture and storage,Charleston Gazette,http://www.wvgazettemail.com/news/20170619/scientists-are-arguing-about-how-much-power-us-can-get-from-renewables,wvgazettemail.com,20170619T221500Z,English,United States
BECCS,Bioenergy with carbon capture and storage,Bitter scientific debate erupts over the future of America power grid,http://www.lmtonline.com/news/article/Bitter-scientific-debate-erupts-over-the-future-11230870.php,lmtonline.com,20170619T211500Z,English,United States
BECCS,Bioenergy with carbon capture and storage,A bitter scientific debate just erupted over the future of America ’ s power grid,https://www.washingtonpost.com/news/energy-environment/wp/2017/06/19/a-bitter-scientific-debate-just-erupted-over-the-future-of-the-u-s-electric-grid/,washingtonpost.com,20170619T194500Z,English,United States
BECCS,Bioenergy with carbon capture and storage,Weekly Climate and Energy News Roundup # 279,https://wattsupwiththat.com/2017/07/31/weekly-climate-and-energy-news-roundup-279/,wattsupwiththat.com,20170731T163000Z,English,United States
BECCS,Bioenergy with carbon capture and storage,Weekly Climate and Energy News Roundup # 279,https://wattsupwiththat.com/2017/07/31/weekly-climate-and-energy-news-roundup-279/comment-page-1/,wattsupwiththat.com,20170731T163000Z,English,United States
BECCS,Bioenergy with carbon capture and storage,"Young people ’ s burden : requirement of negative CO2 emissions –  A current narrative , that humanity has turned the corner and is moving toward solving the global warming problem , is wrong",http://www.desdemonadespair.net/2017/07/young-peoples-burden-requirement-of.html,desdemonadespair.net,20170729T213000Z,English,United States
BECCS,Bioenergy with carbon capture and storage,Removing CO2 from the Air Required to Safeguard Children Future,http://alaska-native-news.com/removing-co2-from-the-air-required-to-safeguard-childrens-future-29589,alaska-native-news.com,20170719T033000Z,English,United States
BECCS,Bioenergy with carbon capture and storage,Removing CO2 from the air required to safeguard children future,https://phys.org/news/2017-07-co2-air-required-safeguard-children.html,phys.org,20170718T163000Z,English,United States
BECCS,Bioenergy with carbon capture and storage,Removing CO2 from the air required to safeguard children future,https://www.eurekalert.org/pub_releases/2017-07/egu-rcf071217.php,eurekalert.org,20170718T161500Z,English,United States
BECCS,Bioenergy with carbon capture and storage,Advanced BioFuels united states » carbon sequestration,https://advancedbiofuelsusa.info/tag/carbon-sequestration/,advancedbiofuelsusa.info,20170829T014500Z,English,United States
BECCS,Bioenergy with carbon capture and storage,Understanding Climate Engineering,http://carnegieendowment.org/publications/?fa=72846,carnegieendowment.org,20170821T204500Z,English,United States
BECCS,Bioenergy with carbon capture and storage,Irish Sun,http://www.irishsun.com/news/254429603/world-has-missed-chance-to-avoid-dangerous-global-warming,irishsun.com,20170821T183000Z,English,United States
BECCS,Bioenergy with carbon capture and storage,"UW receives grant to study biofuel , carbon capture – The UW Student Newspaper Online",http://www.uwbrandingiron.com/2017/10/25/uw-receives-grant-to-study-biofuel-carbon-capture/,uwbrandingiron.com,20171026T000000Z,English,United States
BECCS,Bioenergy with carbon capture and storage,Carbon,http://news.trust.org/item/20171010175429-zazqr/,news.trust.org,20171014T131500Z,English,United States
BECCS,Bioenergy with carbon capture and storage,Carbon,https://news.trust.org/item/20171010175429-zazqr,news.trust.org,20171012T201500Z,English,United States
BECCS,Bioenergy with carbon capture and storage,Plan B : Seven ways to engineer the climate,https://www.yahoo.com/news/plan-b-seven-ways-engineer-climate-112457921.html,yahoo.com,20171012T131500Z,English,United States
BECCS,Bioenergy with carbon capture and storage,Carbon,https://af.reuters.com/article/energyOilNews/idAFL8N1ML59P,af.reuters.com,20171012T121500Z,English,United States
BECCS,Bioenergy with carbon capture and storage,"Thomson Reuters Foundation :  World Needs  Carbon Sucking  Technology by 2030s , Scientists Warn",http://yaleglobal.yale.edu/content/thomson-reuters-foundation-world-needs-carbon-sucking-technology-2030s-scientists-warn,yaleglobal.yale.edu,20171011T181500Z,English,United States
BECCS,Bioenergy with carbon capture and storage,Carbon,http://news.trust.org/item/20171010175429-zazqr,news.trust.org,20171011T181500Z,English,United States
BECCS,Bioenergy with carbon capture and storage,Carbon,http://www.reuters.com/article/us-climatechange-geoengineering/carbon-sucking-technology-needed-by-2030s-scientists-warn-idUSKBN1CF2KY,reuters.com,20171011T181500Z,English,United States
BECCS,Bioenergy with carbon capture and storage,Carbon,https://uk.reuters.com/article/climatechange-geoengineering/carbon-sucking-technology-needed-by-2030s-scientists-warn-idUKL8N1ML59P,uk.reuters.com,20171011T181500Z,English,United States
BECCS,Bioenergy with carbon capture and storage,Plan B : Seven ways to engineer the climate Yahoo7 News,https://au.news.yahoo.com/world/a/37431579/plan-b-seven-ways-to-engineer-the-climate/,au.news.yahoo.com,20171011T141500Z,English,United States
BECCS,Bioenergy with carbon capture and storage,Plan B : Seven ways to engineer the climate,https://phys.org/news/2017-10-ways-climate.html,phys.org,20171011T123000Z,English,United States
BECCS,Bioenergy with carbon capture and storage,Plan B : Seven ways to engineer the climate,http://www.digitaljournal.com/news/world/plan-b-seven-ways-to-engineer-the-climate/article/504757,digitaljournal.com,20171011T123000Z,English,United States
BECCS,Bioenergy with carbon capture and storage,Carbon,https://in.reuters.com/article/climatechange-geoengineering/carbon-sucking-technology-needed-by-2030s-scientists-warn-idINL8N1ML59P,in.reuters.com,20171011T090000Z,English,United States
BECCS,Bioenergy with carbon capture and storage,Carbon,https://news.trust.org/item/20171010175429-zazqr/,news.trust.org,20171011T073000Z,English,United States
BECCS,Bioenergy with carbon capture and storage,Advanced BioFuels united states » Biofuels International Conference and Bioenergy Insight Conference Cover Range of Issues,https://advancedbiofuelsusa.info/biofuels-international-conference-and-bioenergy-insight-conference-cover-range-of-issues/,advancedbiofuelsusa.info,20171011T034500Z,English,United States
BECCS,Bioenergy with carbon capture and storage,Carbon Trust,http://www.4-traders.com/news/Carbon-Trust-Corporates-take-the-lead-in-delivering-on-Paris-Agreement-1-5-C-ambition--25259738/,4-traders.com,20171011T000000Z,English,United States
BECCS,Bioenergy with carbon capture and storage,Carbon,https://www.reuters.com/article/us-climatechange-geoengineering/carbon-sucking-technology-needed-by-2030s-scientists-warn-idUSKBN1CF2KY,reuters.com,20171010T234500Z,English,United States
BECCS,Bioenergy with carbon capture and storage,Carbon,http://in.reuters.com/article/climatechange-geoengineering/carbon-sucking-technology-needed-by-2030s-scientists-warn-idINL8N1ML59P,in.reuters.com,20171010T234500Z,English,United States
BECCS,Bioenergy with carbon capture and storage,Biofuels International conference and Bioenergy Insight conference cover range of issues,http://biofuels-news.com/display_news/12983/biofuels_international_conference_and_bioenergy_insight_conference_cover_range_of_issues/,biofuels-news.com,20171009T120000Z,English,United States
BECCS,Bioenergy with carbon capture and storage,Biofuels International conference and Bioenergy Insight conference cover range of issues,http://www.bioenergy-news.com/display_news/12983/biofuels_international_conference_and_bioenergy_insight_conference_cover_range_of_issues/,bioenergy-news.com,20171009T120000Z,English,United States
BECCS,Bioenergy with carbon capture and storage,Climate Change : The Complete Guide,https://www.wired.com/story/guide-climate-change/,wired.com,20180201T151500Z,English,United States
BECCS,Bioenergy with carbon capture and storage,NETs will not compensate for inadequate climate change mitigation efforts : EASAC report,https://www.eurekalert.org/pub_releases/2018-01/eas-nwn013118.php,eurekalert.org,20180131T234500Z,English,United States
BECCS,Bioenergy with carbon capture and storage,"Climate - altering technology designed to sequester carbon dioxide could cause catastrophic destruction of life , scientists warn",https://www.naturalnews.com/2018-01-30-climate-altering-technology-carbon-dioxide-could-cause-catastrophic-destruction.html,naturalnews.com,20180130T213000Z,English,United States
BECCS,Bioenergy with carbon capture and storage,"A technology many hoped would fight climate change would cause even bigger environmental problems , scientists say",http://www.orlandosentinel.com/news/nationworld/ct-climate-change-technology-20180122-story.html,orlandosentinel.com,20180122T234500Z,English,United States
BECCS,Bioenergy with carbon capture and storage,"A technology many hoped would fight climate change would cause even bigger environmental problems , scientists say",http://www.sandiegouniontribune.com/news/nation-world/ct-climate-change-technology-20180122-story.html,sandiegouniontribune.com,20180122T234500Z,English,United States
BECCS,Bioenergy with carbon capture and storage,"A technology many hoped would fight climate change would cause even bigger environmental problems , scientists say",http://www.chicagotribune.com/news/nationworld/science/ct-climate-change-technology-20180122-story.html,chicagotribune.com,20180122T233000Z,English,United States
BECCS,Bioenergy with carbon capture and storage,"A technology many hoped would fight climate change would cause even bigger environmental problems , scientists say",http://www.lmtonline.com/news/article/A-technology-many-hoped-would-fight-climate-12515915.php,lmtonline.com,20180122T220000Z,English,United States
BECCS,Bioenergy with carbon capture and storage,"A technology many hoped would fight climate change would cause even bigger environmental problems , scientists say",https://www.washingtonpost.com/news/energy-environment/wp/2018/01/22/a-technology-many-hoped-would-fight-climate-change-would-cause-even-bigger-environmental-problems-scientists-say/,washingtonpost.com,20180122T210000Z,English,United States
BECCS,Bioenergy with carbon capture and storage,"Geoengineering Carries  Large Risk for the Natural World , Studies Show",https://www.ecowatch.com/geoengineering-risks-2527748311.html,ecowatch.com,20180122T203000Z,English,United States
BECCS,Bioenergy with carbon capture and storage,Thinking ‘ outside the box on climate mitigation,https://wattsupwiththat.com/2018/01/15/thinking-outside-the-box-on-climate-mitigation/,wattsupwiththat.com,20180116T031500Z,English,United States
BECCS,Bioenergy with carbon capture and storage,Thinking ‘ outside the box on climate mitigation,https://wattsupwiththat.com/2018/01/15/thinking-outside-the-box-on-climate-mitigation/comment-page-1/,wattsupwiththat.com,20180116T031500Z,English,United States
BECCS,Bioenergy with carbon capture and storage,Thinking outside the box on climate mitigation,https://phys.org/news/2018-01-climate-mitigation.html,phys.org,20180115T113000Z,English,United States
BECCS,Bioenergy with carbon capture and storage,Thinking outside the box on climate mitigation,https://eurekalert.org/pub_releases/2018-01/iifa-tot011218.php,eurekalert.org,20180113T000000Z,English,United States
BECCS,Bioenergy with carbon capture and storage,Climate Change News : Thinking outside the box on climate mitigation,http://www.enn.com/climate/article/53644,enn.com,20180112T204500Z,English,United States
BECCS,Bioenergy with carbon capture and storage,10 Quick Facts About Cobalt,http://mentalfloss.com/article/519263/10-quick-facts-about-cobalt,mentalfloss.com,20180111T214500Z,English,United States
BECCS,Bioenergy with carbon capture and storage,Sit Down at a Periodic Table That Holds Samples of Every Element,http://mentalfloss.com/article/522776/sit-down-periodic-table-holds-samples-every-element,mentalfloss.com,20180103T151500Z,English,United States
BECCS,Bioenergy with carbon capture and storage,Can We Really Scrub Carbon Dioxide From the Atmosphere ?,https://www.nytimes.com/2018/02/28/climate/remove-co2-from-air.html,nytimes.com,20180228T210000Z,English,United States
BECCS,Bioenergy with carbon capture and storage,How Crushed Volcanic Rock in Farm Soil Could Help Slow Global Warming and Boost Crops,https://insideclimatenews.org/news/20022018/global-warming-solutions-carbon-storage-farm-soil-crushed-volcanic-rock-research,insideclimatenews.org,20180221T001500Z,English,United States
BECCS,Bioenergy with carbon capture and storage,"Forest Digest : February 18 , 2018",https://www.environmentguru.com/pages/elements/element.aspx?id=6146008,environmentguru.com,20180218T181500Z,English,United States
BECCS,Bioenergy with carbon capture and storage,The carbon harvest,http://science.sciencemag.org/content/359/6377/733,science.sciencemag.org,20180215T200000Z,English,United States
BECCS,Bioenergy with carbon capture and storage,Vast bioenergy plantations could stave off climate change and radically reshape the planet | Science,http://www.sciencemag.org/news/2018/02/vast-bioenergy-plantations-could-stave-climate-change-and-radically-reshape-planet,sciencemag.org,20180215T163000Z,English,United States
BECCS,Bioenergy with carbon capture and storage,Temperature - Resilient Crops Are Now an  Achievable Dream,https://www.azocleantech.com/news.aspx?newsID=25479,azocleantech.com,20180215T143000Z,English,United States
BECCS,Bioenergy with carbon capture and storage,2018 SkS Weekly Climate Change & Global Warming Digest # 6,https://skepticalscience.com/2018-SkS-Weekly-Digest_06.html,skepticalscience.com,20180211T183000Z,English,United States
BECCS,Bioenergy with carbon capture and storage,NETs will not compensate for inadequate climate change mitigation efforts : EASAC report,http://www.sciencecodex.com/nets-will-not-compensate-inadequate-climate-change-mitigation-efforts-easac-report-618724,sciencecodex.com,20180204T073000Z,English,United States
BECCS,Bioenergy with carbon capture and storage,NETs will not compensate for inadequate climate change mitigation efforts : EASAC report,https://eurekalert.org/pub_releases/2018-01/eas-nwn013118.php,eurekalert.org,20180202T070000Z,English,United States
BECCS,Bioenergy with carbon capture and storage,Climate Change : The Complete Guide,https://www.wired.com/story/guide-climate-change/,wired.com,20180201T151500Z,English,United States
BECCS,Bioenergy with carbon capture and storage,Advanced BioFuels united states » Bioenergy with Carbon Capture and Storage ( BECCS ),https://advancedbiofuelsusa.info/tag/bioenergy-with-carbon-capture-and-storage-beccs/,advancedbiofuelsusa.info,20180428T154500Z,English,United States
BECCS,Bioenergy with carbon capture and storage,microalgae Archives,http://www.innovationtoronto.com/category/microalgae/,innovationtoronto.com,20180427T141500Z,English,United States
BECCS,Bioenergy with carbon capture and storage,How  Shared Socioeconomic Pathway Explore Future Climate Change,http://www.resilience.org/stories/2018-04-24/how-shared-socioeconomic-pathways-explore-future-climate-change/,resilience.org,20180424T143000Z,English,United States
BECCS,Bioenergy with carbon capture and storage,Duke researchers find that algae could be used to combat climate change,http://www.dukechronicle.com/article/2018/04/duke-researchers-find-algae-could-be-used-to-combat-climate-change,dukechronicle.com,20180423T024500Z,English,United States
BECCS,Bioenergy with carbon capture and storage,Advanced BioFuels united states » Algae with Bioenergy with Carbon Capture and Storage,https://advancedbiofuelsusa.info/algae-with-bioenergy-with-carbon-capture-and-storage/,advancedbiofuelsusa.info,20180417T050000Z,English,United States
BECCS,Bioenergy with carbon capture and storage,Combining BECCS and microalgae production to solve world hunger and reduce CO2,http://www.innovationtoronto.com/2018/04/144267/,innovationtoronto.com,20180415T080000Z,English,United States
BECCS,Bioenergy with carbon capture and storage,"Algae - forestry , bioenergy mix could help make CO2 vanish from thin air",http://en.brinkwire.com/263446/algae-forestry-bioenergy-mix-could-help-make-co2-vanish-from-thin-air/,en.brinkwire.com,20180414T120000Z,English,United States
BECCS,Bioenergy with carbon capture and storage,"Algae - Forestry , Bioenergy Mix May Help Make CO2 Vanish From Thin Air",https://www.enn.com/articles/54334-algae-forestry-bioenergy-mix-may-help-make-co2-vanish-from-thin-air,enn.com,20180413T180000Z,English,United States
BECCS,Bioenergy with carbon capture and storage,"Algae - forestry , bioenergy mix could help make CO2 vanish from thin air",https://www.sciencedaily.com/releases/2018/04/180412154516.htm,sciencedaily.com,20180413T153000Z,English,United States
BECCS,Bioenergy with carbon capture and storage,"Algae - forestry , bioenergy mix could help make CO2 vanish from thin air",https://phys.org/news/2018-04-algae-forestry-bioenergy-co2-thin-air.html,phys.org,20180412T204500Z,English,United States
BECCS,Bioenergy with carbon capture and storage,"Algae - Forestry , Bioenergy Mix Could Help Make CO2 Vanish From Thin Air","https://www.newswise.com/articles/algae-forestry,-bioenergy-mix-could-help-make-co2-vanish-from-thin-air",newswise.com,20180412T194500Z,English,United States
BECCS,Bioenergy with carbon capture and storage,"Algae - Forestry , Bioenergy Mix Could Help Make CO2 Vanish From Thin Air","http://www.newswise.com/articles/algae-forestry,-bioenergy-mix-could-help-make-co2-vanish-from-thin-air",newswise.com,20180412T190000Z,English,United States
BECCS,Bioenergy with carbon capture and storage,"Algae - forestry , bioenergy mix could help make CO2 vanish from thin air",https://www.eurekalert.org/pub_releases/2018-04/cu-abm041218.php,eurekalert.org,20180412T190000Z,English,United States
BECCS,Bioenergy with carbon capture and storage,UH - Hilo algae study could lead to reducing CO2 emissions,http://www.hawaiitribune-herald.com/2018/04/12/hawaii-news/uh-hilo-algae-study-could-lead-to-reducing-co2-emissions/,hawaiitribune-herald.com,20180412T104500Z,English,United States
BECCS,Bioenergy with carbon capture and storage,University of Hawaii System,http://www.4-traders.com/news/University-of-Hawaii-System-UH-Hilo-led-algae-research-may-produce-energy-with-negative-CO2-emissi--26325021/,4-traders.com,20180411T204500Z,English,United States
BECCS,Bioenergy with carbon capture and storage,UH Hilo - led algae research could combat climate change – UH Hilo Stories,http://hilo.hawaii.edu/news/stories/2018/04/10/uh-hilo-led-algae-research-could-combat-climate-change/,hilo.hawaii.edu,20180411T044500Z,English,United States
BECCS,Bioenergy with carbon capture and storage,UH Hilo led algae research may produce energy with negative CO2 emissions,https://www.hawaii247.com/2018/04/10/uh-hilo-led-algae-research-may-produce-energy-with-negative-co2-emissions/,hawaii247.com,20180411T004500Z,English,United States
BECCS,Bioenergy with carbon capture and storage,"Algae - forestry , bioenergy mix may help make CO2 vanish from thin air",http://news.cornell.edu/stories/2018/04/algae-forestry-bioenergy-mix-may-help-make-co2-vanish-thin-air,news.cornell.edu,20180410T183000Z,English,United States
BECCS,Bioenergy with carbon capture and storage,Restricting global warming to 1 . 5C could  halve  risk of biodiversity loss,https://www.environmentguru.com/pages/elements/element.aspx?id=6620215,environmentguru.com,20180601T203000Z,English,United States
BECCS,Bioenergy with carbon capture and storage,Restricting global warming to 1 . 5C could  halve  risk of biodiversity loss,https://skepticalscience.com/restricting-15C-halve-biodiversity-loss.html,skepticalscience.com,20180531T173000Z,English,United States
BECCS,Bioenergy with carbon capture and storage,Can We Burn Our Way To A Cleaner Planet ?,https://cleantechnica.com/2018/05/21/can-we-burn-our-way-to-a-cleaner-planet/,cleantechnica.com,20180521T233000Z,English,United States
BECCS,Bioenergy with carbon capture and storage,Drax power station will build a  negative emissions  plant Quartz,https://qz.com/1283166/drax-power-station-will-build-a-negative-emissions-plant/,qz.com,20180521T133000Z,English,United States
BECCS,Bioenergy with carbon capture and storage,Hart Cunningham Announces Plans to Stop Climate Change,https://www.benzinga.com/pressreleases/18/05/p11717685/hart-cunningham-announces-plans-to-stop-climate-change,benzinga.com,20180516T003000Z,English,United States
BECCS,Bioenergy with carbon capture and storage,Hart Cunningham Announces Plans to Stop Climate Change,http://www.prweb.com/releases/2018/05/prweb15488240.htm,prweb.com,20180515T191500Z,English,United States
BECCS,Bioenergy with carbon capture and storage,The case for burning our way to a cleaner planet,https://www.popsci.com/biofuel-burning-algae-food,popsci.com,20180512T220000Z,English,United States
BECCS,Bioenergy with carbon capture and storage,CO2 capture Archives,http://www.innovationtoronto.com/category/co2-capture/,innovationtoronto.com,20180506T051500Z,English,United States
BECCS,Bioenergy with carbon capture and storage,2018 SkS Weekly Climate Change & Global Warming Digest Number 29,https://www.environmentguru.com/pages/elements/element.aspx?id=7352069,environmentguru.com,20180724T003000Z,English,United States
BECCS,Bioenergy with carbon capture and storage,View from the Academy : Engineering to mitigate climate change,https://www.environmentguru.com/pages/elements/element.aspx?id=7254422,environmentguru.com,20180714T051500Z,English,United States
BECCS,Bioenergy with carbon capture and storage,Georgetown Public Policy Review / Can planting trees help us avoid climate disaster ?,http://gppreview.com/2018/07/09/can-planting-trees-save-us/,gppreview.com,20180709T204500Z,English,United States
BECCS,Bioenergy with carbon capture and storage,Higher ambition needed to meet Paris climate targets,https://www.sciencedaily.com/releases/2018/07/180705114129.htm,sciencedaily.com,20180705T211500Z,English,United States
BECCS,Bioenergy with carbon capture and storage,Higher ambition needed to meet Paris climate targets,https://yubanet.com/world/higher-ambition-needed-to-meet-paris-climate-targets/,yubanet.com,20180705T190000Z,English,United States
BECCS,Bioenergy with carbon capture and storage,Higher ambition needed to meet Paris climate targets,https://www.eurekalert.org/pub_releases/2018-07/ecjr-han070418.php,eurekalert.org,20180705T160000Z,English,United States
BECCS,Bioenergy with carbon capture and storage,Experts : Agriculture in a Changing Climate,https://www.ucdavis.edu/news/experts-agriculture-changing-climate,ucdavis.edu,20180830T021500Z,English,United States
BECCS,Bioenergy with carbon capture and storage,The potential of agricultural land management to contribute to lower global surface temperatures,http://advances.sciencemag.org/content/4/8/eaaq0932,advances.sciencemag.org,20180829T183000Z,English,United States
BECCS,Bioenergy with carbon capture and storage,The potential of agricultural land management to contribute to lower global surface temperatures,http://advances.sciencemag.org/content/4/8/eaaq0932.full,advances.sciencemag.org,20180829T183000Z,English,United States
BECCS,Bioenergy with carbon capture and storage,Verso,https://www.versobooks.com/blogs/3962-geoengineering-and-environmental-capitalism-extractive-industries-in-the-era-of-climate-change,versobooks.com,20180821T210000Z,English,United States
BECCS,Bioenergy with carbon capture and storage,Europe mulls stripping carbon from the skies,https://www.politico.eu/article/geoengineering-co2-paris-agreement-carbon-europe-mulls-stripping-from-the-skies/,politico.eu,20180815T024500Z,English,United States
BECCS,Bioenergy with carbon capture and storage,Capturing carbon to fight climate change is dividing environmentalists,https://phys.org/news/2019-01-capturing-carbon-climate-environmentalists.html,phys.org,20190131T161500Z,English,United States
BECCS,Bioenergy with carbon capture and storage,Capturing carbon to fight climate change is dividing environmentalists,https://www.idahopress.com/opinion/conversation/capturing-carbon-to-fight-climate-change-is-dividing-environmentalists/article_9e5b4377-0254-541c-8b89-6885801ca6b4.html,idahopress.com,20190131T134500Z,English,United States
BECCS,Bioenergy with carbon capture and storage,Capturing carbon to fight climate change is dividing environmentalists,https://wtop.com/national/2019/01/capturing-carbon-to-fight-climate-change-is-dividing-environmentalists/,wtop.com,20190131T124500Z,English,United States
BECCS,Bioenergy with carbon capture and storage,Rural communities in the face of climate change,https://www.charlestonchronicle.net/2019/02/28/rural-communities-in-the-face-of-climate-change/,charlestonchronicle.net,20190228T233000Z,English,United States
BECCS,Bioenergy with carbon capture and storage,Why Arent We Using More Nature - Based Solutions to Fight Climate Change ?,https://psmag.com/environment/why-arent-we-using-nature-to-fight-climate-change,psmag.com,20190222T174500Z,English,United States
BECCS,Bioenergy with carbon capture and storage,Why CO2 removal technologies are becoming more necessary • Earth . com,https://www.earth.com/news/co2-removal-technologies-necessary/,earth.com,20190220T203000Z,English,United States
BECCS,Bioenergy with carbon capture and storage,Technologies for removing CO2 will need to be integrated into climate policy in 2019,https://www.sciencetimes.com/articles/18241/20190220/technologies-removing-co2-will-need-integrated-climate-policy-2019.htm,sciencetimes.com,20190220T193000Z,English,United States
BECCS,Bioenergy with carbon capture and storage,Technologies for removing CO2 will need to be integrated into climate policy in 2019,https://phys.org/wire-news/312037664/technologies-for-removing-co2-will-need-to-be-integrated-into-cl.html,phys.org,20190219T210000Z,English,United States
BECCS,Bioenergy with carbon capture and storage,Technologies for removing CO2 will need to be integrated into climate policy in 2019,https://www.eurekalert.org/pub_releases/2019-02/easa-tfr021419.php,eurekalert.org,20190219T173000Z,English,United States
BECCS,Bioenergy with carbon capture and storage,The Tiny Swiss Company That Thinks It Can Help Stop Climate Change,https://www.msn.com/en-gb/finance/other/the-tiny-swiss-company-that-thinks-it-can-help-stop-climate-change/ar-BBTC6LL,msn.com,20190215T033000Z,English,United States
BECCS,Bioenergy with carbon capture and storage,Rural communities in the face of climate change,http://www.newsbug.info/kankakee_valley_post_news/opinion/rural-communities-in-the-face-of-climate-change/article_dc42df2c-c5f2-5f1a-b38e-e24af99a10fb.html,newsbug.info,20190215T030000Z,English,United States
BECCS,Bioenergy with carbon capture and storage,The Tiny Swiss Company That Thinks It Can Help Stop Climate Change,http://www.msn.com/en-gb/news/world/the-tiny-swiss-company-that-thinks-it-can-help-stop-climate-change/ar-BBTz9yV,msn.com,20190214T064500Z,English,United States
BECCS,Bioenergy with carbon capture and storage,New Report Warns Geoengineering the Climate Is a  Risky Distraction,https://www.desmogblog.com/2019/02/13/ciel-report-fossil-fuels-geoengineering-climate-risky-distraction,desmogblog.com,20190214T031500Z,English,United States
BECCS,Bioenergy with carbon capture and storage,The Tiny Swiss Company That Thinks It Can Help Stop Climate Change,http://www.msn.com/en-us/money/smallbusiness/the-tiny-swiss-company-that-thinks-it-can-help-stop-climate-change/ar-BBTui6D,msn.com,20190214T013000Z,English,United States
BECCS,Bioenergy with carbon capture and storage,The Tiny Swiss Company That Thinks It Can Help Stop Climate Change,https://www.nytimes.com/2019/02/12/magazine/climeworks-business-climate-change.html,nytimes.com,20190212T110000Z,English,United States
BECCS,Bioenergy with carbon capture and storage,"The Western News - Letters to the Editor , Rural communities in the face of climate change",https://www.thewesternnews.com/letters_to_the_editor/20190208/rural_communities_in_the_face_of_climate_change,thewesternnews.com,20190208T200000Z,English,United States
BECCS,Bioenergy with carbon capture and storage,Capturing carbon to fight climate change is dividing environmentalists,https://www.greenbiz.com/article/capturing-carbon-fight-climate-change-dividing-environmentalists,greenbiz.com,20190208T123000Z,English,United States
BECCS,Bioenergy with carbon capture and storage,Green New Deal : Environmentalists divide over carbon capture,http://redgreenandblue.org/2019/02/04/green-new-deal-environmentalists-divide-carbon-capture/,redgreenandblue.org,20190204T204500Z,English,United States
BECCS,Bioenergy with carbon capture and storage,Book Excerpt : The Uninhabitable Earth by David Wallace - Wells,http://nymag.com/intelligencer/2019/02/book-excerpt-the-uninhabitable-earth-david-wallace-wells.html,nymag.com,20190204T113000Z,English,United States
BECCS,Bioenergy with carbon capture and storage,Can we tweak marine chemistry to help stave off climate change ?,https://www.greenbiz.com/article/can-we-tweak-marine-chemistry-help-stave-climate-change,greenbiz.com,20190327T100000Z,English,United States
BECCS,Bioenergy with carbon capture and storage,GUEST COLUMN : A post - blizzard view from eastern El Paso County,https://gazette.com/opinion/columnists/guest-column-a-post-blizzard-view-from-eastern-el-paso/article_9b94311a-4b26-11e9-8a9b-8f3d5395c396.html,gazette.com,20190321T123000Z,English,United States
BECCS,Bioenergy with carbon capture and storage,Can we tweak marine chemistry to help stave off climate change ?,https://www.theintelligencer.com/news/article/Can-we-tweak-marine-chemistry-to-help-stave-off-13681419.php,theintelligencer.com,20190319T053000Z,English,United States
BECCS,Bioenergy with carbon capture and storage,Can we tweak marine chemistry to help stave off climate change ?,http://www.terradaily.com/reports/Can_we_tweak_marine_chemistry_to_help_stave_off_climate_change_999.html,terradaily.com,20190313T090000Z,English,United States
BECCS,Bioenergy with carbon capture and storage,Can we tweak marine chemistry to help stave off climate change ?,https://phys.org/news/2019-03-tweak-marine-chemistry-stave-climate.html,phys.org,20190312T140000Z,English,United States
BECCS,Bioenergy with carbon capture and storage,Can we tweak marine chemistry to help stave off climate change ?,https://wtop.com/national/2019/03/can-we-tweak-marine-chemistry-to-help-stave-off-climate-change/,wtop.com,20190312T123000Z,English,United States
BECCS,Bioenergy with carbon capture and storage,Can we tweak marine chemistry to help stave off climate change ?,https://www.sfgate.com/news/article/Can-we-tweak-marine-chemistry-to-help-stave-off-13681419.php,sfgate.com,20190312T121500Z,English,United States
BECCS,Bioenergy with carbon capture and storage,Can we tweak marine chemistry to help stave off climate change ?,https://www.chron.com/news/article/Can-we-tweak-marine-chemistry-to-help-stave-off-13681419.php,chron.com,20190312T120000Z,English,United States
BECCS,Bioenergy with carbon capture and storage,Can we tweak marine chemistry to help stave off climate change ?,https://www.sfchronicle.com/news/article/Can-we-tweak-marine-chemistry-to-help-stave-off-13681419.php,sfchronicle.com,20190312T113000Z,English,United States
BECCS,Bioenergy with carbon capture and storage,Capturing carbon directly from the air – that has a future,http://www.chemeurope.com/en/news/1159900/capturing-carbon-directly-from-the-air-that-has-a-future.html,chemeurope.com,20190306T063000Z,English,United States
BECCS,Bioenergy with carbon capture and storage,"Rural areas must be part of climate change conversation , solutions",https://www.leadertelegram.com/country-today/opinions/guest-opinions/rural-areas-must-be-part-of-climate-change-conversation-solutions/article_70942be1-7873-5afc-9c90-c27bba89a7ee.html,leadertelegram.com,20190304T090000Z,English,United States
BECCS,Bioenergy with carbon capture and storage,Research Shows Carbon - Negative Power Generation can Reduce Atmospheric CO2 Levels in China,https://www.azocleantech.com/news.aspx?newsID=26239,azocleantech.com,20190422T134500Z,English,United States
BECCS,Bioenergy with carbon capture and storage,Can Climeworks Save the World from Climate Change ?,https://www.digitaltrends.com/cool-tech/climeworks-carbon-capture-technology/,digitaltrends.com,20190422T084500Z,English,United States
BECCS,Bioenergy with carbon capture and storage,Meltdown | National Affairs,https://www.nationalaffairs.com/blog/detail/findings-a-daily-roundup/meltdown,nationalaffairs.com,20190417T190000Z,English,United States
BECCS,Bioenergy with carbon capture and storage,IEA Challenged to Address Limits to Negative Emissions,https://www.forbes.com/sites/andystone/2019/04/15/iea-challenged-to-address-limits-of-negative-emissions/,forbes.com,20190415T230000Z,English,United States
BECCS,Bioenergy with carbon capture and storage,Carbon - negative power generation for China,https://eurekalert.org/pub_releases/2019-04/hjap-cpg040819.php,eurekalert.org,20190413T010000Z,English,United States
BECCS,Bioenergy with carbon capture and storage,No shortcuts : The climate revolution must be ecosocialist,https://climateandcapitalism.com/2019/04/12/no-shortcuts-the-climate-revolution-must-be-ecosocialist/,climateandcapitalism.com,20190412T143000Z,English,United States
BECCS,Bioenergy with carbon capture and storage,George Monbiot Q + A – How rejuvenating nature could help fight climate change,https://scienceblogs.com/conversation/20190411/george-monbiot-q-how-rejuvenating-nature-could-help-fight-climate-change,scienceblogs.com,20190411T171500Z,English,United States
BECCS,Bioenergy with carbon capture and storage,George Monbiot Q + A – How rejuvenating nature could help fight climate change,https://phys.org/news/2019-04-george-monbiot-rejuvenating-nature-climate.html,phys.org,20190411T143000Z,English,United States
BECCS,Bioenergy with carbon capture and storage,A carbon - negative power source could reduce CO2 concentrations and air pollution in China,http://www.innovationtoronto.com/2019/04/a-carbon-negative-power-source-could-reduce-co2-concentrations-and-air-pollution-in-china/,innovationtoronto.com,20190410T090000Z,English,United States
BECCS,Bioenergy with carbon capture and storage,"Climate change  evil twin  Ocean Acidification ( and problem stepchild , Ocean Hypoxia )",https://dissidentvoice.org/2019/04/climate-changes-evil-twin-ocean-acidification-and-problem-stepchild-ocean-hypoxia/,dissidentvoice.org,20190409T044500Z,English,United States
BECCS,Bioenergy with carbon capture and storage,Carbon - negative power generation for China | Harvard John A . Paulson School of Engineering and Applied Sciences,https://www.seas.harvard.edu/news/2019/04/carbon-negative-power-generation-for-china,seas.harvard.edu,20190409T033000Z,English,United States
BECCS,Bioenergy with carbon capture and storage,Carbon - negative power generation for China : Reducing CO<sub>2< / sub> concretions and air pollution in the atmosphere,https://www.sciencedaily.com/releases/2019/04/190408161615.htm,sciencedaily.com,20190409T021500Z,English,United States
BECCS,Bioenergy with carbon capture and storage,Carbon - negative power generation for China,https://www.eurekalert.org/pub_releases/2019-04/hjap-cpg040819.php,eurekalert.org,20190408T221500Z,English,United States
BECCS,Bioenergy with carbon capture and storage,Carbon - negative power generation for China,https://phys.org/news/2019-04-carbon-negative-power-china.html,phys.org,20190408T201500Z,English,United States
BECCS,Bioenergy with carbon capture and storage,The scandal of calling plantations  forest restoration  is putting climate targets at risk,https://uk.news.yahoo.com/scandal-calling-plantations-forest-restoration-140434392.html,uk.news.yahoo.com,20190405T174500Z,English,United States
BECCS,Bioenergy with carbon capture and storage,Promises and perils of the Paris Agreement,https://science.sciencemag.org/content/364/6443/829,science.sciencemag.org,20190530T214500Z,English,United States
BECCS,Bioenergy with carbon capture and storage,We can limit global warming to 1 . 5 degrees with nature help | Blog | Nature,http://www.pbs.org/wnet/nature/blog/we-can-limit-global-warming-to-1-5-degrees-with-natures-help/,pbs.org,20190530T121500Z,English,United States
BECCS,Bioenergy with carbon capture and storage,Net carbon - negative electricity source may offer economical alternative to China,https://news.psu.edu/story/575076/2019/05/20/research/net-carbon-negative-electricity-source-may-offer-economical,news.psu.edu,20190521T230000Z,English,United States
BECCS,Bioenergy with carbon capture and storage,Net carbon - negative electricity source may offer economical alternative | Newswise : News for Journalists,https://www.newswise.com/articles/view/713237/,newswise.com,20190521T163000Z,English,United States
BECCS,Bioenergy with carbon capture and storage,Net carbon - negative electricity source may offer economical alternative | Newswise : News for Journalists,https://www.newswise.com/articles/net-carbon-negative-electricity-source-may-offer-economical-alternative,newswise.com,20190521T154500Z,English,United States
BECCS,Bioenergy with carbon capture and storage,"The Simple , Yet Elusive , Key To Fighting The Climate Crisis",https://globalpossibilities.org/the-simple-yet-elusive-key-to-fighting-the-climate-crisis/,globalpossibilities.org,20190510T034500Z,English,United States
BECCS,Bioenergy with carbon capture and storage,"The Simple , Yet Elusive , Key To Fighting The Climate Crisis",https://cleantechnica.com/2019/05/09/the-simple-yet-elusive-key-to-fighting-the-climate-crisis/,cleantechnica.com,20190509T221500Z,English,United States
BECCS,Bioenergy with carbon capture and storage,A Red - Green Manifesto for the 21st Century - International Viewpoint,http://internationalviewpoint.org/spip.php?article6038,internationalviewpoint.org,20190503T013000Z,English,United States
BECCS,Bioenergy with carbon capture and storage,The united kingdom net - zero target must address oil and gas extraction too,http://priceofoil.org/2019/05/02/the-uks-net-zero-target-must-address-oil-and-gas-extraction-too/,priceofoil.org,20190502T204500Z,English,United States
BECCS,Bioenergy with carbon capture and storage,What does net zero mean ?,https://www.greenbiz.com/article/what-does-net-zero-mean,greenbiz.com,20190502T100000Z,English,United States
BECCS,Bioenergy with carbon capture and storage,Is Geoengineering the Answer to the Climate Crisis ?,https://www.nakedcapitalism.com/2019/06/is-geoengineering-the-answer-to-the-climate-crisis.html,nakedcapitalism.com,20190610T063000Z,English,United States
BECCS,Bioenergy with carbon capture and storage,Is geoengineering the answer to the climate crisis ?,https://grist.org/article/is-geoengineering-the-answer-to-the-climate-crisis/,grist.org,20190609T113000Z,English,United States
BECCS,Bioenergy with carbon capture and storage,The IEA Hidden Negative Emissions Gamble - Oil Change International,http://priceofoil.org/2019/09/24/iea-hidden-negative-emissions-gamble/,priceofoil.org,20190925T043000Z,English,United States
BECCS,Bioenergy with carbon capture and storage,A Tyranny of Time  | Peak Oil News and Message Boards,https://peakoil.com/enviroment/a-tyranny-of-time/comment-page-1,peakoil.com,20190922T163000Z,English,United States
BECCS,Bioenergy with carbon capture and storage,A Tyranny of Time  | Peak Oil News and Message Boards,https://peakoil.com/enviroment/a-tyranny-of-time,peakoil.com,20190922T143000Z,English,United States
BECCS,Bioenergy with carbon capture and storage,Task 40  Deployment of Biobased Value Chains  – Advanced BioFuels united states,https://advancedbiofuelsusa.info/task-40-deployment-of-biobased-value-chains/,advancedbiofuelsusa.info,20190919T231500Z,English,United States
BECCS,Bioenergy with carbon capture and storage,UK REA urges government to commit to 16 % bioenergy goal,http://biomassmagazine.com/articles/16452/uk-rea-urges-government-to-commit-to-16-bioenergy-goal,biomassmagazine.com,20190913T063000Z,English,United States
BECCS,Bioenergy with carbon capture and storage,UK National Farmers Union net - zero carbon strategy includes BECCS : Biofuels Digest,http://www.biofuelsdigest.com/bdigest/2019/09/11/uk-national-farmers-union-net-zero-carbon-strategy-includes-beccs/,biofuelsdigest.com,20190911T191500Z,English,United States
BECCS,Bioenergy with carbon capture and storage,UK REA urges government to commit to 16 % bioenergy goal,http://www.biomassmagazine.com/articles/16452/uk-rea-urges-government-to-commit-to-16-bioenergy-goal,biomassmagazine.com,20190909T223000Z,English,United States
BECCS,Bioenergy with carbon capture and storage,Decoding the IEA Scenario Spin : Real reform or more of the same ?,http://priceofoil.org/2019/11/01/decoding-the-ieas-scenario-spin-real-reform-or-more-of-the-same/,priceofoil.org,20191101T203000Z,English,United States
BECCS,Bioenergy with carbon capture and storage,"How Forests , Farms , and Fields Can Become a Net Carbon Sink in 20 Years",https://www.ecosystemmarketplace.com/articles/19947/,ecosystemmarketplace.com,20191101T103000Z,English,United States
BECCS,Bioenergy with carbon capture and storage,Monthly Review | On Fire This Time,https://monthlyreview.org/2019/11/01/on-fire-this-time/,monthlyreview.org,20191101T063000Z,English,United States
BECCS,Bioenergy with carbon capture and storage,"With looming loss of European subsidy , wood pellet industry faces turning point",https://www.energycentral.com/c/pip/looming-loss-european-subsidy-wood-pellet-industry-faces-turning-point,energycentral.com,20191029T161500Z,English,United States
BECCS,Bioenergy with carbon capture and storage,"With looming loss of European subsidy , wood pellet industry faces turning point",https://energynews.us/2019/10/29/southeast/with-looming-loss-of-european-subsidy-wood-pellet-industry-faces-turning-point/,energynews.us,20191029T131500Z,English,United States
BECCS,Bioenergy with carbon capture and storage,Big Food is Betting on Regenerative Agriculture to Thwart Climate Change,https://civileats.com/2019/10/29/big-food-is-betting-on-regenerative-agriculture-to-thwart-climate-change/,civileats.com,20191029T093000Z,English,United States
BECCS,Bioenergy with carbon capture and storage,A Carbon - Neutral Land Sector by 2040 ? Here How to Get There,https://www.wri.org/blog/2019/10/carbon-neutral-land-sector-2040-heres-how-get-there,wri.org,20191028T201500Z,English,United States
BECCS,Bioenergy with carbon capture and storage,A Roadmap to Make the Land Sector Carbon Neutral by 2040 – Advanced BioFuels united states,https://advancedbiofuelsusa.info/a-roadmap-to-make-the-land-sector-carbon-neutral-by-2040/,advancedbiofuelsusa.info,20191024T200000Z,English,United States
BECCS,Bioenergy with carbon capture and storage,Scientists publish strategy for carbon neutral land sector by 2040,https://www.upi.com/Science_News/2019/10/23/Scientists-publish-strategy-for-carbon-neutral-land-sector-by-2040/6001571848120/,upi.com,20191023T191500Z,English,United States
BECCS,Bioenergy with carbon capture and storage,A roadmap to make the land sector carbon neutral by 2040,https://www.sciencedaily.com/releases/2019/10/191023104624.htm,sciencedaily.com,20191023T184500Z,English,United States
BECCS,Bioenergy with carbon capture and storage,A roadmap to make the land sector carbon neutral by 2040,https://www.eurekalert.org/pub_releases/2019-10/iifa-art102319.php,eurekalert.org,20191023T143000Z,English,United States
BECCS,Bioenergy with carbon capture and storage,Environmental News Network - Assessing the Benefits and Risks of Land - Based Greenhouse Gas Removal,https://www.enn.com/articles/60370-assessing-the-benefits-and-risks-of-land-based-greenhouse-gas-removal,enn.com,20191022T170000Z,English,United States
BECCS,Bioenergy with carbon capture and storage,Assessing the benefits and risks of land - based greenhouse gas removal,https://www.eurekalert.org/pub_releases/2019-10/iifa-atb101819.php,eurekalert.org,20191021T161500Z,English,United States
BECCS,Bioenergy with carbon capture and storage,Assessing the benefits and risks of land - based greenhouse gas removal,https://www.sciencedaily.com/releases/2019/10/191021094004.htm,sciencedaily.com,20191021T150000Z,English,United States
BECCS,Bioenergy with carbon capture and storage,Assessing the benefits and risks of land - based greenhouse gas removal,https://phys.org/news/2019-10-benefits-land-based-greenhouse-gas.html,phys.org,20191021T150000Z,English,United States
BECCS,Bioenergy with carbon capture and storage,Drax strengthens biomass sustainability policy | Biomassmagazine . com,http://biomassmagazine.com/articles/16542/drax-strengthens-biomass-sustainability-policy/,biomassmagazine.com,20191020T163000Z,English,United States
BECCS,Bioenergy with carbon capture and storage,Assessing the benefits and risks of land - based greenhouse gas removal,https://www.newswise.com/articles/assessing-the-benefits-and-risks-of-land-based-greenhouse-gas-removal,newswise.com,20191018T131500Z,English,United States
BECCS,Bioenergy with carbon capture and storage,Drax strengthens biomass sustainability policy | Biomassmagazine . com,http://biomassmagazine.com/articles/16542/drax-strengthens-biomass-sustainability-policy,biomassmagazine.com,20191018T030000Z,English,United States
BECCS,Bioenergy with carbon capture and storage,Drax strengthens biomass sustainability policy | Biomassmagazine . com,http://www.biomassmagazine.com/articles/16542/drax-strengthens-biomass-sustainability-policy,biomassmagazine.com,20191017T223000Z,English,United States
BECCS,Bioenergy with carbon capture and storage,The Digest 2019 Multi - Slide Guide to Direct Air Capture – Advanced BioFuels united states,https://advancedbiofuelsusa.info/the-digests-2019-multi-slide-guide-to-direct-air-capture/,advancedbiofuelsusa.info,20191015T171500Z,English,United States
BECCS,Bioenergy with carbon capture and storage,The Digest 2019 Multi - Slide Guide to Direct Air Capture : Biofuels Digest,http://www.biofuelsdigest.com/bdigest/2019/10/14/the-digests-2019-multi-slide-guide-to-direct-air-capture/,biofuelsdigest.com,20191015T011500Z,English,United States
BECCS,Bioenergy with carbon capture and storage,CCS to Become Central to Climate Change Mitigation,https://interestingengineering.com/tables-are-turning-for-carbon-capture-and-storage,interestingengineering.com,20191012T094500Z,English,United States
BECCS,Bioenergy with carbon capture and storage,UK Government Climate Advisers Suggest a Pathway towards Net - Zero Aviation Emissions by 2050 – Advanced BioFuels united states,https://advancedbiofuelsusa.info/uk-governments-climate-advisers-suggest-a-pathway-towards-net-zero-aviation-emissions-by-2050/,advancedbiofuelsusa.info,20191007T230000Z,English,United States
BECCS,Bioenergy with carbon capture and storage,It Time To Talk About Solar Geoengineering,https://longreads.com/2019/10/04/its-time-to-talk-about-solar-geoengineering/,longreads.com,20191004T141500Z,English,United States
BECCS,Bioenergy with carbon capture and storage,"IEA Drives Fossil Growth , Climate Breakdown with Latest World Energy Outlook",https://www.energycentral.com/c/ec/iea-drives-fossil-growth-climate-breakdown-latest-world-energy-outlook,energycentral.com,20191118T153000Z,English,United States
BECCS,Bioenergy with carbon capture and storage,Scientists create meat substitute  made out of air,https://news.yahoo.com/scientists-create-meat-substitute-made-out-of-air-205819021.html,news.yahoo.com,20191113T213000Z,English,United States
BECCS,Bioenergy with carbon capture and storage,"The IEA and WEO 2019 : Still working for fossil fuels , not global climate goals",http://priceofoil.org/2019/11/13/iea-2019-weo-working-for-fossil-fuels-not-climate/,priceofoil.org,20191113T040000Z,English,United States
BECCS,Bioenergy with carbon capture and storage,The long haul to getting aviation biofuel off the ground,https://www.environmentguru.com/pages/elements/element.aspx?id=26885818,environmentguru.com,20191105T233000Z,English,United States
BECCS,Bioenergy with carbon capture and storage,Sustainable bioenergy for climate mitigation : developing drought - tolerant trees and grasses,http://humanitariannews.org/20191102/sustainable-bioenergy-climate-mitigation-developing-drought-tolerant-trees-grasses,humanitariannews.org,20191102T163000Z,English,United States
BECCS,Bioenergy with carbon capture and storage,Decoding the IEA Scenario Spin : Real reform or more of the same ?,http://priceofoil.org/2019/11/01/decoding-the-ieas-scenario-spin-real-reform-or-more-of-the-same/,priceofoil.org,20191101T203000Z,English,United States
BECCS,Bioenergy with carbon capture and storage,"How Forests , Farms , and Fields Can Become a Net Carbon Sink in 20 Years",https://www.ecosystemmarketplace.com/articles/19947/,ecosystemmarketplace.com,20191101T103000Z,English,United States
BECCS,Bioenergy with carbon capture and storage,Monthly Review | On Fire This Time,https://monthlyreview.org/2019/11/01/on-fire-this-time/,monthlyreview.org,20191101T063000Z,English,United States
BECCS,Bioenergy with carbon capture and storage,Negative carbon dioxide emissions,https://physicstoday.scitation.org/doi/10.1063/PT.3.4389,physicstoday.scitation.org,20200101T121500Z,English,United States
BECCS,Bioenergy with carbon capture and storage,Carbon Capture Updates From the COP 25,https://www.lexology.com/library/detail.aspx?g=8988d701-285f-4362-8fa4-663a42f91331,lexology.com,20191231T100000Z,English,United States
BECCS,Bioenergy with carbon capture and storage,"IEA Drives Fossil Growth , Climate Breakdown with Latest World Energy Outlook",https://www.energycentral.com/c/ec/iea-drives-fossil-growth-climate-breakdown-latest-world-energy-outlook-0,energycentral.com,20191226T171500Z,English,United States
BECCS,Bioenergy with carbon capture and storage,Drax to become carbon negative by 2030,https://www.energyglobal.com/bioenergy/16122019/drax-to-become-carbon-negative-by-2030/,energyglobal.com,20191216T160000Z,English,United States
BECCS,Bioenergy with carbon capture and storage,Investorideas . com - Bubbling under - can the united kingdom tap into geothermal energy ?,https://www.investorideas.com/news/2019/renewable-energy/12132UK-GeothermalEnergy.asp,investorideas.com,20191213T161500Z,English,United States
BECCS,Bioenergy with carbon capture and storage,"A long , hard look underground is required to reach net zero , say experts",https://phys.org/news/2019-12-hard-underground-required-net-experts.html,phys.org,20191213T150000Z,English,United States
BECCS,Bioenergy with carbon capture and storage,Drax aims to become carbon negative by 2030 | Biomassmagazine . com,http://www.biomassmagazine.com/articles/16664/drax-aims-to-become-carbon-negative-by-2030,biomassmagazine.com,20191211T001500Z,English,United States
BECCS,Bioenergy with carbon capture and storage,Drax aims to become carbon negative by 2030 | Biomassmagazine . com,http://biomassmagazine.com/articles/16664/drax-aims-to-become-carbon-negative-by-2030,biomassmagazine.com,20191211T000000Z,English,United States
BECCS,Bioenergy with carbon capture and storage,Carbon capture could require 25 % of all global energy,http://energyskeptic.com/2019/carbon-capture-could-require-25-of-all-global-energy/,energyskeptic.com,20191208T140000Z,English,United States
BECCS,Bioenergy with carbon capture and storage,Researchers : Put a brake on bioenergy by 2050 to avoid negative climate impacts,https://www.sciencecodex.com/researchers-put-brake-bioenergy-2050-avoid-negative-climate-impacts-636267,sciencecodex.com,20191207T210000Z,English,United States
BECCS,Bioenergy with carbon capture and storage,Clearing the air - Climate policy needs negative carbon - dioxide emissions | Briefing,https://www.economist.com/briefing/2019/12/05/climate-policy-needs-negative-carbon-dioxide-emissions,economist.com,20191206T141500Z,English,United States
BECCS,Bioenergy with carbon capture and storage,Clearing the air - Climate policy needs negative carbon - dioxide emissions | Briefing,https://www.economist.com/briefing/2019/12/07/climate-policy-needs-negative-carbon-dioxide-emissions,economist.com,20191206T001500Z,English,United States
BECCS,Bioenergy with carbon capture and storage,Researchers : Put a brake on bioenergy by 2050 to avoid negative climate impacts,https://scienceblog.com/512507/researchers-put-a-brake-on-bioenergy-by-2050-to-avoid-negative-climate-impacts/,scienceblog.com,20191205T174500Z,English,United States
BECCS,Bioenergy with carbon capture and storage,Researchers : Put a brake on bioenergy by 2050 to avoid negative climate impacts,https://phys.org/news/2019-12-bioenergy-negative-climate-impacts.html,phys.org,20191205T101500Z,English,United States
BECCS,Bioenergy with carbon capture and storage,Researchers : Put a brake on bioenergy by 2050 to avoid negative climate impacts,https://www.eurekalert.org/pub_releases/2019-12/b-rho120219.php,eurekalert.org,20191205T094500Z,English,United States
BECCS,Bioenergy with carbon capture and storage,Researchers : Put a brake on bioenergy by 2050 to avoid negative climate impacts,https://eurekalert.org/pub_releases/2019-12/b-rho120219.php,eurekalert.org,20191205T093000Z,English,United States
BECCS,Bioenergy with carbon capture and storage,After Climate Despair - The New Atlantis,https://www.thenewatlantis.com/publications/after-climate-despair,thenewatlantis.com,20191204T190000Z,English,United States
BECCS,Bioenergy with carbon capture and storage,Microsoft Pledges $1 Billion to Become Carbon - Negative by 2030,https://www.energycentral.com/c/ec/microsoft-pledges-1-billion-become-carbon-negative-2030,energycentral.com,20200120T211500Z,English,United States
BECCS,Bioenergy with carbon capture and storage,Microsoft Commits to Become Carbon Negative by 2030,https://www.causeartist.com/microsoft-commits-to-become-carbon-negative-by-2030/,causeartist.com,20200118T081500Z,English,United States
BECCS,Bioenergy with carbon capture and storage,Microsoft pledges to remove more carbon than it emits by 2030,https://www.oilandgas360.com/microsoft-pledges-to-remove-more-carbon-than-it-emits-by-2030/,oilandgas360.com,20200117T213000Z,English,United States
BECCS,Bioenergy with carbon capture and storage,"Microsoft goes green , and then some",https://grist.org/beacon/microsoft-goes-green-and-then-some/,grist.org,20200117T184500Z,English,United States
BECCS,Bioenergy with carbon capture and storage,Microsoft promises to be carbon negative by 2030,https://www.datacenterdynamics.com/news/microsoft-promises-be-carbon-negative-2030/,datacenterdynamics.com,20200117T154500Z,English,United States
BECCS,Bioenergy with carbon capture and storage,The Energy 202 : Trump wants to make dishwashers great again . The Energy Department has a new rule for that .,https://www.washingtonpost.com/news/powerpost/paloma/the-energy-202/2020/01/17/the-energy-202-trump-wants-to-make-dishwashers-great-again-the-energy-department-has-a-new-rule-for-that/5e20afca602ff14e66054301/,washingtonpost.com,20200117T140000Z,English,United States
BECCS,Bioenergy with carbon capture and storage,Microsoft to retroactively counteract its carbon footprint since 1975,https://www.pcgamesn.com/microsoft/carbon-footprint-2050-goal,pcgamesn.com,20200117T124500Z,English,United States
BECCS,Bioenergy with carbon capture and storage,Microsoft pledges to remove more carbon than it emits by 2030,https://www.beaumontenterprise.com/business/energy/article/Microsoft-pledges-to-remove-more-carbon-than-it-14980919.php,beaumontenterprise.com,20200117T080000Z,English,United States
BECCS,Bioenergy with carbon capture and storage,Microsoft quest to go  carbon negative  inspires $1B fund,https://www.greenbiz.com/article/microsofts-quest-go-carbon-negative-inspires-1b-fund,greenbiz.com,20200117T034500Z,English,United States
BECCS,Bioenergy with carbon capture and storage,Microsoft pledges to remove more carbon than it emits by 2030,https://www.houstonchronicle.com/business/energy/article/Microsoft-pledges-to-remove-more-carbon-than-it-14980919.php,houstonchronicle.com,20200116T223000Z,English,United States
BECCS,Bioenergy with carbon capture and storage,Microsoft pledges to remove more carbon than it emits by 2030,https://www.unionleader.com/news/business/microsoft-pledges-to-remove-more-carbon-than-it-emits-by/article_b8647c15-b105-5167-962c-47ded7821665.html,unionleader.com,20200116T223000Z,English,United States
BECCS,Bioenergy with carbon capture and storage,"Microsoft Will Spend $1B On  Climate Innovation , Sets  Carbon Negative  Goal",https://www.crn.com/news/cloud/microsoft-will-spend-1b-on-climate-innovation-sets-carbon-negative-goal,crn.com,20200116T214500Z,English,United States
BECCS,Bioenergy with carbon capture and storage,Microsoft will invest $1 billion into carbon reduction and removal technologies,https://www.technologyreview.com/s/615066/microsoft-will-invest-1-billion-into-carbon-reduction-and-removal-technologies/,technologyreview.com,20200116T214500Z,English,United States
BECCS,Bioenergy with carbon capture and storage,Microsoft will be carbon negative by 2030 - The Official Microsoft Blog,https://blogs.microsoft.com/blog/2020/01/16/microsoft-will-be-carbon-negative-by-2030/,blogs.microsoft.com,20200116T201500Z,English,United States
BECCS,Bioenergy with carbon capture and storage,Microsoft pledges to remove more carbon than it emits by 2030,https://www.mrt.com/business/energy/article/Microsoft-pledges-to-remove-more-carbon-than-it-14980919.php,mrt.com,20200116T201500Z,English,United States
BECCS,Bioenergy with carbon capture and storage,Microsoft pledges to remove more carbon than it emits by 2030,https://www.sfchronicle.com/business/article/Microsoft-pledges-to-remove-more-carbon-than-it-14980831.php,sfchronicle.com,20200116T193000Z,English,United States
BECCS,Bioenergy with carbon capture and storage,Microsoft pledges to remove more carbon than it emits by 2030,https://www.chron.com/neighborhood/business/energy/article/Microsoft-pledges-to-remove-more-carbon-than-it-14980919.php,chron.com,20200116T191500Z,English,United States
BECCS,Bioenergy with carbon capture and storage,Microsoft pledges to remove more carbon than it emits by 2030,https://www.mysanantonio.com/business/energy/article/Microsoft-pledges-to-remove-more-carbon-than-it-14980919.php,mysanantonio.com,20200116T190000Z,English,United States
BECCS,Bioenergy with carbon capture and storage,Microsoft pledges to remove more carbon than it emits by 2030,https://www.chron.com/business/energy/article/Microsoft-pledges-to-remove-more-carbon-than-it-14980919.php,chron.com,20200116T190000Z,English,United States
BECCS,Bioenergy with carbon capture and storage,Microsoft pledges to remove more carbon than it emits by 2030,https://www.sfgate.com/news/article/Microsoft-pledges-to-remove-more-carbon-than-it-14980872.php,sfgate.com,20200116T183000Z,English,United States
BECCS,Bioenergy with carbon capture and storage,Microsoft makes new climate change pledge - The Washington Post,https://www.washingtonpost.com/technology/2020/01/16/microsoft-climate-change-pledge/,washingtonpost.com,20200116T180000Z,English,United States
BECCS,Bioenergy with carbon capture and storage,Carbon Capture Technologies : Biomass Industry Unique Opportunity,http://biomassmagazine.com/articles/16698/carbon-capture-technologies-biomass-industryundefineds-unique-opportunity/,biomassmagazine.com,20200110T184500Z,English,United States
BECCS,Bioenergy with carbon capture and storage,Negative carbon dioxide emissions,https://physicstoday.scitation.org/doi/full/10.1063/PT.3.4389,physicstoday.scitation.org,20200104T201500Z,English,United States
BECCS,Bioenergy with carbon capture and storage,Negative carbon dioxide emissions,https://physicstoday.scitation.org/doi/10.1063/PT.3.4389,physicstoday.scitation.org,20200101T121500Z,English,United States
BECCS,Bioenergy with carbon capture and storage,Biomass electricity production sets record in Britain for 2019,http://www.biomassmagazine.com/articles/16838/biomass-electricity-production-sets-record-in-britain-for-2019,biomassmagazine.com,20200227T014500Z,English,United States
BECCS,Bioenergy with carbon capture and storage,Biomass electricity production sets record in Britain for 2019,http://biomassmagazine.com/articles/16838/biomass-electricity-production-sets-record-in-britain-for-2019,biomassmagazine.com,20200226T234500Z,English,United States
BECCS,Bioenergy with carbon capture and storage,New land use report urges increase of bioenergy crops in the united kingdom : Biofuels Digest,http://www.biofuelsdigest.com/bdigest/2020/02/23/new-land-use-report-urges-increase-of-bioenergy-crops-in-the-uk/,biofuelsdigest.com,20200223T223000Z,English,United States
BECCS,Bioenergy with carbon capture and storage,Carbon Capture Technologies : Biomass Industry Unique Opportunity,http://biomassmagazine.com/articles/16698/carbon-capture-technologies-biomass-industryundefineds-unique-opportunity,biomassmagazine.com,20200214T211500Z,English,United States
BECCS,Bioenergy with carbon capture and storage,The Paris Agreement Set an Unrealistic Target for Global Warming . Now What ?,https://www.nakedcapitalism.com/2020/02/the-paris-agreement-set-an-unrealistic-target-for-global-warming-now-what.html,nakedcapitalism.com,20200214T104500Z,English,United States
BECCS,Bioenergy with carbon capture and storage,The Paris Agreement set an unrealistic target for global warming . Now what ?,https://www.salon.com/2020/02/13/the-paris-agreement-set-an-unrealistic-target-for-global-warming-now-what_partner/,salon.com,20200213T173000Z,English,United States
BECCS,Bioenergy with carbon capture and storage,The Paris Agreement set an unrealistic target for global warming . Now what ?,https://www.salon.com/control/2020/02/13/the-paris-agreement-set-an-unrealistic-target-for-global-warming-now-what_partner/,salon.com,20200213T151500Z,English,United States
BECCS,Bioenergy with carbon capture and storage,The Paris Agreement set an unrealistic target for global warming . Now what ?,https://grist.org/climate/the-paris-agreement-set-an-unrealistic-target-for-global-warming-now-what/,grist.org,20200212T104500Z,English,United States
BECCS,Bioenergy with carbon capture and storage,Department of Energy Issues Request for Information for Biomass Co - Firing Emission Profiles and Impacts on Carbon Capture,https://www.energy.gov/fe/articles/department-energy-issues-request-information-biomass-co-firing-emission-profiles-and,energy.gov,20200211T181500Z,English,United States
BECCS,Bioenergy with carbon capture and storage,Department of Energy Issues Request for Information for Biomass Co - Firing Emission Profiles and Impacts on Carbon Capture,https://www.einnews.com/pr_news/509451573/department-of-energy-issues-request-for-information-for-biomass-co-firing-emission-profiles-and-impacts-on-carbon-capture,einnews.com,20200211T154500Z,English,United States
BECCS,Bioenergy with carbon capture and storage,Department of Energy Issues Request for Information for Biomass Co - Firing Emission Profiles and Impacts on Carbon Capture,https://energy.einnews.com/pr_news/509451573/department-of-energy-issues-request-for-information-for-biomass-co-firing-emission-profiles-and-impacts-on-carbon-capture,energy.einnews.com,20200211T154500Z,English,United States
BECCS,Bioenergy with carbon capture and storage,"So - called  negative emission might actually work , at least in California",https://grist.org/climate/so-called-negative-emissions-might-actually-work-at-least-in-california/,grist.org,20200211T093000Z,English,United States
BECCS,Bioenergy with carbon capture and storage,Why coal use must plummet this decade to keep global warming below 1 . 5C,https://skepticalscience.com/coal-must-plummet-this-decade-for-15C.html,skepticalscience.com,20200210T084500Z,English,United States
BECCS,Bioenergy with carbon capture and storage,Britain Is Getting Ready to Scale Up Negative - Emissions Technology,https://finance.yahoo.com/news/britain-getting-ready-scale-negative-050013580.html,finance.yahoo.com,20200207T150000Z,English,United States
BECCS,Bioenergy with carbon capture and storage,Britain Is Getting Ready to Scale Up Negative - Emissions Technology,https://finance.yahoo.com/news/britain-getting-ready-scale-negative-050013900.html,finance.yahoo.com,20200207T141500Z,English,United States
BECCS,Bioenergy with carbon capture and storage,OPINION : Why  net zero  is not good enough,http://news.trust.org/item/20200205160427-r1ydk/,news.trust.org,20200205T183000Z,English,United States
BECCS,Bioenergy with carbon capture and storage,OPINION : Why  net zero  is not good enough,http://news.trust.org/item/20200205160427-r1ydk,news.trust.org,20200205T171500Z,English,United States
BECCS,Bioenergy with carbon capture and storage,The Loopholes Lurking in BP New Climate Aims - Oil Change International,http://priceofoil.org/2020/03/11/the-loopholes-lurking-in-bps-new-climate-aims/,priceofoil.org,20200311T163000Z,English,United States
BECCS,Bioenergy with carbon capture and storage,"To Unlock the Potential of Direct Air Capture , We Must Invest Now",https://www.wri.org/blog/2020/03/to-unlock-the-potential-of-direct-air-capture-we-must-invest-now,wri.org,20200310T181500Z,English,United States
BECCS,Bioenergy with carbon capture and storage,A Preview Of Key Energy Challenges For The 2020s,https://www.forbes.com/sites/andystone/2020/03/02/a-preview-of-key-energy-challenges-for-the-2020s/,forbes.com,20200302T204500Z,English,United States
BECCS,Bioenergy with carbon capture and storage,"Data Centers Accelerate Their Focus on Sustainability , Green Power",https://datacenterfrontier.com/data-centers-accelerate-their-focus-on-sustainability-green-power/,datacenterfrontier.com,20200423T021500Z,English,United States
BECCS,Bioenergy with carbon capture and storage,"To advise on green stimulus , the IEA needs to upgrade its own climate toolbox",http://priceofoil.org/2020/04/09/green-stimulus-iea-needs-to-upgrade-own-climate-toolbox/,priceofoil.org,20200410T001500Z,English,United States
BECCS,Bioenergy with carbon capture and storage,IEA report misses the mark on  Sustainable Recovery  by sidelining 1 . 5°C,http://priceofoil.org/2020/07/01/iea-report-misses-the-mark-on-sustainable-recovery-by-sidelining-1-5c/,priceofoil.org,20200701T211500Z,English,United States
BECCS,Bioenergy with carbon capture and storage,"Report : Biomass , biofuels can help US meet net - zero goal",http://biomassmagazine.com/articles/17176/report-biomass-biofuels-can-help-us-meet-net-zero-goal,biomassmagazine.com,20200701T140000Z,English,United States
BECCS,Bioenergy with carbon capture and storage,"Report : Biomass , biofuels can help US meet net - zero goal",http://www.biomassmagazine.com/articles/17176/report-biomass-biofuels-can-help-us-meet-net-zero-goal,biomassmagazine.com,20200630T231500Z,English,United States
BECCS,Bioenergy with carbon capture and storage,What New and Noteworthy in Today Congressional Report on Climate Change,https://blogs.ei.columbia.edu/2020/06/30/congressional-report-climate-change/,blogs.ei.columbia.edu,20200630T210000Z,English,United States
BECCS,Bioenergy with carbon capture and storage,Size matters for bioenergy with carbon capture and storage,https://www.sciencedaily.com/releases/2020/06/200629202014.htm,sciencedaily.com,20200630T151500Z,English,United States
BECCS,Bioenergy with carbon capture and storage,Size matters for Bioenergy with Carbon Capture and Storage as we move to net zero,https://www.miragenews.com/size-matters-for-bioenergy-with-carbon-capture-and-storage-as-we-move-to-net-zero/,miragenews.com,20200630T100000Z,English,United States
BECCS,Bioenergy with carbon capture and storage,Size matters for bioenergy with carbon capture and storage,https://phys.org/news/2020-06-size-bioenergy-carbon-capture-storage.html,phys.org,20200630T083000Z,English,United States
BECCS,Bioenergy with carbon capture and storage,Size matters for bioenergy with carbon capture and storage,https://www.eurekalert.org/pub_releases/2020-06/uos-smf062920.php,eurekalert.org,20200630T001500Z,English,United States
BECCS,Bioenergy with carbon capture and storage,"Drax , Mitsubishi piloting bioenergy - carbon capture project in united kingdom",https://www.power-eng.com/2020/06/25/drax-mitsubishi-piloting-bioenergy-carbon-capture-project-in-uk/,power-eng.com,20200625T160000Z,English,United States
BECCS,Bioenergy with carbon capture and storage,Drax pilots Mitsubishi carbon capture tech at united kingdom power plant,https://www.powerengineeringint.com/renewables/biomass/drax-pilots-mitsubishis-carbon-capture-tech-at-uk-power-plant/,powerengineeringint.com,20200625T111500Z,English,United States
BECCS,Bioenergy with carbon capture and storage,New BECCS pilot project under development at Drax Power Station,http://www.biomassmagazine.com/articles/17159/new-beccs-pilot-project-under-development-at-drax-power-station,biomassmagazine.com,20200625T003000Z,English,United States
BECCS,Bioenergy with carbon capture and storage,New BECCS pilot project under development at Drax Power Station,http://biomassmagazine.com/articles/17159/new-beccs-pilot-project-under-development-at-drax-power-station,biomassmagazine.com,20200625T003000Z,English,United States
BECCS,Bioenergy with carbon capture and storage,Negative Emissions Pioneer Drax and Leading Global Carbon Capture Company – Mitsubishi Heavy Industries Group – Announce New BECCS Pilot |,http://cloud.itbusinessnet.com/2020/06/negative-emissions-pioneer-drax-and-leading-global-carbon-capture-company-mitsubishi-heavy-industries-group-announce-new-beccs-pilot/,cloud.itbusinessnet.com,20200624T061500Z,English,United States
BECCS,Bioenergy with carbon capture and storage,Negative Emissions Pioneer Drax and Leading Global Carbon Capture Company – Mitsubishi Heavy Industries Group – Announce New BECCS Pilot |,http://hardware.itbusinessnet.com/2020/06/negative-emissions-pioneer-drax-and-leading-global-carbon-capture-company-mitsubishi-heavy-industries-group-announce-new-beccs-pilot/,hardware.itbusinessnet.com,20200624T054500Z,English,United States
BECCS,Bioenergy with carbon capture and storage,Negative Emissions Pioneer Drax and Leading Global Carbon Capture Company – Mitsubishi Heavy Industries Group – Announce New BECCS Pilot |,http://business.itbusinessnet.com/2020/06/negative-emissions-pioneer-drax-and-leading-global-carbon-capture-company-mitsubishi-heavy-industries-group-announce-new-beccs-pilot/,business.itbusinessnet.com,20200624T044500Z,English,United States
BECCS,Bioenergy with carbon capture and storage,Negative Emissions Pioneer Drax and Leading Global Carbon Capture Company – Mitsubishi Heavy Industries Group – Announce New BECCS Pilot |,http://softwaredev.itbusinessnet.com/2020/06/negative-emissions-pioneer-drax-and-leading-global-carbon-capture-company-mitsubishi-heavy-industries-group-announce-new-beccs-pilot/,softwaredev.itbusinessnet.com,20200624T041500Z,English,United States
BECCS,Bioenergy with carbon capture and storage,Negative Emissions Pioneer Drax and Leading Global Carbon Capture Company – Mitsubishi Heavy Industries Group – Announce New BECCS Pilot |,http://internet.itbusinessnet.com/2020/06/negative-emissions-pioneer-drax-and-leading-global-carbon-capture-company-mitsubishi-heavy-industries-group-announce-new-beccs-pilot/,internet.itbusinessnet.com,20200624T033000Z,English,United States
BECCS,Bioenergy with carbon capture and storage,Global carbon capture and storage pipeline grows by 10 large - scale facilities,https://www.powerengineeringint.com/emissions-environment/global-carbon-capture-and-storage-pipeline-grows-by-10-large-scale-facilities/,powerengineeringint.com,20200617T074500Z,English,United States
BECCS,Bioenergy with carbon capture and storage,"Could direct air capture of CO2 work ? IF so , we have to invest in carbon capture tech NOW",https://redgreenandblue.org/2020/06/11/direct-air-capture-co2-work-invest-carbon-capture-tech-now/,redgreenandblue.org,20200616T230000Z,English,United States
BECCS,Bioenergy with carbon capture and storage,"Could direct air capture of CO2 work ? IF so , we have to invest in carbon capture tech NOW",http://redgreenandblue.org/2020/06/11/direct-air-capture-co2-work-invest-carbon-capture-tech-now/,redgreenandblue.org,20200611T203000Z,English,United States
BECCS,Bioenergy with carbon capture and storage,Global carbon capture and storage pipeline grows by 10 large - scale facilities,https://www.power-eng.com/2020/06/09/global-carbon-capture-and-storage-pipeline-grows-by-10-large-scale-facilities/,power-eng.com,20200609T164500Z,English,United States
BECCS,Bioenergy with carbon capture and storage,Inside Microsoft Mission to Go Carbon Negative,https://ca.finance.yahoo.com/news/inside-microsoft-mission-carbon-negative-090011286.html,ca.finance.yahoo.com,20200609T094500Z,English,United States
BECCS,Bioenergy with carbon capture and storage,Global CCS Institute adds 10 new projects to global database : Biofuels Digest,http://www.biofuelsdigest.com/bdigest/2020/06/08/global-ccs-institute-adds-10-new-projects-to-global-database/,biofuelsdigest.com,20200609T001500Z,English,United States
BECCS,Bioenergy with carbon capture and storage,CCS pipeline grows by 10,https://www.gasworld.com/ccs-pipeline-grows-by-10/2019279.article,gasworld.com,20200608T101500Z,English,United States
BECCS,Bioenergy with carbon capture and storage,Inside Microsoft Mission to Go Carbon Negative,https://finance.yahoo.com/news/inside-microsoft-mission-carbon-negative-090011286.html,finance.yahoo.com,20200608T010000Z,English,United States
BECCS,Bioenergy with carbon capture and storage,Inside Microsoft mission to go carbon negative | Seattle Times,https://www.union-bulletin.com/seattle_times/inside-microsoft-s-mission-to-go-carbon-negative/article_81755c6c-36eb-51fd-bfbd-2f017e83b2cd.html,union-bulletin.com,20200607T124500Z,English,United States
BECCS,Bioenergy with carbon capture and storage,Making sense of climate scenarios : Toolkit for decision - makers launched,https://phys.org/news/2020-06-climate-scenarios-toolkit-decision-makers.html,phys.org,20200605T133000Z,English,United States
BECCS,Bioenergy with carbon capture and storage,Inside Microsoft Mission to Go Carbon Negative,https://finance.yahoo.com/news/inside-microsoft-mission-carbon-negative-090011910.html,finance.yahoo.com,20200605T014500Z,English,United States
BECCS,Bioenergy with carbon capture and storage,Inside Microsoft Mission to Go Carbon Negative | Data Center Knowledge,https://www.datacenterknowledge.com:443/energy/inside-microsoft-s-mission-go-carbon-negative,datacenterknowledge.com,20200604T200000Z,English,United States
BECCS,Bioenergy with carbon capture and storage,Inside Microsoft Mission to Go Carbon Negative,https://www.msn.com/en-us/finance/markets/inside-microsoft-e2-80-99s-mission-to-go-carbon-negative/ar-BB151mlT,msn.com,20200604T110000Z,English,United States
BECCS,Bioenergy with carbon capture and storage,Making sense of climate scenarios : New toolkit available for decision makers,https://www.newswise.com/articles/making-sense-of-climate-scenarios-new-toolkit-available-for-decision-makers,newswise.com,20200603T123000Z,English,United States
BECCS,Bioenergy with carbon capture and storage,Making sense of climate scenarios : New toolkit available for decision makers,https://www.miragenews.com/making-sense-of-climate-scenarios-new-toolkit-available-for-decision-makers/,miragenews.com,20200603T081500Z,English,United States
BECCS,Bioenergy with carbon capture and storage,Human Rights Dimensions of Bioenergy With Carbon Capture and Storage : A Framework for Climate Justice in the Realm of Climate Geoengineering,https://energycentral.com/c/ec/human-rights-dimensions-bioenergy-carbon-capture-and-storage-framework-climate,energycentral.com,20200901T171500Z,English,United States
BECCS,Bioenergy with carbon capture and storage,Geoengineering the oceans : an emerging frontier in international climate change governance,https://energycentral.com/c/ec/geoengineering-oceans-emerging-frontier-international-climate-change-governance,energycentral.com,20200901T121500Z,English,United States
BECCS,Bioenergy with carbon capture and storage,Carbon marketplace hawks credits in businesses that store CO2 with their products | A Green Living Blog,http://agreenliving.org/carbon-marketplace-hawks-credits-in-businesses-that-store-co2-with-their-products/,agreenliving.org,20200831T164500Z,English,United States
BECCS,Bioenergy with carbon capture and storage,Carbon marketplace hawks credits in businesses that store CO2 with their products,https://www.greenbiz.com/article/carbon-marketplace-hawks-credits-businesses-store-co2-their-products,greenbiz.com,20200831T150000Z,English,United States
BECCS,Bioenergy with carbon capture and storage,"Dont Bet on It Before Examining Costs , Researchers Say",https://www.miragenews.com/don-t-bet-on-it-before-examining-costs-researchers-say/,miragenews.com,20200826T050000Z,English,United States
BECCS,Bioenergy with carbon capture and storage,"Remove CO2 From Air ? Dont Bet on It Before Examining Costs , Researchers Say",https://www.miragenews.com/remove-co2-from-air-don-t-bet-on-it-before-examining-costs-researchers-say/,miragenews.com,20200825T201500Z,English,United States
BECCS,Bioenergy with carbon capture and storage,Potential of achieving climate target with bioenergy is limited,https://phys.org/news/2020-08-potential-climate-bioenergy-limited.html,phys.org,20200825T133000Z,English,United States
BECCS,Bioenergy with carbon capture and storage,UVA - Led Research Team Finds Reliance on Negative Emissions Technologies to solve Climate Crisis is Risky,https://finance.yahoo.com/news/uva-led-research-team-finds-210600068.html,finance.yahoo.com,20200825T071500Z,English,United States
BECCS,Bioenergy with carbon capture and storage,UVA - led team warns negative emissions technologies may not solve climate crisis,https://www.sciencecodex.com/uva-led-team-warns-negative-emissions-technologies-may-not-solve-climate-crisis-654897,sciencecodex.com,20200825T071500Z,English,United States
BECCS,Bioenergy with carbon capture and storage,UVA - Led Research Team Finds Reliance on Negative Emissions Technologies to solve Climate Crisis is Risky,https://www.globenewswire.com/news-release/2020/08/24/2082907/0/en/UVA-Led-Research-Team-Finds-Reliance-on-Negative-Emissions-Technologies-to-solve-Climate-Crisis-is-Risky.html,globenewswire.com,20200824T220000Z,English,United States
BECCS,Bioenergy with carbon capture and storage,Environmental News Network - UVA - Led Research Team Finds World Reliance on Negative Emissions Technologies to Solve Climate Crisis Is Risky,https://www.enn.com/articles/65017-uva-led-research-team-finds-world-s-reliance-on-negative-emissions-technologies-to-solve-climate-crisis-is-risky,enn.com,20200824T204500Z,English,United States
BECCS,Bioenergy with carbon capture and storage,Team warns negative emissions technologies may not solve climate crisis,https://phys.org/news/2020-08-team-negative-emissions-technologies-climate.html,phys.org,20200824T163000Z,English,United States
BECCS,Bioenergy with carbon capture and storage,UVA - led team warns negative emissions technologies may not solve climate crisis,https://www.eurekalert.org/pub_releases/2020-08/uovs-utw082420.php,eurekalert.org,20200824T154500Z,English,United States
BECCS,Bioenergy with carbon capture and storage,Climate change : Removing CO2 could spark big rise in food prices,https://news.yahoo.com/climate-change-removing-co2-could-150147531.html,news.yahoo.com,20200824T153000Z,English,United States
BECCS,Bioenergy with carbon capture and storage,4 Questions About China New Climate Commitments,https://www.wri.org/blog/2020/09/4-questions-about-chinas-new-climate-commitments,wri.org,20200930T180000Z,English,United States
BECCS,Bioenergy with carbon capture and storage,Worley Secures Contract For Ground - Breaking Carbon Capture Project,https://www.chemicalonline.com/doc/worley-secures-contract-for-ground-breaking-carbon-capture-project-0001,chemicalonline.com,20200928T110000Z,English,United States
BECCS,Bioenergy with carbon capture and storage,Worley secures contract for ground - breaking carbon capture project - Chemical Engineering,https://www.chemengonline.com/worley-secures-contract-for-ground-breaking-carbon-capture-project/,chemengonline.com,20200924T111500Z,English,United States
BECCS,Bioenergy with carbon capture and storage,Worley and Drax sign carbon capture contract,https://www.energyglobal.com/special-reports/23092020/worley-and-drax-sign-carbon-capture-contract/,energyglobal.com,20200923T153000Z,English,United States
BECCS,Bioenergy with carbon capture and storage,Drax awards services contract to Worley,https://www.gasworld.com/drax-awards-services-contract-to-worley/2019835.article,gasworld.com,20200922T201500Z,English,United States
BECCS,Bioenergy with carbon capture and storage,Environmental groups warn Scottish government against biomass power with BECCS : Biofuels Digest,https://www.biofuelsdigest.com/bdigest/2020/09/21/environmental-groups-warn-scottish-government-against-biomass-power-with-beccs/,biofuelsdigest.com,20200922T034500Z,English,United States
BECCS,Bioenergy with carbon capture and storage,"RELEASE : Urgent investments in carbon dioxide removal offer big returns for climate , jobs and post - COVID - 19 recovery , says Economist Intelligence Unit research synthesis",https://www.wri.org/news/2020/09/release-urgent-investments-carbon-dioxide-removal-offer-big-returns-climate-jobs-and,wri.org,20200922T023000Z,English,United States
BECCS,Bioenergy with carbon capture and storage,Biofuels are a controversial climate solution . Could they still help save the planet ?,https://globalpossibilities.org/biofuels-are-a-controversial-climate-solution-could-they-still-help-save-the-planet/,globalpossibilities.org,20200916T230000Z,English,United States
BECCS,Bioenergy with carbon capture and storage,Coastal News Today | united states - Carbon Capture and Sequestration : Can Big Oil Save Money AND the Environment ?,https://www.coastalnewstoday.com/post/usa-carbon-capture-and-sequestration-can-big-oil-save-money-and-the-environment,coastalnewstoday.com,20200913T221500Z,English,United States
BECCS,Bioenergy with carbon capture and storage,"News - Cut Carbon Dioxide , Cause Misery | Heartland Institute",https://www.heartland.org/news-opinion/news/cut-carbon-dioxide-cause-misery,heartland.org,20200912T213000Z,English,United States
BECCS,Bioenergy with carbon capture and storage,Carbon Capture and Sequestration : Can Big Oil Save Money AND the Environment ? | Baker Donelson,https://www.jdsupra.com/legalnews/carbon-capture-and-sequestration-can-74716/,jdsupra.com,20200911T200000Z,English,United States
BECCS,Bioenergy with carbon capture and storage,"Removing Carbon from Air , Which Increases Water Use , Is No Simple Climate Fix",https://www.circleofblue.org/2020/world/removing-carbon-from-air-which-increases-water-use-is-no-simple-climate-fix/,circleofblue.org,20200910T010000Z,English,United States
BECCS,Bioenergy with carbon capture and storage,"Eating nuts and beans instead of meat  could save 16 years of fossil fuel emissions , researchers say",https://news.yahoo.com/nuts-beans-climate-change-172154075.html,news.yahoo.com,20200908T180000Z,English,United States
BECCS,Bioenergy with carbon capture and storage,"Eating nuts and beans instead of meat  could save 16 years of fossil fuel emissions , researchers say",https://uk.news.yahoo.com/nuts-beans-climate-change-172154075.html,uk.news.yahoo.com,20200908T180000Z,English,United States
BECCS,Bioenergy with carbon capture and storage,Human Rights Dimensions of Bioenergy With Carbon Capture and Storage : A Framework for Climate Justice in the Realm of Climate Geoengineering,https://energycentral.com/c/ec/human-rights-dimensions-bioenergy-carbon-capture-and-storage-framework-climate,energycentral.com,20200901T171500Z,English,United States
BECCS,Bioenergy with carbon capture and storage,Geoengineering the oceans : an emerging frontier in international climate change governance,https://energycentral.com/c/ec/geoengineering-oceans-emerging-frontier-international-climate-change-governance,energycentral.com,20200901T121500Z,English,United States
BECCS,Bioenergy with carbon capture and storage,UNEP : Net - zero pledges provide an  opening  to close growing emissions  gap,https://skepticalscience.com/UNEP_Net-Zero-Pledges_Carbon-Brief.html,skepticalscience.com,20201225T204500Z,English,United States
BECCS,Bioenergy with carbon capture and storage,Carbon Capture Is Not a Climate Savior,https://newrepublic.com/article/160754/carbon-capture-not-climate-savior,newrepublic.com,20201224T120000Z,English,United States
BECCS,Bioenergy with carbon capture and storage,Op - ed : A trillion trees to fight climate change sounds nice . Here what it misses .,https://www.msn.com/en-us/news/politics/op-ed-a-trillion-trees-to-fight-climate-change-sounds-nice-heres-what-it-misses/ar-BB1c541o,msn.com,20201220T130000Z,English,United States
BECCS,Bioenergy with carbon capture and storage,The most popular Physics Today articles of 2020,https://physicstoday.scitation.org/do/10.1063/PT.6.3.20201218a/full/,physicstoday.scitation.org,20201218T194500Z,English,United States
BECCS,Bioenergy with carbon capture and storage,"UK white paper says BECCS , RNG will help meet net zero goal",http://www.biomassmagazine.com/articles/17591/uk-white-paper-says-beccs-rng-will-help-meet-net-zero-goal,biomassmagazine.com,20201215T021500Z,English,United States
BECCS,Bioenergy with carbon capture and storage,"UK white paper says BECCS , RNG will help meet net zero goal",http://biomassmagazine.com/articles/17591/uk-white-paper-says-beccs-rng-will-help-meet-net-zero-goal,biomassmagazine.com,20201215T010000Z,English,United States
BECCS,Bioenergy with carbon capture and storage,Carbon capture will play strong role  for some time,https://www.houstonchronicle.com/business/oil/article/Carbon-capture-will-play-strong-role-for-some-15797631.php,houstonchronicle.com,20201213T181500Z,English,United States
BECCS,Bioenergy with carbon capture and storage,Carbon capture will play strong role  for some time  - Midland Reporter - Telegram,https://www.mrt.com/business/oil/article/Carbon-capture-will-play-strong-role-for-some-15797631.php,mrt.com,20201213T043000Z,English,United States
BECCS,Bioenergy with carbon capture and storage,CCC Sixth Carbon Budget shows BECCS needed to achieve net zero,http://www.biomassmagazine.com/articles/17582/cccundefineds-sixth-carbon-budget-shows-beccs-needed-to-achieve-net-zero,biomassmagazine.com,20201210T023000Z,English,United States
BECCS,Bioenergy with carbon capture and storage,CCC Sixth Carbon Budget shows BECCS needed to achieve net zero,http://biomassmagazine.com/articles/17582/cccundefineds-sixth-carbon-budget-shows-beccs-needed-to-achieve-net-zero,biomassmagazine.com,20201210T013000Z,English,United States
BECCS,Bioenergy with carbon capture and storage,Climate Change Policy Isnt Worth Its High Cost,https://www.infowars.com/posts/climate-change-policy-isnt-worth-its-high-cost/,infowars.com,20201207T214500Z,English,United States
BECCS,Bioenergy with carbon capture and storage,"Energy Central Power Perspectives™ : Welcome Wil Burns , New Expert in The Energy Collective",https://energycentral.com/c/ec/energy-central-power-perspectives%E2%84%A2-welcome-wil-burns-new-expert-energy-collective,energycentral.com,20201203T134500Z,English,United States
BECCS,Bioenergy with carbon capture and storage,Drax Cancels Plan to Build Europe Largest Natural Gas Power Plant,https://www.greentechmedia.com/articles/read/plans-to-build-europes-largest-gas-plant-axed,greentechmedia.com,20210226T154500Z,English,United States
BECCS,Bioenergy with carbon capture and storage,Enviva Partners ( EVA ) Q4 2020 Earnings Call Transcript,https://www.fool.com/earnings/call-transcripts/2021/02/26/enviva-partners-eva-q4-2020-earnings-call-transcri/?source=iedfolrf0000001,fool.com,20210226T074500Z,English,United States
BECCS,Bioenergy with carbon capture and storage,Enviva Partners ( EVA ) Q4 2020 Earnings Call Transcript,https://www.msn.com/en-us/money/companies/enviva-partners-eva-q4-2020-earnings-call-transcript/ar-BB1e1YTx,msn.com,20210226T063000Z,English,United States
BECCS,Bioenergy with carbon capture and storage,ICEF 2020 Roadmap : Biomass Carbon Removal and Storage ( BiCRS ) – Advanced BioFuels united states,https://advancedbiofuelsusa.info/icef-2020-roadmap-biomass-carbon-removal-and-storage-bicrs/,advancedbiofuelsusa.info,20210226T034500Z,English,United States
BECCS,Bioenergy with carbon capture and storage,Power station scraps controversial plan to become Europe biggest gas - fired plant,https://www.msn.com/en-gb/news/world/power-station-scraps-controversial-plan-to-become-europes-biggest-gas-fired-plant/ar-BB1e0Qsb,msn.com,20210225T173000Z,English,United States
BECCS,Bioenergy with carbon capture and storage,Drax scraps plan for Europe largest gas plant after climate protests,https://www.msn.com/en-gb/money/news/drax-scraps-plan-for-yorkshire-gas-plant-after-climate-protests/ar-BB1e0fWI?MSCC=1603201729,msn.com,20210225T104500Z,English,United States
BECCS,Bioenergy with carbon capture and storage,Drax scraps plan for Europe largest gas plant after climate protests,https://www.msn.com/en-gb/money/news/drax-scraps-plan-for-yorkshire-gas-plant-after-climate-protests/ar-BB1e0fWI?MSCC=1604350566,msn.com,20210225T101500Z,English,United States
BECCS,Bioenergy with carbon capture and storage,Drax scraps plan for Europe largest gas plant after climate protests,https://www.msn.com/en-gb/money/news/drax-scraps-plan-for-europe-s-largest-gas-plant-after-climate-protests/ar-BB1e0fWI?MSCC=1604527960,msn.com,20210225T101500Z,English,United States
BECCS,Bioenergy with carbon capture and storage,Drax scraps plan for Yorkshire gas plant after climate protests,https://www.msn.com/en-gb/money/news/drax-scraps-plan-for-yorkshire-gas-plant-after-climate-protests/ar-BB1e0fWI,msn.com,20210225T091500Z,English,United States
BECCS,Bioenergy with carbon capture and storage,"Enviva Partners , LP Reports Financial Results for the Fourth Quarter and Full Year of 2020 and Announces Commitment to  Net Zero  | Region",https://www.enidnews.com/region/enviva-partners-lp-reports-financial-results-for-the-fourth-quarter-and-full-year-of-2020/article_0815c9a1-2004-57d5-8b75-8a990e5c9f65.html,enidnews.com,20210225T024500Z,English,United States
BECCS,Bioenergy with carbon capture and storage,A Sponge to Soak Up Carbon Dioxide in the Air,https://scienceblog.com/521221/a-sponge-to-soak-up-carbon-dioxide-in-the-air/,scienceblog.com,20210223T194500Z,English,United States
BECCS,Bioenergy with carbon capture and storage,A sponge to soak up carbon dioxide in the air,https://phys.org/news/2021-02-sponge-carbon-dioxide-air.html,phys.org,20210223T144500Z,English,United States
BECCS,Bioenergy with carbon capture and storage,A Sponge to Soak Up Carbon Dioxide in the Air,https://newscenter.lbl.gov/2021/02/22/a-sponge-to-soak-up-carbon-dioxide-in-the-air/,newscenter.lbl.gov,20210222T191500Z,English,United States
BECCS,Bioenergy with carbon capture and storage,A Sponge to Soak Up Carbon Dioxide in Air,https://www.miragenews.com/a-sponge-to-soak-up-carbon-dioxide-in-517667/,miragenews.com,20210222T153000Z,English,United States
BECCS,Bioenergy with carbon capture and storage,Drax signs agreement to acquire Pinnacle Renewable Energy,http://biomassmagazine.com/articles/17715/drax-signs-agreement-to-acquire-pinnacle-renewable-energy,biomassmagazine.com,20210222T090000Z,English,United States
BECCS,Bioenergy with carbon capture and storage,From Tree Planting to CO2 - Sucking Machines : How Could  Negative Emission Help to Tackle the Climate Crisis ? – Advanced BioFuels united states,https://advancedbiofuelsusa.info/from-tree-planting-to-co2-sucking-machines-how-could-negative-emissions-help-to-tackle-the-climate-crisis/,advancedbiofuelsusa.info,20210217T231500Z,English,United States
BECCS,Bioenergy with carbon capture and storage,Drax to Acquire Pinnacle Renewable Energy – a Major Canada - Based International Supplier of Sustainable Biomass Fuel,https://www.globenewswire.com/news-release/2021/02/08/2171335/0/en/Drax-to-Acquire-Pinnacle-Renewable-Energy-a-Major-Canada-Based-International-Supplier-of-Sustainable-Biomass-Fuel.html,globenewswire.com,20210212T221500Z,English,United States
BECCS,Bioenergy with carbon capture and storage,ArcelorMittal reports fourth quarter 2020 and twelve months 2020 results,https://energy.einnews.com/pr_news/535434800/arcelormittal-reports-fourth-quarter-2020-and-twelve-months-2020-results,energy.einnews.com,20210211T110000Z,English,United States
BECCS,Bioenergy with carbon capture and storage,The push for standing forest protections in US climate policy,https://www.greenbiz.com/article/push-standing-forest-protections-us-climate-policy,greenbiz.com,20210211T101500Z,English,United States
BECCS,Bioenergy with carbon capture and storage,ArcelorMittal reports fourth quarter 2020 and twelve months 2020 results,https://www.marketwatch.com/press-release/arcelormittal-reports-fourth-quarter-2020-and-twelve-months-2020-results-2021-02-11,marketwatch.com,20210211T093000Z,English,United States
BECCS,Bioenergy with carbon capture and storage,Drax signs agreement to acquire Pinnacle Renewable Energy,http://www.biomassmagazine.com/articles/17715/drax-signs-agreement-to-acquire-pinnacle-renewable-energy,biomassmagazine.com,20210209T014500Z,English,United States
BECCS,Bioenergy with carbon capture and storage,Drax to Acquire Pinnacle Renewable Energy – a Major Canada - Based International Supplier of Sustainable Biomass Fuel,https://energy.einnews.com/pr_news/535335534/drax-to-acquire-pinnacle-renewable-energy-a-major-canada-based-international-supplier-of-sustainable-biomass-fuel,energy.einnews.com,20210208T180000Z,English,United States
BECCS,Bioenergy with carbon capture and storage,PX Group  confident  in bid to kick - start Humber blue hydrogen scheme,https://www.upstreamonline.com/energy-transition/px-group-confident-in-bid-to-kick-start-humber-blue-hydrogen-scheme/2-1-958419,upstreamonline.com,20210208T034500Z,English,United States
BECCS,Bioenergy with carbon capture and storage,A net - zero strategy for Biden to lead the U . S . on climate action,https://thehill.com/opinion/energy-environment/544915-a-net-zero-strategy-for-biden-to-lead-the-us-on-climate-action,thehill.com,20210325T190000Z,English,United States
BECCS,Bioenergy with carbon capture and storage,Biomass leaders discuss policy priorities and sustainability,http://www.biomassmagazine.com/articles/17807/biomass-leaders-discuss-policy-priorities-and-sustainability,biomassmagazine.com,20210317T020000Z,English,United States
BECCS,Bioenergy with carbon capture and storage,Biomass leaders discuss policy priorities and sustainability,http://biomassmagazine.com/articles/17807/biomass-leaders-discuss-policy-priorities-and-sustainability,biomassmagazine.com,20210317T004500Z,English,United States
BECCS,Bioenergy with carbon capture and storage,UPDATE 1 - UK Drax considers selling four gas projects,https://www.reuters.com/article/drax-group-gas/update-1-uks-drax-considers-selling-four-gas-projects-idUSL1N2L90Y2,reuters.com,20210311T150000Z,English,United States
BECCS,Bioenergy with carbon capture and storage,Press Release : REFILE - UK Drax considers selling four gas projects,https://www.agriculture.com/markets/newswire/press-release-refile-uks-drax-considers-selling-four-gas-projects,agriculture.com,20210311T121500Z,English,United States
BECCS,Bioenergy with carbon capture and storage,Press Release : united kingdom Drax considers selling four gas projects,https://www.agriculture.com/markets/newswire/press-release-uks-drax-considers-selling-four-gas-projects,agriculture.com,20210311T121500Z,English,United States
BECCS,Bioenergy with carbon capture and storage,"Skeptical Science New Research for Week # 10 , 2021",https://skepticalscience.com/new_research_2021_10.html,skepticalscience.com,20210310T081500Z,English,United States
BECCS,Bioenergy with carbon capture and storage,Limiting water stress risks,https://www.haitisun.com/news/268047112/limiting-water-stress-risks,haitisun.com,20210308T201500Z,English,United States
BECCS,Bioenergy with carbon capture and storage,Limiting water stress risks,https://www.caribbeanherald.com/news/268047112/limiting-water-stress-risks,caribbeanherald.com,20210308T184500Z,English,United States
BECCS,Bioenergy with carbon capture and storage,"Biomass - Sustainable Water Management Key to Scaling up Bioenergy Production - Renewable Energy Magazine , at the heart of clean energy journalism",https://www.renewableenergymagazine.com/biomass/sustainable-water-management-key-to-scaling-up-20210308,renewableenergymagazine.com,20210308T161500Z,English,United States
BECCS,Bioenergy with carbon capture and storage,Irrigation management key for bioenergy production to mitigate climate change,https://phys.org/news/2021-03-irrigation-key-bioenergy-production-mitigate.html,phys.org,20210308T151500Z,English,United States
BECCS,Bioenergy with carbon capture and storage,Carbon - negative crops may mean water shortages for 4 . 5 billion people,https://www.newscientist.com/article/2270227-carbon-negative-crops-may-mean-water-shortages-for-4-5-billion-people/,newscientist.com,20210308T114500Z,English,United States
BECCS,Bioenergy with carbon capture and storage,Irrigation management key for bioenergy production to mitigate climate change,https://www.eurekalert.org/pub_releases/2021-03/pifc-imk030421.php,eurekalert.org,20210308T104500Z,English,United States
BECCS,Bioenergy with carbon capture and storage,Irrigation management key for bioenergy production to mitigate climate change,https://eurekalert.org/pub_releases/2021-03/pifc-imk030421.php,eurekalert.org,20210308T103000Z,English,United States
BECCS,Bioenergy with carbon capture and storage,Drax opens public consultation on BECCS proposals,http://biomassmagazine.com/articles/17775/drax-opens-public-consultation-on-beccs-proposals,biomassmagazine.com,20210303T224500Z,English,United States
BECCS,Bioenergy with carbon capture and storage,How Not To Commit To  Net Zero : 5 Common Carbon Strategy Mistakes,https://www.forbes.com/sites/jessibaker/2021/03/03/how-not-to-commit-to-net-zero-5-common-carbon-strategy-mistakes/,forbes.com,20210303T170000Z,English,United States
BECCS,Bioenergy with carbon capture and storage,Drax opens public consultation on BECCS proposals,http://biomassmagazine.com/articles/17775/drax-opens-public-consultation-on-beccs-proposals/,biomassmagazine.com,20210303T034500Z,English,United States
BECCS,Bioenergy with carbon capture and storage,Drax opens public consultation on BECCS proposals,http://www.biomassmagazine.com/articles/17775/drax-opens-public-consultation-on-beccs-proposals,biomassmagazine.com,20210303T003000Z,English,United States
BECCS,Bioenergy with carbon capture and storage,Geoengineering :  Plan B  for the planet,https://phys.org/news/2021-04-geoengineering-planet.html,phys.org,20210429T163000Z,English,United States
BECCS,Bioenergy with carbon capture and storage,"Enviva Partners Announces 23rd Consecutive Quarterly Distribution Increase , Reports First Quarter 2021 Results , and Reaffirms Full - Year Guidance – IT Business Net",http://cloud.itbusinessnet.com/2021/04/enviva-partners-announces-23rd-consecutive-quarterly-distribution-increase-reports-first-quarter-2021-results-and-reaffirms-full-year-guidance/,cloud.itbusinessnet.com,20210429T044500Z,English,United States
BECCS,Bioenergy with carbon capture and storage,"Enviva Partners Announces 23rd Consecutive Quarterly Distribution Increase , Reports First Quarter 2021 Results , and Reaffirms Full - Year Guidance – IT Business Net",http://business.itbusinessnet.com/2021/04/enviva-partners-announces-23rd-consecutive-quarterly-distribution-increase-reports-first-quarter-2021-results-and-reaffirms-full-year-guidance/,business.itbusinessnet.com,20210429T033000Z,English,United States
BECCS,Bioenergy with carbon capture and storage,"Enviva Partners Announces 23rd Consecutive Quarterly Distribution Increase , Reports First Quarter 2021 Results , and Reaffirms Full - Year Guidance – IT Business Net",http://hardware.itbusinessnet.com/2021/04/enviva-partners-announces-23rd-consecutive-quarterly-distribution-increase-reports-first-quarter-2021-results-and-reaffirms-full-year-guidance/,hardware.itbusinessnet.com,20210429T020000Z,English,United States
BECCS,Bioenergy with carbon capture and storage,"Enviva Partners Announces 23rd Consecutive Quarterly Distribution Increase , Reports First Quarter 2021 Results , and Reaffirms Full - Year Guidance",https://www.businesswire.com/news/home/20210428006166/en/Enviva-Partners-Announces-23rd-Consecutive-Quarterly-Distribution-Increase-Reports-First-Quarter-2021-Results-and-Reaffirms-Full-Year-Guidance,businesswire.com,20210429T020000Z,English,United States
BECCS,Bioenergy with carbon capture and storage,UK Seeks Comments on Role of Biomass in Achieving Net - Zero Goal – Advanced BioFuels united states,https://advancedbiofuelsusa.info/uk-seeks-comments-on-role-of-biomass-in-achieving-net-zero-goal/,advancedbiofuelsusa.info,20210422T033000Z,English,United States
BECCS,Bioenergy with carbon capture and storage,Drax reports progress with its biomass strategy,http://biomassmagazine.com/articles/17918/drax-reports-progress-with-its-biomass-strategy/,biomassmagazine.com,20210422T013000Z,English,United States
BECCS,Bioenergy with carbon capture and storage,Drax reports progress with its biomass strategy,http://www.biomassmagazine.com/articles/17918/drax-reports-progress-with-its-biomass-strategy,biomassmagazine.com,20210422T010000Z,English,United States
BECCS,Bioenergy with carbon capture and storage,Drax reports progress with its biomass strategy,http://biomassmagazine.com/articles/17918/drax-reports-progress-with-its-biomass-strategy,biomassmagazine.com,20210421T221500Z,English,United States
BECCS,Bioenergy with carbon capture and storage,UK seeks comments on role of biomass in achieving net - zero goal,http://www.biomassmagazine.com/articles/17913/uk-seeks-comments-on-role-of-biomass-in-achieving-net-zero-goal,biomassmagazine.com,20210421T013000Z,English,United States
BECCS,Bioenergy with carbon capture and storage,UK seeks comments on role of biomass in achieving net - zero goal,http://biomassmagazine.com/articles/17913/uk-seeks-comments-on-role-of-biomass-in-achieving-net-zero-goal,biomassmagazine.com,20210421T003000Z,English,United States
BECCS,Bioenergy with carbon capture and storage,The Greenwashing Files : Fossil fuel giants accused of  deceptive  advertising,https://www.nationofchange.org/2021/04/20/the-greenwashing-files-fossil-fuel-giants-accused-of-deceptive-advertising/,nationofchange.org,20210420T221500Z,English,United States
BECCS,Bioenergy with carbon capture and storage,Drax : BECCS offers less expensive way to meet united kingdom climate goals,http://biomassmagazine.com/articles/17869/drax-beccs-offers-less-expensive-way-to-meet-uk-climate-goals,biomassmagazine.com,20210420T113000Z,English,United States
BECCS,Bioenergy with carbon capture and storage,Medical Xpress - Harvard School of Public Health (... continued page 6 ),https://medicalxpress.com/partners/harvard-school-of-public-health/sort/rank/all/page6.html,medicalxpress.com,20210419T123000Z,English,United States
BECCS,Bioenergy with carbon capture and storage,"Climate change , global warming , natural disasters , geoengineering , mitigation",http://www.homelandsecuritynewswire.com/dr20210415-the-right-carbon-price-path-makes-excessive-co2-removal-unnecessary,homelandsecuritynewswire.com,20210415T204500Z,English,United States
BECCS,Bioenergy with carbon capture and storage,"With the right price path , there is no need for excessive carbon dioxide removal",https://phys.org/news/2021-04-price-path-excessive-carbon-dioxide.html,phys.org,20210415T133000Z,English,United States
BECCS,Bioenergy with carbon capture and storage,Drax acquires Pinnacle Renewable Energy Inc .,https://www.energyglobal.com/bioenergy/15042021/drax-acquires-pinnacle-renewable-energy-inc/,energyglobal.com,20210415T124500Z,English,United States
BECCS,Bioenergy with carbon capture and storage,With the right carbon price path there is no need for excessive CO2 removal,https://www.eurekalert.org/pub_releases/2021-04/pifc-wtr041421.php,eurekalert.org,20210415T121500Z,English,United States
BECCS,Bioenergy with carbon capture and storage,"Climate change , global warming , natural disasters , bioenergy , storage",http://www.homelandsecuritynewswire.com/dr20210414-negative-emissions-positive-economy,homelandsecuritynewswire.com,20210414T231500Z,English,United States
BECCS,Bioenergy with carbon capture and storage,"Negative emissions , positive economy",https://phys.org/news/2021-04-negative-emissions-positive-economy.html,phys.org,20210414T154500Z,English,United States
BECCS,Bioenergy with carbon capture and storage,Bioenergy with carbon capture could help stabilize climate without breaking the bank,https://scienceblog.com/522273/bioenergy-with-carbon-capture-could-help-stabilize-climate-without-breaking-the-bank/,scienceblog.com,20210414T151500Z,English,United States
BECCS,Bioenergy with carbon capture and storage,"Negative emissions , positive economy",https://news.mit.edu/2021/negative-emissions-positive-economy-0413,news.mit.edu,20210413T223000Z,English,United States
BECCS,Bioenergy with carbon capture and storage,Drax Completes Acquisition of Pinnacle Renewable Energy Inc,https://www.globenewswire.com/news-release/2021/04/13/2209296/0/en/Drax-Completes-Acquisition-of-Pinnacle-Renewable-Energy-Inc.html,globenewswire.com,20210413T184500Z,English,United States
BECCS,Bioenergy with carbon capture and storage,Drax Completes Acquisition of Pinnacle Renewable Energy Inc,https://energy.einnews.com/pr_news/538533380/drax-completes-acquisition-of-pinnacle-renewable-energy-inc,energy.einnews.com,20210413T170000Z,English,United States
BECCS,Bioenergy with carbon capture and storage,Drax Completes Acquisition of Pinnacle Renewable Energy Inc - Press Release,http://www.digitaljournal.com/pr/5036887,digitaljournal.com,20210413T143000Z,English,United States
BECCS,Bioenergy with carbon capture and storage,Drax : BECCS offers less expensive way to meet united kingdom climate goals,http://biomassmagazine.com/articles/17869/drax-beccs-offers-less-expensive-way-to-meet-uk-climate-goals/,biomassmagazine.com,20210413T053000Z,English,United States
BECCS,Bioenergy with carbon capture and storage,Drax : BECCS offers less expensive way to meet united kingdom climate goals,http://www.biomassmagazine.com/articles/17869/drax-beccs-offers-less-expensive-way-to-meet-uk-climate-goals,biomassmagazine.com,20210413T001500Z,English,United States
BECCS,Bioenergy with carbon capture and storage,Drax Group deploys Solace to improve its IT infrastructure,http://biomassmagazine.com/articles/17866/drax-group-deploys-solace-to-improve-its-it-infrastructure/,biomassmagazine.com,20210409T204500Z,English,United States
BECCS,Bioenergy with carbon capture and storage,Drax Group deploys Solace to improve its IT infrastructure,http://www.biomassmagazine.com/articles/17866/drax-group-deploys-solace-to-improve-its-it-infrastructure,biomassmagazine.com,20210409T194500Z,English,United States
BECCS,Bioenergy with carbon capture and storage,Earth Day Series Day 9 : Biomass and Carbon Sequestration – Advanced BioFuels united states,https://advancedbiofuelsusa.info/earth-day-series-day-9-biomass-and-carbon-sequestration/,advancedbiofuelsusa.info,20210409T050000Z,English,United States
BECCS,Bioenergy with carbon capture and storage,UK 2050 Net - Zero Carbon Goals Mean Deeper Investments in Renewable Energy Sources and Increased Competition,https://www.businessinsider.com/uk-2050-net-zero-carbon-goals-investment-renewable-energy-sources-increased-competition-2021-4,businessinsider.com,20210408T200000Z,English,United States
BECCS,Bioenergy with carbon capture and storage,Drax Group deploys Solace to improve its IT infrastructure,https://www.tmcnet.com/usubmit/2021/04/08/9341783.htm,tmcnet.com,20210408T090000Z,English,United States
BECCS,Bioenergy with carbon capture and storage,Drax Group deploys Solace to improve its IT infrastructure,https://www.prnewswire.com/news-releases/drax-group-deploys-solace-to-improve-its-it-infrastructure-301264725.html,prnewswire.com,20210408T083000Z,English,United States
BECCS,Bioenergy with carbon capture and storage,Drax Group deploys Solace to improve its IT infrastructure,https://www.prnewswire.com:443/news-releases/drax-group-deploys-solace-to-improve-its-it-infrastructure-301264725.html,prnewswire.com,20210408T083000Z,English,United States
BECCS,Bioenergy with carbon capture and storage,Drax Group deploys Solace to improve its IT infrastructure,https://www.tmcnet.com/usubmit/-drax-group-deploys-solace-improve-its-it-infrastructure-/2021/04/08/9341783.htm,tmcnet.com,20210408T083000Z,English,United States
BECCS,Bioenergy with carbon capture and storage,"CEO of Drax Shares How the Company , Formerly 100 % Reliant on Coal , Reduced Its Carbon Emissions by 85 %",https://www.businessinsider.com/ceo-of-drax-shares-how-the-company-reduced-its-carbon-emissions-by-85-percent-2021-4,businessinsider.com,20210405T150000Z,English,United States
BECCS,Bioenergy with carbon capture and storage,Report discusses role of BECCS in reaching net zero goal,http://www.biomassmagazine.com/articles/18036/report-discusses-role-of-beccs-in-reaching-net-zero-goal,biomassmagazine.com,20210527T221500Z,English,United States
BECCS,Bioenergy with carbon capture and storage,Report discusses role of BECCS in reaching net zero goal,http://biomassmagazine.com/articles/18036/report-discusses-role-of-beccs-in-reaching-net-zero-goal,biomassmagazine.com,20210527T220000Z,English,United States
BECCS,Bioenergy with carbon capture and storage,Report discusses role of BECCS in reaching net zero goal,http://biomassmagazine.com/articles/18036/report-discusses-role-of-beccs-in-reaching-net-zero-goal/,biomassmagazine.com,20210527T201500Z,English,United States
BECCS,Bioenergy with carbon capture and storage,IDTechEx : Can direct air capture really help to fight climate change ?,https://www.hydrocarbonengineering.com/the-environment/27052021/idtechex-can-direct-air-capture-really-help-to-fight-climate-change/,hydrocarbonengineering.com,20210527T104500Z,English,United States
BECCS,Bioenergy with carbon capture and storage,IDTechEx Discuss If Direct Air Capture Can Really Help in the Fight Against Climate Change,https://www.prnewswire.com:443/news-releases/idtechex-discuss-if-direct-air-capture-can-really-help-in-the-fight-against-climate-change-301300030.html,prnewswire.com,20210526T151500Z,English,United States
BECCS,Bioenergy with carbon capture and storage,Carbon removal can and must be part of the climate justice agenda,https://thehill.com/opinion/energy-environment/555267-carbon-removal-can-and-must-be-part-of-the-climate-justice-agenda,thehill.com,20210525T190000Z,English,United States
BECCS,Bioenergy with carbon capture and storage,Carbon removal can and must be part of the climate justice agenda,https://www.msn.com/en-us/news/politics/carbon-removal-can-and-must-be-part-of-the-climate-justice-agenda/ar-AAKmTsG,msn.com,20210525T170000Z,English,United States
BECCS,Bioenergy with carbon capture and storage,Net - Zero Emissions : Winning Strategy or Destined for Failure ?,https://e360.yale.edu/features/net-zero-emissions-winning-strategy-or-destined-for-failure,e360.yale.edu,20210525T094500Z,English,United States
BECCS,Bioenergy with carbon capture and storage,Peel NRE and BIG secure funding for Ince Bioenergy Carbon Capture and Storage project,https://www.energyglobal.com/special-reports/25052021/peel-nre-and-big-secure-funding-for-ince-bioenergy-carbon-capture-and-storage-project/,energyglobal.com,20210525T091500Z,English,United States
BECCS,Bioenergy with carbon capture and storage,Are plans for a carbon - negative power plant too costly to be worth it ?,https://www.newscientist.com/article/2278434-are-plans-for-a-carbon-negative-power-plant-too-costly-to-be-worth-it/,newscientist.com,20210525T001500Z,English,United States
BECCS,Bioenergy with carbon capture and storage,England Trees Action Plan omits bioenergy | Biomassmagazine . com,http://biomassmagazine.com/articles/18018/england-trees-action-plan-omits-bioenergy,biomassmagazine.com,20210522T013000Z,English,United States
BECCS,Bioenergy with carbon capture and storage,England Trees Action Plan omits bioenergy | Biomassmagazine . com,http://www.biomassmagazine.com/articles/18018/england-trees-action-plan-omits-bioenergy,biomassmagazine.com,20210521T211500Z,English,United States
BECCS,Bioenergy with carbon capture and storage,"Biomass - Drax to Kickstart Development of  Arkansas Pellet Plants - Renewable Energy Magazine , at the heart of clean energy journalism",https://www.renewableenergymagazine.com/biomass/drax-to-kickstart-development-of-arkansas-pellet-20210517,renewableenergymagazine.com,20210517T173000Z,English,United States
BECCS,Bioenergy with carbon capture and storage,Carbon180 Unveils Carbon Removal Policy Roadmap for 2021,https://www.globenewswire.com/en/news-release/2021/05/13/2228898/0/en/Carbon180-Unveils-Carbon-Removal-Policy-Roadmap-for-2021-and-Beyond.html,globenewswire.com,20210517T023000Z,English,United States
BECCS,Bioenergy with carbon capture and storage,Carbon180 Unveils Carbon Removal Policy Roadmap for 2021,https://www.globenewswire.com/news-release/2021/05/13/2228898/0/en/Carbon180-Unveils-Carbon-Removal-Policy-Roadmap-for-2021-and-Beyond.html,globenewswire.com,20210513T201500Z,English,United States
BECCS,Bioenergy with carbon capture and storage,Environmental News For The Week Ending 09 May 2019,http://econintersect.com/pages/contributors/contributor.php?post=202105112359,econintersect.com,20210512T054500Z,English,United States
BECCS,Bioenergy with carbon capture and storage,Biomass Firm Invests $40M to Build 3 Wood Pellet Plants,https://www.powderbulksolids.com/wood-paper-products/biomass-firm-invests-40m-build-3-wood-pellet-plants,powderbulksolids.com,20210511T180000Z,English,United States
BECCS,Bioenergy with carbon capture and storage,Drax Energy to invest $40M to construct three pellet plants,https://www.woodworkingnetwork.com/news/woodworking-industry-news/drax-energy-invest-40m-construct-three-pellet-plants,woodworkingnetwork.com,20210511T033000Z,English,United States
BECCS,Bioenergy with carbon capture and storage,"Drax Group Plans Leola , Arkansas , Biomass Pellet Manufacturing Plant",https://www.areadevelopment.com/newsitems/5-10-2021/drax-group-leola-arkansas.shtml,areadevelopment.com,20210510T174500Z,English,United States
BECCS,Bioenergy with carbon capture and storage,Drax to construct pellet plants in Arkansas,https://www.energyglobal.com/bioenergy/10052021/drax-to-construct-pellet-plants-in-arkansas/,energyglobal.com,20210510T143000Z,English,United States
BECCS,Bioenergy with carbon capture and storage,Drax to kickstart development of 3 Arkansas pellet plants,http://www.biomassmagazine.com/articles/17978/drax-to-kickstart-development-of-3-arkansas-pellet-plants,biomassmagazine.com,20210507T013000Z,English,United States
BECCS,Bioenergy with carbon capture and storage,"Drax Group will build three wood pellet plants in state , with first in Leola",http://www.magnoliareporter.com/news_and_business/local_business/article_757690e4-aea8-11eb-ba21-bb6195ea1ba0.html,magnoliareporter.com,20210506T234500Z,English,United States
BECCS,Bioenergy with carbon capture and storage,Drax to kickstart development of 3 Arkansas pellet plants,http://biomassmagazine.com/articles/17978/drax-to-kickstart-development-of-3-arkansas-pellet-plants,biomassmagazine.com,20210506T223000Z,English,United States
BECCS,Bioenergy with carbon capture and storage,Renewable Energy Company To Invest $40 Million To Build Three Arkansas Plants,https://www.ualrpublicradio.org/post/renewable-energy-company-invest-40-million-build-three-arkansas-plants,ualrpublicradio.org,20210506T213000Z,English,United States
BECCS,Bioenergy with carbon capture and storage,"Drax Group to Invest $40M in 3 New Plants , Create 30 Jobs",https://www.arkansasbusiness.com/article/135747/drax-group-to-invest-40m-in-three-new-plants-create-30-jobs,arkansasbusiness.com,20210506T170000Z,English,United States
BECCS,Bioenergy with carbon capture and storage,Climate action potential in waste incineration plants,https://www.newswise.com/articles/climate-action-potential-in-waste-incineration-plants,newswise.com,20210505T020000Z,English,United States
BECCS,Bioenergy with carbon capture and storage,Environmental News Network - Climate Action Potential In Waste Incineration Plants,https://www.enn.com/articles/67738-climate-action-potential-in-waste-incineration-plants,enn.com,20210504T191500Z,English,United States
BECCS,Bioenergy with carbon capture and storage,Climate action potential in waste incineration plants,https://phys.org/news/2021-05-climate-action-potential-incineration.html,phys.org,20210504T120000Z,English,United States
BECCS,Bioenergy with carbon capture and storage,Climate action potential in waste incineration plants,https://www.eurekalert.org/pub_releases/2021-05/ez-ca050321.php,eurekalert.org,20210504T043000Z,English,United States
BECCS,Bioenergy with carbon capture and storage,Drax Group deploys Solace to improve its IT infrastructure,http://biomassmagazine.com/articles/17866/drax-group-deploys-solace-to-improve-its-it-infrastructure,biomassmagazine.com,20210503T070000Z,English,United States
BECCS,Bioenergy with carbon capture and storage,Bechtel announces partnership for constructing more energy efficient data centers,https://www.utilitydive.com/news/bechtel-announces-partnership-for-constructing-more-energy-efficient-data-c/602529/,utilitydive.com,20210629T141500Z,English,United States
BECCS,Bioenergy with carbon capture and storage,Bechtel announces partnership for constructing more efficient data centers,https://www.constructiondive.com/news/bechtel-announces-partnership-for-constructing-more-efficient-data-centers/601845/,constructiondive.com,20210623T184500Z,English,United States
BECCS,Bioenergy with carbon capture and storage,CCUS : Big Opportunity and Hard Questions,https://www.powermag.com/ccus-big-opportunity-and-hard-questions/,powermag.com,20210622T220000Z,English,United States
BECCS,Bioenergy with carbon capture and storage,"Bioenergy : How Sustainable , How Needed ? – Advanced BioFuels united states",https://advancedbiofuelsusa.info/bioenergy-how-sustainable-how-needed/,advancedbiofuelsusa.info,20210622T154500Z,English,United States
BECCS,Bioenergy with carbon capture and storage,Phoenix BioPower explores next generation BECCS for Drax,http://www.biomassmagazine.com/articles/18089/phoenix-biopower-explores-next-generation-beccs-for-drax,biomassmagazine.com,20210622T013000Z,English,United States
BECCS,Bioenergy with carbon capture and storage,Phoenix BioPower explores next generation BECCS for Drax,http://biomassmagazine.com/articles/18089/phoenix-biopower-explores-next-generation-beccs-for-drax,biomassmagazine.com,20210622T004500Z,English,United States
BECCS,Bioenergy with carbon capture and storage,"Bioenergy : how sustainable , how needed ? : Biofuels Digest",https://www.biofuelsdigest.com/bdigest/2021/06/21/bioenergy-how-sustainable-how-needed/,biofuelsdigest.com,20210621T234500Z,English,United States
BECCS,Bioenergy with carbon capture and storage,Bechtel and Drax partner on bioenergy with carbon - capture projects - Chemical Engineering,https://chemengonline.com/bechtel-and-drax-partner-on-bioenergy-with-carbon-capture-projects/,chemengonline.com,20210616T110000Z,English,United States
BECCS,Bioenergy with carbon capture and storage,FS Innovates with First BECCS ( Bioenergy with Carbon Capture and Storage ) Project in South America – Advanced BioFuels united states,https://advancedbiofuelsusa.info/fs-innovates-with-first-beccs-bioenergy-with-carbon-capture-and-storage-project-in-south-america/,advancedbiofuelsusa.info,20210615T171500Z,English,United States
BECCS,Bioenergy with carbon capture and storage,FS to implement BECCS to become world first negative carbon biorefinery : Biofuels Digest,https://www.biofuelsdigest.com/bdigest/2021/06/14/fs-to-implement-beccs-to-become-worlds-first-negative-carbon-biorefinery/,biofuelsdigest.com,20210615T024500Z,English,United States
BECCS,Bioenergy with carbon capture and storage,FS innovates with first BECCS carbon storage project | Biofuels International Magazine,https://biofuels-news.com/news/fs-innovates-with-first-beccs-carbon-storage-project/,biofuels-news.com,20210614T160000Z,English,United States
BECCS,Bioenergy with carbon capture and storage,FS Innovates With First BECCS ( Bioenergy With Carbon Capture And Storage ) Project In South America,https://www.pollutiononline.com/doc/fs-innovates-with-first-beccs-bioenergy-with-carbon-capture-and-storage-project-in-south-america-0001,pollutiononline.com,20210614T123000Z,English,United States
BECCS,Bioenergy with carbon capture and storage,FS innovates with first BECCS ( Bioenergy with Carbon Capture and Storage ) project in South America,https://www.prnewswire.com/news-releases/fs-innovates-with-first-beccs-bioenergy-with-carbon-capture-and-storage-project-in-south-america-301310511.html,prnewswire.com,20210611T154500Z,English,United States
BECCS,Bioenergy with carbon capture and storage,FS innovates with first BECCS ( Bioenergy with Carbon Capture and Storage ) project in South America,https://www.tmcnet.com/usubmit/2021/06/11/9388916.htm,tmcnet.com,20210611T134500Z,English,United States
BECCS,Bioenergy with carbon capture and storage,FS innovates with first BECCS ( Bioenergy with Carbon Capture and Storage ) project in South America,https://www.prnewswire.com:443/news-releases/fs-innovates-with-first-beccs-bioenergy-with-carbon-capture-and-storage-project-in-south-america-301310511.html,prnewswire.com,20210611T133000Z,English,United States
BECCS,Bioenergy with carbon capture and storage,FS innovates with first BECCS ( Bioenergy with Carbon Capture and Storage ) project in South America,https://www.tmcnet.com/usubmit/-fs-innovates-with-first-beccs-bioenergy-with-carbon-/2021/06/11/9388916.htm,tmcnet.com,20210611T133000Z,English,United States
BECCS,Bioenergy with carbon capture and storage,Why We Shouldnt Buy Into the Idea of Engineering Our Way Out of the Climate Crisis,https://www.onegreenplanet.org/environment/why-we-shouldnt-buy-into-the-idea-of-engineering-our-way-out-of-the-climate-crisis/,onegreenplanet.org,20210610T170000Z,English,United States
BECCS,Bioenergy with carbon capture and storage,Drax and Mitsubishi sign pioneering CCUS power project deal,https://www.gasworld.com/drax-and-mitsubishi-sign-pioneering-ccus-power-project-deal/2021046.article,gasworld.com,20210610T130000Z,English,United States
BECCS,Bioenergy with carbon capture and storage,UK Drax signs deal with Mitsubishi for negative - emissions capture technology,https://www.reuters.com/business/sustainable-business/uks-drax-signs-deal-with-mitsubishi-negative-emissions-capture-technology-2021-06-09/,reuters.com,20210610T000000Z,English,United States
BECCS,Bioenergy with carbon capture and storage,Bechtel and Drax partner on bioenergy with carbon - capture projects - Chemical Engineering,https://www.chemengonline.com/bechtel-and-drax-partner-on-bioenergy-with-carbon-capture-projects/,chemengonline.com,20210608T220000Z,English,United States
BECCS,Bioenergy with carbon capture and storage,"As A Proven And Flexible Technology , Carbon Capture Can Help Enable Net Zero – If We Support It",https://www.forbes.com/sites/mitsubishiheavyindustries/2021/06/08/as-a-proven-and-flexible-technology-carbon-capture-can-help-enable-net-zero--if-we-support-it/,forbes.com,20210608T181500Z,English,United States
BECCS,Bioenergy with carbon capture and storage,Bank of England ( via Public ) / Key elements of the 2021 Biennial Exploratory Scenario : Financial risks from climate change,http://www.publicnow.com/view/3EF93D82E2356070EEDCFF3BECFBC36AD03C9D98,publicnow.com,20210608T090000Z,English,United States
BECCS,Bioenergy with carbon capture and storage,"Bechtel , Drax partner to explore opportunities for BECCS",http://www.biomassmagazine.com/articles/18055/bechtel-drax-partner-to-explore-opportunities-for-beccs,biomassmagazine.com,20210608T023000Z,English,United States
BECCS,Bioenergy with carbon capture and storage,"Bechtel , Drax partner to explore opportunities for BECCS",http://biomassmagazine.com/articles/18055/bechtel-drax-partner-to-explore-opportunities-for-beccs,biomassmagazine.com,20210608T021500Z,English,United States
BECCS,Bioenergy with carbon capture and storage,Bechtel working with Drax to build biomass plants with carbon capture & storage,http://humanitariannews.org/20210607/bechtel-working-drax-build-biomass-plants-carbon-capture-storage,humanitariannews.org,20210607T154500Z,English,United States
BECCS,Bioenergy with carbon capture and storage,"Drax , Bechtel team up to look into new bioenergy / carbon capture plants",https://www.reuters.com/business/sustainable-business/drax-bechtel-team-up-look-into-new-bioenergycarbon-capture-plants-2021-06-04/,reuters.com,20210604T153000Z,English,United States
BECCS,Bioenergy with carbon capture and storage,Bechtel and Drax partner to explore global opportunities for new build Bioenergy with Carbon Capture and Storage ( BECCS ),https://www.tmcnet.com/usubmit/2021/06/04/9384296.htm,tmcnet.com,20210604T144500Z,English,United States
BECCS,Bioenergy with carbon capture and storage,Bechtel and Drax partner to explore global opportunities for new build Bioenergy with Carbon Capture and Storage ( BECCS ),https://www.prnewswire.com/news-releases/bechtel-and-drax-partner-to-explore-global-opportunities-for-new-build-bioenergy-with-carbon-capture-and-storage-beccs-301306059.html,prnewswire.com,20210604T144500Z,English,United States
BECCS,Bioenergy with carbon capture and storage,Bechtel and Drax partner to explore global opportunities for new build Bioenergy with Carbon Capture and Storage ( BECCS ),https://www.prnewswire.com:443/news-releases/bechtel-and-drax-partner-to-explore-global-opportunities-for-new-build-bioenergy-with-carbon-capture-and-storage-beccs-301306059.html,prnewswire.com,20210604T143000Z,English,United States
BECCS,Bioenergy with carbon capture and storage,Carbon Removal and the Dangers of Extractivism – Advanced BioFuels united states,https://advancedbiofuelsusa.info/carbon-removal-and-the-dangers-of-extractivism/,advancedbiofuelsusa.info,20210603T003000Z,English,United States
BECCS,Bioenergy with carbon capture and storage,Nasdaq buys big stake in carbon removal marketplace,https://www.greenbiz.com/article/nasdaq-buys-big-stake-carbon-removal-marketplace,greenbiz.com,20210602T093000Z,English,United States
BECCS,Bioenergy with carbon capture and storage,Drax reduces carbon emission by more than 90 % | Biomassmagazine . com,http://www.biomassmagazine.com/articles/18201/drax-reduces-carbon-emission-by-more-than-90,biomassmagazine.com,20210730T001500Z,English,United States
BECCS,Bioenergy with carbon capture and storage,"Enviva Partners Announces 24th Consecutive Quarterly Distribution Increase , Reports Second - Quarter 2021 Results , and Reaffirms Guidance",https://www.businesswire.com/news/home/20210728006074/en/Enviva-Partners-Announces-24th-Consecutive-Quarterly-Distribution-Increase-Reports-Second-Quarter-2021-Results-and-Reaffirms-Guidance,businesswire.com,20210729T181500Z,English,United States
BECCS,Bioenergy with carbon capture and storage,"Enviva Partners Announces 24th Consecutive Quarterly Distribution Increase , Reports Second - Quarter 2021 Results , and Reaffirms Guidance",https://www.galvnews.com/news_ap/business/article_4d7c0257-2f7a-59e8-bbbc-5a0d3605aeb5.html,galvnews.com,20210728T234500Z,English,United States
BECCS,Bioenergy with carbon capture and storage,This Bioenergy Plant Will Convert CO₂ Emissions Into Sustainable Fish Food [ Infographic ],https://www.forbes.com/sites/mitsubishiheavyindustries/2021/07/28/this-bioenergy-plant-will-convert-co-emissions-into-sustainable-fish-food-infographic/,forbes.com,20210728T143000Z,English,United States
BECCS,Bioenergy with carbon capture and storage,Five Strategies To Make The Transition To Net Zero Today,https://www.forbes.com/sites/forbesbusinesscouncil/2021/07/26/five-strategies-to-make-the-transition-to-net-zero-today/,forbes.com,20210726T113000Z,English,United States
BECCS,Bioenergy with carbon capture and storage,Half of the IPCC Scenarios to Limit Warming Dont Work,https://eos.org/articles/half-of-the-ipcc-scenarios-to-limit-warming-dont-work,eos.org,20210725T054500Z,English,United States
BECCS,Bioenergy with carbon capture and storage,FS to Develop BECCS Project at Brazilian Biorefinery – Advanced BioFuels united states,https://advancedbiofuelsusa.info/fs-to-develop-beccs-project-at-brazilian-biorefinery/,advancedbiofuelsusa.info,20210713T234500Z,English,United States
BECCS,Bioenergy with carbon capture and storage,National Grid says united kingdom could need 13GW of energy storage by 2030 to enable net zero future,https://www.energy-storage.news/news/national-grid-says-uk-could-need-13gw-of-energy-storage-by-2030-to-enable-n,energy-storage.news,20210713T081500Z,English,United States
BECCS,Bioenergy with carbon capture and storage,IRENA : Innovation needed to drive the energy transition,https://www.energyglobal.com/special-reports/12072021/irena-innovation-needed-to-drive-the-energy-transition/,energyglobal.com,20210712T150000Z,English,United States
BECCS,Bioenergy with carbon capture and storage,"Brazilian ethanol , DDG producer aiming to be carbon negative",https://www.feednavigator.com/Article/2021/07/09/Brazilian-ethanol-DDG-producer-aiming-to-be-carbon-negative,feednavigator.com,20210709T134500Z,English,United States
BECCS,Bioenergy with carbon capture and storage,Ethanol Producer Magazine – The Latest News and Data About Ethanol Production,http://www.ethanolproducer.com/articles/18401/fs-to-develop-beccs-project-at-brazilian-biorefinery,ethanolproducer.com,20210708T224500Z,English,United States
BECCS,Bioenergy with carbon capture and storage,Ethanol Producer Magazine – The Latest News and Data About Ethanol Production,http://ethanolproducer.com/articles/18401/fs-to-develop-beccs-project-at-brazilian-biorefinery,ethanolproducer.com,20210708T204500Z,English,United States
BECCS,Bioenergy with carbon capture and storage,The rush to get rid of carbon is becoming a dangerous focus,https://www.wiredprnews.com/the-rush-to-get-rid-of-carbon-is-becoming-a-dangerous-focus/,wiredprnews.com,20210708T141500Z,English,United States
BECCS,Bioenergy with carbon capture and storage,Delivering on renewable energy with sustainably sourced biomass,https://www.worldfinance.com/strategy/delivering-on-renewable-energy-with-sustainably-sourced-biomass,worldfinance.com,20210707T043000Z,English,United States
BECCS,Bioenergy with carbon capture and storage,Carbon capture is a no - brainer solution for companies facing net - zero policy goals : Biofuels Digest,https://www.biofuelsdigest.com/bdigest/2021/07/06/carbon-capture-is-a-no-brainer-solution-for-companies-facing-net-zero-policy-goals/,biofuelsdigest.com,20210707T020000Z,English,United States
BECCS,Bioenergy with carbon capture and storage,Environmental News Network - Global BECCS Potential Is Largely Constrained by Sustainable Irrigation,https://www.enn.com/articles/68177-global-beccs-potential-is-largely-constrained-by-sustainable-irrigation,enn.com,20210705T183000Z,English,United States
BECCS,Bioenergy with carbon capture and storage,Global BECCS potential is largely constrained by sustainable irrigation,https://www.eurekalert.org/pub_releases/2021-07/nife-gbp070121.php,eurekalert.org,20210705T160000Z,English,United States
BECCS,Bioenergy with carbon capture and storage,Global BECCS potential is largely constrained by sustainable irrigation,https://phys.org/news/2021-07-global-beccs-potential-largely-constrained.html,phys.org,20210705T154500Z,English,United States
BECCS,Bioenergy with carbon capture and storage,Drax Group plc ( via Public ) / Powering a greener 2022 : Happy New Year from Drax,http://www.publicnow.com/view/DF5A8387B7B3136C67E0759DADD5B6C68F1FDFAB,publicnow.com,20211230T123000Z,English,United States
BECCS,Bioenergy with carbon capture and storage,Inegalitarian growth or just degrowth : the IPCC has opened the debate - International Viewpoint,https://internationalviewpoint.org/spip.php?article7451,internationalviewpoint.org,20211227T113000Z,English,United States
BECCS,Bioenergy with carbon capture and storage,Drax to invest £40M in next stage of BECCS project,http://www.biomassmagazine.com/articles/18574/drax-to-invest-l40m-in-next-stage-of-beccs-project,biomassmagazine.com,20211221T233000Z,English,United States
BECCS,Bioenergy with carbon capture and storage,Drax Group plc ( via Public ) / Riverbend Elementary School awarded Drax  Classroom of the Month,http://www.publicnow.com/view/58D7525BA667CB1E142D158675166AA7F750227E,publicnow.com,20211216T184500Z,English,United States
BECCS,Bioenergy with carbon capture and storage,"Biomass - Drax to Invest £40M in Next Stage of Carbon Capture Project - Renewable Energy Magazine , at the heart of clean energy journalism",https://www.renewableenergymagazine.com/biomass/drax-to-invest-40m-in-next-stage-20211216,renewableenergymagazine.com,20211216T160000Z,English,United States
BECCS,Bioenergy with carbon capture and storage,Carbon Capture : The Vacuum the Climate May Depend On,https://www.washingtonpost.com/business/energy/carbon-capture-the-vacuum-the-climate-may-depend-on/2021/12/16/ade76634-5e65-11ec-b1ef-cb78be717f0e_story.html,washingtonpost.com,20211216T153000Z,English,United States
BECCS,Bioenergy with carbon capture and storage,Drax Group plc ( via Public ) / Drax to invest £40M in next stage of the world largest carbon capture project,http://www.publicnow.com/view/EBA6D066DA7FE3DAD0B729E8AB2C97DB4DE5AF74,publicnow.com,20211215T080000Z,English,United States
BECCS,Bioenergy with carbon capture and storage,Drax Group plc ( via Public ) / Primary School students learn about renewable energy,http://www.publicnow.com/view/CF321CEF43CC0BA33E98A186CCC9C869630681B9,publicnow.com,20211213T131500Z,English,United States
BECCS,Bioenergy with carbon capture and storage,Global cooling induced by biophysical effects of bioenergy crop cultivation,https://www.nature.com/articles/s41467-021-27520-0,nature.com,20211213T123000Z,English,United States
BECCS,Bioenergy with carbon capture and storage,Climate Vault Launches Request for Proposal ( RFP ) to Support Carbon Dioxide Removal Technologies,https://www.businesswire.com/news/home/20211201005673/en/Climate-Vault-Launches-Request-for-Proposal-RFP-to-Support-Carbon-Dioxide-Removal-Technologies,businesswire.com,20211207T130000Z,English,United States
BECCS,Bioenergy with carbon capture and storage,Carbon Capture : The Vacuum the Climate May Depend On - Governor Wind Energy Coalition,https://governorswindenergycoalition.org/carbon-capture-the-vacuum-the-climate-may-depend-on/,governorswindenergycoalition.org,20211206T051500Z,English,United States
BECCS,Bioenergy with carbon capture and storage,The cognitive dissidence of climate policy,https://energycentral.com/c/ec/cognitive-dissidence-climate-policy,energycentral.com,20211202T234500Z,English,United States
BECCS,Bioenergy with carbon capture and storage,"Biomass - Drax Pushing to Increase Biomass Use - Renewable Energy Magazine , at the heart of clean energy journalism",https://www.renewableenergymagazine.com/biomass/drax-pusing-to-increase-biomass-use-20211202,renewableenergymagazine.com,20211202T170000Z,English,United States
BECCS,Bioenergy with carbon capture and storage,Japan MHI to provide CO2 capture system for Hiroshima biomass plant | News,https://www.gasworld.com/japans-mhi-to-provide-co2-capture-system-for-hiroshima-biomass-plant/2022291.article,gasworld.com,20211202T144500Z,English,United States
BECCS,Bioenergy with carbon capture and storage,Carbon Capture : The Vacuum the Climate May Depend On,https://www.washingtonpost.com/business/energy/carbon-capture-the-vacuum-the-climate-may-depend-on/2021/12/02/78992aae-5360-11ec-83d2-d9dab0e23b7e_story.html,washingtonpost.com,20211202T123000Z,English,United States
BECCS,Bioenergy with carbon capture and storage,Argus Media Limited ( via Public ) / Japan MHI to fit CO2 capture unit at biomass plant,http://www.publicnow.com/view/51B3203AC7090EDE6C3582C05AA4D03E5D54F58C,publicnow.com,20211202T040000Z,English,United States
BECCS,Bioenergy with carbon capture and storage,Climate Vault Launches Request for Proposal ( RFP ) to Support Carbon Dioxide Removal Technologies,https://www.bakersfield.com/ap/news/climate-vault-launches-request-for-proposal-rfp-to-support-carbon-dioxide-removal-technologies/article_da81775f-9449-5c95-9198-000849e165bb.html,bakersfield.com,20211202T024500Z,English,United States
BECCS,Bioenergy with carbon capture and storage,Climate Vault Launches Request for Proposal ( RFP ) to Support Carbon Dioxide Removal Technologies,https://www.wsiltv.com/news/illinois/climate-vault-launches-request-for-proposal-rfp-to-support-carbon-dioxide-removal-technologies/article_77dda86a-9c13-5051-8f78-053d92cc738c.html,wsiltv.com,20211201T183000Z,English,United States
BECCS,Bioenergy with carbon capture and storage,Climate Vault Launches Request for Proposal ( RFP ) to Support Carbon Dioxide Removal Technologies,https://www.valdostadailytimes.com/news/business/climate-vault-launches-request-for-proposal-rfp-to-support-carbon-dioxide-removal-technologies/article_0597cd14-fc69-5fb5-a1ba-632d7ae01837.html,valdostadailytimes.com,20211201T170000Z,English,United States
BECCS,Bioenergy with carbon capture and storage,UK Government Announces £5 Million Scheme To Produce Hydrogen From Biomass And Waste - Environment,https://www.mondaq.com/uk/waste-management/1154092/uk-government-announces-5-million-scheme-to-produce-hydrogen-from-biomass-and-waste,mondaq.com,20220126T120000Z,English,United States
BECCS,Bioenergy with carbon capture and storage,Government Launches New Scheme For Technologies Producing Hydrogen From Biomass,https://www.hydrocarbononline.com/doc/government-launches-new-scheme-producing-hydrogen-from-biomass-0001,hydrocarbononline.com,20220119T173000Z,English,United States
BECCS,Bioenergy with carbon capture and storage,UK Government Allocates £5m for Hydrogen - from - Biomass Projects – Advanced BioFuels united states,https://advancedbiofuelsusa.info/uk-government-allocates-5m-for-hydrogen-from-biomass-projects/,advancedbiofuelsusa.info,20220119T013000Z,English,United States
BECCS,Bioenergy with carbon capture and storage,The row over the united kingdom largest renewable power plant,https://www.msn.com/en-us/news/world/the-row-over-the-uk-s-largest-renewable-power-plant/ar-AASKPS8,msn.com,20220114T010000Z,English,United States
BECCS,Bioenergy with carbon capture and storage,The row over the united kingdom largest renewable power plant,https://www.msn.com/en-us/money/markets/the-row-over-the-uk-s-largest-renewable-power-plant/ar-AASKPS8,msn.com,20220114T004500Z,English,United States
BECCS,Bioenergy with carbon capture and storage,The row over the united kingdom largest renewable power plant,https://www.msn.com/en-us/money/markets/the-row-over-the-uks-largest-renewable-power-plant/ar-AASKPS8,msn.com,20220114T003000Z,English,United States
BECCS,Bioenergy with carbon capture and storage,Government Launches New Scheme For Technologies Producing Hydrogen From Biomass,https://www.chemicalonline.com/doc/government-launches-new-scheme-producing-hydrogen-from-biomass-0001,chemicalonline.com,20220113T160000Z,English,United States
BECCS,Bioenergy with carbon capture and storage,"Biomass - united kingdom Government launches new scheme for technologies producing hydrogen from biomass - Renewable Energy Magazine , at the heart of clean energy journalism",https://www.renewableenergymagazine.com/biomass/uk-government-launches-new-scheme-for-technologies-20220112,renewableenergymagazine.com,20220112T220000Z,English,United States
BECCS,Bioenergy with carbon capture and storage,UK Government to invest £5m in waste - to - energy hydrogen scheme,https://www.gasworld.com/uk-government-to-invest-5m-in-waste-to-energy-hydrogen-scheme/2022494.article,gasworld.com,20220112T163000Z,English,United States
BECCS,Bioenergy with carbon capture and storage,"Hydrogen - united kingdom Government launches new scheme for technologies producing hydrogen from biomass - Renewable Energy Magazine , at the heart of clean energy journalism",https://www.renewableenergymagazine.com/hydrogen/uk-government-launches-new-scheme-for-technologies-20220112,renewableenergymagazine.com,20220112T150000Z,English,United States
BECCS,Bioenergy with carbon capture and storage,Assessing the energy transition in China towards carbon neutrality with a probabilistic framework,https://www.nature.com/articles/s41467-021-27671-0,nature.com,20220112T054500Z,English,United States
BECCS,Bioenergy with carbon capture and storage,UN Climate Panel : Emissions Must Fall Rapidly by 2030 to Prevent Catastrophic Climate Change,https://www.ecowatch.com/climate-change-ipcc-report-2610866229.html,ecowatch.com,20220109T174500Z,English,United States
BECCS,Bioenergy with carbon capture and storage,"Frontiers | Carbon Emission Trading Scheme , Carbon Emissions Reduction and Spatial Spillover Effects : Quasi - Experimental Evidence From China",https://www.frontiersin.org/articles/10.3389/fenvs.2021.824298/full,frontiersin.org,20220104T053000Z,English,United States
BECCS,Bioenergy with carbon capture and storage,Carbon Capture from Bio - Oil Steam Reforming,https://www.azocleantech.com/article.aspx?ArticleID=1554,azocleantech.com,20220527T140000Z,English,United States
BECCS,Bioenergy with carbon capture and storage,Moody improves F ESG rating score,https://apnews.com/press-release/pr-newswire/brazil-environment-c6e4a03bd60c8bae67a9fdaf907e45ff,apnews.com,20220523T150000Z,English,United States
BECCS,Bioenergy with carbon capture and storage,Moody improves F ESG rating score,https://www.prnewswire.com:443/news-releases/moodys-improves-fs-esg-rating-score-301552343.html,prnewswire.com,20220523T143000Z,English,United States
BECCS,Bioenergy with carbon capture and storage,"Drax discusses plans for new pellet projects , BECCS development",http://biomassmagazine.com/articles/18948/drax-discusses-plans-for-new-pellet-projects-beccs-development,biomassmagazine.com,20220521T060000Z,English,United States
BECCS,Bioenergy with carbon capture and storage,"Global Energy Transition ( O & G ) Market Opportunities / Analysis Report 2022 Featuring Shell , BP , TotalEnergies , Saudi Aramco , ExxonMobil , Chevron , Sinopec , Petronas , Ecopetrol , Lukoil",https://finance.yahoo.com/news/global-energy-transition-o-g-193000032.html,finance.yahoo.com,20220519T200000Z,English,United States
BECCS,Bioenergy with carbon capture and storage,"Global Energy Transition ( O & G ) Market Opportunities / Analysis Report 2022 Featuring Shell , BP , TotalEnergies , Saudi Aramco , ExxonMobil , Chevron , Sinopec , Petronas , Ecopetrol , Lukoil",https://www.prnewswire.com/news-releases/global-energy-transition-og-market-opportunitiesanalysis-report-2022-featuring-shell-bp-totalenergies-saudi-aramco-exxonmobil-chevron-sinopec-petronas-ecopetrol-lukoil-301551562.html,prnewswire.com,20220519T194500Z,English,United States
BECCS,Bioenergy with carbon capture and storage,America Growing Bioenergy Market Needs Clearer Monitoring And More Innovation,https://seekingalpha.com/article/4513213-americas-growing-bioenergy-market-needs-clearer-monitoring-and-more-innovation,seekingalpha.com,20220519T194500Z,English,United States
BECCS,Bioenergy with carbon capture and storage,"Global Energy Transition ( O & G ) Market Opportunities / Analysis Report 2022 Featuring Shell , BP , TotalEnergies , Saudi Aramco , ExxonMobil , Chevron , Sinopec , Petronas , Ecopetrol , Lukoil",https://www.prnewswire.com:443/news-releases/global-energy-transition-og-market-opportunitiesanalysis-report-2022-featuring-shell-bp-totalenergies-saudi-aramco-exxonmobil-chevron-sinopec-petronas-ecopetrol-lukoil-301551562.html,prnewswire.com,20220519T194500Z,English,United States
BECCS,Bioenergy with carbon capture and storage,How NZ could become a world leader in decarbonization using forestry and geothermal technology,https://techxplore.com/news/2022-05-nz-world-leader-decarbonization-forestry.html,techxplore.com,20220517T154500Z,English,United States
BECCS,Bioenergy with carbon capture and storage,How New Zealand could become a world leader in decarbonisation using forestry and geothermal technology,https://www.miragenews.com/how-new-zealand-could-become-a-world-leader-in-783026/,miragenews.com,20220517T001500Z,English,United States
BECCS,Bioenergy with carbon capture and storage,Global Energy Transition Market Opportunities / Analysis Report 2022 : Focus on Renewable Energy ; Hydrogen ; CCUS ; Electricity Utilities ; Energy Storage ; and Bioenergy - ResearchAndMarkets . com,https://www.businesswire.com/news/home/20220516005727/en/Global-Energy-Transition-Market-OpportunitiesAnalysis-Report-2022-Focus-on-Renewable-Energy-Hydrogen-CCUS-Electricity-Utilities-Energy-Storage-and-Bioenergy---ResearchAndMarkets.com,businesswire.com,20220516T174500Z,English,United States
BECCS,Bioenergy with carbon capture and storage,Stock Market | FinancialContent Business Page,https://markets.financialcontent.com/stocks/article/bizwire-2022-5-16-global-energy-transition-market-opportunitiesanalysis-report-2022-focus-on-renewable-energy-hydrogen-ccus-electricity-utilities-energy-storage-and-bioenergy-researchandmarketscom,markets.financialcontent.com,20220516T151500Z,English,United States
BECCS,Bioenergy with carbon capture and storage,Biomass Gasification and the Future of Hydrogen Fuel,https://www.azocleantech.com/article.aspx?ArticleID=1537,azocleantech.com,20220516T124500Z,English,United States
BECCS,Bioenergy with carbon capture and storage,Drax to pilot more pioneering new carbon capture technology,https://biomassmagazine.com/articles/18965/drax-to-pilot-more-pioneering-new-carbon-capture-technology,biomassmagazine.com,20220511T041500Z,English,United States
BECCS,Bioenergy with carbon capture and storage,Drax to pilot more pioneering new carbon capture technology,http://www.biomassmagazine.com/articles/18965/drax-to-pilot-more-pioneering-new-carbon-capture-technology,biomassmagazine.com,20220511T040000Z,English,United States
BECCS,Bioenergy with carbon capture and storage,Drax to pilot more pioneering new carbon capture technology,http://biomassmagazine.com/articles/18965/drax-to-pilot-more-pioneering-new-carbon-capture-technology,biomassmagazine.com,20220511T040000Z,English,United States
BECCS,Bioenergy with carbon capture and storage,The Dawn of Greater Energy Independence – Why Europe also needs to count on sustainable bioenergy : Biofuels Digest,https://www.biofuelsdigest.com/bdigest/2022/05/10/the-dawn-of-greater-energy-independence-why-europe-also-needs-to-count-on-sustainable-bioenergy/,biofuelsdigest.com,20220511T033000Z,English,United States
BECCS,Bioenergy with carbon capture and storage,Drax to pilot more pioneering new carbon capture technology,https://biomassmagazine.com/articles/18965/drax-to-pilot-more-pioneering-new-carbon-capture-technology/,biomassmagazine.com,20220511T033000Z,English,United States
BECCS,Bioenergy with carbon capture and storage,Coastal News Today | World - The birth of the carbon removal market,https://www.coastalnewstoday.com/post/world-the-birth-of-the-carbon-removal-market,coastalnewstoday.com,20220511T020000Z,English,United States
BECCS,Bioenergy with carbon capture and storage,Drax to pilot more pioneering new carbon capture technology,https://www.miragenews.com/drax-to-pilot-more-pioneering-new-carbon-778971/,miragenews.com,20220510T114500Z,English,United States
BECCS,Bioenergy with carbon capture and storage,Human and planetary health implications of negative emissions technologies,https://www.nature.com/articles/s41467-022-30136-7,nature.com,20220509T100000Z,English,United States
BECCS,Bioenergy with carbon capture and storage,University of Sheffield home to first of its kind low - carbon energy research rig,https://www.miragenews.com/university-of-sheffield-home-to-first-of-its-777216/,miragenews.com,20220506T103000Z,English,United States
BECCS,Bioenergy with carbon capture and storage,"Space Mirrors , Ocean Fertilization , Cloud Thinning : Weighing Geoengineering Risks",https://www.claimsjournal.com/news/national/2022/05/06/310302.htm,claimsjournal.com,20220506T091500Z,English,United States
BECCS,Bioenergy with carbon capture and storage,Vacuuming carbon from the air could help stop climate change . Not everyone agrees,https://www.tpr.org/environment/2022-05-05/vacuuming-carbon-from-the-air-could-help-stop-climate-change-not-everyone-agrees,tpr.org,20220505T150000Z,English,United States
BECCS,Bioenergy with carbon capture and storage,Environmental and health impacts of atmospheric CO2 removal by enhanced rock weathering depend on nation energy mix,https://www.nature.com/articles/s43247-022-00436-3,nature.com,20220505T134500Z,English,United States
BECCS,Bioenergy with carbon capture and storage,"Methods for Slowing Climate Change Bring Dangerous Risk Tradeoffs , Study Shows",https://www.azocleantech.com/news.aspx?newsID=31650,azocleantech.com,20220505T133000Z,English,United States
BECCS,Bioenergy with carbon capture and storage,"Enviva Reports First - Quarter 2022 Results , Updates Guidance , and Announces Inaugural Agreements with German Customers",https://www.businesswire.com/news/home/20220504006062/en/Enviva-Reports-First-Quarter-2022-Results-Updates-Guidance-and-Announces-Inaugural-Agreements-with-German-Customers/,businesswire.com,20220504T223000Z,English,United States
BECCS,Bioenergy with carbon capture and storage,What You Need To Know About Carbon Dioxide Removal,https://www.nakedcapitalism.com/2022/05/what-you-need-to-know-about-carbon-dioxide-removal.html,nakedcapitalism.com,20220504T150000Z,English,United States
BECCS,Bioenergy with carbon capture and storage,"Drax discusses plans for new pellet projects , BECCS development",http://www.biomassmagazine.com/articles/18947/drax-discusses-plans-for-new-pellet-projects-beccs-development,biomassmagazine.com,20220504T104500Z,English,United States
BECCS,Bioenergy with carbon capture and storage,"Drax discusses plans for new pellet projects , BECCS development",http://www.biomassmagazine.com/articles/18948/drax-discusses-plans-for-new-pellet-projects-beccs-development,biomassmagazine.com,20220504T001500Z,English,United States
BECCS,Bioenergy with carbon capture and storage,Vacuuming carbon from the air could help stop climate change . Not everyone agrees,https://woub.org/2022/05/02/vacuuming-carbon-from-the-air-could-help-stop-climate-change-not-everyone-agrees/,woub.org,20220503T091500Z,English,United States
BECCS,Bioenergy with carbon capture and storage,Vacuuming carbon from the air could help stop climate change . Not everyone agrees,https://www.knkx.org/environment/2022-05-02/vacuuming-carbon-from-the-air-could-help-stop-climate-change-not-everyone-agrees,knkx.org,20220502T230000Z,English,United States
BECCS,Bioenergy with carbon capture and storage,"With climate catastrophe looming , experts say world also needs carbon removal solutions",https://phys.org/news/2022-05-climate-catastrophe-looming-experts-world.html,phys.org,20220502T211500Z,English,United States
BECCS,Bioenergy with carbon capture and storage,Vacuuming carbon from the air could help stop climate change . Not everyone agrees,https://www.wcsufm.org/latest-from-npr/latest-from-npr/2022-05-02/vacuuming-carbon-from-the-air-could-help-stop-climate-change-not-everyone-agrees,wcsufm.org,20220502T210000Z,English,United States
BECCS,Bioenergy with carbon capture and storage,Vacuuming carbon from the air could help stop climate change . Not everyone agrees,https://www.kvpr.org/npr-news/npr-news/2022-05-02/vacuuming-carbon-from-the-air-could-help-stop-climate-change-not-everyone-agrees,kvpr.org,20220502T210000Z,English,United States
BECCS,Bioenergy with carbon capture and storage,Vacuuming carbon from the air could help stop climate change . Not everyone agrees,https://www.wfdd.org/story/vacuuming-carbon-air-could-help-stop-climate-change-not-everyone-agrees,wfdd.org,20220502T203000Z,English,United States
BECCS,Bioenergy with carbon capture and storage,Vacuuming carbon from the air could help stop climate change . Not everyone agrees,https://www.kunc.org/npr-news/npr-news/2022-05-02/vacuuming-carbon-from-the-air-could-help-stop-climate-change-not-everyone-agrees,kunc.org,20220502T203000Z,English,United States
BECCS,Bioenergy with carbon capture and storage,Vacuuming carbon from the air could help stop climate change . Not everyone agrees,https://www.krvs.org/npr-news/npr-news/2022-05-02/vacuuming-carbon-from-the-air-could-help-stop-climate-change-not-everyone-agrees,krvs.org,20220502T200000Z,English,United States
BECCS,Bioenergy with carbon capture and storage,Vacuuming carbon from the air could help stop climate change . Not everyone agrees,https://www.kasu.org/2022-05-02/vacuuming-carbon-from-the-air-could-help-stop-climate-change-not-everyone-agrees,kasu.org,20220502T194500Z,English,United States
BECCS,Bioenergy with carbon capture and storage,Vacuuming carbon from the air could help stop climate change . Not everyone agrees,https://www.wclk.com/2022-05-02/vacuuming-carbon-from-the-air-could-help-stop-climate-change-not-everyone-agrees,wclk.com,20220502T194500Z,English,United States
BECCS,Bioenergy with carbon capture and storage,Vacuuming carbon from the air could help stop climate change . Not everyone agrees,https://www.kios.org/2022-05-02/vacuuming-carbon-from-the-air-could-help-stop-climate-change-not-everyone-agrees,kios.org,20220502T193000Z,English,United States
BECCS,Bioenergy with carbon capture and storage,Vacuuming carbon from the air could help stop climate change . Not everyone agrees,https://www.upr.org/npr-news/npr-news/2022-05-02/vacuuming-carbon-from-the-air-could-help-stop-climate-change-not-everyone-agrees,upr.org,20220502T184500Z,English,United States
BECCS,Bioenergy with carbon capture and storage,Vacuuming carbon from the air could help stop climate change . Not everyone agrees,https://www.wbfo.org/2022-05-02/vacuuming-carbon-from-the-air-could-help-stop-climate-change-not-everyone-agrees,wbfo.org,20220502T183000Z,English,United States
BECCS,Bioenergy with carbon capture and storage,Vacuuming carbon from the air could help stop climate change . Not everyone agrees,https://www.wprl.org/npr-news/npr-news/2022-05-02/vacuuming-carbon-from-the-air-could-help-stop-climate-change-not-everyone-agrees,wprl.org,20220502T183000Z,English,United States
BECCS,Bioenergy with carbon capture and storage,Vacuuming carbon from the air could help stop climate change . Not everyone agrees,https://www.kedm.org/npr-news/npr-news/2022-05-02/vacuuming-carbon-from-the-air-could-help-stop-climate-change-not-everyone-agrees,kedm.org,20220502T181500Z,English,United States
BECCS,Bioenergy with carbon capture and storage,Vacuuming carbon from the air could help stop climate change . Not everyone agrees,https://www.klcc.org/npr-news/npr-news/2022-05-02/vacuuming-carbon-from-the-air-could-help-stop-climate-change-not-everyone-agrees,klcc.org,20220502T181500Z,English,United States
BECCS,Bioenergy with carbon capture and storage,Vacuuming carbon from the air could help stop climate change . Not everyone agrees,https://www.michiganradio.org/2022-05-02/vacuuming-carbon-from-the-air-could-help-stop-climate-change-not-everyone-agrees,michiganradio.org,20220502T180000Z,English,United States
BECCS,Bioenergy with carbon capture and storage,Vacuuming carbon from the air could help stop climate change . Not everyone agrees,https://www.kzyx.org/npr-news/npr-news/2022-05-02/vacuuming-carbon-from-the-air-could-help-stop-climate-change-not-everyone-agrees,kzyx.org,20220502T174500Z,English,United States
BECCS,Bioenergy with carbon capture and storage,Vacuuming carbon from the air could help stop climate change . Not everyone agrees,https://www.kacu.org/2022-05-02/vacuuming-carbon-from-the-air-could-help-stop-climate-change-not-everyone-agrees,kacu.org,20220502T174500Z,English,United States
BECCS,Bioenergy with carbon capture and storage,Vacuuming carbon from the air could help stop climate change . Not everyone agrees,https://www.kanw.com/npr-news/npr-news/2022-05-02/vacuuming-carbon-from-the-air-could-help-stop-climate-change-not-everyone-agrees,kanw.com,20220502T174500Z,English,United States
BECCS,Bioenergy with carbon capture and storage,Vacuuming carbon from the air could help stop climate change . Not everyone agrees,https://www.wvik.org/2022-05-02/vacuuming-carbon-from-the-air-could-help-stop-climate-change-not-everyone-agrees,wvik.org,20220502T174500Z,English,United States
BECCS,Bioenergy with carbon capture and storage,Vacuuming carbon from the air could help stop climate change . Not everyone agrees,https://www.wknofm.org/2022-05-02/vacuuming-carbon-from-the-air-could-help-stop-climate-change-not-everyone-agrees,wknofm.org,20220502T171500Z,English,United States
BECCS,Bioenergy with carbon capture and storage,Vacuuming carbon from the air could help stop climate change . Not everyone agrees,https://www.wncw.org/2022-05-02/vacuuming-carbon-from-the-air-could-help-stop-climate-change-not-everyone-agrees,wncw.org,20220502T171500Z,English,United States
BECCS,Bioenergy with carbon capture and storage,Vacuuming carbon from the air could help stop climate change . Not everyone agrees,https://www.wshu.org/npr-news/npr-news/2022-05-02/vacuuming-carbon-from-the-air-could-help-stop-climate-change-not-everyone-agrees,wshu.org,20220502T170000Z,English,United States
BECCS,Bioenergy with carbon capture and storage,Vacuuming carbon from the air could help stop climate change . Not everyone agrees,https://www.wfae.org/energy-environment/2022-05-02/vacuuming-carbon-from-the-air-could-help-stop-climate-change-not-everyone-agrees,wfae.org,20220502T170000Z,English,United States
BECCS,Bioenergy with carbon capture and storage,Vacuuming carbon from the air could help stop climate change . Not everyone agrees,https://www.wkms.org/npr-news/npr-news/2022-05-02/vacuuming-carbon-from-the-air-could-help-stop-climate-change-not-everyone-agrees,wkms.org,20220502T164500Z,English,United States
BECCS,Bioenergy with carbon capture and storage,Vacuuming carbon from the air could stop climate change . Not everyone likes the idea,https://www.wvxu.org/news-from-npr/2022-05-02/vacuuming-carbon-from-the-air-could-stop-climate-change-not-everyone-likes-the-idea,wvxu.org,20220502T161500Z,English,United States
BECCS,Bioenergy with carbon capture and storage,Vacuuming carbon from the air could stop climate change . Not everyone likes the idea,https://www.wamc.org/2022-05-02/vacuuming-carbon-from-the-air-could-stop-climate-change-not-everyone-likes-the-idea,wamc.org,20220502T161500Z,English,United States
BECCS,Bioenergy with carbon capture and storage,Vacuuming carbon from the air could stop climate change . Not everyone likes the idea,https://www.kvpr.org/npr-news/2022-05-02/vacuuming-carbon-from-the-air-could-stop-climate-change-not-everyone-likes-the-idea,kvpr.org,20220502T161500Z,English,United States
BECCS,Bioenergy with carbon capture and storage,Vacuuming carbon from the air could stop climate change . Not everyone likes the idea,https://www.wgbh.org/news/international-news/2022/05/02/vacuuming-carbon-from-the-air-could-stop-climate-change-not-everyone-likes-the-idea,wgbh.org,20220502T153000Z,English,United States
BECCS,Bioenergy with carbon capture and storage,Vacuuming carbon from the air could stop climate change . Not everyone likes the idea,https://health.wusf.usf.edu/2022-05-02/vacuuming-carbon-from-the-air-could-stop-climate-change-not-everyone-likes-the-idea,health.wusf.usf.edu,20220502T150000Z,English,United States
BECCS,Bioenergy with carbon capture and storage,Vacuuming carbon from the air could stop climate change . Not everyone likes the idea,https://www.kios.org/2022-05-02/vacuuming-carbon-from-the-air-could-stop-climate-change-not-everyone-likes-the-idea,kios.org,20220502T144500Z,English,United States
BECCS,Bioenergy with carbon capture and storage,Vacuuming carbon from the air could stop climate change . Not everyone likes the idea,https://news.wgcu.org/2022-05-02/vacuuming-carbon-from-the-air-could-stop-climate-change-not-everyone-likes-the-idea,news.wgcu.org,20220502T144500Z,English,United States
BECCS,Bioenergy with carbon capture and storage,Vacuuming carbon from the air could stop climate change . Not everyone likes the idea,https://www.wprl.org/npr-news/2022-05-02/vacuuming-carbon-from-the-air-could-stop-climate-change-not-everyone-likes-the-idea,wprl.org,20220502T140000Z,English,United States
BECCS,Bioenergy with carbon capture and storage,Vacuuming carbon from the air could stop climate change . Not everyone likes the idea,https://www.wrvo.org/2022-05-02/vacuuming-carbon-from-the-air-could-stop-climate-change-not-everyone-likes-the-idea,wrvo.org,20220502T140000Z,English,United States
BECCS,Bioenergy with carbon capture and storage,Vacuuming carbon from the air could stop climate change . Not everyone likes the idea,https://www.upr.org/npr-news/2022-05-02/vacuuming-carbon-from-the-air-could-stop-climate-change-not-everyone-likes-the-idea,upr.org,20220502T140000Z,English,United States
BECCS,Bioenergy with carbon capture and storage,Vacuuming carbon from the air could stop climate change . Not everyone likes the idea,https://www.wbfo.org/2022-05-02/vacuuming-carbon-from-the-air-could-stop-climate-change-not-everyone-likes-the-idea,wbfo.org,20220502T134500Z,English,United States
BECCS,Bioenergy with carbon capture and storage,Vacuuming carbon from the air could stop climate change . Not everyone likes the idea,https://news.wfsu.org/all-npr-news/2022-05-02/vacuuming-carbon-from-the-air-could-stop-climate-change-not-everyone-likes-the-idea,news.wfsu.org,20220502T133000Z,English,United States
BECCS,Bioenergy with carbon capture and storage,Vacuuming carbon from the air could stop climate change . Not everyone likes the idea,https://www.kzyx.org/npr-news/2022-05-02/vacuuming-carbon-from-the-air-could-stop-climate-change-not-everyone-likes-the-idea,kzyx.org,20220502T131500Z,English,United States
BECCS,Bioenergy with carbon capture and storage,Vacuuming carbon from the air could stop climate change . Not everyone likes the idea,https://www.klcc.org/npr-news/2022-05-02/vacuuming-carbon-from-the-air-could-stop-climate-change-not-everyone-likes-the-idea,klcc.org,20220502T131500Z,English,United States
BECCS,Bioenergy with carbon capture and storage,Vacuuming carbon from the air could stop climate change . Not everyone likes the idea,https://www.kacu.org/2022-05-02/vacuuming-carbon-from-the-air-could-stop-climate-change-not-everyone-likes-the-idea,kacu.org,20220502T130000Z,English,United States
BECCS,Bioenergy with carbon capture and storage,Vacuuming carbon from the air could stop climate change . Not everyone likes the idea,https://www.wvik.org/2022-05-02/vacuuming-carbon-from-the-air-could-stop-climate-change-not-everyone-likes-the-idea,wvik.org,20220502T124500Z,English,United States
BECCS,Bioenergy with carbon capture and storage,Vacuuming carbon from the air could stop climate change . Not everyone likes the idea,https://www.wlrn.org/news/2022-05-02/vacuuming-carbon-from-the-air-could-stop-climate-change-not-everyone-likes-the-idea,wlrn.org,20220502T124500Z,English,United States
BECCS,Bioenergy with carbon capture and storage,Vacuuming carbon from the air could stop climate change . Not everyone likes the idea,https://www.kanw.com/npr-news/2022-05-02/vacuuming-carbon-from-the-air-could-stop-climate-change-not-everyone-likes-the-idea,kanw.com,20220502T124500Z,English,United States
BECCS,Bioenergy with carbon capture and storage,Vacuuming carbon from the air could stop climate change . Not everyone likes the idea,https://www.northernpublicradio.org/2022-05-02/vacuuming-carbon-from-the-air-could-stop-climate-change-not-everyone-likes-the-idea,northernpublicradio.org,20220502T123000Z,English,United States
BECCS,Bioenergy with carbon capture and storage,Vacuuming carbon from the air could stop climate change . Not everyone likes the idea,https://www.wfae.org/2022-05-02/vacuuming-carbon-from-the-air-could-stop-climate-change-not-everyone-likes-the-idea,wfae.org,20220502T123000Z,English,United States
BECCS,Bioenergy with carbon capture and storage,Vacuuming carbon from the air could stop climate change . Not everyone likes the idea,https://www.wknofm.org/2022-05-02/vacuuming-carbon-from-the-air-could-stop-climate-change-not-everyone-likes-the-idea,wknofm.org,20220502T123000Z,English,United States
BECCS,Bioenergy with carbon capture and storage,Vacuuming carbon from the air could stop climate change . Not everyone likes the idea,https://www.wcsufm.org/latest-from-npr/2022-05-02/vacuuming-carbon-from-the-air-could-stop-climate-change-not-everyone-likes-the-idea,wcsufm.org,20220502T114500Z,English,United States
BECCS,Bioenergy with carbon capture and storage,Vacuuming carbon from the air could stop climate change . Not everyone likes the idea,https://www.kcbx.org/npr-top-news/2022-05-02/vacuuming-carbon-from-the-air-could-stop-climate-change-not-everyone-likes-the-idea,kcbx.org,20220502T114500Z,English,United States
BECCS,Bioenergy with carbon capture and storage,Vacuuming carbon from the air could stop climate change . Not everyone likes the idea,https://www.wkms.org/npr-news/2022-05-02/vacuuming-carbon-from-the-air-could-stop-climate-change-not-everyone-likes-the-idea,wkms.org,20220502T114500Z,English,United States
BECCS,Bioenergy with carbon capture and storage,Vacuuming carbon from the air could stop climate change . Not everyone likes the idea,https://www.wdiy.org/npr-news/2022-05-02/vacuuming-carbon-from-the-air-could-stop-climate-change-not-everyone-likes-the-idea,wdiy.org,20220502T111500Z,English,United States
BECCS,Bioenergy with carbon capture and storage,Vacuuming carbon from the air could stop climate change . Not everyone likes the idea,https://www.kazu.org/npr-news/2022-05-02/vacuuming-carbon-from-the-air-could-stop-climate-change-not-everyone-likes-the-idea,kazu.org,20220502T111500Z,English,United States
BECCS,Bioenergy with carbon capture and storage,Vacuuming carbon from the air could stop climate change . Not everyone likes the idea,https://www.gpb.org/news/2022/05/02/vacuuming-carbon-the-air-could-stop-climate-change-not-everyone-likes-the-idea,gpb.org,20220502T110000Z,English,United States
BECCS,Bioenergy with carbon capture and storage,Vacuuming carbon from the air could stop climate change . Not everyone likes the idea,https://www.hppr.org/2022-05-02/vacuuming-carbon-from-the-air-could-stop-climate-change-not-everyone-likes-the-idea,hppr.org,20220502T110000Z,English,United States
BECCS,Bioenergy with carbon capture and storage,Vacuuming carbon from the air could stop climate change . Not everyone likes the idea,https://www.kbia.org/2022-05-02/vacuuming-carbon-from-the-air-could-stop-climate-change-not-everyone-likes-the-idea,kbia.org,20220502T104500Z,English,United States
BECCS,Bioenergy with carbon capture and storage,Vacuuming carbon from the air could stop climate change . Not everyone likes the idea,https://www.wesa.fm/2022-05-02/vacuuming-carbon-from-the-air-could-stop-climate-change-not-everyone-likes-the-idea,wesa.fm,20220502T104500Z,English,United States
BECCS,Bioenergy with carbon capture and storage,Vacuuming carbon from the air could stop climate change . Not everyone likes the idea,https://www.apr.org/2022-05-02/vacuuming-carbon-from-the-air-could-stop-climate-change-not-everyone-likes-the-idea,apr.org,20220502T104500Z,English,United States
BECCS,Bioenergy with carbon capture and storage,Vacuuming carbon from the air could stop climate change . Not everyone likes the idea,https://wbhm.org/npr_story_post/2022/vacuuming-carbon-from-the-air-could-stop-climate-change-not-everyone-likes-the-idea/,wbhm.org,20220502T104500Z,English,United States
BECCS,Bioenergy with carbon capture and storage,Vacuuming carbon from the air could stop climate change . Not everyone likes the idea,https://www.wmot.org/2022-05-02/vacuuming-carbon-from-the-air-could-stop-climate-change-not-everyone-likes-the-idea,wmot.org,20220502T104500Z,English,United States
BECCS,Bioenergy with carbon capture and storage,Vacuuming carbon from the air could stop climate change . Not everyone likes the idea,https://www.kunc.org/npr-news/2022-05-02/vacuuming-carbon-from-the-air-could-stop-climate-change-not-everyone-likes-the-idea,kunc.org,20220502T104500Z,English,United States
BECCS,Bioenergy with carbon capture and storage,Vacuuming carbon from the air could stop climate change . Not everyone likes the idea,https://news.prairiepublic.org/news-from-npr/2022-05-02/vacuuming-carbon-from-the-air-could-stop-climate-change-not-everyone-likes-the-idea,news.prairiepublic.org,20220502T103000Z,English,United States
BECCS,Bioenergy with carbon capture and storage,Vacuuming carbon from the air could stop climate change . Not everyone likes the idea,https://www.krvs.org/npr-news/2022-05-02/vacuuming-carbon-from-the-air-could-stop-climate-change-not-everyone-likes-the-idea,krvs.org,20220502T103000Z,English,United States
BECCS,Bioenergy with carbon capture and storage,Vacuuming carbon from the air could stop climate change . Not everyone likes the idea,https://news.wsiu.org/2022-05-02/vacuuming-carbon-from-the-air-could-stop-climate-change-not-everyone-likes-the-idea,news.wsiu.org,20220502T103000Z,English,United States
BECCS,Bioenergy with carbon capture and storage,Vacuuming carbon from the air could stop climate change . Not everyone likes the idea,https://www.kasu.org/2022-05-02/vacuuming-carbon-from-the-air-could-stop-climate-change-not-everyone-likes-the-idea,kasu.org,20220502T103000Z,English,United States
BECCS,Bioenergy with carbon capture and storage,Vacuuming carbon from the air could stop climate change . Not everyone likes the idea,https://www.nprillinois.org/2022-05-02/vacuuming-carbon-from-the-air-could-stop-climate-change-not-everyone-likes-the-idea,nprillinois.org,20220502T101500Z,English,United States
BECCS,Bioenergy with carbon capture and storage,Vacuuming carbon from the air could stop climate change . Not everyone likes the idea,https://www.kedm.org/npr-news/2022-05-02/vacuuming-carbon-from-the-air-could-stop-climate-change-not-everyone-likes-the-idea,kedm.org,20220502T101500Z,English,United States
BECCS,Bioenergy with carbon capture and storage,Vacuuming carbon from the air could stop climate change . Not everyone likes the idea,https://www.wclk.com/2022-05-02/vacuuming-carbon-from-the-air-could-stop-climate-change-not-everyone-likes-the-idea,wclk.com,20220502T101500Z,English,United States
BECCS,Bioenergy with carbon capture and storage,Vacuuming carbon from the air could stop climate change . Not everyone likes the idea,https://www.wutc.org/2022-05-02/vacuuming-carbon-from-the-air-could-stop-climate-change-not-everyone-likes-the-idea,wutc.org,20220502T101500Z,English,United States
BECCS,Bioenergy with carbon capture and storage,Vacuuming carbon from the air could stop climate change . Not everyone likes the idea,https://www.kgou.org/science-technology-and-environment/2022-05-02/vacuuming-carbon-from-the-air-could-stop-climate-change-not-everyone-likes-the-idea,kgou.org,20220502T100000Z,English,United States
BECCS,Bioenergy with carbon capture and storage,Vacuuming carbon from the air could stop climate change . Not everyone likes the idea,https://www.kenw.org/npr-news/2022-05-02/vacuuming-carbon-from-the-air-could-stop-climate-change-not-everyone-likes-the-idea,kenw.org,20220502T100000Z,English,United States
BECCS,Bioenergy with carbon capture and storage,Vacuuming carbon from the air could stop climate change . Not everyone likes the idea,https://knpr.org/npr/2022-05/vacuuming-carbon-air-could-stop-climate-change-not-everyone-likes-idea,knpr.org,20220502T100000Z,English,United States
BECCS,Bioenergy with carbon capture and storage,Vacuuming carbon from the air could stop climate change . Not everyone likes the idea,https://www.capradio.org/news/npr/story?storyid=1095097566,capradio.org,20220502T094500Z,English,United States
BECCS,Bioenergy with carbon capture and storage,Stopping climate change could mean sucking carbon from the air : NPR,https://www.npr.org/2022/05/02/1095097566/carbon-dioxide-removal-climate-emissions,npr.org,20220502T094500Z,English,United States
BECCS,Bioenergy with carbon capture and storage,Carbon capture landscape 2022 still too early to confidently fulfil promises,https://ieefa.org/resources/carbon-capture-landscape-2022-still-too-early-confidently-fulfil-promises,ieefa.org,20220729T231500Z,English,United States
BECCS,Bioenergy with carbon capture and storage,"Stop Saying  Climate Emergency !? ( Until , Collectively , We Mean It ?)",https://goodmenproject.com/featured-content/stop-saying-climate-emergency-until-collectively-we-mean-it/,goodmenproject.com,20220727T103000Z,English,United States
BECCS,Bioenergy with carbon capture and storage,Drax Submits Plans to Build World Largest CCS Project – Advanced BioFuels united states,https://advancedbiofuelsusa.info/drax-submits-plans-to-build-worlds-largest-ccs-project/,advancedbiofuelsusa.info,20220719T204500Z,English,United States
BECCS,Bioenergy with carbon capture and storage,IEEFA : Carbon capture landscape 2022 still too early to confidently fulfil promises,https://ieefa.org/resources/ieefa-carbon-capture-landscape-2022-still-too-early-confidently-fulfil-promises,ieefa.org,20220718T194500Z,English,United States
BECCS,Bioenergy with carbon capture and storage,KEW Technology Secures Funding For Cutting Edge Carbon Capture And Hydrogen Production Technology In united kingdom,https://fuelcellsworks.com/news/kew-technology-secures-funding-for-cutting-edge-carbon-capture-and-hydrogen-production-technology-in-uk/,fuelcellsworks.com,20220714T161500Z,English,United States
BECCS,Bioenergy with carbon capture and storage,"Strategic Study on Bioenergy With Carbon Capture And Storage Market 2022 , Covers Detail Analysis ( Impact of Covid - 19 ), Share , Size , Future Opportunity to 2028",https://www.digitaljournal.com/pr/strategic-study-on-bioenergy-with-carbon-capture-and-storage-market-2022-covers-detail-analysis-impact-of-covid-19-share-size-future-opportunity-to-2028,digitaljournal.com,20220714T121500Z,English,United States
BECCS,Bioenergy with carbon capture and storage,Drax aims to be big in Japan as Tokyo office opens to launch Asia subsidiary,https://www.msn.com/en-gb/money/other/drax-aims-to-be-big-in-japan-as-tokyo-office-opens-to-launch-asia-subsidiary/ar-AAZyZCW,msn.com,20220714T111500Z,English,United States
BECCS,Bioenergy with carbon capture and storage,MOL Drybulk And Drax Launched A Green Shipping Initiative,https://www.marineinsight.com/shipping-news/mol-drybulk-and-drax-launched-a-green-shipping-initiative/,marineinsight.com,20220712T140000Z,English,United States
BECCS,Bioenergy with carbon capture and storage,MOL Drybulk and Drax Launch Green Shipping Initiative,https://www.vesselfinder.com/news/23938-MOL-Drybulk-and-Drax-Launch-Green-Shipping-Initiative,vesselfinder.com,20220712T121500Z,English,United States
BECCS,Bioenergy with carbon capture and storage,"Outlook on the Carbon Capture , Utilization and Storage",https://www.globenewswire.com/en/news-release/2022/06/14/2461955/28124/en/Outlook-on-the-Carbon-Capture-Utilization-and-Storage-Technologies-Global-Market-Market-Values-and-Forecasts-to-2040.html,globenewswire.com,20220704T034500Z,English,United States
BECCS,Bioenergy with carbon capture and storage,How Does Carbon Capture Work ?,https://www.sierraclub.org/sierra/2022-2-summer/stress-test/how-does-carbon-capture-work,sierraclub.org,20220703T130000Z,English,United States
BECCS,Bioenergy with carbon capture and storage,Davos Was a Case Study in How Not to Talk About Climate Change,https://www.nakedcapitalism.com/2022/07/davos-was-a-case-study-in-how-not-to-talk-about-climate-change.html,nakedcapitalism.com,20220703T113000Z,English,United States
BECCS,Bioenergy with carbon capture and storage,Cranfield Awarded Funding to Research Clean Hydrogen Generation from Biomass – Advanced BioFuels united states,https://advancedbiofuelsusa.info/cranfield-awarded-funding-to-research-clean-hydrogen-generation-from-biomass-2/,advancedbiofuelsusa.info,20220830T211500Z,English,United States
BECCS,Bioenergy with carbon capture and storage,Cranfield University - led team scores funding to study hydrogen production from biomass : Biofuels Digest,https://www.biofuelsdigest.com/bdigest/2022/08/29/cranfield-university-led-team-scores-funding-to-study-hydrogen-production-from-biomass/,biofuelsdigest.com,20220830T003000Z,English,United States
BECCS,Bioenergy with carbon capture and storage,UK government opens BECCS funding opportunity : Biofuels Digest,https://www.biofuelsdigest.com/bdigest/2022/08/24/uk-government-opens-beccs-funding-opportunity/,biofuelsdigest.com,20220825T003000Z,English,United States
BECCS,Bioenergy with carbon capture and storage,Cranfield Awarded Funding to Research Clean Hydrogen Generation from Biomass – Advanced BioFuels united states,https://advancedbiofuelsusa.info/cranfield-awarded-funding-to-research-clean-hydrogen-generation-from-biomass/,advancedbiofuelsusa.info,20220818T230000Z,English,United States
BECCS,Bioenergy with carbon capture and storage,Cranfield University gets funding to produce hydrogen from biomass : Biofuels Digest,https://www.biofuelsdigest.com/bdigest/2022/08/17/cranfield-university-gets-funding-to-produce-hydrogen-from-biomass/,biofuelsdigest.com,20220818T011500Z,English,United States
BECCS,Bioenergy with carbon capture and storage,UK Government seeks to further improve diversity of energy supply by boosting biomass,https://www.miragenews.com/uk-government-seeks-to-further-improve-835352/,miragenews.com,20220811T101500Z,English,United States
BECCS,Bioenergy with carbon capture and storage,Widespread Trials of Biomass Crop Cultivation to Launch in united kingdom – Advanced BioFuels united states,https://advancedbiofuelsusa.info/widespread-trials-of-biomass-crop-cultivation-to-launch-in-uk/,advancedbiofuelsusa.info,20220809T220000Z,English,United States
BECCS,Bioenergy with carbon capture and storage,UK - Based Waste - to - Hydrogen Specialist Compact Syngas Solutions ( CSS ) Awarded €295k Funding To Perfect Carbon Capture Technology,https://fuelcellsworks.com/news/uk-based-waste-to-hydrogen-specialist-compact-syngas-solutions-css-awarded-e295k-funding-to-perfect-carbon-capture-technology/,fuelcellsworks.com,20220808T171500Z,English,United States
BECCS,Bioenergy with carbon capture and storage,Renewable Energy Innovation Boosted by £37 Million Government Funding across the united kingdom – Advanced BioFuels united states,https://advancedbiofuelsusa.info/renewable-energy-innovation-boosted-by-37-million-government-funding-across-the-uk/,advancedbiofuelsusa.info,20220808T163000Z,English,United States
BECCS,Bioenergy with carbon capture and storage,Investment risks of carbon capture and storage currently outweigh its potential,https://ieefa.org/articles/investment-risks-carbon-capture-and-storage-currently-outweigh-its-potential,ieefa.org,20220808T160000Z,English,United States
BECCS,Bioenergy with carbon capture and storage,Renewable energy innovation boosted by £37 million government funding across united kingdom,https://www.miragenews.com/renewable-energy-innovation-boosted-by-37-831156/,miragenews.com,20220804T000000Z,English,United States
BECCS,Bioenergy with carbon capture and storage,Waste biofuels to be  key driver  in energy transition | News,https://www.gasworld.com/waste-biofuels-to-be-key-driver-in-energy-transition/2023624.article,gasworld.com,20220923T224500Z,English,United States
BECCS,Bioenergy with carbon capture and storage,Univerity of Hull Biohydrogen Research Focuses on Unlocking Potential of Biorefinery Waste Streams – Advanced BioFuels united states,https://advancedbiofuelsusa.info/univerity-of-hull-biohydrogen-research-focuses-on-unlocking-potential-of-biorefinery-waste-streams/,advancedbiofuelsusa.info,20220914T200000Z,English,United States
BECCS,Bioenergy with carbon capture and storage,University of Hull scores funding to research hydrogen production from biorefinery waste : Biofuels Digest,https://www.biofuelsdigest.com/bdigest/2022/09/13/university-of-hull-scores-funding-to-research-hydrogen-production-from-biorefinery-waste/,biofuelsdigest.com,20220914T014500Z,English,United States
BECCS,Bioenergy with carbon capture and storage,Global Bioenergy With Carbon Capture And Storage Market to Grow Significantly Through 2027,https://www.prnewswire.com/news-releases/global-bioenergy-with-carbon-capture-and-storage-market-to-grow-significantly-through-2027-301621094.html,prnewswire.com,20220909T220000Z,English,United States
BECCS,Bioenergy with carbon capture and storage,Global Bioenergy With Carbon Capture And Storage Market to Grow Significantly Through 2027,https://www.prnewswire.com:443/news-releases/global-bioenergy-with-carbon-capture-and-storage-market-to-grow-significantly-through-2027-301621094.html,prnewswire.com,20220909T151500Z,English,United States
BECCS,Bioenergy with carbon capture and storage,Noam Chomsky and Robert Pollin : Humanity Fate Isnt Sealed If We Act Now,https://truthout.org/articles/noam-chomsky-and-robert-pollin-humanitys-fate-isnt-sealed-if-we-act-now/,truthout.org,20220908T184500Z,English,United States
BECCS,Bioenergy with carbon capture and storage,Carbon Removal Could Increase Climate Change and Food Security Risks,https://www.azocleantech.com/news.aspx?newsID=32212,azocleantech.com,20220908T154500Z,English,United States
BECCS,Bioenergy with carbon capture and storage,Availability of Renewable Energy Sources At Risk,https://www.azocleantech.com/news.aspx?newsID=32216,azocleantech.com,20220908T154500Z,English,United States
BECCS,Bioenergy with carbon capture and storage,Renewable Sources Availability Are Being at Risk Due to Climate Change,https://www.natureworldnews.com/articles/52976/20220908/renewable-sources-availability-being-risk-due-climate-change.htm,natureworldnews.com,20220908T133000Z,English,United States
BECCS,Bioenergy with carbon capture and storage,Over - reliance on biomass - based carbon removal technologies could increase climate and food security risks,https://www.newswise.com/articles/over-reliance-on-biomass-based-carbon-removal-technologies-could-increase-climate-and-food-security-risks,newswise.com,20220907T200000Z,English,United States
BECCS,Bioenergy with carbon capture and storage,Delayed use of bioenergy crops might threaten climate and food security,https://www.nature.com/articles/s41586-022-05055-8,nature.com,20220907T191500Z,English,United States
BECCS,Bioenergy with carbon capture and storage,"Climate change puts availability of vital renewable energy source at risk , research reveals",https://phys.org/news/2022-09-climate-availability-vital-renewable-energy.html,phys.org,20220907T153000Z,English,United States
BECCS,Bioenergy with carbon capture and storage,"Global Bioenergy With Carbon Capture And Storage Market Report 2022 : Higher Demand for Power Generation , Environmental Degradation & Loss of Non - Renewable Resources Driving Growth - ResearchAndMarkets . com",https://thefacts.com/ap/business/article_e4ea834c-1990-5cda-81e9-8309b20fdf43.html,thefacts.com,20220906T141500Z,English,United States
BECCS,Bioenergy with carbon capture and storage,"Global Bioenergy With Carbon Capture And Storage Market Report 2022 : Higher Demand for Power Generation , Environmental Degradation & Loss of Non - Renewable Resources Driving Growth - ResearchAndMarkets . com",https://www.bakersfield.com/ap/news/global-bioenergy-with-carbon-capture-and-storage-market-report-2022-higher-demand-for-power-generation/article_9a72ab06-3504-560d-be95-00c21aaca96d.html,bakersfield.com,20220906T120000Z,English,United States
BECCS,Bioenergy with carbon capture and storage,Global Bioenergy With Carbon Capture And Storage Market,https://www.globenewswire.com/news-release/2022/09/06/2510083/0/en/Global-Bioenergy-With-Carbon-Capture-And-Storage-Market-Report-2022-Government-Support-for-R-D-Presents-Opportunities.html,globenewswire.com,20220906T101500Z,English,United States
BECCS,Bioenergy with carbon capture and storage,Global Bioenergy With Carbon Capture And Storage Market Report 2022 : Government Support for R & D Presents Opportunities,https://finance.yahoo.com/news/global-bioenergy-carbon-capture-storage-091800976.html,finance.yahoo.com,20220906T100000Z,English,United States
BECCS,Bioenergy with carbon capture and storage,"CCUS uptake needs to grow 120 times by 2050 , reports McKinsey",https://www.gasworld.com/story/ccus-uptake-needs-to-grow-120-times-by-2050-reports-mckinsey/2118322.article/,gasworld.com,20221031T160000Z,English,United States
BECCS,Bioenergy with carbon capture and storage,The Future of Renewable Energy [ Energy Watch Series ],https://www.thomasnet.com/insights/the-future-of-renewable-energy-energy-watch-series/,thomasnet.com,20221025T061500Z,English,United States
BECCS,Bioenergy with carbon capture and storage,Lukas Kopacki : Vermont could be a leader in a carbon - capture system,https://vtdigger.org/2022/10/24/lukas-kopacki-vermont-could-be-a-leader-in-a-carbon-capture-system/,vtdigger.org,20221024T120000Z,English,United States
BECCS,Bioenergy with carbon capture and storage,I need to watch things die from a distance .,https://www.resilience.org/stories/2022-10-19/i-need-to-watch-things-die-from-a-distance/,resilience.org,20221020T134500Z,English,United States
BECCS,Bioenergy with carbon capture and storage,Onshore algae farms could feed much of the world while reducing the environmental impact,https://www.zmescience.com/science/onshore-algae-farms-could-feed-the-world-while-reducing-environmental-impacts-10102022/,zmescience.com,20221010T180000Z,English,United States
BECCS,Bioenergy with carbon capture and storage,New IDTechEx Report Explores the Carbon Dioxide Removal ( CDR ) Market Potential,https://www.prnewswire.com/news-releases/new-idtechex-report-explores-the-carbon-dioxide-removal-cdr-market-potential-301644623.html,prnewswire.com,20221010T150000Z,English,United States
BECCS,Bioenergy with carbon capture and storage,New IDTechEx Report Explores the Carbon Dioxide Removal ( CDR ) Market Potential,https://www.prnewswire.com:443/news-releases/new-idtechex-report-explores-the-carbon-dioxide-removal-cdr-market-potential-301644623.html,prnewswire.com,20221010T114500Z,English,United States
BECCS,Bioenergy with carbon capture and storage,Global Carbon Capture and Storage market is projected to grow at a CAGR of 7 . 7 % By 2032 : Visiongain Reports Ltd,https://finance.yahoo.com/news/global-carbon-capture-storage-market-100000361.html,finance.yahoo.com,20221010T103000Z,English,United States
BECCS,Bioenergy with carbon capture and storage,"Broad Portfolio Approach Needed to Reach Affordable , Reliable Clean Energy : EPRI | American Public Power Association",https://www.publicpower.org/periodical/article/broad-portfolio-approach-needed-reach-affordable-reliable-clean-energy-epri,publicpower.org,20221008T200000Z,English,United States
BECCS,Bioenergy with carbon capture and storage,Living Cities : Carbon sucks in Stockholm Dutch cycling boost Urban climate migrants,https://www.politico.eu/newsletter/global-policy-lab/living-cities-carbon-sucks-in-stockholm-dutch-cycling-boost-urban-climate-migrants/,politico.eu,20221120T030000Z,English,United States
BECCS,Bioenergy with carbon capture and storage,How Scientists From  Global South  Are Sidelined at IPCC,https://theintercept.com/2022/11/17/climate-un-ipcc-inequality/,theintercept.com,20221117T233000Z,English,United States
BECCS,Bioenergy with carbon capture and storage,Stockholm bets on carbon capture to hit net zero,https://www.politico.eu/article/stockholm-bet-carbon-capture-hit-net-zero-target-climate-crisis/,politico.eu,20221117T134500Z,English,United States
BECCS,Bioenergy with carbon capture and storage,How we can unlock tech to decarbonize our skies,https://www.greenbiz.com/article/how-we-can-unlock-tech-decarbonize-our-skies,greenbiz.com,20221116T113000Z,English,United States
BECCS,Bioenergy with carbon capture and storage,"Biomass Electricity Market Growth , Global Survey , Analysis , Share , Company Profiles and Forecast by 2028",https://www.einnews.com/pr_news/601170063/biomass-electricity-market-growth-global-survey-analysis-share-company-profiles-and-forecast-by-2028,einnews.com,20221115T050000Z,English,United States
BECCS,Bioenergy with carbon capture and storage,"Biomass Electricity Market Growth , Global Survey , Analysis , Share , Company Profiles and Forecast by 2028",https://energy.einnews.com/pr_news/601170063/biomass-electricity-market-growth-global-survey-analysis-share-company-profiles-and-forecast-by-2028,energy.einnews.com,20221114T213000Z,English,United States
BECCS,Bioenergy with carbon capture and storage,Global Industrial Decarbonization Agenda Set,https://www.rigzone.com/news/global_industrial_decarbonization_agenda_set-14-nov-2022-171040-article/,rigzone.com,20221114T200000Z,English,United States
BECCS,Bioenergy with carbon capture and storage,Global Industrial Decarbonization Agenda Set,https://www.rigzone.com:443/news/global_industrial_decarbonization_agenda_set-14-nov-2022-171040-article/,rigzone.com,20221114T163000Z,English,United States
BECCS,Bioenergy with carbon capture and storage,10 Biggest Energy Companies in the united kingdom,https://www.yahoo.com/now/10-biggest-energy-companies-uk-181039300.html,yahoo.com,20221111T191500Z,English,United States
BECCS,Bioenergy with carbon capture and storage,10 Biggest Energy Companies in the united kingdom,https://news.yahoo.com/10-biggest-energy-companies-uk-181039300.html,news.yahoo.com,20221111T190000Z,English,United States
BECCS,Bioenergy with carbon capture and storage,Natural CO2 reduction implemented faster and with less risk than high - tech approaches,https://www.chemeurope.com/en/news/1178412/natural-co2-reduction-implemented-faster-and-with-less-risk-than-high-tech-approaches.html,chemeurope.com,20221110T023000Z,English,United States
BECCS,Bioenergy with carbon capture and storage,Scaling the CCUS Industry to Achieve Net - Zero Emissions – Advanced BioFuels united states,https://advancedbiofuelsusa.info/scaling-the-ccus-industry-to-achieve-net-zero-emissions/,advancedbiofuelsusa.info,20221107T051500Z,English,United States
BECCS,Bioenergy with carbon capture and storage,Global Biomass Electricity Market Growth Trajectory,https://www.einnews.com/pr_news/599507129/global-biomass-electricity-market-growth-trajectory,einnews.com,20221104T221500Z,English,United States
BECCS,Bioenergy with carbon capture and storage,Global Biomass Electricity Market Growth Trajectory,https://energy.einnews.com/pr_news/599507129/global-biomass-electricity-market-growth-trajectory,energy.einnews.com,20221104T171500Z,English,United States
BECCS,Bioenergy with carbon capture and storage,Enviva Partners ( EVA ) Reports Q3 Net Loss of $18 . 3M,https://www.streetinsider.com/Corporate+News/Enviva+Partners+(EVA)+Reports+Q3+Net+Loss+of+$18.3M/20789041.html,streetinsider.com,20221103T093000Z,English,United States
BECCS,Bioenergy with carbon capture and storage,Enviva Reports 3Q 2022 Results,https://www.businesswire.com/news/home/20221102006127/en/Enviva-Reports-3Q-2022-Results,businesswire.com,20221103T033000Z,English,United States
BECCS,Bioenergy with carbon capture and storage,Enviva Reports 3Q 2022 Results,https://www.streetinsider.com/Business+Wire/Enviva+Reports+3Q+2022+Results/20788422.html,streetinsider.com,20221102T234500Z,English,United States
BECCS,Bioenergy with carbon capture and storage,Stock Market | FinancialContent Business Page,https://markets.financialcontent.com/stocks/article/bizwire-2022-11-2-enviva-reports-3q-2022-results,markets.financialcontent.com,20221102T233000Z,English,United States
BECCS,Bioenergy with carbon capture and storage,Carbon capture  subsidy could let power station keep polluting atmosphere,https://www.resilience.org/stories/2022-11-02/carbon-capture-subsidy-could-let-power-station-keep-polluting-atmosphere/,resilience.org,20221102T153000Z,English,United States
BECCS,Bioenergy with carbon capture and storage,Drax waiting to be shortlisted for united kingdom  Track 1  BECCS power program : Biofuels Digest,https://www.biofuelsdigest.com/bdigest/2022/12/27/drax-waiting-to-be-shortlisted-for-uks-track-1-beccs-power-program/,biofuelsdigest.com,20221228T010000Z,English,United States
BECCS,Bioenergy with carbon capture and storage,Drax £2billion plan to  capture  carbon emissions and pump them under the North Sea,https://uk.news.yahoo.com/draxs-2billion-plan-capture-carbon-050000214.html,uk.news.yahoo.com,20221227T090000Z,English,United States
BECCS,Bioenergy with carbon capture and storage,Bioenergy With Carbon Capture And Storage Market,https://www.globenewswire.com/news-release/2022/12/22/2578613/0/en/Bioenergy-With-Carbon-Capture-And-Storage-Market-Global-Industry-Size-Share-Trends-Opportunity-and-Forecast-2017-2027.html,globenewswire.com,20221226T184500Z,English,United States
BECCS,Bioenergy with carbon capture and storage,New Study Confirms : Bioenergy from Forest Residues Has Significant Positive Impact on Climate Change Mitigation – Advanced BioFuels united states,https://advancedbiofuelsusa.info/new-study-confirms-bioenergy-from-forest-residues-has-significant-positive-impact-on-climate-change-mitigation/,advancedbiofuelsusa.info,20221223T171500Z,English,United States
BECCS,Bioenergy with carbon capture and storage,UK Offers Funding for Hydrogen from BECCS Projects – Advanced BioFuels united states,https://advancedbiofuelsusa.info/uk-offers-funding-for-hydrogen-from-beccs-projects/,advancedbiofuelsusa.info,20221222T030000Z,English,United States
BECCS,Bioenergy with carbon capture and storage,The Hydrogen Stream : Green H2 to mitigate atmospheric methane,https://www.pv-magazine.com/2022/12/14/the-hydrogen-stream-green-h2-can-mitigate-atmospheric-methane-if-losses-are-below-12-say-princeton-researchers/,pv-magazine.com,20221214T150000Z,English,United States
BECCS,Bioenergy with carbon capture and storage,UK government grants £25m to advance clean hydrogen technologies,https://www.gasworld.com/story/uk-government-grants-25m-to-advance-clean-hydrogen-technologies/2119561.article/,gasworld.com,20221214T013000Z,English,United States
BECCS,Bioenergy with carbon capture and storage,UK Government Unveils £102 Million Plan For Nuclear And Hydrogen Innovation,https://fuelcellsworks.com/news/uk-government-unveils-102-million-plan-for-nuclear-and-hydrogen-innovation/,fuelcellsworks.com,20221213T194500Z,English,United States
BECCS,Bioenergy with carbon capture and storage,"UK govt to Invest £102m in Nuclear , Hydrogen Tech",https://www.miragenews.com/uk-govt-to-invest-102m-in-nuclear-hydrogen-tech-914698/,miragenews.com,20221213T154500Z,English,United States
BECCS,Bioenergy with carbon capture and storage,"Forget net - zero : Aim for net - negative to halt global warming , argues researcher",https://phys.org/news/2022-12-net-zero-aim-net-negative-halt-global.html,phys.org,20221212T184500Z,English,United States
BECCS,Bioenergy with carbon capture and storage,New CSIRO report assesses Australia carbon sequestration potential,https://www.miragenews.com/new-csiro-report-assesses-australias-carbon-913309/,miragenews.com,20221211T193000Z,English,United States
BECCS,Bioenergy with carbon capture and storage,BP 2023 Energy Outlook Looks At Key Trends For Energy Transition,https://www.rigzone.com:443/news/bps_2023_energy_outlook_looks_at_key_trends_for_energy_transition-31-jan-2023-171925-article/,rigzone.com,20230131T193000Z,English,United States
BECCS,Bioenergy with carbon capture and storage,BP 2023 Energy Outlook Looks At Key Trends For Energy Transition,https://www.rigzone.com/news/bps_2023_energy_outlook_looks_at_key_trends_for_energy_transition-31-jan-2023-171925-article/,rigzone.com,20230131T191500Z,English,United States
BECCS,Bioenergy with carbon capture and storage,BP sees Inflation Reduction Act shaping energy transition,https://www.gasworld.com/story/bp-sees-inflation-reduction-act-shaping-energy-transition/2120558.article/,gasworld.com,20230130T174500Z,English,United States
BECCS,Bioenergy with carbon capture and storage,- bp Energy Outlook 2023 explores key ...,https://www.euro-petrole.com/bp-energy-outlook-2023-explores-key-trends-and-uncertainties-surrounding-the-energy-transition-n-i-25099,euro-petrole.com,20230130T110000Z,English,United States
BECCS,Bioenergy with carbon capture and storage,Carbon Removal Is Where Green Investment Should Go - The Washington Post,https://www.washingtonpost.com/business/energy/carbon-removal-is-where-green-investment-should-go/2023/01/27/15fc3b54-9e03-11ed-93e0-38551e88239c_story.html,washingtonpost.com,20230127T084500Z,English,United States
BECCS,Bioenergy with carbon capture and storage,Report : Britain generates record volume of renewable electricity,https://biomassmagazine.com/articles/19617/report-britain-generates-record-volume-of-renewable-electricity,biomassmagazine.com,20230126T041500Z,English,United States
BECCS,Bioenergy with carbon capture and storage,New report reveals  large gap  in carbon dioxide removal needed,https://www.chemeurope.com/en/news/1179260/new-report-reveals-large-gap-in-carbon-dioxide-removal-needed.html,chemeurope.com,20230124T101500Z,English,United States
BECCS,Bioenergy with carbon capture and storage,how does CO2 removal work ? - Business and Tech News - Report by AFR | Online Free Press release news distribution,https://news.topwirenews.com/2023/01/19/how-does-co2-removal-work-business-and-tech-news-report-by-afr/,news.topwirenews.com,20230119T193000Z,English,United States
BECCS,Bioenergy with carbon capture and storage,"CO2 removal is essential , along with emissions cuts , to limit global warming , says report",https://phys.org/news/2023-01-co2-essential-emissions-limit-global.html,phys.org,20230119T180000Z,English,United States
BECCS,Bioenergy with carbon capture and storage,Carbon capture : how does CO2 removal work ?,https://phys.org/news/2023-01-carbon-capture-co2.html,phys.org,20230119T164500Z,English,United States
BECCS,Bioenergy with carbon capture and storage,Scientists calculate how much CO2 is being removed from the atmosphere for the first time,http://www.euronews.com/green/2023/01/19/scientists-calculate-how-much-co2-is-being-removed-from-the-atmosphere-for-the-first-time,euronews.com,20230119T153000Z,English,United States
BECCS,Bioenergy with carbon capture and storage,Carbon capture : how does CO2 removal work ?,https://news.yahoo.com/carbon-capture-does-co2-removal-141022915.html,news.yahoo.com,20230119T150000Z,English,United States
BECCS,Bioenergy with carbon capture and storage,Global Carbon Capture and Storage market is projected to grow at a CAGR of 7 . 7 % By 2032 : Visiongain Reports Ltd,https://www.einnews.com/pr_news/611941759/global-carbon-capture-and-storage-market-is-projected-to-grow-at-a-cagr-of-7-7-by-2032-visiongain-reports-ltd,einnews.com,20230118T131500Z,English,United States
BECCS,Bioenergy with carbon capture and storage,Carbon Capture & Storage Market Predicted to Garner $ 6 . 3 Billion by 2023 - 2030 – Reports and Insights,https://www.digitaljournal.com/pr/carbon-capture-storage-market-predicted-to-garner-6-3-billion-by-2023-2030-reports-and-insights,digitaljournal.com,20230117T131500Z,English,United States
BECCS,Bioenergy with carbon capture and storage,"Global Carbon Capture , Utilization and Storage ( CCUS ) Technology Markets , 2022 - 2023 & 2040 : New Pathways to Use CO2 in the Production of Fuels , Chemicals and Building Materials Driving Global Interest",https://www.prnewswire.com/news-releases/global-carbon-capture-utilization-and-storage-ccus-technology-markets-2022-2023--2040-new-pathways-to-use-co2-in-the-production-of-fuels-chemicals-and-building-materials-driving-global-interest-301721007.html,prnewswire.com,20230113T130000Z,English,United States
BECCS,Bioenergy with carbon capture and storage,"Global Carbon Capture , Utilization and Storage ( CCUS ) Technology Markets , 2022 - 2023 & 2040 : New Pathways to Use CO2 in the Production of Fuels , Chemicals and Building Materials Driving Global Interest",https://www.prnewswire.com:443/news-releases/global-carbon-capture-utilization-and-storage-ccus-technology-markets-2022-2023--2040-new-pathways-to-use-co2-in-the-production-of-fuels-chemicals-and-building-materials-driving-global-interest-301721007.html,prnewswire.com,20230113T123000Z,English,United States
BECCS,Bioenergy with carbon capture and storage,Mapping out key sources of emissions for climate change mitigation,https://phys.org/news/2023-01-key-sources-emissions-climate-mitigation.html,phys.org,20230111T231500Z,English,United States
BECCS,Bioenergy with carbon capture and storage,Solving the other half of the climate equation : Removing carbon,https://www.utilitydive.com/news/carbon-dioxide-removal-Mckinsey-greenhouse-gas-reduction/639429/,utilitydive.com,20230109T164500Z,English,United States
BECCS,Bioenergy with carbon capture and storage,"Global Carbon Capture , Utilization and Storage ( CCUS )",https://www.globenewswire.com/news-release/2023/01/06/2584438/0/en/Global-Carbon-Capture-Utilization-and-Storage-CCUS-Technology-Markets-Report-2023.html,globenewswire.com,20230106T134500Z,English,United States
BECCS,Bioenergy with carbon capture and storage,Drax ends half a century of coal - fired power generation,https://biomassmagazine.com/articles/19963/drax-ends-half-a-century-of-coal-fired-power-generation,biomassmagazine.com,20230427T020000Z,English,United States
BECCS,Bioenergy with carbon capture and storage,Hot Miss | National Affairs,https://www.nationalaffairs.com/blog/detail/findings-a-daily-roundup/hot-miss,nationalaffairs.com,20230426T173000Z,English,United States
BECCS,Bioenergy with carbon capture and storage,Tracking the Energy Transition : EPA Details $2 . 7B Greenhouse Gas Reduction Fund,https://jpt.spe.org/tracking-the-energy-transition-epa-details-2-7b-greenhouse-gas-reduction-fund,jpt.spe.org,20230424T214500Z,English,United States
BECCS,Bioenergy with carbon capture and storage,"Biden EPA Pushing New Power Plant Standards , Risking Already Strained Electric Grid",https://legalinsurrection.com/2023/04/biden-epa-pushing-new-power-plant-standards-risking-already-strained-electric-grid/,legalinsurrection.com,20230424T214500Z,English,United States
BECCS,Bioenergy with carbon capture and storage,Shell admits 1 . 5C climate goal means immediate end to fossil fuel growth,https://www.resilience.org/stories/2023-04-24/shell-admits-1-5c-climate-goal-means-immediate-end-to-fossil-fuel-growth/,resilience.org,20230424T180000Z,English,United States
BECCS,Bioenergy with carbon capture and storage,Drax pauses BECCS investment while waiting for government clarity,https://biomassmagazine.com/articles/19855/drax-pauses-beccs-investment-while-waiting-for-government-clarity,biomassmagazine.com,20230417T061500Z,English,United States
BECCS,Bioenergy with carbon capture and storage,Aston University biomass expert calls for more exploration of power bioenergy with carbon capture and storage,https://www.spacedaily.com/reports/Aston_University_biomass_expert_calls_for_more_exploration_of_power_bioenergy_with_carbon_capture_and_storage_999.html,spacedaily.com,20230409T080000Z,English,United States
BECCS,Bioenergy with carbon capture and storage,Drax Applauds Canada Budget Commitment to Biomass and Clean Energy Investments,https://www.streetinsider.com/Globe+Newswire/Drax+Applauds+Canada%E2%80%99s+Budget+Commitment+to+Biomass+and+Clean+Energy+Investments/21479180.html,streetinsider.com,20230406T190000Z,English,United States
BECCS,Bioenergy with carbon capture and storage,Drax selects Houston as headquarters for BECCS business,https://biomassmagazine.com/articles/20065/drax-selects-houston-as-headquarters-for-beccs-business,biomassmagazine.com,20230525T223000Z,English,United States
BECCS,Bioenergy with carbon capture and storage,"Panorama - Drax Selects Houston , Texas as Headquarters for Bioenergy Carbon Capture Business - Renewable Energy Magazine , at the heart of clean energy journalism",https://www.renewableenergymagazine.com/panorama/drax-selects-houston-texas-as-headquarters-for-20230525,renewableenergymagazine.com,20230525T173000Z,English,United States
BECCS,Bioenergy with carbon capture and storage,"Drax to open BECCS headquarters in Houston , Texas",https://www.gasworld.com/story/drax-to-open-beccs-headquarters-in-houston-texas/2123584.article/,gasworld.com,20230525T123000Z,English,United States
BECCS,Bioenergy with carbon capture and storage,"Drax Selects Houston , Texas as Headquarters for Bioenergy Carbon Capture Business",https://markets.businessinsider.com/news/stocks/drax-selects-houston-texas-as-headquarters-for-bioenergy-carbon-capture-business-1032349643,markets.businessinsider.com,20230524T201500Z,English,United States
BECCS,Bioenergy with carbon capture and storage,"Drax Selects Houston , Texas as Headquarters for Bioenergy Carbon Capture Business",https://www.tmcnet.com/usubmit/2023/05/24/9820725.htm,tmcnet.com,20230524T201500Z,English,United States
BECCS,Bioenergy with carbon capture and storage,Deal Announced by C - Zero and Drax for Carbon Removal,https://markets.businessinsider.com/news/stocks/deal-announced-by-c-zero-and-drax-for-carbon-removal-1032346860,markets.businessinsider.com,20230524T063000Z,English,United States
BECCS,Bioenergy with carbon capture and storage,Drax announces plans for 3 US BECSS projects | Biomassmagazine . com,https://biomassmagazine.com/articles/20057/drax-announces-plans-for-3-us-becss-projects,biomassmagazine.com,20230524T004500Z,English,United States
BECCS,Bioenergy with carbon capture and storage,"What is carbon capture ? Some say it will help save the world , for others it a dangerous distraction",https://kvia.com/news/us-world/cnn-world/2023/05/11/what-is-carbon-capture-some-say-it-will-help-save-the-world-for-others-its-a-dangerous-distraction/,kvia.com,20230511T214500Z,English,United States
BECCS,Bioenergy with carbon capture and storage,"What is carbon capture ? Some say it will help save the world , for others it a dangerous distraction",https://www.cnn.com/2023/05/11/world/carbon-capture-removal-pollution-climate-intl/,cnn.com,20230511T141500Z,English,United States
BECCS,Bioenergy with carbon capture and storage,"What is carbon capture ? Some say it will help save the world , for others it a dangerous distraction",https://us.cnn.com/2023/05/11/world/carbon-capture-removal-pollution-climate-intl/,us.cnn.com,20230511T131500Z,English,United States
BECCS,Bioenergy with carbon capture and storage,Stock Market,http://markets.buffalonews.com/buffnews/article/bizwire-2023-5-4-enviva-reports-first-quarter-2023-results-updates-2023-guidance-changes-capital-allocation-priorities-and-announces-new-contract,markets.buffalonews.com,20230504T013000Z,English,United States
BECCS,Bioenergy with carbon capture and storage,Critical climate solution  or  worse than co,https://www.eurekalert.org:443/news-releases/993826,eurekalert.org,20230628T211500Z,English,United States
BECCS,Bioenergy with carbon capture and storage,Hydrogen Fuel Innovator Compact Syngas Solutions Bags £4m Government Funding For Enhanced Carbon Capture Technology,https://fuelcellsworks.com/news/hydrogen-fuel-innovator-compact-syngas-solutions-bags-4m-government-funding-for-enhanced-carbon-capture-technology/,fuelcellsworks.com,20230628T184500Z,English,United States
BECCS,Bioenergy with carbon capture and storage,"BECCS : A divisive energy technology hailed as a  climate solution  by some , and  worse than coal  by others",https://www.earth.com/news/beccs-a-divisive-energy-technology-hailed-as-a-climate-solution-by-some-and-worse-than-coal-by-others/,earth.com,20230628T183000Z,English,United States
BECCS,Bioenergy with carbon capture and storage,UK waste - to - hydrogen company Compact Syngas Solutions secures £4m funding from DESNZ,https://www.gasworld.com/story/uk-waste-to-hydrogen-company-compact-syngas-solutions-secures-4m-funding-from-desnz/2124247.article/,gasworld.com,20230628T054500Z,English,United States
BECCS,Bioenergy with carbon capture and storage,Aker Carbon Capture AS - Aker Carbon Capture awarded study by Söderenergi in Sweden,https://electricenergyonline.com/article/energy/category/biofuel/83/1030019/aker-carbon-capture-awarded-study-by-soderenergi-in-sweden.html,electricenergyonline.com,20230627T050000Z,English,United States
BECCS,Bioenergy with carbon capture and storage,Aker Carbon Capture awarded study by Söderenergi in Sweden,https://www.prnewswire.com/news-releases/aker-carbon-capture-awarded-study-by-soderenergi-in-sweden-301862834.html,prnewswire.com,20230626T064500Z,English,United States
BECCS,Bioenergy with carbon capture and storage,STEM Education across Canada and in Indigenous Communities Gets Boost from Drax Foundation,https://finance.yahoo.com/news/stem-education-across-canada-indigenous-165600231.html,finance.yahoo.com,20230621T173000Z,English,United States
BECCS,Bioenergy with carbon capture and storage,The State of EU and united kingdom Hydrogen Regulations | Morgan Lewis,https://www.jdsupra.com/legalnews/the-state-of-eu-and-uk-hydrogen-3902552/,jdsupra.com,20230616T193000Z,English,United States
BECCS,Bioenergy with carbon capture and storage,UK agency opens public comment period on Drax BECCS application,https://biomassmagazine.com/articles/20092/uk-agency-opens-public-comment-period-on-drax-beccs-application,biomassmagazine.com,20230606T023000Z,English,United States
BECCS,Bioenergy with carbon capture and storage,Cisco Sustainability 101 : What Is Net Zero ? 2023 - 06 - 05,https://www.pr-inside.com/cisco-s-sustainability-101-what-is-net-zero-r4923520.htm,pr-inside.com,20230605T130000Z,English,United States
BECCS,Bioenergy with carbon capture and storage,Babcock & Wilcox Awarded Contract To Study Bioenergy With Carbon Capture And Storage ( BECCS ) Conversion For Coal Power Plant In Michigan,https://www.poweronline.com/doc/babcock-amp-wilcox-awarded-contract-study-bioenergy-carbon-capture-storage-(beccs)-conversion-coal-powermichigan-0001,poweronline.com,20230731T120000Z,English,United States
BECCS,Bioenergy with carbon capture and storage,"Busy Week : News and Notes from the Power Industry ( July 27 , 2023 )",https://www.powermag.com/busy-week-news-and-notes-from-the-power-industry-july-27-2023/,powermag.com,20230727T173000Z,English,United States
BECCS,Bioenergy with carbon capture and storage,B & W Plans to Convert Michigan Coal Plant to Clean Power Generator,https://www.rigzone.com/news/bw_plans_to_convert_michigan_coal_plant_to_clean_power_generator-27-jul-2023-173459-article/,rigzone.com,20230727T121500Z,English,United States
BECCS,Bioenergy with carbon capture and storage,Skeptical Science New Research for Week # 30 2023,https://skepticalscience.com/new_research_2023_30.html,skepticalscience.com,20230727T090000Z,English,United States
BECCS,Bioenergy with carbon capture and storage,Babcock & Wilcox Awarded Contract to Study Bioenergy with Carbon Capture and Storage ( BECCS ) Conversion for Coal Power Plant in Michigan - Babcock & Wilcox ( NYSE : BW ),https://www.benzinga.com/pressreleases/23/07/b33387517/babcock-wilcox-awarded-contract-to-study-bioenergy-with-carbon-capture-and-storage-beccs-conversio,benzinga.com,20230726T113000Z,English,United States
BECCS,Bioenergy with carbon capture and storage,Drax issues formal response to  BECCS Done Well  report,https://biomassmagazine.com/articles/20227/drax-issues-formal-response-to-undefinedbeccs-done-wellundefined-report,biomassmagazine.com,20230720T020000Z,English,United States
BECCS,Bioenergy with carbon capture and storage,Aker Carbon Capture to study feasibility of BECCS project,https://biomassmagazine.com/articles/20215/aker-carbon-capture-to-study-feasibility-of-beccs-project,biomassmagazine.com,20230718T024500Z,English,United States
BECCS,Bioenergy with carbon capture and storage,How to help forests fight climate change : Report,https://phys.org/news/2023-07-forests-climate.html,phys.org,20230714T203000Z,English,United States
BECCS,Bioenergy with carbon capture and storage,BECCS : Converting Wood To Energy In The 21st Century,https://www.forbes.com/sites/davidblackmon/2023/07/08/beccs-converting-wood-to-energy-in-the-21st-century/,forbes.com,20230708T130000Z,English,United States
BECCS,Bioenergy with carbon capture and storage,Proposed climate - friendly energy source continues to gain support,https://www.witn.com/2023/07/05/proposed-climate-friendly-energy-source-continues-gain-support/,witn.com,20230706T023000Z,English,United States
BECCS,Bioenergy with carbon capture and storage,Monthly Review | On Technology and Degrowth,https://monthlyreview.org/2023/07/01/on-technology-and-degrowth/,monthlyreview.org,20230702T061500Z,English,United States
BECCS,Bioenergy with carbon capture and storage,Drax Announces the Appointment of Andrea Bertone to the Company Board of Directors,https://www.prnewswire.com/news-releases/drax-announces-the-appointment-of-andrea-bertone-to-the-companys-board-of-directors-301915158.html,prnewswire.com,20230831T174500Z,English,United States
BECCS,Bioenergy with carbon capture and storage,LATAM and Airbus fund MIT study on options for decarbonizing aviation in Latin America,https://www.traveldailynews.com/aviation/latam-and-airbus-fund-mit-study-on-options-for-decarbonizing-aviation-in-latin-america/,traveldailynews.com,20230831T081500Z,English,United States
BECCS,Bioenergy with carbon capture and storage,Drax Joins World Economic Forum First Movers Coalition,https://www.prnewswire.com/news-releases/drax-joins-world-economic-forums-first-movers-coalition-301912961.html,prnewswire.com,20230829T191500Z,English,United States
BECCS,Bioenergy with carbon capture and storage,Brilliant Planet : Growing and burying algae in the Sahara is the latest solution for the climate crisis,https://us.cnn.com/2023/08/18/africa/brilliant-planet-algae-carbon-removal-climate-morocco-scn-spc-intl/,us.cnn.com,20230818T121500Z,English,United States
BECCS,Bioenergy with carbon capture and storage,Brilliant Planet : Growing and burying algae in the Sahara is the latest solution for the climate crisis,https://edition.cnn.com/2023/08/18/africa/brilliant-planet-algae-carbon-removal-climate-morocco-scn-spc-intl/,edition.cnn.com,20230818T121500Z,English,United States
BECCS,Bioenergy with carbon capture and storage,How Carbon Capture Is Getting New Life With US Help - The Washington Post,https://www.washingtonpost.com/business/energy/2023/08/14/us-carbon-capture-efforts-challenges-and-impact-explained/d3d5848e-3aaf-11ee-aefd-40c039a855ba_story.html,washingtonpost.com,20230814T150000Z,English,United States
BECCS,Bioenergy with carbon capture and storage,UK Biomass Strategy Wont Stop Destruction of North American Forests,https://cleantechnica.com/2023/08/13/uk-biomass-strategy-wont-stop-destruction-of-north-american-forests/,cleantechnica.com,20230813T190000Z,English,United States
BECCS,Bioenergy with carbon capture and storage,"UK publishes Biomass Strategy , report on BECCS | Biomassmagazine . com",https://biomassmagazine.com/articles/20295/uk-publishes-biomass-strategy-report-on-beccs,biomassmagazine.com,20230810T233000Z,English,United States
BECCS,Bioenergy with carbon capture and storage,Carbon Offset / Carbon Credit Market to witness promising growth by 2028,https://whatech.com/og/markets-research/industrial/753703-carbon-offset-carbon-credit-market-to-witness-promising-growth-by-2028,whatech.com,20230809T001500Z,English,United States
BECCS,Bioenergy with carbon capture and storage,The Global Market for Bioenergy 2023 to 2033 : Industry Developments and Investments,https://www.prnewswire.com/news-releases/the-global-market-for-bioenergy-2023-to-2033-industry-developments-and-investments-301892498.html,prnewswire.com,20230803T151500Z,English,United States
BECCS,Bioenergy with carbon capture and storage,Enviva Reports 2Q 2023 Results and Provides Progress Update on Cost and Productivity Improvement Initiatives,https://itbusinessnet.com/2023/08/enviva-reports-2q-2023-results-and-provides-progress-update-on-cost-and-productivity-improvement-initiatives/,itbusinessnet.com,20230803T030000Z,English,United States
BECCS,Bioenergy with carbon capture and storage,The world biggest carbon capture facility is being built in Texas . Will it work ?,https://grist.org/energy/the-worlds-biggest-carbon-capture-facility-is-being-built-in-texas-will-it-work/,grist.org,20230927T093000Z,English,United States
BECCS,Bioenergy with carbon capture and storage,Drax joins the Carbon Business Council,https://www.gasworld.com/story/drax-joins-the-carbon-business-council/2127997.article/,gasworld.com,20230921T134500Z,English,United States
BECCS,Bioenergy with carbon capture and storage,AstraZeneca advances united kingdom clean heat and energy efficiencies with £100m commitment,https://www.pharmiweb.com/press-release/2023-09-14/astrazeneca-advances-uk-clean-heat-and-energy-efficiencies-with-100m-commitment,pharmiweb.com,20230914T144500Z,English,United States
BECCS,Bioenergy with carbon capture and storage,AstraZeneca advances united kingdom clean heat and energy efficiencies with £100m commitment,https://www.tmcnet.com/usubmit/2023/09/14/9880835.htm,tmcnet.com,20230914T070000Z,English,United States
BECCS,Bioenergy with carbon capture and storage,Texas breaks ground on controversial Biden - backed carbon removal project,https://thebulletin.org/2023/09/texas-breaks-ground-on-controversial-biden-backed-carbon-removal-project/,thebulletin.org,20230913T224500Z,English,United States
BECCS,Bioenergy with carbon capture and storage,Britain wind power capacity surpasses gas,https://renewablesnow.com/news/britains-wind-power-capacity-surpasses-gas-833821/,renewablesnow.com,20230913T201500Z,English,United States
BECCS,Bioenergy with carbon capture and storage,A new climate solution could involve cropland and volcanic rocks,https://www.popsci.com/environment/volcanic-rock-farm-carbon-sequestration/,popsci.com,20230908T174500Z,English,United States
BECCS,Bioenergy with carbon capture and storage,Drax applauds the government of Canada commitment to biomass technologies as highlighted in the Fall Economic Statement - Energy Industry Today,https://energy.einnews.com/pr_news/670755273/drax-applauds-the-government-of-canada-s-commitment-to-biomass-technologies-as-highlighted-in-the-fall-economic-statement,energy.einnews.com,20231125T034500Z,English,United States
BECCS,Bioenergy with carbon capture and storage,Drax applauds the government of Canada commitment to biomass technologies as highlighted in the Fall Economic Statement,https://markets.businessinsider.com/news/stocks/drax-applauds-the-government-of-canada-s-commitment-to-biomass-technologies-as-highlighted-in-the-fall-economic-statement-1032848878,markets.businessinsider.com,20231124T230000Z,English,United States
BECCS,Bioenergy with carbon capture and storage,Drax applauds the government of Canada commitment to,https://www.globenewswire.com/news-release/2023/11/24/2785703/0/en/Drax-applauds-the-government-of-Canada-s-commitment-to-biomass-technologies-as-highlighted-in-the-Fall-Economic-Statement.html,globenewswire.com,20231124T221500Z,English,United States
BECCS,Bioenergy with carbon capture and storage,"Drax Foundation Donates More Than $450 , 000 Aiding Canadian Organizations Focused on Supporting Indigenous Communities","https://www.streetinsider.com/Globe+Newswire/Drax+Foundation+Donates+More+Than+$450,000+Aiding+Canadian+Organizations+Focused+on+Supporting+Indigenous+Communities/22449164.html",streetinsider.com,20231122T223000Z,English,United States
BECCS,Bioenergy with carbon capture and storage,Evero partners with Mitsubishi Heavy Industries on carbon capture technology for BECCS project in the united kingdom : The Daily Digest,https://www.biofuelsdigest.com/bdigest/2023/11/11/evero-partners-with-mitsubishi-heavy-industries-on-carbon-capture-technology-for-beccs-project-in-the-uk/,biofuelsdigest.com,20231112T004500Z,English,United States
BECCS,Bioenergy with carbon capture and storage,Drax Partners with Patch to Enhance Carbon Credit Offering,https://www.streetinsider.com/PRNewswire/Drax+Partners+with+Patch+to+Enhance+Carbon+Credit+Offering/22380140.html,streetinsider.com,20231108T150000Z,English,United States
BECCS,Bioenergy with carbon capture and storage,Is It Time To Embrace Geoengineering ?,https://oilprice.com/Energy/Energy-General/Is-It-Time-To-Embrace-Geoengineering.html,oilprice.com,20231219T101500Z,English,United States
BECCS,Bioenergy with carbon capture and storage,Engineering Archives,https://www.powermag.com/category/engineering/,powermag.com,20240301T153000Z,English,United States
BECCS,Bioenergy with carbon capture and storage,UK Drax Eyes U . S . for Bioenergy CCS Expansion Drive,https://www.powermag.com/uks-drax-eyes-u-s-for-bioenergy-ccs-expansion-drive/,powermag.com,20240301T153000Z,English,United States
BECCS,Bioenergy with carbon capture and storage,"Global Biochar Market Analysis & Outlook 2024 - 2034 , with Profiles of 100+ Biochar Manufacturers and Developers Globally Including Production Capacities and Latest Expansions",https://www.tmcnet.com/usubmit/2024/02/28/9970057.htm,tmcnet.com,20240228T174500Z,English,United States
BECCS,Bioenergy with carbon capture and storage,Using biomass to reach net zero could be a waste of taxpayer money,https://news.yahoo.com/using-biomass-reach-net-zero-201305930.html,news.yahoo.com,20240223T204500Z,English,United States
BECCS,Bioenergy with carbon capture and storage,European Energy strikes biogenic CO2 deal to produce e - methanol in Texas,https://www.gasworld.com/story/european-energy-strikes-biogenic-co2-deal-to-produce-e-methanol-in-texas/2134146.article/,gasworld.com,20240215T163000Z,English,United States
BECCS,Bioenergy with carbon capture and storage,Aker Carbon Capture awarded study for capturing biogenic CO2 in Sweden,https://www.worldcement.com/europe-cis/12022024/aker-carbon-capture-awarded-study-for-capturing-biogenic-co2-in-sweden/,worldcement.com,20240212T103000Z,English,United States
BECCS,Bioenergy with carbon capture and storage,Replacing animal - based foods with alternative proteins would unlock land for carbon removal,https://www.sciencedaily.com/releases/2024/02/240207120533.htm,sciencedaily.com,20240208T134500Z,English,United States
BECCS,Bioenergy with carbon capture and storage,Aker Carbon Capture awarded study for capturing biogenic CO2 in Sweden,https://www.tmcnet.com/usubmit/-aker-carbon-capture-awarded-study-capturing-biogenic-co2-/2024/02/08/9959472.htm,tmcnet.com,20240208T081500Z,English,United States
BECCS,Bioenergy with carbon capture and storage,Aker Carbon Capture awarded study for capturing biogenic CO2 in Sweden,https://www.tmcnet.com/usubmit/2024/02/08/9959472.htm,tmcnet.com,20240208T073000Z,English,United States
BECCS,Bioenergy with carbon capture and storage,Study warns of overreliance on carbon dioxide removal in climate strategies,https://www.terradaily.com/reports/Study_warns_of_overreliance_on_carbon_dioxide_removal_in_climate_strategies_999.html,terradaily.com,20240204T024500Z,English,United States
BECCS,Bioenergy with carbon capture and storage,Karbon - X and Drax Group Partner in Major Step for Carbon Removal Market,https://www.streetinsider.com/Accesswire/Karbon-X+and+Drax+Group+Partner+in+Major+Step+for+Carbon+Removal+Market/22995216.html,streetinsider.com,20240328T193000Z,English,United States
BECCS,Bioenergy with carbon capture and storage,UK CCUS Plans Outdated : Think Tank,https://www.rigzone.com/news/uk_ccus_plans_outdated_think_tank-18-mar-2024-176104-article/,rigzone.com,20240318T123000Z,English,United States
BECCS,Bioenergy with carbon capture and storage,How Clean Energy Tax Breaks Could Fuel a US Wood Burning Boom,https://insideclimatenews.org/news/15032024/clean-energy-tax-breaks-wood-burning-boom/,insideclimatenews.org,20240315T094500Z,English,United States
BECCS,Bioenergy with carbon capture and storage,Red Trail Energy Is First Ethanol Plant to Enter Voluntary Carbon Markets,https://www.tmcnet.com/usubmit/2024/03/06/9973996.htm,tmcnet.com,20240306T144500Z,English,United States
BECCS,Bioenergy with carbon capture and storage,"POWER [ March 1 , 2024 ]",https://www.powermag.com/issues/power-03012024/,powermag.com,20240306T004500Z,English,United States
BECCS,Bioenergy with carbon capture and storage,US campaigners call on united kingdom public for support over alleged impact of Drax plant,https://www.aol.com/us-campaigners-call-uk-public-105342219.html,aol.com,20240302T010000Z,English,United States
BECCS,Bioenergy with carbon capture and storage,Engineering Archives,https://www.powermag.com/category/engineering/,powermag.com,20240301T153000Z,English,United States
BECCS,Bioenergy with carbon capture and storage,UK Drax Eyes U . S . for Bioenergy CCS Expansion Drive,https://www.powermag.com/uks-drax-eyes-u-s-for-bioenergy-ccs-expansion-drive/,powermag.com,20240301T153000Z,English,United States
BECCS,Bioenergy with carbon capture and storage,"Stop subsidizing Drax forest destruction , environmental injustices , and climate damage , say Dogwood Alliance and other environmental groups",https://www.tmcnet.com/usubmit/2024/04/25/10000705.htm,tmcnet.com,20240425T151500Z,English,United States
BECCS,Bioenergy with carbon capture and storage,Trellis Climate aims to bridge the  commercial valley of death  for climate tech,https://techcrunch.com/2024/04/18/trellis-climate-missing-middle/,techcrunch.com,20240418T123000Z,English,United States
BECCS,Bioenergy with carbon capture and storage,Japan Mizuho Invests $3 . 64MM in Bison CCS Project in Alberta,https://www.rigzone.com/news/japans_mizuho_invests_364mm_in_bisons_ccs_project_in_alberta-15-apr-2024-176402-article/,rigzone.com,20240415T081500Z,English,United States
BECCS,Bioenergy with carbon capture and storage,Cepi welcomes EU Parliament vote on carbon removals,https://www.pulpapernews.com/20240411/15564/cepi-welcomes-eu-parliament-vote-carbon-removals,pulpapernews.com,20240411T113000Z,English,United States
BECCS,Bioenergy with carbon capture and storage,Net Zero | North West,https://energycentral.com/c/cp/net-zero-north-west-0,energycentral.com,20240405T223000Z,English,United States
BECCS,Bioenergy with carbon capture and storage,Karbon - X and Drax Group Partner in Major Step for Carbon Removal Market ...,https://www.pr-inside.com/karbon-x-and-drax-group-partner-in-major-step-for-carbon-removal-market-r4997736.htm,pr-inside.com,20240405T140000Z,English,United States
BECCS,Bioenergy with carbon capture and storage,Burying plant waste removes CO2 from the air . But can it scale ?,https://www.yahoo.com/news/burying-plant-waste-removes-co2-073000541.html,yahoo.com,20240402T133000Z,English,United States
BECCS,Bioenergy with carbon capture and storage,Does  net zero  mean zero cows ? - Bulletin of the Atomic Scientists,https://thebulletin.org/premium/2024-05/does-net-zero-mean-zero-cows/,thebulletin.org,20240531T160000Z,English,United States
BECCS,Bioenergy with carbon capture and storage,Treasury paves way for clean energy tax breaks - Governor Wind Energy Coalition,https://governorswindenergycoalition.org/treasury-paves-way-for-clean-energy-tax-breaks/,governorswindenergycoalition.org,20240531T081500Z,English,United States
BECCS,Bioenergy with carbon capture and storage,FS completes feasibility studies for BECCS project in Brazil : The Daily Digest,https://www.biofuelsdigest.com/bdigest/2024/05/29/fs-completes-feasibility-studies-for-beccs-project-in-brazil/,biofuelsdigest.com,20240530T023000Z,English,United States
BECCS,Bioenergy with carbon capture and storage,Researchers set out path for global warming reversal,https://innovationtoronto.com/researchers-set-out-path-for-global-warming-reversal/,innovationtoronto.com,20240522T063000Z,English,United States
BECCS,Bioenergy with carbon capture and storage,How powdered rock could help slow climate change,https://www.sciencenews.org/article/powdered-rock-help-slow-climate-change,sciencenews.org,20240701T173000Z,English,United States
BECCS,Bioenergy with carbon capture and storage,"Drax Donates More Than $291 , 000 to Non - Profits Focused on STEM Education and the Environment",https://www.tmcnet.com/usubmit/2024/06/18/10030431.htm,tmcnet.com,20240618T174500Z,English,United States
BECCS,Bioenergy with carbon capture and storage,"Drax Donates More Than $291 , 000 to Non - Profits Focused on STEM Education and the Environment",https://www.prnewswire.com/news-releases/drax-donates-more-than-291-000-to-non-profits-focused-on-stem-education-and-the-environment-302175833.html,prnewswire.com,20240618T174500Z,English,United States
BECCS,Bioenergy with carbon capture and storage,"UW - Madison : Faculty , students co - author landmark report on carbon dioxide removal",https://www.wisbusiness.com/2024/uw-madison-faculty-students-co-author-landmark-report-on-carbon-dioxide-removal/,wisbusiness.com,20240612T190000Z,English,United States
BECCS,Bioenergy with carbon capture and storage,"World Carbon Removal Must Increase by 4x to Reach Climate Targets , Research Finds",https://www.ecowatch.com/carbon-removal-goals-climate-targets.html,ecowatch.com,20240607T234500Z,English,United States
BECCS,Bioenergy with carbon capture and storage,2024 CDR Report : Upscaling CO2 Removal to Achieve Paris Goals,https://www.miragenews.com/2024-cdr-report-upscaling-co2-removal-to-1249970/,miragenews.com,20240605T124500Z,English,United States
BECCS,Bioenergy with carbon capture and storage,CO2 removal needs to  more than treble,https://www.gasworld.com/story/co2-removal-needs-to-more-than-treble/2139682.article/,gasworld.com,20240605T114500Z,English,United States
BECCS,Bioenergy with carbon capture and storage,Babcock & Wilcox to begin work on BECCS project for NorthStar Clean Energy : The Daily Digest,https://www.biofuelsdigest.com/bdigest/2024/06/03/babcock-wilcox-to-begin-work-on-beccs-project-for-northstar-clean-energy/,biofuelsdigest.com,20240604T010000Z,English,United States
BECCS,Bioenergy with carbon capture and storage,"LGlobal Carbon Capture , Utilization , and Storage ( CCUS )",https://www.globenewswire.com/news-release/2024/07/25/2918599/0/en/LGlobal-Carbon-Capture-Utilization-and-Storage-CCUS-Market-2025-2045-Technology-Readiness-Levels-of-CCUS-Approaches-Rapid-Advancements-and-Potential-Game-changers.html,globenewswire.com,20240725T084500Z,English,United States
BECCS,Bioenergy with carbon capture and storage,"Tondu plant starts $300M change to biomass , carbon capture facility",http://www.michigansthumb.com/news/article/tes-filer-city-19592159.php,michigansthumb.com,20240724T170000Z,English,United States
BECCS,Bioenergy with carbon capture and storage,Innovative Approaches to Decarbonize Aviation in Latin America,https://latinamericanpost.com/technology/innovative-approaches-to-decarbonize-aviation-in-latin-america/,latinamericanpost.com,20240703T174500Z,English,United States
BECCS,Bioenergy with carbon capture and storage,How powdered rock could help slow climate change,https://www.sciencenews.org/article/powdered-rock-help-slow-climate-change,sciencenews.org,20240701T173000Z,English,United States
BECCS,Bioenergy with carbon capture and storage,No Scientific Cliff Edge Of 12 Years To Save Planet ( or 18 Months ) - Can IPCC Challenge  Deadlines Make Headline Misreporting ?,https://www.science20.com/robert_walker/no_scientific_cliff_edge_of_12_years_to_save_planet_or_18_months_can_ipcc_challenge_deadlines_make_headlines,science20.com,20240813T034500Z,English,United States
BECCS,Bioenergy with carbon capture and storage,Karbon - X and Drax Officially Launch Revolutionary Partnership in Green Energy and Sustainability,https://www.saltlakecitysun.com/news/274632576/karbon-x-and-drax-officially-launch-revolutionary-partnership-in-green-energy-and-sustainability,saltlakecitysun.com,20240924T220000Z,English,United States
BECCS,Bioenergy with carbon capture and storage,Karbon - X and Drax Officially Launch Revolutionary Partnership in Green Energy and Sustainability,https://www.bignewsnetwork.com/news/274632576/karbon-x-and-drax-officially-launch-revolutionary-partnership-in-green-energy-and-sustainability,bignewsnetwork.com,20240924T173000Z,English,United States
BECCS,Bioenergy with carbon capture and storage,German startup secures $62M for  carbon negative  power plants,https://thenextweb.com/news/german-startup-secures-62m-for-carbon-negative-biogas-power-plants,thenextweb.com,20240913T113000Z,English,United States
BECCS,Bioenergy with carbon capture and storage,"A letter from Rio de Janeiro , Charley Rattan | Brazil , CCS and Hydrogen",https://energycentral.com/c/og/letter-rio-de-janeiro-charley-rattan-brazil-ccs-and-hydrogen,energycentral.com,20241201T171500Z,English,United States
BECCS,Bioenergy with carbon capture and storage,Is there enough land on Earth to fight climate change and feed the world ?,https://phys.org/news/2024-11-earth-climate-world.html,phys.org,20241127T154500Z,English,United States
BECCS,Bioenergy with carbon capture and storage,Balancing Land Use : Climate Fight vs . Global Food Needs,https://www.miragenews.com/balancing-land-use-climate-fight-vs-global-food-1365904/,miragenews.com,20241126T221500Z,English,United States
BECCS,Bioenergy with carbon capture and storage,B & W to Convert Coal Plant to Gas for AES Indiana,https://www.rigzone.com/news/bw_to_convert_coal_plant_to_gas_for_aes_indiana-22-nov-2024-178767-article/,rigzone.com,20241122T151500Z,English,United States
BECCS,Bioenergy with carbon capture and storage,"The climate and biodiversity crises are entwined , but we risk pitting one against the other",https://phys.org/news/2024-11-climate-biodiversity-crises-entwined-pitting.html,phys.org,20241119T004500Z,English,United States
BECCS,Bioenergy with carbon capture and storage,"EU expected to approve climate , energy commissioners",https://www.argusmedia.com/en/news-and-insights/latest-market-news/2625765-eu-expected-to-approve-climate-energy-commissioners,argusmedia.com,20241106T183000Z,English,United States
BECCS,Bioenergy with carbon capture and storage,UK Engines Manufacturers Report Hydrogen Engines Essential For Solving Climate Change,https://cleantechnica.com/2024/12/31/uk-engines-manufacturers-report-hydrogen-engines-essential-for-solving-climate-change/,cleantechnica.com,20250101T034500Z,English,United States
BECCS,Bioenergy with carbon capture and storage,Scientists from 57 countries want to end siloed decision - making on climate,https://grist.org/solutions/ipbes-un-panel-biodiversity-ecosystem-services-nexus-report-namibia/,grist.org,20241218T131500Z,English,United States
BECCS,Bioenergy with carbon capture and storage,A million tonnes of trees to be chopped down for  sustainable  plane fuel,https://www.yahoo.com/news/million-tonnes-trees-chopped-down-120337984.html,yahoo.com,20241212T130000Z,English,United States
BECCS,Bioenergy with carbon capture and storage,Capsol Technologies to study EfW plant in France,https://www.gasworld.com/story/capsol-technologies-to-study-efw-plant-in-france/2147707.article/,gasworld.com,20241205T190000Z,English,United States
BECCS,Bioenergy with carbon capture and storage,"A letter from Rio de Janeiro , Charley Rattan | Brazil , CCS and Hydrogen",https://energycentral.com/c/og/letter-rio-de-janeiro-charley-rattan-brazil-ccs-and-hydrogen,energycentral.com,20241201T171500Z,English,United States
BECCS,Bioenergy with carbon capture and storage,Scientists Unveil New Method to Trap CO2 in Concrete,https://www.azocleantech.com/news.aspx?newsID=35507,azocleantech.com,20250131T140000Z,English,United States
BECCS,Bioenergy with carbon capture and storage,Smart carbon dioxide removal yields economic and environmental benefits,https://www.terradaily.com/reports/Smart_carbon_dioxide_removal_yields_economic_and_environmental_benefits_999.html,terradaily.com,20250130T051500Z,English,United States
BECCS,Bioenergy with carbon capture and storage,Smart carbon dioxide removal yields economic and environmental benefits,https://phys.org/news/2025-01-smart-carbon-dioxide-yields-economic.html,phys.org,20250129T210000Z,English,United States
BECCS,Bioenergy with carbon capture and storage,UK Engines Manufacturers Report Hydrogen Engines Essential For Solving Climate Change,https://cleantechnica.com/2024/12/31/uk-engines-manufacturers-report-hydrogen-engines-essential-for-solving-climate-change/,cleantechnica.com,20250101T034500Z,English,United States
BECCS,Bioenergy with carbon capture and storage,Skeptical Science New Research for Week # 9 2025,https://skepticalscience.com/new_research_2025_9.html,skepticalscience.com,20250227T103000Z,English,United States
BECCS,Bioenergy with carbon capture and storage,Climate plantation strategy face hurdles : Study reveals limited carbon capture potential within safe limits,https://phys.org/news/2025-02-climate-plantations-strategy-hurdles-reveals.html,phys.org,20250212T221500Z,English,United States
BECCS,Bioenergy with carbon capture and storage,Stockholm Exergi moves forward with build for Swedish BECCS project,https://www.gasworld.com/story/stockholm-exergi-moves-forward-with-build-for-swedish-beccs-project/2153875.article/,gasworld.com,20250331T154500Z,English,United States
BECCS,Bioenergy with carbon capture and storage,SAIPEM - Saipem : full notice to proceed from ...,https://www.euro-petrole.com/saipem-full-notice-to-proceed-from-stockholm-exergi-for-the-execution-of-a-large-scale-bioenergy-co2-capture-project-in-sweden-n-i-28238,euro-petrole.com,20250331T091500Z,English,United States
BECCS,Bioenergy with carbon capture and storage,World First Carbon Capture Plant Powered Directly by Wind Planned,https://www.scientificamerican.com/article/worlds-first-carbon-capture-plant-powered-directly-by-wind-planned/,scientificamerican.com,20250317T160000Z,English,United States
BECCS,Bioenergy with carbon capture and storage,Carbon Budget Misinformation,https://wattsupwiththat.com/2025/03/09/carbon-budget-misinformation/,wattsupwiththat.com,20250310T053000Z,English,United States
BECCS,Bioenergy with carbon capture and storage,"UCLA Samueli dean recognized with teaching , research awards",https://newsroom.ucla.edu/dept/faculty/samueli-dean-ah-hyung-alissa-park-teaching-research-awards,newsroom.ucla.edu,20250306T031500Z,English,United States
BECCS,Bioenergy with carbon capture and storage,Carbon Alpha Selects Mangrove as Digital MRV Solution for North Star Carbon Removal Project,https://www.prnewswire.com/news-releases/carbon-alpha-selects-mangrove-as-digital-mrv-solution-for-north-star-carbon-removal-project-302437276.html,prnewswire.com,20250429T103000Z,English,United States
BECCS,Bioenergy with carbon capture and storage,"Yara , Ørsted , and the €200 / ton Mirage : What Northern Lights Really Teaches Us About CCS",https://cleantechnica.com/2025/04/13/yara-orsted-and-the-e200-ton-mirage-what-northern-lights-really-teaches-us-about-ccs/,cleantechnica.com,20250413T220000Z,English,United States
BECCS,Bioenergy with carbon capture and storage,Saipem Gets Green Light to Start Work on CCS Project in Sweden,https://www.rigzone.com/news/saipem_gets_green_light_to_start_work_on_ccs_project_in_sweden-02-apr-2025-180107-article/,rigzone.com,20250402T074500Z,English,United States
BECCS,Bioenergy with carbon capture and storage,Skeptical Science New Research for Week # 22 2025,https://skepticalscience.com/new_research_2025_22.html,skepticalscience.com,20250529T084500Z,English,United States
BECCS,Bioenergy with carbon capture and storage,Climeworks signs carbon removal deal with shipping giant,https://www.gasworld.com/story/climeworks-signs-carbon-removal-deal-with-shipping-giant/2155830.article/,gasworld.com,20250507T200000Z,English,United States
BECCS,Bioenergy with carbon capture and storage,"Gevo , Biorecro to accelerate multi - year carbon credit offtake and business expansion",http://www.hydrocarbonprocessing.com/news/2025/09/gevo-biorecro-to-accelerate-multi-year-carbon-credit-offtake-and-business-expansion/,hydrocarbonprocessing.com,20250924T003000Z,English,United States
BECCS,Bioenergy with carbon capture and storage,Environmental News Network - 60 Percent of the World Land Area Is in a Precarious State,https://www.enn.com/articles/77082-60-percent-of-the-world-s-land-area-is-in-a-precarious-state,enn.com,20250910T231500Z,English,United States
BECCS,Bioenergy with carbon capture and storage,Skeptical Science New Research for Week # 36 2025,https://skepticalscience.com/new_research_2025_36.html,skepticalscience.com,20250904T074500Z,English,United States
BECCS,Bioenergy with carbon capture and storage,From Reuse To Burial : Managing Mass Timber Beyond The Building Stage,https://cleantechnica.com/2025/09/03/from-reuse-to-burial-managing-mass-timber-beyond-the-building-stage/,cleantechnica.com,20250904T014500Z,English,United States
BECCS,Bioenergy with carbon capture and storage,eLTER Releases First Policy Brief On Scaling Carbon Removal For Climate Neutrality,https://www.eurasiareview.com/23102025-elter-releases-first-policy-brief-on-scaling-carbon-removal-for-climate-neutrality/,eurasiareview.com,20251023T001500Z,English,United States
BECCS,Bioenergy with carbon capture and storage,Here the scoop on Big Tech multi - million dollar carbon removal climate bet,https://geneticliteracyproject.org/2025/10/17/heres-the-scoop-on-big-techs-multi-million-dollar-carbon-removal-climate-bet/,geneticliteracyproject.org,20251017T081500Z,English,United States
BECCS,Bioenergy with carbon capture and storage,"The Download : Creating the perfect baby , and carbon removal lofty promises",https://www.technologyreview.com/2025/10/16/1125851/the-download-creating-the-perfect-baby-and-carbon-removals-lofty-promises/,technologyreview.com,20251016T133000Z,English,United States
BECCS,Bioenergy with carbon capture and storage,USA BioEnergy plant in Bon Wier will include small nuclear generator,https://kfdm.com/news/local/usa-bioenergy-site-in-bon-wier-will-include-small-nuclear-plant,kfdm.com,20251015T194500Z,English,United States
BECCS,Bioenergy with carbon capture and storage,Big Tech big bet on a controversial carbon removal tactic,https://www.technologyreview.com/2025/10/15/1125715/big-techs-big-bet-on-a-controversial-carbon-removal-tactic/,technologyreview.com,20251015T140000Z,English,United States
BECCS,Bioenergy with carbon capture and storage,"New Carbon Capture Legislation , Same Old Grift",https://thenewamerican.com/us/new-carbon-capture-legislation-same-old-grift/,thenewamerican.com,20251014T203000Z,English,United States
BECCS,Bioenergy with carbon capture and storage,Moore bipartisan bill would establish commission to study biomass conversion technology,https://riponadvance.com/stories/moores-bipartisan-bill-would-establish-commission-to-study-biomass-conversion-technology/,riponadvance.com,20251002T233000Z,English,United States
BECCS,Bioenergy with carbon capture and storage,"Schneider Electric And Climeworks Sign 31 , 000 - Ton High - durability Carbon Removal Agreement",https://www.miragenews.com/schneider-electric-and-climeworks-sign-31000-1545019/,miragenews.com,20251002T023000Z,English,United States
BECCS,Bioenergy with carbon capture and storage,UW researcher calls on G20 for more carbon dioxide removal,https://www.wpr.org/news/wisconsin-madison-g20-carbon-dioxide-removal,wpr.org,20251121T234500Z,English,United States
BECCS,Bioenergy with carbon capture and storage,2025 / 26 Climate Science : 10 Essential Insights,https://www.azocleantech.com/article.aspx?ArticleID=2053,azocleantech.com,20251120T160000Z,English,United States
BECCS,Bioenergy with carbon capture and storage,"Global Waste to Energy Market Projected to Grow at 6 . 26 % During 2026 - 32 , Driven by Circular Economy Transition and Rising Global Waste Volumes",https://www.prnewswire.com/news-releases/global-waste-to-energy-market-projected-to-grow-at-6-26-during-2026-32--driven-by-circular-economy-transition-and-rising-global-waste-volumes--markntel-advisors-302607352.html,prnewswire.com,20251106T153000Z,English,United States
