domain,keyword,title,url,source_domain,seendate,language,country
reforestation,silviculture,Cuban Business Delegation Holds Meetings in Washington,http://plenglish.com/index.php?o=rn&id=8713&SEO=cuban-business-delegation-holds-meetings-in-washington,plenglish.com,20170201T080000Z,English,United States
reforestation,silviculture,Assistant Professor Forestry / Silviculture,http://www.sustainablebusiness.com/job/4-10/,sustainablebusiness.com,20170201T074500Z,English,United States
reforestation,silviculture,Assistant Director for the Adirondack Semester,http://www.sustainablebusiness.com/job/4-9/,sustainablebusiness.com,20170201T074500Z,English,United States
reforestation,silviculture,Cuban Business Delegation Holds Meetings in Washington,http://www.plenglish.com/index.php?o=rn&id=8713&SEO=cuban-business-delegation-holds-meetings-in-washington,plenglish.com,20170201T061500Z,English,United States
reforestation,silviculture,Maple Leaf Green World,http://investingnews.com/company-profiles/maple-leaf-green-world-organic-cannabis-oil/,investingnews.com,20170126T203000Z,English,United States
reforestation,silviculture,Looking for alternatives to Woodlands Assistance Program,http://www.nrtoday.com/news/government/douglas_county/looking-for-alternatives-to-woodlands-assistance-program/article_4139b0f8-7128-549c-b915-bcef2401a4c6.html,nrtoday.com,20170126T181500Z,English,United States
reforestation,silviculture,2017 Ohio Forestry and Wildlife Conservation Camp Scholarship,http://www.geaugamapleleaf.com/community/2017-ohio-forestry-and-wildlife-conservation-camp-scholarship/,geaugamapleleaf.com,20170126T140000Z,English,United States
reforestation,silviculture,Why Maine needs to train the next generation of loggers,https://bangordailynews.com/2017/01/25/mainefocus/why-maine-needs-to-train-the-next-generation-of-loggers/,bangordailynews.com,20170125T151500Z,English,United States
reforestation,silviculture,Why Maine needs to train the next generation of loggers,http://bangordailynews.com/2017/01/25/mainefocus/why-maine-needs-to-train-the-next-generation-of-loggers/,bangordailynews.com,20170125T120000Z,English,United States
reforestation,silviculture,Echo : Global Warming Hits Great Lakes Forests » Urban Milwaukee,http://urbanmilwaukee.com/2017/01/22/echo-global-warming-hits-great-lakes-forests/,urbanmilwaukee.com,20170122T190000Z,English,United States
reforestation,silviculture,"ASHBY : House , Senate submit budget plans",http://lufkindailynews.com/news/community/article_242c7f34-e024-11e6-bcf6-e733a5ebdcea.html,lufkindailynews.com,20170122T073000Z,English,United States
reforestation,silviculture,Dominion Resources : 200,http://www.4-traders.com/DOMINION-RESOURCES-INC-12255/news/Dominion-Resources-200-acre-solar-farm-proposed-in-Gloucester-County-23730301/,4-traders.com,20170122T041500Z,English,United States
reforestation,silviculture,200,http://www.dailypress.com/business/dp-nws-mid-strata-solar-facility-20170120-story.html,dailypress.com,20170122T020000Z,English,United States
reforestation,silviculture,Researchers look to brace Great Lakes forests for climate change,http://greatlakesecho.org/2017/01/12/researchers-look-to-brace-great-lakes-forests-for-climate-change/,greatlakesecho.org,20170112T101500Z,English,United States
reforestation,silviculture,Forestry Technician ( Timber / Silviculture ),http://www.environmentguru.com/pages/elements/element.aspx?id=4406022,environmentguru.com,20170111T101500Z,English,United States
reforestation,silviculture,"Sussex Co . Plans Project to Convert Wastewater Disposal , Restore",http://www.wboc.com/story/34226923/sussex-co-plans-project-to-convert-wastewater-disposal-restore-woodlands,wboc.com,20170110T191500Z,English,United States
reforestation,silviculture,Forestry Technician ( Timber / Silviculture ),http://www.environmentguru.com/pages/elements/element.aspx?id=4389165,environmentguru.com,20170106T091500Z,English,United States
reforestation,silviculture,A Reading Life,http://www.heraldnet.com/tag/a-reading-life/,heraldnet.com,20170105T224500Z,English,United States
reforestation,silviculture,Forestry Technician ( Timber / Silviculture ),http://www.environmentguru.com/pages/elements/element.aspx?id=4381061,environmentguru.com,20170104T220000Z,English,United States
reforestation,silviculture,Forestry Aid ( General ),http://www.environmentguru.com/pages/elements/element.aspx?id=4379146,environmentguru.com,20170104T083000Z,English,United States
reforestation,silviculture,Ranger Districts senior employee Lupe Wilson retiring,http://sweethomenews.com/ranger-districts-senior-employee-lupe-wilson-retiring-p7294-1.htm,sweethomenews.com,20170104T011500Z,English,United States
reforestation,silviculture,STEVEN MARK CLARK,http://www.duluthnewstribune.com/obituaries/4191434-steven-mark-clark,duluthnewstribune.com,20170103T210000Z,English,United States
reforestation,silviculture,Untitled,http://www.indrastra.com/2017/01/NEWS-Deforestation-Decreased-More-than-2-5-Percent-in-Brazil-003-01-2017-0004.html,indrastra.com,20170102T150000Z,English,United States
reforestation,silviculture,Cuba 2016 : Economic Austerity Without Shock Therapy,http://plenglish.com/index.php?o=rn&id=7598&SEO=cuba-2016-economic-austerity-without-shock-therapy,plenglish.com,20170101T181500Z,English,United States
reforestation,silviculture,Cuba 2016 : Economic Austerity Without Shock Therapy,http://www.plenglish.com/index.php?o=rn&id=7598&SEO=cuba-2016-economic-austerity-without-shock-therapy,plenglish.com,20170101T153000Z,English,United States
reforestation,silviculture,Pope Resources A Delaware LP : LTD PARTNERSHIP MANAGEMENT DISCUSSION AND ANALYSIS OF FINANCIAL CONDITION AND RESULTS OF OPERATIONS ( form 10,http://www.4-traders.com/POPE-RESOURCES-A-DELAWARE-10515/news/Pope-Resources-A-Delaware-LP-LTD-PARTNERSHIP-MANAGEMENT-S-DISCUSSION-AND-ANALYSIS-OF-FINANCIAL-CON-23968472/,4-traders.com,20170301T220000Z,English,United States
reforestation,silviculture,Alachua County FL,http://www.4-traders.com/news/Alachua-County-FL-Rural-Concerns-Advisory-Committee-Vacancies--23951443/,4-traders.com,20170227T213000Z,English,United States
reforestation,silviculture,Solar firms investing $234M,http://thetandd.com/news/local/solar-firms-investing-m/article_c71038bc-7752-55de-b481-e8e7a9bb7172.html,thetandd.com,20170226T050000Z,English,United States
reforestation,silviculture,Professor and Director,http://www.environmentguru.com/pages/elements/element.aspx?id=4582015,environmentguru.com,20170225T114500Z,English,United States
reforestation,silviculture,Company gives trees away,http://www.beauregarddailynews.net/news/20170220/company-gives-trees-away,beauregarddailynews.net,20170221T013000Z,English,United States
reforestation,silviculture,B . C . forest recovery gets $150 million to combat climate change,http://www.digitaljournal.com/news/environment/b-c-forest-recovery-gets-150-million-to-combat-climate-change/article/486207,digitaljournal.com,20170219T173000Z,English,United States
reforestation,silviculture,DNR fielding public comments about proposed changes to the northern forest plans,http://lacrossetribune.com/jacksoncochronicle/lifestyles/recreation/dnr-fielding-public-comments-about-proposed-changes-to-the-northern/article_bea80f76-dc74-547c-9119-394bc42e35ec.html,lacrossetribune.com,20170217T204500Z,English,United States
reforestation,silviculture,Lake County Leader,http://www.leaderadvertiser.com/apps/pbcs.dll/dcce?Site=LA&Date=20170215&Category=5005&Module=1&Class=1006&Type=5005&ID=141136,leaderadvertiser.com,20170217T114500Z,English,United States
reforestation,silviculture,Daily Inter Lake,http://www.dailyinterlake.com/apps/pbcs.dll/dcce?Site=DI&Date=20170215&Category=5005&Module=1&Class=1006&Type=5005&ID=141091,dailyinterlake.com,20170216T120000Z,English,United States
reforestation,silviculture,Supervisory Reforestation Silviculturalist,http://www.environmentguru.com/pages/elements/element.aspx?id=4540733,environmentguru.com,20170215T153000Z,English,United States
reforestation,silviculture,New solution from Inflor favoring decision,http://www.pulpapernews.com/2017/02/new-solution-from-inflor-favoring-decision-making-processes,pulpapernews.com,20170215T143000Z,English,United States
reforestation,silviculture,New solution from Inflor favoring decision,http://www.pulpapernews.com/node/133745,pulpapernews.com,20170215T143000Z,English,United States
reforestation,silviculture,Reunited At Last : The Love Story Of Ga . Dwarf Sumac,http://news.wabe.org/post/reunited-last-love-story-ga-s-dwarf-sumac,news.wabe.org,20170214T113000Z,English,United States
reforestation,silviculture,Youths show off bunnies at county fair,http://kdhnews.com/living/youths-show-off-bunnies-at-county-fair/article_00df0f16-2bc9-5587-8507-55bcb0ef0765.html,kdhnews.com,20170212T111500Z,English,United States
reforestation,silviculture,Tree thinning effort continues,http://www.paysonroundup.com/news/forest_management_wildfires/tree-thinning-effort-continues/article_e6606a8c-ef12-11e6-85e5-77f8fe42edf7.html,paysonroundup.com,20170210T011500Z,English,United States
reforestation,silviculture,Rayonier ( RYN ) CEO Dave Nunes on Q4 2016 Results,http://seekingalpha.com/article/4044483-rayoniers-ryn-ceo-dave-nunes-q4-2016-results-earnings-call-transcript,seekingalpha.com,20170209T203000Z,English,United States
reforestation,silviculture,Wind Resource Specialist,http://www.sustainablebusiness.com/job/wind-resource-specialist/,sustainablebusiness.com,20170207T131500Z,English,United States
reforestation,silviculture,Substitute Adult Fish Counting Technicians,http://www.sustainablebusiness.com/job/substitute-adult-fish-counting-technicians/,sustainablebusiness.com,20170206T093000Z,English,United States
reforestation,silviculture,Weyerhaeuser ( WY ) CEO Doyle Simons on Q4 2016 Results,http://seekingalpha.com/article/4042550-weyerhaeusers-wy-ceo-doyle-simons-q4-2016-results-earnings-call-transcript,seekingalpha.com,20170203T194500Z,English,United States
reforestation,silviculture,Weyerhaeuser Q4 Profit Rises,http://www.nasdaq.com/article/weyerhaeuser-q4-profit-rises--quick-facts-20170203-00111,nasdaq.com,20170203T093000Z,English,United States
reforestation,silviculture,Weyerhaeuser Q4 Profit Rises,http://www.rttnews.com/2740294/weyerhaeuser-q4-profit-rises-quick-facts.aspx,rttnews.com,20170203T091500Z,English,United States
reforestation,silviculture,"Weyerhaeuser reports fourth quarter , full year results",http://www.marketwatch.com/story/weyerhaeuser-reports-fourth-quarter-full-year-results-2017-02-03,marketwatch.com,20170203T091500Z,English,United States
reforestation,silviculture,"Weyerhaeuser reports fourth quarter , full year results",http://www.prnewswire.com/news-releases/weyerhaeuser-reports-fourth-quarter-full-year-results-300401836.html,prnewswire.com,20170203T090000Z,English,United States
reforestation,silviculture,"Weyerhaeuser reports fourth quarter , full year results","http://www.streetinsider.com/Press+Releases/Weyerhaeuser+reports+fourth+quarter,+full+year+results/12494652.html",streetinsider.com,20170203T083000Z,English,United States
reforestation,silviculture,"The Wood for the Trees , by Richard Fortey",http://www.sfchronicle.com/books/article/The-Wood-for-the-Trees-by-Richard-Fortey-10903778.php,sfchronicle.com,20170202T201500Z,English,United States
reforestation,silviculture,Cuban Business Delegation Holds Meetings in Washington,http://plenglish.com/index.php?o=rn&id=8713&SEO=cuban-business-delegation-holds-meetings-in-washington,plenglish.com,20170201T080000Z,English,United States
reforestation,silviculture,Assistant Professor Forestry / Silviculture,http://www.sustainablebusiness.com/job/4-10/,sustainablebusiness.com,20170201T074500Z,English,United States
reforestation,silviculture,Assistant Director for the Adirondack Semester,http://www.sustainablebusiness.com/job/4-9/,sustainablebusiness.com,20170201T074500Z,English,United States
reforestation,silviculture,Cuban Business Delegation Holds Meetings in Washington,http://www.plenglish.com/index.php?o=rn&id=8713&SEO=cuban-business-delegation-holds-meetings-in-washington,plenglish.com,20170201T061500Z,English,United States
reforestation,silviculture,Birch tree bandits cut and run in Minnesota and Wisconsin,http://www.startribune.com/birch-tree-bandits-cut-and-run-in-minnesota-and-wisconsin/417869813/,startribune.com,20170401T203000Z,English,United States
reforestation,silviculture,How data can help us to improve society,https://www.weforum.org/agenda/2017/03/how-data-can-help-us-to-improve-society,weforum.org,20170329T100000Z,English,United States
reforestation,silviculture,"Census Estimates Released , County Population Is Still Shrinking",http://www.ashleycountyledger.com/news/census-estimates-released-county-population-is-still-shrinking/article_6545fe82-1337-11e7-9c25-dfc7eeddbe9d.html,ashleycountyledger.com,20170329T081500Z,English,United States
reforestation,silviculture,Aiken Summit land recognized as Virginia Century Farm,http://www.martinsvillebulletin.com/news/aiken-summit-land-recognized-as-virginia-century-farm/article_034beadc-7461-5c18-bc6f-382ec0e06396.html,martinsvillebulletin.com,20170329T041500Z,English,United States
reforestation,silviculture,March 2017,http://extension.msstate.edu/newsletters/the-overstory/2017/march-2017,extension.msstate.edu,20170328T220000Z,English,United States
reforestation,silviculture,CanWel Building Materials Group Ltd . Announces $35 Million Bought Deal Equity Financing,http://www.marketwatch.com/story/canwel-building-materials-group-ltd-announces-35-million-bought-deal-equity-financing-2017-03-28,marketwatch.com,20170328T121500Z,English,United States
reforestation,silviculture,The Williamson Daily News,http://williamsondailynews.com/features/lifestyle/10107/the-cradle-of-forestry-in-america,williamsondailynews.com,20170322T234500Z,English,United States
reforestation,silviculture,Herbicide Options for Hardwood Management,http://extension.msstate.edu/publications/publications/herbicide-options-for-hardwood-management,extension.msstate.edu,20170322T230000Z,English,United States
reforestation,silviculture,Logan Banner,http://loganbanner.com/features/lifestyle/12228/the-cradle-of-forestry-in-america,loganbanner.com,20170322T221500Z,English,United States
reforestation,silviculture,Cradle is birthplace of scientific forestry,http://www.blueridgenow.com/news/20170322/cradle-is-birthplace-of-scientific-forestry,blueridgenow.com,20170322T163000Z,English,United States
reforestation,silviculture,Cuba and The Czech Republic Sign Agricultural Cooperation Accord,http://plenglish.com/index.php?o=rn&id=10662&SEO=cuba-and-the-czech-republic-sign-agricultural-cooperation-accord,plenglish.com,20170321T230000Z,English,United States
reforestation,silviculture,Cuba and The Czech Republic Sign Agricultural Cooperation Accord,http://www.plenglish.com/index.php?o=rn&id=10662&SEO=cuba-and-the-czech-republic-sign-agricultural-cooperation-accord,plenglish.com,20170321T204500Z,English,United States
reforestation,silviculture,Forest Service releases draft decision for Buford / New Castle Project,http://www.theheraldtimes.com/forest-service-releases-draft-decision-for-bufordnew-castle-project/rio-blanco-county/,theheraldtimes.com,20170321T043000Z,English,United States
reforestation,silviculture,Tackling one,http://www.huffingtonpost.com/entry/tackling-one-tenth-of-haitian-deaths-and-helping-the_us_58cfb69ae4b07112b6472f7d,huffingtonpost.com,20170320T153000Z,English,United States
reforestation,silviculture,"Colorado Springs joins El Paso County , Manitou Springs in putting restrictions on open burning",http://www.krdo.com/weather/wildfires/colorado-springs-joins-el-paso-county-manitou-springs-in-putting-restrictions-on-open-burning/400986273,krdo.com,20170317T190000Z,English,United States
reforestation,silviculture,Southern pine beetle could affect state wood industry,http://www.wvtm13.com/article/southern-pine-beetle-could-affect-states-wood-industry/9141324,wvtm13.com,20170316T173000Z,English,United States
reforestation,silviculture,Roy Exum : Refugees & Pine Beetles,http://chattanoogan.com/2017/3/16/343982/Roy-Exum-Refugees--Pine-Beetles.aspx,chattanoogan.com,20170316T041500Z,English,United States
reforestation,silviculture,Southern pine beetle could devastate Alabama $11 billion wood products industry,http://www.woodworkingnetwork.com/news/woodworking-industry-news/southern-pine-beetle-could-devastate-alabama%E2%80%99s-11-billion-wood,woodworkingnetwork.com,20170315T193000Z,English,United States
reforestation,silviculture,Experts worried about pine beetle outbreak in Alabama,http://www.cullmantimes.com/news/experts-worried-about-pine-beetle-outbreak-in-alabama/article_0833d24e-097f-11e7-a7d5-73e74d72ddcf.html,cullmantimes.com,20170315T134500Z,English,United States
reforestation,silviculture,Experts worried about pine beetle outbreak in Alabama,http://www.timesfreepress.com/news/local/story/2017/mar/15/experts-worried-about-pine-beetle-outbreak-alabama/417708/,timesfreepress.com,20170315T073000Z,English,United States
reforestation,silviculture,Pine beetles could devastate Alabama ’ s $11B forest industry this year,http://www.forestbusinessnetwork.com/68710/pine-beetles-could-devastate-alabamas-11b-forest-industry-this-year/,forestbusinessnetwork.com,20170314T203000Z,English,United States
reforestation,silviculture,Experts worried about pine beetle outbreak in Alabama,http://www.moultonadvertiser.com/news/state/article_f3b52997-4ed8-585d-b25e-089875887f80.html,moultonadvertiser.com,20170314T171500Z,English,United States
reforestation,silviculture,"Pine beetle outbreak has land owners , timber industry worried",http://www.oanow.com/news/local/pine-beetle-outbreak-has-land-owners-timber-industry-worried/article_eb1dbc0f-ab7c-5d3f-ba9d-2c9a932b616b.html,oanow.com,20170314T170000Z,English,United States
reforestation,silviculture,Experts worried about pine beetle outbreak in Alabama,http://www.islandpacket.com/news/business/article138367943.html,islandpacket.com,20170314T160000Z,English,United States
reforestation,silviculture,Experts worried about pine beetle outbreak in Alabama,http://www.theolympian.com/news/business/article138367943.html,theolympian.com,20170314T160000Z,English,United States
reforestation,silviculture,Experts worried about pine beetle outbreak in Alabama,http://www.macon.com/news/business/article138367943.html,macon.com,20170314T160000Z,English,United States
reforestation,silviculture,Experts worried about pine beetle outbreak in Alabama,http://www.fresnobee.com/news/business/article138367943.html,fresnobee.com,20170314T160000Z,English,United States
reforestation,silviculture,Experts worried about pine beetle outbreak in Alabama,http://www.newsobserver.com/news/business/article138367943.html,newsobserver.com,20170314T160000Z,English,United States
reforestation,silviculture,Experts worried about pine beetle outbreak in Alabama,http://www.sanluisobispo.com/news/business/article138367943.html,sanluisobispo.com,20170314T160000Z,English,United States
reforestation,silviculture,Experts worried about pine beetle outbreak in Alabama,http://www.ledger-enquirer.com/news/business/article138367943.html,ledger-enquirer.com,20170314T160000Z,English,United States
reforestation,silviculture,Experts worried about pine beetle outbreak in Alabama,http://www.decaturdaily.com/news/other_news/state/experts-worried-about-pine-beetle-outbreak-in-alabama/article_d0f6144e-bad7-54f3-b88f-1f8ab47b7228.html,decaturdaily.com,20170314T153000Z,English,United States
reforestation,silviculture,Experts worried about pine beetle outbreak in Alabama,http://www.enewscourier.com/news/local_news/experts-worried-about-pine-beetle-outbreak-in-alabama/article_21fadb74-08c5-11e7-ae55-a33f9515c676.html,enewscourier.com,20170314T151500Z,English,United States
reforestation,silviculture,Experts worried about pine beetle outbreak in Alabama,http://newsok.com/experts-worried-about-pine-beetle-outbreak-in-alabama/article/feed/1184724,newsok.com,20170314T143000Z,English,United States
reforestation,silviculture,Experts worried about pine beetle outbreak in Alabama,http://www.timesdaily.com/news/state/experts-worried-about-pine-beetle-outbreak-in-alabama/article_f60483bb-0d5f-5880-a573-37f5d11819d3.html,timesdaily.com,20170314T141500Z,English,United States
reforestation,silviculture,Experts worried about pine beetle outbreak in Alabama,http://www.washingtontimes.com/news/2017/mar/14/experts-worried-about-pine-beetle-outbreak-in-alab/,washingtontimes.com,20170314T134500Z,English,United States
reforestation,silviculture,Experts worried about pine beetle outbreak in Alabama,http://www.oanow.com/apwire/news/state/experts-worried-about-pine-beetle-outbreak-in-alabama/article_eb1dbc0f-ab7c-5d3f-ba9d-2c9a932b616b.html,oanow.com,20170314T133000Z,English,United States
reforestation,silviculture,Experts worried about pine beetle outbreak in Alabama,http://www.dailyprogress.com/experts-worried-about-pine-beetle-outbreak-in-alabama/article_fc335174-8c6b-5377-ad31-8173fa79a240.html,dailyprogress.com,20170314T133000Z,English,United States
reforestation,silviculture,Experts worried about pine beetle outbreak in Alabama,http://www.sfgate.com/news/article/Experts-worried-about-pine-beetle-outbreak-in-11000117.php,sfgate.com,20170314T131500Z,English,United States
reforestation,silviculture,Forestry Technician ( Generalist ),http://www.environmentguru.com/pages/elements/element.aspx?id=4637720,environmentguru.com,20170314T054500Z,English,United States
reforestation,silviculture,Trimble Acquires Forestry Technology For Its Connected Forest Initiative,http://seekingalpha.com/article/4054424-trimble-acquires-forestry-technology-connected-forest-initiative,seekingalpha.com,20170313T053000Z,English,United States
reforestation,silviculture,Pine beetles could devastate Alabama $11B forest industry this year,http://www.wtvy.com/content/news/Pine-beetles-could-devastate-Alabamas-11B-forest-industry-this-year-415983243.html,wtvy.com,20170312T201500Z,English,United States
reforestation,silviculture,Pine beetles could devastate Alabama $11B forest industry this year,http://www.al.com/news/index.ssf/2017/03/alabama_foresters_fear_major_b.html,al.com,20170312T153000Z,English,United States
reforestation,silviculture,Untitled,http://www.capitalpress.com/events/20170223/3911/10871/LEAP_Logger_Education,capitalpress.com,20170312T090000Z,English,United States
reforestation,silviculture,Daily Inter Lake,http://www.dailyinterlake.com/apps/pbcs.dll/dcce?Site=DI&Date=20170311&Category=5005&Module=1&Class=1006&Type=5005&ID=142807,dailyinterlake.com,20170312T081500Z,English,United States
reforestation,silviculture,Forest Service decision on vegetation project north of New Castle,http://www.postindependent.com/news/local/forest-service-decision-on-vegetation-project-n-of-new-castle/,postindependent.com,20170312T070000Z,English,United States
reforestation,silviculture,Forestry Aid ( General ),http://www.environmentguru.com/pages/elements/element.aspx?id=4611857,environmentguru.com,20170311T224500Z,English,United States
reforestation,silviculture,Camp Lick Project open for comments,http://www.bluemountaineagle.com/Local_News/20170308/camp-lick-project-open-for-comments,bluemountaineagle.com,20170308T200000Z,English,United States
reforestation,silviculture,DELTIC TIMBER : Management Discussion and Analysis of Financial Condition and Results of Operations ( form 10,http://www.4-traders.com/DELTIC-TIMBER-CORP-12281/news/DELTIC-TIMBER-Management-s-Discussion-and-Analysis-of-Financial-Condition-and-Results-of-Operation-24001712/,4-traders.com,20170307T230000Z,English,United States
reforestation,silviculture,Trimble acquires Savcor Oy and Silvadata to expand its global reach and SaaS solutions for the forest Industry,http://www.lesprom.com/en/news/Trimble_acquires_Savcor_Oy_and_Silvadata_to_expand_its_global_reach_and_SaaS_solutions_for_the_forest_Industry_77522/,lesprom.com,20170307T061500Z,English,United States
reforestation,silviculture,Trimble Twin Buyouts to Boost Connected Forest Solutions,http://www.nasdaq.com/article/trimbles-twin-buyouts-to-boost-connected-forest-solutions-cm756575,nasdaq.com,20170306T194500Z,English,United States
reforestation,silviculture,Trimble Twin Buyouts to Boost Connected Forest Solutions,http://finance.yahoo.com/news/trimbles-twin-buyouts-boost-connected-142202572.html,finance.yahoo.com,20170306T160000Z,English,United States
reforestation,silviculture,Weyerhaeuser ( WY ) Up 8 . 6 % Since Earnings Report : Can It Continue ?,http://www.nasdaq.com/article/weyerhaeuser-wy-up-86-since-earnings-report-can-it-continue-cm756439,nasdaq.com,20170306T151500Z,English,United States
reforestation,silviculture,Weyerhaeuser ( WY ) Up 8 . 6 % Since Earnings Report : Can It Continue ?,https://mrtopstep.com/weyerhaeuser-wy-up-8-6-since-earnings-report-can-it-continue/,mrtopstep.com,20170306T123000Z,English,United States
reforestation,silviculture,Weyerhaeuser ( WY ) Up 8 . 6 % Since Earnings Report : Can It Continue ?,http://www.investopedia.com/partner/zacks/weyerhaeuser-wy-86-earnings-report-can-it-continue/,investopedia.com,20170306T120000Z,English,United States
reforestation,silviculture,"Bonner County Daily Bee , Till debt do us part .",http://www.bonnercountydailybee.com/article/99999999/ARTICLE/170309912,bonnercountydailybee.com,20170306T084500Z,English,United States
reforestation,silviculture,Bonner County Daily Bee,http://www.bonnercountydailybee.com/outdoors/20170305/advisory_committee_sets_march_meeting_agenda,bonnercountydailybee.com,20170305T143000Z,English,United States
reforestation,silviculture,Bonner County Daily Bee,http://www.bonnercountydailybee.com/outdoors/20170305/logger_workshops_set_in_n_idaho,bonnercountydailybee.com,20170305T133000Z,English,United States
reforestation,silviculture,Bonner County Daily Bee,http://www.bonnercountydailybee.com/outdoors/20170305/enter_your_big_game_on_records_list,bonnercountydailybee.com,20170305T133000Z,English,United States
reforestation,silviculture,Bonner County Daily Bee,http://www.bonnercountydailybee.com/outdoors/20170305/biologists_mobilize_encourage_public_to_help_western_monarch_butterly_conservation_efforts_,bonnercountydailybee.com,20170305T133000Z,English,United States
reforestation,silviculture,GeoCommunity SpatialNews,http://spatialnews.geocomm.com/dailynews/2017/mar/03/news2.html,spatialnews.geocomm.com,20170304T041500Z,English,United States
reforestation,silviculture,Prairie City welcomes new district ranger,http://www.bluemountaineagle.com/Local_News/20170303/prairie-city-welcomes-new-district-ranger,bluemountaineagle.com,20170304T023000Z,English,United States
reforestation,silviculture,Trimble Acquires Savcor Oy and Silvadata to Expand its Global Reach and SaaS Solutions for the Forest Industry,http://www.tmcnet.com/usubmit/2017/03/03/8506309.htm,tmcnet.com,20170303T210000Z,English,United States
reforestation,silviculture,Trimble Acquires Savcor Oy and Silvadata to Expand its Global Reach and SaaS Solutions for the Forest Industry,http://finance.yahoo.com/news/trimble-acquires-savcor-oy-silvadata-200300947.html,finance.yahoo.com,20170303T203000Z,English,United States
reforestation,silviculture,Trimble : Acquires Savcor Oy and Silvadata to Expand its Global Reach and SaaS Solutions for the Forest Industry,http://www.4-traders.com/TRIMBLE-INC-11147/news/Trimble-Acquires-Savcor-Oy-and-Silvadata-to-Expand-its-Global-Reach-and-SaaS-Solutions-for-the-For-23983780/,4-traders.com,20170303T203000Z,English,United States
reforestation,silviculture,Trimble Acquires Savcor Oy and Silvadata to Expand its Global Reach and SaaS Solutions for the,http://www.prnewswire.com/news-releases/trimble-acquires-savcor-oy-and-silvadata-to-expand-its-global-reach-and-saas-solutions-for-the-forest-industry-300417875.html,prnewswire.com,20170303T203000Z,English,United States
reforestation,silviculture,Farmers Are Cheering Trump Repeal of an Environmental Rule That Doesnt Affect Them,http://www.motherjones.com/environment/2017/03/trumps-latest-gift-big-ag-empty-gesture,motherjones.com,20170302T191500Z,English,United States
reforestation,silviculture,Farmers Are Cheering Trump Repeal of an Environmental Rule That Doesnt Affect Them,http://m.motherjones.com/environment/2017/03/trumps-latest-gift-big-ag-empty-gesture,m.motherjones.com,20170302T181500Z,English,United States
reforestation,silviculture,Pope Resources A Delaware LP : LTD PARTNERSHIP MANAGEMENT DISCUSSION AND ANALYSIS OF FINANCIAL CONDITION AND RESULTS OF OPERATIONS ( form 10,http://www.4-traders.com/POPE-RESOURCES-A-DELAWARE-10515/news/Pope-Resources-A-Delaware-LP-LTD-PARTNERSHIP-MANAGEMENT-S-DISCUSSION-AND-ANALYSIS-OF-FINANCIAL-CON-23968472/,4-traders.com,20170301T220000Z,English,United States
reforestation,silviculture,Weyerhaeuser ( WY ) Q1 2017 Results,https://seekingalpha.com/article/4066844-weyerhaeuser-wy-q1-2017-results-earnings-call-transcript,seekingalpha.com,20170428T191500Z,English,United States
reforestation,silviculture,Agrimoney . com,http://www.agrimoney.com/news/weyerhaeuser-beats-expectations-ahead-of-canadian-lumber-tariff--10674.html,agrimoney.com,20170428T161500Z,English,United States
reforestation,silviculture,Weyerhaeuser ( WY ) Beats Q1 Earnings on Increased Sales,http://www.nasdaq.com/article/weyerhaeuser-wy-beats-q1-earnings-on-increased-sales-cm781026,nasdaq.com,20170428T150000Z,English,United States
reforestation,silviculture,Weyerhaeuser reports first quarter results,http://www.prnewswire.com/news-releases/weyerhaeuser-reports-first-quarter-results-300447812.html,prnewswire.com,20170428T074500Z,English,United States
reforestation,silviculture,Weyerhaeuser reports first quarter results,http://www.marketwatch.com/story/weyerhaeuser-reports-first-quarter-results-2017-04-28,marketwatch.com,20170428T074500Z,English,United States
reforestation,silviculture,Program on the  Importance of Tree planned,http://www.newmilfordspectrum.com/news/article/Program-on-the-Importance-of-Trees-planned-11101876.php,newmilfordspectrum.com,20170428T043000Z,English,United States
reforestation,silviculture,Growth rings : Positive perspectives on the University of Montana from a student of forest management,http://missoulian.com/news/opinion/columnists/growth-rings-positive-perspectives-on-the-university-of-montana-from/article_d2801807-245f-588e-a4d1-edac92f14b87.html,missoulian.com,20170426T154500Z,English,United States
reforestation,silviculture,M / PIFCD issues temporary burn ban,http://www.pineisland-eagle.com/page/content.detail/id/543290/M-PIFCD-issues-temporary-burn-ban.html,pineisland-eagle.com,20170426T100000Z,English,United States
reforestation,silviculture,Professor and Director,http://www.environmentguru.com/pages/elements/element.aspx?id=4810206,environmentguru.com,20170424T061500Z,English,United States
reforestation,silviculture,Professor and Director,http://www.environmentguru.com/pages/elements/element.aspx?id=4803528,environmentguru.com,20170422T073000Z,English,United States
reforestation,silviculture,Professor and Director,http://www.environmentguru.com/pages/elements/element.aspx?id=4803529,environmentguru.com,20170422T073000Z,English,United States
reforestation,silviculture,Get Out,http://www.wmicentral.com/community_beat/local_entertainment/get-out/article_32888ab9-e3fc-5ae1-acf1-53ae25284fb2.html,wmicentral.com,20170422T010000Z,English,United States
reforestation,silviculture,St . Johns County Commission OKs more changes for RiverTown,http://jacksonville.com/business/2017-04-20/st-johns-county-commission-oks-more-changes-rivertown,jacksonville.com,20170420T171500Z,English,United States
reforestation,silviculture,St . Johns County Commission OKs more changes for RiverTown,http://www.jax-cdn.com/business/2017-04-20/st-johns-county-commission-oks-more-changes-rivertown,jax-cdn.com,20170420T140000Z,English,United States
reforestation,silviculture,St . Johns County Commission OKs more changes for RiverTown,http://jax-cdn.com/business/2017-04-20/st-johns-county-commission-oks-more-changes-rivertown,jax-cdn.com,20170420T131500Z,English,United States
reforestation,silviculture,St . Johns County Commission OKs more changes for RiverTown,http://staugustine.com/news/local-news/2017-04-20/st-johns-county-commission-oks-more-changes-rivertown,staugustine.com,20170420T051500Z,English,United States
reforestation,silviculture,Planning Commission gives amendment for Chipley well ………,http://fosterfollynews.com/2017/04/19/planning-commission-gives-amendment-for-chipley-well/,fosterfollynews.com,20170419T174500Z,English,United States
reforestation,silviculture,Agenda for BOCC April 19th meeting ………..,http://fosterfollynews.com/2017/04/18/agenda-for-bocc-april-19th-meeting/,fosterfollynews.com,20170418T140000Z,English,United States
reforestation,silviculture,CanWel Building Materials Group Ltd . Announces Closing of Bought Deal Equity Financing and Exercise in Full of Over,http://www.marketwatch.com/story/canwel-building-materials-group-ltd-announces-closing-of-bought-deal-equity-financing-and-exercise-in-full-of-over-allotment-option-for-gross-proceeds-of-approximately-4025-million-2017-04-18,marketwatch.com,20170418T130000Z,English,United States
reforestation,silviculture,Program on the  Importance of Tree planned,http://www.newmilfordspectrum.com/news/article/Program-on-the-Importance-of-Trees-planned-11071205.php,newmilfordspectrum.com,20170418T064500Z,English,United States
reforestation,silviculture,Biomass firm seeks changes to agreement,http://quoddytides.com/biomass-firm-seeks-changes-to-agreement4-14-2017.html,quoddytides.com,20170418T033000Z,English,United States
reforestation,silviculture,Charleston Gazette,http://www.wvgazettemail.com/gazette-op-ed-commentaries/20170414/robert-beanblossom-in-nc-tour-of-national-firsts-in-the-field-of-forestry-beckons-gazette,wvgazettemail.com,20170414T164500Z,English,United States
reforestation,silviculture,Svebio – Swedish Bioenergy Assocation,http://www.4-traders.com/news/Svebio-ndash-Swedish-Bioenergy-Assocation-IEA-Bioenergy-Response-to-Chatham-House-report--24183732/,4-traders.com,20170408T104500Z,English,United States
reforestation,silviculture,Coahulla Creek FFA succeeds at Forestry Field Day event,http://www.daltondailycitizen.com/community/coahulla-creek-ffa-succeeds-at-forestry-field-day-event/article_b0c86ad9-4609-57a1-8bcb-3ea86555d1cf.html,daltondailycitizen.com,20170407T054500Z,English,United States
reforestation,silviculture,"Who Is Stealing Wisconsin Birch Trees , And Why",https://patch.com/wisconsin/milwaukee/who-stealing-wisconsins-birch-trees-why,patch.com,20170407T023000Z,English,United States
reforestation,silviculture,"Thieves Steal Minnesota Prized Birch Trees , And Here Why",https://patch.com/wisconsin/milwaukee/thieves-steal-minnesotas-prized-birch-trees-heres-why,patch.com,20170407T021500Z,English,United States
reforestation,silviculture,Cradle of Forestry : Scientific approach began in heart of Pisgah Forest,http://thetandd.com/business/agriculture/cradle-of-forestry-scientific-approach-began-in-heart-of-pisgah/article_76704f4d-2a3c-54bc-9658-f84588afbc1a.html,thetandd.com,20170403T033000Z,English,United States
reforestation,silviculture,Birch tree bandits cut and run in Minnesota and Wisconsin,http://www.startribune.com/birch-tree-bandits-cut-and-run-in-minnesota-and-wisconsin/417869813/,startribune.com,20170401T203000Z,English,United States
reforestation,silviculture,Forest Service fire experts blocked from attending major fire conference,http://ravallirepublic.com/news/state-and-regional/article_dc9bcf49-00b4-5233-a06e-0e904bd81ba1.html,ravallirepublic.com,20171101T204500Z,English,United States
reforestation,silviculture,Forest Service fire experts blocked from attending major fire conference,http://missoulian.com/news/local/forest-service-fire-experts-blocked-from-attending-major-fire-conference/article_127599f5-a92f-5411-a76d-1f7cb95461c9.html,missoulian.com,20171101T201500Z,English,United States
reforestation,silviculture,Forest Service fire experts blocked from attending major fire conference,http://billingsgazette.com/news/state-and-regional/forest-service-fire-experts-blocked-from-attending-major-fire-conference/article_5b63bddf-f323-514f-974b-12dd6575c925.html,billingsgazette.com,20171101T200000Z,English,United States
reforestation,silviculture,Forest Service fire experts blocked from attending major fire conference,http://helenair.com/news/state-and-regional/forest-service-fire-experts-blocked-from-attending-major-fire-conference/article_2b114a03-638a-524d-8634-f8378a147ad3.html,helenair.com,20171101T191500Z,English,United States
reforestation,silviculture,Forest Service fire experts blocked from attending major fire conference,http://mtstandard.com/news/state-and-regional/forest-service-fire-experts-blocked-from-attending-major-fire-conference/article_c5a34920-36dc-56ae-918b-b72da3c2aaae.html,mtstandard.com,20171101T190000Z,English,United States
reforestation,silviculture,Commissioner Putnam Announces Winners of Agricultural,http://www.pressreleasepoint.com/commissioner-putnam-announces-winners-agricultural-environmental-leadership-award,pressreleasepoint.com,20171101T181500Z,English,United States
reforestation,silviculture,Should you use cypress mulch ?,https://www.mnn.com/your-home/organic-farming-gardening/stories/should-you-use-cypress-mulch,mnn.com,20171101T171500Z,English,United States
reforestation,silviculture,Elmendorf named Joseph E . Ibberson Chair in Urban and Community Forestry,http://news.psu.edu/story/491397/2017/10/31/academics/elmendorf-named-joseph-e-ibberson-chair-urban-and-community,news.psu.edu,20171031T201500Z,English,United States
reforestation,silviculture,October 2017,http://extension.msstate.edu/newsletters/the-overstory/2017/october-2017,extension.msstate.edu,20171031T024500Z,English,United States
reforestation,silviculture,CO2 Science,http://www.co2science.org/articles/V20/oct/a17.php,co2science.org,20171030T180000Z,English,United States
reforestation,silviculture,State of Montana,http://www.4-traders.com/news/State-of-Montana-Governor-Bullock-s-Appointments--25382314/,4-traders.com,20171027T220000Z,English,United States
reforestation,silviculture,Inspecting Your New Plantation,http://extension.msstate.edu/publications/publications/inspecting-your-new-plantation,extension.msstate.edu,20171026T221500Z,English,United States
reforestation,silviculture,Deltic Timber : Potlatch and Deltic Timber to Combine,http://www.4-traders.com/DELTIC-TIMBER-CORP-12281/news/Deltic-Timber-Potlatch-and-Deltic-Timber-to-Combine-25339645/,4-traders.com,20171023T114500Z,English,United States
reforestation,silviculture,Dehradun,https://wn.com/Dehradun,wn.com,20171022T234500Z,English,United States
reforestation,silviculture,Flathead Forest research project seeks to adapt forests to climate change,http://missoulian.com/news/local/flathead-forest-research-project-seeks-to-adapt-forests-to-climate/article_25f73d9b-05fb-50fb-8eb9-ab5406a38b19.html,missoulian.com,20171022T021500Z,English,United States
reforestation,silviculture,Zasso Digital Herbicide Secures Equity Funding,http://www.finsmes.com/2017/10/zasso-digital-herbicide-secures-equity-funding.html,finsmes.com,20171021T211500Z,English,United States
reforestation,silviculture,Zasso Secures Equity Financing From Green Towers and Ergas Ventures,http://www.marketwatch.com/story/zasso-secures-equity-financing-from-green-towers-and-ergas-ventures-2017-10-20,marketwatch.com,20171021T034500Z,English,United States
reforestation,silviculture,Zasso Secures Equity Financing From Green Towers and Ergas Ventures,https://www.prnewswire.com/news-releases/zasso-secures-equity-financing-from-green-towers-and-ergas-ventures-300540829.html,prnewswire.com,20171021T031500Z,English,United States
reforestation,silviculture,LETTER : Regarding the water bottling plant coming to Buckhorn Subdivision,http://www.chipleypaper.com/news/20171020/letter-regarding-water-bottling-plant-coming-to-buckhorn-subdivision,chipleypaper.com,20171020T170000Z,English,United States
reforestation,silviculture,Property owner discusses plans for proposed bottling site,http://www.chipleypaper.com/news/20171020/property-owner-discusses-plans-for-proposed-bottling-site,chipleypaper.com,20171020T170000Z,English,United States
reforestation,silviculture,Letter to Editor – Chipley Bugle,https://chipleybugle.com/2017/10/18/letter-to-editor/,chipleybugle.com,20171018T201500Z,English,United States
reforestation,silviculture,Letter to Editor from John Legg regarding Water Bottling Plan proposed for Buckhorn Sub Division ………,http://fosterfollynews.com/2017/10/18/letter-to-editor-from-john-legg-regarding-water-bottling-plan-proposed-for-buckhorn-sub-division/,fosterfollynews.com,20171018T134500Z,English,United States
reforestation,silviculture,Forest Thinning Project Saved Oregon Homes From Fires,https://www.claimsjournal.com/news/west/2017/10/18/281146.htm,claimsjournal.com,20171018T124500Z,English,United States
reforestation,silviculture,Forest,http://www.peninsuladailynews.com/news/forest-thinning-project-saved-homes-but-highlights-obstacles/,peninsuladailynews.com,20171018T124500Z,English,United States
reforestation,silviculture,Forest,http://www.timesunion.com/news/science/article/Project-saved-homes-from-fires-but-can-it-be-12280695.php,timesunion.com,20171018T063000Z,English,United States
reforestation,silviculture,"Project saved homes from fires , but can it be duplicated ? – The Daily Reporter",http://www.thedailyreporteronline.com/news/2017/10/18/project-saved-homes-from-fires-but-can-it-be-duplicated/,thedailyreporteronline.com,20171018T053000Z,English,United States
reforestation,silviculture,Collaborative Project Saved Homes in Oregon from Fires . Can It Be Duplicated ?,http://www.insurancejournal.com/news/west/2017/10/17/467795.htm,insurancejournal.com,20171018T040000Z,English,United States
reforestation,silviculture,Letter to Editor from John Legg regarding Water Bottling Plan proposed for Buckhorn Sub Division ………,http://fosterfollynews.com/2017/10/17/letter-to-editor-from-john-legg-regarding-water-bottling-plan-proposed-for-buckhorn-sub-division/,fosterfollynews.com,20171017T233000Z,English,United States
reforestation,silviculture,Forest,http://registerguard.com/rg/news/local/36058231-75/forest-thinning-project-saved-homes-near-sisters-but-highlights-obstacles.html.csp,registerguard.com,20171017T183000Z,English,United States
reforestation,silviculture,Effort in Sisters saved homes but highlights obstacles,http://www.mailtribune.com/news/20171016/effort-in-sisters-saved-homes-but-highlights-obstacles,mailtribune.com,20171017T044500Z,English,United States
reforestation,silviculture,Forest,http://www.myplainview.com/news/science/article/Project-saved-homes-from-fires-but-can-it-be-12280695.php,myplainview.com,20171017T043000Z,English,United States
reforestation,silviculture,US,https://www.agweb.com/article/us-wildfires-thinning-forests-apnews/,agweb.com,20171016T223000Z,English,United States
reforestation,silviculture,"This Project Saved Oregon Homes From Wildfires , But Can It Be Duplicated ? . News",http://www.opb.org/news/article/oregon-wildfire-forest-thinning-logging-tree-removal/,opb.org,20171016T223000Z,English,United States
reforestation,silviculture,"Project saved homes from fires , but can it be duplicated ?",http://www.gazettenet.com/Forest-thinning-project-saved-homes-13146866,gazettenet.com,20171016T223000Z,English,United States
reforestation,silviculture,Forest,http://magicvalley.com/news/national/forest-thinning-project-saved-homes-but-highlights-obstacles/article_21627c21-6649-56fb-8904-b2491cb1742c.html,magicvalley.com,20171016T221500Z,English,United States
reforestation,silviculture,Forest,http://siouxcityjournal.com/news/national/forest-thinning-project-saved-homes-but-highlights-obstacles/article_7716698a-c280-51c6-9084-fce62e44966c.html,siouxcityjournal.com,20171016T214500Z,English,United States
reforestation,silviculture,"Project saved homes from fires , but can it be duplicated ?",http://www.columbian.com/news/2017/oct/16/project-saved-homes-from-fires-but-can-it-be-duplicated/,columbian.com,20171016T214500Z,English,United States
reforestation,silviculture,Forest,http://gazette.com/forest-thinning-project-saved-homes-but-highlights-obstacles/article/feed/502358,gazette.com,20171016T204500Z,English,United States
reforestation,silviculture,Forest,http://lacrossetribune.com/news/national/forest-thinning-project-saved-homes-but-highlights-obstacles/article_46761956-8e42-51d0-937e-29cc4cfa7767.html,lacrossetribune.com,20171016T204500Z,English,United States
reforestation,silviculture,Forest,http://missoulian.com/news/national/forest-thinning-project-saved-homes-but-highlights-obstacles/article_1b9da5ee-52aa-51bd-9bcb-f31742e44bd8.html,missoulian.com,20171016T203000Z,English,United States
reforestation,silviculture,Forest,https://www.heraldandnews.com/ap_news/oregon/forest-thinning-project-saved-homes-but-highlights-obstacles/article_12946536-c320-5d00-a977-965e028e1bc8.html,heraldandnews.com,20171016T201500Z,English,United States
reforestation,silviculture,Forest,https://www.wtvq.com/2017/10/16/forest-thinning-project-saved-homes-but-highlights-obstacles/,wtvq.com,20171016T201500Z,English,United States
reforestation,silviculture,Forest,http://www.stltoday.com/news/national/forest-thinning-project-saved-homes-but-highlights-obstacles/article_8566d0aa-40ef-5f19-997e-7f09a4e223a0.html,stltoday.com,20171016T201500Z,English,United States
reforestation,silviculture,Forest,http://muscatinejournal.com/news/national/forest-thinning-project-saved-homes-but-highlights-obstacles/article_c804825c-9829-5c45-b48a-8e561b12eba1.html,muscatinejournal.com,20171016T201500Z,English,United States
reforestation,silviculture,Forest,https://wdef.com/2017/10/16/forest-thinning-project-saved-homes-but-highlights-obstacles/,wdef.com,20171016T194500Z,English,United States
reforestation,silviculture,Forest,http://www.beaumontenterprise.com/news/science/article/Project-saved-homes-from-fires-but-can-it-be-12280695.php,beaumontenterprise.com,20171016T194500Z,English,United States
reforestation,silviculture,Forest,http://www.wbt.com/articles/ap-news/forest-thinning-project-saved-homes-highlights-obstacles,wbt.com,20171016T194500Z,English,United States
reforestation,silviculture,Forest,http://poststar.com/news/national/forest-thinning-project-saved-homes-but-highlights-obstacles/article_9fc9c8ee-a449-598c-b791-fcea340f6d0b.html,poststar.com,20171016T193000Z,English,United States
reforestation,silviculture,Forest,http://thegardenisland.com/news/national/forest-thinning-project-saved-homes-but-highlights-obstacles/article_d1475ef5-5fb1-5894-9aaa-46510bf2f40d.html,thegardenisland.com,20171016T193000Z,English,United States
reforestation,silviculture,Forest,http://dailyjournalonline.com/news/national/forest-thinning-project-saved-homes-but-highlights-obstacles/article_49fd1e77-02ca-566d-bcb1-ed34431895ae.html,dailyjournalonline.com,20171016T193000Z,English,United States
reforestation,silviculture,Forest,http://azdailysun.com/news/national/forest-thinning-project-saved-homes-but-highlights-obstacles/article_d2de5c69-6ccb-5cd9-9e0f-bdcdc95384d9.html,azdailysun.com,20171016T193000Z,English,United States
reforestation,silviculture,Forest,http://news.findlaw.com/apnews/8fded088a2024eb6a7d7c79b91f8d453,news.findlaw.com,20171016T193000Z,English,United States
reforestation,silviculture,Forest,http://www.fredericksburg.com/features/wire/forest-thinning-project-saved-homes-but-highlights-obstacles/article_1f82609a-1042-5540-9fef-01ae4e810e7f.html,fredericksburg.com,20171016T193000Z,English,United States
reforestation,silviculture,Forest,http://www.greensboro.com/ap/us_world/forest-thinning-project-saved-homes-but-highlights-obstacles/article_a797d136-8213-558c-b671-1b1681465d00.html,greensboro.com,20171016T191500Z,English,United States
reforestation,silviculture,Forest,http://www.chieftain.com/news/forest-thinning-project-saved-homes-but-highlights-obstacles/article_4f88fc94-e4da-541e-9269-7c00a93e92b6.html,chieftain.com,20171016T191500Z,English,United States
reforestation,silviculture,Forest,http://www.wacotrib.com/news/ap_nation/forest-thinning-project-saved-homes-but-highlights-obstacles/article_6679fd80-e6ee-5db4-8892-917e624be601.html,wacotrib.com,20171016T191500Z,English,United States
reforestation,silviculture,"Project saved homes from fires , but can it be duplicated ?",http://www.capitalpress.com/Oregon/20171016/project-saved-homes-from-fires-but-can-it-be-duplicated,capitalpress.com,20171016T191500Z,English,United States
reforestation,silviculture,Forest,http://www.omaha.com/money/markets/forest-thinning-project-saved-homes-but-highlights-obstacles/article_4e4a98ea-b402-589c-9632-6e5408ba6ffe.html,omaha.com,20171016T191500Z,English,United States
reforestation,silviculture,Forest,http://www.sunherald.com/news/business/article179061521.html,sunherald.com,20171016T191500Z,English,United States
reforestation,silviculture,Forest,http://tucson.com/news/national/forest-thinning-project-saved-homes-but-highlights-obstacles/article_83d7831a-4e1c-5c21-8204-bc8a7b511afe.html,tucson.com,20171016T191500Z,English,United States
reforestation,silviculture,"Project saved homes from fires , but can it be duplicated ?",http://www.ourmidland.com/news/science/article/Project-saved-homes-from-fires-but-can-it-be-12280695.php,ourmidland.com,20171016T184500Z,English,United States
reforestation,silviculture,Deschutes Collaborative Forest Project shows thinning can save homes,http://www.statesmanjournal.com/story/news/2017/10/16/deschutes-collaborative-forest-project-shows-targeted-thinning-burns-can-save-homes/767345001/,statesmanjournal.com,20171016T184500Z,English,United States
reforestation,silviculture,"Project saved central Oregon homes from wildfires , but can it be duplicated ?",http://www.oregonlive.com/wildfires/index.ssf/2017/10/project_saved_central_oregon_h.html,oregonlive.com,20171016T183000Z,English,United States
reforestation,silviculture,"Project saved homes from fires , but can it be duplicated ?",http://kval.com/news/local/project-saved-homes-from-fires-but-can-it-be-duplicated,kval.com,20171016T183000Z,English,United States
reforestation,silviculture,"Project saved homes from fires , but can it be duplicated ?",http://www.expressnews.com/news/science/article/Project-saved-homes-from-fires-but-can-it-be-12280695.php,expressnews.com,20171016T170000Z,English,United States
reforestation,silviculture,"Project saved homes from fires , but can it be duplicated ?",http://www.omaha.com/news/nation/project-saved-homes-from-fires-but-can-it-be-duplicated/article_4e4a98ea-b402-589c-9632-6e5408ba6ffe.html,omaha.com,20171016T170000Z,English,United States
reforestation,silviculture,"Project saved homes from fires , but can it be duplicated ?",http://www.chieftain.com/news/project-saved-homes-from-fires-but-can-it-be-duplicated/article_4f88fc94-e4da-541e-9269-7c00a93e92b6.html,chieftain.com,20171016T170000Z,English,United States
reforestation,silviculture,"Project saved homes from fires , but can it be duplicated ?",http://www.fredericksburg.com/news/news-wire/project-saved-homes-from-fires-but-can-it-be-duplicated/article_1f82609a-1042-5540-9fef-01ae4e810e7f.html,fredericksburg.com,20171016T170000Z,English,United States
reforestation,silviculture,"Project saved homes from fires , but can it be duplicated ?",http://www.greenwichtime.com/news/science/article/Project-saved-homes-from-fires-but-can-it-be-12280695.php,greenwichtime.com,20171016T170000Z,English,United States
reforestation,silviculture,"Project saved homes from fires , but can it be duplicated ?",http://www.nhregister.com/news/science/article/Project-saved-homes-from-fires-but-can-it-be-12280695.php,nhregister.com,20171016T170000Z,English,United States
reforestation,silviculture,"Project saved homes from fires , but can it be duplicated ?",http://www.thehour.com/news/science/article/Project-saved-homes-from-fires-but-can-it-be-12280695.php,thehour.com,20171016T170000Z,English,United States
reforestation,silviculture,"Project saved homes from fires , but can it be duplicated ?",http://journalstar.com/news/national/project-saved-homes-from-fires-but-can-it-be-duplicated/article_719e08eb-98b9-5b75-90d9-e08e987b3ae1.html,journalstar.com,20171016T170000Z,English,United States
reforestation,silviculture,"Project saved homes from wildfires , but can it be duplicated ?",https://www.firerescue1.com/wildfire/articles/334231018-Project-saved-homes-from-wildfires-but-can-it-be-duplicated/,firerescue1.com,20171016T164500Z,English,United States
reforestation,silviculture,"Project saved homes from fires , but can it be duplicated ?",http://www.yumasun.com/news/national_news/project-saved-homes-from-fires-but-can-it-be-duplicated/article_0aa5928d-bf15-5d8e-b30c-583f35dfac9e.html,yumasun.com,20171016T164500Z,English,United States
reforestation,silviculture,"Project saved homes from fires , but can it be duplicated ?",http://www.wral.com/project-saved-homes-from-fires-but-can-it-be-duplicated-/17019607/,wral.com,20171016T164500Z,English,United States
reforestation,silviculture,"Project saved homes from fires , but can it be duplicated ?",http://www.dailyastorian.com/Local_News/20171016/project-saved-homes-from-fires-but-can-it-be-duplicated,dailyastorian.com,20171016T161500Z,English,United States
reforestation,silviculture,"Project saved homes from fires , but can it be duplicated ?",http://kcby.com/news/local/project-saved-homes-from-fires-but-can-it-be-duplicated,kcby.com,20171016T160000Z,English,United States
reforestation,silviculture,"Project Saved Homes From Fires , But Can It Be Duplicated ? « CBS Dallas / Fort Worth",http://dfw.cbslocal.com/2017/10/16/project-saved-homes-fires-duplicated/,dfw.cbslocal.com,20171016T114500Z,English,United States
reforestation,silviculture,"Project saved homes from fires , but can it be duplicated ?",http://projects.registerguard.com/apf/ore/us-wildfires-thinning-forests/,projects.registerguard.com,20171016T110000Z,English,United States
reforestation,silviculture,"Project saved homes from fires , but can it be duplicated ?",http://www.stamfordadvocate.com/news/science/article/Project-saved-homes-from-fires-but-can-it-be-12280695.php,stamfordadvocate.com,20171016T110000Z,English,United States
reforestation,silviculture,"Project saved homes from fires , but can it be duplicated ?",http://www.ctpost.com/news/science/article/Project-saved-homes-from-fires-but-can-it-be-12280695.php,ctpost.com,20171016T110000Z,English,United States
reforestation,silviculture,"Project saved homes from fires , but can it be duplicated ?",http://www.hickoryrecord.com/news/us/ap/project-saved-homes-from-fires-but-can-it-be-duplicated/article_3b1e9971-826a-5f6f-a33f-462e6f4c8e93.html,hickoryrecord.com,20171016T104500Z,English,United States
reforestation,silviculture,"Project saved homes from fires , but can it be duplicated ?",https://www.wtvq.com/2017/10/16/project-saved-homes-from-fires-but-can-it-be-duplicated/,wtvq.com,20171016T104500Z,English,United States
reforestation,silviculture,"Project saved homes from fires , but can it be duplicated ?",https://www.washingtonpost.com/national/energy-environment/project-saved-homes-from-fires-but-can-it-be-duplicated/2017/10/16/f6ba3608-b247-11e7-9b93-b97043e57a22_story.html,washingtonpost.com,20171016T104500Z,English,United States
reforestation,silviculture,"Project saved homes from fires , but can it be duplicated ?",http://www.news957.com/world/2017/10/16/project-saved-homes-from-fires-but-can-it-be-duplicated/,news957.com,20171016T100000Z,English,United States
reforestation,silviculture,"Project saved homes from fires , but can it be duplicated ?",https://wdef.com/2017/10/16/project-saved-homes-from-fires-but-can-it-be-duplicated/,wdef.com,20171016T100000Z,English,United States
reforestation,silviculture,"Project saved homes from fires , but can it be duplicated ?",http://www.tribtown.com/2017/10/16/us-wildfires-thinning-forests/,tribtown.com,20171016T100000Z,English,United States
reforestation,silviculture,"Project saved homes from fires , but can it be duplicated ?",http://thegardenisland.com/news/national/project-saved-homes-from-fires-but-can-it-be-duplicated/article_d1475ef5-5fb1-5894-9aaa-46510bf2f40d.html,thegardenisland.com,20171016T100000Z,English,United States
reforestation,silviculture,"Project saved homes from fires , but can it be duplicated ?",http://www.mercedsunstar.com/news/business/article179061521.html,mercedsunstar.com,20171016T100000Z,English,United States
reforestation,silviculture,"Project saved homes from fires , but can it be duplicated ?",http://www.ccenterdispatch.com/news/national/article_3ed3226a-3f3a-50f6-ae04-c5c1c8e774d2.html,ccenterdispatch.com,20171016T094500Z,English,United States
reforestation,silviculture,"Project saved homes from fires , but can it be duplicated ?",http://www.reflector.com/National-News/2017/10/16/Project-saved-homes-from-fires-but-can-it-be-duplicated.html,reflector.com,20171016T094500Z,English,United States
reforestation,silviculture,"Project saved homes from fires , but can it be duplicated ?",http://www.newstimes.com/news/science/article/Project-saved-homes-from-fires-but-can-it-be-12280695.php,newstimes.com,20171016T093000Z,English,United States
reforestation,silviculture,"Project saved homes from fires , but can it be duplicated ?",https://phys.org/news/2017-10-homes-duplicated.html,phys.org,20171016T093000Z,English,United States
reforestation,silviculture,"Project saved homes from fires , but can it be duplicated ?",http://www.elpasoinc.com/news/ap_wire/us/project-saved-homes-from-fires-but-can-it-be-duplicated/article_5f8aef81-af90-5122-8910-b4bc8bb7e6c5.html,elpasoinc.com,20171016T091500Z,English,United States
reforestation,silviculture,"Project saved homes from fires , but can it be duplicated ?",http://www.bakersfield.com/ap/national/project-saved-homes-from-fires-but-can-it-be-duplicated/article_62af1f5f-32fb-55e1-a78d-f5b62ca24206.html,bakersfield.com,20171016T090000Z,English,United States
reforestation,silviculture,"Project saved homes from fires , but can it be duplicated ?",http://www.washingtontimes.com/news/2017/oct/16/project-saved-homes-from-fires-but-can-it-be-dupli/,washingtontimes.com,20171016T090000Z,English,United States
reforestation,silviculture,"Project saved homes from fires , but can it be duplicated ?",http://www.michigansthumb.com/news/science/article/Project-saved-homes-from-fires-but-can-it-be-12280695.php,michigansthumb.com,20171016T090000Z,English,United States
reforestation,silviculture,"Project saved homes from fires , but can it be duplicated ?",http://www.chron.com/news/science/article/Project-saved-homes-from-fires-but-can-it-be-12280695.php,chron.com,20171016T090000Z,English,United States
reforestation,silviculture,"Project saved homes from fires , but can it be duplicated ?",http://tucson.com/news/national/project-saved-homes-from-fires-but-can-it-be-duplicated/article_83d7831a-4e1c-5c21-8204-bc8a7b511afe.html,tucson.com,20171016T084500Z,English,United States
reforestation,silviculture,"Project saved homes from fires , but can it be duplicated ?",http://www.newspressnow.com/news/science/project-saved-homes-from-fires-but-can-it-be-duplicated/article_3e7da737-e8f3-5225-89a0-43f76c51097f.html,newspressnow.com,20171016T084500Z,English,United States
reforestation,silviculture,"Project saved homes from fires , but can it be duplicated ?",http://muscatinejournal.com/news/national/project-saved-homes-from-fires-but-can-it-be-duplicated/article_c804825c-9829-5c45-b48a-8e561b12eba1.html,muscatinejournal.com,20171016T084500Z,English,United States
reforestation,silviculture,"Project saved homes from fires , but can it be duplicated ?",http://abcnews.go.com/Technology/wireStory/project-saved-homes-fires-duplicated-50503284,abcnews.go.com,20171016T084500Z,English,United States
reforestation,silviculture,"Project saved homes from fires , but can it be duplicated ?",http://www.lmtonline.com/news/science/article/Project-saved-homes-from-fires-but-can-it-be-12280695.php,lmtonline.com,20171016T084500Z,English,United States
reforestation,silviculture,"Project saved homes from fires , but can it be duplicated ?",http://www.thecourierexpress.com/news/nation/project-saved-homes-from-fires-but-can-it-be-duplicated/article_52f34468-d000-5219-98b8-c6d0fafcc16f.html,thecourierexpress.com,20171016T084500Z,English,United States
reforestation,silviculture,"Project saved homes from fires , but can it be duplicated ?",http://www.fredericksburg.com/features/wire/project-saved-homes-from-fires-but-can-it-be-duplicated/article_1f82609a-1042-5540-9fef-01ae4e810e7f.html,fredericksburg.com,20171016T084500Z,English,United States
reforestation,silviculture,"Project saved homes from fires , but can it be duplicated ?",http://www.greensboro.com/ap/us_world/project-saved-homes-from-fires-but-can-it-be-duplicated/article_a797d136-8213-558c-b671-1b1681465d00.html,greensboro.com,20171016T083000Z,English,United States
reforestation,silviculture,"Project saved homes from fires , but can it be duplicated ?",http://www.wacotrib.com/news/ap_nation/project-saved-homes-from-fires-but-can-it-be-duplicated/article_6679fd80-e6ee-5db4-8892-917e624be601.html,wacotrib.com,20171016T083000Z,English,United States
reforestation,silviculture,"Project saved homes from fires , but can it be duplicated ?",http://www.newsadvance.com/news/national/wire/project-saved-homes-from-fires-but-can-it-be-duplicated/article_660e1fb2-b913-5338-980d-9b68d65ebc61.html,newsadvance.com,20171016T083000Z,English,United States
reforestation,silviculture,"Project saved homes from fires , but can it be duplicated ?",https://www.seattletimes.com/nation-world/project-saved-homes-from-fires-but-can-it-be-duplicated/,seattletimes.com,20171016T083000Z,English,United States
reforestation,silviculture,"Local lawmaker calls on Congress to fight wildfires : Westerman , a forestry expert , says current method  unsustainable",http://www.texarkanagazette.com/news/texarkana-region/story/2017/oct/16/local-lawmaker-calls-congress-fight-wildfires/695897/,texarkanagazette.com,20171016T083000Z,English,United States
reforestation,silviculture,"Project saved homes from fires , but can it be duplicated ?",http://www.sfgate.com/news/science/article/Project-saved-homes-from-fires-but-can-it-be-12280695.php,sfgate.com,20171016T083000Z,English,United States
reforestation,silviculture,"Project saved homes from fires , but can it be duplicated ?",http://www.tbo.com/ap/national/project-saved-homes-from-fires-but-can-it-be-duplicated-ap_nationald1b594c4045246b5a88a5a063b8444a6,tbo.com,20171016T083000Z,English,United States
reforestation,silviculture,"Project saved homes from fires , but can it be duplicated ?",http://www.seattlepi.com/news/science/article/Project-saved-homes-from-fires-but-can-it-be-12280695.php,seattlepi.com,20171016T083000Z,English,United States
reforestation,silviculture,"Project saved homes from fires , but can it be duplicated ?",http://www.dailyjournal.net/2017/10/16/us-wildfires-thinning-forests/,dailyjournal.net,20171016T081500Z,English,United States
reforestation,silviculture,"Project saved homes from fires , but can it be duplicated ?",http://www.therepublic.com/2017/10/16/us-wildfires-thinning-forests/,therepublic.com,20171016T081500Z,English,United States
reforestation,silviculture,Forest bathing program set in Washington,http://www.newmilfordspectrum.com/news/article/Forest-bathing-program-set-in-Washington-12270436.php,newmilfordspectrum.com,20171016T043000Z,English,United States
reforestation,silviculture,AllGov,http://www.allgov.com/officials/balsiger-james?officialid=28411,allgov.com,20171014T030000Z,English,United States
reforestation,silviculture,"County approves FLUM amendment , receives updates",http://www.chipleypaper.com/news/20171013/county-approves-flum-amendment-receives-updates,chipleypaper.com,20171013T150000Z,English,United States
reforestation,silviculture,"Tough Challenges Ahead for California Firefighters , Residents , According to Virginia Tech Fire Expert",http://www.newswise.com/articles/tough-challenges-ahead-for-california-firefighters-residents-according-to-virginia-tech-fire-expert,newswise.com,20171012T151500Z,English,United States
reforestation,silviculture,Holmen : It entirely possible that Sweden could be a fossil,http://www.4-traders.com/HOLMEN-AB-13491323/news/Holmen-It-rsquo-s-entirely-possible-that-Sweden-could-be-a-fossil-free-country-within-50-years-25270964/,4-traders.com,20171012T151500Z,English,United States
reforestation,silviculture,Private Property Rights Collide With Invisible Frog,https://www.agweb.com/agday/article/private-property-rights-collide-with-invisible-frog-naa-chris-bennett/,agweb.com,20171010T120000Z,English,United States
reforestation,silviculture,Lawmakers focus on air pollution from wildfire,http://www.bluemountaineagle.com/News/20171009/lawmakers-focus-on-air-pollution-from-wildfire,bluemountaineagle.com,20171009T194500Z,English,United States
reforestation,silviculture,Brown : Investing in state,http://www.richlandsource.com/oped/brown-investing-in-state-of-the-art-schools/article_9c25ed0e-a7b6-11e7-b5cf-1742fe5284d9.html,richlandsource.com,20171008T220000Z,English,United States
reforestation,silviculture,"Reader Comment : While politicians exploit problems , Idahoans solve them",http://magicvalley.com/opinion/columnists/reader-comment-while-politicians-exploit-problems-idahoans-solve-them/article_9da9f192-d911-504b-904f-43638bbadab2.html,magicvalley.com,20171008T180000Z,English,United States
reforestation,silviculture,Forestry Software Market,http://www.tmcnet.com/usubmit/2017/10/06/8626117.htm,tmcnet.com,20171006T171500Z,English,United States
reforestation,silviculture,Forestry Software Market,http://www.marketwatch.com/story/forestry-software-market---trends-and-forecasts-by-technavio-2017-10-06,marketwatch.com,20171006T160000Z,English,United States
reforestation,silviculture,Forestry Software Market,http://www.businesswire.com/news/home/20171006005438/en/Forestry-Software-Market---Trends-Forecasts-Technavio,businesswire.com,20171006T160000Z,English,United States
reforestation,silviculture,Forestry Software Market,http://www.4-traders.com/news/Forestry-Software-Market-Trends-and-Forecasts-by-Technavio--25241053/,4-traders.com,20171006T160000Z,English,United States
reforestation,silviculture,"Steeplechase transmitted to state , regional agencies for review ; challenges remain",http://staugustine.com/local-news/news/2017-10-05/steeplechase-transmitted-state-regional-agencies-review-challenges-remain,staugustine.com,20171005T091500Z,English,United States
reforestation,silviculture,Washington County Planning Commission gives ‘ go ahead ’ to telecommunications tower ……….,http://fosterfollynews.com/2017/10/04/washington-county-planning-commission-gives-go-ahead-to-telecommunications-tower/,fosterfollynews.com,20171004T101500Z,English,United States
reforestation,silviculture,Lawmakers focus on air pollution from wildfire,http://www.eastoregonian.com/eo/local-news/20171003/lawmakers-focus-on-air-pollution-from-wildfire,eastoregonian.com,20171004T013000Z,English,United States
reforestation,silviculture,Youth crews spend summer supporting public lands and creating community,http://www.williamsnews.com/news/2017/oct/03/youth-crews-spend-summer-supporting-public-lands-a/,williamsnews.com,20171003T184500Z,English,United States
reforestation,silviculture,Off,http://www.richlandsource.com/oped/letters_to_the_editor/off-season-is-a-busy-time-for--h-too/article_e588f78e-a590-11e7-a1ec-374d67bf7a96.html,richlandsource.com,20171003T184500Z,English,United States
reforestation,silviculture,Virginia Beach residents thought it was going to be a 500,https://pilotonline.com/news/local/virginia-beach-residents-saddened-and-surprised-that-logging-replaced-efforts/article_56da2180-82cb-59c6-826e-d92053ba893a.html,pilotonline.com,20171002T204500Z,English,United States
reforestation,silviculture,Virginia Beach residents thought it was going to be a 500,https://pilotonline.com/news/local/virginia-beach-residents-thought-it-was-going-to-be-a/article_56da2180-82cb-59c6-826e-d92053ba893a.html,pilotonline.com,20171002T190000Z,English,United States
reforestation,silviculture,"Politicians exploit forest problems , Idahoans solve them",http://www.idahostatesman.com/opinion/readers-opinion/article176265451.html,idahostatesman.com,20171002T074500Z,English,United States
reforestation,silviculture,Reasons for rezoning Mohican Forest seem ill,http://www.richlandsource.com/oped/letters_to_the_editor/reasons-for-rezoning-mohican-forest-seem-ill-conceived/article_50a312e4-a54f-11e7-b5f9-bb755dffeca5.html,richlandsource.com,20171001T184500Z,English,United States
reforestation,silviculture,Brown : Alerting Ohioans to forced arbitration clauses,http://www.richlandsource.com/oped/brown-alerting-ohioans-to-forced-arbitration-clauses/article_9c6f3a52-a263-11e7-a18c-4bb01ce75793.html,richlandsource.com,20171001T184500Z,English,United States
reforestation,silviculture,What will Florida ( and its water supply ) look like in 2070 ?,http://staugustine.com/news/local-news/2017-10-01/what-will-florida-and-its-water-supply-look-2070,staugustine.com,20171001T104500Z,English,United States
reforestation,silviculture,North Kaibab wraps up successful season of fire management,http://www.grandcanyonnews.com/news/2017/nov/28/north-kaibab-wraps-successful-season-fire-manageme/,grandcanyonnews.com,20171128T223000Z,English,United States
reforestation,silviculture,"Newsmakers : Nov . 28 , 2017",http://www.pressrepublican.com/news/local_news/newsmakers-nov/article_a5bfe755-257c-509c-b803-fb6db327589b.html,pressrepublican.com,20171128T080000Z,English,United States
reforestation,silviculture,Woodland management workshop Wednesday,http://poststar.com/news/local/woodland-management-workshop-wednesday/article_f2cca171-6c05-582a-bcad-40e00c913d2d.html,poststar.com,20171127T170000Z,English,United States
reforestation,silviculture,Controlled Fire Season Winding Down at North Kaibab Ranger District,https://www.lakepowelllife.com/controlled-fire-season-winding-down-at-north-kaibab-ranger-district/,lakepowelllife.com,20171127T133000Z,English,United States
reforestation,silviculture,Zasso Digital Herbicide Opens New Research and Development Centre in Aachen,https://forimmediaterelease.net/zasso-digital-herbicide-opens-new-research-and-development-centre-in-aachen-28974/,forimmediaterelease.net,20171123T204500Z,English,United States
reforestation,silviculture,Zasso Digital Herbicide Opens New Research and Development Centre in Aachen,https://www.prnewswire.com/news-releases/zasso-digital-herbicide-opens-new-research-and-development-centre-in-aachen-300561445.html,prnewswire.com,20171123T201500Z,English,United States
reforestation,silviculture,Zasso Digital Herbicide Opens New Research and Development Centre in Aachen,http://www.tmcnet.com/usubmit/2017/11/23/8655475.htm,tmcnet.com,20171123T200000Z,English,United States
reforestation,silviculture,How Staples and the Dogwood Alliance Hope to Save the Forests of Appalachia,https://www.huffingtonpost.com/entry/how-staples-and-the-dogwood-alliance-hope-to-save-the_us_5a14f71be4b0f401dfa7eba4,huffingtonpost.com,20171122T054500Z,English,United States
reforestation,silviculture,"Getting Ahead for Sunday , Nov . 19",http://missoulian.com/business/getting-ahead/getting-ahead-for-sunday-nov/article_571e4fdf-fe5d-55f7-8abe-1fed8332e384.html,missoulian.com,20171119T193000Z,English,United States
reforestation,silviculture,Growing Your Own Oak Seedlings,http://extension.msstate.edu/publications/publications/growing-your-own-oak-seedlings,extension.msstate.edu,20171117T031500Z,English,United States
reforestation,silviculture,"Getting Ahead for Sunday , Nov . 12",http://missoulian.com/business/getting-ahead/getting-ahead-for-sunday-nov/article_83bfae80-3911-5429-b135-883b78b65016.html,missoulian.com,20171112T201500Z,English,United States
reforestation,silviculture,$1 . 6B About To Pour Into Weyerhaeuser,https://seekingalpha.com/article/4123235-1_6b-pour-weyerhaeuser,seekingalpha.com,20171111T151500Z,English,United States
reforestation,silviculture,Federal Register,https://www.federalregister.gov/documents/2017/11/08/2017-24204/certain-softwood-lumber-products-from-canada-final-affirmative-countervailing-duty-determination-and,federalregister.gov,20171108T140000Z,English,United States
reforestation,silviculture,Agriculture,http://wiu.edu/academics/majors/business_and_technology/agriculture.php,wiu.edu,20171108T001500Z,English,United States
reforestation,silviculture,Tester asks Forest Service to let fire scientists attend conference,http://missoulian.com/news/local/tester-asks-forest-service-to-let-fire-scientists-attend-conference/article_01d6f2a3-6caf-50ba-b947-0830efa7a0bf.html,missoulian.com,20171107T034500Z,English,United States
reforestation,silviculture,Open Space Adds Value to Your Community,http://extension.msstate.edu/publications/publications/open-space-adds-value-your-community,extension.msstate.edu,20171107T030000Z,English,United States
reforestation,silviculture,State issues burn permit reminders,http://www.valdostadailytimes.com/news/local_news/state-issues-burn-permit-reminders/article_e0e3931b-e7d3-55bb-bcf1-2bbee60b573f.html,valdostadailytimes.com,20171106T191500Z,English,United States
reforestation,silviculture,Oaks in Asheville Bent Creek are windows to history,http://www.citizen-times.com/story/news/local/2017/11/05/visiting-our-past-look-back-through-bent-creeks-oaks/830356001/,citizen-times.com,20171105T191500Z,English,United States
reforestation,silviculture,Valley News,http://www.vnews.com/Business-Notes-13540076,vnews.com,20171105T051500Z,English,United States
reforestation,silviculture,Forest Management,https://duboiscountyherald.com/b/forest-management,duboiscountyherald.com,20171104T150000Z,English,United States
reforestation,silviculture,RAYONIER : Management Discussion and Analysis of Financial Condition and Results of Operations ( form 10,http://www.4-traders.com/RAYONIER-INC-14314/news/RAYONIER-Management-s-Discussion-and-Analysis-of-Financial-Condition-and-Results-of-Operations-fo-25434965/,4-traders.com,20171103T211500Z,English,United States
reforestation,silviculture,How Big Business Uses Big Government To Ruin Small Fishermen Like Me,http://thefederalist.com/2017/11/03/big-business-uses-big-government-ruin-small-fishermen-like/,thefederalist.com,20171103T153000Z,English,United States
reforestation,silviculture,North Florida Land Trust pushes for conservation easements of sensitive land,http://staugustine.com/news/local-news/2017-11-03/north-florida-land-trust-pushes-conservation-easements-sensitive-land,staugustine.com,20171103T044500Z,English,United States
reforestation,silviculture,Sustainable Practices Make Perfect for Florida Farmers,http://www.growingproduce.com/vegetables/sustainable-practices-make-perfect-for-florida-farmers/,growingproduce.com,20171103T013000Z,English,United States
reforestation,silviculture,Maple Leaf Green World,https://investingnews.com/company-profiles/maple-leaf-green-world-organic-cannabis-oil/,investingnews.com,20171102T220000Z,English,United States
reforestation,silviculture,Forest Service fire experts blocked from attending major fire conference,http://ravallirepublic.com/news/state-and-regional/article_dc9bcf49-00b4-5233-a06e-0e904bd81ba1.html,ravallirepublic.com,20171101T204500Z,English,United States
reforestation,silviculture,Forest Service fire experts blocked from attending major fire conference,http://missoulian.com/news/local/forest-service-fire-experts-blocked-from-attending-major-fire-conference/article_127599f5-a92f-5411-a76d-1f7cb95461c9.html,missoulian.com,20171101T201500Z,English,United States
reforestation,silviculture,Forest Service fire experts blocked from attending major fire conference,http://billingsgazette.com/news/state-and-regional/forest-service-fire-experts-blocked-from-attending-major-fire-conference/article_5b63bddf-f323-514f-974b-12dd6575c925.html,billingsgazette.com,20171101T200000Z,English,United States
reforestation,silviculture,Forest Service fire experts blocked from attending major fire conference,http://helenair.com/news/state-and-regional/forest-service-fire-experts-blocked-from-attending-major-fire-conference/article_2b114a03-638a-524d-8634-f8378a147ad3.html,helenair.com,20171101T191500Z,English,United States
reforestation,silviculture,Forest Service fire experts blocked from attending major fire conference,http://mtstandard.com/news/state-and-regional/forest-service-fire-experts-blocked-from-attending-major-fire-conference/article_c5a34920-36dc-56ae-918b-b72da3c2aaae.html,mtstandard.com,20171101T190000Z,English,United States
reforestation,silviculture,Commissioner Putnam Announces Winners of Agricultural,http://www.pressreleasepoint.com/commissioner-putnam-announces-winners-agricultural-environmental-leadership-award,pressreleasepoint.com,20171101T181500Z,English,United States
reforestation,silviculture,Should you use cypress mulch ?,https://www.mnn.com/your-home/organic-farming-gardening/stories/should-you-use-cypress-mulch,mnn.com,20171101T171500Z,English,United States
reforestation,silviculture,"As Year End Nears , Agency Acts on Multiple Species",https://www.courthousenews.com/as-year-end-nears-agency-acts-on-multiple-species/,courthousenews.com,20171220T223000Z,English,United States
reforestation,silviculture,Bioflocculant production in a biomass,https://biotechnologyforbiofuels.biomedcentral.com/articles/10.1186/s13068-017-0987-6,biotechnologyforbiofuels.biomedcentral.com,20171220T054500Z,English,United States
reforestation,silviculture,Forestry remains steady despite 2017 challenges,http://extension.msstate.edu/news/2017/forestry-remains-steady-despite-2017-challenges,extension.msstate.edu,20171219T210000Z,English,United States
reforestation,silviculture,Eighteen institutions sign up to Tropical managed Forests Observatory,http://humanitariannews.org/20171218/eighteen-institutions-sign-tropical-managed-forests-observatory,humanitariannews.org,20171218T191500Z,English,United States
reforestation,silviculture,How to recognize a recreational fire versus a  hostile  fire,http://www.koaa.com/story/37080517/how-to-recognize-a-recreational-fire-versus-a-hostile-fire,koaa.com,20171216T050000Z,English,United States
reforestation,silviculture,CanWel Building Materials Announces Quarterly Dividend,https://www.marketwatch.com/story/canwel-building-materials-announces-quarterly-dividend-2017-12-15,marketwatch.com,20171215T133000Z,English,United States
reforestation,silviculture,Using the MSU Basal Area Angle Gauge,http://extension.msstate.edu/publications/information-sheets/using-the-msu-basal-area-angle-gauge,extension.msstate.edu,20171215T004500Z,English,United States
reforestation,silviculture,Local Farms to Nearby Lots : The Life of a Home Depot Christmas Tree,http://www.4-traders.com/HOME-DEPOT-THE-4826/news/Local-Farms-to-Nearby-Lots-The-Life-of-a-Home-Depot-Christmas-Tree-25639062/,4-traders.com,20171208T143000Z,English,United States
reforestation,silviculture,Airth ( place ) by DonJaime,https://everything2.com/user/DonJaime/writeups/Airth,everything2.com,20171205T023000Z,English,United States
reforestation,silviculture,"Kentucky agricultural cash receipts , net farm income rebound in past year from 2016 levels",http://www.kyforward.com/kentucky-agricultural-cash-receipts-net-farm-income-rebound-past-year-2016-levels/,kyforward.com,20171204T081500Z,English,United States
reforestation,silviculture,Motueka Valley fire prompts warning,http://www.msn.com/en-nz/news/national/motueka-valley-fire-prompts-warning/ar-BBG5NJj,msn.com,20171203T063000Z,English,United States
reforestation,silviculture,Agriculture - Academics,http://www.wiu.edu/academics/majors/business_and_technology/agriculture.php,wiu.edu,20180301T211500Z,English,United States
reforestation,silviculture,Raising a workforce : Federal and state agencies depend on seasonal employees for its short work season | State & Regional,http://missoulian.com/news/state-and-regional/raising-a-workforce-federal-and-state-agencies-depend-on-seasonal/article_47b6ab5e-32fa-5893-a904-4f8db597b945.html,missoulian.com,20180218T010000Z,English,United States
reforestation,silviculture,Raising a workforce : Federal and state agencies depend on seasonal employees for its short work season | State & Regional,http://ravallirepublic.com/news/state-and-regional/article_674fbed2-98e2-56e8-a97c-83dfe5c86ff5.html,ravallirepublic.com,20180218T003000Z,English,United States
reforestation,silviculture,Raising a workforce : Federal and state agencies depend on seasonal employees for its short work season | Montana,http://helenair.com/news/state-and-regional/raising-a-workforce-federal-and-state-agencies-depend-on-seasonal/article_b3b4c8d1-9346-5ec4-b137-3a3f37298859.html,helenair.com,20180217T224500Z,English,United States
reforestation,silviculture,FORESTER | EMP Sawmills & Timber,https://www.nrtoday.com/classifieds/employment/emp_sawmills_timber/forester/pdfdisplayad_c8a293f4-11de-11e8-8e0a-832fab955925.html,nrtoday.com,20180216T210000Z,English,United States
reforestation,silviculture,Real estate : Top 10 sales of the week | Jax Daily Record,https://www.jaxdailyrecord.com/article/real-estate-top-10-sales-of-the-week,jaxdailyrecord.com,20180216T160000Z,English,United States
reforestation,silviculture,"Catchmark Timber Trust : Announces Full - Year and Fourth Quarter 2017 Results , Declares First Quarter 2018 Dividend",http://www.4-traders.com/CATCHMARK-TIMBER-TRUST-IN-15196149/news/Catchmark-Timber-Trust-Announces-Full-Year-and-Fourth-Quarter-2017-Results-Declares-First-Quarter-26002498/,4-traders.com,20180215T213000Z,English,United States
reforestation,silviculture,"CatchMark Announces Full - Year and Fourth Quarter 2017 Results , Declares First Quarter 2018 Dividend",https://www.prnewswire.com/news-releases/catchmark-announces-full-year-and-fourth-quarter-2017-results-declares-first-quarter-2018-dividend-300599804.html,prnewswire.com,20180215T213000Z,English,United States
reforestation,silviculture,"CatchMark Announces Full - Year and Fourth Quarter 2017 Results , Declares First Quarter 2018 Dividend",https://www.marketwatch.com/story/catchmark-announces-full-year-and-fourth-quarter-2017-results-declares-first-quarter-2018-dividend-2018-02-15,marketwatch.com,20180215T213000Z,English,United States
reforestation,silviculture,FORESTER | EMP Sawmills & Timber,https://www.nrtoday.com/classifieds/employment/emp_sales_marketing/forester/pdfdisplayad_c8a293f4-11de-11e8-8e0a-832fab955925.html,nrtoday.com,20180215T023000Z,English,United States
reforestation,silviculture,Measuring Tree Heights for Urban Forest Inventories,http://extension.msstate.edu/publications/information-sheets/measuring-tree-heights-for-urban-forest-inventories,extension.msstate.edu,20180214T214500Z,English,United States
reforestation,silviculture,Purdue researchers release white paper on Indiana forest management issues | State,http://www.journalreview.com/news/state/article_b7bf9ac9-ee09-5130-874d-8d2b0a3d24e7.html,journalreview.com,20180214T173000Z,English,United States
reforestation,silviculture,Purdue researchers release white paper on Indiana forest management issues | News,http://www.hartfordcitynewstimes.com/news/purdue-researchers-release-white-paper-on-indiana-forest-management-issues/article_3eca6dee-10e6-11e8-912f-db959f42e6d5.html,hartfordcitynewstimes.com,20180214T164500Z,English,United States
reforestation,silviculture,$40 million worth of land in southern St . Johns County recently acquired from Rayonier - News - The St . Augustine Record,http://www.staugustine.com/news/20180214/40-million-worth-of-land-in-southern-st-johns-county-recently-acquired-from-rayonier,staugustine.com,20180214T123000Z,English,United States
reforestation,silviculture,Ecuador : Deforestation destroys more dry forest than climate change,http://environmentalresearchweb.org/cws/article/yournews/71105,environmentalresearchweb.org,20180213T104500Z,English,United States
reforestation,silviculture,Pressenza,https://www.pressenza.com/2018/02/behind-golden-door-resilience-todays-immigrants/,pressenza.com,20180209T163000Z,English,United States
reforestation,silviculture,Purdue researchers release white paper on Indiana forest management issues,http://www.purdue.edu/newsroom/releases/2018/Q1/purdue-researchers-release-white-paper-on-indiana-forest-management-issues.html,purdue.edu,20180208T210000Z,English,United States
reforestation,silviculture,Top 10 sales of the week | Jax Daily Record,https://www.jaxdailyrecord.com/article/top-10-sales-of-the-week-0,jaxdailyrecord.com,20180207T120000Z,English,United States
reforestation,silviculture,"Richard Lynn Folk , of Lewiston | Obituaries",http://dnews.com/obituaries/richard-lynn-folk-of-lewiston/article_2d2d9038-4178-5c87-a63b-73fafadbd772.html,dnews.com,20180206T193000Z,English,United States
reforestation,silviculture,"Obituary : Richard Lynn Folk , of Lewiston | Obituaries",http://dnews.com/obituaries/obituary-richard-lynn-folk-of-lewiston/article_2d2d9038-4178-5c87-a63b-73fafadbd772.html,dnews.com,20180206T101500Z,English,United States
reforestation,silviculture,Richard Lynn Folk | Obituaries,http://lmtribune.com/obituaries/richard-lynn-folk/article_a0942446-ad76-5f6c-bd4a-7856003d630a.html,lmtribune.com,20180206T094500Z,English,United States
reforestation,silviculture,Ecuador : Deforestation Destroys More Dry Forest Than Climate Change – Eurasia Review,http://www.eurasiareview.com/04022018-ecuador-deforestation-destroys-more-dry-forest-than-climate-change/,eurasiareview.com,20180204T020000Z,English,United States
reforestation,silviculture,Ecuador : Deforestation destroys more dry forest than climate change,https://eurekalert.org/pub_releases/2018-02/tuom-edd020218.php,eurekalert.org,20180203T211500Z,English,United States
reforestation,silviculture,Study : Deforestation destroys more dry forest than climate change,https://wattsupwiththat.com/2018/02/02/study-deforestation-destroys-more-dry-forest-than-climate-change/comment-page-1/,wattsupwiththat.com,20180203T174500Z,English,United States
reforestation,silviculture,Study : Deforestation destroys more dry forest than climate change,https://wattsupwiththat.com/2018/02/02/study-deforestation-destroys-more-dry-forest-than-climate-change/,wattsupwiththat.com,20180202T230000Z,English,United States
reforestation,silviculture,Climate Change News : Ecuador : Deforestation Destroys More Dry Forest Than Climate Change,https://www.enn.com/climate/article/53815,enn.com,20180202T193000Z,English,United States
reforestation,silviculture,"Indonesian palm , pulp companies commit to peatland restoration",https://news.mongabay.com/2018/02/indonesian-palm-pulp-companies-commit-to-peatland-restoration/,news.mongabay.com,20180202T181500Z,English,United States
reforestation,silviculture,Ecuador : Deforestation destroys more dry forest than climate change,https://www.eurekalert.org/pub_releases/2018-02/tuom-edd020218.php,eurekalert.org,20180202T163000Z,English,United States
reforestation,silviculture,Ecuador : Deforestation destroys more dry forest than climate change,http://www.pressreleasepoint.com/ecuador-deforestation-destroys-more-dry-forest-climate-change,pressreleasepoint.com,20180202T123000Z,English,United States
reforestation,silviculture,"CSU Professor , Department Head Linda Nagel presents on understanding climate change in forests",https://collegian.com/2018/03/dr-linda-nagel-presents-for-nrel-ess-seminar-series/,collegian.com,20180330T001500Z,English,United States
reforestation,silviculture,Nantahala and Pisgah National Forest Plan Revision panel draws hundreds,https://www.citizen-times.com/story/news/local/2018/03/29/panel-talks-mountain-biking-timber-trails-future-wncs-national-forests/465844002/,citizen-times.com,20180329T233000Z,English,United States
reforestation,silviculture,Forest Management and Certification Expert Dave Bubser Joins SCS Global Services,http://justmeans.com/press-release/forest-management-and-certification-expert-dave-bubser-joins-scs-global-services,justmeans.com,20180329T124500Z,English,United States
reforestation,silviculture,"Silviculture techniques help farmers improve incomes , develop more productive agricultural systems",http://humanitariannews.org/20180329/silviculture-techniques-help-farmers-improve-incomes-develop-more-productive-agricultural-s,humanitariannews.org,20180329T111500Z,English,United States
reforestation,silviculture,Natural Resource Institute Director final interviews – eCALS,https://ecals.cals.wisc.edu/2018/03/28/natural-resource-institute-director-final-interviews/,ecals.cals.wisc.edu,20180328T201500Z,English,United States
reforestation,silviculture,Silviculture Can Improve Farmer Incomes,http://justmeans.com/blog/silviculture-can-improve-farmers-incomes,justmeans.com,20180327T131500Z,English,United States
reforestation,silviculture,Brazilian Paper And Pulp Industry Overview - Fibria Celulose S . A . ( NYSE : FBR ),https://seekingalpha.com/article/4158837-brazilian-paper-pulp-industry-overview,seekingalpha.com,20180327T013000Z,English,United States
reforestation,silviculture,Conservationists and foresters at loggerheads over Poland ...,https://news.trust.org/item/20180324125229-fe1aa,news.trust.org,20180325T150000Z,English,United States
reforestation,silviculture,Conservationists and foresters at loggerheads over Poland ancient forest,https://www.reuters.com/article/us-poland-forest-logging/conservationists-and-foresters-at-loggerheads-over-polands-ancient-forest-idUSKBN1H10CU,reuters.com,20180325T111500Z,English,United States
reforestation,silviculture,Guest column : Forest issues need fact - based collaborative approach ;,http://www.bendbulletin.com/opinion/6103757-151/guest-column-forest-issues-need-fact-based-collaborative-approach,bendbulletin.com,20180325T090000Z,English,United States
reforestation,silviculture,Guest column : Forest issues need fact - based collaborative approach ;,http://www.bendbulletin.com/home/6103757-151/guest-column-forest-issues-need-fact-based-collaborative-approach,bendbulletin.com,20180325T090000Z,English,United States
reforestation,silviculture,FEATURE - Conservationists and foresters at loggerheads over Poland ancient forest,https://uk.reuters.com/article/poland-forest-logging/feature-conservationists-and-foresters-at-loggerheads-over-polands-ancient-forest-idUKL8N1R605O,uk.reuters.com,20180324T150000Z,English,United States
reforestation,silviculture,FEATURE - Conservationists and foresters at loggerheads over Poland ancient forest,https://in.reuters.com/article/poland-forest-logging/feature-conservationists-and-foresters-at-loggerheads-over-polands-ancient-forest-idINL8N1R605O,in.reuters.com,20180324T150000Z,English,United States
reforestation,silviculture,FEATURE - Conservationists and foresters at loggerheads over Poland ancient forest,https://www.reuters.com/article/poland-forest-logging/feature-conservationists-and-foresters-at-loggerheads-over-polands-ancient-forest-idUSL8N1R605O,reuters.com,20180324T140000Z,English,United States
reforestation,silviculture,Conservationists and foresters at loggerheads over Poland ...,http://news.trust.org/item/20180324125229-fe1aa/,news.trust.org,20180324T140000Z,English,United States
reforestation,silviculture,This is ag column : Maple syrup business whetting appetites near and far | Business | Truro Daily News,http://www.trurodaily.com/business/this-is-ag-column-maple-syrup-business-whetting-appetites-near-and-far-195394/,trurodaily.com,20180321T184500Z,English,United States
reforestation,silviculture,Top 10 sales of the week | Jax Daily Record,https://www.jaxdailyrecord.com/article/top-10-sales-of-the-week-5,jaxdailyrecord.com,20180321T161500Z,English,United States
reforestation,silviculture,Plans For Development Near Northwest Gainesville Walmart On Hold To Balance Environmental Interests – WUFT News,https://www.wuft.org/news/2018/03/15/plans-for-development-near-northwest-gainesville-walmart-on-hold-to-balance-environmental-interests/,wuft.org,20180315T200000Z,English,United States
reforestation,silviculture,Weyerhaeuser Improved Execution Should Pay Dividends - Weyerhaeuser Co . ( NYSE : WY ),https://seekingalpha.com/article/4156231-weyerhaeusers-improved-execution-pay-dividends,seekingalpha.com,20180314T133000Z,English,United States
reforestation,silviculture,Innovative housing - farming community proposed for Hogwaller | Local,http://www.dailyprogress.com/news/local/innovative-housing-farming-community-proposed-for-hogwaller/article_23d7e6da-2589-11e8-8348-d382fc6f50a9.html,dailyprogress.com,20180312T003000Z,English,United States
reforestation,silviculture,Opinion : Apalachicola National Forest needs protection,https://www.tallahassee.com/story/opinion/2018/03/09/opinion-apalachicola-national-forest-needs-protection/408324002/,tallahassee.com,20180309T184500Z,English,United States
reforestation,silviculture,Silviculture can improve farmer incomes,http://humanitariannews.org/20180309/silviculture-can-improve-farmers-incomes,humanitariannews.org,20180309T083000Z,English,United States
reforestation,silviculture,Of Ants and Earth,https://www.harvardmagazine.com/2003/03/of-ants-and-earth,harvardmagazine.com,20180306T214500Z,English,United States
reforestation,silviculture,Introduction to Renewable Biomaterials . First Principles and Concepts,https://www.satprnews.com/2018/03/04/introduction-to-renewable-biomaterials-first-principles-and-concepts-biomaterials-biotechnology-healthcare-industries/,satprnews.com,20180305T223000Z,English,United States
reforestation,silviculture,Jeff Stringer named chair of University of Kentucky Department of Forestry and Natural Resources - KyForward . com,http://www.kyforward.com/jeff-stringer-named-chair-university-kentucky-department-forestry-natural-resources/,kyforward.com,20180305T170000Z,English,United States
reforestation,silviculture,Agriculture - Academics,http://www.wiu.edu/academics/majors/business_and_technology/agriculture.php,wiu.edu,20180301T211500Z,English,United States
reforestation,silviculture,Tricia Gorby joins Cooperative Extension as Natural Resources Institute Director – eCALS,https://ecals.cals.wisc.edu/2018/04/30/tricia-gorby-joins-cooperative-extension-as-natural-resources-institute-director/,ecals.cals.wisc.edu,20180430T200000Z,English,United States
reforestation,silviculture,"Students partner with conservationists for tree planting , habitat improvement | Environment",http://www.thecourierexpress.com/news/environment/students-partner-with-conservationists-for-tree-planting-habitat-improvement/article_cee9aec3-1833-54e2-a41f-3d2c26d19e97.html,thecourierexpress.com,20180430T193000Z,English,United States
reforestation,silviculture,Drought status removed from 15 South Carolina counties – Outdoor News Daily,http://outdoornewsdaily.com/drought-status-removed-from-15-south-carolina-counties/,outdoornewsdaily.com,20180430T000000Z,English,United States
reforestation,silviculture,Weyerhaeuser ( WY ) CEO Doyle Simons on Q1 2018 Results - Earnings Call Transcript,https://seekingalpha.com/article/4167067-weyerhaeusers-wy-ceo-doyle-simons-q1-2018-results-earnings-call-transcript,seekingalpha.com,20180427T204500Z,English,United States
reforestation,silviculture,Sunny Hills fountain to be restored - News - Washington County News / Holmes County Times - Advertiser,http://www.chipleypaper.com/news/20180427/sunny-hills-fountain-to-be-restored,chipleypaper.com,20180427T174500Z,English,United States
reforestation,silviculture,"Drought status remains in Bamberg , not Calhoun and Orangeburg | Local",http://thetandd.com/news/local/drought-status-remains-in-bamberg-not-calhoun-and-orangeburg/article_61faf2d4-f887-5ec1-80d9-257cf0c462c7.html,thetandd.com,20180426T013000Z,English,United States
reforestation,silviculture,"Students partner with conservationists for tree planting , habitat improvement",http://news.psu.edu/story/518233/2018/04/24/academics/students-partner-conservationists-tree-planting-habitat,news.psu.edu,20180425T153000Z,English,United States
reforestation,silviculture,COVER STORY : Keeping the Land in the Family – DUKEnvironment Magazine,http://sites.nicholas.duke.edu/dukenvironment/2018/03/keeping-the-land-in-the-family/,sites.nicholas.duke.edu,20180424T034500Z,English,United States
reforestation,silviculture,RHS wins 2nd place at forestry competition | Local,http://www.northwestgeorgianews.com/polk_standard_journal/news/local/rhs-wins-nd-place-at-forestry-competition/article_562525f6-4647-11e8-a1b3-bf20bfb8ce8e.html,northwestgeorgianews.com,20180422T211500Z,English,United States
reforestation,silviculture,Shortcourse offered for owners of small timberland tracts,https://www.thedailyworld.com/news/shortcourse-offered-for-owners-of-small-timberland-tracts/,thedailyworld.com,20180422T100000Z,English,United States
reforestation,silviculture,Treeplanting,http://encyclopedia.tfd.com/treeplanting,encyclopedia.tfd.com,20180422T043000Z,English,United States
reforestation,silviculture,Shortcourse offered for owners of small timberland tracts,http://www.thedailyworld.com/news/shortcourse-offered-for-owners-of-small-timberland-tracts/,thedailyworld.com,20180421T101500Z,English,United States
reforestation,silviculture,Rotary invites public to tree planting | News,http://www.themoreheadnews.com/news/rotary-invites-public-to-tree-planting/article_a3eb6f40-449c-11e8-9b8e-b35c34ad2d81.html,themoreheadnews.com,20180420T171500Z,English,United States
reforestation,silviculture,Lewis County Gets New WSU Extension Forester | Life,http://www.chronline.com/life/lewis-county-gets-new-wsu-extension-forester/article_e91487a2-43fa-11e8-a18b-67656a76e729.html,chronline.com,20180419T184500Z,English,United States
reforestation,silviculture,Growing a new crop of foresters - Local News,http://www.dailyastorian.com/Local_News/20180419/growing-a-new-crop-of-foresters,dailyastorian.com,20180419T170000Z,English,United States
reforestation,silviculture,Growing new crop of foresters - Local News,http://www.chinookobserver.com/co/local-news/20180418/growing-new-crop-of-foresters,chinookobserver.com,20180418T213000Z,English,United States
reforestation,silviculture,The Uruguayan Agro Empresa Forestal opts for Inflor Forest,http://www.pulpapernews.com/20180418/9602/uruguayan-agro-empresa-forestal-opts-inflor-forest,pulpapernews.com,20180418T054500Z,English,United States
reforestation,silviculture,Still Chopping,http://flatheadbeacon.com/2018/04/17/still-chopping/,flatheadbeacon.com,20180417T234500Z,English,United States
reforestation,silviculture,FAO Alerts on Risks for Workers of Agricultural and Forestry,http://plenglish.com/index.php?o=rn&id=27205&SEO=fao-alerts-on-risks-for-workers-of-agricultural-and-forestry,plenglish.com,20180417T174500Z,English,United States
reforestation,silviculture,Uruguay  s Agro Empresa Forestal chooses Inflor to manage its forest asset,https://www.lesprom.com/en/news/Uruguays_Agro_Empresa_Forestal_chooses_Inflor_to_manage_its_forest_asset_82828/,lesprom.com,20180417T123000Z,English,United States
reforestation,silviculture,Uruguay  s Agro Empresa Forestal chooses Inflor to manage its forest asset,http://www.lesprom.com/en/news/Uruguays_Agro_Empresa_Forestal_chooses_Inflor_to_manage_its_forest_asset_82828/,lesprom.com,20180417T093000Z,English,United States
reforestation,silviculture,Explain the philosophy and science of Measure C | Letters to the Editor,http://napavalleyregister.com/star/news/opinion/mailbag/explain-the-philosophy-and-science-of-measure-c/article_bfd4c47b-b83f-50e6-8b89-f7783def5b80.html,napavalleyregister.com,20180414T071500Z,English,United States
reforestation,silviculture,Zasso Group AG Opens Zasso France and Raises Further Equity Financing,http://www.tmcnet.com/usubmit/2018/04/11/8733841.htm,tmcnet.com,20180411T213000Z,English,United States
reforestation,silviculture,Zasso Group AG Opens Zasso France and Raises Further Equity Financing,https://www.prnewswire.com/news-releases/zasso-group-ag-opens-zasso-france-and-raises-further-equity-financing-300628376.html,prnewswire.com,20180411T211500Z,English,United States
reforestation,silviculture,Zasso Group AG Opens Zasso France and Raises Further Equity Financing,https://www.marketwatch.com/story/zasso-group-ag-opens-zasso-france-and-raises-further-equity-financing-2018-04-11-16183450,marketwatch.com,20180411T211500Z,English,United States
reforestation,silviculture,Zasso Group AG Opens Zasso France and Raises Further Equity Financing,http://forimmediaterelease.net/zasso-group-ag-opens-zasso-france-and-raises-further-equity-financing-222314/,forimmediaterelease.net,20180411T211500Z,English,United States
reforestation,silviculture,Investorideas . com,http://www.investorideas.com/news/2018/cannabis/04112Zasso.asp,investorideas.com,20180411T190000Z,English,United States
reforestation,silviculture,Zasso GmbH,http://www.4-traders.com/news/Zasso-GmbH-Group-AG-Opens-France-and-Raises-Further-Equity-Financing--26324458/,4-traders.com,20180411T190000Z,English,United States
reforestation,silviculture,Zasso Group AG Opens Zasso France and Raises Further Equity Financing,http://www.4-traders.com/news/Zasso-Group-AG-Opens-Zasso-France-and-Raises-Further-Equity-Financing--26323140/,4-traders.com,20180411T151500Z,English,United States
reforestation,silviculture,Zasso Group AG Opens Zasso France and Raises Further Equity Financing,https://www.newswire.com/news/zasso-group-ag-opens-zasso-france-and-raises-further-equity-financing-20430325,newswire.com,20180411T144500Z,English,United States
reforestation,silviculture,How to Grow a Bamboo Industry,http://justmeans.com/blog/how-to-grow-a-bamboo-industry,justmeans.com,20180410T150000Z,English,United States
reforestation,silviculture,General Call for Applications - Science Roster ( Forests and Governance ),http://www.ecosystemmarketplace.com/jobs/general-call-applications-science-roster-forests-governance/,ecosystemmarketplace.com,20180406T203000Z,English,United States
reforestation,silviculture,The Gilmer Mirror,http://www.gilmermirror.com/view/full_story/27559579/article-SFA-to-recognize-Teaching-Excellence-Award-recipients,gilmermirror.com,20180406T183000Z,English,United States
reforestation,silviculture,Federal Register,https://www.federalregister.gov/documents/2018/04/06/2018-07108/endangered-and-threatened-wildlife-and-plants-section-4d-rule-for-louisiana-pinesnake,federalregister.gov,20180406T164500Z,English,United States
reforestation,silviculture,"TNRC Discuss Landslide Mapping , Invasive Species",http://www.transylvaniatimes.com/story/2018/04/05/news/tnrc-discuss-landslide-mapping-invasive-species/36241.html,transylvaniatimes.com,20180405T001500Z,English,United States
reforestation,silviculture,Learning Tree International : Project Learning Tree Canada to Place 1000 Youth in Green Jobs Through the SFI Network,http://www.4-traders.com/LEARNING-TREE-INTERNATION-9921/news/Learning-Tree-International-Project-Learning-Tree-Canada-to-Place-1000-Youth-in-Green-Jobs-Through-26278520/,4-traders.com,20180404T124500Z,English,United States
reforestation,silviculture,Cooperative Extension Natural Resource Institute Director final interviews – eCALS,https://ecals.cals.wisc.edu/2018/04/02/cooperative-extension-natural-resource-institute-director-final-interviews/,ecals.cals.wisc.edu,20180402T234500Z,English,United States
reforestation,silviculture,Explain the philosophy and science of Measure C | Letters to the Editor,http://napavalleyregister.com/opinion/letters/explain-the-philosophy-and-science-of-measure-c/article_d6efcd33-da74-5fa0-9d62-2ff68f3fc902.html,napavalleyregister.com,20180402T030000Z,English,United States
reforestation,silviculture,Neudorff and Zasso Form Joint Venture,https://www.prnewswire.com/news-releases/neudorff-and-zasso-form-joint-venture-300658192.html,prnewswire.com,20180601T160000Z,English,United States
reforestation,silviculture,Neudorff and Zasso Form Joint Venture,https://www.marketwatch.com/story/neudorff-and-zasso-form-joint-venture-2018-06-01,marketwatch.com,20180601T160000Z,English,United States
reforestation,silviculture,"Keith L . Belli named dean of Clemson College of Agriculture , Forestry and Life Sciences",https://newsstand.clemson.edu/mediarelations/keith-l-belli-named-dean-of-clemsons-college-of-agriculture-forestry-and-life-sciences/,newsstand.clemson.edu,20180531T021500Z,English,United States
reforestation,silviculture,Belli named dean of Clemson College of Agriculture,http://www.southeastfarmpress.com/management/belli-named-dean-clemsons-college-agriculture,southeastfarmpress.com,20180524T170000Z,English,United States
reforestation,silviculture,Montana : FWP Seeking Future Fisheries High School Student for Citizen Review Panel,http://www.thefishingwire.com/releases/e50b2761-78bd-49f9-ae5e-3f21a849d0e8,thefishingwire.com,20180524T073000Z,English,United States
reforestation,silviculture,"Montana Fish , Wildlife & Parks",http://fwp.mt.gov/news/newsReleases/councilsAndCommittees/nr_0177.html,fwp.mt.gov,20180522T220000Z,English,United States
reforestation,silviculture,"Keith L . Belli named dean of Clemson College of Agriculture , Forestry and Life Sciences",http://newsstand.clemson.edu/mediarelations/keith-l-belli-named-dean-of-clemsons-college-of-agriculture-forestry-and-life-sciences/,newsstand.clemson.edu,20180522T201500Z,English,United States
reforestation,silviculture,Senior Vice President Todd Reitz Assumes Responsibility for Oper - KSWO 7News,http://www.kswo.com/story/38187417/senior-vice-president-todd-reitz-assumes-responsibility-for-operations-of-catchmarks-existing-properties,kswo.com,20180514T233000Z,English,United States
reforestation,silviculture,Senior Vice President Todd Reitz Assumes Responsibility for Operations of CatchMark Existing,https://www.prnewswire.com/news-releases/senior-vice-president-todd-reitz-assumes-responsibility-for-operations-of-catchmarks-existing-properties-300648069.html,prnewswire.com,20180514T221500Z,English,United States
reforestation,silviculture,Catchmark Timber Trust : Senior Vice President Todd Reitz Assumes Responsibility for Operations of CatchMark Existing Properties,http://www.4-traders.com/CATCHMARK-TIMBER-TRUST-IN-15196149/news/Catchmark-Timber-Trust-Senior-Vice-President-Todd-Reitz-Assumes-Responsibility-for-Operations-of-C-26583169/,4-traders.com,20180514T220000Z,English,United States
reforestation,silviculture,Senior Vice President Todd Reitz Assumes Responsibility for Operations of CatchMark Existing Properties,https://www.marketwatch.com/story/senior-vice-president-todd-reitz-assumes-responsibility-for-operations-of-catchmarks-existing-properties-2018-05-14,marketwatch.com,20180514T220000Z,English,United States
reforestation,silviculture,EYE ON CLALLAM : Clallam comissioners to mull fireworks restrictions,http://www.peninsuladailynews.com/news/eye-on-clallam-clallam-comissioners-to-mull-fireworks-restrictions/,peninsuladailynews.com,20180513T021500Z,English,United States
reforestation,silviculture,FAO Forestry Paper 180 : Making forest concessions in the tropics work to achieve the 2030 Agenda : Voluntary Guidelines - World,https://reliefweb.int/report/world/fao-forestry-paper-180-making-forest-concessions-tropics-work-achieve-2030-agenda,reliefweb.int,20180510T114500Z,English,United States
reforestation,silviculture,PotlatchDeltic ( PCH ) CEO Mike Covey on Q1 2018 Results - Earnings Call Transcript,https://seekingalpha.com/article/4170174-potlatchdeltics-pch-ceo-mike-covey-q1-2018-results-earnings-call-transcript,seekingalpha.com,20180505T020000Z,English,United States
reforestation,silviculture,"Tantramar region receives $330 , 000 boost for environmental projects | Community | Truro Daily News",http://www.trurodaily.com/community/tantramar-region-receives-330000-boost-for-environmental-projects-206549/,trurodaily.com,20180502T134500Z,English,United States
reforestation,silviculture,Drought status removed from fifteen counties | News,https://www.kingstreenews.com/news/drought-status-removed-from-fifteen-counties/article_b85eb562-4e07-11e8-9405-0f057cfe589d.html,kingstreenews.com,20180502T133000Z,English,United States
reforestation,silviculture,Humanity is waging an inexplicable war on trees . It not going to work out for either side,http://www.latimes.com/opinion/op-ed/la-ol-patt-morrison-richard-powers-20180502-htmlstory.html,latimes.com,20180502T111500Z,English,United States
reforestation,silviculture,Street Photography by Oliver Merce,https://www.dodho.com/street-photography-by-oliver-merce/,dodho.com,20180627T053000Z,English,United States
reforestation,silviculture,"Assistant Professor , Silviculture and Applied Forest Ecology",http://www.sustainablebusiness.com/job/190-4/,sustainablebusiness.com,20180626T011500Z,English,United States
reforestation,silviculture,Hundreds more homes for northwest St . Johns County - News - The St . Augustine Record,http://www.staugustine.com/news/20180620/hundreds-more-homes-for-northwest-st-johns-county,staugustine.com,20180620T144500Z,English,United States
reforestation,silviculture,Fighting fire with fire : Clemson students prepare for front lines in fight against wildfires,http://newsstand.clemson.edu/mediarelations/fighting-fire-with-fire-clemson-students-prepare-for-front-lines-in-fight-against-wildfires/,newsstand.clemson.edu,20180619T213000Z,English,United States
reforestation,silviculture,Loaded agenda Tuesday for county commission - News - The St . Augustine Record,http://www.staugustine.com/news/20180617/loaded-agenda-tuesday-for-county-commission,staugustine.com,20180617T064500Z,English,United States
reforestation,silviculture,Forest science foundation study released ;,https://www.currypilot.com/news/6314520-151/forest-science-foundation-study-released,currypilot.com,20180616T033000Z,English,United States
reforestation,silviculture,"FL Governor and Cabinet Surpass 50 , 000 Acres Preserved Through Rural and Family Lands Protection Program",http://northfloridanow.com/fl-governor-and-cabinet-surpass-acres-preserved-through-rural-and-fa-p14208-92.htm,northfloridanow.com,20180614T191500Z,English,United States
reforestation,silviculture,Capital Soup,http://capitalsoup.com/2018/06/13/governor-cabinet-surpass-50000-acres-preserved-rural-family-lands-protection-program/,capitalsoup.com,20180614T020000Z,English,United States
reforestation,silviculture,Grand Oaks developer hopes to meet rising bar to gain approval - News - The St . Augustine Record,http://www.staugustine.com/news/20180612/grand-oaks-developer-hopes-to-meet-rising-bar-to-gain-approval,staugustine.com,20180612T070000Z,English,United States
reforestation,silviculture,Tangled Up in Indigo – Garden & Gun,https://gardenandgun.com/feature/tangled-up-in-indigo/,gardenandgun.com,20180608T221500Z,English,United States
reforestation,silviculture,Wood Industry Summit at Ligna 2019 focuses on resources and technology,https://www.woodworkingnetwork.com/events-contests/event-coverage/wood-industry-summit-ligna-2019-focuses-resources-and-technology,woodworkingnetwork.com,20180607T230000Z,English,United States
reforestation,silviculture,Engineer who worked on plans for nuclear - powered airplane later developed the fire spread model,http://wildfiretoday.com/2018/06/07/engineer-who-worked-on-plans-for-nuclear-powered-airplane-later-developed-the-fire-spread-model/,wildfiretoday.com,20180607T204500Z,English,United States
reforestation,silviculture,Air tanker training with the U . S . Forest Service,http://www.blackhillsfox.com/content/news/Air-tanker-training-with-the-US-Forest-Service-484627301.html,blackhillsfox.com,20180606T000000Z,English,United States
reforestation,silviculture,Untitled,http://www.capitalpress.com/events/20180510/3911/11496/Forestry_Shortcourse,capitalpress.com,20180604T111500Z,English,United States
reforestation,silviculture,Neudorff and Zasso Form Joint Venture,https://www.prnewswire.com/news-releases/neudorff-and-zasso-form-joint-venture-300658192.html,prnewswire.com,20180601T160000Z,English,United States
reforestation,silviculture,Neudorff and Zasso Form Joint Venture,https://www.marketwatch.com/story/neudorff-and-zasso-form-joint-venture-2018-06-01,marketwatch.com,20180601T160000Z,English,United States
reforestation,silviculture,Assistant Professor of Environmental Science - Sustainable Business,https://www.sustainablebusiness.com/job/220-19/,sustainablebusiness.com,20180927T191500Z,English,United States
reforestation,silviculture,2018 Voter Guide : Crow Wing County,http://www.brainerddispatch.com/news/government-and-politics/4504575-2018-voters-guide-crow-wing-county,brainerddispatch.com,20180927T024500Z,English,United States
reforestation,silviculture,Spotlight News – Bethlehem Planning Board ponders its first - ever application for ducks,https://www.spotlightnews.com/towns/bethlehem/2018/09/26/bethlehem-planning-board-ponders-its-first-ever-application-for-ducks/,spotlightnews.com,20180926T161500Z,English,United States
reforestation,silviculture,"WSU foresters share alder management insights at Kent , Raymond workshops | WSU Insider",https://news.wsu.edu/2018/09/25/wsu-foresters-share-alder-management-insights-kent-raymond-workshops/,news.wsu.edu,20180925T211500Z,English,United States
reforestation,silviculture,Gary Scott Selected as Employee of the quarter for Hoosier National Forest,http://www.wbiw.com/state/archive/2018/09/gary-scott-selected-as-employee-of-the-quarter-for-hoosier-national-forest.php,wbiw.com,20180923T160000Z,English,United States
reforestation,silviculture,"Bonner County Daily Bee - Outdoors , Forestry Shortcourse being offered in CdA",http://www.bonnercountydailybee.com/outdoors/20180923/forestry_shortcourse_being_offered_in_cda,bonnercountydailybee.com,20180923T141500Z,English,United States
reforestation,silviculture,"Bonner County Daily Bee - Outdoors , Forestry Shortcourse being offered in CdA",https://www.bonnercountydailybee.com/outdoors/20180923/forestry_shortcourse_being_offered_in_cda,bonnercountydailybee.com,20180923T141500Z,English,United States
reforestation,silviculture,Cattle farm tour shows how shade improves profits,http://www.dailystarjournal.com/agriculture/cattle-farm-tour-shows-how-shade-improves-profits/article_768599d1-1bb0-5e8c-89ee-f57df5d6094a.html,dailystarjournal.com,20180921T011500Z,English,United States
reforestation,silviculture,Workshop helps property owners deal with alder trees,https://www.kentreporter.com/business/workshop-helps-property-owners-deal-with-alder-trees/,kentreporter.com,20180915T103000Z,English,United States
reforestation,silviculture,Workshop helps property owners deal with alder trees,https://www.auburn-reporter.com/business/workshop-helps-property-owners-deal-with-alder-trees/,auburn-reporter.com,20180914T141500Z,English,United States
reforestation,silviculture,Workshop helps property owners deal with alder trees,http://www.kentreporter.com/business/workshop-helps-property-owners-deal-with-alder-trees/,kentreporter.com,20180914T014500Z,English,United States
reforestation,silviculture,Workshop helps property owners deal with alder trees,http://www.auburn-reporter.com/business/workshop-helps-property-owners-deal-with-alder-trees/,auburn-reporter.com,20180914T000000Z,English,United States
reforestation,silviculture,UI course will helps new family forest owners ask better questions,http://www.capitalpress.com/Idaho/20180913/ui-course-will-helps-new-family-forest-owners-ask-better-questions,capitalpress.com,20180913T181500Z,English,United States
reforestation,silviculture,How Sappi Ensures Responsible Wood and Fiber Sourcing,http://www.justmeans.com/article/how-sappi-ensures-responsible-wood-and-fiber-sourcing,justmeans.com,20180911T224500Z,English,United States
reforestation,silviculture,Kurt Steele to serve as acting Bitterroot Forest Supervisor,https://ravallirepublic.com/news/local/article_d98cb3da-bd42-5886-a6ec-8cd153eb705e.html,ravallirepublic.com,20180910T220000Z,English,United States
reforestation,silviculture,These Animals Are About to Disappear From the Planet Forever,https://www.msn.com/en-us/news/world/these-animals-are-about-to-disappear-from-the-planet-forever/ar-BBN6VGE,msn.com,20180910T071500Z,English,United States
reforestation,silviculture,These Animals Are About to Disappear From the Planet Forever,https://www.thestreet.com/personal-finance/these-animals-are-going-to-disappear-from-the-planet-14694644,thestreet.com,20180910T043000Z,English,United States
reforestation,silviculture,These Animals Are About to Disappear From the Planet Forever,http://www.msn.com/en-us/news/msn/these-animals-are-about-to-disappear-from-the-planet-forever/ar-BBN6VGE,msn.com,20180910T031500Z,English,United States
reforestation,silviculture,Daniel Robison announced as first finalist for Agriculture and Life Sciences dean at Iowa State University,http://www.hpj.com/ag_news/daniel-robison-announced-as-first-finalist-for-agriculture-and-life/article_047d9d10-b04a-11e8-8e12-8312a7eb3828.html,hpj.com,20180904T160000Z,English,United States
reforestation,silviculture,"Watershed Forester , East of Hudson - Sustainable Business",https://www.sustainablebusiness.com/job/224-13/,sustainablebusiness.com,20181101T080000Z,English,United States
reforestation,silviculture,"Names and changes : Business recognitions and promotions for the week of Oct . 28 , 2018",https://www.roanoke.com/business/names_and_changes/names-and-changes-business-recognitions-and-promotions-for-the-week/article_55e533fe-0902-597c-9ace-166626fca05b.html,roanoke.com,20181028T041500Z,English,United States
reforestation,silviculture,Weyerhaeuser Co ( WY ) Q3 2018 Earnings Conference Call Transcript -- The Motley Fool,https://www.fool.com/earnings/call-transcripts/2018/10/26/weyerhaeuser-co-wy-q3-2018-earnings-conference-cal.aspx?source=iedfolrf0000001,fool.com,20181026T190000Z,English,United States
reforestation,silviculture,Exciting New Programs Highlight the Opportunities Found at Grays Harbor College,http://www.graysharbortalk.com/2018/10/26/exciting-new-programs-highlight-the-opportunities-found-at-grays-harbor-college/,graysharbortalk.com,20181026T133000Z,English,United States
reforestation,silviculture,Daniel Robison named next endowed dean of CALS,http://www.iowastatedaily.com/news/daniel-robison-next-cals-dean/article_29b6d804-d894-11e8-841a-2fe537a48e4f.html,iowastatedaily.com,20181026T000000Z,English,United States
reforestation,silviculture,Iowa State names Robison as next Endowed Dean of Agriculture and Life Sciences,http://www.hpj.com/general/iowa-state-names-robison-as-next-endowed-dean-of-agriculture/article_86700f14-4395-525f-a2b1-b4fb9c946f29.html,hpj.com,20181025T221500Z,English,United States
reforestation,silviculture,Hope For Wildlife Center To Generate Solar Energy For Nova Scotia Power -- # CleanTechnica Exclusive,https://cleantechnica.com/2018/10/25/hope-for-wildlife-center-to-generate-solar-energy-for-nova-scotia-power-cleantechnica-exclusive/,cleantechnica.com,20181025T220000Z,English,United States
reforestation,silviculture,Peak of leaf color coming later in year for East Tennessee,https://www.thedailytimes.com/news/peak-of-leaf-color-coming-later-in-year-for-east/article_6c4a322b-8c00-50c7-8f11-e9f96497853f.html,thedailytimes.com,20181023T050000Z,English,United States
reforestation,silviculture,UVM To Host A Free Teen Science Café,https://www.caledonianrecord.com/features/school/uvm-to-host-a-free-teen-science-caf/article_53062e60-c7ef-522c-a257-4295368b5ee5.html,caledonianrecord.com,20181022T093000Z,English,United States
reforestation,silviculture,PZA moves forward on deal to get right of way for CR 2209 - News - The St . Augustine Record,http://www.staugustine.com/news/20181019/pza-moves-forward-on-deal-to-get-right-of-way-for-cr-2209,staugustine.com,20181019T130000Z,English,United States
reforestation,silviculture,Jack named founding executive director of Boggy Slough Conservation Area,http://lufkindailynews.com/news/local/article_ed219e7f-b194-57ea-ac28-752789302bc6.html,lufkindailynews.com,20181016T083000Z,English,United States
reforestation,silviculture,Larch Laboratory - Flathead Beacon,https://flatheadbeacon.com/2018/10/14/larch-laboratory/,flatheadbeacon.com,20181014T130000Z,English,United States
reforestation,silviculture,Forestry 101 : How current forest practices impact the future for the better,https://www.seattletimes.com/sponsored/forestry-101-how-current-forest-practices-impact-the-future-for-the-better/,seattletimes.com,20181012T224500Z,English,United States
reforestation,silviculture,"Waldo County Soil & Water Conservation District , Maine Forest Service conduct tour of Robbins Lumber",https://www.penbaypilot.com/article/waldo-county-soil-water-conservation-district-maine-forest-service-conduct-tour-robbi/108916,penbaypilot.com,20181012T161500Z,English,United States
reforestation,silviculture,Federal Register :: Endangered and Threatened Wildlife and Plants ; Threatened Species Status With Section 4 ( d ) Rule and Critical Habitat Designation for Atlantic Pigtoe,https://www.federalregister.gov/documents/2018/10/11/2018-21798/endangered-and-threatened-wildlife-and-plants-threatened-species-status-with-section-4d-rule-and,federalregister.gov,20181011T194500Z,English,United States
reforestation,silviculture,Outgoing state senator says Forest Service needs to focus efforts on protecting watersheds,https://ravallirepublic.com/news/local/article_188cc82e-ba0e-595b-aad0-bdeb4cb44b7d.html,ravallirepublic.com,20181007T164500Z,English,United States
reforestation,silviculture,"Farm tour shows how shade improves profits , cow comfort",http://www.hpj.com/livestock/farm-tour-shows-how-shade-improves-profits-cow-comfort/article_a9e6f4ba-c727-11e8-b67c-23e78dfc371f.html,hpj.com,20181003T213000Z,English,United States
reforestation,silviculture,Escambia Planning Board Rejects Change To Loosen Regulation On Rural Growth : NorthEscambia . com,http://www.northescambia.com/2018/10/escambia-planning-board-rejects-change-to-loosen-regulation-on-rural-growth,northescambia.com,20181002T103000Z,English,United States
reforestation,silviculture,Georgia Forestry Commission gives annual report to Dougherty County Commission,https://www.albanyherald.com/news/local/georgia-forestry-commission-gives-annual-report-to-dougherty-county-commission/article_d7e49ad7-200e-5461-898c-efeeda399fc1.html,albanyherald.com,20181127T224500Z,English,United States
reforestation,silviculture,Climate Change Drives Up Rural Poverty in Latin America Global Issues,http://www.globalissues.org/news/2018/11/24/24708,globalissues.org,20181124T121500Z,English,United States
reforestation,silviculture,Climate Change Drives Up Rural Poverty in Latin America,http://www.ipsnews.net/2018/11/climate-change-drives-rural-poverty-latin-america/,ipsnews.net,20181124T030000Z,English,United States
reforestation,silviculture,CanWel Building Materials Group Ltd . Announces Normal Course Issuer Bid,http://globenewswire.com/news-release/2018/11/22/1655574/0/en/CanWel-Building-Materials-Group-Ltd-Announces-Normal-Course-Issuer-Bid.html,globenewswire.com,20181122T131500Z,English,United States
reforestation,silviculture,California Super Fire Special – RADIO ECOSHOCK,https://www.ecoshock.org/2018/11/california-super-fire-special.html,ecoshock.org,20181122T090000Z,English,United States
reforestation,silviculture,Fighting fire with fire via  pyrosilviculture,https://www.davisenterprise.com/local-news/fighting-fire-with-fire-via-pyrosilviculture/,davisenterprise.com,20181122T011500Z,English,United States
reforestation,silviculture,"Guest view : Wildfires , watersheds and WSAs",https://helenair.com/opinion/columnists/guest-view-wildfires-watersheds-and-wsas/article_d0a611e8-3fff-5485-a193-ef17e71b2d34.html,helenair.com,20181120T181500Z,English,United States
reforestation,silviculture,"Guest view : Wildfires , watersheds and WSAs",https://mtstandard.com/opinion/columnists/guest-view-wildfires-watersheds-and-wsas/article_8efe6ba5-4c51-55f8-8779-78b89db34868.html,mtstandard.com,20181119T170000Z,English,United States
reforestation,silviculture,"Wildfires , watersheds and WSAs",https://missoulian.com/opinion/columnists/wildfires-watersheds-and-wsas/article_4c3fa59c-5415-5fd9-b5e7-9b97473a04a3.html,missoulian.com,20181119T154500Z,English,United States
reforestation,silviculture,"Catastrophic Wildfires and Climate Change Lead to Growing Acceptance of  Pyrosilviculture , UC ANR Says",https://goldrushcam.com/sierrasuntimes/index.php/news/local-news/16414-catastrophic-wildfires-and-climate-change-lead-to-growing-acceptance-of-pyrosilviculture-uc-anr-says,goldrushcam.com,20181116T210000Z,English,United States
reforestation,silviculture,The Forest for the Trees : Understanding Sustainable Forestry,https://news.thomasnet.com/featured/the-forest-for-the-trees-understanding-sustainable-forestry,news.thomasnet.com,20181116T070000Z,English,United States
reforestation,silviculture,Catastrophic wildfires and climate change lead to growing acceptance of  pyrosilviculture,https://yubanet.com/regional/catastrophic-wildfires-and-climate-change-lead-to-growing-acceptance-of-pyrosilviculture/,yubanet.com,20181116T030000Z,English,United States
reforestation,silviculture,Planning to request loosening motor home restrictions - News - Washington County News / Holmes County Times - Advertiser,https://www.chipleypaper.com/news/20181113/planning-to-request-loosening-motor-home-restrictions,chipleypaper.com,20181114T180000Z,English,United States
reforestation,silviculture,Planning to request loosening motor home restrictions - News - Washington County News / Holmes County Times - Advertiser,http://www.chipleypaper.com/news/20181113/planning-to-request-loosening-motor-home-restrictions,chipleypaper.com,20181113T231500Z,English,United States
reforestation,silviculture,Discovery and Learning in Mac Dunn - The Corvallis Advocate,http://www.corvallisadvocate.com/2018/discovery-and-learning-in-mac-dunn/,corvallisadvocate.com,20181110T211500Z,English,United States
reforestation,silviculture,OSU professor : Many local towns face risk of California - like wildfire destruction,https://katu.com/news/local/osu-professor-many-local-towns-face-risk-of-california-like-wildfire-destruction,katu.com,20181110T040000Z,English,United States
reforestation,silviculture,New dean selected for ISU College of Ag,https://www.wallacesfarmer.com/names-news/new-dean-selected-isu-college-ag,wallacesfarmer.com,20181108T141500Z,English,United States
reforestation,silviculture,McDonald - Dunn Balancing Act - The Corvallis Advocate,http://www.corvallisadvocate.com/2018/mcdonald-dunn-balancing-act/,corvallisadvocate.com,20181108T071500Z,English,United States
reforestation,silviculture,"Forester ( Silviculture ) Job in Pendleton , Oregon - Department of Agriculture",https://lemonwire.com/2018/11/03/forester-silviculture-job-in-pendleton-oregon-department-of-agriculture/,lemonwire.com,20181103T094500Z,English,United States
reforestation,silviculture,Liht Cannabis Corp . Expands Management Advisory Board to Seven,https://www.prnewswire.com:443/news-releases/liht-cannabis-corp-expands-management-advisory-board-to-seven-300743210.html,prnewswire.com,20181102T200000Z,English,United States
reforestation,silviculture,Liht Cannabis Corp . Expands Management Advisory Board to Seven,https://www.marketwatch.com/press-release/liht-cannabis-corp-expands-management-advisory-board-to-seven-2018-11-02,marketwatch.com,20181102T180000Z,English,United States
reforestation,silviculture,"Watershed Forester , East of Hudson - Sustainable Business",https://www.sustainablebusiness.com/job/224-13/,sustainablebusiness.com,20181101T080000Z,English,United States
reforestation,silviculture,Weyerhaeuser Co ( WY ) Q4 2018 Earnings Conference Call Transcript,https://news.yahoo.com/weyerhaeuser-co-wy-q4-2018-205039059.html,news.yahoo.com,20190201T213000Z,English,United States
reforestation,silviculture,Weyerhaeuser Co ( WY ) Q4 2018 Earnings Conference Call Transcript -- The Motley Fool,https://www.fool.com/earnings/call-transcripts/2019/02/01/weyerhaeuser-co-wy-q4-2018-earnings-conference-cal.aspx?source=iedfolrf0000001,fool.com,20190201T211500Z,English,United States
reforestation,silviculture,"Feds must do more to manage fire - prone land , Gov . Kate Brown says",https://www.oregonlive.com/politics/2019/02/feds-must-do-more-to-manage-fire-prone-land-gov-kate-brown-says.html,oregonlive.com,20190201T161500Z,English,United States
reforestation,silviculture,Common Ground committee seats open,http://www.chaffeecountytimes.com/free_content/common-ground-committee-seats-open/article_7af162ae-25a4-11e9-ad63-536ab00c331b.html,chaffeecountytimes.com,20190201T103000Z,English,United States
reforestation,silviculture,Brown calls on feds to do more,https://www.bendbulletin.com/home/6893660-151/brown-calls-on-feds-to-do-more,bendbulletin.com,20190201T063000Z,English,United States
reforestation,silviculture,Oregon governor : Feds must do more to manage fire - prone land,https://democratherald.com/news/oregon-governor-feds-must-do-more-to-manage-fire-prone/article_225110b2-dd27-5a87-b97b-aab07e9716dc.html,democratherald.com,20190201T050000Z,English,United States
reforestation,silviculture,Oregon governor : Feds must do more to manage fire - prone land,https://www.gazettetimes.com/news/oregon-governor-feds-must-do-more-to-manage-fire-prone/article_52578623-86be-542f-931c-f461e73c1663.html,gazettetimes.com,20190201T041500Z,English,United States
reforestation,silviculture,Oregon governor : Feds must do more to manage fire - prone land,https://www.heraldandnews.com/ap_news/oregon/oregon-governor-feds-must-do-more-to-manage-fire-prone/article_ad4987de-add4-5db5-99ca-68580d219bee.html,heraldandnews.com,20190201T034500Z,English,United States
reforestation,silviculture,Oregon governor : Feds must do more to manage fire - prone land,https://lebanon-express.com/news/oregon-governor-feds-must-do-more-to-manage-fire-prone/article_9f2b763c-b139-5fd9-a118-3a683c937008.html,lebanon-express.com,20190201T034500Z,English,United States
reforestation,silviculture,Oregon governor : Feds must do more to manage fire - prone land,https://www.kptv.com/news/oregon-governor-feds-must-do-more-to-manage-fire-prone/article_ea83c39d-c1ab-53dc-80d1-252ad1fa4cba.html,kptv.com,20190201T031500Z,English,United States
reforestation,silviculture,Gov . Brown : Feds must do more to manage fire - prone land,https://katu.com/news/local/gov-kate-brown-feds-must-do-more-to-manage-fire-prone-land,katu.com,20190201T030000Z,English,United States
reforestation,silviculture,Oregon governor : Feds must do more to manage fire - prone land,https://www.bendbulletin.com/home/6893660-151/oregon-governor-feds-must-do-more-to-manage,bendbulletin.com,20190201T023000Z,English,United States
reforestation,silviculture,Oregon governor : Feds must do more to manage fire - prone land,https://www.bendbulletin.com/localstate/6893660-151/story.html,bendbulletin.com,20190201T023000Z,English,United States
reforestation,silviculture,Oregon governor : Feds must do more to manage fire - prone land,https://www.nrtoday.com/ap/oregon-governor-feds-must-do-more-to-manage-fire-prone/article_014a80f0-42b2-5ab8-944d-ef1365ba9589.html,nrtoday.com,20190201T020000Z,English,United States
reforestation,silviculture,Oregon Gov . Kate Brown : Feds must do more to manage fire - prone land,https://www.statesmanjournal.com/story/news/2019/01/31/oregon-gov-kate-brown-feds-must-do-more-manage-fire-prone-land/2738546002/,statesmanjournal.com,20190201T011500Z,English,United States
reforestation,silviculture,Oregon governor : Feds must do more to manage fire - prone land,https://www.seattletimes.com/seattle-news/northwest/oregon-governor-feds-must-do-more-to-manage-fire-prone-land/,seattletimes.com,20190201T000000Z,English,United States
reforestation,silviculture,Oregon governor : Feds must do more to manage fire - prone land,https://www.sfgate.com/news/article/Oregon-governor-Feds-must-do-more-to-manage-13578775.php,sfgate.com,20190201T000000Z,English,United States
reforestation,silviculture,Oregon governor : Feds must do more to manage fire - prone land,https://www.nhregister.com/news/article/Oregon-governor-Feds-must-do-more-to-manage-13578775.php,nhregister.com,20190201T000000Z,English,United States
reforestation,silviculture,County seeks applications for Common Grounds committee,http://www.themountainmail.com/free_content/article_baedd3d2-23de-11e9-8a8a-3b11d764ec26.html,themountainmail.com,20190129T190000Z,English,United States
reforestation,silviculture,Georgetown conservation district awards scholarship,https://www.southstrandnews.com/community/georgetown-conservation-district-awards-scholarship/article_1d367c02-233e-11e9-8028-dfcc53280b42.html,southstrandnews.com,20190128T220000Z,English,United States
reforestation,silviculture,Mexican council : Forests absorb 30 pct . of CO2 emissions from human activity | Science & Technology | English edition,https://www.efe.com/efe/english/technology/mexican-council-forests-absorb-30-pct-of-co2-emissions-from-human-activity/50000267-3880973,efe.com,20190128T214500Z,English,United States
reforestation,silviculture,The Industry of Forestry,https://www.utne.com/environment/industry-of-forestry-ze0z1901zgsch,utne.com,20190126T010000Z,English,United States
reforestation,silviculture,Northfield Shares awards nearly $1 . 3 million to charities in 2018,http://www.southernminn.com/northfield_news/news/article_c77f85b5-67b7-54e8-a2d2-2cbf649a235a.html,southernminn.com,20190122T210000Z,English,United States
reforestation,silviculture,Assistant Professor in Silviculture and Applied Forest Ecology,https://www.sustainablebusiness.com/job/237-8/,sustainablebusiness.com,20190122T103000Z,English,United States
reforestation,silviculture,There so much potential  | Northwest,https://lmtribune.com/northwest/there-s-so-much-potential/article_da8aeb07-b73e-543c-8888-9d3e91f2d593.html,lmtribune.com,20190118T114500Z,English,United States
reforestation,silviculture,"Biomass - N . C . Bioenergy Research and New and Emerging Crops Initiative Awards Nearly $1 Million in Grants - Renewable Energy Magazine , at the heart of clean energy journalism",https://www.renewableenergymagazine.com/biomass/n-c-bioenergy-research-and-new-and-20190116,renewableenergymagazine.com,20190116T170000Z,English,United States
reforestation,silviculture,Brazil and Peru Trade Expertise on Cocoa Agroforestry in First - Ever Exchange,https://www.worldcocoafoundation.org/blog/brazil-and-peru-trade-expertise-on-cocoa-agroforestry-in-first-ever-exchange/,worldcocoafoundation.org,20190115T161500Z,English,United States
reforestation,silviculture,Brazil and Chile Trade Expertise on Cocoa Agroforestry in First - Ever Exchange,https://www.worldcocoafoundation.org/blog/brazil-and-chile-trade-expertise-on-cocoa-agroforestry-in-first-ever-exchange/,worldcocoafoundation.org,20190114T164500Z,English,United States
reforestation,silviculture,Report shows changing demand for wood fiber is impacting residuals markets,http://www.pulpapernews.com/20190114/10281/report-shows-changing-demand-wood-fiber-impacting-residuals-markets,pulpapernews.com,20190114T103000Z,English,United States
reforestation,silviculture,N . C . Bioenergy Research and New and Emerging Crops Initiative announce 2018 - 2019 grant recipients,http://www.pressreleasepoint.com/nc-bioenergy-research-and-new-and-emerging-crops-initiative-announce-2018-2019-grant-recipients,pressreleasepoint.com,20190109T174500Z,English,United States
reforestation,silviculture,Inflor Forest is already a reality at Gerdau,http://www.pulpapernews.com/20190104/10261/inflor-forest-already-reality-gerdau,pulpapernews.com,20190104T113000Z,English,United States
reforestation,silviculture,"Mexico Forests , Both Victim of and Solution to Climate Change Global Issues",http://www.globalissues.org/news/2019/01/03/24858,globalissues.org,20190104T003000Z,English,United States
reforestation,silviculture,"Mexico Forests , Both Victim of and Solution to Climate Change",http://www.ipsnews.net/2019/01/mexicos-forests-victim-solution-climate-change/,ipsnews.net,20190103T211500Z,English,United States
reforestation,silviculture,UK Forestry and Natural Resources Extension Receives National Award,http://uknow.uky.edu/professional-news/uk-forestry-and-natural-resources-extension-receives-national-award,uknow.uky.edu,20190103T144500Z,English,United States
reforestation,silviculture,Maine Compass : Forests offer hope for our future,https://www.centralmaine.com/2019/01/01/maine-compass-forests-offer-hope-for-our-future/,centralmaine.com,20190101T103000Z,English,United States
reforestation,silviculture,CanWel Building Materials Completes Acquisition of Lignum Forest Products LLP,https://www.globenewswire.com/news-release/2019/04/01/1794720/0/en/CanWel-Building-Materials-Completes-Acquisition-of-Lignum-Forest-Products-LLP.html,globenewswire.com,20190401T213000Z,English,United States
reforestation,silviculture,"Interdisciplinary Ecologist / Forester Job in Portland , Oregon - Department of Agriculture",https://lemonwire.com/2019/03/31/interdisciplinary-ecologist-forester-job-in-portland-oregon-department-of-agriculture/,lemonwire.com,20190331T171500Z,English,United States
reforestation,silviculture,February snows boost Idaho forests,https://www.capitalpress.com/ag_sectors/timber/february-snows-boost-idaho-forests/article_8d9f2e32-4f33-11e9-a4b1-8778800bc4e1.html,capitalpress.com,20190329T200000Z,English,United States
reforestation,silviculture,The red maple : love it and hate it,http://www.hampshirereview.com/farm/article_698fee96-5096-11e9-8ae3-9bd9c9b7d0a0.html,hampshirereview.com,20190327T181500Z,English,United States
reforestation,silviculture,Asante Gold Appoints New Director,https://www.globenewswire.com/news-release/2019/03/21/1758617/0/en/Asante-Gold-Appoints-New-Director.html,globenewswire.com,20190321T140000Z,English,United States
reforestation,silviculture,Asante Gold Appoints New Director,http://www.globenewswire.com/news-release/2019/03/21/1758617/0/en/Asante-Gold-Appoints-New-Director.html,globenewswire.com,20190321T140000Z,English,United States
reforestation,silviculture,Governor reappoints Polk to TSSWCB,https://www.morningagclips.com/governor-reappoints-polk-to-tsswcb/,morningagclips.com,20190319T184500Z,English,United States
reforestation,silviculture,Restoring Tropical Forests Isnt Meaningful if Those Forests Only Stand for 10 or 20 Years,https://www.ecowatch.com/restoring-tropical-forests-2632125563.html,ecowatch.com,20190319T183000Z,English,United States
reforestation,silviculture,"Tropical Forests Are Being Replanted , But How Long Will the New Trees Last ?",https://undark.org/2019/03/19/tropical-reforestation-temporary/,undark.org,20190319T101500Z,English,United States
reforestation,silviculture,Restoring tropical forests isnt meaningful if those forests only stand for 10 or 20 years,https://www.ourmidland.com/news/article/Restoring-tropical-forests-isn-t-meaningful-if-13696356.php,ourmidland.com,20190319T061500Z,English,United States
reforestation,silviculture,Restoring tropical forests isnt meaningful if those forests only stand for 10 or 20 years,https://www.ctpost.com/news/article/Restoring-tropical-forests-isn-t-meaningful-if-13696356.php,ctpost.com,20190319T053000Z,English,United States
reforestation,silviculture,Restoring tropical forests isnt meaningful if those forests only stand for 10 or 20 years,https://www.nhregister.com/news/article/Restoring-tropical-forests-isn-t-meaningful-if-13696356.php,nhregister.com,20190319T030000Z,English,United States
reforestation,silviculture,Restoring tropical forests isnt meaningful if those forests only stand for 10 or 20 years,https://www.beaumontenterprise.com/news/article/Restoring-tropical-forests-isn-t-meaningful-if-13696356.php,beaumontenterprise.com,20190319T010000Z,English,United States
reforestation,silviculture,Restoring tropical forests isnt meaningful if those forests only stand for 10 or 20 years,https://www.houstonchronicle.com/news/article/Restoring-tropical-forests-isn-t-meaningful-if-13696356.php,houstonchronicle.com,20190318T203000Z,English,United States
reforestation,silviculture,Gov . Abbott reappoints Polk to conservation board,https://www.farmprogress.com/conservation/gov-abbott-reappoints-polk-conservation-board,farmprogress.com,20190318T180000Z,English,United States
reforestation,silviculture,Restoring tropical forests isnt meaningful if those forests only stand for 10 or 20 years,https://www.chron.com/news/article/Restoring-tropical-forests-isn-t-meaningful-if-13696356.php,chron.com,20190318T131500Z,English,United States
reforestation,silviculture,Restoring tropical forests isnt meaningful if those forests only stand for 10 or 20 years,https://wtop.com/asia/2019/03/restoring-tropical-forests-isnt-meaningful-if-those-forests-only-stand-for-10-or-20-years/,wtop.com,20190318T124500Z,English,United States
reforestation,silviculture,Restoring tropical forests isnt meaningful if those forests only stand for 10 or 20 years,https://www.sfgate.com/news/article/Restoring-tropical-forests-isn-t-meaningful-if-13696356.php,sfgate.com,20190318T113000Z,English,United States
reforestation,silviculture,ASHBY : 4 - H students at Capitol a highlight of the week,http://lufkindailynews.com/news/community/article_dfb1e857-b981-5b1a-a77b-7118256b8081.html,lufkindailynews.com,20190317T060000Z,English,United States
reforestation,silviculture,"SIU 67th annual All Ag Banquet recognizes students , alumni and faculty",https://news.siu.edu/2019/03/031519-ag-day.php,news.siu.edu,20190315T193000Z,English,United States
reforestation,silviculture,CanWel Building Materials Announces Quarterly Dividend,https://www.globenewswire.com/news-release/2019/03/15/1755233/0/en/CanWel-Building-Materials-Announces-Quarterly-Dividend.html,globenewswire.com,20190315T124500Z,English,United States
reforestation,silviculture,New age - restricted community takes step forward in St . Johns | Jax Daily Record | Financial News & Daily Record,https://www.jaxdailyrecord.com/article/new-age-restricted-community-takes-step-forward-in-st-johns,jaxdailyrecord.com,20190311T091500Z,English,United States
reforestation,silviculture,"Land Clearing Attachments Market Trends and Forecast 2018 - 2028 : John Deere , Bobcat Company , John Deere , Caterpillar Inc",https://www.openpr.com/news/1642110/Land-Clearing-Attachments-Market-Trends-and-Forecast-2018-2028-John-Deere-Bobcat-Company-John-Deere-Caterpillar-Inc.html,openpr.com,20190308T111500Z,English,United States
reforestation,silviculture,Research forest suffers from vandalism,http://www.orangemedianetwork.com/daily_barometer/research-forest-suffers-from-vandalism/article_d87c6de4-3e0c-11e9-ad8a-df0c0e02eb3e.html,orangemedianetwork.com,20190304T144500Z,English,United States
reforestation,silviculture,The Recorder - Carpenters Without Borders broadens Montague resident horizons,https://www.recorder.com/Carpenters-without-borders-broadens-Montague-resident-s-horizons-23107231,recorder.com,20190301T194500Z,English,United States
reforestation,silviculture,Ka  ū Coffee Festival Hosting College on May 5,http://bigislandnow.com/2019/04/30/kau-coffee-festival-hosting-college-on-may-5/,bigislandnow.com,20190501T000000Z,English,United States
reforestation,silviculture,Weyerhaeuser Co ( WY ) Q1 2019 Earnings Call Transcript,https://news.yahoo.com/weyerhaeuser-co-wy-q1-2019-175443095.html,news.yahoo.com,20190426T183000Z,English,United States
reforestation,silviculture,Weyerhaeuser Co ( WY ) Q1 2019 Earnings Call Transcript -- The Motley Fool,https://www.fool.com/earnings/call-transcripts/2019/04/26/weyerhaeuser-co-wy-q1-2019-earnings-call-transcrip.aspx?source=iedfolrf0000001,fool.com,20190426T183000Z,English,United States
reforestation,silviculture,Weyerhaeuser reports first quarter results,https://www.prnewswire.com:443/news-releases/weyerhaeuser-reports-first-quarter-results-300838901.html,prnewswire.com,20190426T080000Z,English,United States
reforestation,silviculture,Requiem for a Tree,https://www.outsideonline.com/2394826/earth-day-tree-climate-change,outsideonline.com,20190426T001500Z,English,United States
reforestation,silviculture,Moshe Krafchow plan to prevent San Diego wildfires,https://www.sandiegoreader.com/news/2019/apr/22/stringers-moshe-krafchows-plan-prevent/,sandiegoreader.com,20190422T230000Z,English,United States
reforestation,silviculture,Welcome | Yale School Forests,https://forests.yale.edu,forests.yale.edu,20190422T141500Z,English,United States
reforestation,silviculture,Earth Day event planned April 27 in Ramsey Park,https://www.wmicentral.com/community_beat/briefs/earth-day-event-planned-april-in-ramsey-park/article_01ccf6a6-cf76-59f9-9b99-e4778f27e98b.html,wmicentral.com,20190419T141500Z,English,United States
reforestation,silviculture,Forest management research to help fight effects of climate change,https://www.recordcourier.com/news/local/forest-management-research-to-help-fight-effects-of-climate-change/,recordcourier.com,20190419T021500Z,English,United States
reforestation,silviculture,Informing Business - Related Educational Needs Through Facilitated Roundtable Discussions with Forest Landowners and Service Providers,https://joe.org/joe/2019april/rb7.php,joe.org,20190418T151500Z,English,United States
reforestation,silviculture,Panthertown eyed anew for controlled burns,http://www.thesylvaherald.com/top_stories/article_db72a360-612f-11e9-aef8-b74cf0ff66a0.html,thesylvaherald.com,20190417T184500Z,English,United States
reforestation,silviculture,Republican Woman to meet April 23,https://www.gazettetimes.com/news/local/republican-woman-to-meet-april/article_e55f2d67-e91c-5204-99a7-8b8b2bb79749.html,gazettetimes.com,20190415T234500Z,English,United States
reforestation,silviculture,Fine line between financial initiatives in PV greenhouses and genuine agricultural projects,https://www.internationallawoffice.com/Newsletters/Energy-Natural-Resources/Italy/Norton-Rose-Fulbright-Studio-Legale/Fine-line-between-financial-initiatives-in-PV-greenhouses-and-genuine-agricultural-projects,internationallawoffice.com,20190415T183000Z,English,United States
reforestation,silviculture,"For Some , Replanting Logged Lands Leads to Shifting Views of Forest Management",http://www.earthisland.org/journal/index.php/articles/entry/tree-planting-logging-forest-management,earthisland.org,20190408T174500Z,English,United States
reforestation,silviculture,An Appalachian Trail,https://placesjournal.org/article/an-appalachian-trail-a-project-in-regional-planning/,placesjournal.org,20190406T193000Z,English,United States
reforestation,silviculture,CanWel Building Materials Completes Acquisition of Lignum Forest Products LLP,https://www.benzinga.com/pressreleases/19/04/g13463442/canwel-building-materials-completes-acquisition-of-lignum-forest-produ,benzinga.com,20190402T001500Z,English,United States
reforestation,silviculture,CanWel Building Materials Completes Acquisition of Lignum Forest Products LLP,https://www.globenewswire.com/news-release/2019/04/01/1794720/0/en/CanWel-Building-Materials-Completes-Acquisition-of-Lignum-Forest-Products-LLP.html,globenewswire.com,20190401T213000Z,English,United States
reforestation,silviculture,Controlled burns gaining acceptance for thinning forests,https://www.farmprogress.com/extension/wildfire-risk-fuels-growing-acceptance-pyrosilviculture,farmprogress.com,20190801T214500Z,English,United States
reforestation,silviculture,CanWel Building Materials Announces Second Quarter 2019 Financial Results,http://finance.dailyherald.com/dailyherald/news/read?GUID=38649856,finance.dailyherald.com,20190801T203000Z,English,United States
reforestation,silviculture,Wisconsin Ag Connection - Michigan News - Whole - Tree Harvesting Could Boost Biomass Production,http://www.wisconsinagconnection.com/story-regional.php?tble=MI2019&ID=832,wisconsinagconnection.com,20190801T154500Z,English,United States
reforestation,silviculture,"5 , 400 - mile Bike Ride Celebrates Green Jobs in Canada",http://www.justmeans.com/blog/5400-mile-bike-ride-celebrates-green-jobs-in-canada,justmeans.com,20190731T154500Z,English,United States
reforestation,silviculture,UC ANR : Catastrophic Wildfires and Climate Change Lead to Growing Acceptance of  Pyrosilviculture,https://goldrushcam.com/sierrasuntimes/index.php/news/local-news/19568-uc-anr-catastrophic-wildfires-and-climate-change-lead-to-growing-acceptance-of-pyrosilviculture,goldrushcam.com,20190731T130000Z,English,United States
reforestation,silviculture,Prairie City Ranger District hosts international student,https://www.bluemountaineagle.com/life/prairie-city-ranger-district-hosts-international-student/article_124fd292-a4cc-11e9-904d-8baddaeea241.html,bluemountaineagle.com,20190730T193000Z,English,United States
reforestation,silviculture,Whole - tree harvesting could boost biomass production,https://www.eurekalert.org/pub_releases/2019-07/mtu-whc072919.php,eurekalert.org,20190729T210000Z,English,United States
reforestation,silviculture,Whole - tree harvesting could boost biomass production,https://eurekalert.org/pub_releases/2019-07/mtu-whc072919.php,eurekalert.org,20190729T194500Z,English,United States
reforestation,silviculture,"The Western News - Local News , Native Montanan new Kootenai Forest Supervisor",https://www.thewesternnews.com/local_news/20190726/native_montanan_new_kootenai_forest_supervisor,thewesternnews.com,20190726T181500Z,English,United States
reforestation,silviculture,UNIDO provides new equipment to South African forestry companies,https://www.pressreleasepoint.com/unido-provides-new-equipment-south-african-forestry-companies,pressreleasepoint.com,20190724T160000Z,English,United States
reforestation,silviculture,Low Lumber & OSB Prices to Hurt Weyerhaeuser ( WY ) Q2 Earnings,https://news.yahoo.com/low-lumber-osb-prices-hurt-125912978.html,news.yahoo.com,20190724T140000Z,English,United States
reforestation,silviculture,New forest supervisor brings new approach,https://www.bluemountaineagle.com/news/new-forest-supervisor-brings-new-approach/article_5b603422-8df2-11e9-9745-93189ef29d58.html,bluemountaineagle.com,20190723T213000Z,English,United States
reforestation,silviculture,Prairie City Ranger District to host international student,https://www.bluemountaineagle.com/life/prairie-city-ranger-district-to-host-international-student/article_124fd292-a4cc-11e9-904d-8baddaeea241.html,bluemountaineagle.com,20190723T181500Z,English,United States
reforestation,silviculture,Reforesting forest areas burned in 2015 Cornet - Windy Ridge Fire,https://www.lagrandeobserver.com/home/7313586-151/reforesting-forest-areas-burned-in-2015-cornet-windy-ridge,lagrandeobserver.com,20190722T194500Z,English,United States
reforestation,silviculture,Reforesting forest areas burned in 2015 Cornet - Windy Ridge Fire,https://www.lagrandeobserver.com/news/7313586-151/reforesting-forest-areas-burned-in-2015-cornet-windy-ridge,lagrandeobserver.com,20190722T164500Z,English,United States
reforestation,silviculture,Building A Forest,https://www.bakercityherald.com/home/7308946-151/building-a-forest,bakercityherald.com,20190720T031500Z,English,United States
reforestation,silviculture,Building A Forest,https://www.bakercityherald.com/news/local/7308946-151/building-a-forest,bakercityherald.com,20190720T001500Z,English,United States
reforestation,silviculture,Lecturer in Forestry - Sustainable Business,https://www.sustainablebusiness.com/job/lecturer-in-forestry/,sustainablebusiness.com,20190718T083000Z,English,United States
reforestation,silviculture,Why we need to plant more native trees than pines,http://www.msn.com/en-nz/news/national/why-we-need-to-plant-more-native-trees-than-pines/ar-AAEtrkk,msn.com,20190718T010000Z,English,United States
reforestation,silviculture,Wisconsin Ag Connection - Michigan News - Whole - Tree Harvesting Could Boost Biomass Production,http://www.wisconsinagconnection.com/story-regional.php?tble=MI2019&ID=771,wisconsinagconnection.com,20190717T163000Z,English,United States
reforestation,silviculture,Whole - Tree Harvesting Could Boost Biomass Production – Advanced BioFuels united states,https://advancedbiofuelsusa.info/whole-tree-harvesting-could-boost-biomass-production/,advancedbiofuelsusa.info,20190716T214500Z,English,United States
reforestation,silviculture,Whole - tree harvesting could boost biomass production,https://phys.org/news/2019-07-whole-tree-harvesting-boost-biomass-production.html,phys.org,20190715T143000Z,English,United States
reforestation,silviculture,Whole - tree Harvesting Could Boost Biomass Production,https://www.mtu.edu/news/stories/2019/july/wholetree-harvesting-could-boost-biomass-production.html,mtu.edu,20190715T113000Z,English,United States
reforestation,silviculture,Temperature rising would slow down tropical forest dynamic in the Guiana Shield,https://www.nature.com/articles/s41598-019-46597-8,nature.com,20190715T110000Z,English,United States
reforestation,silviculture,Regimen Equity Partners Announces Equity Investment in K & C Silviculture Ltd .,https://www.financialbuzz.com/regimen-equity-partners-announces-equity-investment-in-kc-silviculture-ltd/,financialbuzz.com,20190713T150000Z,English,United States
reforestation,silviculture,Regimen Equity Partners Announces Equity Investment in K & C Silviculture Ltd .,https://markets.businessinsider.com/news/stocks/regimen-equity-partners-announces-equity-investment-in-k-c-silviculture-ltd-1028350439,markets.businessinsider.com,20190713T144500Z,English,United States
reforestation,silviculture,Regimen Equity Partners Announces Equity Investment in K & C Silviculture Ltd .,http://www.globenewswire.com/news-release/2019/07/13/1882259/0/en/Regimen-Equity-Partners-Announces-Equity-Investment-in-K-C-Silviculture-Ltd.html,globenewswire.com,20190713T140000Z,English,United States
reforestation,silviculture,Regimen Equity Partners Announces Equity Investment in K & C Silviculture Ltd .,https://www.benzinga.com/pressreleases/19/07/g14070706/regimen-equity-partners-announces-equity-investment-in-k-c-silviculture-ltd,benzinga.com,20190713T134500Z,English,United States
reforestation,silviculture,Regimen Equity Partners Announces Equity Investment in K & C Silviculture Ltd .,https://www.globenewswire.com/news-release/2019/07/13/1882259/0/en/Regimen-Equity-Partners-Announces-Equity-Investment-in-K-C-Silviculture-Ltd.html,globenewswire.com,20190713T133000Z,English,United States
reforestation,silviculture,"Experts , research and other news resources for wildfire season | WSU Insider",https://news.wsu.edu/experts-research-news-resources-wildfire-season/,news.wsu.edu,20190711T200000Z,English,United States
reforestation,silviculture,Thousands of homes proposed for southern St . Johns County | Jax Daily Record | Financial News & Daily Record,https://www.jaxdailyrecord.com/article/thousands-of-homes-proposed-for-southern-st-johns-county,jaxdailyrecord.com,20190711T130000Z,English,United States
reforestation,silviculture,"Major development proposed in St . Johns County near SR 207 , I - 95 - News - The St . Augustine Record",https://www.staugustine.com/news/20190709/major-development-proposed-in-st-johns-county-near-sr-207-i-95,staugustine.com,20190709T224500Z,English,United States
reforestation,silviculture,TimberLine Magazine Article - Hardwood Leader Adds Drying Capacity to West Virginia Yard : Allegheny Wood Products Maintains Reliance on SII Dry Kilns and Mathews Family,http://www.timberlinemag.com/articledatabase/view.asp?articleID=5347,timberlinemag.com,20190709T221500Z,English,United States
reforestation,silviculture,"Global Precision Forestry Market Projected to Reach $6 . 1 Billion by 2024 , at a CAGR of 9 % During 2019 - 2024",https://www.prnewswire.com:443/news-releases/global-precision-forestry-market-projected-to-reach-6-1-billion-by-2024--at-a-cagr-of-9-during-2019-2024--300880661.html,prnewswire.com,20190708T173000Z,English,United States
reforestation,silviculture,"€15 , 000 for sustainable projects : Esders GmbH launches Future Award",https://www.hydrocarbons-technology.com/contractors/health-safety-protective/esders/pressreleases/sustainable-projects/,hydrocarbons-technology.com,20190708T131500Z,English,United States
reforestation,silviculture,Best way to fight climate change ? Plant a trillion trees,https://www.thetimes-tribune.com/news/best-way-to-fight-climate-change-plant-a-trillion-trees-1.2504985,thetimes-tribune.com,20190708T090000Z,English,United States
reforestation,silviculture,Global Precision Forestry Market Analysis 2019 - 2024 - Inventory & Logistics Management Estimated to Grow at Highest the CAGR,https://brazilbusiness.einnews.com/pr_news/489907310/global-precision-forestry-market-analysis-2019-2024-inventory-logistics-management-estimated-to-grow-at-highest-the-cagr,brazilbusiness.einnews.com,20190705T123000Z,English,United States
reforestation,silviculture,Top 5 Vendors in the Global Forestry Software Market 2019 - 2023,https://www.tmcnet.com/usubmit/2019/07/04/8982378.htm,tmcnet.com,20190705T041500Z,English,United States
reforestation,silviculture,Precision Forestry Market Worth $6 . 1 Billion by 2024 Growing with a CAGR of 9 %,https://www.ssuchronicle.com/2019/07/04/precision-forestry-market-worth-6-1-billion-by-2024-growing-with-a-cagr-of-9/,ssuchronicle.com,20190704T161500Z,English,United States
reforestation,silviculture,"€15 , 000 for sustainable projects : Esders GmbH launches Future Award",https://www.hydrocarbons-technology.com/contractors/pumps/giw-minerals/pressreleases/esders-sustainable-projects/,hydrocarbons-technology.com,20190704T150000Z,English,United States
reforestation,silviculture,Precision Forestry Market Worth $6 . 1 Billion by 2024 Growing with a CAGR of 9 % - Press Release,http://www.digitaljournal.com/pr/4369755,digitaljournal.com,20190704T140000Z,English,United States
reforestation,silviculture,Wallowa - Whitman to award two timber sales,https://www.bakercityherald.com/home/7275219-151/wallowa-whitman-to-award-two-timber-sales,bakercityherald.com,20190703T230000Z,English,United States
reforestation,silviculture,Wallowa - Whitman to award two timber sales,https://www.bakercityherald.com/news/7275219-151/wallowa-whitman-to-award-two-timber-sales,bakercityherald.com,20190703T230000Z,English,United States
reforestation,silviculture,BAKER CITY : 18 . 2 million board feet of timber sold,http://www.myeasternoregon.com/2019/07/03/baker-city-18-2-million-board-feet-of-timber-sold/,myeasternoregon.com,20190703T184500Z,English,United States
reforestation,silviculture,Precision Forestry Market to Grow at 9 . 0 % CAGR by 2024,https://markets.businessinsider.com/news/stocks/precision-forestry-market-to-grow-at-9-0-cagr-by-2024-1028327295,markets.businessinsider.com,20190703T104500Z,English,United States
reforestation,silviculture,Precision Forestry Market to Grow at 9 . 0 % CAGR by 2024,https://www.prnewswire.com:443/news-releases/precision-forestry-market-to-grow-at-9-0-cagr-by-2024--300879747.html,prnewswire.com,20190703T104500Z,English,United States
reforestation,silviculture,"A French connection to U . P . forests | News , Sports , Jobs",https://www.dailypress.net/news/community/2019/07/a-french-connection-to-u-p-forests/,dailypress.net,20190702T161500Z,English,United States
reforestation,silviculture,Survey : Indiana Approaches Forestry Like Other Professionals In North America,https://www.wfyi.org/news/articles/survey-indiana-approaches-forestry-like-other-professionals-in-north-america,wfyi.org,20190830T171500Z,English,United States
reforestation,silviculture,Whole - tree Harvesting Could Boost Biomass Production,https://www.newswise.com/articles/whole-tree-harvesting-could-boost-biomass-production,newswise.com,20190828T233000Z,English,United States
reforestation,silviculture,"NSF grant awarded to develop framework to harness forest ecosystem integrity , resilience data - UMaine News",https://umaine.edu/news/blog/2019/08/27/nsf-grant-awarded-to-develop-framework-to-harness-forest-ecosystem-integrity-resilience-data/,umaine.edu,20190827T221500Z,English,United States
reforestation,silviculture,Studies show capitalism role in saving planet,https://www.farmprogress.com/commentary/studies-show-capitalisms-role-saving-planet,farmprogress.com,20190827T183000Z,English,United States
reforestation,silviculture,"St . Johns Town Center preparing expansion with theater , hotel and more | Jax Daily Record | Financial News & Daily Record",https://www.jaxdailyrecord.com/article/st-johns-town-center-preparing-expansion-with-theater-hotel-and-more,jaxdailyrecord.com,20190822T100000Z,English,United States
reforestation,silviculture,Forest Service Buck Project Will Be One Of Largest Proposed Timber Sales In Nantahala National Forest,https://www.transylvaniatimes.com/story/2019/08/22/outdoors/forest-services-buck-project-will-be-one-of-largest-proposed-timber-sales-in-nantahala-national-forest/41899.html,transylvaniatimes.com,20190821T233000Z,English,United States
reforestation,silviculture,"SitNews - Stories In The News - Ketchikan , Alaska",http://www.sitnews.us/SitnewsArchives/0819/081619_sitnews.html,sitnews.us,20190821T110000Z,English,United States
reforestation,silviculture,Okefenokee in peril,https://www.connectsavannah.com/savannah/okefenokee-in-peril/Content?oid=13140200,connectsavannah.com,20190820T163000Z,English,United States
reforestation,silviculture,"SitNews : Margaret Creek Watershed Restoration , Enhancement Project decision signed",http://www.sitnews.us/0819News/081619/081619_margaret_creek_watershed.html,sitnews.us,20190817T073000Z,English,United States
reforestation,silviculture,Pesky Tree of Heaven  popular with spotted lantern fly,https://www.theclarionnews.com/news/frontpage/article_1eb92073-ff48-5cfe-bf9b-2fda5a1216fa.html,theclarionnews.com,20190815T084500Z,English,United States
reforestation,silviculture,Survey : Indiana Approaches Forestry Like Other Professionals In North America,https://www.wboi.org/post/survey-indiana-approaches-forestry-other-professionals-north-america,wboi.org,20190814T193000Z,English,United States
reforestation,silviculture,3 Reasons Why a Large Deer Herd Bubble Burst,https://www.deeranddeerhunting.com/articles/3-reasons-why-a-large-deer-herds-bubble-burst,deeranddeerhunting.com,20190813T221500Z,English,United States
reforestation,silviculture,This Explains the Rise and Fall of the Northern Wisconsin Deer Population,https://www.deeranddeerhunting.com/articles/deer-population-northern-wisconsin,deeranddeerhunting.com,20190812T190000Z,English,United States
reforestation,silviculture,"More flooding , damage likely , report finds",http://www.carolinacoastonline.com/news_times/article_86a19128-bbae-11e9-b31f-9bd014d35386.html,carolinacoastonline.com,20190810T233000Z,English,United States
reforestation,silviculture,Assistance available to landowners in Lavon watershed,https://starlocalmedia.com/celinarecord/news/assistance-available-to-landowners-in-lavon-watershed/article_2bfb6870-b9f6-11e9-acdd-d713f4b93af0.html,starlocalmedia.com,20190808T181500Z,English,United States
reforestation,silviculture,A room for your ride : Luxury car condos double as man caves - News - The St . Augustine Record,https://www.staugustine.com/news/20190807/room-for-your-ride-luxury-car-condos-double-as-man-caves,staugustine.com,20190808T013000Z,English,United States
reforestation,silviculture,Land Clearing Attachments Market Segmentation Detailed Study,https://www.openpr.com/news/1819315/land-clearing-attachments-market-segmentation-detailed-study,openpr.com,20190807T123000Z,English,United States
reforestation,silviculture,Climate may change Minnesota iconic north woods,https://www.kare11.com/article/news/local/kare11-extras/climate-may-change-minnesotas-iconic-north-woods/89-2e1d6450-4799-49f3-99b8-66c364c34a83,kare11.com,20190802T060000Z,English,United States
reforestation,silviculture,Climate may change Minnesota iconic north woods,https://www.kare11.com/article/news/climate-may-change-minnesotas-iconic-north-woods/89-2e1d6450-4799-49f3-99b8-66c364c34a83,kare11.com,20190802T020000Z,English,United States
reforestation,silviculture,CanWel Building Materials Announces Second Quarter 2019 Financial Results,https://www.einpresswire.com/article/492382403/canwel-building-materials-announces-second-quarter-2019-financial-results,einpresswire.com,20190802T004500Z,English,United States
reforestation,silviculture,Controlled burns gaining acceptance for thinning forests,https://www.farmprogress.com/extension/wildfire-risk-fuels-growing-acceptance-pyrosilviculture,farmprogress.com,20190801T214500Z,English,United States
reforestation,silviculture,CanWel Building Materials Announces Second Quarter 2019 Financial Results,http://finance.dailyherald.com/dailyherald/news/read?GUID=38649856,finance.dailyherald.com,20190801T203000Z,English,United States
reforestation,silviculture,Wisconsin Ag Connection - Michigan News - Whole - Tree Harvesting Could Boost Biomass Production,http://www.wisconsinagconnection.com/story-regional.php?tble=MI2019&ID=832,wisconsinagconnection.com,20190801T154500Z,English,United States
reforestation,silviculture,"Sawmill owner worries logging ban could put business , environment at risk",https://www.koat.com/article/sawmill-owner-worries-logging-ban-could-put-business-environment-at-risk/29328634,koat.com,20191001T233000Z,English,United States
reforestation,silviculture,Environmental analysis complete for national forest Buck Project,https://www.smokymountainnews.com/outdoors/item/27705-environmental-analysis-complete-for-national-forest-s-buck-project,smokymountainnews.com,20190928T003000Z,English,United States
reforestation,silviculture,Amanda - Clearcreek FFA Members Excel at the Big E,https://www.ocj.com/2019/09/amanda-clearcreek-ffa-members-excel-at-the-big-e/,ocj.com,20190926T131500Z,English,United States
reforestation,silviculture,Springville issues burn ban,https://www.trussvilletribune.com/2019/09/25/springville-issues-burn-ban/,trussvilletribune.com,20190925T193000Z,English,United States
reforestation,silviculture,Women in Wildfire : Agencies host wildfire bootcamp,http://www.grandcanyonnews.com/news/2019/sep/24/women-wildfire-agencies-host-wildfire-bootcamp/,grandcanyonnews.com,20190924T210000Z,English,United States
reforestation,silviculture,More than 40 events cancelled after county closes Pearl in the Wild,https://www.wctv.tv/content/news/Pearl-in-the-Wild-561139401.html,wctv.tv,20190923T223000Z,English,United States
reforestation,silviculture,"The Coeur dAlene Press , Timber management project in St . Joe district will be topic of open house",https://cdapress.com/outdoors/20190919/timber_management_project_in_st_joe_district_will_be_topic_of_open_house_,cdapress.com,20190920T020000Z,English,United States
reforestation,silviculture,"The Coeur dAlene Press , Timber management project in St . Joe district will be topic of open house",https://www.cdapress.com/outdoors/20190919/timber_management_project_in_st_joe_district_will_be_topic_of_open_house_,cdapress.com,20190920T020000Z,English,United States
reforestation,silviculture,"Shoshone News Press - Local News , Homestead Project open house meeting scheduled",https://www.shoshonenewspress.com/local_news/20190919/homestead_project_open_house_meeting_scheduled,shoshonenewspress.com,20190919T220000Z,English,United States
reforestation,silviculture,A Boot Camp for Women Firefighters | News for Page Lake Powell Arizona,https://www.lakepowelllife.com/a-boot-camp-for-women-firefighters/,lakepowelllife.com,20190918T224500Z,English,United States
reforestation,silviculture,Stora Enso Investor Day : Stora Enso Establishes Forest Division and Reporting Segment to Increase,https://www.pharmiweb.com/press-release/2019-09-18/stora-ensos-investor-day-stora-enso-establishes-forest-division-and-reporting-segment-to-increase,pharmiweb.com,20190918T151500Z,English,United States
reforestation,silviculture,Stora Enso Investor Day : Stora Enso Establishes Forest Division and Reporting Segment to Increase Transparency of Forest Assets,https://markets.businessinsider.com/news/stocks/stora-enso-s-investor-day-stora-enso-establishes-forest-division-and-reporting-segment-to-increase-transparency-of-forest-assets-1028534352,markets.businessinsider.com,20190918T140000Z,English,United States
reforestation,silviculture,US Forest Service hiring over 900 temporary employees,https://www.koaa.com/news/covering-colorado/us-forest-service-hiring-over-900-temporary-employees,koaa.com,20190917T153000Z,English,United States
reforestation,silviculture,At the Forefront of Indigenous Research - Flathead Beacon,https://flatheadbeacon.com/2019/09/15/forefront-indigenous-research/,flatheadbeacon.com,20190915T113000Z,English,United States
reforestation,silviculture,US Forest Service has 900 temp job openings,https://www.summitdaily.com/news/us-forest-service-has-900-temp-job-openings/,summitdaily.com,20190913T194500Z,English,United States
reforestation,silviculture,Canwel Building Materials Announces Quarterly Dividend,https://markets.businessinsider.com/news/stocks/canwel-building-materials-announces-quarterly-dividend-1028523015,markets.businessinsider.com,20190913T123000Z,English,United States
reforestation,silviculture,Research explores strategies for how forests can adapt to climate change,https://www.mndaily.com/article/2019/09/n-research-explores-strategies-for-how-forests-can-adapt-to-climate-change,mndaily.com,20190910T050000Z,English,United States
reforestation,silviculture,NSF Grant Awarded to Develop Big Data Approach to Detecting Forest Change,https://www.uvm.edu/rsenr/news/nsf-grant-awarded-develop-big-data-approach-detecting-forest-change,uvm.edu,20190909T231500Z,English,United States
reforestation,silviculture,Forest Service needs to fill hundreds of temp jobs,https://www.kotatv.com/content/news/Forest-Service-needs-to-fill-hundreds-of-temp-jobs-559847271.html,kotatv.com,20190909T190000Z,English,United States
reforestation,silviculture,Forest Service needs to fill hundreds of temp jobs,https://www.blackhillsfox.com/content/news/Forest-Service-needs-to-fill-hundreds-of-temp-jobs-559847271.html,blackhillsfox.com,20190909T184500Z,English,United States
reforestation,silviculture,New deputy forest supervisor joins local staff,https://www.postregister.com/messenger/briefly/new-deputy-forest-supervisor-joins-local-staff/article_02efea89-0c88-5d77-97aa-15db7a739ed9.html,postregister.com,20190905T001500Z,English,United States
reforestation,silviculture,"Hille named Ecosystems Management Staff Officer | News , Sports , Jobs",http://www.timesobserver.com/news/local-news/2019/09/hille-named-ecosystems-management-staff-officer/,timesobserver.com,20190902T050000Z,English,United States
reforestation,silviculture,"Weyerhaeuser Vends Montana Timberlands , Optimizes Portfolio",https://finance.yahoo.com/news/weyerhaeuser-vends-montana-timberlands-optimizes-150003694.html,finance.yahoo.com,20200330T230000Z,English,United States
reforestation,silviculture,Weekend Break : The spirits of Bear Mountain,https://www.dailyastorian.com/life/weekend-break-the-spirits-of-bear-mountain/article_34007c60-694e-11ea-ae7d-5706423da99f.html,dailyastorian.com,20200323T231500Z,English,United States
reforestation,silviculture,The spirits of Bear Mountain,https://www.dailyastorian.com/life/the-spirits-of-bear-mountain/article_34007c60-694e-11ea-ae7d-5706423da99f.html,dailyastorian.com,20200321T170000Z,English,United States
reforestation,silviculture,Stora Enso Strategic Financial Targets and Historical Figures According to the new Divisional Structure,https://finance.yahoo.com/news/stora-ensos-strategic-financial-targets-124200674.html,finance.yahoo.com,20200319T131500Z,English,United States
reforestation,silviculture,"The Stories of Notre Dame , as Told by Timber and Limestone",https://longreads.com/2020/03/18/the-stories-of-notre-dame-as-told-by-timber-and-limestone/,longreads.com,20200318T144500Z,English,United States
reforestation,silviculture,The restoration of Notre Dame is yielding unexpected research bonanzas -- Science & Technology -- Sott . net,https://www.sott.net/article/430672-The-restoration-of-Notre-Dame-is-yielding-unexpected-research-bonanzas,sott.net,20200313T194500Z,English,United States
reforestation,silviculture,"Consult and respect neighbors to avoid pollution , drainage disputes",https://www.farmanddairy.com/columns/consult-and-respect-neighbors-to-avoid-pollution-drainage-disputes/603409.html,farmanddairy.com,20200312T080000Z,English,United States
reforestation,silviculture,CANWEL BUILDING MATERIALS REPORTS 2019 FINANCIAL RESULTS,http://www.globenewswire.com/news-release/2020/03/11/1999003/0/en/CANWEL-BUILDING-MATERIALS-REPORTS-2019-FINANCIAL-RESULTS.html,globenewswire.com,20200311T201500Z,English,United States
reforestation,silviculture,Milken Unpardonable Redwood Felonies,https://www.northcoastjournal.com/humboldt/milkens-unpardonable-redwood-felonies/Content?oid=16723085,northcoastjournal.com,20200305T191500Z,English,United States
reforestation,silviculture,Haikus for the Trees,https://www.mtu.edu/magazine/research/2020/stories/haikus-trees/,mtu.edu,20200305T140000Z,English,United States
reforestation,silviculture,ArkLaTex Forestry Forum set for March 10,https://www.ktbs.com/news/web-extra/arklatex-forestry-forum-set-for-march/article_35468fd4-5ed5-11ea-a105-9b75af6b35ba.html,ktbs.com,20200305T123000Z,English,United States
reforestation,silviculture,"The Sailer Report : New York group buys more than 31 , 000 acres of land in St . Johns | Jax Daily Record | Jacksonville Daily Record",https://www.jaxdailyrecord.com/article/the-sailer-report-new-york-group-buys-more-than-31-000-acres-of-land-in-st-johns,jaxdailyrecord.com,20200302T104500Z,English,United States
reforestation,silviculture,Minnesota offering more cash for black spruce seed,https://www.mankatofreepress.com/news/state_national_news/minnesota-offering-more-cash-for-black-spruce-seed/article_c6a30895-6852-5235-b7a1-a347db7d3ca9.html,mankatofreepress.com,20210101T233000Z,English,United States
reforestation,silviculture,Minnesota offering more cash for black spruce seed,https://www.houstonchronicle.com/news/article/Minnesota-offering-more-cash-for-black-spruce-seed-15840269.php,houstonchronicle.com,20210101T201500Z,English,United States
reforestation,silviculture,Minnesota offering more cash for black spruce seed,https://www.sfchronicle.com/news/article/Minnesota-offering-more-cash-for-black-spruce-seed-15840269.php,sfchronicle.com,20210101T200000Z,English,United States
reforestation,silviculture,Minnesota offering more cash for black spruce seed,https://www.chron.com/news/article/Minnesota-offering-more-cash-for-black-spruce-seed-15840269.php,chron.com,20210101T194500Z,English,United States
reforestation,silviculture,Minnesota offering more cash for black spruce seed,https://www.mankatofreepress.com/news/state_news/minnesota-offering-more-cash-for-black-spruce-seed/article_c6a30895-6852-5235-b7a1-a347db7d3ca9.html,mankatofreepress.com,20210101T191500Z,English,United States
reforestation,silviculture,Minnesota offering more cash for black spruce seed,https://www.washingtontimes.com/news/2021/jan/1/minnesota-offering-more-cash-for-black-spruce-seed/,washingtontimes.com,20210101T191500Z,English,United States
reforestation,silviculture,Minnesota offering more cash for black spruce seed,https://www.lmtonline.com/news/article/Minnesota-offering-more-cash-for-black-spruce-seed-15840269.php,lmtonline.com,20210101T190000Z,English,United States
reforestation,silviculture,Minnesota offering more cash for black spruce seed,https://www.sfgate.com/news/article/Minnesota-offering-more-cash-for-black-spruce-seed-15840269.php,sfgate.com,20210101T190000Z,English,United States
reforestation,silviculture,Minnesota offering more cash for black spruce seed,https://www.msn.com/en-us/news/us/minnesota-offering-more-cash-for-black-spruce-seed/ar-BB1cpbcP,msn.com,20210101T190000Z,English,United States
reforestation,silviculture,"Minnesota DNR wants black spruce cones , and has upped the price per bushel",https://www.startribune.com/minnesota-dnr-wants-black-spruce-cones-and-has-upped-the-price-per-bushel/600005612/,startribune.com,20201231T230000Z,English,United States
reforestation,silviculture,State Forest Nursery needs black spruce cones for reforestation efforts,https://www.walkermn.com/outdoors/state-forest-nursery-needs-black-spruce-cones-for-reforestation-efforts/article_8fce0abe-4b78-11eb-9e4c-3bce23f24de5.html,walkermn.com,20201231T170000Z,English,United States
reforestation,silviculture,Green Visions : Help to repopulate black spruce,https://www.kumd.org/post/green-visions-help-repopulate-black-spruce,kumd.org,20201230T223000Z,English,United States
reforestation,silviculture,"Help the DNR reach 2021 reforest goals , earn cash by gathering tree seeds",https://www.fox9.com/news/help-the-dnr-reach-2021-reforest-goals-earn-cash-by-gathering-tree-seeds,fox9.com,20201229T203000Z,English,United States
reforestation,silviculture,State Forest Nursery seeks black spruce cones for reforestation efforts,https://www.bemidjipioneer.com/northland-outdoors/6819022-State-Forest-Nursery-seeks-black-spruce-cones-for-reforestation-efforts,bemidjipioneer.com,20201229T003000Z,English,United States
reforestation,silviculture,"State forest nursery needs black spruce cones for reforestation efforts : Dec 28 , 2020 | News Release",https://www.dnr.state.mn.us/news/2020/12/28/state-forest-nursery-needs-black-spruce-cones-reforestation-efforts,dnr.state.mn.us,20201228T221500Z,English,United States
reforestation,silviculture,DNR State Forest Nursery seeks black spruce cones for reforestation efforts,https://www.grandforksherald.com/northland-outdoors/6818628-DNR-State-Forest-Nursery-seeks-black-spruce-cones-for-reforestation-efforts,grandforksherald.com,20201228T221500Z,English,United States
reforestation,silviculture,UM  plant lady  retires after nearly 40 years of caring for UC jungle,https://missoulian.com/news/local/ums-plant-lady-retires-after-nearly-40-years-of-caring-for-uc-jungle/article_ccab4db2-6fde-55df-b681-e0131ccac257.html,missoulian.com,20201228T004500Z,English,United States
reforestation,silviculture,Hurdles still remain for rooting North Florida hemp industry,https://www.msn.com/en-us/news/us/hurdles-still-remain-for-rooting-north-floridas-hemp-industry/ar-BB1c4cCy,msn.com,20201219T141500Z,English,United States
reforestation,silviculture,Yale Experts Explain Healthy Forests | Yale Sustainability,https://sustainability.yale.edu/explainers/yale-experts-explain-healthy-forests,sustainability.yale.edu,20201219T040000Z,English,United States
reforestation,silviculture,Canada earmarks $3 . 16 billion to plant 2 billion trees,https://www.woodworkingnetwork.com/news/canadian-news/canada-earmarks-316-billion-plant-2-billion-trees,woodworkingnetwork.com,20201219T010000Z,English,United States
reforestation,silviculture,Minister ORegan Launches Canada Plan to Plant Two Billion Trees,https://www.miragenews.com/minister-o-regan-launches-canada-s-plan-to-plant-two-billion-trees/,miragenews.com,20201214T191500Z,English,United States
reforestation,silviculture,"Forestry Equipment Market Size Worth $13 . 0 Billion By 2027 | CAGR 4 . 0 %: Grand View Research , Inc .",https://www.prnewswire.com/news-releases/forestry-equipment-market-size-worth-13-0-billion-by-2027--cagr-4-0-grand-view-research-inc-301189134.html,prnewswire.com,20201209T094500Z,English,United States
reforestation,silviculture,"Forestry Equipment Market Size Worth $13 . 0 Billion By 2027 | CAGR 4 . 0 %: Grand View Research , Inc .",https://www.prnewswire.com:443/news-releases/forestry-equipment-market-size-worth-13-0-billion-by-2027--cagr-4-0-grand-view-research-inc-301189134.html,prnewswire.com,20201209T090000Z,English,United States
reforestation,silviculture,Forest Service Announces Scoping Period for Landscape - Level Vegetation Management Project on the Ozark National Forest KFFB 106 . 1 FM Arkansas Radio Online Radio – Arkansas Politics,https://www.kffb.com/forest-service-announces-scoping-period-for-landscape-level-vegetation-management-project-on-the-ozark-national-forest/,kffb.com,20201207T221500Z,English,United States
reforestation,silviculture,"MSU AgBioResearch changes name , enhances forestry mission of Escanaba center",https://www.canr.msu.edu/news/msu-agbioresearch-changes-name-enhances-forestry-mission-of-escanaba-center,canr.msu.edu,20201203T230000Z,English,United States
reforestation,silviculture,"Fire , now ice , batter state timber industry",https://www.dailyastorian.com/fire-now-ice-batter-states-timber-industry/article_5f9d59e4-787d-11eb-b063-4f3e063efff0.html,dailyastorian.com,20210227T033000Z,English,United States
reforestation,silviculture,"Fire , and now ice , batter Oregon timber industry",https://www.capitalpress.com/ag_sectors/timber/fire-and-now-ice-batter-oregons-timber-industry/article_7c57e11e-77ae-11eb-9016-1f0b62b8f9db.html,capitalpress.com,20210226T020000Z,English,United States
reforestation,silviculture,Continuous cover forestry is financially profitable in spruce - dominated peatland forests,https://phys.org/news/2021-02-forestry-financially-profitable-spruce-dominated-peatland.html,phys.org,20210222T151500Z,English,United States
reforestation,silviculture,"Charred wood can help save the planet , maybe starting with a closed Maine mill",https://www.concordmonitor.com/biochar-maine-new-hampshire-38849693,concordmonitor.com,20210221T221500Z,English,United States
reforestation,silviculture,Wildfire Protection in McDonald and Dunn Forests - The Corvallis Advocate,https://www.corvallisadvocate.com/2021/wildfire-protection-in-mcdonald-and-dunn-forests/,corvallisadvocate.com,20210220T210000Z,English,United States
reforestation,silviculture,"Coachella New COVID - 19 Premium Pay Ordinance for Agricultural , Grocery , Restaurant , and Retail Employers | Ogletree , Deakins , Nash , Smoak & Stewart , P . C .",https://www.jdsupra.com/legalnews/coachella-s-new-covid-19-premium-pay-8375588/,jdsupra.com,20210219T214500Z,English,United States
reforestation,silviculture,"Coachella New COVID - 19 Premium Pay Ordinance for Agricultural , Grocery , Restaurant , and Retail Employers",https://www.natlawreview.com/article/coachella-s-new-covid-19-premium-pay-ordinance-agricultural-grocery-restaurant-and,natlawreview.com,20210219T143000Z,English,United States
reforestation,silviculture,Feral swine as sources of fecal contamination in recreational waters,https://www.nature.com/articles/s41598-021-83798-6,nature.com,20210218T230000Z,English,United States
reforestation,silviculture,Save the trees : Never - ending construction in cities threatens the urban forest,https://phys.org/news/2021-02-trees-never-ending-cities-threatens-urban.html,phys.org,20210215T164500Z,English,United States
reforestation,silviculture,"Supervisory Natural Resources Specialist - Washington ,  District of Columbia - 591889300",http://www.latpro.com/jobs/3772628.html,latpro.com,20210211T233000Z,English,United States
reforestation,silviculture,Acadian Timber Corp . Reports Fourth Quarter and Year - End Results,https://www.wboc.com/story/43329730/acadian-timber-corp-reports-fourth-quarter-and-year-end-results,wboc.com,20210211T134500Z,English,United States
reforestation,silviculture,Acadian Timber Corp . Reports Fourth Quarter and Year - End Results,https://www.benzinga.com/pressreleases/21/02/g19602189/acadian-timber-corp-reports-fourth-quarter-and-year-end-results,benzinga.com,20210211T000000Z,English,United States
reforestation,silviculture,Acadian Timber Corp . Reports Fourth Quarter and Year - End Results,https://www.wicz.com/story/43329730/acadian-timber-corp-reports-fourth-quarter-and-year-end-results,wicz.com,20210210T230000Z,English,United States
reforestation,silviculture,Forests of the world in 3 - D : Research team analyses complexity of forest structure,https://phys.org/news/2021-02-forests-world-d-team-analyses.html,phys.org,20210205T181500Z,English,United States
reforestation,silviculture,Forests of the world in 3D,https://www.eurekalert.org/pub_releases/2021-02/uog-fot020521.php,eurekalert.org,20210205T164500Z,English,United States
reforestation,silviculture,Crystal Lake boat ramp slated to reopen by May,https://www.chipleypaper.com/story/news/2021/03/26/crystal-lake-boat-ramp-slated-reopen-may/7001886002/,chipleypaper.com,20210401T230000Z,English,United States
reforestation,silviculture,InstarAGF Acquires PRT Growing Services From TriWest - Press Release,http://www.digitaljournal.com/pr/5025435,digitaljournal.com,20210401T163000Z,English,United States
reforestation,silviculture,Westford Planning Commission Notice Of Public Hearing,https://www.sevendaysvt.com/vermont/westford-planning-commission-notice-of-public-hearing/Content?oid=32661356,sevendaysvt.com,20210401T000000Z,English,United States
reforestation,silviculture,Community News : Annual Bi - States Cooperative Extension Program Small Scale Producer Conference to be held in April ( 3 / 31 / 21 ),http://www.areawidenews.com/story/2874031.html,areawidenews.com,20210331T061500Z,English,United States
reforestation,silviculture,UC Berkeley graduate finds her light at Blodgett Forest Research Station,https://www.dailycal.org/2021/03/30/uc-berkeley-graduate-finds-her-light-at-blodgett-forest-research-station/,dailycal.org,20210330T131500Z,English,United States
reforestation,silviculture,Letter to the editor : Our state forests are a resource,https://poststar.com/opinion/letters/letter-to-the-editor-our-state-forests-are-a-resource/article_5d61ebc8-acdf-5e2a-88de-cad1cc8e656c.html,poststar.com,20210327T060000Z,English,United States
reforestation,silviculture,The Worldwide Farm Management Software Industry is Expected to Reach $4 . 2 Billion by 2026 at a CAGR of 14 . 7 % from 2021,https://www.prnewswire.com:443/news-releases/the-worldwide-farm-management-software-industry-is-expected-to-reach-4-2-billion-by-2026-at-a-cagr-of-14-7-from-2021--301253907.html,prnewswire.com,20210323T180000Z,English,United States
reforestation,silviculture,The Worldwide Farm Management Software Industry is Expected to Reach $4 . 2 Billion by 2026 at a CAGR of 14 . 7 % from 2021,https://www.tmcnet.com/usubmit/2021/03/23/9331047.htm,tmcnet.com,20210323T180000Z,English,United States
reforestation,silviculture,The Worldwide Farm Management Software Industry is Expected to Reach $4 . 2 Billion by 2026 at a CAGR of 14 . 7 % from 2021,https://www.prnewswire.com/news-releases/the-worldwide-farm-management-software-industry-is-expected-to-reach-4-2-billion-by-2026-at-a-cagr-of-14-7-from-2021--301253907.html,prnewswire.com,20210323T180000Z,English,United States
reforestation,silviculture,Wisconsin Ag Connection - National / World News - USDA Seeking Farmer Input on Climate Policy,http://www.wisconsinagconnection.com/story-national.php?Id=286&yr=2021,wisconsinagconnection.com,20210323T124500Z,English,United States
reforestation,silviculture,Lujan Grisham signs bill aimed at preventing catastrophic wildfires,https://durangoherald.com/articles/369014-lujan-grisham-signs-bill-aimed-at-preventing-catastrophic-wildfires,durangoherald.com,20210322T163000Z,English,United States
reforestation,silviculture,This 230 - year - old oak gave its life for the new Notre Dame spire,https://www.msn.com/en-ca/news/canada/this-230-year-old-oak-gave-its-life-for-the-new-notre-dame-spire/ar-BB1erv15,msn.com,20210310T121500Z,English,United States
reforestation,silviculture,"Deforestation , forestation , and water supply",https://science.sciencemag.org/content/371/6533/990,science.sciencemag.org,20210304T210000Z,English,United States
reforestation,silviculture,Bill seeks to ban the use of aerial herbicides in Maine forests,https://www.centralmaine.com/2021/03/02/bill-seeks-to-ban-the-use-of-aerial-herbicides-in-maine-forests/,centralmaine.com,20210303T060000Z,English,United States
reforestation,silviculture,Bill seeks to ban the use of aerial herbicides in Maine forests,https://www.sunjournal.com/2021/03/02/bill-seeks-to-ban-the-use-of-aerial-herbicides-in-maine-forests/,sunjournal.com,20210303T053000Z,English,United States
reforestation,silviculture,Bill seeks to ban the use of aerial herbicides in Maine forests,https://www.pressherald.com/2021/03/02/bill-seeks-to-ban-the-use-of-aerial-herbicides-in-maine-forests/,pressherald.com,20210303T030000Z,English,United States
reforestation,silviculture,Frontiers | Challenges to the Reforestation Pipeline in the United States,https://www.frontiersin.org/articles/10.3389/ffgc.2021.629198/full,frontiersin.org,20210302T214500Z,English,United States
reforestation,silviculture,U . S . Western States Preparing for Summer Wildfire Season,https://www.insurancejournal.com/news/west/2021/06/01/616699.htm,insurancejournal.com,20210601T164500Z,English,United States
reforestation,silviculture,Ohio wildlife officials looking for teens to register for summer camp that focuses on wildlife,https://www.msn.com/en-us/news/us/ohio-wildlife-officials-looking-for-teens-to-register-for-summer-camp-that-focuses-on-wildlife/ar-AAKzujF,msn.com,20210531T211500Z,English,United States
reforestation,silviculture,Nothing looks good  preparing for summer wildfire season . What to expect .,https://pressofatlanticcity.com/community/currents_gazettes/news/national/nothing-looks-good-preparing-for-summer-wildfire-season-what-to-expect/article_a0090c8e-02bd-593f-bed4-c1f1bb094328.html,pressofatlanticcity.com,20210531T194500Z,English,United States
reforestation,silviculture,Nothing looks good  preparing for summer wildfire season . What to expect .,https://dailyjournalonline.com/news/national/nothing-looks-good-preparing-for-summer-wildfire-season-what-to-expect/article_c8237fd1-caa9-50c5-974a-6f30849a6a14.html,dailyjournalonline.com,20210531T053000Z,English,United States
reforestation,silviculture,Nothing looks good  preparing for summer wildfire season . What to expect .,https://swvatoday.com/news/national/article_56a9a2a0-2ab3-51ed-bee3-5b898253690b.html,swvatoday.com,20210530T233000Z,English,United States
reforestation,silviculture,Sutherlin FFA members competed at state level career development events after not being able to compete in person,https://www.nrtoday.com/news/education/sutherlin-ffa-members-competed-at-state-level-career-development-events-after-not-being-able-to/article_be9d0dc3-df93-522f-bfb4-cfec503c1fd6.html,nrtoday.com,20210530T183000Z,English,United States
reforestation,silviculture,Nothing looks good  preparing for summer wildfire season . What to expect .,https://www.kxly.com/i/nothing-looks-good-preparing-for-summer-wildfire-season-what-to-expect/,kxly.com,20210530T174500Z,English,United States
reforestation,silviculture,Nothing looks good  preparing for summer wildfire season . What to expect .,https://journalstar.com/news/national/nothing-looks-good-preparing-for-summer-wildfire-season-what-to-expect/article_901715e1-92f2-51be-9813-e2c5bd247619.html,journalstar.com,20210530T033000Z,English,United States
reforestation,silviculture,Nothing looks good  preparing for summer wildfire season . What to expect .,https://nonpareilonline.com/news/national/nothing-looks-good-preparing-for-summer-wildfire-season-what-to-expect/article_1da2a827-e3c4-5031-a169-a8f73743d962.html,nonpareilonline.com,20210530T033000Z,English,United States
reforestation,silviculture,Nothing looks good  preparing for summer wildfire season . What to expect .,https://magicvalley.com/news/national/nothing-looks-good-preparing-for-summer-wildfire-season-what-to-expect/article_26e0bbfe-4a04-5729-8954-1d25bfc9af7c.html,magicvalley.com,20210530T033000Z,English,United States
reforestation,silviculture,Nothing looks good  preparing for summer wildfire season . What to expect .,https://www.gazettetimes.com/news/national/nothing-looks-good-preparing-for-summer-wildfire-season-what-to-expect/article_0d40270e-6f4d-5c50-b6aa-44b558ffdc7c.html,gazettetimes.com,20210530T031500Z,English,United States
reforestation,silviculture,Nothing looks good  preparing for summer wildfire season . What to expect .,https://dothaneagle.com/news/national/nothing-looks-good-preparing-for-summer-wildfire-season-what-to-expect/article_c313266f-1547-52b9-8987-6802c1afce7d.html,dothaneagle.com,20210530T031500Z,English,United States
reforestation,silviculture,Nothing looks good  preparing for summer wildfire season . What to expect .,https://wacotrib.com/news/national/nothing-looks-good-preparing-for-summer-wildfire-season-what-to-expect/article_4a763d5d-4102-5888-89c1-e8c68e968c67.html,wacotrib.com,20210530T030000Z,English,United States
reforestation,silviculture,Nothing looks good  preparing for summer wildfire season . What to expect .,https://morganton.com/news/national/nothing-looks-good-preparing-for-summer-wildfire-season-what-to-expect/article_be07ac33-5d50-5fd6-b347-784181c2ca06.html,morganton.com,20210530T024500Z,English,United States
reforestation,silviculture,Nothing looks good  preparing for summer wildfire season . What to expect .,https://dailyprogress.com/news/national/nothing-looks-good-preparing-for-summer-wildfire-season-what-to-expect/article_2a6ef241-90b4-568d-a794-4c9109b478b8.html,dailyprogress.com,20210530T024500Z,English,United States
reforestation,silviculture,Nothing looks good  preparing for summer wildfire season . What to expect .,https://wcfcourier.com/news/national/nothing-looks-good-preparing-for-summer-wildfire-season-what-to-expect/article_dd52ac10-f475-585e-8e8c-4841136dbb8a.html,wcfcourier.com,20210530T023000Z,English,United States
reforestation,silviculture,Nothing looks good  preparing for summer wildfire season . What to expect .,https://columbustelegram.com/news/national/nothing-looks-good-preparing-for-summer-wildfire-season-what-to-expect/article_f03b2e0a-16f9-59cd-ae01-16c4c678566f.html,columbustelegram.com,20210530T023000Z,English,United States
reforestation,silviculture,Nothing looks good  preparing for summer wildfire season . What to expect .,https://hickoryrecord.com/news/national/nothing-looks-good-preparing-for-summer-wildfire-season-what-to-expect/article_ba4c1947-d184-50a3-bda2-e012bd2f107d.html,hickoryrecord.com,20210530T023000Z,English,United States
reforestation,silviculture,Nothing looks good  preparing for summer wildfire season . What to expect .,https://helenair.com/news/national/nothing-looks-good-preparing-for-summer-wildfire-season-what-to-expect/article_6dc7ae00-88c2-5d19-a0d3-6f52aad4edbf.html,helenair.com,20210530T021500Z,English,United States
reforestation,silviculture,Nothing looks good  preparing for summer wildfire season . What to expect .,https://chippewa.com/news/national/nothing-looks-good-preparing-for-summer-wildfire-season-what-to-expect/article_7c1eacb9-b35f-5141-8235-ac60994b5abd.html,chippewa.com,20210530T021500Z,English,United States
reforestation,silviculture,Nothing looks good  preparing for summer wildfire season . What to expect .,https://nptelegraph.com/news/national/nothing-looks-good-preparing-for-summer-wildfire-season-what-to-expect/article_847bbafd-9327-58e4-ab44-63ff997b70eb.html,nptelegraph.com,20210530T021500Z,English,United States
reforestation,silviculture,Nothing looks good  preparing for summer wildfire season . What to expect .,https://journaltimes.com/news/national/nothing-looks-good-preparing-for-summer-wildfire-season-what-to-expect/article_0ef9bbef-c96e-55a5-b1c3-33b708215090.html,journaltimes.com,20210530T020000Z,English,United States
reforestation,silviculture,Nothing looks good  preparing for summer wildfire season . What to expect .,https://pressofatlanticcity.com/news/national/nothing-looks-good-preparing-for-summer-wildfire-season-what-to-expect/article_a0090c8e-02bd-593f-bed4-c1f1bb094328.html,pressofatlanticcity.com,20210530T020000Z,English,United States
reforestation,silviculture,Nothing looks good  preparing for summer wildfire season . What to expect .,https://fremonttribune.com/news/national/nothing-looks-good-preparing-for-summer-wildfire-season-what-to-expect/article_6fd61c85-93a1-5589-bc7e-bd50495a4509.html,fremonttribune.com,20210530T020000Z,English,United States
reforestation,silviculture,Nothing looks good  preparing for summer wildfire season . What to expect .,https://theindependent.com/news/national/nothing-looks-good-preparing-for-summer-wildfire-season-what-to-expect/article_7dc90f94-7592-5b1c-8b64-6123086cf3e3.html,theindependent.com,20210530T020000Z,English,United States
reforestation,silviculture,Nothing looks good  preparing for summer wildfire season . What to expect .,https://mtstandard.com/news/national/nothing-looks-good-preparing-for-summer-wildfire-season-what-to-expect/article_07dfe82c-9216-5fcc-bb4d-9e6bfeb44835.html,mtstandard.com,20210530T020000Z,English,United States
reforestation,silviculture,Nothing looks good  preparing for summer wildfire season . What to expect .,https://cumberlink.com/news/national/nothing-looks-good-preparing-for-summer-wildfire-season-what-to-expect/article_17dd244d-9dd5-579e-8b5c-63ddf57dd508.html,cumberlink.com,20210530T020000Z,English,United States
reforestation,silviculture,Nothing looks good  preparing for summer wildfire season . What to expect .,https://democratherald.com/news/national/nothing-looks-good-preparing-for-summer-wildfire-season-what-to-expect/article_d79c308b-7b40-57ca-ad50-776af1e3c519.html,democratherald.com,20210530T020000Z,English,United States
reforestation,silviculture,Nothing looks good  preparing for summer wildfire season . What to expect .,https://www.news8000.com/i/nothing-looks-good-preparing-for-summer-wildfire-season-what-to-expect/,news8000.com,20210530T014500Z,English,United States
reforestation,silviculture,Nothing looks good  preparing for summer wildfire season . What to expect .,https://journalnow.com/news/national/nothing-looks-good-preparing-for-summer-wildfire-season-what-to-expect/article_e8fc0ceb-6d7f-563c-a133-e8c5b2f077ba.html,journalnow.com,20210530T013000Z,English,United States
reforestation,silviculture,Nothing looks good  preparing for summer wildfire season . What to expect .,https://missoulian.com/news/national/nothing-looks-good-preparing-for-summer-wildfire-season-what-to-expect/article_9eb1f77e-a3a6-56cd-be74-e9e28a79f78d.html,missoulian.com,20210530T013000Z,English,United States
reforestation,silviculture,Nothing looks good  preparing for summer wildfire season . What to expect .,https://beatricedailysun.com/news/national/nothing-looks-good-preparing-for-summer-wildfire-season-what-to-expect/article_24cdb6d4-0aa0-578b-9af0-f60d6626f43e.html,beatricedailysun.com,20210530T013000Z,English,United States
reforestation,silviculture,Nothing looks good  preparing for summer wildfire season . What to expect .,https://qconline.com/news/national/nothing-looks-good-preparing-for-summer-wildfire-season-what-to-expect/article_950f62e2-a903-5112-8d56-19670cf64fc4.html,qconline.com,20210530T011500Z,English,United States
reforestation,silviculture,Nothing looks good  preparing for summer wildfire season . What to expect .,https://yorknewstimes.com/news/national/nothing-looks-good-preparing-for-summer-wildfire-season-what-to-expect/article_7ed727a7-6650-5087-a7a8-d09f761f1708.html,yorknewstimes.com,20210530T010000Z,English,United States
reforestation,silviculture,Nothing looks good  preparing for summer wildfire season . What to expect .,https://elkodaily.com/news/national/nothing-looks-good-preparing-for-summer-wildfire-season-what-to-expect/article_4eed54b4-47c6-57f3-9608-3639707302a8.html,elkodaily.com,20210530T010000Z,English,United States
reforestation,silviculture,Nothing looks good  preparing for summer wildfire season . What to expect .,https://mcdowellnews.com/news/national/nothing-looks-good-preparing-for-summer-wildfire-season-what-to-expect/article_78f8bf76-bcc7-5cd2-b7d9-4b0fef3c58b1.html,mcdowellnews.com,20210530T010000Z,English,United States
reforestation,silviculture,Nothing looks good  preparing for summer wildfire season . What to expect .,https://heraldcourier.com/news/national/nothing-looks-good-preparing-for-summer-wildfire-season-what-to-expect/article_33b06c58-c346-5cee-bee2-5877d27358da.html,heraldcourier.com,20210530T010000Z,English,United States
reforestation,silviculture,Nothing looks good  preparing for summer wildfire season . What to expect .,https://www.wiscnews.com/news/national/nothing-looks-good-preparing-for-summer-wildfire-season-what-to-expect/article_6f0990ce-5e9d-580e-b7c3-818cd9887f50.html,wiscnews.com,20210530T004500Z,English,United States
reforestation,silviculture,Nothing looks good  preparing for summer wildfire season . What to expect .,https://roanoke.com/news/national/nothing-looks-good-preparing-for-summer-wildfire-season-what-to-expect/article_3e8bb39e-7e2b-58ef-bb0c-616f31eaf794.html,roanoke.com,20210530T004500Z,English,United States
reforestation,silviculture,Nothing looks good  preparing for summer wildfire season . What to expect .,https://tdn.com/news/national/nothing-looks-good-preparing-for-summer-wildfire-season-what-to-expect/article_ca9ddb6c-0bc9-5406-a113-3d21fcfed126.html,tdn.com,20210530T004500Z,English,United States
reforestation,silviculture,Nothing looks good  preparing for summer wildfire season . What to expect .,https://www.lakegenevanews.net/news/national/nothing-looks-good-preparing-for-summer-wildfire-season-what-to-expect/article_59117e86-dde4-5824-b215-0e1161b7c257.html,lakegenevanews.net,20210530T004500Z,English,United States
reforestation,silviculture,Nothing looks good  preparing for summer wildfire season . What to expect .,https://godanriver.com/news/national/nothing-looks-good-preparing-for-summer-wildfire-season-what-to-expect/article_84e5e53a-91f2-59a9-8638-1b19060bf739.html,godanriver.com,20210530T004500Z,English,United States
reforestation,silviculture,Nothing looks good  preparing for summer wildfire season . What to expect .,https://thetandd.com/news/national/nothing-looks-good-preparing-for-summer-wildfire-season-what-to-expect/article_f2425c29-1816-5917-bb8e-abc38b20c278.html,thetandd.com,20210530T004500Z,English,United States
reforestation,silviculture,Nothing looks good  preparing for summer wildfire season . What to expect .,https://poststar.com/news/national/nothing-looks-good-preparing-for-summer-wildfire-season-what-to-expect/article_7d7f0d95-41c0-5665-952b-25b2242f73d6.html,poststar.com,20210530T003000Z,English,United States
reforestation,silviculture,Nothing looks good  preparing for summer wildfire season . What to expect .,https://statesville.com/news/national/nothing-looks-good-preparing-for-summer-wildfire-season-what-to-expect/article_433d9dca-7946-5bb1-b775-9e5b4fa613a1.html,statesville.com,20210530T001500Z,English,United States
reforestation,silviculture,Nothing looks good  preparing for summer wildfire season . What to expect .,https://starherald.com/news/national/nothing-looks-good-preparing-for-summer-wildfire-season-what-to-expect/article_10731a68-358e-515d-9217-d0fbee6fea10.html,starherald.com,20210530T001500Z,English,United States
reforestation,silviculture,Nothing looks good  preparing for summer wildfire season . What to expect .,https://azdailysun.com/news/national/nothing-looks-good-preparing-for-summer-wildfire-season-what-to-expect/article_3e154309-1c71-5b2f-8f80-5f999f4e8801.html,azdailysun.com,20210530T001500Z,English,United States
reforestation,silviculture,Nothing looks good  preparing for summer wildfire season . What to expect .,https://newsadvance.com/news/national/nothing-looks-good-preparing-for-summer-wildfire-season-what-to-expect/article_a616ab58-6c0a-5b6e-93d0-3da0f14343cc.html,newsadvance.com,20210530T001500Z,English,United States
reforestation,silviculture,Nothing looks good  preparing for summer wildfire season . What to expect .,https://bismarcktribune.com/news/national/nothing-looks-good-preparing-for-summer-wildfire-season-what-to-expect/article_14ba86cf-13d1-5acf-ae79-f5f070b42511.html,bismarcktribune.com,20210530T001500Z,English,United States
reforestation,silviculture,Nothing looks good  preparing for summer wildfire season . What to expect .,https://thesouthern.com/news/national/nothing-looks-good-preparing-for-summer-wildfire-season-what-to-expect/article_6b88fbe8-d762-57f6-8379-b5186a3c2973.html,thesouthern.com,20210530T001500Z,English,United States
reforestation,silviculture,Nothing looks good  preparing for summer wildfire season . What to expect .,https://ravallirepublic.com/news/national/nothing-looks-good-preparing-for-summer-wildfire-season-what-to-expect/article_8f534249-3f3a-5819-a00f-7150c8ab5808.html,ravallirepublic.com,20210530T000000Z,English,United States
reforestation,silviculture,Nothing looks good  preparing for summer wildfire season . What to expect .,https://omaha.com/news/national/nothing-looks-good-preparing-for-summer-wildfire-season-what-to-expect/article_f749b081-c595-5702-901c-fba02d0beaa7.html,omaha.com,20210530T000000Z,English,United States
reforestation,silviculture,Nothing looks good  preparing for summer wildfire season . What to expect .,https://independenttribune.com/news/national/nothing-looks-good-preparing-for-summer-wildfire-season-what-to-expect/article_e6393d6e-fc3d-50bc-988a-3c2a0ef6f2d1.html,independenttribune.com,20210530T000000Z,English,United States
reforestation,silviculture,Nothing looks good  preparing for summer wildfire season . What to expect .,https://rapidcityjournal.com/news/national/nothing-looks-good-preparing-for-summer-wildfire-season-what-to-expect/article_1482eec8-88fc-581b-893c-917ab97a567b.html,rapidcityjournal.com,20210530T000000Z,English,United States
reforestation,silviculture,Nothing looks good  preparing for summer wildfire season . What to expect .,https://www.pantagraph.com/news/national/nothing-looks-good-preparing-for-summer-wildfire-season-what-to-expect/article_584d03a5-0bf2-5881-a01f-a9183c84e949.html,pantagraph.com,20210530T000000Z,English,United States
reforestation,silviculture,Nothing looks good  preparing for summer wildfire season . What to expect .,https://richmond.com/news/national/nothing-looks-good-preparing-for-summer-wildfire-season-what-to-expect/article_48d1545e-feaa-5ae4-9f96-a168fb987729.html,richmond.com,20210529T234500Z,English,United States
reforestation,silviculture,Nothing looks good  preparing for summer wildfire season . What to expect .,https://globegazette.com/news/national/nothing-looks-good-preparing-for-summer-wildfire-season-what-to-expect/article_25aa8b13-45f7-5304-848b-d22e1cd6a6dd.html,globegazette.com,20210529T234500Z,English,United States
reforestation,silviculture,Nothing looks good  preparing for summer wildfire season . What to expect .,https://qctimes.com/news/national/nothing-looks-good-preparing-for-summer-wildfire-season-what-to-expect/article_9d4e0ee7-d971-5c57-8c35-70bbe3f73e6a.html,qctimes.com,20210529T234500Z,English,United States
reforestation,silviculture,Nothing looks good  preparing for summer wildfire season . What to expect .,https://auburnpub.com/news/national/nothing-looks-good-preparing-for-summer-wildfire-season-what-to-expect/article_25b8ece5-e6ed-574c-80fe-46efba549cb5.html,auburnpub.com,20210529T233000Z,English,United States
reforestation,silviculture,Nothing looks good  preparing for summer wildfire season . What to expect .,https://buffalonews.com/news/national/nothing-looks-good-preparing-for-summer-wildfire-season-what-to-expect/article_ec999e2e-2c39-5a7d-9c0c-82f19bff432c.html,buffalonews.com,20210529T233000Z,English,United States
reforestation,silviculture,Nothing looks good  preparing for summer wildfire season . What to expect .,https://siouxcityjournal.com/news/national/nothing-looks-good-preparing-for-summer-wildfire-season-what-to-expect/article_1e5ade19-0ee5-539e-8292-bbbf655cb195.html,siouxcityjournal.com,20210529T231500Z,English,United States
reforestation,silviculture,Nothing looks good  preparing for summer wildfire season . What to expect .,https://billingsgazette.com/news/national/nothing-looks-good-preparing-for-summer-wildfire-season-what-to-expect/article_6bdbb47c-ac7f-5c3a-bf69-8e61b50fc33a.html,billingsgazette.com,20210529T231500Z,English,United States
reforestation,silviculture,Nothing looks good  preparing for summer wildfire season . What to expect .,https://fredericksburg.com/news/national/nothing-looks-good-preparing-for-summer-wildfire-season-what-to-expect/article_260743e5-e05e-5fa2-ae84-f566a3bbf755.html,fredericksburg.com,20210529T231500Z,English,United States
reforestation,silviculture,Nothing looks good  preparing for summer wildfire season . What to expect .,https://www.winonadailynews.com/news/national/nothing-looks-good-preparing-for-summer-wildfire-season-what-to-expect/article_a5a18dc2-c3e1-5f8d-8fb5-66c633795708.html,winonadailynews.com,20210529T231500Z,English,United States
reforestation,silviculture,Nothing looks good  preparing for summer wildfire season . What to expect .,https://www.stltoday.com/news/national/nothing-looks-good-preparing-for-summer-wildfire-season-what-to-expect/article_c5f2ccdf-1f4f-520f-8bcb-9c05e8512b83.html,stltoday.com,20210529T231500Z,English,United States
reforestation,silviculture,Nothing looks good  preparing for summer wildfire season . What to expect .,https://tucson.com/news/national/nothing-looks-good-preparing-for-summer-wildfire-season-what-to-expect/article_db4ef003-140e-50f0-9f08-5248906e96ea.html,tucson.com,20210529T231500Z,English,United States
reforestation,silviculture,Nothing looks good  preparing for summer wildfire season . What to expect .,https://madison.com/news/national/nothing-looks-good-preparing-for-summer-wildfire-season-what-to-expect/article_c676aa0b-358f-5b50-8ad8-adc13a9ef1c3.html,madison.com,20210529T231500Z,English,United States
reforestation,silviculture,Nothing looks good  preparing for summer wildfire season . What to expect .,https://tulsaworld.com/news/national/nothing-looks-good-preparing-for-summer-wildfire-season-what-to-expect/article_a4950dcf-3f9f-5797-9d7a-9b39c536b032.html,tulsaworld.com,20210529T230000Z,English,United States
reforestation,silviculture,Nothing looks good  preparing for summer wildfire season . What to expect .,https://kearneyhub.com/news/national/nothing-looks-good-preparing-for-summer-wildfire-season-what-to-expect/article_2e330274-03f6-59f6-b946-d7ad8a2b9322.html,kearneyhub.com,20210529T230000Z,English,United States
reforestation,silviculture,Nothing looks good  preparing for summer wildfire season . What to expect .,https://martinsvillebulletin.com/news/national/nothing-looks-good-preparing-for-summer-wildfire-season-what-to-expect/article_57a5b1da-0b4e-56a7-a3a1-36d08b2d881d.html,martinsvillebulletin.com,20210529T230000Z,English,United States
reforestation,silviculture,Nothing looks good  preparing for summer wildfire season . What to expect .,https://lexch.com/news/national/nothing-looks-good-preparing-for-summer-wildfire-season-what-to-expect/article_e758c2ab-1b1d-5165-bdf2-7c866238ca98.html,lexch.com,20210529T230000Z,English,United States
reforestation,silviculture,Nothing looks good  preparing for summer wildfire season . What to expect .,https://www.nwitimes.com/news/national/nothing-looks-good-preparing-for-summer-wildfire-season-what-to-expect/article_95454d92-515a-514f-99da-92e7c8da261a.html,nwitimes.com,20210529T230000Z,English,United States
reforestation,silviculture,Nothing looks good  preparing for summer wildfire season . What to expect .,https://scnow.com/news/national/nothing-looks-good-preparing-for-summer-wildfire-season-what-to-expect/article_03ae6f3e-76f0-51c3-ad32-2b210ad30b9c.html,scnow.com,20210529T230000Z,English,United States
reforestation,silviculture,Nothing looks good  preparing for summer wildfire season . What to expect .,https://lacrossetribune.com/news/national/nothing-looks-good-preparing-for-summer-wildfire-season-what-to-expect/article_3374793d-79ab-5629-8c22-1dae536e8332.html,lacrossetribune.com,20210529T224500Z,English,United States
reforestation,silviculture,Nothing looks good  preparing for summer wildfire season,https://magicvalley.com/news/local/govt-and-politics/nothing-looks-good-preparing-for-summer-wildfire-season/article_7d010dc0-4eb1-55ec-886c-f5aec4198541.html,magicvalley.com,20210529T181500Z,English,United States
reforestation,silviculture,Page A1 | e - Edition | azdailysun . com,https://azdailysun.com/eedition/page-a1/page_69b0c247-5242-5f4b-a1fa-331d8ed206a7.html,azdailysun.com,20210529T103000Z,English,United States
reforestation,silviculture,Nothing looks good  preparing for summer wildfire season,https://www.lagrandeobserver.com/news/state/nothing-looks-good-preparing-for-summer-wildfire-season/article_cd53adba-bf47-11eb-9404-5fdb4615ffc5.html,lagrandeobserver.com,20210528T213000Z,English,United States
reforestation,silviculture,Nothing looks good  preparing for summer wildfire season,https://democratherald.com/news/state-and-regional/nothing-looks-good-preparing-for-summer-wildfire-season/article_8f7bea14-6dfa-5734-ba9c-6fbac2efabf8.html,democratherald.com,20210528T170000Z,English,United States
reforestation,silviculture,Nothing looks good  preparing for summer wildfire season,https://www.gazettetimes.com/news/state-and-regional/nothing-looks-good-preparing-for-summer-wildfire-season/article_39789380-80a9-5ca0-8301-5ab55d4db5aa.html,gazettetimes.com,20210528T164500Z,English,United States
reforestation,silviculture,Nothing looks good  preparing for summer wildfire season - Santa Monica Daily Press,https://www.smdp.com/nothing-looks-good-preparing-for-summer-wildfire-season/205331,smdp.com,20210528T151500Z,English,United States
reforestation,silviculture,Nothing looks good : Agencies preparing for summer wildfire season,https://www.kgw.com/article/news/local/wildfire/nothing-looks-good-agencies-preparing-for-summer-wildfire-season/283-37110d4b-4e1d-498e-a24c-3f33579e83ec,kgw.com,20210528T063000Z,English,United States
reforestation,silviculture,Nothing looks good  preparing for summer wildfire season,https://www.goshennews.com/news/national_news/nothing-looks-good-preparing-for-summer-wildfire-season/article_54cdca38-c763-5070-9237-09db22a4d8f6.html,goshennews.com,20210528T040000Z,English,United States
reforestation,silviculture,Nothing looks good  preparing for summer wildfire season,https://www.timesunion.com/news/article/Nothing-looks-good-preparing-for-summer-16207755.php,timesunion.com,20210528T031500Z,English,United States
reforestation,silviculture,Nothing looks good  preparing for summer wildfire season,https://www.smdailyjournal.com/news/national/nothing-looks-good-preparing-for-summer-wildfire-season/article_74c6a282-bf25-11eb-a313-c3f8f27fb8ff.html,smdailyjournal.com,20210528T024500Z,English,United States
reforestation,silviculture,Nothing looks good  preparing for summer wildfire season,https://magicvalley.com/news/state-and-regional/nothing-looks-good-preparing-for-summer-wildfire-season/article_f6b21c6e-b7de-51d9-ab08-aab001acc39d.html,magicvalley.com,20210528T020000Z,English,United States
reforestation,silviculture,Nothing looks good  preparing for summer wildfire season,https://tdn.com/news/state-and-regional/oregon/nothing-looks-good-preparing-for-summer-wildfire-season/article_2d387509-68cb-53c6-8192-b44fde00dc68.html,tdn.com,20210528T014500Z,English,United States
reforestation,silviculture,Nothing looks good  preparing for summer wildfire season,https://www.jonesborosun.com/newport/nothing-looks-good-preparing-for-summer-wildfire-season/article_08a06186-f2cb-5d75-b519-c376bd9fc7e8.html,jonesborosun.com,20210528T013000Z,English,United States
reforestation,silviculture,Nothing looks good  preparing for summer wildfire season,https://www.mysanantonio.com/news/article/Nothing-looks-good-preparing-for-summer-16207755.php,mysanantonio.com,20210528T010000Z,English,United States
reforestation,silviculture,Nothing looks good  preparing for summer wildfire season,https://napavalleyregister.com/news/state-and-regional/nothing-looks-good-preparing-for-summer-wildfire-season/article_12ee85c9-f041-598c-b0c6-159507cc1968.html,napavalleyregister.com,20210528T001500Z,English,United States
reforestation,silviculture,Nothing looks good  preparing for summer wildfire season,https://www.lmtonline.com/news/article/Nothing-looks-good-preparing-for-summer-16207755.php,lmtonline.com,20210528T001500Z,English,United States
reforestation,silviculture,Nothing looks good  preparing for summer wildfire season,https://www.heraldandnews.com/ap_news/business/nothing-looks-good-preparing-for-summer-wildfire-season/article_142bfc67-b9d1-53a9-8e6d-e59b39c657b6.html,heraldandnews.com,20210528T001500Z,English,United States
reforestation,silviculture,Nothing looks good  preparing for summer wildfire season,https://www.bakersfield.com/ap/state/nothing-looks-good-preparing-for-summer-wildfire-season/article_b26a0f27-47d0-5990-85ad-40d6bc83fcac.html,bakersfield.com,20210527T234500Z,English,United States
reforestation,silviculture,Nothing looks good  preparing for summer wildfire season,https://www.washingtonpost.com/politics/nothing-looks-good-preparing-for-summer-wildfire-season/2021/05/27/76744224-bf0c-11eb-922a-c40c9774bc48_story.html,washingtonpost.com,20210527T223000Z,English,United States
reforestation,silviculture,Nothing looks good  preparing for summer wildfire season,https://www.capitalpress.com/ag_sectors/timber/nothing-looks-good-preparing-for-summer-wildfire-season/article_c2059b52-d76d-52e6-ad55-8c29984cb15d.html,capitalpress.com,20210527T223000Z,English,United States
reforestation,silviculture,Nothing looks good  preparing for summer wildfire season,https://www.union-bulletin.com/news/northwest/nothing-looks-good-preparing-for-summer-wildfire-season/article_1c61ac3b-60e0-5e9d-bed1-8d1ad4f0074f.html,union-bulletin.com,20210527T223000Z,English,United States
reforestation,silviculture,Nothing looks good  preparing for summer wildfire season,https://www.whec.com/news/nothing-looks-good-preparing-for-summer-wildfire-season/6123655/?cat=10036,whec.com,20210527T220000Z,English,United States
reforestation,silviculture,Nothing looks good  preparing for summer wildfire season,https://www.kokomotribune.com/news/nation_world_news/nothing-looks-good-preparing-for-summer-wildfire-season/article_e2962000-9276-5f13-b730-de833311aab4.html,kokomotribune.com,20210527T220000Z,English,United States
reforestation,silviculture,Nothing looks good  preparing for summer wildfire season,https://www.eastidahonews.com/2021/05/nothing-looks-good-preparing-for-summer-wildfire-season/,eastidahonews.com,20210527T214500Z,English,United States
reforestation,silviculture,Nothing looks good  preparing for summer wildfire season,https://www.foxnews.com/us/summer-wildfire-season,foxnews.com,20210527T214500Z,English,United States
reforestation,silviculture,Nothing looks good  preparing for summer wildfire season,https://santamariatimes.com/news/state-and-regional/nothing-looks-good-preparing-for-summer-wildfire-season/article_e5d26e8e-a9cf-5250-819e-edcfd6dbf1e3.html,santamariatimes.com,20210527T214500Z,English,United States
reforestation,silviculture,Nothing looks good  preparing for summer wildfire season,https://www.thetelegraph.com/news/article/Nothing-looks-good-preparing-for-summer-16207755.php,thetelegraph.com,20210527T214500Z,English,United States
reforestation,silviculture,Nothing looks good  preparing for summer wildfire season,https://www.news-gazette.com/news/nation-world/nothing-looks-good-preparing-for-summer-wildfire-season/article_276ca433-f1e1-5926-bbe3-cbdb92704bef.html,news-gazette.com,20210527T213000Z,English,United States
reforestation,silviculture,Nothing looks good  preparing for summer wildfire season,https://madison.com/news/national/nothing-looks-good-preparing-for-summer-wildfire-season/article_8fee4ca6-e1ce-5061-8964-70d230e9b741.html,madison.com,20210527T213000Z,English,United States
reforestation,silviculture,Nothing looks good  preparing for summer wildfire season,https://wacotrib.com/news/national/nothing-looks-good-preparing-for-summer-wildfire-season/article_fa154164-7f43-5ff5-80b5-84cee189ec95.html,wacotrib.com,20210527T213000Z,English,United States
reforestation,silviculture,Nothing looks good  preparing for summer wildfire season,https://www.kxly.com/i/nothing-looks-good-preparing-for-summer-wildfire-season/,kxly.com,20210527T213000Z,English,United States
reforestation,silviculture,Nothing looks good  preparing for summer wildfire season,https://www.northwestgeorgianews.com/associated_press/nothing-looks-good-preparing-for-summer-wildfire-season/article_e0322761-2aea-5204-872d-2ff50567f8dd.html,northwestgeorgianews.com,20210527T213000Z,English,United States
reforestation,silviculture,Nothing looks good  preparing for summer wildfire season,https://fremonttribune.com/news/national/nothing-looks-good-preparing-for-summer-wildfire-season/article_0965d773-5445-5c46-bd09-486a61a9c7d7.html,fremonttribune.com,20210527T213000Z,English,United States
reforestation,silviculture,Nothing looks good  preparing for summer wildfire season,https://www.caledonianrecord.com/news/national/nothing-looks-good-preparing-for-summer-wildfire-season/article_0b000591-d893-597f-a20e-259b8738aeba.html,caledonianrecord.com,20210527T213000Z,English,United States
reforestation,silviculture,Nothing looks good  preparing for summer wildfire season,https://www.local10.com/news/politics/2021/05/27/nothing-looks-good-preparing-for-summer-wildfire-season/,local10.com,20210527T211500Z,English,United States
reforestation,silviculture,Nothing looks good  preparing for summer wildfire season,https://www.kptv.com/news/nothing-looks-good-preparing-for-summer-wildfire-season/article_5214bf85-f555-5d88-937b-f4c3025acf0c.html,kptv.com,20210527T211500Z,English,United States
reforestation,silviculture,Nothing looks good  preparing for summer wildfire season,https://phys.org/news/2021-05-good-summer-wildfire-season.html,phys.org,20210527T211500Z,English,United States
reforestation,silviculture,Nothing looks good  preparing for summer wildfire season,https://www.yakimaherald.com/news/business/national/nothing-looks-good-preparing-for-summer-wildfire-season/article_048c76f1-d323-5ec1-a8fa-c42e7a3d4df3.html,yakimaherald.com,20210527T204500Z,English,United States
reforestation,silviculture,Nothing looks good  preparing for summer wildfire season,https://www.nwitimes.com/news/national/nothing-looks-good-preparing-for-summer-wildfire-season/article_82989d58-7788-50c7-b2e3-7299c8d06904.html,nwitimes.com,20210527T204500Z,English,United States
reforestation,silviculture,Nothing looks good  preparing for summer wildfire season,https://www.couriernews.com/news/business/nothing-looks-good-preparing-for-summer-wildfire-season/article_9f4b9d26-a6cc-59d1-a7ae-a49abdaae7b1.html,couriernews.com,20210527T203000Z,English,United States
reforestation,silviculture,Nothing looks good  preparing for summer wildfire season,https://www.abqjournal.com/2394735/nothing-looks-good-preparing-for-summer-wildfire-season.html,abqjournal.com,20210527T203000Z,English,United States
reforestation,silviculture,Nothing looks good  preparing for summer wildfire season,https://www.postregister.com/news/state/nothing-looks-good-preparing-for-summer-wildfire-season/article_14fb0667-a5dc-5df5-9cdb-e483f5efb840.html,postregister.com,20210527T201500Z,English,United States
reforestation,silviculture,Nothing looks good  preparing for summer wildfire season,https://www.wfmj.com/story/43980351/nothing-looks-good-preparing-for-summer-wildfire-season,wfmj.com,20210527T201500Z,English,United States
reforestation,silviculture,Nothing looks good  preparing for summer wildfire season,https://www.clickondetroit.com/news/politics/2021/05/27/nothing-looks-good-preparing-for-summer-wildfire-season/,clickondetroit.com,20210527T200000Z,English,United States
reforestation,silviculture,Nothing looks good  preparing for summer wildfire season,https://www.pbs.org/newshour/nation/nothing-looks-good-preparing-for-summer-wildfire-season,pbs.org,20210527T200000Z,English,United States
reforestation,silviculture,Nothing looks good  preparing for summer wildfire season,https://www.mailtribune.com/happening-now/2021/05/27/nothing-looks-good-preparing-for-summer-wildfire-season/,mailtribune.com,20210527T200000Z,English,United States
reforestation,silviculture,Nothing looks good  preparing for summer wildfire season,https://www.news4jax.com/news/politics/2021/05/27/nothing-looks-good-preparing-for-summer-wildfire-season/,news4jax.com,20210527T200000Z,English,United States
reforestation,silviculture,Nothing looks good  preparing for summer wildfire season,https://www.dailyadvance.com/news/national/nothing-looks-good-preparing-for-summer-wildfire-season/article_a85dc6ae-ce44-5045-a89b-6f703eab9714.html,dailyadvance.com,20210527T200000Z,English,United States
reforestation,silviculture,Nothing looks good  preparing for summer wildfire season,https://omaha.com/news/national/nothing-looks-good-preparing-for-summer-wildfire-season/article_720ff356-12c9-5f9e-b621-41fa37a07420.html,omaha.com,20210527T200000Z,English,United States
reforestation,silviculture,Nothing looks good  preparing for summer wildfire season,https://www.crossville-chronicle.com/news/ap_news/nothing-looks-good-preparing-for-summer-wildfire-season/article_a2740949-31df-5003-81b6-7f79d1726aaa.html,crossville-chronicle.com,20210527T194500Z,English,United States
reforestation,silviculture,Nothing looks good  preparing for summer wildfire season,https://www.heraldandnews.com/ap_news/oregon/nothing-looks-good-preparing-for-summer-wildfire-season/article_142bfc67-b9d1-53a9-8e6d-e59b39c657b6.html,heraldandnews.com,20210527T193000Z,English,United States
reforestation,silviculture,Nothing looks good  preparing for summer wildfire season,https://gazette.com/ap/business/nothing-looks-good-preparing-for-summer-wildfire-season/article_fc0b5a5f-52aa-5675-b694-be36b365b8c3.html,gazette.com,20210527T193000Z,English,United States
reforestation,silviculture,Nothing looks good  preparing for summer wildfire season,https://www.hjnews.com/nation/nothing-looks-good-preparing-for-summer-wildfire-season/article_e69e2c73-b195-5a69-84f2-24c7b6fab898.html,hjnews.com,20210527T193000Z,English,United States
reforestation,silviculture,Nothing looks good  preparing for summer wildfire season,https://www.oskaloosa.com/news/national_news/nothing-looks-good-preparing-for-summer-wildfire-season/article_9f7db465-5cec-519e-8f23-7a5ac40d3d35.html,oskaloosa.com,20210527T193000Z,English,United States
reforestation,silviculture,Nothing looks good  preparing for summer wildfire season,https://www.dailyrecordnews.com/ap_news/washington/nothing-looks-good-preparing-for-summer-wildfire-season/article_9335a071-b6c9-5ce4-aa3f-7259cbfc98d1.html,dailyrecordnews.com,20210527T193000Z,English,United States
reforestation,silviculture,Nothing looks good  preparing for summer wildfire season,https://missoulian.com/news/national/nothing-looks-good-preparing-for-summer-wildfire-season/article_3820d204-6e74-571a-b7d8-5de5aa067b70.html,missoulian.com,20210527T191500Z,English,United States
reforestation,silviculture,Nothing looks good  preparing for summer wildfire season,https://www.mankatofreepress.com/region/nothing-looks-good-preparing-for-summer-wildfire-season/article_198a0c28-4ae9-57ed-9ab6-fa76fc0cd2b4.html,mankatofreepress.com,20210527T190000Z,English,United States
reforestation,silviculture,Nothing looks good  preparing for summer wildfire season,https://journalstar.com/news/national/nothing-looks-good-preparing-for-summer-wildfire-season/article_6a883d0d-d366-54d7-a1ae-4ae528227836.html,journalstar.com,20210527T190000Z,English,United States
reforestation,silviculture,Nothing looks good  preparing for summer wildfire season,https://heraldcourier.com/news/national/nothing-looks-good-preparing-for-summer-wildfire-season/article_7c1520ef-0639-59b9-8d18-817edbdbc2dd.html,heraldcourier.com,20210527T190000Z,English,United States
reforestation,silviculture,Nothing looks good  preparing for summer wildfire season,https://godanriver.com/news/national/nothing-looks-good-preparing-for-summer-wildfire-season/article_b527d594-e9b5-590f-b59d-c9898f1f2a5a.html,godanriver.com,20210527T190000Z,English,United States
reforestation,silviculture,Nothing looks good  preparing for summer wildfire season,https://www.greenwichtime.com/news/article/Nothing-looks-good-preparing-for-summer-16207755.php,greenwichtime.com,20210527T190000Z,English,United States
reforestation,silviculture,Nothing looks good  preparing for summer wildfire season,https://www.wsls.com/news/politics/2021/05/27/nothing-looks-good-preparing-for-summer-wildfire-season/,wsls.com,20210527T190000Z,English,United States
reforestation,silviculture,Nothing looks good  preparing for summer wildfire season,https://www.wiscnews.com/news/national/nothing-looks-good-preparing-for-summer-wildfire-season/article_37351fb0-314a-5d2b-a5a8-934708e294a0.html,wiscnews.com,20210527T190000Z,English,United States
reforestation,silviculture,Nothing looks good  preparing for summer wildfire season,https://www.news8000.com/i/nothing-looks-good-preparing-for-summer-wildfire-season/,news8000.com,20210527T190000Z,English,United States
reforestation,silviculture,Nothing looks good  preparing for summer wildfire season,https://www.valdostadailytimes.com/news/national_international/nothing-looks-good-preparing-for-summer-wildfire-season/article_3bb6add9-2f5f-5510-b67c-eb61ad998271.html,valdostadailytimes.com,20210527T190000Z,English,United States
reforestation,silviculture,Nothing looks good  preparing for summer wildfire season,https://www.sheltonherald.com/news/article/Nothing-looks-good-preparing-for-summer-16207755.php,sheltonherald.com,20210527T184500Z,English,United States
reforestation,silviculture,Nothing looks good  preparing for summer wildfire season,https://yorknewstimes.com/news/national/nothing-looks-good-preparing-for-summer-wildfire-season/article_d5acb95d-5384-521c-bd38-89255f107877.html,yorknewstimes.com,20210527T184500Z,English,United States
reforestation,silviculture,Nothing looks good  preparing for summer wildfire season,https://journalnow.com/news/national/nothing-looks-good-preparing-for-summer-wildfire-season/article_88a42c6b-39eb-5f31-acfb-c2e439e5da56.html,journalnow.com,20210527T184500Z,English,United States
reforestation,silviculture,Nothing looks good  preparing for summer wildfire season,https://www.stltoday.com/news/national/nothing-looks-good-preparing-for-summer-wildfire-season/article_9952ae6a-c0ff-5cc8-8644-3b2cde7c0eda.html,stltoday.com,20210527T184500Z,English,United States
reforestation,silviculture,Nothing looks good  preparing for summer wildfire season,https://www.bakersfield.com/ap/news/nothing-looks-good-preparing-for-summer-wildfire-season/article_b26a0f27-47d0-5990-85ad-40d6bc83fcac.html,bakersfield.com,20210527T184500Z,English,United States
reforestation,silviculture,Nothing looks good  preparing for summer wildfire season,https://www.westport-news.com/news/article/Nothing-looks-good-preparing-for-summer-16207755.php,westport-news.com,20210527T184500Z,English,United States
reforestation,silviculture,Nothing looks good  preparing for summer wildfire season,https://poststar.com/news/national/nothing-looks-good-preparing-for-summer-wildfire-season/article_8b31d181-2cc3-534e-ab0a-18f46c9a248c.html,poststar.com,20210527T184500Z,English,United States
reforestation,silviculture,Nothing looks good  preparing for summer wildfire season,https://www.houstonchronicle.com/news/article/Nothing-looks-good-preparing-for-summer-16207755.php,houstonchronicle.com,20210527T184500Z,English,United States
reforestation,silviculture,Nothing looks good  preparing for summer wildfire season,https://siouxcityjournal.com/news/national/nothing-looks-good-preparing-for-summer-wildfire-season/article_5e0fb26c-72b6-5d2f-8f9e-2d56a2b77bad.html,siouxcityjournal.com,20210527T184500Z,English,United States
reforestation,silviculture,Nothing looks good  preparing for summer wildfire season,https://tdn.com/news/national/nothing-looks-good-preparing-for-summer-wildfire-season/article_e5c30a23-38f1-501a-be92-80893c225277.html,tdn.com,20210527T184500Z,English,United States
reforestation,silviculture,Nothing looks good  preparing for summer wildfire season,https://napavalleyregister.com/news/national/nothing-looks-good-preparing-for-summer-wildfire-season/article_43a8a612-6fb6-52c7-9650-54ddc33f6581.html,napavalleyregister.com,20210527T184500Z,English,United States
reforestation,silviculture,Nothing looks good  preparing for summer wildfire season,https://www.newstimes.com/news/article/Nothing-looks-good-preparing-for-summer-16207755.php,newstimes.com,20210527T183000Z,English,United States
reforestation,silviculture,Nothing looks good  preparing for summer wildfire season,https://www.stamfordadvocate.com/news/article/Nothing-looks-good-preparing-for-summer-16207755.php,stamfordadvocate.com,20210527T183000Z,English,United States
reforestation,silviculture,Nothing looks good  preparing for summer wildfire season,https://www.idahostatejournal.com/news/state/nothing-looks-good-preparing-for-summer-wildfire-season/article_fed2f665-1f18-5c72-a0b4-4619ebf274b9.html,idahostatejournal.com,20210527T183000Z,English,United States
reforestation,silviculture,Nothing looks good  preparing for summer wildfire season,https://www.ctpost.com/news/article/Nothing-looks-good-preparing-for-summer-16207755.php,ctpost.com,20210527T183000Z,English,United States
reforestation,silviculture,Nothing looks good  preparing for summer wildfire season,https://abcnews.go.com/Business/wireStory/good-preparing-summer-wildfire-season-77944957,abcnews.go.com,20210527T183000Z,English,United States
reforestation,silviculture,Nothing looks good  preparing for summer wildfire season,https://www.clickorlando.com/news/politics/2021/05/27/nothing-looks-good-preparing-for-summer-wildfire-season/,clickorlando.com,20210527T183000Z,English,United States
reforestation,silviculture,Nothing looks good  preparing for summer wildfire season,https://www.hometownstations.com/news/national/nothing-looks-good-preparing-for-summer-wildfire-season/article_0ff0007c-8666-5f7d-947c-b9450e73614c.html,hometownstations.com,20210527T181500Z,English,United States
reforestation,silviculture,Nothing looks good  preparing for summer wildfire season,https://rapidcityjournal.com/news/national/nothing-looks-good-preparing-for-summer-wildfire-season/article_0ba9cc52-202c-5592-b7ec-d23eed1c9044.html,rapidcityjournal.com,20210527T180000Z,English,United States
reforestation,silviculture,Nothing looks good  preparing for summer wildfire season,https://www.gazettetimes.com/news/national/nothing-looks-good-preparing-for-summer-wildfire-season/article_5103d8e8-0a59-50b5-85bb-14b3fca3d4d3.html,gazettetimes.com,20210527T180000Z,English,United States
reforestation,silviculture,Nothing looks good  preparing for summer wildfire season,https://www.swoknews.com/ap/business/nothing-looks-good-preparing-for-summer-wildfire-season/article_cbf66248-1c07-53fd-89f0-7aa8be4c38a6.html,swoknews.com,20210527T180000Z,English,United States
reforestation,silviculture,Nothing looks good  preparing for summer wildfire season,https://www.ksat.com/news/politics/2021/05/27/nothing-looks-good-preparing-for-summer-wildfire-season/,ksat.com,20210527T180000Z,English,United States
reforestation,silviculture,Nothing looks good  preparing for summer wildfire season,https://roanoke.com/news/national/nothing-looks-good-preparing-for-summer-wildfire-season/article_7de61840-8dd6-5f7c-997e-36f1fcd35c50.html,roanoke.com,20210527T180000Z,English,United States
reforestation,silviculture,Nothing looks good  preparing for summer wildfire season,https://www.middletownpress.com/news/article/Nothing-looks-good-preparing-for-summer-16207755.php,middletownpress.com,20210527T174500Z,English,United States
reforestation,silviculture,Nothing looks good  preparing for summer wildfire season,https://abcnews.go.com/Technology/wireStory/good-preparing-summer-wildfire-season-77943705,abcnews.go.com,20210527T174500Z,English,United States
reforestation,silviculture,Nothing looks good  preparing for summer wildfire season,https://morganton.com/news/national/nothing-looks-good-preparing-for-summer-wildfire-season/article_d989419c-6d24-546a-844a-462bb3471759.html,morganton.com,20210527T174500Z,English,United States
reforestation,silviculture,Nothing looks good  preparing for summer wildfire season,https://www.ncadvertiser.com/news/article/Nothing-looks-good-preparing-for-summer-16207755.php,ncadvertiser.com,20210527T174500Z,English,United States
reforestation,silviculture,Nothing looks good  preparing for summer wildfire season,https://www.smdailyjournal.com/business/nothing-looks-good-preparing-for-summer-wildfire-season/article_a5665492-803c-5fbf-98cf-7346d41549f8.html,smdailyjournal.com,20210527T174500Z,English,United States
reforestation,silviculture,Nothing looks good  preparing for summer wildfire season,https://tucson.com/news/national/nothing-looks-good-preparing-for-summer-wildfire-season/article_f35e589e-a27b-5964-84f7-0c9b5e06cf3a.html,tucson.com,20210527T174500Z,English,United States
reforestation,silviculture,Nothing looks good  preparing for summer wildfire season,https://www.pantagraph.com/news/national/nothing-looks-good-preparing-for-summer-wildfire-season/article_0f5555c2-f858-563e-b011-e2d1db914bf4.html,pantagraph.com,20210527T174500Z,English,United States
reforestation,silviculture,Nothing looks good  preparing for summer wildfire season,https://www.seattlepi.com/news/article/Nothing-looks-good-preparing-for-summer-16207755.php,seattlepi.com,20210527T173000Z,English,United States
reforestation,silviculture,Nothing looks good  preparing for summer wildfire season,https://www.chronicleonline.com/news/national/nothing-looks-good-preparing-for-summer-wildfire-season/article_11786b08-d1e9-5cbc-9c54-926cdd1f7bc6.html,chronicleonline.com,20210527T173000Z,English,United States
reforestation,silviculture,Nothing looks good  preparing for summer wildfire season,https://wnyt.com/politics/nothing-looks-good-preparing-for-summer-wildfire-season/6123658/,wnyt.com,20210527T173000Z,English,United States
reforestation,silviculture,Nothing looks good  preparing for summer wildfire season,https://www.wboc.com/story/43980351/nothing-looks-good-preparing-for-summer-wildfire-season,wboc.com,20210527T173000Z,English,United States
reforestation,silviculture,Nothing looks good  preparing for summer wildfire season,https://www.nhregister.com/news/article/Nothing-looks-good-preparing-for-summer-16207755.php,nhregister.com,20210527T173000Z,English,United States
reforestation,silviculture,Nothing looks good  preparing for summer wildfire season,https://www.newmilfordspectrum.com/news/article/Nothing-looks-good-preparing-for-summer-16207755.php,newmilfordspectrum.com,20210527T173000Z,English,United States
reforestation,silviculture,Nothing looks good  preparing for summer wildfire season,https://www.chron.com/news/article/Nothing-looks-good-preparing-for-summer-16207755.php,chron.com,20210527T173000Z,English,United States
reforestation,silviculture,Nothing looks good  preparing for summer wildfire season,https://www.mrt.com/news/article/Nothing-looks-good-preparing-for-summer-16207755.php,mrt.com,20210527T173000Z,English,United States
reforestation,silviculture,Nothing looks good  preparing for summer wildfire season,https://www.recorderonline.com/news/state_news/nothing-looks-good-preparing-for-summer-wildfire-season/article_28cfd974-5a6d-554a-819b-232c4f5756fa.html,recorderonline.com,20210527T173000Z,English,United States
reforestation,silviculture,Nothing looks good  preparing for summer wildfire season,https://www.beaumontenterprise.com/news/article/Nothing-looks-good-preparing-for-summer-16207755.php,beaumontenterprise.com,20210527T171500Z,English,United States
reforestation,silviculture,Nothing looks good  preparing for summer wildfire season,https://www.sfgate.com/news/article/Nothing-looks-good-preparing-for-summer-16207755.php,sfgate.com,20210527T171500Z,English,United States
reforestation,silviculture,Nothing looks good  preparing for summer wildfire season,https://www.middletownpress.com/shorelinenews/article/Nothing-looks-good-preparing-for-summer-16207755.php,middletownpress.com,20210527T171500Z,English,United States
reforestation,silviculture,ODNR : Registration open for Camp Canopy 2021,https://www.daily-jeff.com/story/news/2021/05/23/odnr-registration-open-camp-canopy-2021-ffa-camp-muskingum/5161935001/,daily-jeff.com,20210524T163000Z,English,United States
reforestation,silviculture,Camp Canopy Registration is Open for 2021 | Outdoor News Daily,http://outdoornewsdaily.com/camp-canopy-registration-is-open-for-2021/,outdoornewsdaily.com,20210524T023000Z,English,United States
reforestation,silviculture,"Fourth Time The Charm : Washington Enacts Clean Fuels Program , Creating West Coast Market For Low - Carbon Transportation Fuels | Beveridge & Diamond PC",https://www.jdsupra.com/legalnews/fourth-time-s-the-charm-washington-1624437/,jdsupra.com,20210519T154500Z,English,United States
reforestation,silviculture,WA Clean Fuels Prog . Linked to OR & CA Low - Carbon Fuel Std .,https://www.natlawreview.com/article/fourth-time-s-charm-washington-enacts-clean-fuels-program-creating-west-coast-market,natlawreview.com,20210519T000000Z,English,United States
reforestation,silviculture,Payson / Pleasant Valley gains new deputy ranger,https://www.paysonroundup.com/news/forest_management_wildfires/payson-pleasant-valley-gains-new-deputy-ranger/article_2ab72d46-1fd7-5909-9a73-c02c6c89bcc3.html,paysonroundup.com,20210514T154500Z,English,United States
reforestation,silviculture,"Precision Forestry Market Insights by Emerging Trends , Future Growth Forecast With Revenue Forecast To 2024",https://www.marketwatch.com/press-release/precision-forestry-market-insights-by-emerging-trends-future-growth-forecast-with-revenue-forecast-to-2024-2021-05-13,marketwatch.com,20210514T081500Z,English,United States
reforestation,silviculture,Acadian Timber Corp . Reports First Quarter Results and Management Team Changes,https://www.streetinsider.com/Globe+Newswire/Acadian+Timber+Corp.+Reports+First+Quarter+Results+and+Management+Team+Changes/18372793.html,streetinsider.com,20210508T163000Z,English,United States
reforestation,silviculture,Investing in Indigenous - Led Economic Development in Nova Scotia,https://www.benzinga.com/pressreleases/21/05/n20989635/investing-in-indigenous-led-economic-development-in-nova-scotia,benzinga.com,20210506T141500Z,English,United States
reforestation,silviculture,Investing in Indigenous - Led Economic Development in Nova Scotia,https://www.tmcnet.com/usubmit/2021/05/06/9363369.htm,tmcnet.com,20210506T140000Z,English,United States
reforestation,silviculture,Investing in Indigenous - Led Economic Development in Nova Scotia,https://www.tmcnet.com/usubmit/-investing-indigenous-led-economic-development-nova-scotia-/2021/05/06/9363369.htm,tmcnet.com,20210506T140000Z,English,United States
reforestation,silviculture,Walter Wood Jr .,https://www.bakercityherald.com/obituaries/walter-wood-jr/article_ff2b31bc-ac5c-11eb-bd13-77c7fe58b887.html,bakercityherald.com,20210506T053000Z,English,United States
reforestation,silviculture,Western Announces First Quarter 2021 Results,https://www.streetinsider.com/PRNewswire/Western+Announces+First+Quarter+2021+Results/18372852.html,streetinsider.com,20210506T010000Z,English,United States
reforestation,silviculture,Western Announces First Quarter 2021 Results,https://www.prnewswire.com/news-releases/western-announces-first-quarter-2021-results-301285062.html,prnewswire.com,20210505T234500Z,English,United States
reforestation,silviculture,Watersheds and wildfires,https://helenair.com/opinion/columnists/watersheds-and-wildfires/article_e3fa5112-c0d6-5776-87e2-f73cb4bdef8f.html,helenair.com,20210701T161500Z,English,United States
reforestation,silviculture,Opinion : Watersheds and wildfires,https://missoulian.com/opinion/columnists/opinion-watersheds-and-wildfires/article_07c2f392-90b6-514e-83db-b215dfa4f5b2.html,missoulian.com,20210701T143000Z,English,United States
reforestation,silviculture,Guest view : Of watersheds and wildfires,https://mtstandard.com/opinion/columnists/guest-view-of-watersheds-and-wildfires/article_b92448b9-e50f-50df-982b-43dd265b271c.html,mtstandard.com,20210701T143000Z,English,United States
reforestation,silviculture,CSRWire - How Responsible Forestry has Evolved Since the 1930s,https://www.csrwire.com/press_releases/724941-how-responsible-forestry-has-evolved-1930s,csrwire.com,20210629T160000Z,English,United States
reforestation,silviculture,Rise of the Biomass | WVU Magazine | West Virginia University,https://magazine.wvu.edu/stories/2021/06/22/rise-of-the-biomass,magazine.wvu.edu,20210629T154500Z,English,United States
reforestation,silviculture,How Responsible Forestry has Evolved Since the 1930s,http://www.justmeans.com/blog/how-responsible-forestry-has-evolved-since-the-1930s,justmeans.com,20210628T161500Z,English,United States
reforestation,silviculture,How Responsible Forestry has Evolved Since the 1930s,https://apnews.com/press-release/news-direct-corporation/forests-business-technology-forestry-9467dda4a8579120735e32358b966816,apnews.com,20210628T144500Z,English,United States
reforestation,silviculture,Changes to burn permits announced,http://www.theblacksheartimes.com/news/changes-to-burn-permits-announced/article_2c36f510-d430-11eb-951a-5b3b06a7ae95.html,theblacksheartimes.com,20210628T093000Z,English,United States
reforestation,silviculture,Frontiers | A Disrupted Historical Fire Regime in Central British Columbia,https://www.frontiersin.org/articles/10.3389/fevo.2021.676961/full,frontiersin.org,20210628T053000Z,English,United States
reforestation,silviculture,Agriculture IoT Market worth $18 . 1 billion by 2026,https://www.newyorktelegraph.com/news/270047438/agriculture-iot-market-worth-181-billion-by-2026,newyorktelegraph.com,20210625T183000Z,English,United States
reforestation,silviculture,Agriculture IoT Market worth $18 . 1 billion by 2026,https://www.sandiegosun.com/news/270047438/agriculture-iot-market-worth-181-billion-by-2026,sandiegosun.com,20210625T180000Z,English,United States
reforestation,silviculture,Agriculture IoT Market worth $18 . 1 billion by 2026,https://www.texasguardian.com/news/270047438/agriculture-iot-market-worth-181-billion-by-2026,texasguardian.com,20210625T163000Z,English,United States
reforestation,silviculture,Wild bees need deadwood in the forest - ScienceBlog . com,https://scienceblog.com/523528/wild-bees-need-deadwood-in-the-forest/,scienceblog.com,20210624T181500Z,English,United States
reforestation,silviculture,Environmental News Network - Wild Bees Need Deadwood in the Forest,https://www.enn.com/articles/68106-wild-bees-need-deadwood-in-the-forest,enn.com,20210623T210000Z,English,United States
reforestation,silviculture,Wild bees need deadwood in the forest,https://phys.org/news/2021-06-wild-bees-deadwood-forest.html,phys.org,20210623T183000Z,English,United States
reforestation,silviculture,Wild bees need deadwood in the forest,https://www.eurekalert.org/pub_releases/2021-06/uof-wbn062321.php,eurekalert.org,20210623T180000Z,English,United States
reforestation,silviculture,Ga . Forestry Commission : Burn permit laws to change July 1,https://www.moultrieobserver.com/news/local_news/ga-forestry-commission-burn-permit-laws-to-change-july-1/article_69ebcabe-cfa5-11eb-ac34-9b282e1ffddc.html,moultrieobserver.com,20210617T220000Z,English,United States
reforestation,silviculture,Georgia Forestry Commission : Burn Notification Law Changing,https://allongeorgia.com/georgia-state-news/georgia-forestry-commission-burn-notification-law-changing/,allongeorgia.com,20210616T040000Z,English,United States
reforestation,silviculture,Georgia burn notification law changing ; wont affect burning ban in place until Sept . 30,https://www.jacksonprogress-argus.com/news/georgia-burn-notification-law-changing-wont-affect-burning-ban-in-place-until-sept-30/article_1c6186cc-ce23-11eb-8062-cb66b06e0941.html,jacksonprogress-argus.com,20210616T023000Z,English,United States
reforestation,silviculture,Suez and Airex Energy to commercialize biochar carbon - capture technology - Chemical Engineering,https://www.chemengonline.com/suez-and-airex-energy-to-commercialize-biochar-carbon-capture-technology/,chemengonline.com,20210613T120000Z,English,United States
reforestation,silviculture,Liberty FFA earns state convention honors,https://www.whig.com/news/local/liberty-ffa-earns-state-convention-honors/article_d99a6692-c9f9-11eb-a2c5-73ded3a38606.html,whig.com,20210612T151500Z,English,United States
reforestation,silviculture,Nothing looks good  preparing for summer wildfire season,https://www.postregister.com/farmandranch/livestock/cattle/nothing-looks-good-preparing-for-summer-wildfire-season/article_aa1043f2-bb6c-5d9e-84db-21388b7de3f4.html,postregister.com,20210607T180000Z,English,United States
reforestation,silviculture,BPA power shut - offs wise during fire season,https://www.union-bulletin.com/opinion/editorials/bpa-power-shut-offs-wise-during-fire-season/article_406776dc-c589-11eb-965a-c7909ecfeb93.html,union-bulletin.com,20210606T183000Z,English,United States
reforestation,silviculture,Agriculture IoT Market Worth $18 . 1 Billion by 2026,http://www.sbwire.com/press-releases/agriculture-iot-market-worth-181-billion-by-2026-1341002.htm,sbwire.com,20210603T233000Z,English,United States
reforestation,silviculture,Agriculture IoT Market worth $18 . 1 billion by 2026 - Exclusive Report by MarketsandMarkets™,https://www.prnewswire.com/news-releases/agriculture-iot-market-worth-18-1-billion-by-2026--exclusive-report-by-marketsandmarkets-301304970.html,prnewswire.com,20210603T140000Z,English,United States
reforestation,silviculture,Agriculture IoT Market worth $18 . 1 billion by 2026 - Exclusive Report by MarketsandMarkets™,https://www.tmcnet.com/usubmit/2021/06/03/9383507.htm,tmcnet.com,20210603T140000Z,English,United States
reforestation,silviculture,Agriculture IoT Market worth $18 . 1 billion by 2026 - Exclusive Report by MarketsandMarkets™,https://www.prnewswire.com:443/news-releases/agriculture-iot-market-worth-18-1-billion-by-2026--exclusive-report-by-marketsandmarkets-301304970.html,prnewswire.com,20210603T140000Z,English,United States
reforestation,silviculture,Extension Webcast  From the Woods Today  Offers a Topics Salad to Interest Everyone,http://uknow.uky.edu/uk-happenings/extension-webcast-woods-today-offers-topics-salad-interest-everyone,uknow.uky.edu,20210603T121500Z,English,United States
reforestation,silviculture,Top 5 Forestry Facts That Anti - Logging Protesters Would Prefer You Dont Think About – HoweStreet,https://www.howestreet.com/2021/06/top-5-forestry-facts-that-anti-logging-protesters-would-prefer-you-dont-think-about/,howestreet.com,20210603T070000Z,English,United States
reforestation,silviculture,U . S . Western States Preparing for Summer Wildfire Season,https://www.insurancejournal.com/news/west/2021/06/01/616699.htm,insurancejournal.com,20210601T164500Z,English,United States
reforestation,silviculture,The Importance of Dark Sky Preserves - The Globalist,https://www.theglobalist.com/the-importance-of-dark-sky-preserves/,theglobalist.com,20210731T233000Z,English,United States
reforestation,silviculture,Logging near SMU approved - Winona Post > Article,https://www.winonapost.com/Article/ArticleID/73265/Logging-near-SMU-approved,winonapost.com,20210731T003000Z,English,United States
reforestation,silviculture,Weyerhaeuser Company ( WY ) Q2 2021 Earnings Call Transcript,https://www.msn.com/en-us/money/companies/weyerhaeuser-company-wy-q2-2021-earnings-call-transcript/ar-AAMLrG0,msn.com,20210730T221500Z,English,United States
reforestation,silviculture,Page A1 | Courier Express e - Edition | thecourierexpress . com,http://www.thecourierexpress.com/eedition/courier-express/page-a1/page_802be9fa-36fa-5d64-898f-1a8d2d66629f.html,thecourierexpress.com,20210727T103000Z,English,United States
reforestation,silviculture,Forestry lecturer Eckley brings much experience to PSU DuBois,http://www.thecourierexpress.com/news/forestry-lecturer-eckley-brings-much-experience-to-psu-dubois/article_215bfde6-5725-50b6-9578-0c4f896d2b26.html,thecourierexpress.com,20210727T093000Z,English,United States
reforestation,silviculture,"Letters to the editor for July 24 , 2021",https://www.gainesville.com/story/opinion/2021/07/24/letters-editor-july-24-2021/7978166002/,gainesville.com,20210724T103000Z,English,United States
reforestation,silviculture,"Readers comment on producing local power , Marjorie Taylor Greene and the Florida Lottery",https://www.msn.com/en-us/lifestyle/lifestyle-buzz/readers-comment-on-producing-local-power-marjorie-taylor-greene-and-the-florida-lottery/ar-AAMvwA8,msn.com,20210724T103000Z,English,United States
reforestation,silviculture,Canadian Tree Planter Smashes World Record for Most Trees Planted in 24 hours,https://www.prnewswire.com/news-releases/canadian-tree-planter-smashes-world-record-for-most-trees-planted-in-24-hours-301339908.html,prnewswire.com,20210722T213000Z,English,United States
reforestation,silviculture,Canadian Tree Planter Smashes World Record for Most Trees Planted in 24 hours,https://www.prnewswire.com:443/news-releases/canadian-tree-planter-smashes-world-record-for-most-trees-planted-in-24-hours-301339908.html,prnewswire.com,20210722T213000Z,English,United States
reforestation,silviculture,Young forests are preferred summer vacation destinations for bats,https://phys.org/news/2021-07-young-forests-summer-vacation-destinations.html,phys.org,20210720T144500Z,English,United States
reforestation,silviculture,"Climate change fueling record heat , drought , wildfires in the Western U . S .",https://augustafreepress.com/climate-change-fueling-record-heat-drought-wildfires-in-the-western-u-s/,augustafreepress.com,20210715T043000Z,English,United States
reforestation,silviculture,The ag above your head,https://www.msn.com/en-us/health/fitness/the-ag-above-your-head/ar-AALZvnl,msn.com,20210710T101500Z,English,United States
reforestation,silviculture,The ag above your head,https://www.msn.com/en-us/lifestyle/lifestyle-buzz/the-ag-above-your-head/ar-AALZvnl,msn.com,20210710T100000Z,English,United States
reforestation,silviculture,Watersheds and wildfires,https://helenair.com/opinion/columnists/watersheds-and-wildfires/article_e3fa5112-c0d6-5776-87e2-f73cb4bdef8f.html,helenair.com,20210701T161500Z,English,United States
reforestation,silviculture,Opinion : Watersheds and wildfires,https://missoulian.com/opinion/columnists/opinion-watersheds-and-wildfires/article_07c2f392-90b6-514e-83db-b215dfa4f5b2.html,missoulian.com,20210701T143000Z,English,United States
reforestation,silviculture,Guest view : Of watersheds and wildfires,https://mtstandard.com/opinion/columnists/guest-view-of-watersheds-and-wildfires/article_b92448b9-e50f-50df-982b-43dd265b271c.html,mtstandard.com,20210701T143000Z,English,United States
reforestation,silviculture,T . L . L . Temple Foundation names research and outreach program in honor of Buddy Temple,https://lufkindailynews.com/news/community/article_72cbc965-57b4-57a6-89a1-aded624b5c27.html,lufkindailynews.com,20210831T083000Z,English,United States
reforestation,silviculture,Tiwi Island collaboration to double forestry exports in seven years,https://www.miragenews.com/tiwi-island-collaboration-to-double-forestry-623003/,miragenews.com,20210831T074500Z,English,United States
reforestation,silviculture,Pamplin Media Group - Flying drones that plant trees now have their own seed supply,https://pamplinmedia.com/wsp/134-news/520154-415570-flying-drones-that-plant-trees-now-have-their-own-seed-supply,pamplinmedia.com,20210828T090000Z,English,United States
reforestation,silviculture,MSU Extension welcomes new forestry specialist,https://www.meridianstar.com/news/business/msu-extension-welcomes-new-forestry-specialist/article_b5f718d2-19a5-5fe9-89eb-1ce4728c19a6.html,meridianstar.com,20210823T170000Z,English,United States
reforestation,silviculture,Global Glyphosate Market to Reach $8 . 9 Billion by 2026,https://www.prnewswire.com:443/news-releases/global-glyphosate-market-to-reach-8-9-billion-by-2026--301355588.html,prnewswire.com,20210817T143000Z,English,United States
reforestation,silviculture,"In northern Maine , forestry practices create shifting habitat for migrating songbirds",https://www.centralmaine.com/2021/08/08/in-northern-maine-forestry-practices-create-shifting-habitat-for-migrating-songbirds/,centralmaine.com,20210808T101500Z,English,United States
reforestation,silviculture,"In northern Maine , forestry practices create shifting habitat for migrating songbirds",https://www.sunjournal.com/2021/08/08/in-northern-maine-forestry-practices-create-shifting-habitat-for-migrating-songbirds/,sunjournal.com,20210808T090000Z,English,United States
reforestation,silviculture,"In northern Maine , forestry practices create shifting habitat for migrating songbirds",https://www.pressherald.com/2021/08/08/in-northern-maine-forestry-practices-create-shifting-habitat-for-migrating-songbirds/,pressherald.com,20210808T084500Z,English,United States
reforestation,silviculture,Power plants : WVU researchers dig into sustainable biomass energy,https://www.wvgazettemail.com/dailymailwv/daily_mail_features/power-plants-wvu-researchers-dig-into-sustainable-biomass-energy/article_2ca3d9cc-079d-59a1-aeee-665ae11c5196.html,wvgazettemail.com,20210806T113000Z,English,United States
reforestation,silviculture,Western Announces Second Quarter 2021 Results,https://www.prnewswire.com/news-releases/western-announces-second-quarter-2021-results-301349904.html,prnewswire.com,20210805T224500Z,English,United States
reforestation,silviculture,Western Announces Second Quarter 2021 Results,https://www.prnewswire.com:443/news-releases/western-announces-second-quarter-2021-results-301349904.html,prnewswire.com,20210805T223000Z,English,United States
reforestation,silviculture,Timber shortage due to unprecedented demand,https://www.msn.com/en-xl/news/other/timber-shortage-due-to-unprecedented-demand/ar-AAMU1mF,msn.com,20210804T014500Z,English,United States
reforestation,silviculture,Historic wildfires once destroyed entire cities in northern Minnesota . Could it happen again ?,https://www.startribune.com/1894-1918-wildfire-hinckley-cloquet-moose-lake-greenwood/600097049/,startribune.com,20211001T130000Z,English,United States
reforestation,silviculture,Investing in Native Tree Species and Agroforestry Systems in Brazil : An Economic Valuation,https://www.wri.org/research/investing-native-tree-species-and-agroforestry-systems-brazil-economic-valuation,wri.org,20210930T214500Z,English,United States
reforestation,silviculture,Resiliency To Climate Change Could Be Key In Longleaf Pine Restoration,https://www.wfae.org/energy-environment/2021-09-29/resiliency-to-climate-change-could-be-key-in-longleaf-pine-restoration,wfae.org,20210929T234500Z,English,United States
reforestation,silviculture,UNH : Tiniest Woodland Animals Play Critical Role in Forest Health,https://1037thepeak.com/unh-tiniest-woodland-animals-play-critical-role-in-keeping-forests-healthy/,1037thepeak.com,20210929T184500Z,English,United States
reforestation,silviculture,UNH : Tiniest Woodland Animals Play Critical Role in Forest Health,https://949whom.com/unh-tiniest-woodland-animals-play-critical-role-in-keeping-forests-healthy/,949whom.com,20210929T183000Z,English,United States
reforestation,silviculture,Resiliency To Climate Change Could Be Key In Longleaf Pine Restoration,https://www.bpr.org/post/resiliency-climate-change-could-be-key-longleaf-pine-restoration,bpr.org,20210929T154500Z,English,United States
reforestation,silviculture,Resiliency To Climate Change Could Be Key To Longleaf Pine Restoration,https://www.wunc.org/environment/2021-09-28/longleaf-pine-resiliency-restoration-climate-change-southern-north-carolina,wunc.org,20210929T001500Z,English,United States
reforestation,silviculture,UNH : Tiniest Woodland Animals Play Critical Role in Forest Health,https://wokq.com/unh-tiniest-woodland-animals-play-critical-role-in-keeping-forests-healthy/,wokq.com,20210928T210000Z,English,United States
reforestation,silviculture,UNH : Tiniest Woodland Animals Play Critical Role in Forest Health,https://shark1053.com/unh-tiniest-woodland-animals-play-critical-role-in-keeping-forests-healthy/,shark1053.com,20210928T183000Z,English,United States
reforestation,silviculture,"Boundary Fire grows to 84 , 138 acres",https://localnews8.com/news/idaho/2021/09/28/boundary-fire-grows-to-84138-acres/,localnews8.com,20210928T180000Z,English,United States
reforestation,silviculture,EPA Administrator Regan vows to include ag input in new WOTUS regulations,https://www.hpj.com/ag_news/epa-administrator-regan-vows-to-include-ag-input-in-new-wotus-regulations/article_0e3bb9dc-1f95-11ec-a4de-07f8689f6f7b.html,hpj.com,20210927T160000Z,English,United States
reforestation,silviculture,EPA Administrator Michael Regan vows to include ag input in new WOTUS regulations,https://www.agweek.com/news/government-and-politics/7207369-EPA-Administrator-Michael-Regan-vows-to-include-ag-input-in-new-WOTUS-regulations,agweek.com,20210926T111500Z,English,United States
reforestation,silviculture,UPM Raflatac improves circular economy performance,https://www.labelsandlabeling.com:443/news/industry-updates/upm-raflatac-improves-circular-economy-performance,labelsandlabeling.com,20210923T124500Z,English,United States
reforestation,silviculture,Caldor post - fire BAER soil burn severity map released,http://www.southtahoenow.com/story/09/21/2021/caldor-post-fire-baer-soil-burn-severity-map-released,southtahoenow.com,20210922T154500Z,English,United States
reforestation,silviculture,Calaveras News - Breaking News for Calaveras County & Beyond !- The Pine Tree . net,http://thepinetree.net/index.php?module=announce&ANN_user_op=view&ANN_id=75958,thepinetree.net,20210922T024500Z,English,United States
reforestation,silviculture,Caldor post - fire BAER soil burn severity map released,http://southtahoenow.com/story/09/21/2021/caldor-post-fire-baer-soil-burn-severity-map-released,southtahoenow.com,20210922T011500Z,English,United States
reforestation,silviculture,"EPA administrator talks WOTUS , dicamba , plans to appoint ag adviser",https://www.capitalpress.com/epa-administrator-talks-wotus-dicamba-plans-to-appoint-ag-adviser/article_faee12aa-1a4c-11ec-80ad-171819ec9e2d.html,capitalpress.com,20210920T214500Z,English,United States
reforestation,silviculture,Don Dickmann endows support for junior faculty,https://www.canr.msu.edu/news/don-dickmann-endows-support-for-junior-faculty,canr.msu.edu,20210920T174500Z,English,United States
reforestation,silviculture,Alumni Updates - Summer 2021,https://www.canr.msu.edu/news/alumni-updates-summer-2021,canr.msu.edu,20210920T171500Z,English,United States
reforestation,silviculture,A Note from the Department Chair : Summer 2021,https://www.canr.msu.edu/news/a-note-from-the-department-chair-summer-2021,canr.msu.edu,20210920T170000Z,English,United States
reforestation,silviculture,Water | AgWired,https://agwired.com/category/water/,agwired.com,20210920T161500Z,English,United States
reforestation,silviculture,"Multifamily development planned at southeast Butler Boulevard , Interstate 295 | Jax Daily Record | Jacksonville Daily Record",https://www.jaxdailyrecord.com/article/multifamily-development-planned-at-southeast-butler-boulevard-interstate-295,jaxdailyrecord.com,20210920T110000Z,English,United States
reforestation,silviculture,"Two solar facilities seek OK when Halifax County supervisors , planners meet Tuesday",http://www.yourgv.com/two-solar-facilities-seek-ok-when-halifax-county-supervisors-planners-meet-tuesday/article_fdcef01e-1981-11ec-8fe0-77a6c810512d.html,yourgv.com,20210920T074500Z,English,United States
reforestation,silviculture,"Central Oregon residents reflect on Sept . 11 , 2001",https://www.bendbulletin.com/localstate/central-oregon-residents-reflect-on-sept-11-2001/article_904b5dde-1021-11ec-b2eb-d7e28fbffbc2.html,bendbulletin.com,20210911T094500Z,English,United States
reforestation,silviculture,Global Precision Forestry Market to be Driven by increasing mechanisation of forestry operations in the Forecast Period of 2021 - 2026,https://www.newyorktelegraph.com/news/271084011/global-precision-forestry-market-to-be-driven-by-increasing-mechanisation-of-forestry-operations-in-the-forecast-period-of-2021-2026,newyorktelegraph.com,20210910T021500Z,English,United States
reforestation,silviculture,Global Precision Forestry Market to be Driven by increasing mechanisation of forestry operations in the Forecast Period of 2021 - 2026,https://www.sandiegosun.com/news/271084011/global-precision-forestry-market-to-be-driven-by-increasing-mechanisation-of-forestry-operations-in-the-forecast-period-of-2021-2026,sandiegosun.com,20210910T020000Z,English,United States
reforestation,silviculture,Global Precision Forestry Market to be Driven by increasing mechanisation of forestry operations in the Forecast Period of 2021 - 2026,https://www.texasguardian.com/news/271084011/global-precision-forestry-market-to-be-driven-by-increasing-mechanisation-of-forestry-operations-in-the-forecast-period-of-2021-2026,texasguardian.com,20210910T013000Z,English,United States
reforestation,silviculture,Q & A : Planting for the future - FineWoodworking,https://www.finewoodworking.com/2021/09/07/qa-planting-for-the-future,finewoodworking.com,20210909T191500Z,English,United States
reforestation,silviculture,"Developer seeks to rezone 2 , 158 acres in St . Johns for master - planned community | Jax Daily Record | Jacksonville Daily Record",https://www.jaxdailyrecord.com/article/developer-seeks-to-rezone-2-158-acres-in-st-johns-for-master-planned-community,jaxdailyrecord.com,20210903T140000Z,English,United States
reforestation,silviculture,Seven Freiburg researchers are among most highly cited worldwide,https://www.miragenews.com/seven-freiburg-researchers-are-among-most-684839/,miragenews.com,20211201T111500Z,English,United States
reforestation,silviculture,Fighting Loss of the Greater Mekong Prized Rosewood Forests,https://www.ipsnews.net/2021/11/fighting-loss-greater-mekongs-prized-rosewood-forests/,ipsnews.net,20211130T190000Z,English,United States
reforestation,silviculture,"Auburn University new online forest business and investment master degree to support career advancement for forestry , business professionals",https://www.prnewswire.com/news-releases/auburn-universitys-new-online-forest-business-and-investment-masters-degree-to-support-career-advancement-for-forestry-business-professionals-301434262.html,prnewswire.com,20211130T190000Z,English,United States
reforestation,silviculture,"Auburn University new online forest business and investment master degree to support career advancement for forestry , business professionals",https://www.prnewswire.com:443/news-releases/auburn-universitys-new-online-forest-business-and-investment-masters-degree-to-support-career-advancement-for-forestry-business-professionals-301434262.html,prnewswire.com,20211130T184500Z,English,United States
reforestation,silviculture,"Auburn University new online forest business and investment master degree to support career advancement for forestry , business professionals",http://ocm.auburn.edu/newsroom/news_articles/2021/11/300905-masters-of-forest-business-and-investment.php,ocm.auburn.edu,20211130T154500Z,English,United States
reforestation,silviculture,Fighting Loss of the Greater Mekong Prized Rosewood Forests,http://www.ipsnews.net/2021/11/fighting-loss-greater-mekongs-prized-rosewood-forests/,ipsnews.net,20211130T143000Z,English,United States
reforestation,silviculture,Eco - Site : Technical Infrastructure / PNG architects,https://www.archdaily.com/950981/eco-site-technical-infrastructure-png-architects,archdaily.com,20211128T223000Z,English,United States
reforestation,silviculture,Study finds a growing appreciation of the benefits provided by hoofed animals,https://phys.org/news/2021-11-benefits-hoofed-animals.html,phys.org,20211126T184500Z,English,United States
reforestation,silviculture,Proposed Listing of Pearl River Map Turtle : Frequently Asked Questions,https://www.fws.gov/southeast/faq/proposed-listing-of-pearl-river-map-turtle/,fws.gov,20211123T190000Z,English,United States
reforestation,silviculture,The Indigenous Origins of Regenerative Agriculture – Advanced BioFuels united states,https://advancedbiofuelsusa.info/the-indigenous-origins-of-regenerative-agriculture/,advancedbiofuelsusa.info,20211123T151500Z,English,United States
reforestation,silviculture,5 things to know about reforestation,https://www.riverfallsjournal.com/news/5-things-to-know-about-reforestation/article_85f09254-9da0-5d0e-b3c3-058a459597cb.html,riverfallsjournal.com,20211118T163000Z,English,United States
reforestation,silviculture,5 things to know about reforestation,https://www.hudsonstarobserver.com/news/5-things-to-know-about-reforestation/article_34bb84d4-471d-11ec-9bbd-979258efb0d7.html,hudsonstarobserver.com,20211118T130000Z,English,United States
reforestation,silviculture,"Agriculture Internet of Things ( IoT ) Market will have Remarkable Growth and will Reach USD 10 , 300 Million in 2019",https://www.texasguardian.com/news/271739320/agriculture-internet-of-things-iot-market-will-have-remarkable-growth-and-will-reach-usd-10300-million-in-2019,texasguardian.com,20211116T161500Z,English,United States
reforestation,silviculture,"Agriculture Internet of Things ( IoT ) Market will have Remarkable Growth and will Reach USD 10 , 300 Million in 2019",https://www.newyorktelegraph.com/news/271739320/agriculture-internet-of-things-iot-market-will-have-remarkable-growth-and-will-reach-usd-10300-million-in-2019,newyorktelegraph.com,20211116T154500Z,English,United States
reforestation,silviculture,"Agriculture Internet of Things ( IoT ) Market will have Remarkable Growth and will Reach USD 10 , 300 Million in 2019",https://www.sandiegosun.com/news/271739320/agriculture-internet-of-things-iot-market-will-have-remarkable-growth-and-will-reach-usd-10300-million-in-2019,sandiegosun.com,20211116T153000Z,English,United States
reforestation,silviculture,"Bend - Fort Rock Ranger District seeks comments on 35 , 000 - acre vegetation project south of Bend",https://ktvz.com/news/government-politics/2021/11/12/bend-fort-rock-ranger-district-seeks-comments-on-35000-acre-vegetation-project-south-of-bend/,ktvz.com,20211112T230000Z,English,United States
reforestation,silviculture,Endangered Florida Torreya tree struggles along Apalachicola ravines,https://www.tallahassee.com/story/life/home-garden/2021/11/11/endangered-florida-torreya-tree-struggles-along-apalachicola-ravines/6379052001/,tallahassee.com,20211112T013000Z,English,United States
reforestation,silviculture,Service Proposes Listing the Alligator Snapping Turtle Under the Endangered Species Act,https://www.fws.gov/southeast/news/2021/11/service-proposes-listing-the-alligator-snapping-turtle-under-the-endangered-species-act/,fws.gov,20211108T213000Z,English,United States
reforestation,silviculture,"The Minnesota DNR will pay you for pine cones , seeds",https://bringmethenews.com/minnesota-lifestyle/the-minnesota-dnr-will-pay-you-for-cones-seeds,bringmethenews.com,20211108T151500Z,English,United States
reforestation,silviculture,USFS selects Perry Edwards for Salida district ranger,https://www.themountainmail.com/news/article_0f5130e2-404a-11ec-9d3b-b7b49842b606.html,themountainmail.com,20211108T083000Z,English,United States
reforestation,silviculture,Why the Minnesota DNR Will Pay You For Your Pine Cones Right Now,https://krforadio.com/why-the-minnesota-dnr-will-pay-you-for-your-pine-cones-right-now/,krforadio.com,20211106T191500Z,English,United States
reforestation,silviculture,Baptist Health pays $10 million for 10 acres in Seven Pines | Jax Daily Record | Jacksonville Daily Record,https://www.jaxdailyrecord.com/article/baptist-health-pays-dollar10-million-for-10-acres-in-seven-pines,jaxdailyrecord.com,20211105T193000Z,English,United States
reforestation,silviculture,Worthy Plants Half - Million Trees,https://www.mycentraloregon.com/2021/11/05/worthy-plants-half-million-trees/,mycentraloregon.com,20211105T093000Z,English,United States
reforestation,silviculture,Collected pinecones to reforest land burned in northern Minnesota fires,https://www.fox9.com/news/collected-pinecones-to-reforest-land-burned-in-northern-minnesota-fires,fox9.com,20211105T034500Z,English,United States
reforestation,silviculture,Rayonier Inc ( RYN ) Q3 2021 Earnings Call Transcript,https://www.fool.com/earnings/call-transcripts/2021/11/04/rayonier-inc-ryn-q3-2021-earnings-call-transcript/,fool.com,20211104T230000Z,English,United States
reforestation,silviculture,Worthy Garden Club Operation Appleseed over halfway to goal of 1 million tree plantings,https://ktvz.com/community/community-billboard/2021/11/02/worthy-garden-clubs-operation-appleseed-over-halfway-to-goal-of-1-million-tree-plantings/,ktvz.com,20211103T051500Z,English,United States
reforestation,silviculture,Why the Minnesota DNR Will Pay You For Your Pine Cones Right Now,https://power96radio.com/why-the-minnesota-dnr-will-pay-you-for-your-pine-cones-right-now/,power96radio.com,20211102T231500Z,English,United States
reforestation,silviculture,Why the Minnesota DNR Will Pay You For Your Pine Cones Right Now,https://kdhlradio.com/why-the-minnesota-dnr-will-pay-you-for-your-pine-cones-right-now/,kdhlradio.com,20211102T204500Z,English,United States
reforestation,silviculture,Why the Minnesota DNR Will Pay You For Your Pine Cones Right Now,https://quickcountry.com/why-the-minnesota-dnr-will-pay-you-for-your-pine-cones-right-now/,quickcountry.com,20211102T190000Z,English,United States
reforestation,silviculture,Why the Minnesota DNR Will Pay You For Your Pine Cones Right Now,https://y105fm.com/why-the-minnesota-dnr-will-pay-you-for-your-pine-cones-right-now/,y105fm.com,20211102T190000Z,English,United States
reforestation,silviculture,Why the Minnesota DNR Will Pay You For Your Pine Cones Right Now,https://kroc.com/why-the-minnesota-dnr-will-pay-you-for-your-pine-cones-right-now/,kroc.com,20211102T190000Z,English,United States
reforestation,silviculture,Why the Minnesota DNR Will Pay You For Your Pine Cones Right Now,https://therockofrochester.com/why-the-minnesota-dnr-will-pay-you-for-your-pine-cones-right-now/,therockofrochester.com,20211102T174500Z,English,United States
reforestation,silviculture,Why the Minnesota DNR Will Pay You For Your Pine Cones Right Now,https://1520theticket.com/why-the-minnesota-dnr-will-pay-you-for-your-pine-cones-right-now/,1520theticket.com,20211102T164500Z,English,United States
reforestation,silviculture,Why the Minnesota DNR Will Pay You For Your Pine Cones Right Now,https://kfilradio.com/why-the-minnesota-dnr-will-pay-you-for-your-pine-cones-right-now/,kfilradio.com,20211102T154500Z,English,United States
reforestation,silviculture,What Has the Pandemic Done to Forest Policies ? ( Commentary ),https://goodmenproject.com/featured-content/what-has-the-pandemic-done-to-forest-policies-commentary/,goodmenproject.com,20220201T070000Z,English,United States
reforestation,silviculture,Insect infestation threatens Arizona aspen trees,https://www.hjnews.com/news/state/insect-infestation-threatens-arizonas-aspen-trees/article_ebb2e56f-2225-59a6-b188-f52ae849a48b.html,hjnews.com,20220201T023000Z,English,United States
reforestation,silviculture,Exchange : Insect infestation threatens Arizona aspen trees,https://www.abqjournal.com/2465756/exchange-insect-infestation-threatens-arizonas-aspen-trees.html,abqjournal.com,20220131T013000Z,English,United States
reforestation,silviculture,Exchange : Insect infestation threatens Arizona aspen trees,https://www.myheraldreview.com/news/state/exchange-insect-infestation-threatens-arizonas-aspen-trees/article_feffa2fd-6805-597d-aedf-0398f6f4ddda.html,myheraldreview.com,20220130T223000Z,English,United States
reforestation,silviculture,Insect infestation threatens Arizona aspen trees – St George News,https://www.stgeorgeutah.com/news/archive/2022/01/29/apc-insect-infestation-threatens-arizonas-aspen-trees/,stgeorgeutah.com,20220129T233000Z,English,United States
reforestation,silviculture,Exchange : Insect infestation threatens Arizona aspen trees,https://www.sheltonherald.com/news/article/Exchange-Insect-infestation-threatens-Arizona-s-16815697.php,sheltonherald.com,20220129T194500Z,English,United States
reforestation,silviculture,Exchange : Insect infestation threatens Arizona aspen trees,https://www.stamfordadvocate.com/news/article/Exchange-Insect-infestation-threatens-Arizona-s-16815697.php,stamfordadvocate.com,20220129T193000Z,English,United States
reforestation,silviculture,Exchange : Insect infestation threatens Arizona aspen trees,https://www.newmilfordspectrum.com/news/article/Exchange-Insect-infestation-threatens-Arizona-s-16815697.php,newmilfordspectrum.com,20220129T191500Z,English,United States
reforestation,silviculture,Exchange : Insect infestation threatens Arizona aspen trees,https://www.newstimes.com/news/article/Exchange-Insect-infestation-threatens-Arizona-s-16815697.php,newstimes.com,20220129T180000Z,English,United States
reforestation,silviculture,Exchange : Insect infestation threatens Arizona aspen trees,https://www.trumbulltimes.com/news/article/Exchange-Insect-infestation-threatens-Arizona-s-16815697.php,trumbulltimes.com,20220129T173000Z,English,United States
reforestation,silviculture,Exchange : Insect infestation threatens Arizona aspen trees,https://www.thehour.com/news/article/Exchange-Insect-infestation-threatens-Arizona-s-16815697.php,thehour.com,20220129T171500Z,English,United States
reforestation,silviculture,Exchange : Insect infestation threatens Arizona aspen trees,https://www.westport-news.com/news/article/Exchange-Insect-infestation-threatens-Arizona-s-16815697.php,westport-news.com,20220129T171500Z,English,United States
reforestation,silviculture,Exchange : Insect infestation threatens Arizona aspen trees,https://www.milfordmirror.com/news/article/Exchange-Insect-infestation-threatens-Arizona-s-16815697.php,milfordmirror.com,20220129T171500Z,English,United States
reforestation,silviculture,Exchange : Insect infestation threatens Arizona aspen trees,https://www.theridgefieldpress.com/news/article/Exchange-Insect-infestation-threatens-Arizona-s-16815697.php,theridgefieldpress.com,20220129T170000Z,English,United States
reforestation,silviculture,Exchange : Insect infestation threatens Arizona aspen trees,https://www.wiltonbulletin.com/news/article/Exchange-Insect-infestation-threatens-Arizona-s-16815697.php,wiltonbulletin.com,20220129T170000Z,English,United States
reforestation,silviculture,Exchange : Insect infestation threatens Arizona aspen trees,https://www.chron.com/news/article/Exchange-Insect-infestation-threatens-Arizona-s-16815697.php,chron.com,20220129T164500Z,English,United States
reforestation,silviculture,Exchange : Insect infestation threatens Arizona aspen trees,https://www.ctpost.com/news/article/Exchange-Insect-infestation-threatens-Arizona-s-16815697.php,ctpost.com,20220129T164500Z,English,United States
reforestation,silviculture,Exchange : Insect infestation threatens Arizona aspen trees,https://www.durangoherald.com/articles/exchange-insect-infestation-threatens-arizonas-aspen-trees/,durangoherald.com,20220129T163000Z,English,United States
reforestation,silviculture,Exchange : Insect infestation threatens Arizona aspen trees,https://www.fairfieldcitizenonline.com/news/article/Exchange-Insect-infestation-threatens-Arizona-s-16815697.php,fairfieldcitizenonline.com,20220129T163000Z,English,United States
reforestation,silviculture,Exchange : Insect infestation threatens Arizona aspen trees,https://www.ncadvertiser.com/news/article/Exchange-Insect-infestation-threatens-Arizona-s-16815697.php,ncadvertiser.com,20220129T163000Z,English,United States
reforestation,silviculture,Exchange : Insect infestation threatens Arizona aspen trees,https://www.registercitizen.com/news/article/Exchange-Insect-infestation-threatens-Arizona-s-16815697.php,registercitizen.com,20220129T161500Z,English,United States
reforestation,silviculture,Exchange : Insect infestation threatens Arizona aspen trees,https://www.nhregister.com/news/article/Exchange-Insect-infestation-threatens-Arizona-s-16815697.php,nhregister.com,20220129T161500Z,English,United States
reforestation,silviculture,Exchange : Insect infestation threatens Arizona aspen trees,https://www.middletownpress.com/news/article/Exchange-Insect-infestation-threatens-Arizona-s-16815697.php,middletownpress.com,20220129T161500Z,English,United States
reforestation,silviculture,Exchange : Insect infestation threatens Arizona aspen trees,https://www.sfgate.com/news/article/Exchange-Insect-infestation-threatens-Arizona-s-16815697.php,sfgate.com,20220129T160000Z,English,United States
reforestation,silviculture,Timber producers told ways to improve wildlife habitat during Ag Expo,https://www.pressreleasepoint.com/timber-producers-told-ways-improve-wildlife-habitat-during-ag-expo,pressreleasepoint.com,20220128T214500Z,English,United States
reforestation,silviculture,Molino rezoning case could lead to more homes on Escambia farmland,https://www.pnj.com/story/news/local/escambia-county/2022/01/28/molino-rezoning-case-could-lead-more-homes-escambia-county-farmland/9229460002/,pnj.com,20220128T163000Z,English,United States
reforestation,silviculture,A wave of tiny insects threatens the survival of Arizona aspens,https://www.dispatch.com/story/news/local/arizona-environment/2022/01/22/wave-tiny-insects-threatens-survival-arizonas-aspens/8833242002/,dispatch.com,20220123T164500Z,English,United States
reforestation,silviculture,A fast - moving infestation of tiny insects threatens the survival of Arizona aspen trees,https://news.yahoo.com/fast-moving-infestation-tiny-insects-130017306.html,news.yahoo.com,20220122T140000Z,English,United States
reforestation,silviculture,A wave of tiny insects threatens the survival of Arizona aspens,https://www.azcentral.com/story/news/local/arizona-environment/2022/01/22/wave-tiny-insects-threatens-survival-arizonas-aspens/8833242002/,azcentral.com,20220122T134500Z,English,United States
reforestation,silviculture,ACSA announces 2022 Timber Education Prize winners,https://archinect.com/news/bustler/8585/acsa-announces-2022-timber-education-prize-winners,archinect.com,20220122T044500Z,English,United States
reforestation,silviculture,The Ten Best Science Books of 2021 | Science | Smithsonian Magazine,https://www.smithsonianmag.com/science-nature/the-ten-best-science-books-of-2021-180979173/,smithsonianmag.com,20220121T153000Z,English,United States
reforestation,silviculture,Kentucky Maple Day Offers Public a Taste of the Syrup Industry,http://uknow.uky.edu/uk-happenings/kentucky-maple-day-offers-public-taste-syrup-industry,uknow.uky.edu,20220120T133000Z,English,United States
reforestation,silviculture,Kentucky Maple Day Offers Public a Taste of the Syrup Industry,https://uknow.uky.edu/uk-happenings/kentucky-maple-day-offers-public-taste-syrup-industry,uknow.uky.edu,20220120T121500Z,English,United States
reforestation,silviculture,USDA to invest up to $225 million in partner - driven conservation on agricultural and forest land,https://ocj.com/2022/01/usda-to-invest-up-to-225-million-in-partner-driven-conservation-on-agricultural-and-forest-land/,ocj.com,20220119T030000Z,English,United States
reforestation,silviculture,"ODF awards $100 , 000 to Rogue River - Siskiyou National Forest to reduce wildfire risk in Medford watershed",https://www.kdrv.com/news/firewatch/odf-awards-100-000-to-rogue-river-siskiyou-national-forest-to-reduce-wildfire-risk-in/article_40aa401c-7889-11ec-8906-b7cab9a71110.html,kdrv.com,20220119T003000Z,English,United States
reforestation,silviculture,Kentucky Maple Day offers public a taste of the syrup industry,https://www.wtvq.com/kentucky-maple-day-offers-public-a-taste-of-the-syrup-industry/,wtvq.com,20220118T161500Z,English,United States
reforestation,silviculture,USDA to Invest up to $225 Million in Partner - Driven Conservation,https://www.agnews890.com/2022/01/14/usda-to-invest-up-to-225-million-in-partner-driven-conservation/,agnews890.com,20220114T174500Z,English,United States
reforestation,silviculture,USDA to Invest up to $225 Million in Partner - Driven Conservation,https://www.newsdakota.com/2022/01/14/usda-to-invest-up-to-225-million-in-partner-driven-conservation/,newsdakota.com,20220114T170000Z,English,United States
reforestation,silviculture,Fighting Loss of the Greater Mekong Prized Rosewood Forests,https://www.ipsnews.net/wp-content/cache/all/2021/11/fighting-loss-greater-mekongs-prized-rosewood-forests/,ipsnews.net,20220112T001500Z,English,United States
reforestation,silviculture,Avery retiring for US Forest Service,http://www.choteauacantha.com/news/article_4e729a20-6e5a-11ec-80fb-5707312daab4.html,choteauacantha.com,20220105T231500Z,English,United States
reforestation,silviculture,Florida Panama City Crayfish Protected Under Endangered Species Act - Center for Biological Diversity,https://biologicaldiversity.org/w/news/press-releases/floridas-panama-city-crayfish-protected-under-endangered-species-act-2022-01-04/,biologicaldiversity.org,20220104T201500Z,English,United States
reforestation,silviculture,Florida Panama City Crayfish Protected Under Endangered Species Act - Center for Biological Diversity,https://biologicaldiversity.org/w/news/press-releases/floridas-panama-city-crayfish-protected-under-endangered-species-act-2022-01-04/email_view/,biologicaldiversity.org,20220104T173000Z,English,United States
reforestation,silviculture,Global Glyphosate Market to Reach $8 . 9 Billion by 2026,https://www.prnewswire.com:443/news-releases/global-glyphosate-market-to-reach-8-9-billion-by-2026--301491254.html,prnewswire.com,20220301T133000Z,English,United States
reforestation,silviculture,Global Glyphosate Market to Reach $8 . 9 Billion by 2026,https://www.prnewswire.com/news-releases/global-glyphosate-market-to-reach-8-9-billion-by-2026--301491254.html,prnewswire.com,20220301T133000Z,English,United States
reforestation,silviculture,"Michigan DNR offers cash for tree seeds , pine cones",https://www.lenconnect.com/story/news/environment/2022/02/28/michigan-dnr-offers-cash-tree-seeds-pine-cones/6939516001/,lenconnect.com,20220228T093000Z,English,United States
reforestation,silviculture,Sustaining forest starts with planting trees | Stuttgart Daily Leader,https://www.stuttgartdailyleader.com/sustaining-forest-starts-with-planting-trees/,stuttgartdailyleader.com,20220224T181500Z,English,United States
reforestation,silviculture,Neighbors fight Working Earth decision - The Martha Vineyard Times,https://www.mvtimes.com/2022/02/22/neighbors-fight-working-earth-decision/,mvtimes.com,20220223T030000Z,English,United States
reforestation,silviculture,News,https://www.hillsdale.net/story/news/2022/02/22/news/6891843001/,hillsdale.net,20220223T010000Z,English,United States
reforestation,silviculture,"SilverLeaf expansion denied , St . Johns commission to reconsider plans",https://www.staugustine.com/story/news/local/2022/02/06/silverleaf-expansion-denied-st-johns-county-commission-reconsider-plans/6640920001/,staugustine.com,20220222T171500Z,English,United States
reforestation,silviculture,UAM replants 82 acres of harvested land in pine trees,http://www.magnoliareporter.com/education/colleges_universities/article_70c901cc-93d5-11ec-904d-b3b38a7ea5d4.html,magnoliareporter.com,20220222T153000Z,English,United States
reforestation,silviculture,USDA - NRCS Offers expanded conservation program opportunities,https://www.hccommunityjournal.com/article_3d38ab62-8e9b-11ec-b224-df4f38935dba.html,hccommunityjournal.com,20220222T110000Z,English,United States
reforestation,silviculture,We want to amplify your voice and bring it to D . C . | News,https://www.grandrapidsmn.com/news/we-want-to-amplify-your-voice-and-bring-it-to-d-c/article_0e5523b8-8eb7-11ec-bcfe-3316ecda5e32.html,grandrapidsmn.com,20220216T020000Z,English,United States
reforestation,silviculture,Backyard clean - up brings big bucks,http://greatlakesecho.org/2022/02/15/backyard-clean-up-brings-big-bucks/,greatlakesecho.org,20220215T080000Z,English,United States
reforestation,silviculture,Billions of federal dollars headed to Western forests to manage fires,https://www.kxly.com/billions-of-federal-dollars-headed-to-western-forests-to-manage-fires/,kxly.com,20220215T004500Z,English,United States
reforestation,silviculture,Billions of federal dollars headed to Western forests to manage fires,https://www.columbian.com/news/2022/feb/14/billions-of-federal-dollars-headed-to-western-forests-to-manage-fires/,columbian.com,20220214T170000Z,English,United States
reforestation,silviculture,Effect of Forest Management on Mortality of Beech Trees in Years of Drought 2018 / 19,https://www.miragenews.com/effect-of-forest-management-on-mortality-of-724266/,miragenews.com,20220214T140000Z,English,United States
reforestation,silviculture,Billions of federal dollars headed to Western forests to manage fires,https://crosscut.com/environment/2022/02/billions-federal-dollars-headed-western-forests-manage-fires,crosscut.com,20220211T140000Z,English,United States
reforestation,silviculture,State declines to review SilverLeaf Comp Plan amendment under request for expedited review,https://historiccity.com/2022/staugustine/news/state-declines-to-review-silverleaf-comp-plan-amendment-under-request-for-expedited-review-134126,historiccity.com,20220210T091500Z,English,United States
reforestation,silviculture,Acadian Timber Corp . Reports Fourth Quarter and Year - End,https://www.globenewswire.com/news-release/2022/02/09/2382331/0/en/Acadian-Timber-Corp-Reports-Fourth-Quarter-and-Year-End-Results.html,globenewswire.com,20220210T021500Z,English,United States
reforestation,silviculture,Acadian Timber Corp . Reports Fourth Quarter and Year - End Results,https://www.digitaljournal.com/pr/acadian-timber-corp-reports-fourth-quarter-and-year-end-results,digitaljournal.com,20220209T224500Z,English,United States
reforestation,silviculture,Geneticists close to grasping how plant communities may adapt to climate change,https://www.psu.edu/news/research/story/geneticists-close-grasping-how-plant-communities-may-adapt-climate-change/,psu.edu,20220209T163000Z,English,United States
reforestation,silviculture,"Boone National Forest forester honored for work , service",https://www.wtvq.com/boone-national-forest-forester-honored-for-work-service/,wtvq.com,20220208T164500Z,English,United States
reforestation,silviculture,29th annual CCE Rural Landowner Workshop set for March,https://www.oleantimesherald.com/news/allegany_county/29th-annual-cce-rural-landowner-workshop-set-for-march/article_f3864e5b-f4c4-5059-919b-89da52c79b5d.html,oleantimesherald.com,20220208T153000Z,English,United States
reforestation,silviculture,Exchange : Insect infestation threatens northern Arizona aspen trees,https://azdailysun.com/news/local/state-and-regional/exchange-insect-infestation-threatens-northern-arizonas-aspen-trees/article_ad06d99f-48a1-5aa6-bf41-202034207f3f.html,azdailysun.com,20220207T144500Z,English,United States
reforestation,silviculture,Researchers teaming up to prevent invasive species from killing Arizona aspen trees,https://www.msn.com/en-us/weather/topstories/researchers-teaming-up-to-prevent-invasive-species-from-killing-arizona-s-aspen-trees/ar-AATqxjF,msn.com,20220204T131500Z,English,United States
reforestation,silviculture,Researchers teaming up to prevent invasive species from killing Arizona aspen trees,https://www.azfamily.com/news/researchers-teaming-up-to-prevent-invasive-species-from-killing-aspen-trees/article_c0e8eaa8-849b-11ec-9a3c-1706de1a9026.html,azfamily.com,20220203T091500Z,English,United States
reforestation,silviculture,"GIS Analyst - Roseburg ,  Oregon - o50GjONPddJ2PmUuVKxxvr3aL61Y1A",http://www.latpro.com/jobs/3859853.html,latpro.com,20220202T031500Z,English,United States
reforestation,silviculture,What Has the Pandemic Done to Forest Policies ? ( Commentary ),https://goodmenproject.com/featured-content/what-has-the-pandemic-done-to-forest-policies-commentary/,goodmenproject.com,20220201T070000Z,English,United States
reforestation,silviculture,Insect infestation threatens Arizona aspen trees,https://www.hjnews.com/news/state/insect-infestation-threatens-arizonas-aspen-trees/article_ebb2e56f-2225-59a6-b188-f52ae849a48b.html,hjnews.com,20220201T023000Z,English,United States
reforestation,silviculture,Sylvans win Southern Forestry Conclave,https://www.dailysentinel.com/social_media/article_d437d96c-29ce-5c33-b86c-c816facc100c.html,dailysentinel.com,20220330T063000Z,English,United States
reforestation,silviculture,UAM seedlings begin tree cycle,https://www.nwaonline.com/news/2022/mar/28/uam-seedlings-begin-tree-cycle/,nwaonline.com,20220328T094500Z,English,United States
reforestation,silviculture,UAM seedlings begin tree cycle,https://www.arkansasonline.com/news/2022/mar/28/uam-seedlings-begin-tree-cycle/,arkansasonline.com,20220328T090000Z,English,United States
reforestation,silviculture,DEC purchases Boyhaven property,https://www.timesunion.com/news/article/DEC-purchases-Boyhaven-property-17029377.php,timesunion.com,20220325T220000Z,English,United States
reforestation,silviculture,Agriculture Hall of Fame to add 6 members today,https://www.arkansasonline.com/news/2022/mar/25/agriculture-hall-of-fame-to-add-6-members-today/,arkansasonline.com,20220325T071500Z,English,United States
reforestation,silviculture,"Camden Herald Community Briefs March 24 , 2022",https://knox.villagesoup.com/2022/03/24/camden-herald-community-briefs-march-24-2022/,knox.villagesoup.com,20220324T153000Z,English,United States
reforestation,silviculture,The Benefits of Climate - Smart Ecosystem Monitoring in Forests,https://www.azocleantech.com/article.aspx?ArticleID=1485,azocleantech.com,20220323T133000Z,English,United States
reforestation,silviculture,Cornell Ag Connection : Conservation methods keeping maple industry strong,https://www.pressrepublican.com/opinion/cornell-ag-connection-conservation-methods-keeping-maple-industry-strong/article_34a8ccb0-4d2a-57c2-ae1a-1cfe6c1694f1.html,pressrepublican.com,20220320T183000Z,English,United States
reforestation,silviculture,Merryspring talk : Sustainable Forest Management,https://www.penbaypilot.com/article/merryspring-talk-sustainable-forest-management/158196,penbaypilot.com,20220320T161500Z,English,United States
reforestation,silviculture,Lawmakers prune equity initiatives from tree canopy bill,https://www.insidenova.com/headlines/lawmakers-prune-equity-initiatives-from-tree-canopy-bill/article_f4b9dabe-a795-11ec-94c7-57d150479053.html,insidenova.com,20220319T154500Z,English,United States
reforestation,silviculture,Big Island Bioenergy Plant Searches For More Trees And Regulatory Approval,https://patch.com/hawaii/honolulu/big-island-bioenergy-plant-searches-more-trees-regulatory-approval,patch.com,20220315T120000Z,English,United States
reforestation,silviculture,Flourishing - Journal # 124 February 2022,http://www.e-flux.com/journal/124/446244/flourishing/,e-flux.com,20220315T071500Z,English,United States
reforestation,silviculture,"Endangered Species Act / Western Fanshell and Ouachita Fanshell : U . S . Fish & Wildlife Services Proposes Threatened Listing / Arkansas Critical Habitat | Mitchell , Williams , Selig , Gates & Woodyard , P . L . L . C .",https://www.jdsupra.com/legalnews/endangered-species-act-western-fanshell-8598857/,jdsupra.com,20220315T011500Z,English,United States
reforestation,silviculture,Big Island Bioenergy Plant Searches For More Trees And Regulatory Approval,https://www.civilbeat.org/2022/03/big-island-bioenergy-plant-searches-for-more-trees-and-regulatory-approval/,civilbeat.org,20220314T131500Z,English,United States
reforestation,silviculture,"Virtual Presentation : The Role of Red Alder in the Oregon Coast Range w / Andrew Bluhm , OSU",https://www.tillamookheadlightherald.com/news/virtual-presentation-the-role-of-red-alder-in-the-oregon-coast-range-w-andrew-bluhm/article_72c2b88d-1d73-54bb-8c2d-0018bae172a2.html,tillamookheadlightherald.com,20220309T124500Z,English,United States
reforestation,silviculture,Role of Red Alder in the Oregon Coast Range,https://www.tillamookheadlightherald.com/community/role-of-red-alder-in-the-oregon-coast-range/article_946f3f92-98b2-11ec-b7bd-77c951c6dd31.html,tillamookheadlightherald.com,20220303T093000Z,English,United States
reforestation,silviculture,Global Glyphosate Market to Reach $8 . 9 Billion by 2026,https://www.prnewswire.com:443/news-releases/global-glyphosate-market-to-reach-8-9-billion-by-2026--301491254.html,prnewswire.com,20220301T133000Z,English,United States
reforestation,silviculture,Global Glyphosate Market to Reach $8 . 9 Billion by 2026,https://www.prnewswire.com/news-releases/global-glyphosate-market-to-reach-8-9-billion-by-2026--301491254.html,prnewswire.com,20220301T133000Z,English,United States
reforestation,silviculture,Ask the master gardener,https://www.djournal.com/pontotoc/ask-the-master-gardener/article_98f48acf-da73-54c8-8d92-d447caeef228.html,djournal.com,20220428T193000Z,English,United States
reforestation,silviculture,Community Briefs,https://www.arkansasonline.com/news/2022/apr/27/community-briefs-4-27-22/,arkansasonline.com,20220427T123000Z,English,United States
reforestation,silviculture,Sylvans win fourth consecutive title at Louisiana Forest Festival,https://www.dailysentinel.com/social_media/article_4143cd2d-1464-5ec1-b060-1dde755e9ae9.html,dailysentinel.com,20220427T061500Z,English,United States
reforestation,silviculture,Techniques that rely on adaptive silviculture can help trees become more resilient to severe storms,https://phys.org/news/2022-04-techniques-silviculture-trees-resilient-severe.html,phys.org,20220426T154500Z,English,United States
reforestation,silviculture,A Windy Workout : Stormwise Prescription Helps Strengthen Trees,https://today.uconn.edu/2022/04/a-windy-workout-stormwise-prescription-helps-strengthen-trees/,today.uconn.edu,20220426T150000Z,English,United States
reforestation,silviculture,Latest environmental legislation in effect and in pipeline – 2022 overview,https://www.lexology.com/commentary/environment-climate-change/switzerland/pestalozzi-attorneys-at-law/latest-environmental-legislation-in-effect-and-in-pipeline-2022-overview,lexology.com,20220425T044500Z,English,United States
reforestation,silviculture,Are we in a gopher population explosion ? | John Lindsey,https://lompocrecord.com/news/local/are-we-in-a-gopher-population-explosion-john-lindsey/article_92a65f82-87f4-511c-9851-b5e403808095.html,lompocrecord.com,20220424T024500Z,English,United States
reforestation,silviculture,Are we in a gopher population explosion ? | John Lindsey,https://santamariatimes.com/news/local/columnists/john_lindsey/are-we-in-a-gopher-population-explosion-john-lindsey/article_dbe0897c-76b8-56ce-a388-01da13a5ccb0.html,santamariatimes.com,20220424T020000Z,English,United States
reforestation,silviculture,Scientific career and beyond … Cecilia Kruszynski,https://analyticalscience.wiley.com/do/10.1002/was.0001968,analyticalscience.wiley.com,20220421T104500Z,English,United States
reforestation,silviculture,Kingwood Forestry Services invests $30K for UAM grad student fellowship,https://www.stuttgartdailyleader.com/kingwood-forestry-services-invests-30k-for-uam-grad-student-fellowship/,stuttgartdailyleader.com,20220420T193000Z,English,United States
reforestation,silviculture,Research shows that forest management in Europe is out of alignment with natural patterns,https://phys.org/news/2022-04-forest-europe-alignment-natural-patterns.html,phys.org,20220419T151500Z,English,United States
reforestation,silviculture,Qatar – Advanced BioFuels united states,https://advancedbiofuelsusa.info/category/international/qatar/,advancedbiofuelsusa.info,20220418T090000Z,English,United States
reforestation,silviculture,Seawater – Advanced BioFuels united states,https://advancedbiofuelsusa.info/category/feedstocks/seawater-feedstocks/,advancedbiofuelsusa.info,20220418T090000Z,English,United States
reforestation,silviculture,Kingwood Forestry Services invests $30K for UAM grad student fellowship,http://www.magnoliareporter.com/education/colleges_universities/article_7396e184-be1f-11ec-8cbc-538f159ef358.html,magnoliareporter.com,20220418T061500Z,English,United States
reforestation,silviculture,U . S . South Pulpwood Supplies and Echoes of the Great Recession,http://www.biomassmagazine.com/articles/18883/u-s-south-pulpwood-supplies-and-echoes-of-the-great-recession,biomassmagazine.com,20220417T144500Z,English,United States
reforestation,silviculture,UAM students to benefit from forestry fellowship,https://www.nwaonline.com/news/2022/apr/16/uam-students-to-benefit-from-forestry-fellowship/,nwaonline.com,20220416T123000Z,English,United States
reforestation,silviculture,UAM students to benefit from forestry fellowship,https://www.arkansasonline.com/news/2022/apr/16/uam-students-to-benefit-from-forestry-fellowship/,arkansasonline.com,20220416T074500Z,English,United States
reforestation,silviculture,4 solutions for trees and forests threatened by a hotter world,https://www.nationalgeographic.com/magazine/article/solutions-fixing-forests-fight-warming-feature,nationalgeographic.com,20220414T113000Z,English,United States
reforestation,silviculture,Forest Management Handbook for Small Parcel Landowners,https://ucanr.edu/blogs/blogcore/postdetail.cfm?postnum=52000,ucanr.edu,20220412T001500Z,English,United States
reforestation,silviculture,NYTB Legislative Update : State Budget Includes Financial Protections For Horse Racing - Horse Racing News,https://paulickreport.com/news/the-biz/nytb-legislative-update-state-budget-includes-financial-protections-for-horse-racing/,paulickreport.com,20220411T231500Z,English,United States
reforestation,silviculture,SilverLeaf community growth recommended by St . Johns County board,https://www.staugustine.com/story/news/local/2022/04/08/silverleaf-community-growth-recommended-st-johns-county-board/9509333002/,staugustine.com,20220408T221500Z,English,United States
reforestation,silviculture,DEC announces addition of 219 acres to Middle Grove State Forest,https://www.hudsonvalley360.com/artsandlife/localannouncements/dec-announces-addition-of-219-acres-to-middle-grove-state-forest/article_24734435-bd60-5c8a-ad9f-305d7a6cd072.html,hudsonvalley360.com,20220405T190000Z,English,United States
reforestation,silviculture,Global Precision Forestry Market To Be Driven By Increasing Mechanisation Of Forestry Operations In The Forecast Period Of 2021 - 2026,https://www.digitaljournal.com/pr/global-precision-forestry-market-to-be-driven-by-increasing-mechanisation-of-forestry-operations-in-the-forecast-period-of-2021-2026,digitaljournal.com,20220405T074500Z,English,United States
reforestation,silviculture,George Mitchell Center hosts  The Maine Forest Tick Survey  – The Maine Campus,https://mainecampus.com/2022/04/george-mitchell-center-hosts-the-maine-forest-tick-survey/,mainecampus.com,20220404T094500Z,English,United States
reforestation,silviculture,Underwear Underground Campaign Aims to Educate PA on Soil Health / Public News Service,https://www.publicnewsservice.org/2022-06-01/environment/underwear-underground-campaign-aims-to-educate-pa-on-soil-health/a79313-1,publicnewsservice.org,20220601T111500Z,English,United States
reforestation,silviculture,Rivers Month Call to Protect More of Montanas Iconic Rivers / Public News Service,https://www.publicnewsservice.org/2022-06-01/environment/rivers-month-call-to-protect-more-of-montanas-iconic-rivers/a79320-1,publicnewsservice.org,20220601T084500Z,English,United States
reforestation,silviculture,Groups Aim to Protect Old Forest in Northern Appalachian Acadian Ecoregion / Public News Service,https://www.publicnewsservice.org/2022-05-31/environment/groups-aim-to-protect-old-forest-in-northern-appalachian-acadian-ecoregion/a79284-1,publicnewsservice.org,20220531T073000Z,English,United States
reforestation,silviculture,A new forest takes root in a fire - scarred landscape in northern Minnesota,https://www.startribune.com/a-new-forest-takes-root-in-a-fire-scarred-landscape-in-northern-minnesota/600177370/,startribune.com,20220528T214500Z,English,United States
reforestation,silviculture,LCA and negative emission potential of retrofitted cement plants under oxyfuel conditions at high biogenic fuel shares,https://www.nature.com/articles/s41598-022-13064-w,nature.com,20220527T104500Z,English,United States
reforestation,silviculture,Biofuels Basics – Advanced BioFuels united states,https://advancedbiofuelsusa.info/biofuels-basics/biofuels-basics/,advancedbiofuelsusa.info,20220525T171500Z,English,United States
reforestation,silviculture,"Picking and planting : Students help start a new forest , and find some tasty fungi",https://www.capitalpress.com/ag_sectors/timber/picking-and-planting-students-help-start-a-new-forest-and-find-some-tasty-fungi/article_3a130f5d-37c7-5de5-9723-c680c91228f3.html,capitalpress.com,20220523T020000Z,English,United States
reforestation,silviculture,"Picking and planting : BHS students help start a new forest , and find some tasty fungi",https://www.capitalpress.com/ag_sectors/timber/picking-and-planting-bhs-students-help-start-a-new-forest-and-find-some-tasty-fungi/article_3a130f5d-37c7-5de5-9723-c680c91228f3.html,capitalpress.com,20220522T211500Z,English,United States
reforestation,silviculture,"Picking and planting : BHS students help start a new forest , and find some tasty fungi",https://www.lagrandeobserver.com/news/state/picking-and-planting-bhs-students-help-start-a-new-forest-and-find-some-tasty-fungi/article_0be61646-606f-58ce-a4d2-0641106f5650.html,lagrandeobserver.com,20220522T190000Z,English,United States
reforestation,silviculture,"Picking and planting : BHS students help start a new forest , and find some tasty fungi",https://www.bakercityherald.com/news/local/picking-and-planting-bhs-students-help-start-a-new-forest-and-find-some-tasty-fungi/article_c75f4022-d774-11ec-830c-677635662b72.html,bakercityherald.com,20220521T011500Z,English,United States
reforestation,silviculture,"Baker High School students help start a new forest , and find some tasty fungi",https://www.eastoregonian.com/news/northwest/baker-high-school-students-help-start-a-new-forest-and-find-some-tasty-fungi/article_557ad42f-38a8-5cd8-b631-237870938a83.html,eastoregonian.com,20220520T220000Z,English,United States
reforestation,silviculture,"Canadian ESG company launches $250 , 000 student scholarship",https://www.globenewswire.com/news-release/2022/05/17/2445273/0/en/Canadian-ESG-company-launches-250-000-student-scholarship-program.html,globenewswire.com,20220517T173000Z,English,United States
reforestation,silviculture,Piney Creek Preserve will offer a diverse range of activities to residents and visitors,https://www.register-herald.com/opinion/piney-creek-preserve-will-offer-a-diverse-range-of-activities-to-residents-and-visitors/article_9d36add8-d334-11ec-bf1c-47bf550d7bfc.html,register-herald.com,20220514T041500Z,English,United States
reforestation,silviculture,Researchers Launch Large Forest Study In Northeast Kingdom,https://www.caledonianrecord.com/news/local/researchers-launch-large-forest-study-in-northeast-kingdom/article_d36b8210-b8c3-5254-9388-8bb292f80fe7.html,caledonianrecord.com,20220508T190000Z,English,United States
reforestation,silviculture,Acadian Timber Corp . Reports First Quarter Results,https://www.streetinsider.com/Globe+Newswire/Acadian+Timber+Corp.+Reports+First+Quarter+Results/20019833.html,streetinsider.com,20220504T213000Z,English,United States
reforestation,silviculture,"The science , stewardship and stories behind MSU trees",https://msutoday.msu.edu/news/2022/the-science-stewardship-and-stories-behind-msus-trees-2022-update,msutoday.msu.edu,20220503T211500Z,English,United States
reforestation,silviculture,Tillamook Coast Visitors Association establishes two scholarships,https://www.northcoastcitizen.com/community/tillamook-coast-visitors-association-establishes-two-scholarships/article_bdf5ccb9-e403-5a28-ba4e-b08b0fffba93.html,northcoastcitizen.com,20230331T113000Z,English,United States
reforestation,silviculture,Controlled Release Fertilizer Global Market Report 2023,https://finance.yahoo.com/news/controlled-release-fertilizer-global-market-164600573.html,finance.yahoo.com,20230329T171500Z,English,United States
reforestation,silviculture,EPA says cleanup of Moody landfill fire reaching  final stages,https://www.al.com/news/2023/03/epa-says-cleanup-of-moody-landfill-fire-reaching-final-stages.html,al.com,20230329T160000Z,English,United States
reforestation,silviculture,New York Heartwoods turns doomed magnificent trees into exquisite furniture,https://hudsonvalleyone.com/2023/03/26/new-york-heartwoods-turns-doomed-magnificent-trees-into-exquisite-furniture/,hudsonvalleyone.com,20230326T154500Z,English,United States
reforestation,silviculture,New Forestry Deal bills best bet for future of Mass . forests,https://news.yahoo.com/forestry-deal-bills-best-bet-090243634.html,news.yahoo.com,20230326T114500Z,English,United States
reforestation,silviculture,New Forestry Deal bills best bet for future of Mass . forests,https://www.msn.com/en-us/lifestyle/lifestyle-buzz/new-forestry-deal-bills-best-bet-for-future-of-mass-forests/ar-AA195CMr,msn.com,20230326T103000Z,English,United States
reforestation,silviculture,Timber and silviculture program for 2023 / 2024,https://localnews8.com/news/idaho/2023/03/21/timber-and-silviculture-program-for-2023-2024/,localnews8.com,20230321T173000Z,English,United States
reforestation,silviculture,Southern Utah 15th Annual Amazing Earthfest - The Independent,https://suindependent.com/southern-utahs-15th-annual-amazing-earthfest/,suindependent.com,20230430T124500Z,English,United States
reforestation,silviculture,Forest Plantation Technical Steering Committee inaugurated to review Ghana Plantation Strategy,https://www.msn.com/en-xl/africa/ghana/forest-plantation-technical-steering-committee-inaugurated-to-review-ghana-s-plantation-strategy/ar-AA1awFDt,msn.com,20230429T150000Z,English,United States
reforestation,silviculture,Federal Register :: Endangered and Threatened Wildlife and Plants ; Threatened Species Status With Section 4 ( d ) Rule for Big Creek Crayfish and St . Francis River Crayfish and Designation of Critical Habitat,https://www.federalregister.gov/documents/2023/04/27/2023-08849/endangered-and-threatened-wildlife-and-plants-threatened-species-status-with-section-4d-rule-for-big,federalregister.gov,20230427T171500Z,English,United States
reforestation,silviculture,2 new crayfish species found in Wilkes,https://www.journalpatriot.com/2-new-crayfish-species-found-in-wilkes/article_b7438ea8-060d-5ee3-a9ff-189ad6f02a9b.html,journalpatriot.com,20230424T224500Z,English,United States
reforestation,silviculture,Students can learn about nature at Camp Canopy June 11 - 16,https://www.zanesvilletimesrecorder.com/story/news/local/2023/04/22/students-can-learn-about-nature-at-camp-canopy-june-11-16/70125283007/,zanesvilletimesrecorder.com,20230422T124500Z,English,United States
reforestation,silviculture,Students can learn about nature at Camp Canopy June 11 - 16,https://www.msn.com/en-us/money/careersandeducation/students-can-learn-about-nature-at-camp-canopy-june-11-16/ar-AA1abrA5,msn.com,20230422T103000Z,English,United States
reforestation,silviculture,"FIRST ANNUAL TREEFEST TO BE HELD AT LASDON PARK AND ARBORETUM ON EARTH DAY , APRIL 22",https://news.hamlethub.com/yorktown/events/6556-first-annual-treefest-to-be-held-at-lasdon-park-and-arboretum-on-earth-day-april-22,news.hamlethub.com,20230414T200000Z,English,United States
reforestation,silviculture,"Our ancestors have lived on these lands for thousands of years , | Michigan Tribe Signs Tribal Forest Protection Act",https://news.yahoo.com/ancestors-lived-lands-thousands-years-161416377.html,news.yahoo.com,20230411T164500Z,English,United States
reforestation,silviculture,"Our ancestors have lived on these lands for thousands of years , | Michigan Tribe Signs Tribal Forest Protection Act",https://nativenewsonline.net/environment/our-ancestors-have-lived-on-these-lands-for-thousands-of-years-michigan-tribe-signs-tribal-forest-protection-act,nativenewsonline.net,20230411T164500Z,English,United States
reforestation,silviculture,DuBois Council approves amending grant to help pay for forensic audit,https://www.thecourierexpress.com/news/dubois-council-approves-amending-grant-to-help-pay-for-forensic-audit/article_90a76868-d66d-11ed-ac16-030b0e4e2959.html,thecourierexpress.com,20230410T130000Z,English,United States
reforestation,silviculture,"USDA partners with Sault Ste . Marie Tribe | News , Sports , Jobs",https://www.mininggazette.com/news/local-news/2023/04/usda-partners-with-sault-ste-marie-tribe/,mininggazette.com,20230410T114500Z,English,United States
reforestation,silviculture,"Forest management partnership announced : USDA partners with Sault Ste . Marie Tribe | News , Sports , Jobs",https://www.miningjournal.net/news/2023/04/forest-management-partnership-announced-usda-partners-with-sault-ste-marie-tribe/,miningjournal.net,20230407T074500Z,English,United States
reforestation,silviculture,"Sault Tribe signs forest management partnership | News , Sports , Jobs",https://www.dailypress.net/news/local-news/2023/04/sault-tribe-signs-forest-management-partnership/,dailypress.net,20230406T104500Z,English,United States
reforestation,silviculture,These WA state agencies have tons of wildlife conservation job openings,https://www.yakimaherald.com/news/northwest/these-wa-state-agencies-have-tons-of-wildlife-conservation-job-openings/article_21291e3f-9cf4-5c27-a0d2-d7874c493ef5.html,yakimaherald.com,20230406T001500Z,English,United States
reforestation,silviculture,These WA state agencies have tons of wildlife conservation job openings,https://news.yahoo.com/wa-state-agencies-tons-wildlife-165128595.html,news.yahoo.com,20230405T173000Z,English,United States
reforestation,silviculture,"Orion Magazine - Evolving , Swiftly",https://orionmagazine.org/article/evolving-swiftly/,orionmagazine.org,20230403T153000Z,English,United States
reforestation,silviculture,Another EPA and Army Corps Power Grab : Limiting Exemptions for Agriculture Under the CWA,https://www.heritage.org/agriculture/report/another-epa-and-army-corps-power-grab-limiting-exemptions-agriculture-under-the,heritage.org,20230623T064500Z,English,United States
reforestation,silviculture,UNR scientists take aim at wildfires in Nevada,https://carsonnow.org/story/05/12/2020/unr-scientists-take-aim-wildfires-nevada,carsonnow.org,20230622T001500Z,English,United States
reforestation,silviculture,Crawfish pie in Crossett,https://www.arkansasonline.com/news/2023/jun/21/crawfish-pie-in-crossett/,arkansasonline.com,20230621T073000Z,English,United States
reforestation,silviculture,Staunton  Right of Way Maintenance  program causing frustrations,https://www.whsv.com/2023/06/20/staunton-right-way-maintenance-program-causing-frustrations/,whsv.com,20230620T230000Z,English,United States
reforestation,silviculture,Staunton  Right of Way Maintenance  program causing frustrations,https://www.msn.com/en-us/news/us/staunton-right-of-way-maintenance-program-causing-frustrations/ar-AA1cOuIO,msn.com,20230620T230000Z,English,United States
reforestation,silviculture,Outdoor briefs : Watershed lunch and learn Thursday,https://www.nwaonline.com/news/2023/jun/20/outdoor-briefs-watershed-lunch-and-learn-thursday/,nwaonline.com,20230620T140000Z,English,United States
reforestation,silviculture,,https://www.miragenews.com/forestry-corp-promotes-timber-careers-for-1029569/,miragenews.com,20230619T053000Z,English,United States
reforestation,silviculture,A Trip to the Finger Lakes,https://www.eagletimes.com/lifestyles/a-trip-to-the-finger-lakes/article_c4cd7885-33a6-563a-8c8b-9dd30ac9a455.html,eagletimes.com,20230617T050000Z,English,United States
reforestation,silviculture,2023 Lewis County Tree Farmers of the Year Offering Tour of Their Farm on June 20,"https://www.chronline.com/stories/2023-lewis-county-tree-farmers-of-the-year-offering-tour-of-their-farm-on-june-20,320779",chronline.com,20230613T001500Z,English,United States
reforestation,silviculture,Harold Lee Osborne,https://www.lmtribune.com/obituaries/harold-lee-osborne/article_53cc34a4-ab10-5ce9-bf72-f4ac580f3146.html,lmtribune.com,20230611T120000Z,English,United States
reforestation,silviculture,Recap from St Johns County Commission meeting June 6th,https://historiccity.com/2023/staugustine/news/recap-from-st-johns-county-commission-meeting-june-6th-142188,historiccity.com,20230610T081500Z,English,United States
reforestation,silviculture,"Trees , Climate Myths , And Forestry Mismanagement",https://climatechangedispatch.com/trees-climate-myths-and-forestry-mismanagement/,climatechangedispatch.com,20230609T141500Z,English,United States
reforestation,silviculture,Two chances to learn about forests this week | Vermont Business Magazine,https://vermontbiz.com/news/2023/september/04/two-chances-learn-about-forests-week,vermontbiz.com,20230902T000000Z,English,United States
reforestation,silviculture,Irving Family,http://landreport.com/top-100-landowners/irving-family,landreport.com,20230901T120000Z,English,United States
reforestation,silviculture,Buck Family,http://landreport.com/top-100-landowners/buck-family,landreport.com,20230901T120000Z,English,United States
reforestation,silviculture,Instructors from five architecture schools awarded the ACSA 2023 Timber Education Prize,https://archinect.com/news/bustler/9474/instructors-from-five-architecture-schools-awarded-the-acsa-s-2023-timber-education-prize,archinect.com,20230831T194500Z,English,United States
reforestation,silviculture,Karbon - X Acquires Silviculture Systems : A Synergistic Step towards ...,https://www.pr-inside.com/karbon-x-acquires-silviculture-systems-a-synergistic-step-towards-r4937211.htm,pr-inside.com,20230828T171500Z,English,United States
reforestation,silviculture,Ridge Fire provides opportunity for research as it burns experimental forest,https://dailyinterlake.com/news/2023/aug/25/ridge-fire-burns-experimental-area/,dailyinterlake.com,20230825T073000Z,English,United States
reforestation,silviculture,Expert : Bumper Crop of Acorns Not Drought - Related,https://wjon.com/expert-bumper-crop-of-acorns-not-drought-related/,wjon.com,20230824T210000Z,English,United States
reforestation,silviculture,Pine Decline : Fungal Blight Threatens Crucial Tree in Timber Industry,https://www.arkansasbusiness.com/article/145646/pine-decline-fungal-blight-threatens-crucial-tree-in-timber-industry,arkansasbusiness.com,20230821T053000Z,English,United States
reforestation,silviculture,Fall scholarships open for Tillamook Nature and Outdoors Program | Community,https://www.northcoastcitizen.com/community/fall-scholarships-open-for-tillamook-s-nature-and-outdoors-program/article_60c7baaa-696d-523d-924b-7cae3d13e159.html,northcoastcitizen.com,20230816T201500Z,English,United States
reforestation,silviculture,DEM forest restoration project aims to  future - proof  45 - acre state parcel in Richmond from effects of climate change,https://whatsupnewp.com/2023/08/dem-forest-restoration-project-aims-to-future-proof-45-acre-state-parcel-in-richmond-from-effects-of-climate-change/,whatsupnewp.com,20230815T231500Z,English,United States
reforestation,silviculture,Vermont biologists work to shape forests to mitigate climate change effects,https://www.wcax.com/2023/08/13/vermont-biologists-work-shape-forests-mitigate-climate-change-effects/,wcax.com,20230813T003000Z,English,United States
reforestation,silviculture,Officials tour timber sale in Gifford Pinchot National Forest,"https://www.chronline.com/stories/officials-tour-timber-sale-in-gifford-pinchot-national-forest,323597",chronline.com,20230812T014500Z,English,United States
reforestation,silviculture,RSVP now for annual Taylor Park field trip,https://www.montrosepress.com/free_access/rsvp-now-for-annual-taylor-park-field-trip/article_fbedc270-36cb-11ee-9ff5-e7685d988c52.html,montrosepress.com,20230810T030000Z,English,United States
reforestation,silviculture,Cascades Development Calls for 850 Homes in Seminole Woods,https://flaglerlive.com/cascades-development/,flaglerlive.com,20230809T223000Z,English,United States
reforestation,silviculture,Washington Compost Expense Program,https://1027kord.com/ixp/1144/p/washington-compost-expense-program/,1027kord.com,20230807T194500Z,English,United States
reforestation,silviculture,Forest Service Hiring Permanent Seasonal Positions,https://ladailypost.com/forest-service-hiring-permanent-seasonal-positions/,ladailypost.com,20231026T014500Z,English,United States
reforestation,silviculture,Logging courses offered through Watershed Agricultural Council,https://www.thedailystar.com/news/logging-courses-offered-through-watershed-agricultural-council/article_ddb7d358-71dc-11ee-81ed-9746382ba359.html,thedailystar.com,20231024T041500Z,English,United States
reforestation,silviculture,U . S . Forest Service Offers $30k and Benefits for Seasonal Work,https://z100missoula.com/ixp/119/p/forest-service-seasonal-work/,z100missoula.com,20231021T000000Z,English,United States
reforestation,silviculture,Former U . S . Rep Jaime Herrera Beutler running for lands commissioner,"https://www.thereflector.com/stories/former-us-rep-jaime-herrera-beutler-running-for-lands-commissioner,327456",thereflector.com,20231016T221500Z,English,United States
reforestation,silviculture,"The Bourbon Industry Relies on White Oaks , Which Are in Decline . Now , Theyre All In on Saving Them",https://modernfarmer.com/2023/10/the-bourbon-industry-relies-on-white-oaks-which-are-in-decline-now-theyre-all-in-on-saving-them/,modernfarmer.com,20231016T114500Z,English,United States
reforestation,silviculture,Forestry shortcourses upcoming,https://www.gazetterecord.com/news/article_3593e71e-685b-11ee-adc7-f7f2f77ffc01.html,gazetterecord.com,20231011T181500Z,English,United States
reforestation,silviculture,King County awarded with $6M grant to help ex - cons re - enter workforce,https://mynorthwest.com/3934073/king-county-awarded-6m-grant-help-ex-cons-re-enter-workforce/,mynorthwest.com,20231006T041500Z,English,United States
reforestation,silviculture,Montana FWP seeking new Future Fisheries citizen review panel member,http://www.choteauacantha.com/regional_news/article_193ccc72-621e-11ee-b546-13c714b1872b.html,choteauacantha.com,20231004T210000Z,English,United States
reforestation,silviculture,Lawrence and Winston County youth join for Forestry Career Day,https://www.moultonadvertiser.com/news/article_7206ebf6-62c5-11ee-90de-6fb8433909fe.html,moultonadvertiser.com,20231004T184500Z,English,United States
reforestation,silviculture,Diminutive Florida Snake to Receive Federal Endangered Species Protection,https://biologicaldiversity.org/w/news/press-releases/diminutive-florida-snake-to-receive-federal-endangered-species-protection-2023-10-02/,biologicaldiversity.org,20231002T201500Z,English,United States
reforestation,silviculture,"Yes , The Minnesota DNR Will Pay You For Your Pine Cones Right Now",https://power96radio.com/ixp/719/p/yes-the-minnesota-dnr-will-pay-you-for-your-pine-cones-right-now/,power96radio.com,20231129T040000Z,English,United States
reforestation,silviculture,"Yes , The Minnesota DNR Will Pay You For Your Pine Cones Right Now",https://q985online.com/ixp/719/p/yes-the-minnesota-dnr-will-pay-you-for-your-pine-cones-right-now/,q985online.com,20231129T034500Z,English,United States
reforestation,silviculture,"Yes , The Minnesota DNR Will Pay You For Your Pine Cones Right Now",https://kdhlradio.com/ixp/719/p/yes-the-minnesota-dnr-will-pay-you-for-your-pine-cones-right-now/,kdhlradio.com,20231129T014500Z,English,United States
reforestation,silviculture,"Yes , The Minnesota DNR Will Pay You For Your Pine Cones Right Now",https://krforadio.com/ixp/719/p/yes-the-minnesota-dnr-will-pay-you-for-your-pine-cones-right-now/,krforadio.com,20231129T014500Z,English,United States
reforestation,silviculture,"Yes , The Minnesota DNR Will Pay You For Your Pine Cones Right Now",https://97zokonline.com/ixp/719/p/yes-the-minnesota-dnr-will-pay-you-for-your-pine-cones-right-now/,97zokonline.com,20231129T003000Z,English,United States
reforestation,silviculture,"Yes , The Minnesota DNR Will Pay You For Your Pine Cones Right Now",https://kfilradio.com/ixp/719/p/yes-the-minnesota-dnr-will-pay-you-for-your-pine-cones-right-now/,kfilradio.com,20231129T001500Z,English,United States
reforestation,silviculture,"Yes , The Minnesota DNR Will Pay You For Your Pine Cones Right Now",https://y105fm.com/ixp/719/p/yes-the-minnesota-dnr-will-pay-you-for-your-pine-cones-right-now/,y105fm.com,20231128T231500Z,English,United States
reforestation,silviculture,"Yes , The Minnesota DNR Will Pay You For Your Pine Cones Right Now",https://1520theticket.com/ixp/719/p/yes-the-minnesota-dnr-will-pay-you-for-your-pine-cones-right-now/,1520theticket.com,20231128T224500Z,English,United States
reforestation,silviculture,Virtual presentation to cover Mosquito Fire impacts,https://www.mtdemocrat.com/prospecting/virtual-presentation-to-cover-mosquito-fire-impacts/article_fb03f992-896e-11ee-a4d9-ef790569288f.html,mtdemocrat.com,20231127T203000Z,English,United States
reforestation,silviculture,UAM freshman Jackson Boles awarded 2023 Forester for the Future scholarship,https://www.stuttgartdailyleader.com/uam-freshman-jackson-boles-awarded-2023-forester-for-the-future-scholarship/,stuttgartdailyleader.com,20231127T173000Z,English,United States
reforestation,silviculture,"Tom Karwin , On Gardening | Securing biodiversity in the garden : Invasives",https://www.santacruzsentinel.com/2023/11/23/tom-karwin-on-gardening-securing-biodiversity-in-the-garden-invasives/,santacruzsentinel.com,20231124T023000Z,English,United States
reforestation,silviculture,Lolo NF receives Regional Forester Award,https://nbcmontana.com/news/local/lolo-nf-receives-regional-forester-award,nbcmontana.com,20231118T211500Z,English,United States
reforestation,silviculture,"Forests can capture more carbon , but need a biodiversity boost",https://www.futurity.org/forests-carbon-biodiversity-greenhouse-gas-2998582/,futurity.org,20231114T160000Z,English,United States
reforestation,silviculture,"Diverse Forests Hold Huge Carbon - Storage Potential , As Long As We Cut Emissions",https://www.eurasiareview.com/14112023-diverse-forests-hold-huge-carbon-storage-potential-as-long-as-we-cut-emissions/,eurasiareview.com,20231114T013000Z,English,United States
reforestation,silviculture,"Diverse forests hold huge carbon potential , as long as we cut emissions",https://www.sciencedaily.com/releases/2023/11/231113111644.htm,sciencedaily.com,20231113T194500Z,English,United States
reforestation,silviculture,"Diverse forests hold huge carbon potential , as long as we cut emissions",https://phys.org/news/2023-11-diverse-forests-huge-carbon-potential.html,phys.org,20231113T183000Z,English,United States
reforestation,silviculture,Experts predict  catastrophic ecosystem collapse  of united kingdom forests within the next 50 years if action not taken,https://www.sciencedaily.com/releases/2023/11/231108115142.htm,sciencedaily.com,20231110T210000Z,English,United States
reforestation,silviculture,Thinning Pine Trees by the Leave Tree Method | Mississippi State University Extension Service,http://extension.msstate.edu/publications/thinning-pine-trees-the-leave-tree-method,extension.msstate.edu,20231109T213000Z,English,United States
reforestation,silviculture,Experts predict  catastrophic ecosystem colla,https://www.eurekalert.org:443/news-releases/1006933,eurekalert.org,20231108T214500Z,English,United States
reforestation,silviculture,Groundbreaking set for new ranger station,https://www.nuggetnews.com/story/2023/11/08/news/groundbreaking-set-for-new-ranger-station/35796.html,nuggetnews.com,20231107T211500Z,English,United States
reforestation,silviculture,Do Texans have the  right to farm ? Voters will decide with Proposition 1 .,https://kvia.com/your-voice-your-vote/2023/11/06/do-texans-have-the-right-to-farm-voters-will-decide-with-proposition-1/,kvia.com,20231107T021500Z,English,United States
reforestation,silviculture,Construction Of Sisters Ranger Station Begins Soon,https://www.mycentraloregon.com/2023/11/06/construction-of-sisters-ranger-station-begins-soon/,mycentraloregon.com,20231107T014500Z,English,United States
reforestation,silviculture,Do Texans have the  right to farm ? Voters will decide with Proposition 1 | State,https://dentonrc.com/news/state/do-texans-have-the-right-to-farm-voters-will-decide-with-proposition-1/article_c5a4e83f-1437-51d2-a902-c6e1daa6f2cc.html,dentonrc.com,20231106T043000Z,English,United States
reforestation,silviculture,Do Texans have the  right to farm ? Voters will decide with Proposition 1,https://www.oaoa.com/local-news/do-texans-have-the-right-to-farm-voters-will-decide-with-proposition-1/,oaoa.com,20231105T154500Z,English,United States
reforestation,silviculture,Do Texans have the  right to farm ? Voters will decide with Proposition 1 .,https://www.click2houston.com/news/texas/2023/11/03/do-texans-have-the-right-to-farm-voters-will-decide-with-proposition-1/,click2houston.com,20231103T134500Z,English,United States
reforestation,silviculture,"As tree species face decline ,  assisted migration  gains popularity in Pacific Northwest",https://www.seattletimes.com/seattle-news/environment/as-northwest-tree-species-decline-assisted-migration-gains-popularity/,seattletimes.com,20231230T143000Z,English,United States
reforestation,silviculture,Pacific Northwest sees increased popularity in  assisted migration  as tree species face decline,https://www.kptv.com/2023/12/29/pacific-northwest-sees-increased-popularity-assisted-migration-tree-species-face-decline/,kptv.com,20231229T204500Z,English,United States
reforestation,silviculture,"As tree species face decline ,  assisted migration  gains popularity in Pacific Northwest",https://katu.com/news/local/as-tree-species-face-decline-assisted-migration-gains-popularity-in-pacific-northwest-puget-sound-portland-oregon-washington-state-united-states-forest-service-forests-trees-redwoods-cedar-conservancy-climate-crisis,katu.com,20231229T014500Z,English,United States
reforestation,silviculture,"As tree species face decline ,  assisted migration  gains popularity in Pacific Northwest | News",https://www.kezi.com/news/as-tree-species-face-decline-assisted-migration-gains-popularity-in-pacific-northwest/article_2e226f92-3b35-5c03-a02c-98c58f8d6db4.html,kezi.com,20231229T004500Z,English,United States
reforestation,silviculture,"As tree species face decline ,  assisted migration  gains popularity in Pacific Northwest | Region",https://www.starbeacon.com/region/as-tree-species-face-decline-assisted-migration-gains-popularity-in-pacific-northwest/article_969a3b07-b660-5037-bbd1-1c3fc01725cf.html,starbeacon.com,20231229T004500Z,English,United States
reforestation,silviculture,"As tree species face decline ,  assisted migration  gains popularity in Pacific Northwest | National News",https://www.ottumwacourier.com/news/national_news/as-tree-species-face-decline-assisted-migration-gains-popularity-in-pacific-northwest/article_6fd94866-3334-5e84-bd86-108c49d65b0f.html,ottumwacourier.com,20231229T000000Z,English,United States
reforestation,silviculture,"As tree species face decline ,  assisted migration  gains popularity in Pacific Northwest",https://ktvz.com/news/ap-oregon-northwest/2023/12/28/as-tree-species-face-decline-assisted-migration-gains-popularity-in-pacific-northwest/,ktvz.com,20231228T230000Z,English,United States
reforestation,silviculture,"As tree species face decline ,  assisted migration  gains popularity in Pacific Northwest",https://nbc16.com/newsletter-daily/as-tree-species-face-decline-assisted-migration-gains-popularity-in-pacific-northwest-puget-sound-portland-oregon-washington-state-united-states-forest-service-forests-trees-redwoods-cedar-conservancy-climate-crisis,nbc16.com,20231228T224500Z,English,United States
reforestation,silviculture,"The Skanner News - As Tree Species Face Decline ,  Assisted Migration  Gains Popularity in Pacific Northwest",https://www.theskanner.com/news/northwest/35457-as-tree-species-face-decline-assisted-migration-gains-popularity-in-pacific-northwest,theskanner.com,20231228T204500Z,English,United States
reforestation,silviculture,"As tree species face decline ,  assisted migration  gains popularity in Pacific Northwest | Regional",https://www.kdrv.com/news/regional/as-tree-species-face-decline-assisted-migration-gains-popularity-in-pacific-northwest/article_d1403fd0-5be6-56cf-9ea5-67a1d6569d89.html,kdrv.com,20231228T201500Z,English,United States
reforestation,silviculture,"As tree species face decline ,  assisted migration  gains popularity in Pacific Northwest | U . S .",https://www.gjsentinel.com/news/us/as-tree-species-face-decline-assisted-migration-gains-popularity-in-pacific-northwest/article_77f5dc8e-df6a-5f65-b15a-8abdf52ef4ce.html,gjsentinel.com,20231228T201500Z,English,United States
reforestation,silviculture,"As tree species face decline ,  assisted migration  gains popularity in Pacific Northwest",https://kvia.com/environment/2023/12/28/as-tree-species-face-decline-assisted-migration-gains-popularity-in-pacific-northwest/,kvia.com,20231228T193000Z,English,United States
reforestation,silviculture,"As tree species face decline ,  assisted migration  gains popularity in Pacific Northwest",https://www.wdio.com/front-page/world-national/as-tree-species-face-decline-assisted-migration-gains-popularity-in-pacific-northwest/,wdio.com,20231228T184500Z,English,United States
reforestation,silviculture,"As tree species face decline ,  assisted migration  gains popularity in Pacific Northwest",https://lasvegassun.com/news/2023/dec/28/as-tree-species-face-decline-assisted-migration-ga/,lasvegassun.com,20231228T184500Z,English,United States
reforestation,silviculture,"As tree species face decline ,  assisted migration  gains popularity in Pacific Northwest – The Durango Herald",https://www.durangoherald.com/articles/as-tree-species-face-decline-assisted-migration-gains-popularity-in-pacific-northwest/,durangoherald.com,20231228T180000Z,English,United States
reforestation,silviculture,"As tree species face decline ,  assisted migration  gains popularity in Pacific Northwest | National",https://www.smdailyjournal.com/news/national/as-tree-species-face-decline-assisted-migration-gains-popularity-in-pacific-northwest/article_f8085e2a-1f04-5a70-98dd-bcf19f43cdcf.html,smdailyjournal.com,20231228T180000Z,English,United States
reforestation,silviculture,"As tree species face decline ,  assisted migration  gains popularity in Pacific Northwest",https://www.chron.com/news/article/as-tree-species-face-decline-assisted-18578222.php,chron.com,20231228T174500Z,English,United States
reforestation,silviculture,"As tree species face decline ,  assisted migration  gains popularity in Pacific Northwest | Nation",https://www.yakimaherald.com/news/nation_and_world/nation/as-tree-species-face-decline-assisted-migration-gains-popularity-in-pacific-northwest/article_b0ec89bd-9cdf-51f1-8c27-6b405c1f2b82.html,yakimaherald.com,20231228T173000Z,English,United States
reforestation,silviculture,"As tree species face decline ,  assisted migration  gains popularity in Pacific Northwest | Northwest",https://www.union-bulletin.com/news/northwest/as-tree-species-face-decline-assisted-migration-gains-popularity-in-pacific-northwest/article_e202073f-65a0-5cc5-86be-ec748b5687c4.html,union-bulletin.com,20231228T170000Z,English,United States
reforestation,silviculture,"As tree species face decline ,  assisted migration  gains popularity in Pacific Northwest",https://www.sandiegouniontribune.com/news/nation-world/story/2023-12-28/as-tree-species-face-decline-assisted-migration-gains-popularity-in-pacific-northwest,sandiegouniontribune.com,20231228T170000Z,English,United States
reforestation,silviculture,"As tree species face decline ,  assisted migration  gains popularity in Pacific Northwest",https://abcnews.go.com/Technology/wireStory/tree-species-face-decline-assisted-migration-gains-popularity-105968154,abcnews.go.com,20231228T170000Z,English,United States
reforestation,silviculture,"As tree species face decline ,  assisted migration  gains popularity in Pacific Northwest | Nation & World",https://www.meridianstar.com/news/nation_and_world/as-tree-species-face-decline-assisted-migration-gains-popularity-in-pacific-northwest/article_fabbdfb7-4fcd-57b7-ba59-3c7f17c8324f.html,meridianstar.com,20231228T170000Z,English,United States
reforestation,silviculture,"As tree species face decline ,  assisted migration  gains popularity in Pacific Northwest | State and Regional",https://santamariatimes.com/news/state-and-regional/as-tree-species-face-decline-assisted-migration-gains-popularity-in-pacific-northwest/article_880c78ad-2029-51d7-aa99-cebdc1f675df.html,santamariatimes.com,20231228T170000Z,English,United States
reforestation,silviculture,Accumulation - Laila Seewang - Narratives of Sequestration,https://www.e-flux.com/architecture/accumulation/579529/narratives-of-sequestration/,e-flux.com,20231208T121500Z,English,United States
reforestation,silviculture,Open house highlights LaCroix landscape,"http://www.timberjay.com/stories/open-house-highlights-lacroix-landscape,20922",timberjay.com,20231207T044500Z,English,United States
reforestation,silviculture,Glenville State Forestry & Wildlife students getting hands - on experience,https://www.wvnews.com/theet/theet/news/local/glenville-state-forestry-wildlife-students-getting-hands-on-experience/article_6f3cadc6-92e4-11ee-b7bc-27cddcb8b27f.html,wvnews.com,20231204T211500Z,English,United States
reforestation,silviculture,"Can we make Vermont forests more like old forests , faster ?",https://www.nhpr.org/2023-12-04/can-we-make-vermonts-forests-seem-older-faster,nhpr.org,20231204T164500Z,English,United States
reforestation,silviculture,"Capabilities & Insights Senior Analyst , Forestry - Sustainable Business",https://www.sustainablebusiness.com/job/capabilities-insights-senior-analyst-forestry/,sustainablebusiness.com,20240126T114500Z,English,United States
reforestation,silviculture,Novel methodology projects growth of native t,https://www.eurekalert.org:443/news-releases/1031850,eurekalert.org,20240119T211500Z,English,United States
reforestation,silviculture,"Novel methodology projects growth of native trees , enhancing return on investment in forest restoration",https://www.newswise.com/articles/novel-methodology-projects-growth-of-native-trees-enhancing-return-on-investment-in-forest-restoration/?ad2f=1&aid=805561,newswise.com,20240119T201500Z,English,United States
reforestation,silviculture,"Commissioner of Agriculture Wilton Simpson , Legislative Leaders Launch Hurricane Idalia Recovery Programs for Florida Farmers",https://southeastagnet.com/2024/01/16/commissioner-agriculture-wilton-simpson-legislative-leaders-launch-hurricane-idalia-recovery-programs-florida-farmers/,southeastagnet.com,20240117T010000Z,English,United States
reforestation,silviculture,Timber Industry Found at Center of Proposal to Shift Wildfire Protection to Public Expense,https://www.corvallisadvocate.com/2024/timber-industry-found-at-center-of-proposal-to-shift-wildfire-protection-to-public-expense/,corvallisadvocate.com,20240112T014500Z,English,United States
reforestation,silviculture,This forestry practice makes ugly scenery on Maine hiking trails,https://www.bangordailynews.com/2024/02/24/outdoors/forestry-practice-ugly-scenery-maine-hiking-trails-joam40zk0w/,bangordailynews.com,20240224T073000Z,English,United States
reforestation,silviculture,UMN St . Paul campus adapts to unusual winter,https://mndaily.com/282036/campus-administration/umn-st-paul-campus-adapts-to-unusual-winter/,mndaily.com,20240224T053000Z,English,United States
reforestation,silviculture,"Greenfield Recorder - Management role : Forestry experts explain efforts to bolster forest health , climate resilience",https://www.recorder.com/Forests-are-not-just-a-climate-solution-54145228,recorder.com,20240222T210000Z,English,United States
reforestation,silviculture,"Athol Daily News - Management role : Forestry experts explain efforts to bolster forest health , climate resilience",https://www.atholdailynews.com/Forests-are-not-just-a-climate-solution-54112753,atholdailynews.com,20240222T021500Z,English,United States
reforestation,silviculture,"Athol Daily News - Management role : Forestry experts explain efforts to bolster forest health , climate resilience",https://atholdailynews.com/Forests-are-not-just-a-climate-solution-54112753,atholdailynews.com,20240221T233000Z,English,United States
reforestation,silviculture,Examining A Century Of Change In A New York City Urban Forest,https://www.eurasiareview.com/21022024-examining-a-century-of-change-in-a-new-york-city-urban-forest/,eurasiareview.com,20240220T234500Z,English,United States
reforestation,silviculture,"Daily Hampshire Gazette - Management role : Forestry experts explain efforts to bolster forest health , climate resilience",https://gazettenet.com/Forests-are-not-just-a-climate-solution-53748741,gazettenet.com,20240220T070000Z,English,United States
reforestation,silviculture,WSU Extension Hosts Forest Owners Winter School,https://kpq.com/ixp/1144/p/forest-owners-winter-school/,kpq.com,20240215T044500Z,English,United States
reforestation,silviculture,WSU Extension Hosts Forest Owners Winter School,https://newstalkkit.com/ixp/1144/p/forest-owners-winter-school/,newstalkkit.com,20240215T003000Z,English,United States
reforestation,silviculture,"At Harvard Graduate School of Design , Forest Futures sees the trees",https://www.bostonglobe.com/2024/02/14/arts/forest-futures-harvard-graduate-school-of-design-photography/,bostonglobe.com,20240214T173000Z,English,United States
reforestation,silviculture,12 . 5 trees dead after Mississippi drought - Magnolia State Live,https://www.magnoliastatelive.com/2024/02/13/12-5-trees-dead-after-mississippi-drought/,magnoliastatelive.com,20240214T034500Z,English,United States
reforestation,silviculture,Branching out : The Sustainable Forest Education Cooperative,https://mndaily.com/281633/campus-administration/branching-out-the-sustainable-forest-education-cooperative/,mndaily.com,20240210T021500Z,English,United States
reforestation,silviculture,Eco Talk : Appreciating New York woodlands,https://auburnpub.com/life-entertainment/eco-talk-appreciating-new-yorks-woodlands/article_3abd0f50-c6a6-11ee-af66-f3ecc392c983.html,auburnpub.com,20240209T134500Z,English,United States
reforestation,silviculture,ECOVIEWS : Venus flytraps are deadly,https://www.postandcourier.com/aikenstandard/aikenstandard/lifestyle/ecoviews-venus-flytraps-are-deadly/article_714916ae-c07f-11ee-9be3-93e06b66ecef.html,postandcourier.com,20240203T031500Z,English,United States
reforestation,silviculture,"Forest Operations Research Scientist in Seattle , WA for Weyerhaeuser",https://careercenter.informs.org/jobs/rss/19931236/forest-operations-research-scientist,careercenter.informs.org,20240328T224500Z,English,United States
reforestation,silviculture,"OECS Strengthens Regional Capacity in Forests , Parks and Wildlife Management",https://grenadachronicle.com/oecs-strengthens-regional-capacity-in-forests-parks-and-wildlife-management/,grenadachronicle.com,20240328T070000Z,English,United States
reforestation,silviculture,Conservation and wildlife management in Eagle County is a team effort,https://www.vaildaily.com/news/among-government-agencies-conservation-and-wildlife-management-in-eagle-county-is-a-team-effort/,vaildaily.com,20240326T220000Z,English,United States
reforestation,silviculture,Natural Resources : Forest Foundations - Georgia Magazine,https://news.uga.edu/natural-resources-forest-foundations/,news.uga.edu,20240322T140000Z,English,United States
reforestation,silviculture,Climate change threatens resilience of Sri Lankan rainforests,https://phys.org/news/2024-03-climate-threatens-resilience-sri-lankan.html,phys.org,20240320T180000Z,English,United States
reforestation,silviculture,Acadian Timber Corp . Announces Timberland Acquisition,https://www.streetinsider.com/Globe+Newswire/Acadian+Timber+Corp.+Announces+Timberland+Acquisition/22934013.html,streetinsider.com,20240314T213000Z,English,United States
reforestation,silviculture,Moving Trees North Could Save Forests from a Changing Climate,https://www.scientificamerican.com/article/moving-trees-north-could-save-forests-from-a-changing-climate/,scientificamerican.com,20240313T173000Z,English,United States
reforestation,silviculture,Maximizing Pine Plantation Productivity : The Impact of Harvest Debris Removal – ictsd . org,https://www.ictsd.org/maximizing-pine-plantation-productivity-the-impact-of-harvest-debris-removal/,ictsd.org,20240310T101500Z,English,United States
reforestation,silviculture,Preparing Urban Leaders for Climate Challenges,https://environment.yale.edu/news/article/preparing-urban-leaders-climate-challenges,environment.yale.edu,20240306T000000Z,English,United States
reforestation,silviculture,Bailey discusses prescribed fire burns in fire management presentation,https://www.nrtoday.com/news/environment/bailey-discusses-prescribed-fire-burns-in-fire-management-presentation/article_708af21a-d794-11ee-9785-d34724342ff3.html,nrtoday.com,20240303T000000Z,English,United States
reforestation,silviculture,"Even the wetter forests of WA could see more wildfire , study shows",https://www.spokesman.com/stories/2024/mar/01/even-the-wetter-forests-of-wa-could-see-more-wildf/,spokesman.com,20240302T014500Z,English,United States
reforestation,silviculture,Inyo National Forest Proposes New Permit Program for Christmas Trees,https://www.kibskbov.com/2024/05/inyo-national-forest-proposes-new-permit-program-for-christmas-trees/,kibskbov.com,20240501T221500Z,English,United States
reforestation,silviculture,Inyo National Forest proposes new permit program for Christmas Trees,https://sierrawave.net/inyo-national-forest-proposes-new-permit-program-for-christmas-trees/,sierrawave.net,20240430T061500Z,English,United States
reforestation,silviculture,"Project Teal Bid Event Includes 115 , 250 Acres of Timberland",https://landreport.com/project-teal-rayonier-timberland-olympic-peninsula,landreport.com,20240429T220000Z,English,United States
reforestation,silviculture,Camp Canopy releases 2024 schedule – Ohio Ag Net | Ohio Country Journal,https://ocj.com/2024/04/camp-canopy-releases-2024-schedule/,ocj.com,20240428T200000Z,English,United States
reforestation,silviculture,"Arboriculture | Tree Care , Pruning & Planting Techniques",https://www.britannica.com/science/arboriculture,britannica.com,20240426T061500Z,English,United States
reforestation,silviculture,Jaime Herrera Beutler makes stop in Chehalis in bid for public lands commissioner,"https://www.chronline.com/stories/jaime-herrera-beutler-makes-stop-in-chehalis-in-bid-for-public-lands-commissioner,339100",chronline.com,20240425T001500Z,English,United States
reforestation,silviculture,"Northern Virginia , as part of regional approach , adopts goal of maintaining 50 % tree canopy",https://www.insidenova.com/news/state/northern-virginia-as-part-of-regional-approach-adopts-goal-of-maintaining-50-tree-canopy/article_d7ab90f4-21ff-581d-99cc-c2e4b86f9518.html,insidenova.com,20240420T164500Z,English,United States
reforestation,silviculture,Holmen Selects Trimble Connected Forest Management System,https://www.tmcnet.com/usubmit/2024/04/16/9994651.htm,tmcnet.com,20240416T113000Z,English,United States
reforestation,silviculture,Framework for Resilient Communities,https://www.resilience.org/stories/2024-04-12/framework-for-resilient-communities/,resilience.org,20240412T121500Z,English,United States
reforestation,silviculture,Valley STUwards : Stuart Hall students to aid pollinators with garden in downtown Staunton,https://augustafreepress.com/news/valley-stuwards-stuart-hall-students-to-aid-pollinators-with-garden-in-downtown-staunton/,augustafreepress.com,20240410T030000Z,English,United States
reforestation,silviculture,Capitol Fax . com - Your Illinois News Radar » It just a bill,https://capitolfax.com/2024/04/08/it%E2%80%99s-just-a-bill-135/,capitolfax.com,20240408T181500Z,English,United States
reforestation,silviculture,"Concord Monitor - Opinion : For foresters , biologists , and lovers of science , maintain the Bartlett Experimental Forest",https://concordmonitor.com/My-Turn-NH-s-sustainable-forestry-rooted-in-Bartlett-Experimental-Forest-research-54592965,concordmonitor.com,20240406T130000Z,English,United States
reforestation,silviculture,"NWTF and Partners Plant Over 53 , 000 Trees on the Shawnee National Forest",https://www.wsiu.org/community-updates/2024-04-04/nwtf-and-partners-plant-over-53-000-trees-on-the-shawnee-national-forest,wsiu.org,20240404T193000Z,English,United States
reforestation,silviculture,Of Local Interest,"https://neshobademocrat.com/stories/of-local-interest,117374",neshobademocrat.com,20240404T011500Z,English,United States
reforestation,silviculture,"Letter : Help conserve vanishing Hoosier , US old - growth forests",https://www.therepublic.com/2024/06/29/letter-help-conserve-vanishing-hoosier-us-old-growth-forests/,therepublic.com,20240629T083000Z,English,United States
reforestation,silviculture,Maine town residents call for moratorium over Worcester Holding pesticide spraying,https://www.bangordailynews.com/2024/06/24/down-east/downeast-environment/maine-aerial-pesticide-spraying-worcester-resources-conservation-groups/,bangordailynews.com,20240624T164500Z,English,United States
reforestation,silviculture,"As Worcester Holdings sprays pines with pesticide , Addison residents call for moratorium",https://www.sunjournal.com/2024/06/23/as-worcester-holdings-sprays-pines-with-pesticide-addison-residents-call-for-moratorium/,sunjournal.com,20240624T040000Z,English,United States
reforestation,silviculture,Latin American Cattle Block Road To Paris Goals,https://www.eurasiareview.com/24062024-latin-american-cattle-block-road-to-paris-goals/,eurasiareview.com,20240624T023000Z,English,United States
reforestation,silviculture,Latin American cattle block road to Paris goals,https://phys.org/news/2024-06-latin-american-cattle-block-road.html,phys.org,20240621T180000Z,English,United States
reforestation,silviculture,The Congaree Biosphere Region - Columbia Star,https://www.thecolumbiastar.com/articles/the-congaree-biosphere-region/,thecolumbiastar.com,20240613T203000Z,English,United States
reforestation,silviculture,Latin American cattle block road to Paris goals,https://www.scidev.net/global/supported-content/latin-american-cattle-block-road-to-paris-goals/,scidev.net,20240613T094500Z,English,United States
reforestation,silviculture,Stand Density Index | Mississippi State University Extension Service,http://extension.msstate.edu/publications/stand-density-index,extension.msstate.edu,20240611T010000Z,English,United States
reforestation,silviculture,Learn How to Identify Trees at This Free Class in Texarkana,https://kygl.com/ixp/152/p/learn-how-to-identify-trees-at-this-free-class-in-texarkana/,kygl.com,20240610T160000Z,English,United States
reforestation,silviculture,New regional forester for Rocky Mountain Region,https://www.montrosepress.com/free_access/new-regional-forester-for-rocky-mountain-region/article_d37f644c-2397-11ef-8caa-8307a7fcec39.html,montrosepress.com,20240607T230000Z,English,United States
reforestation,silviculture,Stream workshop - AG INFORMATION NETWORK OF THE WEST,https://www.aginfo.net/report/59822/Idaho-Ag-Today/Stream-workshop,aginfo.net,20240603T081500Z,English,United States
reforestation,silviculture,"In Memoriam : William R . Burch Jr ., Frederick C . Hixon Professor Emeritus of Natural Resources Management",https://environment.yale.edu/news/article/memoriam-william-r-burch-jr-frederick-c-hixon-professor-emeritus-natural-resources,environment.yale.edu,20240801T203000Z,English,United States
reforestation,silviculture,NCW farmers apply for compost reimbursement in state program 2nd year,https://www.wenatcheeworld.com/business/ncw-farmers-apply-for-compost-reimbursement-in-state-programs-2nd-year/article_092df016-4f7d-11ef-9528-b7c4b303ee85.html,wenatcheeworld.com,20240801T201500Z,English,United States
reforestation,silviculture,RIFCO Summer Twilight Woods Walk,https://ecori.org/event/rifco-summer-twilight-woods-walk/,ecori.org,20240730T160000Z,English,United States
reforestation,silviculture,Forestry Fire Experts Assist in Canada,https://www.miragenews.com/forestry-fire-experts-assist-in-canada-1279262/,miragenews.com,20240719T093000Z,English,United States
reforestation,silviculture,Longleaf one reason to burn - Daily Leader,https://www.dailyleader.com/2024/07/17/longleaf-one-reason-to-burn/,dailyleader.com,20240717T144500Z,English,United States
reforestation,silviculture,Yamaha Motor Launches Mangrove Planting Project in Indonesia,https://www.eagletribune.com/region/yamaha-motor-launches-mangrove-planting-project-in-indonesia/article_85378643-e1c3-554d-bdf2-89f4f0484da0.html,eagletribune.com,20240716T170000Z,English,United States
reforestation,silviculture,Washington state will soon elect a new lands commissioner in the midst of a climate crisis . Here who running for office .,https://www.spokesman.com/stories/2024/jul/15/washington-state-will-soon-elect-a-new-lands-commi/,spokesman.com,20240715T080000Z,English,United States
reforestation,silviculture,Pilot program will pay Maine big forest owners to increase carbon storage,https://www.centralmaine.com/2024/07/11/pilot-program-will-pay-maines-big-forest-owners-to-increase-carbon-storage/,centralmaine.com,20240711T160000Z,English,United States
reforestation,silviculture,Five industrial PhD students to the Research School in Future Silviculture job with Swedish University of Agricultural Sciences,https://www.nature.com/naturecareers/job/12820213/five-industrial-phd-students-to-the-research-school-in-future-silviculture/,nature.com,20240711T143000Z,English,United States
reforestation,silviculture,Evolution history dominantly regulates fine r,https://www.eurekalert.org/news-releases/1049987,eurekalert.org,20240702T034500Z,English,United States
reforestation,silviculture,Exclusive : America First Carbon Positive Hotel To Officially Open In Denver This September,https://www.forbes.com/sites/lauraannaparker/2024/08/22/exclusive-americas-first-carbon-positive-hotel-to-officially-open-in-denver-this-september/,forbes.com,20240823T021500Z,English,United States
reforestation,silviculture,Herbicide Options for Loblolly Pine Management | Mississippi State University Extension Service,http://extension.msstate.edu/publications/herbicide-options-for-loblolly-pine-management,extension.msstate.edu,20240821T170000Z,English,United States
reforestation,silviculture,Herbicide Options for Management of Longleaf Pine | Mississippi State University Extension Service,http://extension.msstate.edu/publications/herbicide-options-for-management-longleaf-pine,extension.msstate.edu,20240820T223000Z,English,United States
reforestation,silviculture,"Roach - Bauer Forestry Forum to mark 40 years of research , education and application",https://www.bradfordera.com/news/roach-bauer-forestry-forum-to-mark-40-years-of-research-education-and-application/article_4225d236-5e3b-11ef-9062-2fa22633732b.html,bradfordera.com,20240819T153000Z,English,United States
reforestation,silviculture,The Right to Farm Act,https://www.itemonline.com/news/the-right-to-farm-act/article_167f34ae-5bd6-11ef-9dff-9b85abdbcffe.html,itemonline.com,20240817T183000Z,English,United States
reforestation,silviculture,Suzano Ventures makes strategic investment in BemAgro,https://www.pulpapernews.com/20240816/15933/suzano-ventures-makes-strategic-investment-bemagro,pulpapernews.com,20240816T083000Z,English,United States
reforestation,silviculture,Texas A & M Forest Service forester receives national Smokey Bear award,https://www.therecordlive.com/story/2024/08/14/news/texas-aandm-forest-service-forester-receives-national-smokey-bear-award/35531.html,therecordlive.com,20240814T020000Z,English,United States
reforestation,silviculture,What causing Oregon severe wildfire season,https://www.kgw.com/article/tech/science/environment/oregon-wildfire-fire-season-cause-human-climate-change-forest-management/283-ad30ed8f-30c3-43b5-a36b-681f388fe9c2,kgw.com,20240802T043000Z,English,United States
reforestation,silviculture,"In Memoriam : William R . Burch Jr ., Frederick C . Hixon Professor Emeritus of Natural Resources Management",https://environment.yale.edu/news/article/memoriam-william-r-burch-jr-frederick-c-hixon-professor-emeritus-natural-resources,environment.yale.edu,20240801T203000Z,English,United States
reforestation,silviculture,NCW farmers apply for compost reimbursement in state program 2nd year,https://www.wenatcheeworld.com/business/ncw-farmers-apply-for-compost-reimbursement-in-state-programs-2nd-year/article_092df016-4f7d-11ef-9528-b7c4b303ee85.html,wenatcheeworld.com,20240801T201500Z,English,United States
reforestation,silviculture,Stabenow : Farmers need hurricane aid,https://www.agriculture.com/stabenow-farmers-need-hurricane-aid-8721023,agriculture.com,20241001T181500Z,English,United States
reforestation,silviculture,"NYT Crossword : answers for Saturday , September 28",https://www.digitaltrends.com/gaming/nyt-crossword-answers-september-28/,digitaltrends.com,20240928T153000Z,English,United States
reforestation,silviculture,Where Fire Back Means Land Back,https://www.resilience.org/stories/2024-09-26/where-fire-back-means-land-back/,resilience.org,20240926T140000Z,English,United States
reforestation,silviculture,"Striped Newt / Citizen Suit Enforcement : Center for Biological Diversity Issued Notice of Intent to Sue U . S . Fish and Wildlife Service for Alleged Endangered Species Act Violations | Mitchell , Williams , Selig , Gates & Woodyard , P . L . L . C ...",https://www.jdsupra.com/legalnews/striped-newt-citizen-suit-enforcement-8973702/,jdsupra.com,20240924T153000Z,English,United States
reforestation,silviculture,Where Fire Back Means Land Back,https://www.yesmagazine.org/environment/2024/09/23/fire-land-oregon-forest-native,yesmagazine.org,20240923T201500Z,English,United States
reforestation,silviculture,Where Fire Back Means Land Back,https://nextcity.org/features/where-fire-back-means-land-back,nextcity.org,20240923T191500Z,English,United States
reforestation,silviculture,"To grow Minnesota future forests , an effort to collect seeds takes root",https://www.mprnews.org/story/2024/09/23/to-grow-minnesotas-future-forests-an-effort-to-collect-seeds-takes-root,mprnews.org,20240923T111500Z,English,United States
reforestation,silviculture,Forestry Shortcourse announced,https://bonnercountydailybee.com/news/2024/sep/22/forestry-shortcourse-announced/,bonnercountydailybee.com,20240922T091500Z,English,United States
reforestation,silviculture,Deadline approaching to attend Roach - Bauer Forestry Forum,https://www.bradfordera.com/news/deadline-approaching-to-attend-roach-bauer-forestry-forum/article_d5529d42-76bd-11ef-b09c-5f50ef7a3497.html,bradfordera.com,20240919T221500Z,English,United States
reforestation,silviculture,Midway Limited Plans Final Dividend of $0 . 16 ( ASX : MWY ),https://www.dailypolitical.com/2024/09/16/midway-limited-plans-final-dividend-of-0-16-asxmwy.html,dailypolitical.com,20240916T161500Z,English,United States
reforestation,silviculture,Family donates 455 acres of land to local conservation society :  Land conservation is critical ... in preventing massive loss of biodiversity,https://www.yahoo.com/news/family-donates-455-acres-land-101506742.html,yahoo.com,20240912T124500Z,English,United States
reforestation,silviculture,New grant launches Whidbey forestry programs | South Whidbey Record,https://www.southwhidbeyrecord.com/life/new-grant-launches-whidbey-forestry-programs/,southwhidbeyrecord.com,20240911T011500Z,English,United States
reforestation,silviculture,New grant launches Whidbey forestry programs | Whidbey News - Times,https://www.whidbeynewstimes.com/life/new-grant-launches-whidbey-forestry-programs/,whidbeynewstimes.com,20240911T000000Z,English,United States
reforestation,silviculture,An ecological history of resilience and rewilding of a tall forest in southern Italy,https://phys.org/news/2024-09-ecological-history-resilience-rewilding-tall.html,phys.org,20240905T144500Z,English,United States
reforestation,silviculture,How To Use a Scythe on Your Property – Mother Earth News,https://www.motherearthnews.com/homesteading-and-livestock/how-you-can-use-a-scythe-zm0z17djzmul/,motherearthnews.com,20240904T061500Z,English,United States
reforestation,silviculture,Boiada Brazilian Grill to open Dec . 6,https://cdapress.com/news/2024/oct/27/bits-boiada-brazilian-grill/,cdapress.com,20241027T090000Z,English,United States
reforestation,silviculture,The negative affects of storms on the Bay Area farmland explained,https://www.fox13news.com/news/negative-affects-storms-bay-areas-farmland-explained,fox13news.com,20241023T224500Z,English,United States
reforestation,silviculture,Science and Spirit in the Forests of Central Honshu,https://arboretum.harvard.edu/stories/science-and-spirit-in-the-forests-of-central-honshu/,arboretum.harvard.edu,20241021T191500Z,English,United States
reforestation,silviculture,"UI Extension hosting tree ID , wreath workshops",https://bonnercountydailybee.com/news/2024/oct/20/ui-extension-hosting-tree-id-wreath-workshops/,bonnercountydailybee.com,20241020T103000Z,English,United States
reforestation,silviculture,UK senior salamander research leads to success outside the classroom,http://uknow.uky.edu/research/uk-senior-s-salamander-research-leads-success-outside-classroom,uknow.uky.edu,20241015T081500Z,English,United States
reforestation,silviculture,Michigan Tech University juniors live and learn in the outdoors at Fall Camp program,https://www.uppermichiganssource.com/2024/10/08/michigan-tech-university-juniors-live-learn-outdoors-fall-camp-program/,uppermichiganssource.com,20241009T023000Z,English,United States
reforestation,silviculture,UF - led study connects Florida to the Smithsonian Forest Global Earth Observatory,https://blogs.ifas.ufl.edu/news/2021/04/09/uf-led-study-connects-florida-to-the-smithsonians-forest-global-earth-observatory/,blogs.ifas.ufl.edu,20241004T163000Z,English,United States
reforestation,silviculture,Stabenow : Farmers need hurricane aid,https://www.agriculture.com/stabenow-farmers-need-hurricane-aid-8721023,agriculture.com,20241001T181500Z,English,United States
reforestation,silviculture,Project Pinecone aims to recover Idaho forests after Wapiti Fire | State News,https://www.postregister.com/news/state/project-pinecone-aims-to-recover-idaho-s-forests-after-wapiti-fire/article_f5f72bdd-e0fa-5529-b7df-4030fba77206.html,postregister.com,20241225T020000Z,English,United States
reforestation,silviculture,"U . S Fish and Wildlife Service Proposes to List the Monarch Butterfly as Threatened , Seeks Comments on Developing a Final Rule | Stoel Rives - Environmental Law Blog",https://www.jdsupra.com/legalnews/u-s-fish-and-wildlife-service-proposes-5708834/,jdsupra.com,20241218T174500Z,English,United States
reforestation,silviculture,Protections Proposed for Monarch Butterfly | Nossaman LLP,https://www.jdsupra.com/legalnews/protections-proposed-for-monarch-7511991/,jdsupra.com,20241212T050000Z,English,United States
reforestation,silviculture,Suzano signs long - term deal with Marvin following successful validation of forestry sector AI geospatial intelligence capabilities,https://www.webwire.com/ViewPressRel.asp?aId=333406,webwire.com,20250131T180000Z,English,United States
reforestation,silviculture,"YSE Celebrates 125 Years of Leadership , Innovation , and Impact",https://environment.yale.edu/news/article/yse-celebrates-125-years-leadership-innovation-and-impact,environment.yale.edu,20250128T174500Z,English,United States
reforestation,silviculture,Global Forestry Knowledge Exchange Program Launched,https://www.miragenews.com/global-forestry-knowledge-exchange-program-1396422/,miragenews.com,20250124T040000Z,English,United States
reforestation,silviculture,Resource Advisory Committee seeking new members,https://vp-mi.com/news/2025/jan/22/resource-advisory-committee-seeking-new-members/,vp-mi.com,20250122T114500Z,English,United States
reforestation,silviculture,Scientists are predicting the future to save the forests . Here how,https://www.wrvo.org/2025-01-21/scientists-are-predicting-the-future-to-save-the-forests-heres-how,wrvo.org,20250121T173000Z,English,United States
reforestation,silviculture,Crawford County forester honored for conservation efforts,https://www.yahoo.com/news/crawford-county-forester-honored-conservation-045900613.html,yahoo.com,20250111T151500Z,English,United States
reforestation,silviculture,Professor ( full tenure ) in silviculture with focus on silvicultural systems job with Swedish University of Agricultural Sciences,https://www.nature.com/naturecareers/job/12837410/professor-full-tenure-in-silviculture-with-focus-on-silvicultural-systems/,nature.com,20250301T144500Z,English,United States
reforestation,silviculture,Federal funding cuts are crushing California small mountain towns,https://www.kcra.com/article/federal-funding-cuts-california-mountain-towns/63874453,kcra.com,20250222T003000Z,English,United States
reforestation,silviculture,Mass Forest Service firings provoke community backlash in an Idaho resort town,https://www.kuer.org/politics-government/2025-02-21/mass-forest-service-firings-provoke-community-backlash-in-an-idaho-resort-town,kuer.org,20250221T104500Z,English,United States
reforestation,silviculture,Registrations due Feb . 25 for one - day workshops for loggers,https://cdapress.com/news/2025/feb/20/registrations-due-feb-25-for-1-day-workshops-for-loggers/,cdapress.com,20250220T114500Z,English,United States
reforestation,silviculture,"In an Idaho mountain town , mass firings provoke a community backlash",https://www.ksut.org/2025-02-19/federal-layoffs-trump-administration-mccall-idaho-forest-service-wildfire,ksut.org,20250220T053000Z,English,United States
reforestation,silviculture,"In an Idaho mountain town , mass firings provoke a community backlash",https://www.boisestatepublicradio.org/politics-government/2025-02-19/federal-layoffs-trump-administration-mccall-idaho-forest-service-wildfire,boisestatepublicradio.org,20250220T050000Z,English,United States
reforestation,silviculture,"In an Idaho mountain town , mass firings provoke a community backlash",https://knpr.org/2025-02-19/federal-layoffs-trump-administration-mccall-idaho-forest-service-wildfire,knpr.org,20250220T050000Z,English,United States
reforestation,silviculture,"In an Idaho mountain town , mass firings provoke a community backlash",https://www.kanw.com/2025-02-19/federal-layoffs-trump-administration-mccall-idaho-forest-service-wildfire,kanw.com,20250220T044500Z,English,United States
reforestation,silviculture,"In an Idaho mountain town , mass firings provoke a community backlash",https://www.aspenpublicradio.org/2025-02-19/federal-layoffs-trump-administration-mccall-idaho-forest-service-wildfire,aspenpublicradio.org,20250220T044500Z,English,United States
reforestation,silviculture,"In an Idaho mountain town , mass firings provoke a community backlash",https://www.kunr.org/2025-02-19/federal-layoffs-trump-administration-mccall-idaho-forest-service-wildfire,kunr.org,20250220T031500Z,English,United States
reforestation,silviculture,"FAO Secures Green Climate Fund for Kenya , Serbia Projects",https://www.miragenews.com/fao-secures-green-climate-fund-for-kenya-serbia-1410358/,miragenews.com,20250218T094500Z,English,United States
reforestation,silviculture,Cant be quiet : Recently fired Forest Service workers among hundreds who rally Monday in Sonora | News,https://www.uniondemocrat.com/news/article_06a145d8-ed9c-11ef-904f-6bfdfc777c01.html,uniondemocrat.com,20250218T033000Z,English,United States
reforestation,silviculture,Using the  Magic  of LiDAR to Map Maine Old - Growth Forests,https://insideclimatenews.org/news/08022025/mapping-maine-old-growth-forests/,insideclimatenews.org,20250208T113000Z,English,United States
reforestation,silviculture,25 years of conservation education at Hawaiʻi CC | University of Hawaiʻi System News,https://www.hawaii.edu/news/2025/02/02/25-years-of-conservation-education/,hawaii.edu,20250202T211500Z,English,United States
reforestation,silviculture,Farm Program Changes in Reconciliation - AG INFORMATION NETWORK OF THE WEST,https://www.aginfo.net/report/62568/19/Farm-Program-Changes-in-Reconciliation,aginfo.net,20250522T073000Z,English,United States
reforestation,silviculture,Acadian Timber Corp . Reports First Quarter Results,https://forextv.com/acadian-timber-corp-reports-first-quarter-results/,forextv.com,20250507T221500Z,English,United States
reforestation,silviculture,When the dust settles : Colorado stakeholders watch for major changes in national forests,https://gazette.com/news/when-the-dust-settles-colorado-stakeholders-watch-for-major-changes-in-national-forests/article_8f6f00aa-de39-57eb-baec-fc712799f15e.html,gazette.com,20250503T021500Z,English,United States
reforestation,silviculture,Why An All - Electric Forestry Supply Chain Matters for CLT Carbon Balance,https://cleantechnica.com/2025/08/28/why-an-all-electric-forestry-supply-chain-matters-for-clts-carbon-balance/,cleantechnica.com,20250828T203000Z,English,United States
reforestation,silviculture,Forging New Path For Forestry Safety,https://www.miragenews.com/forging-new-path-for-forestry-safety-1521203/,miragenews.com,20250826T034500Z,English,United States
reforestation,silviculture,"James E . Coufal , 87 – Eagle News Online",https://eaglenewsonline.com/new/obituaries/2025/08/22/james-e-coufal-87/,eaglenewsonline.com,20250823T031500Z,English,United States
reforestation,silviculture,NH launches first - of - its - kind forestry certification to grow workforce,https://www.nhbr.com/nh-launches-first-of-its-kind-forestry-certification-to-grow-workforce/,nhbr.com,20250822T140000Z,English,United States
reforestation,silviculture,Bald Mountain forest restoration moves to Olympic area,https://www.mtexpress.com/news/environment/bald-mountain-forest-restoration-moves-to-olympic-area/article_ac233314-5f45-4326-be72-06c574ca46ec.html,mtexpress.com,20250822T113000Z,English,United States
reforestation,silviculture,"A Vermont Forest Tries a New Model of Growth , Diversity and Logging",https://insideclimatenews.org/news/14082025/vermont-green-mountain-forest-old-growth-logging/,insideclimatenews.org,20250814T093000Z,English,United States
reforestation,silviculture,Man hand in nature : Forest Service passes controversial logging in Green Mountain National Forest,https://vermontbiz.com/news/2025/august/08/mans-hand-nature-forest-service-passes-controversial-logging-green-mountain,vermontbiz.com,20250808T211500Z,English,United States
reforestation,silviculture,Mapping microbiomes across the food system to restore health,https://www.news-medical.net/news/20250801/Mapping-microbiomes-across-the-food-system-to-restore-health.aspx,news-medical.net,20250802T070000Z,English,United States
reforestation,silviculture,Approved RV campground in St . Johns County to be discussed at commission meeting,https://www.news4jax.com/news/local/2025/08/01/approved-rv-campground-in-st-johns-county-to-be-discussed-at-commission-meeting/,news4jax.com,20250801T223000Z,English,United States
reforestation,silviculture,Valley News -  Man hand in nature : Forest Service passes controversial logging in Green Mountain National Forest,https://www.vnews.com/-Man-s-hand-in-nature-Forest-Service-passes-controversial-logging-in-Green-Mountain-National-Forest-62715389,vnews.com,20250801T180000Z,English,United States
reforestation,silviculture,Nanjing Forestry University Recruits Metasequoia Scholars and Metasequoia Talents Worldwide job with Nanjing Forestry University ( NFU ),https://www.nature.com/naturecareers/job/12842001/nanjing-forestry-university-recruits-metasequoia-scholars-and-metasequoia-talents-worldwide/,nature.com,20250929T043000Z,English,United States
reforestation,silviculture,Forester Michael Gagnon to lead forest management workshop in Bennington,https://ledgertranscript.com/2025/09/24/forestry-101-bennington-conservation/,ledgertranscript.com,20250924T210000Z,English,United States
reforestation,silviculture,Palouse Audubon Society Presents Research on Forest Bird Populations at 1912 Center,https://pullmanradio.com/palouse-audubon-society-presents-research-on-forest-bird-populations-at-1912-center/,pullmanradio.com,20250917T043000Z,English,United States
reforestation,silviculture,Robert Root Dudley,https://www.dnews.com/obituaries/robert-root-dudley-20370141,dnews.com,20250913T113000Z,English,United States
reforestation,silviculture,Robert Root Dudley,https://www.lmtribune.com/obituaries/robert-root-dudley-20370139,lmtribune.com,20250913T080000Z,English,United States
reforestation,silviculture,White oak genome reveals genetic markers for climate adaptability and pest resistance,https://phys.org/news/2025-10-white-oak-genome-reveals-genetic.html,phys.org,20251026T200000Z,English,United States
reforestation,silviculture,Lincoln County Natural Resource Tour,https://www.thenewsguard.com/news/lincoln-county-natural-resource-tour/article_cda7707b-15a6-46f5-ac3e-d6ff7939999d.html,thenewsguard.com,20251026T030000Z,English,United States
reforestation,silviculture,"Happy forests , happy you : The role of silviculture in woodland stewardship",https://www.nrtoday.com/life/happy-forests-happy-you-the-role-of-silviculture-in-woodland-stewardship/article_3715ec4c-3e8f-4499-a708-06488459e585.html,nrtoday.com,20251024T211500Z,English,United States
reforestation,silviculture,"Spartan Bus Tour visits local MSU forestry center | News , Sports , Jobs",https://www.dailypress.net/news/local-news/2025/10/spartan-bus-tour-visits-local-msu-forestry-center/,dailypress.net,20251021T084500Z,English,United States
reforestation,silviculture,Spartan Bus Tour highlights MSU Upper Peninsula partnerships  | MSUToday,https://msutoday.msu.edu/news/2025/10/spartan-bus-tour-upper-peninsula,msutoday.msu.edu,20251017T223000Z,English,United States
reforestation,silviculture,University of Idaho launches Forest Innovations Institute,https://idahobusinessreview.com/2025/10/16/forest-innovations-institute-idaho-forestry-research/,idahobusinessreview.com,20251016T171500Z,English,United States
reforestation,silviculture,"Tate High , Beulah Middle , Beulah Academy Place In District 1 FFA Forestry Event : NorthEscambia . com",http://www.northescambia.com/2025/10/tate-high-beulah-middle-beulah-academy-place-in-district-1-ffa-forestry-event,northescambia.com,20251016T103000Z,English,United States
reforestation,silviculture,University of Idaho Launches Forest Innovations Institute for Forestry Research,https://pullmanradio.com/university-of-idaho-launches-forest-innovations-institute-for-forestry-research/,pullmanradio.com,20251015T043000Z,English,United States
reforestation,silviculture,Bass fishing in Beech Lake and beyond,https://www.citizensvoice.com/2025/10/11/bass-fishing-in-beech-lake-and-beyond/,citizensvoice.com,20251012T031500Z,English,United States
reforestation,silviculture,Bass fishing in Beech Lake and beyond,https://www.thetimes-tribune.com/2025/10/11/bass-fishing-in-beech-lake-and-beyond/,thetimes-tribune.com,20251011T170000Z,English,United States
reforestation,silviculture,Summit Reforestation Invests in KiDrone to Accelerate,https://www.globenewswire.com/news-release/2025/10/10/3165071/0/en/Summit-Reforestation-Invests-in-KiDrone-to-Accelerate-Next-Generation-Reforestation.html,globenewswire.com,20251010T191500Z,English,United States
reforestation,silviculture,"Wildfires causing Canada forests to dry out , experts at conference say",https://www.theweathernetwork.com/en/news/weather/severe/wildfires-causing-canadas-forests-to-dry-out-experts-at-conference-say,theweathernetwork.com,20251009T003000Z,English,United States
reforestation,silviculture,Minnesota DNR completes seeding project by helicopter,https://www.outdoornews.com/2025/10/03/minnesota-dnr-completes-seeding-project-by-helicopter/,outdoornews.com,20251003T203000Z,English,United States
reforestation,silviculture,"Find the right trees , fall colors persist | News , Sports , Jobs",https://www.timesrepublican.com/news/outdoors-today/2025/11/find-the-right-trees-fall-colors-persist/,timesrepublican.com,20251129T074500Z,English,United States
reforestation,silviculture,Pioneering Forestry Apprenticeship Welcomes First Grads,https://www.miragenews.com/pioneering-forestry-apprenticeship-welcomes-1579922/,miragenews.com,20251128T104500Z,English,United States
reforestation,silviculture,"Comprehensive Report Reviews the 2025 Remote Sensing Satellite Industry Forecast : Market Drivers , Opportunities , and Expansion Roadmap",https://whatech.com/og/markets-research/aerospace-markets/1004142-2025-remote-sensing-satellite-industry-forecast-market-drivers-opportunities-and-expansion-roadmap.html,whatech.com,20251125T134500Z,English,United States
reforestation,silviculture,"Mexico : New Reform Weakens Environmental Rights , Consolidates Morena Power",https://foreignpolicy.com/2025/12/08/mexican-climate-activists-ambitions-are-crumbling/?tpcc=recirc_trending062921,foreignpolicy.com,20251211T231500Z,English,United States
reforestation,silviculture,Successful FSC Audit of SCA Forestry Operations,https://www.pulpapernews.com/20251208/17267/successful-fsc-audit-scas-forestry-operations,pulpapernews.com,20251208T103000Z,English,United States
