domain,keyword,title,url,source_domain,seendate,language,country
soil carbon requestration,soil carbon storage,Grazing = carbon sequestration,http://www.agriview.com/news/livestock/grazing-carbon-sequestration/article_74029d7c-0052-5ebd-bc84-a7f37f8f5ff4.html,agriview.com,20170201T103000Z,English,United States
soil carbon requestration,soil carbon storage,WVU researcher finds impact of microorganisms on soil carbon storage,http://www.thedaonline.com/news/article_c366c08c-e182-11e6-9942-976d3555bef3.html,thedaonline.com,20170123T181500Z,English,United States
soil carbon requestration,soil carbon storage,Grazing boosts carbon sequestration,http://www.enidnews.com/news/ag_energy/grazing-boosts-carbon-sequestration/article_87ed5a02-529b-5bd8-bfdf-e766d7370caa.html,enidnews.com,20170122T113000Z,English,United States
soil carbon requestration,soil carbon storage,Grazing boosts carbon sequestration,http://www.woodwardnews.net/news/grazing-boosts-carbon-sequestration/article_2d665ffc-968f-5306-bd78-121abd506a61.html,woodwardnews.net,20170122T113000Z,English,United States
soil carbon requestration,soil carbon storage,Researcher uncovers influence of microorganisms on soil carbon storage,https://www.sciencedaily.com/releases/2017/01/170117102154.htm,sciencedaily.com,20170117T184500Z,English,United States
soil carbon requestration,soil carbon storage,Carbon sequestration a positive aspect of beef cattle grazing grasslands,http://www.hpj.com/livestock/carbon-sequestration-a-positive-aspect-of-beef-cattle-grazing-grasslands/article_679483e5-3737-58e3-95f1-d68ac9d1d0fb.html,hpj.com,20170105T171500Z,English,United States
soil carbon requestration,soil carbon storage,Conservation Adviser,http://www.ecosystemmarketplace.com/jobs/conservation-adviser-ecosystem-services/,ecosystemmarketplace.com,20170308T074500Z,English,United States
soil carbon requestration,soil carbon storage,"No biochar benefit for temperate zone crops , says new report",https://www.sciencedaily.com/releases/2017/04/170425131407.htm,sciencedaily.com,20170425T194500Z,English,United States
soil carbon requestration,soil carbon storage,Wisconsin Ag Connection,http://www.wisconsinagconnection.com/story-national.php?Id=844&yr=2017,wisconsinagconnection.com,20170425T143000Z,English,United States
soil carbon requestration,soil carbon storage,Are the Paris soil carbon sequestration goals unrealistic ?,https://www.sciencedaily.com/releases/2017/04/170421091701.htm,sciencedaily.com,20170424T043000Z,English,United States
soil carbon requestration,soil carbon storage,Investment made in soil health program at Dal AC,http://www.trurodaily.com/news/local/2017/4/21/investment-made-in-soil-health-program-at-dal-ac.html,trurodaily.com,20170422T041500Z,English,United States
soil carbon requestration,soil carbon storage,Paris soil carbon sequestration goals called unrealistic,https://phys.org/news/2017-04-paris-soil-carbon-sequestration-goals.html,phys.org,20170421T131500Z,English,United States
soil carbon requestration,soil carbon storage,New York announces plan to reduce methane emissions,http://www.biomassmagazine.com/articles/14382/new-york-announces-plan-to-reduce-methane-emissions,biomassmagazine.com,20170518T234500Z,English,United States
soil carbon requestration,soil carbon storage,New York announces plan to reduce methane emissions,http://biomassmagazine.com/articles/14382/new-york-announces-plan-to-reduce-methane-emissions,biomassmagazine.com,20170518T234500Z,English,United States
soil carbon requestration,soil carbon storage,Carbon catch,http://theconversation.com/carbon-catch-22-the-pollution-in-our-soil-78718,theconversation.com,20170620T191500Z,English,United States
soil carbon requestration,soil carbon storage,Replacing trees with bamboos halves the carbon storage capacity of forests,https://phys.org/news/2017-06-trees-bamboos-halves-carbon-storage.html,phys.org,20170614T153000Z,English,United States
soil carbon requestration,soil carbon storage,UBC research supports on,http://www.tmcnet.com/usubmit/2017/06/06/8559187.htm,tmcnet.com,20170606T171500Z,English,United States
soil carbon requestration,soil carbon storage,Open soil science : technology is helping us discover the mysteries under our feet,http://theconversation.com/open-soil-science-technology-is-helping-us-discover-the-mysteries-under-our-feet-81727,theconversation.com,20170901T073000Z,English,United States
soil carbon requestration,soil carbon storage,"This is why when you talk about climate change , you can ’ t ignore agriculture",https://www.washingtonpost.com/news/energy-environment/wp/2017/08/23/this-is-why-when-you-talk-about-climate-change-you-cant-ignore-agriculture/,washingtonpost.com,20170823T150000Z,English,United States
soil carbon requestration,soil carbon storage,Soil Holds The Potential To Slow Global Warming,http://today.tamu.edu/2017/10/17/soil-holds-the-potential-to-slow-global-warming/,today.tamu.edu,20171031T001500Z,English,United States
soil carbon requestration,soil carbon storage,MyJournals . org,http://www.myjournals.org/index.php?nr=421390,myjournals.org,20171025T084500Z,English,United States
soil carbon requestration,soil carbon storage,Texas A & M University,http://www.4-traders.com/news/Texas-A-M-University-Soil-Holds-The-Potential-To-Slow-Global-Warming--25302861/,4-traders.com,20171017T164500Z,English,United States
soil carbon requestration,soil carbon storage,Slowing Global Warming,http://www.selectscience.net/industry-news/stanford-university/soil-holds-potential-to-slow-global-warming/?&artID=44932,selectscience.net,20171012T111500Z,English,United States
soil carbon requestration,soil carbon storage,Slowing Global Warming,http://www.selectscience.net/industry-news/soil-holds-potential-to-slow-global-warming?artID=44932,selectscience.net,20171012T103000Z,English,United States
soil carbon requestration,soil carbon storage,How treating dirt well could fight climate change,http://www.futurity.org/soil-carbon-climate-change-1567212/,futurity.org,20171009T200000Z,English,United States
soil carbon requestration,soil carbon storage,Soil holds potential to slow global warming – University of Hawaiʻi System News,http://www.hawaii.edu/news/2017/10/06/soil-holds-potential-to-slow-global-warming/,hawaii.edu,20171007T004500Z,English,United States
soil carbon requestration,soil carbon storage,"Soil holds potential to slow global warming , two studies show",http://ns.umich.edu/new/releases/25144-soil-holds-potential-to-slow-global-warming-two-studies-show,ns.umich.edu,20171007T001500Z,English,United States
soil carbon requestration,soil carbon storage,Dueling science : Yesterday –  Soil will accelerate global warming  Today –  Soil holds potential to slow global warming,https://wattsupwiththat.com/2017/10/06/dueling-science-yesterday-soil-will-accelerate-global-warming-today-soil-holds-potential-to-slow-global-warming/comment-page-1/,wattsupwiththat.com,20171006T190000Z,English,United States
soil carbon requestration,soil carbon storage,Dueling science : Yesterday –  Soil will accelerate global warming  Today –  Soil holds potential to slow global warming,https://wattsupwiththat.com/2017/10/06/dueling-science-yesterday-soil-will-accelerate-global-warming-today-soil-holds-potential-to-slow-global-warming/,wattsupwiththat.com,20171006T190000Z,English,United States
soil carbon requestration,soil carbon storage,Stanford Study Reveals Soil has Potential to Slow Global Warming,https://www.azocleantech.com/news.aspx?newsID=24288,azocleantech.com,20171006T151500Z,English,United States
soil carbon requestration,soil carbon storage,"Soil holds potential to slow global warming , two studies show",http://www.ns.umich.edu/new/releases/25144-soil-holds-potential-to-slow-global-warming-two-studies-show,ns.umich.edu,20171006T004500Z,English,United States
soil carbon requestration,soil carbon storage,Climate solution in soil ?,https://www.eurekalert.org/pub_releases/2017-10/su-csi100417.php,eurekalert.org,20171005T154500Z,English,United States
soil carbon requestration,soil carbon storage,"Soil holds potential to slow global warming , researchers find",https://phys.org/news/2017-10-soil-potential-global.html,phys.org,20171005T154500Z,English,United States
soil carbon requestration,soil carbon storage,"Soil holds potential to slow global warming , two studies show",http://www.pressreleasepoint.com/soil-holds-potential-slow-global-warming-two-studies-show,pressreleasepoint.com,20171005T144500Z,English,United States
soil carbon requestration,soil carbon storage,How Dirt Can Clean the Air,https://www.scientificamerican.com/article/how-dirt-can-clean-the-air/,scientificamerican.com,20171117T180000Z,English,United States
soil carbon requestration,soil carbon storage,Zasso CEO Dirk Vandenhirtz :  Reversion to Ploughing is Not an Alternative,https://www.prnewswire.com/news-releases/zasso-ceo-dirk-vandenhirtz-reversion-to-ploughing-is-not-an-alternative-300555922.html,prnewswire.com,20171114T224500Z,English,United States
soil carbon requestration,soil carbon storage,Zasso CEO Dirk Vandenhirtz :  Reversion to Ploughing is Not an Alternative,https://www.marketwatch.com/story/zasso-ceo-dirk-vandenhirtz-reversion-to-ploughing-is-not-an-alternative-2017-11-14,marketwatch.com,20171114T224500Z,English,United States
soil carbon requestration,soil carbon storage,Ecosystem carbon stocks of mangroves across broad environmental gradients in West,http://journals.plos.org/plosone/article?id=10.1371/journal.pone.0187749,journals.plos.org,20171113T211500Z,English,United States
soil carbon requestration,soil carbon storage,Good news : Soil could be a much larger carbon sink than we hoped,https://sciencealert.com/soil-minerals-could-be-huge-carbon-dioxide-sink,sciencealert.com,20171112T211500Z,English,United States
soil carbon requestration,soil carbon storage,Good news : Soil could be a much larger carbon sink than we hoped,https://www.sciencealert.com/soil-minerals-could-be-huge-carbon-dioxide-sink,sciencealert.com,20171112T030000Z,English,United States
soil carbon requestration,soil carbon storage,Good news : Soil could be a much larger carbon sink than we hoped,http://www.sciencealert.com/soil-minerals-could-be-huge-carbon-dioxide-sink,sciencealert.com,20171111T234500Z,English,United States
soil carbon requestration,soil carbon storage,New research expands the potential of environmental DNA techniques in river monitoring,http://www.pressreleasepoint.com/new-research-expands-potential-environmental-dna-techniques-river-monitoring,pressreleasepoint.com,20180205T220000Z,English,United States
soil carbon requestration,soil carbon storage,Two Texas A & M ecosystem sciences research graduates earn distinguished student award | Agrilifetoday,http://www.theeagle.com/landandlivestockpost/agrilifetoday/two-texas-a-m-ecosystem-sciences-research-graduates-earn-distinguished/article_b8839aea-af9b-5804-9363-0227b082b36d.html,theeagle.com,20180524T140000Z,English,United States
soil carbon requestration,soil carbon storage,Two Texas A & M ecosystem sciences research graduates earn distinguished student award,https://today.agrilife.org/2018/05/23/two-texas-am-ecosystem-sciences-research-graduates-earn-distinguished-student-award/,today.agrilife.org,20180523T211500Z,English,United States
soil carbon requestration,soil carbon storage,How Australia Got Planted – Eurasia Review,http://www.eurasiareview.com/23052018-how-australia-got-planted/,eurasiareview.com,20180523T031500Z,English,United States
soil carbon requestration,soil carbon storage,How Australia Got Planted,http://www.sciencenewsline.com/news/2018052216050066.html,sciencenewsline.com,20180522T233000Z,English,United States
soil carbon requestration,soil carbon storage,How Australia got planted,https://www.eurekalert.org/pub_releases/2018-05/teia-hag052218.php,eurekalert.org,20180522T170000Z,English,United States
soil carbon requestration,soil carbon storage,Explaining the history of Australia vegetation,http://www.terradaily.com/reports/Explaining_the_history_of_Australias_vegetation_999.html,terradaily.com,20180522T094500Z,English,United States
soil carbon requestration,soil carbon storage,Australia Soil Could Be Full of Microplastics,https://www.theinertia.com/environment/australias-soil-could-be-full-of-microplastics/,theinertia.com,20180522T034500Z,English,United States
soil carbon requestration,soil carbon storage,We have no idea how much microplastic is in Australia soil ( but it could be a lot ),https://phys.org/news/2018-05-idea-microplastic-australia-soil-lot.html,phys.org,20180521T134500Z,English,United States
soil carbon requestration,soil carbon storage,Explaining the history of Australia vegetation,https://www.sciencedaily.com/releases/2018/05/180517102239.htm,sciencedaily.com,20180518T140000Z,English,United States
soil carbon requestration,soil carbon storage,Explaining the history of Australia vegetation - GeoSpace,https://blogs.agu.org/geospace/2018/05/17/explaining-the-history-of-australias-vegetation/,blogs.agu.org,20180517T164500Z,English,United States
soil carbon requestration,soil carbon storage,Explaining the history of Australia vegetation,https://www.eurekalert.org/pub_releases/2018-05/uoa-eth051718.php,eurekalert.org,20180517T141500Z,English,United States
soil carbon requestration,soil carbon storage,Explaining the history of Australia vegetation,https://phys.org/news/2018-05-history-australia-vegetation.html,phys.org,20180517T104500Z,English,United States
soil carbon requestration,soil carbon storage,West Virginia Forests Aid Scientists in Understanding Role Nitrogen Plays in Carbon Storage,http://wvpublic.org/post/west-virginia-forests-aid-scientists-understanding-role-nitrogen-plays-carbon-storage,wvpublic.org,20180516T171500Z,English,United States
soil carbon requestration,soil carbon storage,Biology : One hope for controlling ever - growing carbon dioxide levels : the humble leaf - News - The Columbus Dispatch,http://www.dispatch.com/news/20180513/biology-one-hope-for-controlling-ever-growing-carbon-dioxide-levels-humble-leaf,dispatch.com,20180513T121500Z,English,United States
soil carbon requestration,soil carbon storage,Wisconsin Ag Connection - Iowa News,http://www.wisconsinagconnection.com/story-regional.php?tble=IA2018&ID=526,wisconsinagconnection.com,20180508T133000Z,English,United States
soil carbon requestration,soil carbon storage,New study finds mangroves may store way more carbon than we thought,https://news.mongabay.com/2018/05/new-study-finds-mangroves-may-store-way-more-carbon-than-we-thought/,news.mongabay.com,20180503T004500Z,English,United States
soil carbon requestration,soil carbon storage,How farming screwed up Midwest carbon storage,https://www.futurity.org/farming-land-use-midwest-carbon-storage-1746382/,futurity.org,20180502T143000Z,English,United States
soil carbon requestration,soil carbon storage,New ISU research focuses on carbon in soils | AG,http://www.kmaland.com/ag/new-isu-research-focuses-on-carbon-in-soils/article_a2b09928-4d5e-11e8-8559-634520821b10.html,kmaland.com,20180501T203000Z,English,United States
soil carbon requestration,soil carbon storage,Insect Infestations Alter Forest Carbon Cycle,https://eos.org/research-spotlights/insect-infestations-alter-forest-carbon-cycle,eos.org,20180730T140000Z,English,United States
soil carbon requestration,soil carbon storage,Scientists lack vital knowledge on rapid Arctic climate change,https://phys.org/news/2018-07-scientists-lack-vital-knowledge-rapid.html,phys.org,20180719T100000Z,English,United States
soil carbon requestration,soil carbon storage,Scientists lack vital knowledge on rapid Arctic climate change,https://www.sciencedaily.com/releases/2018/07/180718122436.htm,sciencedaily.com,20180718T203000Z,English,United States
soil carbon requestration,soil carbon storage,Scientists lack vital knowledge on rapid Arctic climate change,https://www.eurekalert.org/pub_releases/2018-07/lu-sl071818.php,eurekalert.org,20180718T183000Z,English,United States
soil carbon requestration,soil carbon storage,Merced River Helps Explain How Soils Capture and Store Planet - Warming Carbon,https://www.goldrushcam.com/sierrasuntimes/index.php/news/local-news/14478-merced-river-helps-explain-how-soils-capture-and-store-planet-warming-carbon,goldrushcam.com,20180704T134500Z,English,United States
soil carbon requestration,soil carbon storage,Merced River Helps Explain How Soils Capture and Store Planet - Warming Carbon,http://goldrushcam.com/sierrasuntimes/index.php/news/local-news/14478-merced-river-helps-explain-how-soils-capture-and-store-planet-warming-carbon,goldrushcam.com,20180703T133000Z,English,United States
soil carbon requestration,soil carbon storage,Merced River Helps Explain How Soils Capture and Store Planet - Warming Carbon,https://news.ucmerced.edu/news/2018/merced-river-helps-explain-how-soils-capture-and-store-planet-warming-carbon,news.ucmerced.edu,20180703T004500Z,English,United States
soil carbon requestration,soil carbon storage,Merced River Helps Explain How Soils Capture and Store Planet - Warming Carbon,https://www.ucmerced.edu/news/2018/merced-river-helps-explain-how-soils-capture-and-store-planet-warming-carbon,ucmerced.edu,20180703T004500Z,English,United States
soil carbon requestration,soil carbon storage,Pacala chairs national committee calling for immediate push for CO2 - removal technology,https://www.princeton.edu/news/2018/10/30/pacala-chairs-national-committee-calling-immediate-push-co2-removal-technology,princeton.edu,20181030T163000Z,English,United States
soil carbon requestration,soil carbon storage,Report finds says  negative emissions technologies  need to play a large role in mitigating climate change,https://www.greencarcongress.com/2018/10/20181029-nas.html,greencarcongress.com,20181029T110000Z,English,United States
soil carbon requestration,soil carbon storage,"Report : Carbon - removal strategies , not just reduced emissions , are critical to fighting climate change | College of Agricultural Sciences | SOURCE",https://agsci.source.colostate.edu/report-carbon-removal-strategies-not-just-reduced-emissions-are-critical-to-fighting-climate-change/,agsci.source.colostate.edu,20181026T020000Z,English,United States
soil carbon requestration,soil carbon storage,"Technologies That Remove Carbon Dioxide From Air and Sequester It Need to Play a Large Role in Mitigating Climate Change , Says New Report",http://www8.nationalacademies.org/onpinews/newsitem.aspx?RecordID=25259,nationalacademies.org,20181025T170000Z,English,United States
soil carbon requestration,soil carbon storage,Maximizing the carbon and biodiversity benefits of restoration along rivers and streams,https://phys.org/news/2018-10-maximizing-carbon-biodiversity-benefits-rivers.html,phys.org,20181009T201500Z,English,United States
soil carbon requestration,soil carbon storage,Maximizing the carbon and biodiversity benefits of restoration along rivers and streams,https://www.eurekalert.org/pub_releases/2018-10/pbcs-mtc100918.php,eurekalert.org,20181009T174500Z,English,United States
soil carbon requestration,soil carbon storage,Invest in Chaffee working lands | Letters | themountainmail . com,http://www.themountainmail.com/opinion/letters/article_4c41ab60-cbba-11e8-96ba-bb94b44857d9.html,themountainmail.com,20181009T140000Z,English,United States
soil carbon requestration,soil carbon storage,Climate change and soil : sink or source ?,https://iowaenvironmentalfocus.org/2018/11/29/climate-change-and-soil-sink-or-source/,iowaenvironmentalfocus.org,20181129T194500Z,English,United States
soil carbon requestration,soil carbon storage,peat | Iowa Environmental Focus,https://iowaenvironmentalfocus.org/tag/peat/,iowaenvironmentalfocus.org,20181129T194500Z,English,United States
soil carbon requestration,soil carbon storage,soil carbon | Iowa Environmental Focus,https://iowaenvironmentalfocus.org/tag/soil-carbon/,iowaenvironmentalfocus.org,20181129T194500Z,English,United States
soil carbon requestration,soil carbon storage,carbon sink | Iowa Environmental Focus,https://iowaenvironmentalfocus.org/tag/carbon-sink/,iowaenvironmentalfocus.org,20181129T194500Z,English,United States
soil carbon requestration,soil carbon storage,Intensification for redesigned and sustainable agricultural systems,http://science.sciencemag.org/content/362/6417/eaav0294.full,science.sciencemag.org,20181123T124500Z,English,United States
soil carbon requestration,soil carbon storage,Intensification for redesigned and sustainable agricultural systems,http://science.sciencemag.org/content/362/6417/eaav0294,science.sciencemag.org,20181122T211500Z,English,United States
soil carbon requestration,soil carbon storage,"Location , location , location : How to manage valuable landscapes for carbon sequestration",https://www.greenbiz.com/article/location-location-location-how-manage-valuable-landscapes-carbon-sequestration,greenbiz.com,20181115T111500Z,English,United States
soil carbon requestration,soil carbon storage,Issues Of The Environment : How  Green  Is Your Christmas Tree ?,http://www.wemu.org/post/issues-environment-how-green-your-christmas-tree,wemu.org,20181219T133000Z,English,United States
soil carbon requestration,soil carbon storage,Agriculture without glyphosate : The costs ?,https://www.farmprogress.com/commentary/agriculture-without-glyphosate-costs,farmprogress.com,20181217T160000Z,English,United States
soil carbon requestration,soil carbon storage,Commentary : Dont Stress About Choosing Between Real And Fake Christmas Trees,http://www.wfae.org/post/commentary-dont-stress-about-choosing-between-real-and-fake-christmas-trees,wfae.org,20181216T014500Z,English,United States
soil carbon requestration,soil carbon storage,Researchers awarded £1 . 8 million to transform our understanding of soil carbon storage and loss,https://www.eurekalert.org/pub_releases/2018-12/cfe-ra121318.php,eurekalert.org,20181213T200000Z,English,United States
soil carbon requestration,soil carbon storage,Agriculture without glyphosate : The costs ?,https://www.southwestfarmpress.com/commentary/agriculture-without-glyphosate-costs,southwestfarmpress.com,20181213T173000Z,English,United States
soil carbon requestration,soil carbon storage,Are Artificial Christmas Trees Better for the Environment Than Real Ones ? It Depends,http://blogs.discovermagazine.com/crux/2018/12/11/are-artificial-christmas-trees-or-natural-ones-better-for-the-environment/,blogs.discovermagazine.com,20181211T200000Z,English,United States
soil carbon requestration,soil carbon storage,"Dont stress : reuse artificial trees , compost natural ones",https://msutoday.msu.edu/news/2018/dont-stress-reuse-artificial-trees-compost-natural-ones/,msutoday.msu.edu,20181211T170000Z,English,United States
soil carbon requestration,soil carbon storage,"Dont Stress About What Kind of Christmas Tree to Buy , but Reuse Artificial Trees and Compost Natural Ones",https://www.environmentguru.com/pages/elements/element.aspx?id=8975678,environmentguru.com,20181211T164500Z,English,United States
soil carbon requestration,soil carbon storage,"Dont stress about what kind of Christmas tree to buy , but reuse artificial trees and compost natural ones",https://www.rawstory.com/2018/12/dont-stress-kind-christmas-tree-buy-reuse-artificial-trees-compost-natural-ones/,rawstory.com,20181211T144500Z,English,United States
soil carbon requestration,soil carbon storage,"Dont stress about what kind of Christmas tree to buy , but reuse artificial trees and compost natural ones",https://www.sfgate.com/news/article/Don-t-stress-about-what-kind-of-Christmas-tree-to-13456676.php,sfgate.com,20181211T130000Z,English,United States
soil carbon requestration,soil carbon storage,"Dont stress about what kind of Christmas tree to buy , but reuse artificial trees and compost natural ones",https://www.chron.com/news/article/Don-t-stress-about-what-kind-of-Christmas-tree-to-13456676.php,chron.com,20181211T123000Z,English,United States
soil carbon requestration,soil carbon storage,Agriculture Advantage 2 . 0 at COP24 | Soils advantage : Transforming agriculture by recarbonizing the Earth soil,https://www.cgiar.org/news-events/event/agriculture-advantage-2-0-cop24-soils-advantage-transforming-agriculture-recarbonizing-earths-soil/,cgiar.org,20181206T030000Z,English,United States
soil carbon requestration,soil carbon storage,Increasing soil carbon storage can help combat climate change • Earth . com,https://www.earth.com/news/increasing-soil-carbon-storage/,earth.com,20181204T034500Z,English,United States
soil carbon requestration,soil carbon storage,Research Brief : Sustainable bioenergy from native prairies on abandoned agricultural lands,https://www.technology.org/2019/01/31/research-brief-sustainable-bioenergy-from-native-prairies-on-abandoned-agricultural-lands/,technology.org,20190131T100000Z,English,United States
soil carbon requestration,soil carbon storage,Science : Sustainable bioenergy from native prairies on deserted agricultural lands [ Report ],http://infosurhoy.com/cocoon/saii/xhtml/en_GB/science/science-sustainable-bioenergy-from-native-prairies-on-deserted-agricultural-lands-report/,infosurhoy.com,20190130T220000Z,English,United States
soil carbon requestration,soil carbon storage,University of Minnesota researchers find prairies could provide high GHG savings as bioenergy feedstock : Biofuels Digest,http://www.biofuelsdigest.com/bdigest/2019/01/29/university-of-minnesota-researchers-find-prairies-could-provide-high-ghg-savings-as-bioenergy-feedstock/,biofuelsdigest.com,20190129T234500Z,English,United States
soil carbon requestration,soil carbon storage,Sustainable bioenergy from native prairies on abandoned agricultural lands,https://sciencebulletin.org/sustainable-bioenergy-from-native-prairies-on-abandoned-agricultural-lands/,sciencebulletin.org,20190129T184500Z,English,United States
soil carbon requestration,soil carbon storage,Sustainable bioenergy from native prairies on abandoned agricultural lands,https://phys.org/news/2019-01-sustainable-bioenergy-native-prairies-abandoned.html,phys.org,20190129T140000Z,English,United States
soil carbon requestration,soil carbon storage,Research Brief : Sustainable bioenergy from native prairies on abandoned agricultural lands,https://twin-cities.umn.edu/news-events/research-brief-sustainable-bioenergy-native-prairies-abandoned-agricultural-lands,twin-cities.umn.edu,20190128T201500Z,English,United States
soil carbon requestration,soil carbon storage,The Recorder - UMass study looks at drought e,https://www.recorder.com/UMass-study-looks-at-drought-s-effects-22715072,recorder.com,20190111T171500Z,English,United States
soil carbon requestration,soil carbon storage,"Labor Unions Are Skeptical of the Green New Deal , and They Want Activists to Hear Them Out",https://theintercept.com/2019/02/28/green-new-deal-labor-unions/,theintercept.com,20190228T193000Z,English,United States
soil carbon requestration,soil carbon storage,CLIMATE : 5 things to know about the  Green New Deal,https://www.eenews.net/stories/1060122283,eenews.net,20190225T163000Z,English,United States
soil carbon requestration,soil carbon storage,"Green new deal would destroy American ranchers , dictate America diet | Livestock",https://www.agupdate.com/todaysproducer/midwestmessenger/news/livestock/green-new-deal-would-destroy-american-ranchers-dictate-america-s/article_7e209c30-360f-11e9-9c52-9ff5e10469a7.html,agupdate.com,20190221T214500Z,English,United States
soil carbon requestration,soil carbon storage,U . S . Senate passes bill extending funds for Carrie Furnaces and other Pittsburgh heritage areas,https://www.pghcitypaper.com/pittsburgh/us-senate-passes-bill-extending-funds-for-carrie-furnaces-and-other-pittsburgh-heritage-areas/Content?oid=13670192,pghcitypaper.com,20190216T153000Z,English,United States
soil carbon requestration,soil carbon storage,Green New Deal Would Destroy American Ranchers and Dictate America Diet,https://www.tsln.com/news/green-new-deal-would-destroy-american-ranchers-and-dictate-americas-diet/,tsln.com,20190215T063000Z,English,United States
soil carbon requestration,soil carbon storage,Here what the Green New Deal actually says,https://krtv.com/cnn-us-politics/2019/02/14/heres-what-the-green-new-deal-actually-says/,krtv.com,20190214T131500Z,English,United States
soil carbon requestration,soil carbon storage,Here what the Green New Deal actually says,http://www.wicz.com/story/39963207/heres-what-the-green-new-deal-actually-says,wicz.com,20190214T131500Z,English,United States
soil carbon requestration,soil carbon storage,Here what the Green New Deal actually says,https://kxlh.com/cnn-us-politics/2019/02/14/heres-what-the-green-new-deal-actually-says/,kxlh.com,20190214T123000Z,English,United States
soil carbon requestration,soil carbon storage,Here what the Green New Deal actually says,https://kpax.com/cnn-us-politics/2019/02/14/heres-what-the-green-new-deal-actually-says/,kpax.com,20190214T120000Z,English,United States
soil carbon requestration,soil carbon storage,Here what the Green New Deal actually says :: WRAL . com,https://www.wral.com/here-s-what-the-green-new-deal-actually-says/18191594/,wral.com,20190214T114500Z,English,United States
soil carbon requestration,soil carbon storage,Here what the Green New Deal actually says,https://ktvq.com/cnn-us-politics/2019/02/14/heres-what-the-green-new-deal-actually-says/,ktvq.com,20190214T114500Z,English,United States
soil carbon requestration,soil carbon storage,"A Bipartisan Public Lands Bill , For the People By the People",https://progressive.org/dispatches/bipartisan-public-lands-bill-for-the-people-by-the-people-ingram-19213/,progressive.org,20190213T180000Z,English,United States
soil carbon requestration,soil carbon storage,Metabotyping as a Stopover in Genome - to - Phenome Mapping,https://www.nature.com/articles/s41598-019-38483-0,nature.com,20190212T110000Z,English,United States
soil carbon requestration,soil carbon storage,Domestic Policies of Large Nations Can Influence the Global Supply of Ecosystem Values,https://www.azocleantech.com/news.aspx?newsID=26040,azocleantech.com,20190211T143000Z,English,United States
soil carbon requestration,soil carbon storage,The Proposed House Green New Deal Resolution | Pillsbury - Gravel2Gavel Construction & Real Estate Law,https://www.jdsupra.com/legalnews/the-proposed-house-green-new-deal-34804/,jdsupra.com,20190211T141500Z,English,United States
soil carbon requestration,soil carbon storage,"Green New Deal , the actual text of H . Res . 109",https://timpanogos.wordpress.com/2019/02/11/green-new-deal-the-actual-text-of-h-res-109/,timpanogos.wordpress.com,20190211T091500Z,English,United States
soil carbon requestration,soil carbon storage,Text - H . Res . 109 - 116th Congress ( 2019 - 2020 ): Recognizing the duty of the Federal Government to create a Green New Deal .,https://www.congress.gov/bill/116th-congress/house-resolution/109/text,congress.gov,20190210T020000Z,English,United States
soil carbon requestration,soil carbon storage,"Green New Deal : Details , framework and growing support",http://beniciaindependent.com/green-new-deal-details-framework-and-growing-support/,beniciaindependent.com,20190209T231500Z,English,United States
soil carbon requestration,soil carbon storage,"Green New Deal , Pink Unicorns , Leprechauns , and Pipe Dreams",https://victorygirlsblog.com/green-new-deal-pink-unicorns-leprechauns-and-pipe-dreams/,victorygirlsblog.com,20190209T164500Z,English,United States
soil carbon requestration,soil carbon storage,"Think big , at least when it comes to global conservation : Canada and Russia have the most to lose or gain , say researchers",https://www.sciencedaily.com/releases/2019/02/190208094317.htm,sciencedaily.com,20190208T183000Z,English,United States
soil carbon requestration,soil carbon storage,Think big at least when it comes to global conservation,https://phys.org/news/2019-02-bigat-global.html,phys.org,20190208T151500Z,English,United States
soil carbon requestration,soil carbon storage,Think big -- at least when it comes to global conservation,https://www.eurekalert.org/pub_releases/2019-02/uobc-tbl020719.php,eurekalert.org,20190208T150000Z,English,United States
soil carbon requestration,soil carbon storage,"Here The Full Text Of Congres Green New Deal Resolution , Introduced By Rep . Alexandra Ocasio Cortez",https://cleantechnica.com/2019/02/08/heres-the-full-text-of-congress-green-new-deal-resolution-introduced-by-rep-alexandra-ocasio-cortez/,cleantechnica.com,20190208T104500Z,English,United States
soil carbon requestration,soil carbon storage,The Green New Deal has been released . Here are four key tech takeaways,https://www.technologyreview.com/s/612911/the-green-new-deal-has-been-released-here-are-four-key-tech-takeaways/,technologyreview.com,20190207T191500Z,English,United States
soil carbon requestration,soil carbon storage,"Here the full text of Congres Green New Deal resolution , introduced by Rep . Alexandra Ocasio Cortez",http://redgreenandblue.org/2019/02/07/heres-full-text-congress-green-new-deal-resolution-introduced-rep-alexandra-ocasio-cortez/,redgreenandblue.org,20190207T160000Z,English,United States
soil carbon requestration,soil carbon storage,Wisconsin Ag Connection - Minnesota News - Sustainable Bioenergy from Native Prairie on Abandoned Ag Land,http://www.wisconsinagconnection.com/story-regional.php?tble=MN2019&ID=141,wisconsinagconnection.com,20190206T143000Z,English,United States
soil carbon requestration,soil carbon storage,Improving soil quality can slow global warming,https://news.berkeley.edu/2018/08/29/improving-soil-quality-can-slow-global-warming/,news.berkeley.edu,20190202T053000Z,English,United States
soil carbon requestration,soil carbon storage,AROUND ANASTASIA ISLAND : Bring on the beach music ! - News - The St . Augustine Record,https://www.staugustine.com/news/20190331/around-anastasia-island-bring-on-beach-music,staugustine.com,20190401T030000Z,English,United States
soil carbon requestration,soil carbon storage,Green New Deal Mythbusting - Defending cows - Natural Resource Report,http://naturalresourcereport.com/2019/03/green-new-deal-mythbusting-defending-cows/,naturalresourcereport.com,20190327T141500Z,English,United States
soil carbon requestration,soil carbon storage,Climate - Driven Evolution in Trees Alters Their Ecosystems - Science and Technology Research News,https://www.scienceandtechnologyresearchnews.com/climate-driven-evolution-in-trees-alters-their-ecosystems/,scienceandtechnologyresearchnews.com,20190327T134500Z,English,United States
soil carbon requestration,soil carbon storage,"Land Use , Markets , and the Green New Deal : a Conversation With Rhiana Gunn - Wright",http://www.ecosystemmarketplace.com/articles/land-use-markets-green-new-deal/,ecosystemmarketplace.com,20190318T233000Z,English,United States
soil carbon requestration,soil carbon storage,Three Legal Visions Of A  Green New Deal  - Energy and Natural Resources,http://www.mondaq.com/unitedstates/x/789570/Renewables/Three+Legal+Visions+Of+A+Green+New+Deal,mondaq.com,20190318T180000Z,English,United States
soil carbon requestration,soil carbon storage,Three Legal Visions Of A  Green New Deal  - Energy and Natural Resources,http://mondaq.com/unitedstates/x/789570/Renewables/Three+Legal+Visions+Of+A+Green+New+Deal,mondaq.com,20190318T073000Z,English,United States
soil carbon requestration,soil carbon storage,Holistic Management can reverse Climate Change,https://skepticalscience.com/holistic_management_climate_change-basic.htm,skepticalscience.com,20190318T021500Z,English,United States
soil carbon requestration,soil carbon storage,New rebuttal to the myth  Holistic Management can reverse Climate Change,https://skepticalscience.com/holistic-management-rebuttal.html,skepticalscience.com,20190318T021500Z,English,United States
soil carbon requestration,soil carbon storage,Holistic Management can reverse Climate Change,https://skepticalscience.com/holistic_management_climate_change-advanced.htm,skepticalscience.com,20190318T021500Z,English,United States
soil carbon requestration,soil carbon storage,The Grass is Greener,http://dailynexus.com/2019-03-14/the-grass-is-greener/,dailynexus.com,20190314T183000Z,English,United States
soil carbon requestration,soil carbon storage,Opinion : Cows are not the enemy,https://www.oregonlive.com/opinion/2019/03/opinion-cows-are-not-the-enemy.html,oregonlive.com,20190313T221500Z,English,United States
soil carbon requestration,soil carbon storage,What in the Green New Deal ? | Climate Denial Crock of the Week,https://climatecrocks.com/2019/03/13/whats-in-the-green-new-deal/,climatecrocks.com,20190313T193000Z,English,United States
soil carbon requestration,soil carbon storage,Three Legal Visions of a  Green New Deal,https://finance.yahoo.com/news/three-legal-visions-green-deal-024531219.html,finance.yahoo.com,20190311T181500Z,English,United States
soil carbon requestration,soil carbon storage,"Restoring soil biodiversity : Researchers find that letting the land rest between seasons increases microorganism activity , increases carbon uptake into the soil",https://www.naturalnews.com/2019-03-08-restoring-soil-biodiversity-letting-the-land-rest-between-seasons.html,naturalnews.com,20190308T200000Z,English,United States
soil carbon requestration,soil carbon storage,Three Legal Visions of a  Green New Deal,https://www.yahoo.com/news/three-legal-visions-green-deal-024531219.html,yahoo.com,20190307T014500Z,English,United States
soil carbon requestration,soil carbon storage,"New Market Planned to Pay Farmers for Soil Carbon , Water Quality",https://www.agriculture.com/news/business/new-market-planned-to-pay-farmers-for-soil-carbon-water-quality,agriculture.com,20190306T201500Z,English,United States
soil carbon requestration,soil carbon storage,Climate - driven evolution in trees alters their ecosystems,https://www.scienceworldreport.com/articles/60742/20190306/climate-driven-evolution-trees-alters-ecosystems.htm,scienceworldreport.com,20190306T200000Z,English,United States
soil carbon requestration,soil carbon storage,Climate - driven evolution in trees alters their ecosystems,https://www.sciencedaily.com/releases/2019/03/190306125333.htm,sciencedaily.com,20190306T200000Z,English,United States
soil carbon requestration,soil carbon storage,Climate - driven evolution in trees alters their ecosystems,https://phys.org/news/2019-03-climate-driven-evolution-trees-ecosystems.html,phys.org,20190306T174500Z,English,United States
soil carbon requestration,soil carbon storage,"New market planned to pay farmers for soil carbon , water quality | Food and Environment Reporting Network",https://thefern.org/ag_insider/new-market-planned-to-pay-farmers-for-soil-carbon-water-quality/,thefern.org,20190306T131500Z,English,United States
soil carbon requestration,soil carbon storage,Climate - Driven Evolution in Trees Alters Their Ecosystems,https://news.utk.edu/2019/03/05/climate-driven-evolution-in-trees-alters-their-ecosystems/,news.utk.edu,20190305T180000Z,English,United States
soil carbon requestration,soil carbon storage,Direct observation of permafrost degradation and rapid soil carbon loss in tundra,https://www.nature.com/articles/s41561-019-0387-6,nature.com,20190701T154500Z,English,United States
soil carbon requestration,soil carbon storage,The strength of soil - plant interactions under forest is related to a Critical Soil Depth,https://www.nature.com/articles/s41598-019-45156-5,nature.com,20190614T094500Z,English,United States
soil carbon requestration,soil carbon storage,Mineral protection regulates long - term global preservation of natural organic carbon,https://www.nature.com/articles/s41586-019-1280-6,nature.com,20190612T200000Z,English,United States
soil carbon requestration,soil carbon storage,Evolution of nitrogen cycling in regrowing Amazonian rainforest,https://www.nature.com/articles/s41598-019-43963-4,nature.com,20190612T094500Z,English,United States
soil carbon requestration,soil carbon storage,Research finds soil carbon key to combating climate change,https://phys.org/news/2019-06-soil-carbon-key-combating-climate.html,phys.org,20190604T134500Z,English,United States
soil carbon requestration,soil carbon storage,Continental - scale soil carbon composition and vulnerability modulated by regional environmental controls,https://www.nature.com/articles/s41561-019-0373-z,nature.com,20190603T153000Z,English,United States
soil carbon requestration,soil carbon storage,Cargill announces commitment to reduce greenhouse gas emissions,https://www.hpj.com/livestock/cargill-announces-commitment-to-reduce-greenhouse-gas-emissions/article_3d8cec28-8cec-5e05-ab75-a58ed31cd925.html,hpj.com,20190801T170000Z,English,United States
soil carbon requestration,soil carbon storage,"Cargill eyes feed production , grazing in beef sustainability push",https://www.feednavigator.com/Article/2019/07/29/Cargill-eyes-feed-production-grazing-in-beef-sustainability-push,feednavigator.com,20190729T120000Z,English,United States
soil carbon requestration,soil carbon storage,US agriculture needs a 21st - century New Deal,https://www.myalbertlea.com/2019/07/29/us-agriculture-needs-a-21st-century-new-deal/,myalbertlea.com,20190729T111500Z,English,United States
soil carbon requestration,soil carbon storage,Cargill Announces New Sustainability Initiative for North American Beef Supply Chain,http://www.aginfo.net/index.cfm/report/id/Land---Livestock-Report-43417,aginfo.net,20190729T071500Z,English,United States
soil carbon requestration,soil carbon storage,Soil pore structure is key to carbon storage,https://www.sciencedaily.com/releases/2019/07/190726104519.htm,sciencedaily.com,20190726T161500Z,English,United States
soil carbon requestration,soil carbon storage,New paper points to soil pore structure as key to carbon storage,https://www.eurekalert.org/pub_releases/2019-07/msu-npp072619.php,eurekalert.org,20190726T151500Z,English,United States
soil carbon requestration,soil carbon storage,New paper points to soil pore structure as key to carbon storage,https://phys.org/news/2019-07-paper-soil-pore-key-carbon.html,phys.org,20190726T140000Z,English,United States
soil carbon requestration,soil carbon storage,Cargill announces commitment to reduce greenhouse gas emissions across its North American beef supply chain,https://finance.yahoo.com/news/cargill-announces-commitment-reduce-greenhouse-130000965.html,finance.yahoo.com,20190724T224500Z,English,United States
soil carbon requestration,soil carbon storage,Cargill Sets Sustainability Target For 2030,https://www.drovers.com/article/cargill-sets-sustainability-target-2030,drovers.com,20190724T213000Z,English,United States
soil carbon requestration,soil carbon storage,Cargill Sets Sustainability Target For 2030,https://www.agweb.com/article/cargill-sets-sustainability-target-2030,agweb.com,20190724T210000Z,English,United States
soil carbon requestration,soil carbon storage,Cargill set 30 % GHG reduction target by 2030,https://www.feedstuffs.com/news/cargill-sets-30-ghg-reduction-target-2030,feedstuffs.com,20190724T181500Z,English,United States
soil carbon requestration,soil carbon storage,Cargill sustainability initiative reaches back to the ranch,https://www.beefmagazine.com/commentary/cargill-s-sustainability-initiative-reaches-back-ranch,beefmagazine.com,20190724T161500Z,English,United States
soil carbon requestration,soil carbon storage,Cargill set 30 % GHG reduction target by 2030,https://www.beefmagazine.com/sustainability/cargill-sets-30-ghg-reduction-target-2030,beefmagazine.com,20190724T161500Z,English,United States
soil carbon requestration,soil carbon storage,Cargill set 30 % GHG reduction target by 2030,https://www.farmprogress.com/sustainability/cargill-sets-30-ghg-reduction-target-2030,farmprogress.com,20190724T153000Z,English,United States
soil carbon requestration,soil carbon storage,Remote Sensing Technology Drives Conservation Solutions,https://www.directionsmag.com/pressrelease/9000,directionsmag.com,20190716T181500Z,English,United States
soil carbon requestration,soil carbon storage,"Can Trees , Oceans and Giant Carbon Sucking Machines Save Us from Climate Catastrophe ?",https://blog.ucsusa.org/angela-anderson/can-trees-oceans-and-giant-carbon-sucking-machines-save-us-from-climate-catastrophe,blog.ucsusa.org,20190708T141500Z,English,United States
soil carbon requestration,soil carbon storage,OPINION : US agriculture needs a 21st - century New Deal,https://jg-tc.com/opinion/opinion-us-agriculture-needs-a-st-century-new-deal/article_f04e4b82-a0ab-52ef-a548-72bb1786a270.html,jg-tc.com,20190707T060000Z,English,United States
soil carbon requestration,soil carbon storage,OPINION : US agriculture needs a 21st - century New Deal,https://herald-review.com/opinion/opinion-us-agriculture-needs-a-st-century-new-deal/article_1608fa3f-fd19-556d-8da6-a939b124a77b.html,herald-review.com,20190707T051500Z,English,United States
soil carbon requestration,soil carbon storage,US agriculture needs a 21st - century New Deal,https://www.nationofchange.org/2019/07/06/us-agriculture-needs-a-21st-century-new-deal/,nationofchange.org,20190706T143000Z,English,United States
soil carbon requestration,soil carbon storage,A Modernized New Deal Could Revive the American Agriculture Industry,https://psmag.com/environment/deal-or-new-deal-for-us-farmers,psmag.com,20190706T043000Z,English,United States
soil carbon requestration,soil carbon storage,Planting more trees could remove two - thirds of carbon emissions,https://www.technologyreview.com/f/613928/planting-more-trees-could-remove-two-thirds-of-carbon-emissions/,technologyreview.com,20190705T221500Z,English,United States
soil carbon requestration,soil carbon storage,US Agriculture Needs A 21st - Century New Deal,http://econintersect.com/pages/opinion/opinion.php?post=201907050258,econintersect.com,20190705T090000Z,English,United States
soil carbon requestration,soil carbon storage,US Agriculture Needs A 21st - Century New Deal,https://www.ibtimes.com/us-agriculture-needs-21st-century-new-deal-2804687,ibtimes.com,20190704T081500Z,English,United States
soil carbon requestration,soil carbon storage,U . S . agriculture needs a 21st - century New Deal | SOURCE | Colorado State University,https://source.colostate.edu/u-s-agriculture-needs-a-21st-century-new-deal/,source.colostate.edu,20190703T203000Z,English,United States
soil carbon requestration,soil carbon storage,US agriculture needs a 21st - century New Deal,https://www.californiatelegraph.com/news/261613068/us-agriculture-needs-a-21st-century-new-deal,californiatelegraph.com,20190703T154500Z,English,United States
soil carbon requestration,soil carbon storage,US agriculture needs a 21st - century New Deal,https://www.coloradostar.com/news/261613068/us-agriculture-needs-a-21st-century-new-deal,coloradostar.com,20190703T154500Z,English,United States
soil carbon requestration,soil carbon storage,US agriculture needs a 21st - century New Deal,https://www.milwaukeesun.com/news/261613068/us-agriculture-needs-a-21st-century-new-deal,milwaukeesun.com,20190703T151500Z,English,United States
soil carbon requestration,soil carbon storage,US agriculture needs a 21st - century New Deal,https://www.rawstory.com/2019/07/us-agriculture-needs-a-21st-century-new-deal/,rawstory.com,20190703T141500Z,English,United States
soil carbon requestration,soil carbon storage,US agriculture needs a 21st - century New Deal,https://www.floridastatesman.com/news/261613068/us-agriculture-needs-a-21st-century-new-deal,floridastatesman.com,20190703T140000Z,English,United States
soil carbon requestration,soil carbon storage,US agriculture needs a 21st - century New Deal,https://www.chron.com/news/article/US-agriculture-needs-a-21st-century-New-Deal-14069048.php,chron.com,20190703T140000Z,English,United States
soil carbon requestration,soil carbon storage,US agriculture needs a 21st - century New Deal,https://www.sfgate.com/news/article/US-agriculture-needs-a-21st-century-New-Deal-14069048.php,sfgate.com,20190703T133000Z,English,United States
soil carbon requestration,soil carbon storage,US agriculture needs a 21st - century New Deal,https://www.seattlepi.com/news/article/US-agriculture-needs-a-21st-century-New-Deal-14069048.php,seattlepi.com,20190703T133000Z,English,United States
soil carbon requestration,soil carbon storage,US agriculture needs a 21st - century New Deal,https://www.bignewsnetwork.com/news/261613068/us-agriculture-needs-a-21st-century-new-deal,bignewsnetwork.com,20190703T131500Z,English,United States
soil carbon requestration,soil carbon storage,US agriculture needs a 21st - century New Deal,https://www.hawaiitelegraph.com/news/261613068/us-agriculture-needs-a-21st-century-new-deal,hawaiitelegraph.com,20190703T130000Z,English,United States
soil carbon requestration,soil carbon storage,Direct observation of permafrost degradation and rapid soil carbon loss in tundra,https://www.nature.com/articles/s41561-019-0387-6,nature.com,20190701T154500Z,English,United States
soil carbon requestration,soil carbon storage,"Forests , nature and those pesky humans",https://missoulian.com/opinion/columnists/forests-nature-and-those-pesky-humans/article_13814fe9-da59-593c-9260-b48dcfaf53ca.html,missoulian.com,20190901T150000Z,English,United States
soil carbon requestration,soil carbon storage,Network of greenhouses and rain shelters simulate what climate change will do to soils,https://phys.org/news/2019-08-network-greenhouses-simulate-climate-soils.html,phys.org,20190820T133000Z,English,United States
soil carbon requestration,soil carbon storage,We need a climate plan for agriculture,https://thehill.com/opinion/energy-environment/457588-we-need-a-climate-plan-for-agriculture,thehill.com,20190815T214500Z,English,United States
soil carbon requestration,soil carbon storage,US Agriculture Needs 21st - Century New Deal,https://consortiumnews.com/2019/08/13/us-agriculture-needs-21st-century-new-deal/,consortiumnews.com,20190813T201500Z,English,United States
soil carbon requestration,soil carbon storage,Labor and Environment Movement Complex Stance on Green New Deal,https://consortiumnews.com/2019/08/12/labor-and-environment-movements-complex-stance-on-green-new-deal/,consortiumnews.com,20190813T004500Z,English,United States
soil carbon requestration,soil carbon storage,"Jobs , the Environment , and a Planet in Crisis",https://consortiumnews.com/2019/08/12/jobs-the-environment-and-a-planet-in-crisis/,consortiumnews.com,20190812T214500Z,English,United States
soil carbon requestration,soil carbon storage,A Planet in Crisis : Will it be Unions vs . Environmentalists or Unions and Environmentalists ?,https://citywatchla.com/index.php/2016-01-01-13-17-00/los-angeles/18224-a-planet-in-crisis-will-it-be-unions-vs-environmentalists-or-unions-and-environmentalists,citywatchla.com,20190811T181500Z,English,United States
soil carbon requestration,soil carbon storage,A Planet in Crisis : Will it be Unions vs . Environmentalists or Unions and Environmentalists ?,https://www.citywatchla.com/index.php/2016-01-01-13-17-00/los-angeles/18224-a-planet-in-crisis-will-it-be-unions-vs-environmentalists-or-unions-and-environmentalists,citywatchla.com,20190809T040000Z,English,United States
soil carbon requestration,soil carbon storage,Farmers have to be part of climate solutions,https://thehill.com/opinion/energy-environment/456734-farmers-have-to-be-part-of-climate-solutions,thehill.com,20190808T194500Z,English,United States
soil carbon requestration,soil carbon storage,How Effective Is Land At Removing Carbon Pollution ? The IPCC Weighs In,https://www.wri.org/blog/2019/08/how-effective-land-removing-carbon-pollution-ipcc-weighs,wri.org,20190808T143000Z,English,United States
soil carbon requestration,soil carbon storage,"Jobs , the Environment , and a Planet in Crisis",https://www.counterpunch.org/2019/08/08/jobs-the-environment-and-a-planet-in-crisis/,counterpunch.org,20190808T101500Z,English,United States
soil carbon requestration,soil carbon storage,7 Things to Know About the IPCC Special Report on Land and Climate,https://www.wri.org/blog/2019/08/7-things-know-about-ipcc-special-report-land-and-climate,wri.org,20190808T094500Z,English,United States
soil carbon requestration,soil carbon storage,Where Would We Be Without the Green New Deal ?,https://www.truthdig.com/articles/where-would-we-be-without-the-green-new-deal/,truthdig.com,20190807T181500Z,English,United States
soil carbon requestration,soil carbon storage,"Jobs , the environment , and a planet in crisis",https://www.nationofchange.org/2019/08/07/jobs-the-environment-and-a-planet-in-crisis/,nationofchange.org,20190807T153000Z,English,United States
soil carbon requestration,soil carbon storage,"Sorry , Conservatives Unions Do Support the Green New Deal",https://www.thenation.com/article/unions-support-green-new-deal/,thenation.com,20190807T103000Z,English,United States
soil carbon requestration,soil carbon storage,The Green New Deal Has Sparked a Necessary Conversation -- Let Keep It Going,https://truthout.org/articles/the-green-new-deal-has-sparked-a-necessary-conversation-lets-keep-it-going/,truthout.org,20190806T213000Z,English,United States
soil carbon requestration,soil carbon storage,"Jobs , the environment and a planet in crisis",https://www.alternet.org/2019/08/jobs-the-environment-and-a-planet-in-crisis/,alternet.org,20190806T204500Z,English,United States
soil carbon requestration,soil carbon storage,"Tomgram : Aviva Chomsky , How the Green New Deal Is Changing America",http://www.tomdispatch.com/blog/176594/tomgram%3A_aviva_chomsky%2C_how_the_green_new_deal_is_changing_america/,tomdispatch.com,20190806T124500Z,English,United States
soil carbon requestration,soil carbon storage,Cargill announces commitment to reduce greenhouse gas emissions,https://www.hpj.com/livestock/cargill-announces-commitment-to-reduce-greenhouse-gas-emissions/article_3d8cec28-8cec-5e05-ab75-a58ed31cd925.html,hpj.com,20190801T170000Z,English,United States
soil carbon requestration,soil carbon storage,How multiple factors of climate change affect soil,https://phys.org/news/2019-11-multiple-factors-climate-affect-soil.html,phys.org,20191115T143000Z,English,United States
soil carbon requestration,soil carbon storage,Wisconsin Ag Connection - Iowa News - Cover Crops and Perennials Dont Necessarily Increase Soil Carbon Storage,http://www.wisconsinagconnection.com/story-regional.php?tble=IA2019&ID=1231,wisconsinagconnection.com,20191112T023000Z,English,United States
soil carbon requestration,soil carbon storage,Plants and Fungi Together Could Slow Climate Change,https://www.labmanager.com/news/2019/11/plants-and-fungi-together-could-slow-climate-change,labmanager.com,20191107T203000Z,English,United States
soil carbon requestration,soil carbon storage,Plants and fungi together could slow climate change,https://www.sciencedaily.com/releases/2019/11/191107084034.htm,sciencedaily.com,20191107T190000Z,English,United States
soil carbon requestration,soil carbon storage,Plants and fungi together could slow climate change,https://phys.org/news/2019-11-fungi-climate.html,phys.org,20191107T141500Z,English,United States
soil carbon requestration,soil carbon storage,Plants and fungi together could slow climate change,https://www.eurekalert.org/pub_releases/2019-11/iifa-paf110519.php,eurekalert.org,20191107T103000Z,English,United States
soil carbon requestration,soil carbon storage,Deep soil C and N pools in long - term fenced and overgrazed temperate grasslands in northwest China,https://www.nature.com/articles/s41598-019-52631-6,nature.com,20191106T103000Z,English,United States
soil carbon requestration,soil carbon storage,Will extreme wildfires become the norm of tomorrow ?,https://www.euronews.com/2019/12/30/will-extreme-wildfires-become-the-norm-of-tomorrow,euronews.com,20191230T173000Z,English,United States
soil carbon requestration,soil carbon storage,Plants slow river migration,https://physicstoday.scitation.org/do/10.1063/PT.6.1.20191213a/full/,physicstoday.scitation.org,20191213T160000Z,English,United States
soil carbon requestration,soil carbon storage,"As a way to fight climate change , not all soils are created equal",https://phys.org/news/2019-12-climate-soils-equal.html,phys.org,20191204T151500Z,English,United States
soil carbon requestration,soil carbon storage,Young California Ranchers Are Finding Ways to Raise Livestock and Improve the Land,https://www.earthisland.org/journal/index.php/articles/entry/young-california-ranchers-raise-livestock-improve-land/,earthisland.org,20200131T230000Z,English,United States
soil carbon requestration,soil carbon storage,Young California Ranchers Are Finding Ways to Raise Livestock and Improve the Land,https://www.earthisland.org/journal/index.php/articles/entry/young-california-ranchers-raise-livestock-improve-land,earthisland.org,20200131T211500Z,English,United States
soil carbon requestration,soil carbon storage,Young California ranchers are finding new ways to raise livestock and improve the land,http://www.econotimes.com/Young-California-ranchers-are-finding-new-ways-to-raise-livestock-and-improve-the-land-1573341,econotimes.com,20200129T091500Z,English,United States
soil carbon requestration,soil carbon storage,Young California ranchers are finding new ways to raise livestock and improve the land,https://www.timesunion.com/news/article/Young-California-ranchers-are-finding-new-ways-to-15009847.php,timesunion.com,20200129T003000Z,English,United States
soil carbon requestration,soil carbon storage,Young California Ranchers Are Finding New Ways To Raise Livestock,https://patch.com/california/davis/young-california-ranchers-are-finding-new-ways-raise-livestock,patch.com,20200128T181500Z,English,United States
soil carbon requestration,soil carbon storage,Tree planting is a great idea – that could become a dangerous climate distraction,https://www.technologyreview.com/s/615102/tree-planting-is-a-great-idea-that-could-become-a-dangerous-climate-distraction/,technologyreview.com,20200128T160000Z,English,United States
soil carbon requestration,soil carbon storage,Young California ranchers are finding new ways to raise livestock and improve the land,https://www.bozemandailychronicle.com/ap_news/conversation/young-california-ranchers-are-finding-new-ways-to-raise-livestock/article_1e4e4ac4-8157-566b-86f6-e5ce043c09da.html,bozemandailychronicle.com,20200128T144500Z,English,United States
soil carbon requestration,soil carbon storage,Young California ranchers are finding new ways to raise livestock and improve the land,https://www.chron.com/news/article/Young-California-ranchers-are-finding-new-ways-to-15009847.php,chron.com,20200128T144500Z,English,United States
soil carbon requestration,soil carbon storage,Young California ranchers are finding new ways to raise livestock and improve the land,https://www.sfgate.com/news/article/Young-California-ranchers-are-finding-new-ways-to-15009847.php,sfgate.com,20200128T144500Z,English,United States
soil carbon requestration,soil carbon storage,Diverse cropping systems dont increase carbon storage compared to corn - soybean rotations | Crops,https://www.hpj.com/crops/diverse-cropping-systems-don-t-increase-carbon-storage-compared-to/article_dbea7994-413a-11ea-a5fa-57960f7fb1af.html,hpj.com,20200128T003000Z,English,United States
soil carbon requestration,soil carbon storage,Diverse cropping systems may not increase carbon storage,https://www.feedstuffs.com/news/diverse-cropping-systems-may-not-increase-carbon-storage,feedstuffs.com,20200127T183000Z,English,United States
soil carbon requestration,soil carbon storage,Diverse cropping systems dont increase carbon storage compared to corn - soybean rotations,https://phys.org/news/2020-01-diverse-cropping-dont-carbon-storage.html,phys.org,20200117T144500Z,English,United States
soil carbon requestration,soil carbon storage,Diverse cropping systems dont increase carbon storage compared to corn - soybean rotations • News Service • Iowa State University,https://www.news.iastate.edu/news/2020/01/16/diversecroppingsystemscarbon,news.iastate.edu,20200116T161500Z,English,United States
soil carbon requestration,soil carbon storage,Diverse cropping systems dont increase carbon storage compared to corn - soybean rotations,https://www.miragenews.com/diverse-cropping-systems-don-t-increase-carbon-storage-compared-to-corn-soybean-rotations/,miragenews.com,20200116T161500Z,English,United States
soil carbon requestration,soil carbon storage,Can  carbon - smart  farming play a key role in taking on climate change ?,https://grist.org/food/can-carbon-smart-farming-play-a-key-role-in-taking-on-climate-change/,grist.org,20200419T081500Z,English,United States
soil carbon requestration,soil carbon storage,Is carbon sequestration on farms actually working to fight climate change ?,https://www.greenbiz.com/article/carbon-sequestration-farms-actually-working-fight-climate-change,greenbiz.com,20200416T090000Z,English,United States
soil carbon requestration,soil carbon storage,"ISA , Quantified Ventures , Cargill Partner To Advance Ag Conservation In Iowa",https://kiwaradio.com/ag-news/isa-quantified-ventures-cargill-partner-to-advance-ag-conservation-in-iowa/,kiwaradio.com,20200410T150000Z,English,United States
soil carbon requestration,soil carbon storage,"Iowa Soybean Association , Quantified Ventures , Cargill partner to advance agricultural conservation in Iowa",https://www.southernminn.com/around_the_web/news/article_ea7632c6-f5e9-5d94-8527-7a0debf293d8.html,southernminn.com,20200409T153000Z,English,United States
soil carbon requestration,soil carbon storage,"Iowa Soybean Association , Quantified Ventures , Cargill partner to advance agricultural conservation in Iowa",http://www.swiowanewssource.com/news/state/article_0d4f5441-ffe1-5870-a598-e4aa1b6743d5.html,swiowanewssource.com,20200409T153000Z,English,United States
soil carbon requestration,soil carbon storage,"Iowa Soybean Association , Quantified Ventures , Cargill partner to advance agricultural conservation in Iowa",https://www.prnewswire.com/news-releases/iowa-soybean-association-quantified-ventures-cargill-partner-to-advance-agricultural-conservation-in-iowa-301038245.html,prnewswire.com,20200409T134500Z,English,United States
soil carbon requestration,soil carbon storage,Overcoming carbon loss from farming in peatlands,https://www.sciencecodex.com/overcoming-carbon-loss-farming-peatlands-644158,sciencecodex.com,20200403T001500Z,English,United States
soil carbon requestration,soil carbon storage,Overcoming carbon loss from farming in peatlands,https://www.newswise.com/articles/overcoming-carbon-loss-from-farming-in-peatlands,newswise.com,20200401T133000Z,English,United States
soil carbon requestration,soil carbon storage,Overcoming carbon loss from farming in peatlands,https://www.miragenews.com/overcoming-carbon-loss-from-farming-in-peatlands/,miragenews.com,20200401T063000Z,English,United States
soil carbon requestration,soil carbon storage,Overcoming carbon loss from farming in peatlands,https://www.eurekalert.org/pub_releases/2020-04/asoa-ocl032620.php,eurekalert.org,20200401T043000Z,English,United States
soil carbon requestration,soil carbon storage,"Geomorpho90m , empirical evaluation and accuracy assessment of global high - resolution geomorphometric layers",https://www.nature.com/articles/s41597-020-0479-6,nature.com,20200528T094500Z,English,United States
soil carbon requestration,soil carbon storage,Can Planting a Trillion Trees Stop Climate Change ? Scientists Say it a Lot More Complicated,https://insideclimatenews.org/news/26052020/trillion-trees-climate-change,insideclimatenews.org,20200527T103000Z,English,United States
soil carbon requestration,soil carbon storage,Carbon Cowboy : Saving Our Planet Starts in the Soil  Says Peter Byck Anne of Carversville,https://www.anneofcarversville.com/eye/2020/5/17/carbon-cowboys-saving-our-planet-starts-in-the-soil-says-peter-byck,anneofcarversville.com,20200517T131500Z,English,United States
soil carbon requestration,soil carbon storage,Saving our Planet Starts in the Soil,https://www.smithsonianmag.com/blogs/conservation-commons/2020/05/14/carbon-cowboys-interview-peter-byck/,smithsonianmag.com,20200515T231500Z,English,United States
soil carbon requestration,soil carbon storage,"Wetter , warmer soils will intensify climate change",https://www.zmescience.com/science/warmer-wetter-soils-release-co2-93523423/,zmescience.com,20200507T223000Z,English,United States
soil carbon requestration,soil carbon storage,A Path to Progress : How Voluntary Climate Action Could Redefine the Texas Fossil Fuel Landscape,https://www.cfr.org/blog/path-progress-how-voluntary-climate-action-could-redefine-texas-fossil-fuel-landscape,cfr.org,20200626T050000Z,English,United States
soil carbon requestration,soil carbon storage,Microplastic in terrestrial ecosystems,https://science.sciencemag.org/content/368/6498/1430,science.sciencemag.org,20200625T194500Z,English,United States
soil carbon requestration,soil carbon storage,Carbon Cowboy : Saving Our Planet Starts in the Soil  Says Peter Byck Anne of Carversville,https://anneofcarversville.com/eye/2020/5/17/carbon-cowboys-saving-our-planet-starts-in-the-soil-says-peter-byck,anneofcarversville.com,20200617T150000Z,English,United States
soil carbon requestration,soil carbon storage,Trees of knowledge,https://www.union-bulletin.com/lifestyles/trees-of-knowledge/article_bcd54c79-a828-5c37-87ed-c8a6ded9c0c5.html,union-bulletin.com,20200616T200000Z,English,United States
soil carbon requestration,soil carbon storage,Why carbon cowboys are becoming leaders in their field,https://www.greenbiz.com/article/why-carbon-cowboys-are-becoming-leaders-their-field,greenbiz.com,20200602T081500Z,English,United States
soil carbon requestration,soil carbon storage,Peter Byck | Greenbiz,https://www.greenbiz.com/peter-byck,greenbiz.com,20200602T081500Z,English,United States
soil carbon requestration,soil carbon storage,Microbiologists clarify relationship between microbial diversity and soil carbon storage,https://phys.org/news/2020-07-microbiologists-relationship-microbial-diversity-soil.html,phys.org,20200728T174500Z,English,United States
soil carbon requestration,soil carbon storage,Cargill makes water restoration commitment,https://www.feedstuffs.com/news/cargill-makes-water-restoration-commitment,feedstuffs.com,20200724T220000Z,English,United States
soil carbon requestration,soil carbon storage,Cargill Commits To Restoring 600 Billion Liters Of Water By 2030,https://www.wateronline.com/doc/cargill-commits-to-restoring-billion-liters-of-water-by-0001,wateronline.com,20200722T214500Z,English,United States
soil carbon requestration,soil carbon storage,Cargill commits to restoring 600 billion liters of water by 2030,https://www.pressreleasepoint.com/cargill-commits-restoring-600-billion-liters-water-2030,pressreleasepoint.com,20200721T211500Z,English,United States
soil carbon requestration,soil carbon storage,Cargill commits to restoring 600 billion liters of water by 2030,https://www.grandrapidsmn.com/around_the_web/news/cargill-commits-to-restoring-600-billion-liters-of-water-by-2030/article_016b4f46-1927-5ece-8756-e63d2de9a608.html,grandrapidsmn.com,20200721T174500Z,English,United States
soil carbon requestration,soil carbon storage,Cargill commits to restoring 600 billion liters of water by 2030,https://www.crowrivermedia.com/national/news/cargill-commits-to-restoring-600-billion-liters-of-water-by-2030/article_963fbdb9-aeb4-516c-8767-5f74cf73f82d.html,crowrivermedia.com,20200721T161500Z,English,United States
soil carbon requestration,soil carbon storage,Fresh call for seagrass preservation,https://www.sciencedaily.com/releases/2020/07/200707084006.htm,sciencedaily.com,20200709T153000Z,English,United States
soil carbon requestration,soil carbon storage,New study sparks reminder for seagrass preservation,https://www.sanantoniopost.com/news/265699115/new-study-sparks-reminder-for-seagrass-preservation,sanantoniopost.com,20200707T170000Z,English,United States
soil carbon requestration,soil carbon storage,New study sparks reminder for seagrass preservation,https://www.milwaukeesun.com/news/265699115/new-study-sparks-reminder-for-seagrass-preservation,milwaukeesun.com,20200707T160000Z,English,United States
soil carbon requestration,soil carbon storage,New study sparks reminder for seagrass preservation,https://www.bignewsnetwork.com/news/265699115/new-study-sparks-reminder-for-seagrass-preservation,bignewsnetwork.com,20200707T144500Z,English,United States
soil carbon requestration,soil carbon storage,New study sparks fresh call for seagrass preservation,https://www.eurekalert.org/pub_releases/2020-07/ecu-nss070220.php,eurekalert.org,20200707T094500Z,English,United States
soil carbon requestration,soil carbon storage,New study sparks fresh call for seagrass preservation,https://phys.org/news/2020-07-fresh-seagrass.html,phys.org,20200707T084500Z,English,United States
soil carbon requestration,soil carbon storage,"To save this palm - filled paradise , biologists must kill the trees",https://www.sciencemag.org/news/2020/08/save-palm-filled-paradise-biologists-must-kill-trees,sciencemag.org,20200827T213000Z,English,United States
soil carbon requestration,soil carbon storage,Congress warms to the idea of sucking carbon directly from the air and storing it in soil,https://www.washingtonexaminer.com/policy/energy/congress-warms-to-the-idea-of-sucking-carbon-directly-from-the-air-and-storing-it-in-soil,washingtonexaminer.com,20200817T111500Z,English,United States
soil carbon requestration,soil carbon storage,Cargill commits to water stewardship,http://kokomoperspective.com/news/agriculture/cargill-commits-to-water-stewardship/article_59a1cf39-269e-507b-9253-2441d1772f90.html,kokomoperspective.com,20200804T213000Z,English,United States
soil carbon requestration,soil carbon storage,Cargill commits to water stewardship,https://www.kmaland.com/ag/cargill-commits-to-water-stewardship/article_7eb7d078-7e0c-5a19-b4ab-91720435af61.html,kmaland.com,20200804T194500Z,English,United States
soil carbon requestration,soil carbon storage,Curtin research finds soil carbon key to combatting climate change,http://www.thecropsite.com/news/17943/curtin-research-finds-soil-carbon-key-to-combatting-climate-change/,thecropsite.com,20201001T201500Z,English,United States
soil carbon requestration,soil carbon storage,Does Overselling Regenerative Ag Climate Benefits Undercut its Potential ?,https://civileats.com/2020/10/01/does-overselling-regenerative-ags-climate-benefits-undercut-its-potential/,civileats.com,20201001T100000Z,English,United States
soil carbon requestration,soil carbon storage,"Joe Biden Climate and Agriculture Policies , Explained",https://www.eater.com/21450870/joe-biden-climate-change-policy-agriculture,eater.com,20200922T214500Z,English,United States
soil carbon requestration,soil carbon storage,Where Does Joe Biden Stand on Climate and Agriculture ?,https://www.msn.com/en-us/foodanddrink/foodnews/where-does-joe-biden-stand-on-climate-and-agriculture/ar-BB19jind,msn.com,20200922T173000Z,English,United States
soil carbon requestration,soil carbon storage,"In a Year of Climate Reckoning , Where Does Joe Biden Stand on Climate and Agriculture ?",https://civileats.com/2020/09/21/in-a-year-of-climate-reckoning-where-does-joe-biden-stand-on-climate-and-agriculture/,civileats.com,20200921T094500Z,English,United States
soil carbon requestration,soil carbon storage,Can Loans Tied To Soil Health Save Agriculture ? A New $250 Million Fund Wants To Find Out .,https://www.forbes.com/sites/chloesorvino/2020/09/11/can-loans-tied-to-soil-health-save-agriculture-a-new-250-million-fund-wants-to-find-out/,forbes.com,20200911T123000Z,English,United States
soil carbon requestration,soil carbon storage,Seagrass loss fuels carbon emissions : study,https://www.miragenews.com/seagrass-loss-fuels-carbon-emissions-study/,miragenews.com,20200907T073000Z,English,United States
soil carbon requestration,soil carbon storage,The Green New Deal and Carbon Dioxide Removal Approaches,https://energycentral.com/c/ec/green-new-deal-and-carbon-dioxide-removal-approaches,energycentral.com,20200904T231500Z,English,United States
soil carbon requestration,soil carbon storage,"Frontiers | Influence of Annual Plant Diversity on Forage Productivity and Nutrition , Soil Chemistry , and Soil Microbial Communities",https://www.frontiersin.org/articles/10.3389/fsufs.2020.560479/full,frontiersin.org,20201010T001500Z,English,United States
soil carbon requestration,soil carbon storage,Curtin research finds soil carbon key to combatting climate change,http://www.thecropsite.com/news/17943/curtin-research-finds-soil-carbon-key-to-combatting-climate-change/,thecropsite.com,20201001T201500Z,English,United States
soil carbon requestration,soil carbon storage,Does Overselling Regenerative Ag Climate Benefits Undercut its Potential ?,https://civileats.com/2020/10/01/does-overselling-regenerative-ags-climate-benefits-undercut-its-potential/,civileats.com,20201001T100000Z,English,United States
soil carbon requestration,soil carbon storage,"Patagonia , Shopify , REI and EarthBreeze Did Black Friday Differently This Year . Here How .",https://www.stamfordadvocate.com/business/article/Patagonia-Shopify-REI-and-EarthBreeze-Did-Black-15763668.php,stamfordadvocate.com,20201201T020000Z,English,United States
soil carbon requestration,soil carbon storage,"Patagonia , Shopify , REI and EarthBreeze Did Black Friday Differently This Year . Here How .",https://www.greenwichtime.com/business/article/Patagonia-Shopify-REI-and-EarthBreeze-Did-Black-15763668.php,greenwichtime.com,20201201T004500Z,English,United States
soil carbon requestration,soil carbon storage,Ireland to establish National Agricultural Soil Carbon Observatory .,https://www.bignewsnetwork.com/news/267032409/ireland-to-establish-national-agricultural-soil-carbon-observatory,bignewsnetwork.com,20201120T120000Z,English,United States
soil carbon requestration,soil carbon storage,Carbon - Capture Breakthrough Could Be a Game - Changer in Utilising CO₂ – Advanced BioFuels united states,https://advancedbiofuelsusa.info/carbon-capture-breakthrough-could-be-a-game-changer-in-utilising-co%E2%82%82/,advancedbiofuelsusa.info,20201118T223000Z,English,United States
soil carbon requestration,soil carbon storage,New Research Confirms What We Eat Is Central to the Climate Crisis,https://civileats.com/2020/11/18/new-research-confirms-what-we-eat-is-central-to-the-climate-crisis/,civileats.com,20201118T093000Z,English,United States
soil carbon requestration,soil carbon storage,Farmers important for climate future,https://www.kmaland.com/ag/farmers-important-for-climate-future/article_1e5969eb-c13b-5747-92c5-c3b2d80fac05.html,kmaland.com,20210101T010000Z,English,United States
soil carbon requestration,soil carbon storage,Sowing seeds of climate action in the garden - The Boston Globe,https://www.bostonglobe.com/2020/12/27/opinion/sowing-seeds-climate-action-garden/,bostonglobe.com,20201227T093000Z,English,United States
soil carbon requestration,soil carbon storage,Wisconsin Lt . Gov . hopes new year brings new action on climate change,https://www.wglr.com/2020/12/24/wisconsin-lt-gov-hopes-new-year-brings-new-action-on-climate-change/,wglr.com,20201225T034500Z,English,United States
soil carbon requestration,soil carbon storage,Wisconsin Lt . Gov . hopes new year brings new action on climate change,https://www.x1071.com/2020/12/24/wisconsin-lt-gov-hopes-new-year-brings-new-action-on-climate-change/,x1071.com,20201225T023000Z,English,United States
soil carbon requestration,soil carbon storage,Wisconsin Lt . Gov . hopes new year brings new action on climate change,https://www.channel3000.com/wisconsin-lt-gov-hopes-new-year-brings-new-action-on-climate-change/,channel3000.com,20201224T234500Z,English,United States
soil carbon requestration,soil carbon storage,Carbon Capture Is Not a Climate Savior,https://newrepublic.com/article/160754/carbon-capture-not-climate-savior,newrepublic.com,20201224T120000Z,English,United States
soil carbon requestration,soil carbon storage,Are Artificial Christmas Trees Better for the Environment Than Real Ones ? It Depends,https://www.discovermagazine.com:443/environment/are-artificial-christmas-trees-better-for-the-environment-than-real-ones-it-depends,discovermagazine.com,20201218T214500Z,English,United States
soil carbon requestration,soil carbon storage,Wisconsin Governor Task Force on Climate Change Reports Strategies to Address Climate Change,https://www.lexology.com/library/detail.aspx?g=4a9ba638-03d3-4e47-ac78-f4c4551e6667,lexology.com,20201216T190000Z,English,United States
soil carbon requestration,soil carbon storage,What Biden Administration Might Mean For South Dakota Agriculture Industry,https://listen.sdpb.org/post/what-bidens-administration-might-mean-south-dakotas-agriculture-industry,listen.sdpb.org,20201216T143000Z,English,United States
soil carbon requestration,soil carbon storage,"Climate change task force report proposes policy strategies , emphasizes environmental justice",https://www.dailycardinal.com/article/2020/12/climate-change-task-force-report-proposes-policy-strategies-emphasizes-environmental-justice,dailycardinal.com,20201211T110000Z,English,United States
soil carbon requestration,soil carbon storage,What Biden Administration Will Mean For South Dakota Agriculture Industry,https://listen.sdpb.org/post/what-bidens-administration-will-mean-south-dakotas-agriculture-industry,listen.sdpb.org,20201210T193000Z,English,United States
soil carbon requestration,soil carbon storage,Task force proposes dozens of recommendations to combat climate change in Wisconsin,https://madison.com/ct/news/local/govt-and-politics/task-force-proposes-dozens-of-recommendations-to-combat-climate-change-in-wisconsin/article_6149c3ea-00cc-5471-90ff-c185b008d937.html,madison.com,20201210T130000Z,English,United States
soil carbon requestration,soil carbon storage,"Patagonia , Shopify , REI and EarthBreeze Did Black Friday Differently This Year . Here How .",https://www.stamfordadvocate.com/business/article/Patagonia-Shopify-REI-and-EarthBreeze-Did-Black-15763668.php,stamfordadvocate.com,20201201T020000Z,English,United States
soil carbon requestration,soil carbon storage,"Patagonia , Shopify , REI and EarthBreeze Did Black Friday Differently This Year . Here How .",https://www.greenwichtime.com/business/article/Patagonia-Shopify-REI-and-EarthBreeze-Did-Black-15763668.php,greenwichtime.com,20201201T004500Z,English,United States
soil carbon requestration,soil carbon storage,South Dakota Producers See Benefits Of Conservation Tillage,https://www.yankton.net/neighbors/article_ee5e48be-a9f6-11eb-94f6-2b33d7af6a27.html,yankton.net,20210501T104500Z,English,United States
soil carbon requestration,soil carbon storage,Energy budget and carbon footprint in a wheat and maize system under ridge furrow strategy in dry semi humid areas,https://www.nature.com/articles/s41598-021-88717-3,nature.com,20210430T174500Z,English,United States
soil carbon requestration,soil carbon storage,Cary Institute Steward Pickett elected to the National Academy of Sciences,https://www.eurekalert.org/pub_releases/2021-04/cioe-cis042921.php,eurekalert.org,20210430T143000Z,English,United States
soil carbon requestration,soil carbon storage,Addressing Climate Change Through Data : USDA ARS,https://www.ars.usda.gov/oc/utm/addressing-climate-change-through-data/,ars.usda.gov,20210428T133000Z,English,United States
soil carbon requestration,soil carbon storage,Officials : Agriculture can help with climate change,https://www.leadertelegram.com/country-today/environment/officials-agriculture-can-help-with-climate-change/article_256e9968-b22d-56ac-ae35-78eb64e92081.html,leadertelegram.com,20210426T123000Z,English,United States
soil carbon requestration,soil carbon storage,"PastureMap merges with Soil Value Exchange , now Grassroots Carbon Public Benefit",https://www.bizjournals.com/houston/news/2021/04/22/pasturemap-merges-with-soil-value-exchange.html,bizjournals.com,20210425T113000Z,English,United States
soil carbon requestration,soil carbon storage,Celebrating Earth Day with Wisconsin agriculture,https://www.leadertelegram.com/country-today/opinions/guest-opinions/celebrating-earth-day-with-wisconsin-agriculture/article_75c8adeb-5f2c-5c0f-88da-ab3049bf8f3f.html,leadertelegram.com,20210425T034500Z,English,United States
soil carbon requestration,soil carbon storage,Celebrating Earth Day with Wisconsin agriculture,https://www.wisfarmer.com/story/opinion/2021/04/21/celebrating-earth-day-wisconsin-agriculture/7325164002/,wisfarmer.com,20210423T190000Z,English,United States
soil carbon requestration,soil carbon storage,"As world leaders rose to occasion at Biden climate summit , Morrison faltered",https://www.miragenews.com/as-world-leaders-rose-to-occasion-at-biden-548637/,miragenews.com,20210423T041500Z,English,United States
soil carbon requestration,soil carbon storage,carbon / CO2 sequestration – Advanced BioFuels united states,https://advancedbiofuelsusa.info/tag/carbon-co2-sequestration/,advancedbiofuelsusa.info,20210422T231500Z,English,United States
soil carbon requestration,soil carbon storage,Environmental Groups Call Biden Carbon Bank Plan a  Scam,https://modernfarmer.com/2021/04/environmental-groups-call-bidens-carbon-bank-plan-a-scam/,modernfarmer.com,20210422T174500Z,English,United States
soil carbon requestration,soil carbon storage,Effective and profitable climate solutions are within the nation farms and forests,https://thehill.com/opinion/energy-environment/549673-effective-and-profitable-climate-solutions-are-within-the-nations,thehill.com,20210422T173000Z,English,United States
soil carbon requestration,soil carbon storage,Effective and profitable climate solutions are within the nation farms and forests,https://www.msn.com/en-us/news/us/effective-and-profitable-climate-solutions-are-within-the-nations-farms-and-forests/ar-BB1fVTx6,msn.com,20210422T161500Z,English,United States
soil carbon requestration,soil carbon storage,Sumitomo Corporation ( via Public ) / Collaboration Agreement for Agricultural Soil Carbon Storage,http://www.publicnow.com/view/F5E8F024BA238B43C44D77E6B0450510A8AA4F11,publicnow.com,20210422T043000Z,English,United States
soil carbon requestration,soil carbon storage,No quick fix for climate change,https://phys.org/news/2021-04-quick-climate.html,phys.org,20210420T161500Z,English,United States
soil carbon requestration,soil carbon storage,"Soil Value Exchange and Pasture Map Merge to Create Grassroots Carbon , the Leading Provider of High - Quality , Measured and Certified , Soil Carbon Storage Credits",https://www.tmcnet.com/usubmit/2021/04/16/9348339.htm,tmcnet.com,20210416T194500Z,English,United States
soil carbon requestration,soil carbon storage,"Soil Value Exchange and Pasture Map Merge to Create Grassroots Carbon , the Leading Provider of High - Quality , Measured and Certified , Soil Carbon Storage Credits",https://www.prnewswire.com:443/news-releases/soil-value-exchange-and-pasture-map-merge-to-create-grassroots-carbon-the-leading-provider-of-high-quality-measured-and-certified-soil-carbon-storage-credits-301270793.html,prnewswire.com,20210416T194500Z,English,United States
soil carbon requestration,soil carbon storage,"Soil Value Exchange and Pasture Map Merge to Create Grassroots Carbon , the Leading Provider of High - Quality , Measured and Certified , Soil Carbon Storage Credits",https://www.prnewswire.com/news-releases/soil-value-exchange-and-pasture-map-merge-to-create-grassroots-carbon-the-leading-provider-of-high-quality-measured-and-certified-soil-carbon-storage-credits-301270793.html,prnewswire.com,20210416T193000Z,English,United States
soil carbon requestration,soil carbon storage,Tropical forest soils capture CO2 under elevated nitrogen deposition,https://www.eurekalert.org/pub_releases/2021-04/caos-tfs041321.php,eurekalert.org,20210414T183000Z,English,United States
soil carbon requestration,soil carbon storage,Tropical forest soils capture carbon under elevated nitrogen deposition,https://phys.org/news/2021-04-tropical-forest-soils-capture-carbon.html,phys.org,20210414T153000Z,English,United States
soil carbon requestration,soil carbon storage,"Webinar will explore carbon markets , impact on ag",https://kticradio.com/agricultural/webinar-will-explore-carbon-markets-impact-on-ag/,kticradio.com,20210410T213000Z,English,United States
soil carbon requestration,soil carbon storage,Coastal News Today | LA - New paper shows benefits of Louisiana coastal restoration to soil carbon sequestration,https://www.coastalnewstoday.com/post/la-new-paper-shows-benefits-of-louisiana-coastal-restoration-to-soil-carbon-sequestration,coastalnewstoday.com,20210407T073000Z,English,United States
soil carbon requestration,soil carbon storage,New paper shows benefits of Louisiana coastal restoration to soil carbon sequestration,https://phys.org/news/2021-04-paper-benefits-louisiana-coastal-soil.html,phys.org,20210405T080000Z,English,United States
soil carbon requestration,soil carbon storage,New paper shows benefits of Louisiana coastal restoration to soil carbon sequestration,https://www.eurekalert.org/pub_releases/2021-04/twio-nps033121.php,eurekalert.org,20210405T060000Z,English,United States
soil carbon requestration,soil carbon storage,Louisiana wetlands could ease -- or worsen -- climate change . Curbing erosion could make the difference .,https://www.houmatoday.com/story/news/2021/04/04/louisiana-wetlands-could-ease-worsen-climate-change-curbing-erosion-could-make-difference/4843196001/,houmatoday.com,20210404T034500Z,English,United States
soil carbon requestration,soil carbon storage,Carbon sequestration : a critical but less - understood piece of the climate puzzle,https://www.ioes.ucla.edu/article/carbon-sequestration-a-critical-but-less-understood-piece-of-the-climate-puzzle/,ioes.ucla.edu,20210401T181500Z,English,United States
soil carbon requestration,soil carbon storage,Is carbon the  crop  of the future ?,https://www.newswise.com/articles/is-carbon-the-crop-of-the-future,newswise.com,20210601T191500Z,English,United States
soil carbon requestration,soil carbon storage,People prefer  natural  strategies to reduce atmospheric carbon,https://www.eurekalert.org/pub_releases/2021-05/cu-pp052621.php,eurekalert.org,20210526T223000Z,English,United States
soil carbon requestration,soil carbon storage,People prefer  natural  strategies to reduce atmospheric carbon,https://phys.org/news/2021-05-people-natural-strategies-atmospheric-carbon.html,phys.org,20210526T211500Z,English,United States
soil carbon requestration,soil carbon storage,Most Americans support soil carbon storage as a climate strategy,https://thehill.com/opinion/energy-environment/555509-most-americans-support-soil-carbon-storage-as-a-climate-strategy,thehill.com,20210526T190000Z,English,United States
soil carbon requestration,soil carbon storage,People prefer  natural  strategies to reduce atmospheric carbon,https://news.cornell.edu/stories/2021/05/people-prefer-natural-strategies-reduce-atmospheric-carbon,news.cornell.edu,20210526T144500Z,English,United States
soil carbon requestration,soil carbon storage,Here what is known about carbon markets,https://www.farmprogress.com/carbon/heres-what-known-about-carbon-markets,farmprogress.com,20210524T093000Z,English,United States
soil carbon requestration,soil carbon storage,Researcher examines how nematodes interact in the soil,https://www.farmprogress.com/soil-health/researcher-examines-how-nematodes-interact-soil,farmprogress.com,20210519T083000Z,English,United States
soil carbon requestration,soil carbon storage,Conservation tillage provides benefits,https://www.capjournal.com/community/conservation-tillage-provides-benefits/article_bb55f460-b72c-11eb-a592-87dabcaaa2fe.html,capjournal.com,20210517T203000Z,English,United States
soil carbon requestration,soil carbon storage,Carbon180 Unveils Carbon Removal Policy Roadmap for 2021,https://www.globenewswire.com/en/news-release/2021/05/13/2228898/0/en/Carbon180-Unveils-Carbon-Removal-Policy-Roadmap-for-2021-and-Beyond.html,globenewswire.com,20210517T023000Z,English,United States
soil carbon requestration,soil carbon storage,The meat industry is doing exactly what Big Oil does to fight climate action,https://www.washingtonpost.com/outlook/the-meat-industry-is-doing-exactly-what-big-oil-does-to-fight-climate-action/2021/05/14/831e14be-b3fe-11eb-ab43-bebddc5a0f65_story.html,washingtonpost.com,20210514T194500Z,English,United States
soil carbon requestration,soil carbon storage,Carbon180 Unveils Carbon Removal Policy Roadmap for 2021,https://www.globenewswire.com/news-release/2021/05/13/2228898/0/en/Carbon180-Unveils-Carbon-Removal-Policy-Roadmap-for-2021-and-Beyond.html,globenewswire.com,20210513T201500Z,English,United States
soil carbon requestration,soil carbon storage,Team unravels mysteries of carbon release in permafrost soils,https://phys.org/news/2021-05-team-unravels-mysteries-carbon-permafrost.html,phys.org,20210511T120000Z,English,United States
soil carbon requestration,soil carbon storage,"In soil , high microbial fluctuation leads to more carbon emissions",https://www.eurekalert.org/pub_releases/2021-05/sdsu-ish050721.php,eurekalert.org,20210510T111500Z,English,United States
soil carbon requestration,soil carbon storage,"In soil , high microbial fluctuation leads to more carbon emissions",https://www.miragenews.com/in-soil-high-microbial-fluctuation-leads-to-557277/,miragenews.com,20210510T111500Z,English,United States
soil carbon requestration,soil carbon storage,"In soil , high microbial fluctuation leads to more carbon emissions",https://phys.org/news/2021-05-soil-high-microbial-fluctuation-carbon.html,phys.org,20210510T104500Z,English,United States
soil carbon requestration,soil carbon storage,Mexico General Law of Sustainable Forestry Development Amendments,https://www.natlawreview.com/article/decree-amending-several-provisions-mexico-s-general-law-sustainable-forestry,natlawreview.com,20210508T224500Z,English,United States
soil carbon requestration,soil carbon storage,South Dakota Producers See Benefits Of Conservation Tillage,https://www.yankton.net/neighbors/article_ee5e48be-a9f6-11eb-94f6-2b33d7af6a27.html,yankton.net,20210501T104500Z,English,United States
soil carbon requestration,soil carbon storage,Plant Responses to Floods Crucial to Modeling Soil Carbon Storage,https://www.azocleantech.com/news.aspx?newsID=29737,azocleantech.com,20210701T174500Z,English,United States
soil carbon requestration,soil carbon storage,Environmental News Network - Floods May be Nearly as Important as Droughts for Future Carbon Accounting,https://www.enn.com/articles/68157-floods-may-be-nearly-as-important-as-droughts-for-future-carbon-accounting,enn.com,20210701T001500Z,English,United States
soil carbon requestration,soil carbon storage,Floods may be nearly as important as droughts for future carbon accounting,https://earth.stanford.edu/news/floods-may-be-nearly-important-droughts-future-carbon-accounting,earth.stanford.edu,20210630T190000Z,English,United States
soil carbon requestration,soil carbon storage,Floods may be nearly as important as droughts for future carbon accounting,https://www.eurekalert.org/pub_releases/2021-06/ssoe-fmb063021.php,eurekalert.org,20210630T184500Z,English,United States
soil carbon requestration,soil carbon storage,Floods may be nearly as important as droughts for future carbon accounting,https://phys.org/news/2021-06-important-droughts-future-carbon-accounting.html,phys.org,20210630T173000Z,English,United States
soil carbon requestration,soil carbon storage,Current conservation practices may be failing to protect life in the soil,https://phys.org/news/2021-06-current-life-soil.html,phys.org,20210624T151500Z,English,United States
soil carbon requestration,soil carbon storage,Novel technologies could reduce agriculture emissions by 70 %,https://www.zmescience.com/science/novel-technologies-could-reduce-agriculture-emissions-by-70/,zmescience.com,20210623T001500Z,English,United States
soil carbon requestration,soil carbon storage,Foundation for Food & Agriculture Research Supports Dairy Net Zero Initiative with $10 Million Grant,https://hoards.com/article-30442-foundation-for-food-&-agriculture-research-supports--dairys-net-zero-initiative-with-$10-million-grant.html,hoards.com,20210622T224500Z,English,United States
soil carbon requestration,soil carbon storage,How can Greenhouse Gas Emissions be Controlled ?,https://www.azocleantech.com/news.aspx?newsID=29676,azocleantech.com,20210622T154500Z,English,United States
soil carbon requestration,soil carbon storage,Changes in farming practices could reduce greenhouse gas emissions by 70 % by 2036,https://www.eurekalert.org/pub_releases/2021-06/dnl-cif061821.php,eurekalert.org,20210621T193000Z,English,United States
soil carbon requestration,soil carbon storage,Changes in farming practices could reduce greenhouse gas emissions by 70 % by 2036,https://phys.org/news/2021-06-farming-greenhouse-gas-emissions.html,phys.org,20210621T191500Z,English,United States
soil carbon requestration,soil carbon storage,Foundation for Food & Agriculture awarded $10m grant,https://www.feedstuffs.com/news/foundation-food-agriculture-awarded-10m-grant,feedstuffs.com,20210618T140000Z,English,United States
soil carbon requestration,soil carbon storage,Dairy sustainability research awarded $10 million grant,https://www.capitalpress.com/ag_sectors/dairy/dairy-sustainability-research-awarded-10-million-grant/article_7d30f2f8-cfb3-11eb-b023-3350385000a5.html,capitalpress.com,20210618T003000Z,English,United States
soil carbon requestration,soil carbon storage,FFAR provides support for | Farm Progress,https://www.farmprogress.com/management/ffar-provides-support-dairys-net-zero-initiative,farmprogress.com,20210617T190000Z,English,United States
soil carbon requestration,soil carbon storage,"CSRWire - Soil Health Institute Selected As Soil Science Research Partner for Dairy Feed , Soil and Water Outcomes for the Net Zero Initiative",https://www.csrwire.com/press_releases/724331-soil-health-institute-selected-soil-science-research-partner-dairy-feed-soil,csrwire.com,20210617T153000Z,English,United States
soil carbon requestration,soil carbon storage,"Changes in environment , government policy , tech raise carbon interest",https://www.farmforum.net/story/news/agriculture/2021/06/15/changes-environment-government-policy-tech-raise-carbon-interest/7514551002/,farmforum.net,20210615T163000Z,English,United States
soil carbon requestration,soil carbon storage,PLC Renews Call for Wild Horse Management - AG INFORMATION NETWORK OF THE WEST,https://www.aginfo.net/report/49821/19/PLC-Renews-Call-for-Wild-Horse-Management,aginfo.net,20210611T003000Z,English,United States
soil carbon requestration,soil carbon storage,Is carbon the  crop  of the future ? | Crops,https://www.hpj.com/crops/is-carbon-the-crop-of-the-future/article_7a2ed228-c347-11eb-a146-eb5091297376.html,hpj.com,20210610T161500Z,English,United States
soil carbon requestration,soil carbon storage,The Gilmer Mirror - Is carbon the crop of the future,http://www.gilmermirror.com/view/full_story/27805785/article-Is-carbon-the--crop--of-the-future-,gilmermirror.com,20210610T140000Z,English,United States
soil carbon requestration,soil carbon storage,PLC Renews Call for Wild Horse Management - AG INFORMATION NETWORK OF THE WEST,https://www.aginfo.net/report/49821/Land-Livestock-Report/PLC-Renews-Call-for-Wild-Horse-Management,aginfo.net,20210608T093000Z,English,United States
soil carbon requestration,soil carbon storage,Is carbon the  crop  of the future ?,https://www.wisfarmer.com/story/news/2021/06/07/carbon-crop-future/7585328002/,wisfarmer.com,20210607T180000Z,English,United States
soil carbon requestration,soil carbon storage,Is Carbon The  Crop  Of The Future ? - ScienceBlog . com,https://scienceblog.com/523121/is-carbon-the-crop-of-the-future/,scienceblog.com,20210604T201500Z,English,United States
soil carbon requestration,soil carbon storage,Carbon as an agriculture commodity - Wilmington News Journal,https://www.wnewsj.com/news/169171/carbon-as-an-agriculture-commodity,wnewsj.com,20210604T171500Z,English,United States
soil carbon requestration,soil carbon storage,Is carbon the  crop  of the future ?,https://phys.org/news/2021-06-carbon-crop-future.html,phys.org,20210604T133000Z,English,United States
soil carbon requestration,soil carbon storage,Is carbon the  crop  of the future ? |,https://www.hpj.com/is-carbon-the-crop-of-the-future/article_7a2ed228-c347-11eb-a146-eb5091297376.html,hpj.com,20210602T153000Z,English,United States
soil carbon requestration,soil carbon storage,Is carbon the  crop  of the future ?,https://www.newswise.com/articles/is-carbon-the-crop-of-the-future,newswise.com,20210601T191500Z,English,United States
soil carbon requestration,soil carbon storage,Build Back Better Act will help national labs jump - start technologies of tomorrow,https://thehill.com/blogs/congress-blog/technology/574038-build-back-better-act-will-help-national-labs-jump-start,thehill.com,20210927T123000Z,English,United States
soil carbon requestration,soil carbon storage,"Chevron continuing drive to lower emissions , but still lacks a net zero target",https://www.upstreamonline.com/energy-transition/chevron-continuing-drive-to-lower-emissions-but-still-lacks-a-net-zero-target/2-1-1068336,upstreamonline.com,20210916T111500Z,English,United States
soil carbon requestration,soil carbon storage,Chevron meets its Permian basin energy demand with renewables,https://www.upstreamonline.com/energy-transition/chevron-meets-its-permian-basin-energy-demand-with-renewables/2-1-1068336,upstreamonline.com,20210916T013000Z,English,United States
soil carbon requestration,soil carbon storage,"Chevron Tripling Low - Carbon Spending to Expand Opportunities , Entice New Customers",https://www.naturalgasintel.com/chevron-tripling-low-carbon-spending-to-expand-opportunities-entice-new-customers/,naturalgasintel.com,20210916T011500Z,English,United States
soil carbon requestration,soil carbon storage,Food Production Generates More Than a Third of Manmade Greenhouse Gas Emissions,https://www.manufacturing.net:443/home/news/21722735/food-production-generates-more-than-a-third-of-manmade-greenhouse-gas-emissions,manufacturing.net,20210914T200000Z,English,United States
soil carbon requestration,soil carbon storage,Food Production Generates More Than a Third of Manmade Greenhouse Gas Emissions,https://www.mbtmag.com:443/home/news/21722735/food-production-generates-more-than-a-third-of-manmade-greenhouse-gas-emissions,mbtmag.com,20210914T161500Z,English,United States
soil carbon requestration,soil carbon storage,New study : How much does food production contribute to emissions ?,https://www.wisfarmer.com/story/news/2021/09/13/new-study-how-much-does-food-production-contribute-emissions/8323168002/,wisfarmer.com,20210914T140000Z,English,United States
soil carbon requestration,soil carbon storage,"Food production generates more than a third of manmade greenhouse gas emissions – a new framework tells us how much comes from crops , countries and regions",https://www.idahopress.com/opinion/conversation/food-production-generates-more-than-a-third-of-manmade-greenhouse-gas-emissions-a-new-framework/article_f13417ff-46c1-5ce8-8538-a65619d7fd29.html,idahopress.com,20210913T230000Z,English,United States
soil carbon requestration,soil carbon storage,"Food production generates more than 1 / 3 of manmade greenhouse gas emissions – a new framework tells us how much comes from crops , countries and regions",https://www.idahopress.com/opinion/conversation/food-production-generates-more-than-1-3-of-manmade-greenhouse-gas-emissions-a-new-framework/article_f13417ff-46c1-5ce8-8538-a65619d7fd29.html,idahopress.com,20210913T183000Z,English,United States
soil carbon requestration,soil carbon storage,"Food production generates more than 1 / 3 of manmade greenhouse gas emissions - a new framework tells us how much comes from crops , countries and regions",https://www.chron.com/news/article/Food-production-generates-more-than-1-3-of-16455075.php,chron.com,20210913T173000Z,English,United States
soil carbon requestration,soil carbon storage,Kernza crop part of Minnesota farmer eco - friendly lineup,https://bismarcktribune.com/news/state-and-regional/kernza-crop-part-of-minnesota-farmers-eco-friendly-lineup/article_cf7399b1-6c82-5300-aa47-0ed6f71d8d98.html,bismarcktribune.com,20210913T104500Z,English,United States
soil carbon requestration,soil carbon storage,Kernza crop part of Minnesota farmer eco - friendly lineup,https://www.chron.com/news/article/Kernza-crop-part-of-Minnesota-farmers-16443693.php,chron.com,20210913T070000Z,English,United States
soil carbon requestration,soil carbon storage,Kernza crop part of Minnesota farmer eco - friendly lineup,https://www.mankatofreepress.com/news/state_national_news/kernza-crop-part-of-minnesota-farmers-eco-friendly-lineup/article_e8128eab-8e46-5f01-aaac-571e55bd21ea.html,mankatofreepress.com,20210913T064500Z,English,United States
soil carbon requestration,soil carbon storage,Kernza crop part of Minnesota farmer eco - friendly lineup,https://www.stamfordadvocate.com/news/article/Kernza-crop-part-of-Minnesota-farmers-16443693.php,stamfordadvocate.com,20210913T054500Z,English,United States
soil carbon requestration,soil carbon storage,Kernza crop part of Minnesota farmer eco - friendly lineup,https://www.sfgate.com/news/article/Kernza-crop-part-of-Minnesota-farmers-16443693.php,sfgate.com,20210913T053000Z,English,United States
soil carbon requestration,soil carbon storage,The Future of Agriculture Combined With Renewable Energy Finds Success at Jack Solar Garden,https://cleantechnica.com/2021/09/10/the-future-of-agriculture-combined-with-renewable-energy-finds-success-at-jacks-solar-garden/,cleantechnica.com,20210910T211500Z,English,United States
soil carbon requestration,soil carbon storage,Minnesota Kernza farmers see a market for earth - friendly grain,https://www.bemidjipioneer.com/business/agriculture/7187530-Minnesota-Kernza-farmers-see-a-market-for-earth-friendly-grain,bemidjipioneer.com,20210909T214500Z,English,United States
soil carbon requestration,soil carbon storage,Minnesota Kernza farmers see a market for earth - friendly grain,https://www.thedickinsonpress.com/business/agriculture/7187530-Minnesota-Kernza-farmers-see-a-market-for-earth-friendly-grain,thedickinsonpress.com,20210909T204500Z,English,United States
soil carbon requestration,soil carbon storage,Minnesota Kernza farmers see a market for earth - friendly grain,https://www.brainerddispatch.com/business/agriculture/7187530-Minnesota-Kernza-farmers-see-a-market-for-earth-friendly-grain,brainerddispatch.com,20210909T201500Z,English,United States
soil carbon requestration,soil carbon storage,Minnesota Kernza farmers see a market for earth - friendly grain,https://www.mitchellrepublic.com/business/agriculture/7187530-Minnesota-Kernza-farmers-see-a-market-for-earth-friendly-grain,mitchellrepublic.com,20210909T194500Z,English,United States
soil carbon requestration,soil carbon storage,Minnesota Kernza farmers see a market for earth - friendly grain,https://www.jamestownsun.com/business/agriculture/7187530-Minnesota-Kernza-farmers-see-a-market-for-earth-friendly-grain,jamestownsun.com,20210909T193000Z,English,United States
soil carbon requestration,soil carbon storage,Minnesota Kernza farmers see a market for earth - friendly grain,https://www.duluthnewstribune.com/business/agriculture/7187530-Minnesota-Kernza-farmers-see-a-market-for-earth-friendly-grain,duluthnewstribune.com,20210909T193000Z,English,United States
soil carbon requestration,soil carbon storage,Minnesota Kernza farmers see a market for earth - friendly grain,https://www.wctrib.com/business/agriculture/7187530-Minnesota-Kernza-farmers-see-a-market-for-earth-friendly-grain,wctrib.com,20210909T190000Z,English,United States
soil carbon requestration,soil carbon storage,Minnesota Kernza farmers see a market for earth - friendly grain,https://www.agweek.com/business/agriculture/7187530-Minnesota-Kernza-farmers-see-a-market-for-earth-friendly-grain,agweek.com,20210909T181500Z,English,United States
soil carbon requestration,soil carbon storage,Minnesota Kernza farmers see a market for earth - friendly grain,https://www.inforum.com/business/agriculture/7187530-Minnesota-Kernza-farmers-see-a-market-for-earth-friendly-grain,inforum.com,20210909T174500Z,English,United States
soil carbon requestration,soil carbon storage,Minnesota Kernza farmers see a market for earth - friendly grain,https://www.grandforksherald.com/business/agriculture/7187530-Minnesota-Kernza-farmers-see-a-market-for-earth-friendly-grain,grandforksherald.com,20210909T171500Z,English,United States
soil carbon requestration,soil carbon storage,Kernza farmers see a market for earth - friendly grain,https://www.southernminn.com/st_peter_herald/news/state/article_065399ed-1dc3-5dbb-b9da-33d220697593.html,southernminn.com,20210908T171500Z,English,United States
soil carbon requestration,soil carbon storage,"Australia 2050 net zero emissions plan relies on  gross manipulation  of data , experts say",http://www.msn.com/en-nz/news/australia/australia-s-2050-net-zero-emissions-plan-relies-on-gross-manipulation-of-data-experts-say/ar-AAQ6CzK,msn.com,20211029T224500Z,English,United States
soil carbon requestration,soil carbon storage,USDA Plan Outlines Climate Change Preparation,https://www.natlawreview.com/article/usda-announces-plan-to-prepare-climate-change,natlawreview.com,20211019T203000Z,English,United States
soil carbon requestration,soil carbon storage,Applications open for Soil Health Advisory Committee,https://www.thefencepost.com/news/applications-open-for-soil-health-advisory-committee/,thefencepost.com,20211019T194500Z,English,United States
soil carbon requestration,soil carbon storage,Less ploughing enables carbon storage in agricultural soils,https://phys.org/news/2021-12-ploughing-enables-carbon-storage-agricultural.html,phys.org,20211201T191500Z,English,United States
soil carbon requestration,soil carbon storage,Less ploughing enables carbon storage in agricultural soils,https://www.miragenews.com/less-ploughing-enables-carbon-storage-in-684960/,miragenews.com,20211201T150000Z,English,United States
soil carbon requestration,soil carbon storage,Plant biodiversity and the regeneration of soil fertility,https://www.pnas.org/content/118/49/e2111321118,pnas.org,20211129T224500Z,English,United States
soil carbon requestration,soil carbon storage,Agriculture and Carbon Markets | UW – Madison Events Calendar,https://today.wisc.edu/events/view/164797,today.wisc.edu,20211129T014500Z,English,United States
soil carbon requestration,soil carbon storage,State ag department seeks applicants for Soil Health Program committee,https://www.montrosepress.com/free_access/state-ag-department-seeks-applicants-for-soil-health-program-committee/article_f6527560-4d82-11ec-983b-ab948bf90e22.html,montrosepress.com,20211125T063000Z,English,United States
soil carbon requestration,soil carbon storage,Team finds that rock weathering boosts soil organic carbon storage,https://phys.org/news/2021-11-team-weathering-boosts-soil-carbon.html,phys.org,20211115T220000Z,English,United States
soil carbon requestration,soil carbon storage,Soil carbon storage rocks on,https://www.miragenews.com/soil-carbon-storage-rocks-on-673742/,miragenews.com,20211115T184500Z,English,United States
soil carbon requestration,soil carbon storage,Could Solar Gardens Boost Traditional Farming with Renewable Energy ?,https://interestingengineering.com/could-solar-gardens-boost-traditional-farming-with-renewable-energy,interestingengineering.com,20211115T164500Z,English,United States
soil carbon requestration,soil carbon storage,Nitrous Oxide Emissions Should Factor into Climate Change Mitigation,https://www.labmanager.com/news/nitrous-oxide-emissions-should-factor-into-climate-change-mitigation-27029,labmanager.com,20211110T011500Z,English,United States
soil carbon requestration,soil carbon storage,Nitrous Oxide Emissions From Agricultural Soils Should Be Factored Into Climate Change Mitigation Efforts,https://www.technologynetworks.com/applied-sciences/news/nitrous-oxide-emissions-from-agricultural-soils-should-be-factored-into-climate-change-mitigation-355612,technologynetworks.com,20211109T170000Z,English,United States
soil carbon requestration,soil carbon storage,Agricultural Soils Produce Sufficient Nitrous Oxide Emissions to Contribute to Climate Change,https://www.azocleantech.com/news.aspx?newsID=30593,azocleantech.com,20211109T151500Z,English,United States
soil carbon requestration,soil carbon storage,Partnership to develop products for carbon markets and nutrient management,https://www.miragenews.com/partnership-to-develop-products-for-carbon-669316/,miragenews.com,20211109T034500Z,English,United States
soil carbon requestration,soil carbon storage,Soil study shows why nitrous oxide emissions should factor into climate change mitigation,https://www.miragenews.com/soil-study-shows-why-nitrous-oxide-emissions-668928/,miragenews.com,20211108T214500Z,English,United States
soil carbon requestration,soil carbon storage,Soil study shows why nitrous oxide emissions should factor into climate change mitigation,https://phys.org/news/2021-11-soil-nitrous-oxide-emissions-factor.html,phys.org,20211108T214500Z,English,United States
soil carbon requestration,soil carbon storage,Livestock antibiotics and rising temperatures disrupt soil microbial communities,https://phys.org/news/2021-11-livestock-antibiotics-temperatures-disrupt-soil.html,phys.org,20211108T214500Z,English,United States
soil carbon requestration,soil carbon storage,Livestock antibiotics and rising temperatures disrupt soil microbial communities,https://www.miragenews.com/livestock-antibiotics-and-rising-temperatures-668913/,miragenews.com,20211108T201500Z,English,United States
soil carbon requestration,soil carbon storage,Large Food Companies Are Looking to Lock Carbon in Soil as a Way To Meet Ambitious Emissions Goals,https://goodmenproject.com/featured-content/large-food-companies-are-looking-to-lock-carbon-in-soil-as-a-way-to-meet-ambitious-emissions-goals/,goodmenproject.com,20220128T074500Z,English,United States
soil carbon requestration,soil carbon storage,Visualizing Carbon Storage in Earth Ecosystems,https://www.visualcapitalist.com/visualizing-carbon-storage-in-earths-ecosystems/,visualcapitalist.com,20220125T214500Z,English,United States
soil carbon requestration,soil carbon storage,Deforestation - free and carbon - negative alternatives for palm oil,https://phys.org/news/2022-01-deforestation-free-carbon-negative-alternatives-palm-oil.html,phys.org,20220124T151500Z,English,United States
soil carbon requestration,soil carbon storage,Deforestation - free and carbon - negative alternatives for palm oil,https://www.miragenews.com/deforestation-free-and-carbon-negative-711597/,miragenews.com,20220124T094500Z,English,United States
soil carbon requestration,soil carbon storage,Hoorman : Three methods for building soil carbon,https://www.crescent-news.com/news/local_farm/hoorman-three-methods-for-building-soil-carbon/article_53f1f650-788a-11ec-835b-33da4ecf6187.html,crescent-news.com,20220122T094500Z,English,United States
soil carbon requestration,soil carbon storage,Aigen raises a $4M seed led by NEA,https://www.altenergymag.com/story/2022/01/aigen-raises-a-4m-seed-led-by-nea/36646/,altenergymag.com,20220119T153000Z,English,United States
soil carbon requestration,soil carbon storage,Aigen Raises $4M in Seed Funding,https://www.finsmes.com/2022/01/aigen-raises-4m-in-seed-funding.html,finsmes.com,20220119T144500Z,English,United States
soil carbon requestration,soil carbon storage,Aigen raises a $4M seed led by NEA,https://markets.businessinsider.com/news/stocks/aigen-raises-a-4m-seed-led-by-nea-1031109923,markets.businessinsider.com,20220118T173000Z,English,United States
soil carbon requestration,soil carbon storage,Aigen raises a $4M seed led by NEA,https://www.prnewswire.com:443/news-releases/aigen-raises-a-4m-seed-led-by-nea-301462407.html,prnewswire.com,20220118T171500Z,English,United States
soil carbon requestration,soil carbon storage,Innovative Bioenergy Model Helps Boosts Renewable Energy Source,https://www.azocleantech.com/news.aspx?newsID=30969,azocleantech.com,20220117T173000Z,English,United States
soil carbon requestration,soil carbon storage,"Effects of different intensities of long - term grazing on plant diversity , biomass and carbon stock in alpine shrubland on the Qinghai - Tibetan Plateau",https://peerj.com/articles/12771/,peerj.com,20220112T143000Z,English,United States
soil carbon requestration,soil carbon storage,How Bonterra Winery Leapfrogged Ahead Of Other Businesses To Achieve Climate Neutral Certification In 2021,https://www.forbes.com/sites/lizthach/2022/01/12/how-bonterra-winery-leapfrogged-ahead-of-other-businesses-to-achieve-climate-neutral-certification-in-2021/,forbes.com,20220112T140000Z,English,United States
soil carbon requestration,soil carbon storage,Fire may increase long - term carbon storage,https://www.miragenews.com/fire-may-increase-long-term-carbon-storage-703433/,miragenews.com,20220106T224500Z,English,United States
soil carbon requestration,soil carbon storage,"Up to 40 % of the World Land Is Degraded by Humans , UN Report Warns",https://www.ecowatch.com/land-degradation-un-report.html,ecowatch.com,20220428T161500Z,English,United States
soil carbon requestration,soil carbon storage,"What is decarbonization , and how do we make it happen ?",https://phys.org/news/2022-04-decarbonization.html,phys.org,20220422T154500Z,English,United States
soil carbon requestration,soil carbon storage,Grassroots Carbon increases access for all to carbon credit market participation through new Patch - powered storefront,https://www.einnews.com/pr_news/569509159/grassroots-carbon-increases-access-for-all-to-carbon-credit-market-participation-through-new-patch-powered-storefront,einnews.com,20220422T141500Z,English,United States
soil carbon requestration,soil carbon storage,"What Is Decarbonization , and How Do We Make It Happen ?",https://news.climate.columbia.edu/2022/04/22/what-is-decarbonization-and-how-do-we-make-it-happen/,news.climate.columbia.edu,20220422T130000Z,English,United States
soil carbon requestration,soil carbon storage,Federal Agency / Executive Branch – Advanced BioFuels united states,https://advancedbiofuelsusa.info/category/federal-agency/,advancedbiofuelsusa.info,20220418T090000Z,English,United States
soil carbon requestration,soil carbon storage,Presentations – Advanced BioFuels united states,https://advancedbiofuelsusa.info/category/presentations/,advancedbiofuelsusa.info,20220418T090000Z,English,United States
soil carbon requestration,soil carbon storage,Events – Advanced BioFuels united states,https://advancedbiofuelsusa.info/category/events/,advancedbiofuelsusa.info,20220418T090000Z,English,United States
soil carbon requestration,soil carbon storage,Energy – Advanced BioFuels united states,https://advancedbiofuelsusa.info/category/federal-agency/energy/,advancedbiofuelsusa.info,20220418T090000Z,English,United States
soil carbon requestration,soil carbon storage,Other Conferences / Events – Advanced BioFuels united states,https://advancedbiofuelsusa.info/category/presentations/presentations-other-conferences/,advancedbiofuelsusa.info,20220418T090000Z,English,United States
soil carbon requestration,soil carbon storage,Webinars / Online Completed ; often available on - demand – Advanced BioFuels united states,https://advancedbiofuelsusa.info/category/events/webinars-completed/,advancedbiofuelsusa.info,20220418T090000Z,English,United States
soil carbon requestration,soil carbon storage,Farming / Growing – Advanced BioFuels united states,https://advancedbiofuelsusa.info/category/invrastructure/infrastructure-farminggrowing/,advancedbiofuelsusa.info,20220418T090000Z,English,United States
soil carbon requestration,soil carbon storage,Carbon Capture / Storage – Advanced BioFuels united states,https://advancedbiofuelsusa.info/category/r-d-focus/rd-carbon-capture/,advancedbiofuelsusa.info,20220418T090000Z,English,United States
soil carbon requestration,soil carbon storage,Completed Events – Advanced BioFuels united states,https://advancedbiofuelsusa.info/category/events/completed-events/,advancedbiofuelsusa.info,20220418T090000Z,English,United States
soil carbon requestration,soil carbon storage,Infrastructure – Advanced BioFuels united states,https://advancedbiofuelsusa.info/category/invrastructure/,advancedbiofuelsusa.info,20220418T090000Z,English,United States
soil carbon requestration,soil carbon storage,Feedstocks – Advanced BioFuels united states,https://advancedbiofuelsusa.info/category/feedstocks/,advancedbiofuelsusa.info,20220418T090000Z,English,United States
soil carbon requestration,soil carbon storage,R & D Focus – Advanced BioFuels united states,https://advancedbiofuelsusa.info/category/r-d-focus/,advancedbiofuelsusa.info,20220418T090000Z,English,United States
soil carbon requestration,soil carbon storage,Government Resources – Advanced BioFuels united states,https://advancedbiofuelsusa.info/category/resources/government-resources/,advancedbiofuelsusa.info,20220418T090000Z,English,United States
soil carbon requestration,soil carbon storage,Wyoming – Advanced BioFuels united states,https://advancedbiofuelsusa.info/category/states/states-wyoming/,advancedbiofuelsusa.info,20220418T090000Z,English,United States
soil carbon requestration,soil carbon storage,Resources – Advanced BioFuels united states,https://advancedbiofuelsusa.info/category/resources/,advancedbiofuelsusa.info,20220418T090000Z,English,United States
soil carbon requestration,soil carbon storage,Field / Orchard / Plantation Crops / Residues – Advanced BioFuels united states,https://advancedbiofuelsusa.info/category/feedstocks/feedstock-field-crops/,advancedbiofuelsusa.info,20220418T090000Z,English,United States
soil carbon requestration,soil carbon storage,Workshop : Bioenergy Role in Soil Carbon Storage – Advanced BioFuels united states,https://advancedbiofuelsusa.info/workshop-bioenergys-role-in-soil-carbon-storage/,advancedbiofuelsusa.info,20220416T001500Z,English,United States
soil carbon requestration,soil carbon storage,We can halve emissions by 2030 but time to act is now : IPCC,https://www.miragenews.com/we-can-halve-emissions-by-2030-but-time-to-act-758128/,miragenews.com,20220405T000000Z,English,United States
soil carbon requestration,soil carbon storage,Stepping Stones For Sustainable Food Systems,https://cleantechnica.com/2022/05/30/stepping-stones-for-sustainable-food-systems/,cleantechnica.com,20220530T194500Z,English,United States
soil carbon requestration,soil carbon storage,"EU missed climate spending target , despite claiming it was met – auditors",https://whbl.com/2022/05/30/eu-missed-climate-spending-target-despite-claiming-it-was-met-auditors/,whbl.com,20220530T193000Z,English,United States
soil carbon requestration,soil carbon storage,"EU missed climate spending target , despite claiming it was met – auditors",https://katcountry989.com/2022/05/30/eu-missed-climate-spending-target-despite-claiming-it-was-met-auditors/,katcountry989.com,20220530T171500Z,English,United States
soil carbon requestration,soil carbon storage,"EU missed climate spending target , despite claiming it was met",http://www.msn.com/en-us/news/world/eu-missed-climate-spending-target-despite-claiming-it-was-met-auditors/ar-AAXTdQv,msn.com,20220530T161500Z,English,United States
soil carbon requestration,soil carbon storage,Teals and Greens will turn up heat on new Labor government climate policy,https://www.miragenews.com/teals-and-greens-will-turn-up-heat-on-new-labor-786645/,miragenews.com,20220522T021500Z,English,United States
soil carbon requestration,soil carbon storage,Four new Carls bound for Fulbright travel – News – Carleton College,https://www.carleton.edu/news/stories/four-new-carls-bound-for-fulbright-travel/,carleton.edu,20220517T231500Z,English,United States
soil carbon requestration,soil carbon storage,How Much Carbon Do Soils Hold ? – Advanced BioFuels united states,https://advancedbiofuelsusa.info/how-much-carbon-do-soils-hold/,advancedbiofuelsusa.info,20220504T210000Z,English,United States
soil carbon requestration,soil carbon storage,"With climate catastrophe looming , experts say world also needs carbon removal solutions",https://phys.org/news/2022-05-climate-catastrophe-looming-experts-world.html,phys.org,20220502T211500Z,English,United States
soil carbon requestration,soil carbon storage,Climate - smart agriculture in Wisconsin,https://www.wisfarmer.com/story/opinion/columnists/2022/07/25/climate-smart-agriculture-wisconsin/10150340002/,wisfarmer.com,20220726T040000Z,English,United States
soil carbon requestration,soil carbon storage,"Multi - objective optimization can balance trade - offs among boreal caribou , biodiversity , and climate change objectives when conservation hotspots do not overlap",https://www.nature.com/articles/s41598-022-15274-8,nature.com,20220713T151500Z,English,United States
soil carbon requestration,soil carbon storage,farm policy – Advanced BioFuels united states,https://advancedbiofuelsusa.info/tag/farm-policy/,advancedbiofuelsusa.info,20220713T143000Z,English,United States
soil carbon requestration,soil carbon storage,Grassroots Carbon announces the first scholarships awarded to support regenerative grazing education,https://www.einnews.com/pr_news/580800878/grassroots-carbon-announces-the-first-scholarships-awarded-to-support-regenerative-grazing-education,einnews.com,20220712T133000Z,English,United States
soil carbon requestration,soil carbon storage,Marshes combat climate change by storing carbon . Scientists want to know how much,https://www.aol.com/news/marshes-combat-climate-change-storing-110000861.html,aol.com,20220710T120000Z,English,United States
soil carbon requestration,soil carbon storage,Unlocking better soil carbon sequestration by studying silicon deposits in plants,https://phys.org/news/2022-07-soil-carbon-sequestration-silicon-deposits.html,phys.org,20220707T143000Z,English,United States
soil carbon requestration,soil carbon storage,Product from agriculture waste could become  big thing  for Iowa farmers,https://muscatinejournal.com/agriculture/product-from-agriculture-waste-could-become-big-thing-for-iowa-farmers/article_0ce6fbf4-d9ba-5b75-abd3-07047e18474c.html,muscatinejournal.com,20220707T043000Z,English,United States
soil carbon requestration,soil carbon storage,Product from agriculture waste could become  big thing  for Iowa farmers,https://globegazette.com/agriculture/product-from-agriculture-waste-could-become-big-thing-for-iowa-farmers/article_374a39b9-46a8-50b6-9625-5815b31fe57e.html,globegazette.com,20220707T031500Z,English,United States
soil carbon requestration,soil carbon storage,Product from agriculture waste could become  big thing  for Iowa farmers,https://wcfcourier.com/agriculture/product-from-agriculture-waste-could-become-big-thing-for-iowa-farmers/article_9ba24369-a4c2-5080-91b9-8da4e77c59db.html,wcfcourier.com,20220707T023000Z,English,United States
soil carbon requestration,soil carbon storage,Product from agriculture waste could become  big thing  for Iowa farmers,https://qctimes.com/agriculture/product-from-agriculture-waste-could-become-big-thing-for-iowa-farmers/article_35e427e0-5e73-5299-a8ac-adbef0cf2a75.html,qctimes.com,20220707T020000Z,English,United States
soil carbon requestration,soil carbon storage,Product from agriculture waste could become  big thing  for Iowa farmers,https://nonpareilonline.com/agriculture/product-from-agriculture-waste-could-become-big-thing-for-iowa-farmers/article_5d786e82-1ad5-54e7-a799-5961a12b30a4.html,nonpareilonline.com,20220707T014500Z,English,United States
soil carbon requestration,soil carbon storage,Product from agriculture waste could become  big thing  for Iowa farmers,https://siouxcityjournal.com/agriculture/product-from-agriculture-waste-could-become-big-thing-for-iowa-farmers/article_f3e21abc-7f37-54bb-9259-d88eaeec0419.html,siouxcityjournal.com,20220707T013000Z,English,United States
soil carbon requestration,soil carbon storage,"Story Tips : Split - Second Leak Detection , Serendipitous Silicon and Retrofitting Untapped Dams",https://www.newswise.com/doescience/story-tips-split-second-leak-detection-serendipitous-silicon-and-retrofitting-untapped-dams/?article_id=773994,newswise.com,20220706T181500Z,English,United States
soil carbon requestration,soil carbon storage,Product from agriculture waste could become  big thing  for farmers,https://www.thegazette.com/government-politics/product-from-agriculture-waste-could-become-big-thing-for-farmers/,thegazette.com,20220706T134500Z,English,United States
soil carbon requestration,soil carbon storage,Marshes combat climate change by storing carbon . Scientists want to know how much . – WABE,https://www.wabe.org/marshes-combat-climate-change-by-storing-carbon-scientists-want-to-know-how-much/,wabe.org,20220705T224500Z,English,United States
soil carbon requestration,soil carbon storage,USDA Picks 70 Partnerships for Climate - Smart Commodities in Historic $2 . 8B Investment – Advanced BioFuels united states,https://advancedbiofuelsusa.info/usda-picks-70-partnerships-for-climate-smart-commodities-in-historic-2-8b-investment/,advancedbiofuelsusa.info,20220920T144500Z,English,United States
soil carbon requestration,soil carbon storage,USDA picks 70 Partnerships for Climate - Smart Commodities in historic $2 . 8B investment : Biofuels Digest,https://www.biofuelsdigest.com/bdigest/2022/09/19/usda-picks-70-partnerships-for-climate-smart-commodities-in-historic-2-8b-investment/,biofuelsdigest.com,20220919T171500Z,English,United States
soil carbon requestration,soil carbon storage,Partnership Led by Roeslein Alternative Energy Wins $80 Million Grant to Develop New Climate - Smart Agriculture Value Chain,https://www.azocleantech.com/news.aspx?newsID=32262,azocleantech.com,20220915T131500Z,English,United States
soil carbon requestration,soil carbon storage,How Kenyans help themselves and the planet by saving mangrove trees,https://www.sciencenews.org/article/kenya-mangrove-trees-forest-carbon-storage-climate,sciencenews.org,20220914T113000Z,English,United States
soil carbon requestration,soil carbon storage,Targeted News Service,https://targetednews.com/pr_disp.php?pr_id=7937702,targetednews.com,20220908T150000Z,English,United States
soil carbon requestration,soil carbon storage,Kaiyu Guan Charts the Course from Blue Waters to Delta,https://cs.illinois.edu/news/kaiyu-guan-charts-the-course-from-blue-waters-to-delta,cs.illinois.edu,20221025T211500Z,English,United States
soil carbon requestration,soil carbon storage,Contrasting response of fungal versus bacterial residue accumulation within soil aggregates to long - term fertilization,https://www.nature.com/articles/s41598-022-22064-9,nature.com,20221025T123000Z,English,United States
soil carbon requestration,soil carbon storage,"U of I paper spotlights challenges , solutions to ag role in carbon markets",https://www.effinghamdailynews.com/news/u-of-i-paper-spotlights-challenges-solutions-to-ags-role-in-carbon-markets/article_e5956062-53d4-11ed-bb7b-97b51a7dd7f1.html,effinghamdailynews.com,20221024T203000Z,English,United States
soil carbon requestration,soil carbon storage,The 22 Best Eco - Friendly Gifts for Sustainable Giving,https://www.marieclaire.com/fashion/best-eco-friendly-gifts/,marieclaire.com,20221024T183000Z,English,United States
soil carbon requestration,soil carbon storage,Labor and Environment Movement Complex Stance on Green New Deal,https://consortiumnews.com/2019/08/12/labor-and-environment-movements-complex-stance-on-green-new-deal/,consortiumnews.com,20221021T130000Z,English,United States
soil carbon requestration,soil carbon storage,A New Search Engine that  cooling  the Planet : About Tundra,https://energy.einnews.com/pr_news/596919790/a-new-search-engine-that-s-cooling-the-planet-about-tundra,energy.einnews.com,20221020T183000Z,English,United States
soil carbon requestration,soil carbon storage,Improving Carbon Storage in Soils,https://www.newsdakota.com/2022/10/06/improving-carbon-storage-in-soils/,newsdakota.com,20221006T170000Z,English,United States
soil carbon requestration,soil carbon storage,Improving Carbon Storage in Soils,https://www.agnews890.com/2022/10/06/improving-carbon-storage-in-soils/,agnews890.com,20221006T154500Z,English,United States
soil carbon requestration,soil carbon storage,Improving carbon storage in soils,https://www.miragenews.com/improving-carbon-storage-in-soils-867549/,miragenews.com,20221004T061500Z,English,United States
soil carbon requestration,soil carbon storage,"Climate , Soil and Biodiversity are Key to Supporting Drylands Under Increased Grazing Pressure",https://www.azocleantech.com/news.aspx?newsID=32661,azocleantech.com,20221129T141500Z,English,United States
soil carbon requestration,soil carbon storage,Researchers discover root exudates have surprising and counterintuitive impact on soil carbon storage,https://phys.org/news/2022-11-root-exudates-counterintuitive-impact-soil.html,phys.org,20221128T163000Z,English,United States
soil carbon requestration,soil carbon storage,Most dry rangelands under danger due to increased grazing demand,https://www.bignewsnetwork.com/news/273133162/most-dry-rangelands-under-danger-due-to-increased-grazing-demand,bignewsnetwork.com,20221126T211500Z,English,United States
soil carbon requestration,soil carbon storage,Interaction of grazing with biodiversity and climate affects ecosystem services,https://www.miragenews.com/interaction-of-grazing-with-biodiversity-and-903059/,miragenews.com,20221124T194500Z,English,United States
soil carbon requestration,soil carbon storage,Increased grazing pressure threatens the most arid rangelands,https://phys.org/news/2022-11-grazing-pressure-threatens-arid-rangelands.html,phys.org,20221124T193000Z,English,United States
soil carbon requestration,soil carbon storage,UChicago students explore climate solutions at UN COP27 conference in Egypt,https://news.uchicago.edu/story/uchicago-students-explore-climate-solutions-un-cop27-conference-egypt,news.uchicago.edu,20221117T193000Z,English,United States
soil carbon requestration,soil carbon storage,Planting and management of improved grass in tropical savannas can increase soil carbon by 15 %,https://phys.org/news/2022-11-grass-tropical-savannas-soil-carbon.html,phys.org,20221110T211500Z,English,United States
soil carbon requestration,soil carbon storage,"Ongoing research explores impacts , solutions after Marshall Fire",https://phys.org/news/2022-12-ongoing-explores-impacts-solutions-marshall.html,phys.org,20221222T171500Z,English,United States
soil carbon requestration,soil carbon storage,U . S . carbon farming takes root - but do the economics add up ?,https://www.agweek.com/news/policy/u-s-carbon-farming-takes-root-but-do-the-economics-add-up,agweek.com,20221221T234500Z,English,United States
soil carbon requestration,soil carbon storage,New search engine redefines what it means to search for environmental,https://energy.einnews.com/pr_news/607309419/new-search-engine-redefines-what-it-means-to-search-for-environmental,energy.einnews.com,20221220T183000Z,English,United States
soil carbon requestration,soil carbon storage,"Regenerative farms focus on soil health , chase carbon offset credits",https://www.csmonitor.com/Environment/2022/1214/Farm-economics-How-much-are-soil-carbon-credits-worth,csmonitor.com,20221214T171500Z,English,United States
soil carbon requestration,soil carbon storage,US carbon farming takes root - but do the economics add up ?,https://www.malaymail.com/news/money/2022/12/12/us-carbon-farming-takes-root-but-do-the-economics-add-up/44858,malaymail.com,20221212T170000Z,English,United States
soil carbon requestration,soil carbon storage,"What Mitt Romney , senators ask USDA to do for Western farmers",https://www.ksl.com/article/50534087/what-mitt-romney-senators-ask-usda-to-do-for-western-farmers,ksl.com,20221207T233000Z,English,United States
soil carbon requestration,soil carbon storage,Examining the future of Finland forests and peatlands as a carbon sink,https://phys.org/news/2022-12-future-finland-forests-peatlands-carbon.html,phys.org,20221207T191500Z,English,United States
soil carbon requestration,soil carbon storage,How Should the USDA Spend its Research Budget ? ( We Have Some Ideas .) - Union of Concerned Scientists,https://blog.ucsusa.org/alice-reznickova/how-should-the-usda-spend-its-research-budget-we-have-some-ideas/,blog.ucsusa.org,20221207T001500Z,English,United States
soil carbon requestration,soil carbon storage,Soil tainted by air pollution expels carbon,https://phys.org/news/2023-02-soil-tainted-air-pollution-expels.html,phys.org,20230201T110000Z,English,United States
soil carbon requestration,soil carbon storage,Land OLakes helps push for sustainable farming,http://greatlakesecho.org/2023/01/26/land-olakes-helps-push-for-sustainable-farming/,greatlakesecho.org,20230126T120000Z,English,United States
soil carbon requestration,soil carbon storage,Can we increase the carbon content of agricultural soils ?,https://phys.org/news/2023-01-carbon-content-agricultural-soils.html,phys.org,20230125T214500Z,English,United States
soil carbon requestration,soil carbon storage,Reconnecting  island habitat  with wild corridors in Brazil Atlantic Forest,https://www.msn.com/en-us/lifestyle/lifestyle-buzz/reconnecting-island-habitat-with-wild-corridors-in-brazil-s-atlantic-forest/ar-AA19hk40,msn.com,20230330T200000Z,English,United States
soil carbon requestration,soil carbon storage,A wise tool for modifying microbes,https://phys.org/news/2023-03-wise-tool-microbes.html,phys.org,20230328T223000Z,English,United States
soil carbon requestration,soil carbon storage,Use Nature as Infrastructure - Scientific American,https://www.scientificamerican.com/article/use-nature-as-infrastructure/,scientificamerican.com,20230326T131500Z,English,United States
soil carbon requestration,soil carbon storage,Moisture key to sequester carbon,https://www.agupdate.com/agriview/agriview/news/crop/moisture-key-to-sequester-carbon/article_e45d3d8a-87e3-50a6-9d41-5297916e8832.html,agupdate.com,20230324T223000Z,English,United States
soil carbon requestration,soil carbon storage,Young California ranchers are finding new ways to raise livestock and improve the land,https://news.yahoo.com/young-california-ranchers-finding-ways-131029271.html,news.yahoo.com,20230304T161500Z,English,United States
soil carbon requestration,soil carbon storage,Preserving Wildlife Climate Critical Topics for 2023 Farm Bill / Public News Service,https://www.publicnewsservice.org/2023-03-02/environment/preserving-wildlife-climate-critical-topics-for-2023-farm-bill/a83269-1,publicnewsservice.org,20230302T090000Z,English,United States
soil carbon requestration,soil carbon storage,"Study : Tree diversity increases storage of carbon and nitrogen in forest soils , mitigating climate change",https://news.umich.edu/study-tree-diversity-increases-storage-of-carbon-and-nitrogen-in-forest-soils-mitigating-climate-change/,news.umich.edu,20230426T233000Z,English,United States
soil carbon requestration,soil carbon storage,Scientists trying to determine what will happen to massive carbon stores as rainforests dry out,https://phys.org/news/2023-04-scientists-massive-carbon-rainforests-dry.html,phys.org,20230417T220000Z,English,United States
soil carbon requestration,soil carbon storage,Carbon  bank  at risk of failure : Scientists trying to determine what will happen to massive carbon stores as rainforests dry out,https://warnercnr.source.colostate.edu/carbon-bank-at-risk-of-failure-scientists-trying-to-determine-what-will-happen-to-massive-carbon-stores-as-rainforests-dry-out/,warnercnr.source.colostate.edu,20230414T033000Z,English,United States
soil carbon requestration,soil carbon storage,Edge of Ag News,https://www.agupdate.com/agriview/agriview/news/crop/edge-of-ag-news/article_764d38c8-923e-5054-b68b-edc751cb5593.html,agupdate.com,20230413T203000Z,English,United States
soil carbon requestration,soil carbon storage,Building soil carbon – Ohio Ag Net | Ohio Country Journal,https://ocj.com/2023/04/building-soil-carbon-2/,ocj.com,20230412T020000Z,English,United States
soil carbon requestration,soil carbon storage,"Microorganisms are key to storing carbon in soils , shows new study",https://article.wn.com/view/2023/05/29/Microorganisms_are_key_to_storing_carbon_in_soils_shows_new_/,article.wn.com,20230529T181500Z,English,United States
soil carbon requestration,soil carbon storage,WVU researcher looking for  holy grail  of sustainable bioenergy,https://www.register-herald.com/news/education/wvu-researcher-looking-for-holy-grail-of-sustainable-bioenergy/article_ebca5cc0-f916-11ed-b5d3-3fe087ec1f85.html,register-herald.com,20230523T153000Z,English,United States
soil carbon requestration,soil carbon storage,"WVU researcher searching for sustainable bioenergy | News , Sports , Jobs",https://www.theintermountain.com/news/communities/2023/05/wvu-researcher-searching-for-sustainable-bioenergy/,theintermountain.com,20230520T074500Z,English,United States
soil carbon requestration,soil carbon storage,WVU researcher searching for  holy grail  of sustainable bioenergy | WV News,https://www.wvnews.com/statejournal/news/wvnews/wvu-researcher-searching-for-holy-grail-of-sustainable-bioenergy/article_f8028fd4-f58e-11ed-9819-cf4bd4c63979.html,wvnews.com,20230518T164500Z,English,United States
soil carbon requestration,soil carbon storage,WVU researcher searching for  holy grail  of sustainable bioenergy | WV News,https://www.wvnews.com/theet/news/wvnews/wvu-researcher-searching-for-holy-grail-of-sustainable-bioenergy/article_f8028fd4-f58e-11ed-9819-cf4bd4c63979.html,wvnews.com,20230518T163000Z,English,United States
soil carbon requestration,soil carbon storage,How Tree Diversity Can Help Us Combat Climate Change,https://www.onegreenplanet.org/environment/tree-diversity-help-combat-climate-change/,onegreenplanet.org,20230517T190000Z,English,United States
soil carbon requestration,soil carbon storage,"Daily Top News : Three - Legged Dog Walks Upright , How Artificial Sweeteners Disrupt Your Metabolic Health , Ant Mounds Are Important For Biodiversity , and More !",https://www.onegreenplanet.org/news/daily-top-news-three-legged-dog-artificial-sweeteners-disrupt-metabolic-health-ant-mounds-important-biodiversity/,onegreenplanet.org,20230517T190000Z,English,United States
soil carbon requestration,soil carbon storage,1st cohort of UKinSPIRE fellows to pursue international research projects,http://uknow.uky.edu/research/first-cohort-ukinspire-fellows-pursue-international-research-projects,uknow.uky.edu,20230516T123000Z,English,United States
soil carbon requestration,soil carbon storage,How climate change may threaten soil ability to capture carbon – Harvard Gazette,https://news.harvard.edu/gazette/story/2023/05/how-climate-change-may-threaten-soils-ability-to-capture-carbon/,news.harvard.edu,20230512T004500Z,English,United States
soil carbon requestration,soil carbon storage,What Will Happen to Massive Carbon Stores as Rain Forests Dry Out,https://www.labmanager.com/news/what-will-happen-to-massive-carbon-stores-as-rain-forests-dry-out-30141,labmanager.com,20230510T143000Z,English,United States
soil carbon requestration,soil carbon storage,Carbon Dynamics in Missouri Diverse Ecosystems : Implications for Climate Change,https://www.natureworldnews.com/articles/57057/20230622/carbon-dynamics-missouri-s-diverse-ecosystems-implications-climate-change.htm,natureworldnews.com,20230622T063000Z,English,United States
soil carbon requestration,soil carbon storage,Regenerative Food Certification : Gold Standard or Greenwashing ?,https://modernfarmer.com/2023/08/regenerative-food-certification/,modernfarmer.com,20230824T114500Z,English,United States
soil carbon requestration,soil carbon storage,Enhanced Rock Weathering Could Help Meet IPCC Carbon Removal Goal for Slowing Climate Change,https://www.azocleantech.com/news.aspx?newsID=33874,azocleantech.com,20230817T144500Z,English,United States
soil carbon requestration,soil carbon storage,Planting  rocks in farms could help meet key IPCC carbon removal goal,https://scienceblog.com/539204/planting-rocks-in-farms-could-help-meet-key-ipcc-carbon-removal-goal/,scienceblog.com,20230815T174500Z,English,United States
soil carbon requestration,soil carbon storage,"Planting  rocks in farms , along with emissions reductions , could help meet key IPCC carbon removal goal",https://www.sciencedaily.com/releases/2023/08/230814174539.htm,sciencedaily.com,20230815T144500Z,English,United States
soil carbon requestration,soil carbon storage,Climate activists | The Benicia Independent ~ Eyes on the Environment / Benicia news & views,https://beniciaindependent.com/topics/climate-activists/,beniciaindependent.com,20230814T204500Z,English,United States
soil carbon requestration,soil carbon storage,Two Thirds Of World Biodiversity Lives In The Soil – Eurasia Review,https://www.eurasiareview.com/14082023-two-thirds-of-worlds-biodiversity-lives-in-the-soil/,eurasiareview.com,20230813T234500Z,English,United States
soil carbon requestration,soil carbon storage,Two - thirds of the world biodiversity lives in the soil,https://phys.org/news/2023-08-two-thirds-world-biodiversity-soil.html,phys.org,20230808T120000Z,English,United States
soil carbon requestration,soil carbon storage,Invasive Earthworms Alter Soil in Canada Boreal Forests,https://www.miragenews.com/invasive-earthworms-alter-soil-in-canadas-1081608/,miragenews.com,20230911T090000Z,English,United States
soil carbon requestration,soil carbon storage,Greenwashing or greening agriculture ? Food companies developing efforts to prevent carbon in soil from leaking into the atmosphere,https://geneticliteracyproject.org/2023/09/11/greenwashing-or-greening-agriculture-food-companies-developing-efforts-to-prevent-carbon-in-soil-from-leaking-into-the-atmosphere/,geneticliteracyproject.org,20230911T081500Z,English,United States
soil carbon requestration,soil carbon storage,Capturing carbon in savannas : New research examines role of grasses for controlling climate change,https://www.sciencedaily.com/releases/2023/09/230907105857.htm,sciencedaily.com,20230907T200000Z,English,United States
soil carbon requestration,soil carbon storage,Study sheds light on role of grasses in climate change control,https://www.bignewsnetwork.com/news/273957955/study-sheds-light-on-role-of-grasses-in-climate-change-control,bignewsnetwork.com,20230907T044500Z,English,United States
soil carbon requestration,soil carbon storage,Soil Microbes & Symbiotic Relationship in Plants – Mother Earth News,https://www.motherearthnews.com/organic-gardening/symbiotic-relationship-plants-zm0z23djzols/,motherearthnews.com,20231021T020000Z,English,United States
soil carbon requestration,soil carbon storage,"Drier savannas , grasslands store more climate - buffering carbon than previously believed",https://phys.org/news/2023-10-drier-savannas-grasslands-climate-buffering-carbon.html,phys.org,20231002T173000Z,English,United States
soil carbon requestration,soil carbon storage,"Minerals and land use determine carbon storage in soils , finds study",https://phys.org/news/2023-11-minerals-carbon-storage-soils.html,phys.org,20231128T224500Z,English,United States
soil carbon requestration,soil carbon storage,The truth behind net zero,https://www.michigandaily.com/opinion/the-truth-behind-net-zero/,michigandaily.com,20231121T031500Z,English,United States
soil carbon requestration,soil carbon storage,Novel method to measure root depth may lead to more resilient crops,https://phys.org/news/2024-03-method-root-depth-resilient-crops.html,phys.org,20240320T153000Z,English,United States
soil carbon requestration,soil carbon storage,Scientists combine a spatially distributed sediment delivery model and biogeochemical model to estimate fluxes by water,https://phys.org/news/2024-04-scientists-combine-spatially-sediment-delivery.html,phys.org,20240425T203000Z,English,United States
soil carbon requestration,soil carbon storage,"noco - noco Collaborates with Binex to Develop Agriculture Based , Soil Sequestered Carbon into Credits",https://finance.yahoo.com/news/noco-noco-collaborates-binex-develop-133000738.html,finance.yahoo.com,20240424T141500Z,English,United States
soil carbon requestration,soil carbon storage,Soil - Trapped Trillions of Carbon Tonnes Ignored in Environmental Models,https://www.miragenews.com/soil-trapped-trillions-of-carbon-tonnes-ignored-1213833/,miragenews.com,20240412T063000Z,English,United States
soil carbon requestration,soil carbon storage,Integrated dataset enables genes - to - ecosystems research,https://www.sciencedaily.com/releases/2024/04/240408125933.htm,sciencedaily.com,20240408T201500Z,English,United States
soil carbon requestration,soil carbon storage,First - of - its - kind integrated dataset enables genes - to - ecosystems research,https://www.newswise.com/articles/first-of-its-kind-integrated-dataset-enables-genes-to-ecosystems-research/?ad2f=1&aid=809380,newswise.com,20240408T164500Z,English,United States
soil carbon requestration,soil carbon storage,The path to net zero in dairy,https://www.feednavigator.com/Article/2024/04/04/The-path-to-net-zero-in-dairy,feednavigator.com,20240404T191500Z,English,United States
soil carbon requestration,soil carbon storage,TINT Launches Carbon Credit Program for Events and Tourism Brands,https://www.prnewswire.com/news-releases/tint-launches-carbon-credit-program-for-events-and-tourism-brands-302108646.html,prnewswire.com,20240404T174500Z,English,United States
soil carbon requestration,soil carbon storage,TINT Launches Carbon Credit Program for Events and Tourism Brands,https://www.streetinsider.com/PRNewswire/TINT+Launches+Carbon+Credit+Program+for+Events+and+Tourism+Brands/23029224.html,streetinsider.com,20240404T174500Z,English,United States
soil carbon requestration,soil carbon storage,"Turk investigating soil health over time , a key to climate resilience strategies",https://www.thefencepost.com/news/turk-investigating-soil-health-over-time-a-key-to-climate-resilience-strategies/,thefencepost.com,20240531T011500Z,English,United States
soil carbon requestration,soil carbon storage,Microscopic fungi enhance soil carbon storage in new landscapes created by shrinking Arctic glaciers,https://phys.org/news/2024-07-microscopic-fungi-soil-carbon-storage.html,phys.org,20240701T193000Z,English,United States
soil carbon requestration,soil carbon storage,Ben and Jerry Is Set On Proving Dairy Can Help Solve Climate Change,https://www.dairyherd.com/news/business/ben-and-jerrys-set-proving-dairy-can-help-solve-climate-change,dairyherd.com,20240627T234500Z,English,United States
soil carbon requestration,soil carbon storage,Spectroscopy : A Key Tool for Climate Change,https://www.azooptics.com/Article.aspx?ArticleID=2652,azooptics.com,20240730T124500Z,English,United States
soil carbon requestration,soil carbon storage,The Hidden Hero Beneath Our Feet : How Soil Organic Carbon Can Mitigate Climate Change,https://www.zmescience.com/ecology/boosting-organic-carbon-soil-climate-change/,zmescience.com,20240718T124500Z,English,United States
soil carbon requestration,soil carbon storage,Microscopic fungi enhance soil carbon storage in new landscapes created by shrinking Arctic glaciers,https://phys.org/news/2024-07-microscopic-fungi-soil-carbon-storage.html,phys.org,20240701T193000Z,English,United States
soil carbon requestration,soil carbon storage,Breakthough Institute : Are cover crops the silver bullet to reduce agricultural carbon emissions as regenerative - farming enthusiasts claim ? Time for a rethink,https://geneticliteracyproject.org/2024/08/02/breakthough-institute-are-cover-crops-the-silver-bullet-to-reduce-agricultural-carbon-emissions-as-regenerative-farming-enthusiasts-claim-time-for-a-rethink/,geneticliteracyproject.org,20240802T053000Z,English,United States
soil carbon requestration,soil carbon storage,New research reveals climate change impact on Northeastern forests may be lower than expected,https://phys.org/news/2024-09-reveals-climate-impact-northeastern-forests.html,phys.org,20240925T194500Z,English,United States
soil carbon requestration,soil carbon storage,Q & A : UH climate - smart agriculture project prepares for next phase | University of Hawaiʻi System News,https://www.hawaii.edu/news/2024/09/19/climate-smart-agriculture/,hawaii.edu,20240919T220000Z,English,United States
soil carbon requestration,soil carbon storage,"Soil treated with organic fertilizers stores more carbon , study finds",https://phys.org/news/2024-09-soil-fertilizers-carbon.html,phys.org,20240904T214500Z,English,United States
soil carbon requestration,soil carbon storage,Plant Diversity Enhances Soil Carbon Retention,https://www.eurasiareview.com/27102024-plant-diversity-enhances-soil-carbon-retention/,eurasiareview.com,20241027T023000Z,English,United States
soil carbon requestration,soil carbon storage,Testing effects of perennial cover crops on soil health and corn production,https://phys.org/news/2024-10-effects-perennial-crops-soil-health.html,phys.org,20241015T163000Z,English,United States
soil carbon requestration,soil carbon storage,Warmer winters mean world highest places may store less carbon,https://www.newscientist.com/article/2451852-warmer-winters-mean-worlds-highest-places-may-store-less-carbon/,newscientist.com,20241014T203000Z,English,United States
soil carbon requestration,soil carbon storage,Researchers make stunning discovery after examining farmland treated only with organic fertilizers for decades : [ Will ] help us to move forward,https://www.yahoo.com/tech/researchers-stunning-discovery-examining-farmland-104525693.html,yahoo.com,20241013T133000Z,English,United States
soil carbon requestration,soil carbon storage,Local nonprofit hosts festive tree - planting fundraiser,https://mynorthwest.com/3991251/plant-today-protect-tomorrow-mountains-to-sound-greenway-trust-hosts-tree-planting-fundraiser/,mynorthwest.com,20241004T003000Z,English,United States
soil carbon requestration,soil carbon storage,Purdue tests effects of perennial cover crops on soil health and corn production,https://www.agrinews-pubs.com/news/science/2024/12/16/purdue-tests-effects-of-perennial-cover-crops-on-soil-health-and-corn-production/,agrinews-pubs.com,20241216T060000Z,English,United States
soil carbon requestration,soil carbon storage,Hedges capture more carbon than grassland,https://www.yahoo.com/news/hedges-capture-more-carbon-grassland-134242423.html,yahoo.com,20250209T141500Z,English,United States
soil carbon requestration,soil carbon storage,"Hedgerows increase soil carbon storage by 40 %, study finds",https://phys.org/news/2025-02-hedgerows-soil-carbon-storage.html,phys.org,20250206T170000Z,English,United States
soil carbon requestration,soil carbon storage,Hedgerows Increase Soil Carbon Storage By 40 %,https://www.miragenews.com/hedgerows-increase-soil-carbon-storage-by-40-1403875/,miragenews.com,20250206T111500Z,English,United States
soil carbon requestration,soil carbon storage,Skeptical Science New Research for Week # 13 2025,https://skepticalscience.com/new_research_2025_13.html,skepticalscience.com,20250327T081500Z,English,United States
soil carbon requestration,soil carbon storage,Widespread slow growth of acquisitive tree species,https://www.nature.com/articles/s41586-025-08692-x,nature.com,20250319T181500Z,English,United States
soil carbon requestration,soil carbon storage,Analyst raises alarm over concerning issue with staple grocery item and it could lead to rising prices,https://www.yahoo.com/news/analyst-raises-alarm-over-concerning-101522097.html,yahoo.com,20250316T123000Z,English,United States
soil carbon requestration,soil carbon storage,"Agroforestry key to Hawaii carbon - neutral goals , new UH study reveals : Big Island Now",https://bigislandnow.com/2025/03/15/agroforestry-key-to-hawaiis-carbon-neutral-goals-new-study-reveals/,bigislandnow.com,20250315T140000Z,English,United States
soil carbon requestration,soil carbon storage,Agroforestry key to Hawaiʻi path to carbon neutrality goal | University of Hawaiʻi System News,https://www.hawaii.edu/news/2025/03/13/agroforestry-key-to-carbon-neutrality/,hawaii.edu,20250313T204500Z,English,United States
soil carbon requestration,soil carbon storage,Why Are We Ignoring The Most Powerful Climate Solution ?,https://www.zerohedge.com/geopolitical/why-are-we-ignoring-most-powerful-climate-solution,zerohedge.com,20250307T033000Z,English,United States
soil carbon requestration,soil carbon storage,"USDA Announces Federal Actions , $700 Million For Regenerative Agriculture Practices",https://www.mondaq.com:443/unitedstates/food-and-drugs-law/1720356/usda-announces-federal-actions-$700-million-for-regenerative-agriculture-practices,mondaq.com,20251218T090000Z,English,United States
soil carbon requestration,soil carbon storage,"Soil molecular diversity spikes as microbes decompose plants , researchers discover",https://phys.org/news/2025-12-soil-molecular-diversity-spikes-microbes.html,phys.org,20251217T220000Z,English,United States
soil carbon requestration,soil carbon storage,"High Winds , Grassfire Risk and the Marshall Fire Anniversary",https://www.newswise.com/articles/high-winds-grassfire-risk-and-the-marshall-fire-anniversary,newswise.com,20251216T171500Z,English,United States
soil carbon requestration,soil carbon storage,"USDA Announces Federal Actions , $700 Million for Regenerative Agriculture Practices | Holland & Knight LLP",https://www.jdsupra.com/legalnews/usda-announces-federal-actions-700-2221107/,jdsupra.com,20251212T214500Z,English,United States
soil carbon requestration,soil carbon storage,"Sara E . Kuebbing , Author at Eos",https://eos.org/author/sara-e-kuebbing,eos.org,20251208T151500Z,English,United States
soil carbon requestration,soil carbon storage,"Alex Polussa , Author at Eos",https://eos.org/author/alex-polussa,eos.org,20251208T151500Z,English,United States
soil carbon requestration,soil carbon storage,"Savannah Gupton , Author at Eos",https://eos.org/author/savannah-gupton,eos.org,20251208T151500Z,English,United States
