domain,keyword,title,url,source_domain,seendate,language,country
restoration of vegetated coastal ecosystems,blue carbon,How small businesses are shaping the holster industry,http://www.guns.com/2017/02/27/how-small-businesses-are-shaping-the-holster-industry/,guns.com,20170227T204500Z,English,United States
restoration of vegetated coastal ecosystems,blue carbon,CL Writing Contest 2017 ( Top 10 Poetry ): The First Settlers,http://www.cltampa.com/arts-entertainment/words/article/20853266/cl-writing-contest-2017-top-10-poetry-the-first-settlers,cltampa.com,20170224T230000Z,English,United States
restoration of vegetated coastal ecosystems,blue carbon,Launch of the Ocean and Climate Initiatives Alliance,http://www.irishsun.com/index.php/sid/251977619,irishsun.com,20170224T204500Z,English,United States
restoration of vegetated coastal ecosystems,blue carbon,Launch of the Ocean and Climate Initiatives Alliance,http://www.environmentguru.com/pages/elements/element.aspx?id=4578937,environmentguru.com,20170224T163000Z,English,United States
restoration of vegetated coastal ecosystems,blue carbon,The Role of ASEAN in Addressing Global Ocean Issues,http://asiafoundation.org/2017/02/22/role-asean-addressing-global-ocean-issues/,asiafoundation.org,20170223T000000Z,English,United States
restoration of vegetated coastal ecosystems,blue carbon,These Aston Martin Vantages Dial Down The Lipstick To Look Way More Awesome,http://jalopnik.com/these-aston-martin-vantages-dial-down-the-lipstick-to-l-1792587547,jalopnik.com,20170221T223000Z,English,United States
restoration of vegetated coastal ecosystems,blue carbon,Jay Leno drives YouTuber former Pagani Huayra,http://www.motorauthority.com/news/1108970_jay-leno-drives-youtubers-former-pagani-huayra,motorauthority.com,20170221T174500Z,English,United States
restoration of vegetated coastal ecosystems,blue carbon,Making the Deep Blue Sea Green Again — Global Issues,http://www.globalissues.org/news/2017/02/20/22889,globalissues.org,20170220T124500Z,English,United States
restoration of vegetated coastal ecosystems,blue carbon,Making the Deep Blue Sea Green Again,http://www.ipsnews.net/2017/02/making-the-deep-blue-sea-green-again/,ipsnews.net,20170220T044500Z,English,United States
restoration of vegetated coastal ecosystems,blue carbon,Brabus G500 4x4 Has Red Engine and Smurf Skin Interior,https://www.autoevolution.com/news/brabus-g500-4x4-has-red-engine-and-smurf-skin-interior-115494.html,autoevolution.com,20170217T141500Z,English,United States
restoration of vegetated coastal ecosystems,blue carbon,This Is The New Pagani Huayra Roadster In All Its Open Top Glory,http://www.carscoops.com/2017/02/this-is-new-pagani-huayra-roadster-in.html,carscoops.com,20170215T223000Z,English,United States
restoration of vegetated coastal ecosystems,blue carbon,"764 HP Pagani Huayra Roadster Is Lighter than the Coupe , Obviously Sold Out",https://www.autoevolution.com/news/764-hp-pagani-huayra-roadster-is-lighter-than-the-coupe-obviously-sold-out-115427.html,autoevolution.com,20170214T214500Z,English,United States
restoration of vegetated coastal ecosystems,blue carbon,"2016 Ferrari 488 Spider For Sale $399 , 900",http://www.dupontregistry.com/autos/listing/2016/ferrari/488--spider/1588272,dupontregistry.com,20170213T190000Z,English,United States
restoration of vegetated coastal ecosystems,blue carbon,Coastal wetlands excel at storing carbon,http://environmentalresearchweb.org/cws/article/yournews/67807,environmentalresearchweb.org,20170209T154500Z,English,United States
restoration of vegetated coastal ecosystems,blue carbon,Northwest Madagascar Regional Manager,http://reliefweb.int/job/1888849/northwest-madagascar-regional-manager,reliefweb.int,20170208T143000Z,English,United States
restoration of vegetated coastal ecosystems,blue carbon,climate mitigation – Summit County Citizens Voice,https://summitcountyvoice.com/tag/climate-mitigation/,summitcountyvoice.com,20170208T004500Z,English,United States
restoration of vegetated coastal ecosystems,blue carbon,coatal wetlands – Summit County Citizens Voice,https://summitcountyvoice.com/tag/coatal-wetlands/,summitcountyvoice.com,20170208T004500Z,English,United States
restoration of vegetated coastal ecosystems,blue carbon,Coastal wetlands seen as key piece of global carbon cycle – Summit County Citizens Voice,https://summitcountyvoice.com/2017/02/07/coastal-wetlands-seen-as-key-piece-of-global-carbon-cycle/,summitcountyvoice.com,20170208T004500Z,English,United States
restoration of vegetated coastal ecosystems,blue carbon,blue carbon – Summit County Citizens Voice,https://summitcountyvoice.com/tag/blue-carbon/,summitcountyvoice.com,20170208T004500Z,English,United States
restoration of vegetated coastal ecosystems,blue carbon,Carbon Sink,https://wn.com/Carbon_Sink,wn.com,20170207T144500Z,English,United States
restoration of vegetated coastal ecosystems,blue carbon,Blue carbon science for sustainable coastal development,http://humanitariannews.org/20170207/blue-carbon-science-sustainable-coastal-development,humanitariannews.org,20170207T051500Z,English,United States
restoration of vegetated coastal ecosystems,blue carbon,A Bay in Denmark May Hold the Global Record for Carbon Storage,http://e360.yale.edu/digest/a_bay_in_denmark_may_hold_global_record_for_carbon_storage,e360.yale.edu,20170206T193000Z,English,United States
restoration of vegetated coastal ecosystems,blue carbon,Are  Blue Carbon  Projects a Win for the Climate and the People ?,http://e360.yale.edu/features/african_mangroves_blue_carbon_win_for_climate_and_for_people,e360.yale.edu,20170206T193000Z,English,United States
restoration of vegetated coastal ecosystems,blue carbon,Which Sources of Blue Carbon Measure Up to the Mitigation Challenge ? – Cool Green Science,http://blog.nature.org/science/2017/02/02/which-sources-of-blue-carbon-measure-up-to-the-mitigation-challenge/,blog.nature.org,20170202T153000Z,English,United States
restoration of vegetated coastal ecosystems,blue carbon,Mangroves and marshes key in the climate change battle,http://www.huffingtonpost.com/iucn-planet-at-the-crossroads/mangroves-and-marshes-key_b_14566424.html,huffingtonpost.com,20170202T101500Z,English,United States
restoration of vegetated coastal ecosystems,blue carbon,wildsingapore news : Coastal wetlands excel at storing carbon,http://wildsingaporenews.blogspot.com/2017/02/coastal-wetlands-excel-at-storing-carbon.html,wildsingaporenews.blogspot.com,20170202T053000Z,English,United States
restoration of vegetated coastal ecosystems,blue carbon,Study : Restoring Wetlands Could Help Fix Climate Change,http://www.mainemirror.com/index.php/sid/251391185,mainemirror.com,20170202T010000Z,English,United States
restoration of vegetated coastal ecosystems,blue carbon,Study : Restoring Wetlands Could Help Fix Climate Change,http://www.clevelandstar.com/index.php/sid/251391185,clevelandstar.com,20170202T010000Z,English,United States
restoration of vegetated coastal ecosystems,blue carbon,"Maryland – New analysis supports mangrove forests , tidal marshes and seagrass meadows as effective climate buffers",http://coastalnewstoday.com/maryland-new-analysis-supports-mangrove-forests-tidal-marshes-and-seagrass-meadows-as-effective-climate-buffers/,coastalnewstoday.com,20170201T231500Z,English,United States
restoration of vegetated coastal ecosystems,blue carbon,Study : Restoring Wetlands Could Help Fix Climate Change,http://www.tucsonpost.com/index.php/sid/251391185,tucsonpost.com,20170201T220000Z,English,United States
restoration of vegetated coastal ecosystems,blue carbon,Study : Restoring Wetlands Could Help Fix Climate Change,http://www.hawaiitelegraph.com/index.php/sid/251391185,hawaiitelegraph.com,20170201T210000Z,English,United States
restoration of vegetated coastal ecosystems,blue carbon,"Coastal Wetlands Mitigate Global Warming , Study Says",http://www.plenglish.com/index.php?o=rn&id=8737&SEO=coastal-wetlands-mitigate-global-warming-study-says,plenglish.com,20170201T203000Z,English,United States
restoration of vegetated coastal ecosystems,blue carbon,Study : Restoring Wetlands Could Help Fix Climate Change,http://www.voanews.com/a/climate-change-wetlands/3701799.html,voanews.com,20170201T201500Z,English,United States
restoration of vegetated coastal ecosystems,blue carbon,"Coastal wetlands excel at storing carbon : New analysis supports mangrove forests , tidal marshes and seagrass meadows as effective climate buffers",https://www.sciencedaily.com/releases/2017/02/170201092705.htm,sciencedaily.com,20170201T183000Z,English,United States
restoration of vegetated coastal ecosystems,blue carbon,Sustainable Ecosystems and Community News : Coastal Wetlands Excel at Storing Carbon,http://www.enn.com/ecosystems/article/50429,enn.com,20170201T174500Z,English,United States
restoration of vegetated coastal ecosystems,blue carbon,Climate Change News : Coastal Wetlands Excel at Storing Carbon,http://www.enn.com/climate/article/50429,enn.com,20170201T174500Z,English,United States
restoration of vegetated coastal ecosystems,blue carbon,"Coastal Wetlands Mitigate Global Warming , Study Says",http://plenglish.com/index.php?o=rn&id=8737&SEO=coastal-wetlands-mitigate-global-warming-study-says,plenglish.com,20170201T174500Z,English,United States
restoration of vegetated coastal ecosystems,blue carbon,"New analysis supports mangrove forests , tidal marshes and seagrass meadows as effective climate buffers",https://phys.org/news/2017-02-analysis-mangrove-forests-tidal-marshes.html,phys.org,20170201T081500Z,English,United States
restoration of vegetated coastal ecosystems,blue carbon,Coastal wetlands excel at storing carbon,http://humanitariannews.org/20170201/coastal-wetlands-excel-storing-carbon,humanitariannews.org,20170201T080000Z,English,United States
restoration of vegetated coastal ecosystems,blue carbon,Coastal wetlands excel at storing carbon,https://www.eurekalert.org/pub_releases/2017-02/uom-cwe012617.php,eurekalert.org,20170201T070000Z,English,United States
restoration of vegetated coastal ecosystems,blue carbon,"Why Is This McLaren 675LT Worth Almost $500 , 000 ?",http://www.carbuzz.com/news/2017/6/26/Why-Is-This-McLaren-675LT-Worth-Almost-500-000-7739837/,carbuzz.com,20170630T134500Z,English,United States
restoration of vegetated coastal ecosystems,blue carbon,"Huawei announces their new flagship , the Huawei Honor 9",http://techaeris.com/2017/06/27/huawei-new-flagship-huawei-honor-9/,techaeris.com,20170627T220000Z,English,United States
restoration of vegetated coastal ecosystems,blue carbon,"Honor 9 official with 20MP and 12MP rear cameras , now starting global rollout",https://www.phonedog.com/2017/06/27/honor-9-official-specs-launch-price,phonedog.com,20170627T184500Z,English,United States
restoration of vegetated coastal ecosystems,blue carbon,Honor 9 launches as the  Light Catcher  on the global market,http://www.androidguys.com/2017/06/27/honor-9-launches-as-the-light-catcher-on-the-global-market/,androidguys.com,20170627T170000Z,English,United States
restoration of vegetated coastal ecosystems,blue carbon,Honor 9 and Honor Band 3 global price and availability revealed,http://www.androidauthority.com/honor-9-global-availability-783094/,androidauthority.com,20170627T161500Z,English,United States
restoration of vegetated coastal ecosystems,blue carbon,Huawei announces global launch details of the Honor 9 and Honor Band 3,http://www.zdnet.com/article/huawei-announces-global-launch-details-of-the-honor-9-and-honor-band-3/,zdnet.com,20170627T143000Z,English,United States
restoration of vegetated coastal ecosystems,blue carbon,"Honor Unveils New Flagship , the Honor 9",http://www.prnewswire.com/news-releases/honor-unveils-new-flagship-the-honor-9-300480159.html,prnewswire.com,20170627T140000Z,English,United States
restoration of vegetated coastal ecosystems,blue carbon,"Huawei announces the Honor 9 for Europe , starts at €449 . 99",http://www.androidpolice.com/2017/06/27/huawei-announces-honor-9-europe-starts-e449-99/,androidpolice.com,20170627T133000Z,English,United States
restoration of vegetated coastal ecosystems,blue carbon,How much carbon can polar seafloor ecosystems store ?,https://phys.org/news/2017-06-carbon-polar-seafloor-ecosystems.html,phys.org,20170627T114500Z,English,United States
restoration of vegetated coastal ecosystems,blue carbon,Six Degrees of Separation,https://everything2.com/title/Six+Degrees+of+Separation,everything2.com,20170626T154500Z,English,United States
restoration of vegetated coastal ecosystems,blue carbon,BAS British Antarctic Survey,http://www.4-traders.com/news/BAS-British-Antarctic-Survey-How-much-carbon-can-polar-seafloor-ecosystems-store--24654394/,4-traders.com,20170626T150000Z,English,United States
restoration of vegetated coastal ecosystems,blue carbon,$487k McLaren 675LT Spider Has MSO Magic Touch,http://www.carscoops.com/2017/06/487k-mclaren-675lt-spider-has-msos.html,carscoops.com,20170626T004500Z,English,United States
restoration of vegetated coastal ecosystems,blue carbon,"2018 Subaru Outback Starts at $26 , 810 , Legacy Priced From $23 , 055",http://www.motortrend.com/news/2018-subaru-outback-starts-at-26810-legacy-priced-from-23055/,motortrend.com,20170623T230000Z,English,United States
restoration of vegetated coastal ecosystems,blue carbon,Ulysse Nardin Executive Skeleton Tourbillon in Blue,http://blog.dupontregistry.com/sponsored/ulysse-nardin-executive-skeleton-tourbillon-blue/,blog.dupontregistry.com,20170623T170000Z,English,United States
restoration of vegetated coastal ecosystems,blue carbon,Lessons on conservation from  the land of eternal mangroves,https://www.devex.com/news/lessons-on-conservation-from-the-land-of-eternal-mangroves-90343,devex.com,20170619T111500Z,English,United States
restoration of vegetated coastal ecosystems,blue carbon,Abarth Pays Tribute To Riva With 695 Rivale 175th Anniversary,https://www.autoevolution.com/news/abarth-pays-tribute-to-riva-with-695-rivale-175th-anniversary-118618.html,autoevolution.com,20170614T171500Z,English,United States
restoration of vegetated coastal ecosystems,blue carbon,UN Secretary,http://environmentalresearchweb.org/cws/article/yournews/69056,environmentalresearchweb.org,20170612T154500Z,English,United States
restoration of vegetated coastal ecosystems,blue carbon,Algren Award finalist :  We Could Learn a Lot  by Lori Ann Stephens,http://www.chicagotribune.com/lifestyles/books/literary-awards/ct-algren-award-finalist-we-could-learn-a-lot-by-lori-ann-stephens-20170609-story.html,chicagotribune.com,20170610T151500Z,English,United States
restoration of vegetated coastal ecosystems,blue carbon,"World ignores warming , pollution of oceans at own peril , say speakers",https://www.ncronline.org/blogs/eco-catholic/world-ignores-warming-pollution-oceans-own-peril-say-speakers,ncronline.org,20170609T014500Z,English,United States
restoration of vegetated coastal ecosystems,blue carbon,Caribbean Herald,http://www.caribbeanherald.com/news/253519358/coastal-blue-carbon-ecosystems--supporting-food-security-sustainable-oceans-and-climate-action,caribbeanherald.com,20170608T200000Z,English,United States
restoration of vegetated coastal ecosystems,blue carbon,"World ignores warming , pollution of oceans at own peril , say speakers – Catholic Philly",http://catholicphilly.com/2017/06/news/world-news/world-ignores-warming-pollution-of-oceans-at-own-peril-say-speakers/,catholicphilly.com,20170608T200000Z,English,United States
restoration of vegetated coastal ecosystems,blue carbon,"World ignores warming , pollution of oceans at own peril , say speakers",http://www.cathstan.org/Content/News/News/Article/World-ignores-warming-pollution-of-oceans-at-own-peril-say-speakers/2/2/7904,cathstan.org,20170608T194500Z,English,United States
restoration of vegetated coastal ecosystems,blue carbon,Can America Comply With The Paris Accords Without Trump ? Only If Red States Join In,https://www.forbes.com/sites/thebakersinstitute/2017/06/07/can-america-comply-with-the-paris-accords-without-trump-only-if-red-states-join-in/,forbes.com,20170607T191500Z,English,United States
restoration of vegetated coastal ecosystems,blue carbon,Can America Comply With The Paris Accords Without Trump ? Only If Red States Join In,http://www.forbes.com/sites/thebakersinstitute/2017/06/07/can-america-comply-with-the-paris-accords-without-trump-only-if-red-states-join-in/,forbes.com,20170607T184500Z,English,United States
restoration of vegetated coastal ecosystems,blue carbon,The Spousal Report : 2017 Volvo V60 Polestar,http://www.nydailynews.com/autos/latest-reviews/2017-volvo-v60-polestar-spousal-report-article-1.3227939,nydailynews.com,20170607T141500Z,English,United States
restoration of vegetated coastal ecosystems,blue carbon,This Pagani Huayra BC Is A Red,http://www.carbuzz.com/news/2017/6/3/This-Pagani-Huayra-BC-Is-A-Red-Carbon-Masterpiece-7739465/,carbuzz.com,20170606T144500Z,English,United States
restoration of vegetated coastal ecosystems,blue carbon,Third World is on our way to the @ unitednations to perform on Tuesday June 6 for Oceans Conference Week .,http://www.ieyenews.com/wordpress/third-world-is-on-our-way-to-the-unitednations-to-perform-on-tuesday-june-6-for-oceans-conference-week/,ieyenews.com,20170606T040000Z,English,United States
restoration of vegetated coastal ecosystems,blue carbon,UN Secretary,http://www.un.org/sustainabledevelopment/blog/2017/06/un-secretary-general-opens-ocean-conference-calling-on-countries-to-set-aside-short-term-gain-to-avoid-catastrophe/,un.org,20170605T221500Z,English,United States
restoration of vegetated coastal ecosystems,blue carbon,Surge in voluntary commitments for ocean action as Conference to halt ocean degradation set to open ( Press release ),http://www.un.org/sustainabledevelopment/blog/2017/06/surge-in-voluntary-commitments-for-ocean-action-as-conference-to-halt-ocean-degradation-set-to-open-press-release/,un.org,20170605T141500Z,English,United States
restoration of vegetated coastal ecosystems,blue carbon,Surge in Voluntary Commitments for Ocean Action as Conference to Halt Ocean Degradation Set To Open — Naharnet,http://www.naharnet.com/stories/en/230957-surge-in-voluntary-commitments-for-ocean-action-as-conference-to-halt-ocean-degradation-set-to-open,naharnet.com,20170605T130000Z,English,United States
restoration of vegetated coastal ecosystems,blue carbon,Surge in voluntary commitments for ocean action as Conference to halt ocean degradation set to open,http://reliefweb.int/report/world/surge-voluntary-commitments-ocean-action-conference-halt-ocean-degradation-set-open,reliefweb.int,20170605T101500Z,English,United States
restoration of vegetated coastal ecosystems,blue carbon,Call for Action at U . N . Ocean Conference,http://www.maritime-executive.com/article/call-for-action-at-un-ocean-conference,maritime-executive.com,20170604T221500Z,English,United States
restoration of vegetated coastal ecosystems,blue carbon,Two Days at the Grand Bay National Estuarine Research Reserve – National Geographic Society ( blogs ),http://voices.nationalgeographic.com/2017/06/01/two-days-at-the-grand-bay-national-estuarine-research-reserve/,voices.nationalgeographic.com,20170602T010000Z,English,United States
restoration of vegetated coastal ecosystems,blue carbon,Seamounts : The  Serengeti  of the Ocean – National Geographic Society ( blogs ),http://voices.nationalgeographic.com/2017/06/01/seamounts-the-serengeti-of-the-ocean/,voices.nationalgeographic.com,20170601T201500Z,English,United States
restoration of vegetated coastal ecosystems,blue carbon,deadspin,http://jalopnik.com/a-pagani-rally-in-italy-puts-all-other-car-meets-to-sha-1797437035,jalopnik.com,20170801T191500Z,English,United States
restoration of vegetated coastal ecosystems,blue carbon,"On International Day , UN spotlights threatened coastal mangrove ecosystems",http://www.un.org/sustainabledevelopment/blog/2017/07/on-international-day-un-spotlights-threatened-coastal-mangrove-ecosystems/,un.org,20170731T221500Z,English,United States
restoration of vegetated coastal ecosystems,blue carbon,"Despite workplace innovations , some ( laughable ) resistance exists",http://bismarcktribune.com/news/state-and-regional/despite-workplace-innovations-some-laughable-resistance-exists/article_7c5cc8e3-7a90-5456-a1d0-3f71dc12beda.html,bismarcktribune.com,20170730T004500Z,English,United States
restoration of vegetated coastal ecosystems,blue carbon,Rare 1991 ALPINA B12 up for sale,http://www.bmwblog.com/2017/07/28/rare-1991-alpina-b12-sale/,bmwblog.com,20170728T143000Z,English,United States
restoration of vegetated coastal ecosystems,blue carbon,"Environmental Policy news : On International Day , UN spotlights threatened coastal mangrove ecosystems",http://www.enn.com/environmental_policy/article/51973,enn.com,20170727T154500Z,English,United States
restoration of vegetated coastal ecosystems,blue carbon,What on Earth is a  carbon offset ?,http://blog.conservation.org/2017/07/what-on-earth-is-a-carbon-offset/,blog.conservation.org,20170727T151500Z,English,United States
restoration of vegetated coastal ecosystems,blue carbon,"wildsingapore news : On International Day , UN spotlights threatened coastal mangrove ecosystems",http://wildsingaporenews.blogspot.com/2017/07/on-international-day-un-spotlights.html,wildsingaporenews.blogspot.com,20170727T093000Z,English,United States
restoration of vegetated coastal ecosystems,blue carbon,Coastal Mangroves among Most Imperilled Ecosystems – 67 % Have Been Lost to Date,https://human-wrongs-watch.net/2017/07/27/coastal-mangroves-among-most-imperilled-ecosystems-67-have-been-lost-to-date/,human-wrongs-watch.net,20170727T081500Z,English,United States
restoration of vegetated coastal ecosystems,blue carbon,Irish Sun,http://www.irishsun.com/news/254121954/on-international-day-un-spotlights-threatened-coastal-mangrove-ecosystems,irishsun.com,20170727T011500Z,English,United States
restoration of vegetated coastal ecosystems,blue carbon,"Sustainable Ecosystems and Community News : On International Day , UN spotlights threatened coastal mangrove ecosystems",http://www.enn.com/ecosystems/article/51973,enn.com,20170726T234500Z,English,United States
restoration of vegetated coastal ecosystems,blue carbon,United Nations News Centre,http://www.un.org/apps/news/story.asp?NewsID=57255,un.org,20170726T201500Z,English,United States
restoration of vegetated coastal ecosystems,blue carbon,News in Brief 26 July 2017 ( AM ),http://www.unmultimedia.org/radio/english/2017/07/news-in-brief-26-july-2017-am/,unmultimedia.org,20170726T191500Z,English,United States
restoration of vegetated coastal ecosystems,blue carbon,deadspin,http://jalopnik.com/car-spotting-in-london-makes-you-realize-how-poor-you-a-1797267393,jalopnik.com,20170726T180000Z,English,United States
restoration of vegetated coastal ecosystems,blue carbon,Sharks revealed as the great protectors of seagrass,https://phys.org/news/2017-07-sharks-revealed-great-protectors-seagrass.html,phys.org,20170726T153000Z,English,United States
restoration of vegetated coastal ecosystems,blue carbon,Mangroves,http://blogs.worldbank.org/category/tags/mangroves,blogs.worldbank.org,20170726T043000Z,English,United States
restoration of vegetated coastal ecosystems,blue carbon,Honor 9 global availability announced alongside Honor Band 3,http://androidandme.com/2017/06/news/honor-9-global-availability-honor-band-3/,androidandme.com,20170721T000000Z,English,United States
restoration of vegetated coastal ecosystems,blue carbon,Open Source GIS Tools Helping Save Mangrove Forests,https://www.directionsmag.com/article/1069,directionsmag.com,20170718T044500Z,English,United States
restoration of vegetated coastal ecosystems,blue carbon,Transforming business as usual in Indonesia : an interview with Aida Greenbury,https://news.mongabay.com/2017/07/transforming-business-as-usual-in-indonesia-an-interview-with-aida-greenbury/,news.mongabay.com,20170717T200000Z,English,United States
restoration of vegetated coastal ecosystems,blue carbon,Protect coastal areas to help prevent climate change,http://gulfnews.com/news/uae/environment/protect-coastal-areas-to-help-prevent-climate-change-1.2059645,gulfnews.com,20170716T171500Z,English,United States
restoration of vegetated coastal ecosystems,blue carbon,Open Source GIS Tools Helping Save Mangrove Forests,http://www.directionsmag.com/entry/open-source-gis-tools-helping-to-save-mangrove-forests/503447,directionsmag.com,20170712T151500Z,English,United States
restoration of vegetated coastal ecosystems,blue carbon,"Why Yes , This Is A 260 MPH Standing",http://www.mustangandfords.com/featured-vehicles/1707-why-yes-this-is-a-260-mph-standing-mile-shelby-gt500/,mustangandfords.com,20170710T233000Z,English,United States
restoration of vegetated coastal ecosystems,blue carbon,Check Out Bugatti Newly Redesigned German Showroom,http://www.carbuzz.com/news/2017/9/26/Check-Out-Bugatti-s-Newly-Redesigned-German-Showroom-7741255/,carbuzz.com,20170926T200000Z,English,United States
restoration of vegetated coastal ecosystems,blue carbon,"Radon Gas , Down Payments and More",http://www.wbt.com/media/audio-channel/radon-gas-down-payments-and-more,wbt.com,20170926T041500Z,English,United States
restoration of vegetated coastal ecosystems,blue carbon,Global Masterbatch Industry,http://www.marketwatch.com/story/global-masterbatch-industry-2017-09-21,marketwatch.com,20170921T194500Z,English,United States
restoration of vegetated coastal ecosystems,blue carbon,Global Masterbatch Industry,http://www.prnewswire.com/news-releases/global-masterbatch-industry-300524032.html,prnewswire.com,20170921T194500Z,English,United States
restoration of vegetated coastal ecosystems,blue carbon,Energy analyst proposes injecting carbon dioxide into deep sea ravines for permanent storage,https://phys.org/news/2017-09-energy-analyst-carbon-dioxide-deep.html,phys.org,20170920T140000Z,English,United States
restoration of vegetated coastal ecosystems,blue carbon,Refined Marques Can Make Your Dream Car A Reality,http://www.carbuzz.com/news/2017/9/20/Refined-Marques-Can-Make-Your-Dream-Car-A-Reality-7741148/,carbuzz.com,20170920T110000Z,English,United States
restoration of vegetated coastal ecosystems,blue carbon,Salomon / Atomic Ski Picking Recap,http://fasterskier.com/fsarticle/salomon-atomic-ski-picking-recap/,fasterskier.com,20170919T234500Z,English,United States
restoration of vegetated coastal ecosystems,blue carbon,Science in the Seashore Symposium at National Seashore,http://capecodtoday.com/article/2017/09/07/234345-Science-Seashore-Symposium-National-Seashore,capecodtoday.com,20170907T201500Z,English,United States
restoration of vegetated coastal ecosystems,blue carbon,Science in the Seashore Symposium at National Seashore,http://www.capecodtoday.com/article/2017/09/07/234345-Science-Seashore-Symposium-National-Seashore,capecodtoday.com,20170907T193000Z,English,United States
restoration of vegetated coastal ecosystems,blue carbon,Pagani Zonda Barchetta Arrives in Miami,http://blog.dupontregistry.com/pagani/zonda-barchetta-miami-9617/,blog.dupontregistry.com,20170906T181500Z,English,United States
restoration of vegetated coastal ecosystems,blue carbon,5 Things to Do This Week : Sept . 8,http://boxford.wickedlocal.com/news/20170906/5-things-to-do-this-week-sept-8-15/1,boxford.wickedlocal.com,20170906T163000Z,English,United States
restoration of vegetated coastal ecosystems,blue carbon,5 Things to Do This Week : Sept . 8,http://hamilton.wickedlocal.com/news/20170906/5-things-to-do-this-week-sept-8-15/1,hamilton.wickedlocal.com,20170906T163000Z,English,United States
restoration of vegetated coastal ecosystems,blue carbon,5 Things to Do This Week : Sept . 8,http://topsfield.wickedlocal.com/news/20170906/5-things-to-do-this-week-sept-8-15/1,topsfield.wickedlocal.com,20170906T161500Z,English,United States
restoration of vegetated coastal ecosystems,blue carbon,5 Things to Do This Week : Sept . 8,http://swampscott.wickedlocal.com/news/20170906/5-things-to-do-this-week-sept-8-15/1,swampscott.wickedlocal.com,20170906T154500Z,English,United States
restoration of vegetated coastal ecosystems,blue carbon,5 Things to Do This Week : Sept . 8,http://middleton.wickedlocal.com/news/20170906/5-things-to-do-this-week-sept-8-15/1,middleton.wickedlocal.com,20170906T151500Z,English,United States
restoration of vegetated coastal ecosystems,blue carbon,5 Things to Do This Week : Sept . 8,http://marblehead.wickedlocal.com/news/20170906/5-things-to-do-this-week-sept-8-15/1,marblehead.wickedlocal.com,20170906T144500Z,English,United States
restoration of vegetated coastal ecosystems,blue carbon,5 Things to Do This Week : Sept . 8,http://salem.wickedlocal.com/news/20170906/5-things-to-do-this-week-sept-8-15/1,salem.wickedlocal.com,20170906T133000Z,English,United States
restoration of vegetated coastal ecosystems,blue carbon,NewsRoomAmerica . com,http://newsroomamerica.com/story/642104.html,newsroomamerica.com,20170905T114500Z,English,United States
restoration of vegetated coastal ecosystems,blue carbon,Stetson Gallery to open season with  Ocean Reflecting Sky,http://swampscott.wickedlocal.com/news/20170901/stetson-gallery-to-open-season-with-ocean-reflecting-sky,swampscott.wickedlocal.com,20170901T213000Z,English,United States
restoration of vegetated coastal ecosystems,blue carbon,Donkervoort D8 GTO RS has just 15 units of the Naked Edition,http://www.inautonews.com/donkervoort-d8-gto-rs-has-just-15-units-of-the-naked-edition,inautonews.com,20170901T100000Z,English,United States
restoration of vegetated coastal ecosystems,blue carbon,Nokia 9 Cases Listed On Amazon united kingdom ; Reveal The Phone Design,http://www.valuewalk.com/2017/11/nokia-9-cases-listed-amazon-design/,valuewalk.com,20171128T140000Z,English,United States
restoration of vegetated coastal ecosystems,blue carbon,Latino Rebels,http://www.latinorebels.com/2017/11/25/latin-america-demonstrates-leadership-at-cop23/,latinorebels.com,20171125T180000Z,English,United States
restoration of vegetated coastal ecosystems,blue carbon,Big Blue To Get Out Of The Doldrums ?,https://seekingalpha.com/article/4127276-big-blue-get-doldrums,seekingalpha.com,20171123T030000Z,English,United States
restoration of vegetated coastal ecosystems,blue carbon,In cycling,http://www.latimes.com/world/la-fg-colombia-young-cyclists-20171122-story.html,latimes.com,20171122T204500Z,English,United States
restoration of vegetated coastal ecosystems,blue carbon,In cycling,http://beta.latimes.com/world/la-fg-colombia-young-cyclists-20171122-story.html,beta.latimes.com,20171122T203000Z,English,United States
restoration of vegetated coastal ecosystems,blue carbon,In cycling,http://www.sandiegouniontribune.com/news/us-politics/la-fg-colombia-young-cyclists-20171122-story.html,sandiegouniontribune.com,20171122T200000Z,English,United States
restoration of vegetated coastal ecosystems,blue carbon,In cycling,http://beta.latimes.com/politics/la-fg-colombia-young-cyclists-20171122-story.html,beta.latimes.com,20171122T190000Z,English,United States
restoration of vegetated coastal ecosystems,blue carbon,In cycling,http://www.latimes.com/politics/la-fg-colombia-young-cyclists-20171122-story.html,latimes.com,20171122T183000Z,English,United States
restoration of vegetated coastal ecosystems,blue carbon,Oceans Action Day Video Coverage of Selected Side Events at the UN Climate Change Conference 2017 IISD Reporting Services,https://www.environmentguru.com/pages/elements/element.aspx?id=5765096,environmentguru.com,20171120T030000Z,English,United States
restoration of vegetated coastal ecosystems,blue carbon,Latin America Demonstrates Leadership at COP23,https://www.nrdc.org/experts/amanda-maxwell/latin-america-demonstrates-leadership-cop23,nrdc.org,20171117T231500Z,English,United States
restoration of vegetated coastal ecosystems,blue carbon,Can carbon,https://www.reuters.com/article/us-bonn-climatechange-geoengineering/can-carbon-sucking-technologies-hold-back-climate-change-idUSKBN1DH17I,reuters.com,20171117T120000Z,English,United States
restoration of vegetated coastal ecosystems,blue carbon,COP,https://www.newsecuritybeat.org/2017/11/cop-23-transparency-technology-save-small-island-states/,newsecuritybeat.org,20171117T003000Z,English,United States
restoration of vegetated coastal ecosystems,blue carbon,General Motors : Chevrolet Offers Corvette Carbon 65 for Auction at Barrett,http://www.4-traders.com/GENERAL-MOTORS-CORPORATIO-6873535/news/General-Motors-Chevrolet-Offers-Corvette-Carbon-65-for-Auction-at-Barrett-Jackson-to-Benefit-Bush-25521369/,4-traders.com,20171116T170000Z,English,United States
restoration of vegetated coastal ecosystems,blue carbon,Australia to help Pacific countries meet climate goals,https://reliefweb.int/report/fiji/australia-help-pacific-countries-meet-climate-goals,reliefweb.int,20171116T061500Z,English,United States
restoration of vegetated coastal ecosystems,blue carbon,How tiger sharks are helping seagrass,https://earthsky.org/earth/tiger-sharks-help-seagrass-sharkbay-australia-heatwave,earthsky.org,20171115T150000Z,English,United States
restoration of vegetated coastal ecosystems,blue carbon,How tiger sharks are helping seagrass,http://earthsky.org/earth/tiger-sharks-help-seagrass-sharkbay-australia-heatwave,earthsky.org,20171115T143000Z,English,United States
restoration of vegetated coastal ecosystems,blue carbon,Ecosystem carbon stocks of mangroves across broad environmental gradients in West,http://journals.plos.org/plosone/article?id=10.1371/journal.pone.0187749,journals.plos.org,20171113T211500Z,English,United States
restoration of vegetated coastal ecosystems,blue carbon,Seasonal Changes In Carbon Dioxide,https://wn.com/Seasonal_changes_in_Carbon_Dioxide,wn.com,20171113T200000Z,English,United States
restoration of vegetated coastal ecosystems,blue carbon,Pagani Builds Yet Another Bespoke Zonda For A Rich Customer,http://www.carbuzz.com/news/2017/11/8/Pagani-Builds-Yet-Another-Bespoke-Zonda-For-A-Rich-Customer-7741900/,carbuzz.com,20171112T143000Z,English,United States
restoration of vegetated coastal ecosystems,blue carbon,New  Pagani Zonda is almost ready for the world,http://www.inautonews.com/new-pagani-zonda-is-almost-ready-for-the-world,inautonews.com,20171108T111500Z,English,United States
restoration of vegetated coastal ecosystems,blue carbon,Yamaha Unveils Ténéré 700 World Raid Prototype,http://www.roadracingworld.com/news/yamaha-unveils-tnr-700-world-raid-prototype/,roadracingworld.com,20171108T081500Z,English,United States
restoration of vegetated coastal ecosystems,blue carbon,TopCar Teases Custom Pagani Zonda Coming Spring 2018,http://www.carscoops.com/2017/11/topcar-teases-custom-pagani-zonda.html,carscoops.com,20171107T211500Z,English,United States
restoration of vegetated coastal ecosystems,blue carbon,Addressing the urgency of action on ocean issues at COP23,https://www.environmentguru.com/pages/elements/element.aspx?id=5711409,environmentguru.com,20171107T193000Z,English,United States
restoration of vegetated coastal ecosystems,blue carbon,On the Market / White clapboard New Canaan house has had a lot of work done,http://www.dariennewsonline.com/realestate/article/On-the-Market-White-clapboard-New-Canaan-house-12335675.php,dariennewsonline.com,20171107T090000Z,English,United States
restoration of vegetated coastal ecosystems,blue carbon,On the Market / White clapboard New Canaan house has had a lot of work done,http://www.newcanaannewsonline.com/realestate/article/On-the-Market-White-clapboard-New-Canaan-house-12335675.php,newcanaannewsonline.com,20171107T081500Z,English,United States
restoration of vegetated coastal ecosystems,blue carbon,On the Market / White clapboard New Canaan house has had a lot of work done,http://www.newmilfordspectrum.com/realestate/article/On-the-Market-White-clapboard-New-Canaan-house-12335675.php,newmilfordspectrum.com,20171107T080000Z,English,United States
restoration of vegetated coastal ecosystems,blue carbon,On the Market / White clapboard New Canaan house has had a lot of work done,http://www.westport-news.com/realestate/article/On-the-Market-White-clapboard-New-Canaan-house-12335675.php,westport-news.com,20171107T074500Z,English,United States
restoration of vegetated coastal ecosystems,blue carbon,On the Market / White clapboard New Canaan house has had a lot of work done,http://www.ctpost.com/realestate/article/On-the-Market-White-clapboard-New-Canaan-house-12335675.php,ctpost.com,20171107T070000Z,English,United States
restoration of vegetated coastal ecosystems,blue carbon,On the Market / White clapboard New Canaan house has had a lot of work done,http://www.fairfieldcitizenonline.com/realestate/article/On-the-Market-White-clapboard-New-Canaan-house-12335675.php,fairfieldcitizenonline.com,20171107T064500Z,English,United States
restoration of vegetated coastal ecosystems,blue carbon,On the Market / White clapboard New Canaan house has had a lot of work done,http://www.greenwichtime.com/realestate/article/On-the-Market-White-clapboard-New-Canaan-house-12335675.php,greenwichtime.com,20171107T061500Z,English,United States
restoration of vegetated coastal ecosystems,blue carbon,On the Market / White clapboard New Canaan house has had a lot of work done,http://www.stamfordadvocate.com/realestate/article/On-the-Market-White-clapboard-New-Canaan-house-12335675.php,stamfordadvocate.com,20171107T053000Z,English,United States
restoration of vegetated coastal ecosystems,blue carbon,On the Market / White clapboard New Canaan house has had a lot of work done,http://www.thehour.com/realestate/article/On-the-Market-White-clapboard-New-Canaan-house-12335675.php,thehour.com,20171107T053000Z,English,United States
restoration of vegetated coastal ecosystems,blue carbon,Official : 2018 Chevrolet Corvette Carbon 65 Edition,http://gtspirit.com/2017/11/01/official-2018-chevrolet-corvette-carbon-65-edition-650-units/,gtspirit.com,20171101T220000Z,English,United States
restoration of vegetated coastal ecosystems,blue carbon,The fingerprints of coastal carbon sinks,https://www.eurekalert.org/pub_releases/2017-11/asoa-tfo103117.php,eurekalert.org,20171101T170000Z,English,United States
restoration of vegetated coastal ecosystems,blue carbon,The fingerprints of coastal carbon sinks,https://phys.org/news/2017-11-fingerprints-coastal-carbon.html,phys.org,20171101T161500Z,English,United States
restoration of vegetated coastal ecosystems,blue carbon,"Driven : BMW M2 , The Compact Coupé Performance Car",https://www.forbes.com/sites/nargessbanks/2017/12/29/bmw-m2/,forbes.com,20171229T123000Z,English,United States
restoration of vegetated coastal ecosystems,blue carbon,"Deep in Trump Country , His Base Remains Faithful",https://www.truthdig.com/articles/deep-trump-country-base-remains-faithful/,truthdig.com,20171227T230000Z,English,United States
restoration of vegetated coastal ecosystems,blue carbon,8 Concerts to Catch in Cleveland This Weekend,https://www.clevescene.com/scene-and-heard/archives/2017/12/27/8-concerts-to-catch-in-cleveland-this-weekend,clevescene.com,20171227T174500Z,English,United States
restoration of vegetated coastal ecosystems,blue carbon,ICSF,https://www.icsf.net/en/samudra-news-alert/articledetail/56375-Satellite-data-.html,icsf.net,20171225T090000Z,English,United States
restoration of vegetated coastal ecosystems,blue carbon,"IEA Says World Coal Demand Will Rise , Despite Slashing Forecast Growth in India",https://www.ecowatch.com/world-coal-demand-2518449904.html,ecowatch.com,20171218T221500Z,English,United States
restoration of vegetated coastal ecosystems,blue carbon,Blue carbon financing of mangrove conservation in the Abidjan Convention Region,http://humanitariannews.org/20171218/blue-carbon-financing-mangrove-conservation-abidjan-convention-region,humanitariannews.org,20171218T161500Z,English,United States
restoration of vegetated coastal ecosystems,blue carbon,20827154 . pdf,http://billingsgazette.com/ads/other/ads/pdf/pdfdisplayad_f6e448c2-ba9b-53f5-8cba-03732d180b58.html,billingsgazette.com,20171212T051500Z,English,United States
restoration of vegetated coastal ecosystems,blue carbon,Blue Economy Bulletin December 2017,http://ftnews.firetrench.com/2017/12/blue-economy-bulletin-december-2017/,ftnews.firetrench.com,20171211T134500Z,English,United States
restoration of vegetated coastal ecosystems,blue carbon,Coastal blue carbon ecosystems . Opportunities for Nationally Determined Contributions . Policy Brief .,http://humanitariannews.org/20171207/coastal-blue-carbon-ecosystems-opportunities-nationally-determined-contributions-policy-bri,humanitariannews.org,20171207T163000Z,English,United States
restoration of vegetated coastal ecosystems,blue carbon,Blue carbon,http://humanitariannews.org/20171207/blue-carbon-nationally-determined-contributions-inventory-appendix-coastal-blue-carbon-ecos,humanitariannews.org,20171207T163000Z,English,United States
restoration of vegetated coastal ecosystems,blue carbon,Advanced BioFuels united states » black carbon,https://advancedbiofuelsusa.info/tag/black-carbon/,advancedbiofuelsusa.info,20180201T214500Z,English,United States
restoration of vegetated coastal ecosystems,blue carbon,Curtis 17 in key role as Bates joins Maine ecosystem project | News,http://www.bates.edu/news/2018/01/25/isobel-curtis-17-plays-key-role-as-bates-joins-maine-ecosystem-project/,bates.edu,20180126T003000Z,English,United States
restoration of vegetated coastal ecosystems,blue carbon,Curtis 17 in key role as Bates joins Maine ecosystem project | News,http://www.bates.edu/news/2018/01/25/112683/,bates.edu,20180125T221500Z,English,United States
restoration of vegetated coastal ecosystems,blue carbon,I tried Under Armour new temperature - regulating jacket to see if it lived up to the hype,http://www.businessinsider.com/under-armour-cold-gear-reactor-jacket-review-2018-1,businessinsider.com,20180120T000000Z,English,United States
restoration of vegetated coastal ecosystems,blue carbon,Ocean acidification,http://www.greencarcongress.com/ocean_acidification/,greencarcongress.com,20180117T001500Z,English,United States
restoration of vegetated coastal ecosystems,blue carbon,President of newly merged hospitals looks to improve health care in Carbon County,https://www.tnonline.com/president-newly-merged-hospitals-looks-improve-health-care-carbon-county,tnonline.com,20180113T184500Z,English,United States
restoration of vegetated coastal ecosystems,blue carbon,Climate Scientists Unlock the Secrets of Blue Carbon,https://www.scientificamerican.com/article/climate-scientists-unlock-the-secrets-of-blue-carbon/,scientificamerican.com,20180111T191500Z,English,United States
restoration of vegetated coastal ecosystems,blue carbon,Climate scientists unlock secrets of  blue carbon,https://www.nature.com/articles/d41586-018-00018-4,nature.com,20180110T114500Z,English,United States
restoration of vegetated coastal ecosystems,blue carbon,Cutting - Edge Camera Deciphers Messages Written on Mummy Wrappings,https://www.livescience.com/61340-mummy-wrapping-messages-deciphered.html,livescience.com,20180105T163000Z,English,United States
restoration of vegetated coastal ecosystems,blue carbon,That was fast : A pair of Bugatti Chirons are already heading to auction,https://www.digitaltrends.com/cars/bugatti-chiron-up-for-auction/,digitaltrends.com,20180103T011500Z,English,United States
restoration of vegetated coastal ecosystems,blue carbon,Satnews Publishers : Daily Satellite News,http://www.satnews.com/story.php?number=1698453330,satnews.com,20180102T093000Z,English,United States
restoration of vegetated coastal ecosystems,blue carbon,Satnews Publishers : Daily Satellite News,http://www.satnews.com/story.php?number=1698453330&menu=1,satnews.com,20180102T093000Z,English,United States
restoration of vegetated coastal ecosystems,blue carbon,What on Earth is a  conservation agreement ?,https://blog.conservation.org/2018/02/what-on-earth-is-a-conservation-agreement/,blog.conservation.org,20180220T194500Z,English,United States
restoration of vegetated coastal ecosystems,blue carbon,Lexus LC 500 Stars in Marvel Black Panther and New York Fashion Week,http://www.interiordesign.net/articles/14537-lexus-lc-500-stars-in-marvel-s-black-panther-and-new-york-fashion-week/,interiordesign.net,20180215T224500Z,English,United States
restoration of vegetated coastal ecosystems,blue carbon,"2017 Ferrari 488 Spider For Sale $349 , 995",http://www.dupontregistry.com/autos/listing/2017/ferrari/488--spider/1718635,dupontregistry.com,20180213T154500Z,English,United States
restoration of vegetated coastal ecosystems,blue carbon,"Lexus GS F , RC F adopt wild style for performance brand anniversary",https://www.cnet.com/roadshow/news/lexus-gsf-rcf-10th-anniversary-special-editions/,cnet.com,20180211T151500Z,English,United States
restoration of vegetated coastal ecosystems,blue carbon,wildsingapore news : Philippines to lay out blue carbon roadmap to preserve marine life,http://wildsingaporenews.blogspot.com/2018/02/philippines-to-lay-out-blue-carbon.html,wildsingaporenews.blogspot.com,20180208T084500Z,English,United States
restoration of vegetated coastal ecosystems,blue carbon,2018 Lexus GS F 10th Anniversary Special Edition Review,https://www.topspeed.com/cars/lexus/2018-lexus-gs-f-10th-anniversary-special-edition-ar179696.html,topspeed.com,20180207T060000Z,English,United States
restoration of vegetated coastal ecosystems,blue carbon,2018 Lexus RC F 10th Anniversary Special Edition Review,https://www.topspeed.com/cars/lexus/2018-lexus-rc-f-10th-anniversary-special-edition-ar179697.html,topspeed.com,20180206T204500Z,English,United States
restoration of vegetated coastal ecosystems,blue carbon,Zymo Research Partners with TeaComposition H2O Project,http://forimmediaterelease.net/zymo-research-partners-with-teacomposition-h2o-project-112716/,forimmediaterelease.net,20180206T164500Z,English,United States
restoration of vegetated coastal ecosystems,blue carbon,Zymo Research Partners with TeaComposition H2O Project,https://www.marketwatch.com/story/zymo-research-partners-with-teacomposition-h2o-project-2018-02-06,marketwatch.com,20180206T163000Z,English,United States
restoration of vegetated coastal ecosystems,blue carbon,Zymo Research Partners with TeaComposition H2O Project,https://www.prnewswire.com/news-releases/zymo-research-partners-with-teacomposition-h2o-project-300594111.html,prnewswire.com,20180206T163000Z,English,United States
restoration of vegetated coastal ecosystems,blue carbon,Lexus unveils 2019 GS F and RC F 10th anniversary editions,https://www.slashgear.com/lexus-unveils-2019-gs-f-and-rc-f-10th-anniversary-editions-06518144/,slashgear.com,20180206T144500Z,English,United States
restoration of vegetated coastal ecosystems,blue carbon,"2019 Lexus GS F , RC F Special Editions Celebrate 10 Years of F Brand",http://www.motortrend.com/news/lexus-gs-f-rc-f-special-editions-celebrate-10-years-of-the-f-badge/,motortrend.com,20180206T023000Z,English,United States
restoration of vegetated coastal ecosystems,blue carbon,hola arkansas A Decade Of Lexus Performance,http://hola-arkansas.com/hispanicprwirenews/a-decade-of-lexus-performance/,hola-arkansas.com,20180205T180000Z,English,United States
restoration of vegetated coastal ecosystems,blue carbon,Lexus F Celebrates 10th Anniversary with Special Edition Models » AutoGuide . com News,http://www.autoguide.com/auto-news/2018/02/lexus-f-celebrates-10th-anniversary-with-special-edition-models.html,autoguide.com,20180205T173000Z,English,United States
restoration of vegetated coastal ecosystems,blue carbon,Lexus Unveils GS F and RC F Special Edition Models | News | Car and Driver,https://blog.caranddriver.com/f-troop-lexus-brings-gs-f-and-rc-f-10th-anniversary-editions-to-the-u-s-a/,blog.caranddriver.com,20180205T164500Z,English,United States
restoration of vegetated coastal ecosystems,blue carbon,A Decade of Lexus Performance,https://www.prnewswire.com/news-releases/a-decade-of-lexus-performance-300592685.html,prnewswire.com,20180205T144500Z,English,United States
restoration of vegetated coastal ecosystems,blue carbon,A Decade of Lexus Performance,https://www.marketwatch.com/story/a-decade-of-lexus-performance-2018-02-05,marketwatch.com,20180205T143000Z,English,United States
restoration of vegetated coastal ecosystems,blue carbon,Advanced BioFuels united states » black carbon,https://advancedbiofuelsusa.info/tag/black-carbon/,advancedbiofuelsusa.info,20180201T214500Z,English,United States
restoration of vegetated coastal ecosystems,blue carbon,Kim Kardashian West toasts What Goes Around Comes Around 25th anniversary,http://www.latimes.com/fashion/la-ig-wwd-what-goes-around-comes-around-25-anniversary-20180823-story.html,latimes.com,20180823T210000Z,English,United States
restoration of vegetated coastal ecosystems,blue carbon,Kim Kardashian Toasts What Goes Around Comes Around 25th Anniversary – WWD,https://wwd.com/eye/parties/kim-kardashian-toasts-what-goes-around-comes-around-25th-anniversary-1202776542/,wwd.com,20180822T221500Z,English,United States
restoration of vegetated coastal ecosystems,blue carbon,Elevating Ocean - Based Climate Solutions - Center for American Progress,https://www.americanprogress.org/issues/green/reports/2018/08/16/454850/elevating-ocean-based-climate-solutions/,americanprogress.org,20180816T160000Z,English,United States
restoration of vegetated coastal ecosystems,blue carbon,McLaren Special Operations outs bespoke Track Theme and Pacific Theme 720S Velocity cars,https://www.slashgear.com/mclaren-special-operations-outs-bespoke-track-theme-and-pacific-theme-720s-velocity-cars-15541263/,slashgear.com,20180815T114500Z,English,United States
restoration of vegetated coastal ecosystems,blue carbon,McLaren Unveils Two More MSO One - Offs,https://www.motor1.com/news/262384/mclaren-mso-one-off-models/,motor1.com,20180815T100000Z,English,United States
restoration of vegetated coastal ecosystems,blue carbon,McLaren 720S Track Theme and Pacific Theme by MSO,https://www.motorward.com/2018/08/mclaren-720s-track-theme-and-pacific-theme/,motorward.com,20180814T161500Z,English,United States
restoration of vegetated coastal ecosystems,blue carbon,Christie announces What Goes Around Comes Around 25th anniversary sale,http://artdaily.com/news/106820/Christie-s-announces-What-Goes-Around-Comes-Around-25th-anniversary-sale,artdaily.com,20180812T040000Z,English,United States
restoration of vegetated coastal ecosystems,blue carbon,The bark side of the force,http://www.terradaily.com/reports/The_bark_side_of_the_force_999.html,terradaily.com,20180809T121500Z,English,United States
restoration of vegetated coastal ecosystems,blue carbon,"Global Activated Carbon Market 2018 - 2023 : Kuraray , Cabot , WestRock , Osaka Gas Chemicals Group , CECA",https://finance.yahoo.com/news/global-activated-carbon-market-2018-013000802.html,finance.yahoo.com,20180809T033000Z,English,United States
restoration of vegetated coastal ecosystems,blue carbon,"Global Activated Carbon Market 2018 - 2023 : Kuraray , Cabot , WestRock , Osaka Gas Chemicals Group , CECA - ReportsnReports",https://www.benzinga.com/pressreleases/18/08/r12170922/global-activated-carbon-market-2018-2023-kuraray-cabot-westrock-osaka-,benzinga.com,20180809T021500Z,English,United States
restoration of vegetated coastal ecosystems,blue carbon,"Global Activated Carbon Market 2018 - 2023 : Kuraray , Cabot , WestRock , Osaka Gas Chemicals Group , CECA - ReportsnReports",https://www.marketwatch.com/press-release/global-activated-carbon-market-2018-2023-kuraray-cabot-westrock-osaka-gas-chemicals-group-ceca---reportsnreports-2018-08-08,marketwatch.com,20180809T020000Z,English,United States
restoration of vegetated coastal ecosystems,blue carbon,Evaluating the Gas We Pass,http://www.themillbrookindependent.com/content/evaluating-gas-we-pass,themillbrookindependent.com,20180808T053000Z,English,United States
restoration of vegetated coastal ecosystems,blue carbon,Mangroves Vital to Reducing Carbon Dioxide in Atmosphere,https://www.azocleantech.com/news.aspx?newsID=25689,azocleantech.com,20180807T200000Z,English,United States
restoration of vegetated coastal ecosystems,blue carbon,Preview The Speed Machines Of Mecum Auctions Monterey 2018,http://hauteliving.com/2018/08/speed-machines-mecum-auctions-monterey-2018/659526/,hauteliving.com,20180807T153000Z,English,United States
restoration of vegetated coastal ecosystems,blue carbon,Seaweed could be scrubbing way more carbon from the atmosphere than we expected,https://oceana.org/blog/seaweed-could-be-scrubbing-way-more-carbon-atmosphere-we-expected,oceana.org,20180807T110000Z,English,United States
restoration of vegetated coastal ecosystems,blue carbon,Mapping blue carbon in mangroves worldwide,http://www.terradaily.com/reports/Mapping_blue_carbon_in_mangroves_worldwide_999.html,terradaily.com,20180805T121500Z,English,United States
restoration of vegetated coastal ecosystems,blue carbon,4 - Hers shine at Whiteside County Fair,http://www.saukvalley.com/2018/07/23/4-hers-shine-at-whiteside-county-fair/acwao9t/,saukvalley.com,20180804T081500Z,English,United States
restoration of vegetated coastal ecosystems,blue carbon,"Blue carbon brings new look at peatlands , community - driven science",https://www.homernews.com/news/blue-carbon-brings-new-look-at-peatlands-community-driven-science/,homernews.com,20180804T000000Z,English,United States
restoration of vegetated coastal ecosystems,blue carbon,"Blue carbon brings new look at peatlands , community - driven science",http://www.homernews.com/news/blue-carbon-brings-new-look-at-peatlands-community-driven-science/,homernews.com,20180803T193000Z,English,United States
restoration of vegetated coastal ecosystems,blue carbon,"UVI , NPS Partner to Conduct Seagrass Surveys at Buck Island Reef",https://www.environmentguru.com/pages/elements/element.aspx?id=7441590,environmentguru.com,20180803T100000Z,English,United States
restoration of vegetated coastal ecosystems,blue carbon,Mapping blue carbon in mangroves worldwide : Environmental value of mangroves detailed,https://www.sciencedaily.com/releases/2018/08/180802115643.htm,sciencedaily.com,20180802T210000Z,English,United States
restoration of vegetated coastal ecosystems,blue carbon,Mapping blue carbon in mangroves worldwide,https://www.eurekalert.org/pub_releases/2018-08/lsu-mbc080218.php,eurekalert.org,20180802T191500Z,English,United States
restoration of vegetated coastal ecosystems,blue carbon,Mapping blue carbon in mangroves worldwide,https://phys.org/news/2018-08-blue-carbon-mangroves-worldwide.html,phys.org,20180802T183000Z,English,United States
restoration of vegetated coastal ecosystems,blue carbon,"Blue carbon brings new look at peatlands , community - driven science",http://homernews.com/news/2018-08-01/blue-carbon-brings-new-look-peatlands-community-driven-science,homernews.com,20180802T054500Z,English,United States
restoration of vegetated coastal ecosystems,blue carbon,Financing blue carbon development | Humanitarian News,http://humanitariannews.org/20180801/financing-blue-carbon-development,humanitariannews.org,20180801T040000Z,English,United States
restoration of vegetated coastal ecosystems,blue carbon,Invasive Plants Can Boost Blue Carbon Storage,https://www.enn.com/articles/55638-invasive-plants-can-boost-blue-carbon-storage,enn.com,20181001T201500Z,English,United States
restoration of vegetated coastal ecosystems,blue carbon,"Bay Journal - Article : Phragmites , other invasives help fight climate change",https://www.bayjournal.com/blog/post/phragmites_other_invasives_help_fight_climate_change,bayjournal.com,20181001T184500Z,English,United States
restoration of vegetated coastal ecosystems,blue carbon,Invasive plants help ecosystems take up  blue carbon,https://www.upi.com/Invasive-plants-help-ecosystems-take-up-blue-carbon/9021538399931/,upi.com,20181001T180000Z,English,United States
restoration of vegetated coastal ecosystems,blue carbon,Invasive plants can boost blue carbon storage,https://www.sciencecodex.com/invasive-plants-can-boost-blue-carbon-storage-623095,sciencecodex.com,20181001T164500Z,English,United States
restoration of vegetated coastal ecosystems,blue carbon,Blue Carbon : Invasive Plants Help Prevent Climate Change by Becoming Ecosystem Engineers,https://www.newsweek.com/blue-carbon-mangroves-seagrass-climate-change-invasive-plants-1146461,newsweek.com,20181001T153000Z,English,United States
restoration of vegetated coastal ecosystems,blue carbon,Invasive plants help ecosystems take up  blue carbon,https://www.upi.com/Science_News/2018/10/01/Invasive-plants-help-ecosystems-take-up-blue-carbon/9021538399931/,upi.com,20181001T151500Z,English,United States
restoration of vegetated coastal ecosystems,blue carbon,"Invasive plants can boost blue carbon storage : Coastal ecosystems store more carbon with certain plant invaders , but animal invaders set them back",https://www.sciencedaily.com/releases/2018/10/181001082156.htm,sciencedaily.com,20181001T144500Z,English,United States
restoration of vegetated coastal ecosystems,blue carbon,Invasive plants can boost blue carbon storage,http://humanitariannews.org/20181001/invasive-plants-can-boost-blue-carbon-storage,humanitariannews.org,20181001T080000Z,English,United States
restoration of vegetated coastal ecosystems,blue carbon,Invasive plants can boost blue carbon storage,https://phys.org/news/2018-10-invasive-boost-blue-carbon-storage.html,phys.org,20181001T073000Z,English,United States
restoration of vegetated coastal ecosystems,blue carbon,Invasive plants can boost blue carbon storage,https://www.eurekalert.org/pub_releases/2018-10/s-ipc092518.php,eurekalert.org,20181001T061500Z,English,United States
restoration of vegetated coastal ecosystems,blue carbon,Amazon mangroves store twice as much carbon per acre as region famous rainforest,https://www.sciencedaily.com/releases/2018/09/180927145314.htm,sciencedaily.com,20180928T160000Z,English,United States
restoration of vegetated coastal ecosystems,blue carbon,Amazon mangrove forest stores twice as much carbon per acre as region famous rainforest,https://www.eurekalert.org/pub_releases/2018-09/osu-amf092718.php,eurekalert.org,20180927T201500Z,English,United States
restoration of vegetated coastal ecosystems,blue carbon,Longines Conquest V . H . P . GMT Puts Quartz Technology Back On The Map,https://www.forbes.com/sites/carolbesler/2018/09/27/longines-conquest-v-h-p-gmt-puts-quartz-technology-back-on-the-map/,forbes.com,20180927T160000Z,English,United States
restoration of vegetated coastal ecosystems,blue carbon,North Dakota straw to fuel California cars with NewEnergyBlue groundbreaking : Biofuels Digest,http://www.biofuelsdigest.com/bdigest/2018/09/25/north-dakota-straw-to-fuel-california-cars-with-newenergyblues-groundbreaking/,biofuelsdigest.com,20180925T233000Z,English,United States
restoration of vegetated coastal ecosystems,blue carbon,Amazon mangrove forest stores twice as much carbon per acre as region famous rainforest,https://phys.org/news/2018-09-amazon-mangrove-forest-carbon-acre.html,phys.org,20180925T131500Z,English,United States
restoration of vegetated coastal ecosystems,blue carbon,"The Hadoro Paris Custom iPhone Xs Sell for $5 , 000 and More but are Stunning",https://www.i4u.com/2018/09/129576/hadoro-paris-custom-iphone-xs-sell-5000-and-more-are-stunning,i4u.com,20180925T120000Z,English,United States
restoration of vegetated coastal ecosystems,blue carbon,OSU study : Amazon mangrove forests key in carbon storage,https://www.ktvz.com/news/osu-study-amazon-mangrove-forests-key-in-carbon-storage/799051515,ktvz.com,20180924T230000Z,English,United States
restoration of vegetated coastal ecosystems,blue carbon,North Dakota straw will fuel California cars | Property Mentor Group,https://www.propertymentorgroup.com/north-dakota-straw-will-fuel-california-cars/12154681/,propertymentorgroup.com,20180924T171500Z,English,United States
restoration of vegetated coastal ecosystems,blue carbon,North Dakota straw will fuel California cars,https://markets.businessinsider.com/news/stocks/north-dakota-straw-will-fuel-california-cars-1027558247,markets.businessinsider.com,20180924T121500Z,English,United States
restoration of vegetated coastal ecosystems,blue carbon,North Dakota straw will fuel California cars,https://www.prnewswire.com/news-releases/north-dakota-straw-will-fuel-california-cars-300717150.html,prnewswire.com,20180924T121500Z,English,United States
restoration of vegetated coastal ecosystems,blue carbon,North Dakota straw will fuel California cars,https://www.benzinga.com/pressreleases/18/09/r12394444/north-dakota-straw-will-fuel-california-cars,benzinga.com,20180924T121500Z,English,United States
restoration of vegetated coastal ecosystems,blue carbon,North Dakota straw will fuel California cars,https://www.prnewswire.com:443/news-releases/north-dakota-straw-will-fuel-california-cars-300717150.html,prnewswire.com,20180924T120000Z,English,United States
restoration of vegetated coastal ecosystems,blue carbon,CCNS science projects explore Cape ecosystem - News - Wicked Local Truro,http://truro.wickedlocal.com/news/20180921/ccns-science-projects-explore-capes-ecosystem,truro.wickedlocal.com,20180922T021500Z,English,United States
restoration of vegetated coastal ecosystems,blue carbon,CCNS science projects explore Cape ecosystem - News - The Cape Codder,http://brewster.wickedlocal.com/news/20180921/ccns-science-projects-explore-capes-ecosystem,brewster.wickedlocal.com,20180922T014500Z,English,United States
restoration of vegetated coastal ecosystems,blue carbon,CCNS science projects explore Cape ecosystem - News - Harwich Oracle,http://harwich.wickedlocal.com/news/20180921/ccns-science-projects-explore-capes-ecosystem,harwich.wickedlocal.com,20180921T231500Z,English,United States
restoration of vegetated coastal ecosystems,blue carbon,CCNS science projects explore Cape ecosystem - News - Wicked Local Wellfleet,http://wellfleet.wickedlocal.com/news/20180921/ccns-science-projects-explore-capes-ecosystem,wellfleet.wickedlocal.com,20180921T230000Z,English,United States
restoration of vegetated coastal ecosystems,blue carbon,CCNS science projects explore Cape ecosystem - News - Wicked Local Orleans,http://orleans.wickedlocal.com/news/20180921/ccns-science-projects-explore-capes-ecosystem,orleans.wickedlocal.com,20180921T230000Z,English,United States
restoration of vegetated coastal ecosystems,blue carbon,CCNS science projects explore Cape ecosystem - News - Wicked Local Chatham,http://chatham.wickedlocal.com/news/20180921/ccns-science-projects-explore-capes-ecosystem,chatham.wickedlocal.com,20180921T224500Z,English,United States
restoration of vegetated coastal ecosystems,blue carbon,CCNS science projects explore Cape ecosystem - News - Wicked Local Eastham,http://eastham.wickedlocal.com/news/20180921/ccns-science-projects-explore-capes-ecosystem,eastham.wickedlocal.com,20180921T190000Z,English,United States
restoration of vegetated coastal ecosystems,blue carbon,CCNS science projects explore Cape ecosystem - News - Wicked Local Cape Cod,http://capecod.wickedlocal.com/news/20180921/ccns-science-projects-explore-capes-ecosystem,capecod.wickedlocal.com,20180921T174500Z,English,United States
restoration of vegetated coastal ecosystems,blue carbon,Can Businesses Participate In ( And Profit From ) Ocean Conservation ?,https://www.forbes.com/sites/priyashukla/2018/09/21/ocean-conservation-is-an-opportunity-for-businesses/,forbes.com,20180921T104500Z,English,United States
restoration of vegetated coastal ecosystems,blue carbon,Vestas 11th Hour Issues Sustainability Report >> Scuttlebutt Sailing News,https://www.sailingscuttlebutt.com/2018/09/20/vestas-11th-hour-issues-sustainability-report/,sailingscuttlebutt.com,20180921T003000Z,English,United States
restoration of vegetated coastal ecosystems,blue carbon,How Nordic marine forests can help fight climate change,https://phys.org/news/2018-09-nordic-marine-forests-climate.html,phys.org,20180920T160000Z,English,United States
restoration of vegetated coastal ecosystems,blue carbon,Seidman : A community gift from the creative crowd - News - Sarasota Herald - Tribune,http://www.heraldtribune.com/news/20180920/seidman-community-gift-from-creative-crowd,heraldtribune.com,20180920T141500Z,English,United States
restoration of vegetated coastal ecosystems,blue carbon,Marine forests as nature own carbon capture and storage,http://www.politicallore.com/marine-forests-as-natures-own-carbon-capture-and-storage/17686,politicallore.com,20180919T174500Z,English,United States
restoration of vegetated coastal ecosystems,blue carbon,Introducing the Weber Tactical Quick Ship Program,https://www.ammoland.com/2018/09/introducing-the-weber-tactical-quick-ship-program/,ammoland.com,20180919T174500Z,English,United States
restoration of vegetated coastal ecosystems,blue carbon,Ocean advocates find new ways to link their cause with climate change,https://www.devex.com/news/ocean-advocates-find-new-ways-to-link-their-cause-with-climate-change-93410,devex.com,20180917T161500Z,English,United States
restoration of vegetated coastal ecosystems,blue carbon,We need to do more than ban plastic straws,http://www.reflector.com/Op-Ed/2018/09/17/We-need-to-do-more-than-ban-plastic-straws.html,reflector.com,20180917T071500Z,English,United States
restoration of vegetated coastal ecosystems,blue carbon,The oceans are in danger . We need to do more than ban plastic straws . | Opinion,http://www.sun-sentinel.com/opinion/fl-op-protect-oceans-trump-john-podesta-20180914-story.html,sun-sentinel.com,20180916T180000Z,English,United States
restoration of vegetated coastal ecosystems,blue carbon,"To save the oceans , banning plastic straws wont cut it [ Opinion ]",https://www.houstonchronicle.com/opinion/outlook/article/To-save-the-oceans-banning-plastic-straws-13231165.php,houstonchronicle.com,20180915T221500Z,English,United States
restoration of vegetated coastal ecosystems,blue carbon,"To save the oceans , banning plastic straws wont cut it [ Opinion ]",https://www.chron.com/opinion/outlook/article/To-save-the-oceans-banning-plastic-straws-13231165.php,chron.com,20180915T180000Z,English,United States
restoration of vegetated coastal ecosystems,blue carbon,"To save the oceans , banning plastic straws wont cut it [ Opinion ]",https://www.mysanantonio.com/opinion/outlook/article/To-save-the-oceans-banning-plastic-straws-13231165.php,mysanantonio.com,20180915T171500Z,English,United States
restoration of vegetated coastal ecosystems,blue carbon,The oceans are in danger . We need to do more than ban plastic straws .,https://www.washingtonpost.com/opinions/the-oceans-are-in-danger-we-need-to-do-more-than-ban-plastic-straws/2018/09/14/78ea6b66-b765-11e8-a7b5-adaaa5b2a57f_story.html,washingtonpost.com,20180914T184500Z,English,United States
restoration of vegetated coastal ecosystems,blue carbon,Apple is investing in a huge mangrove forest in Colombia,https://www.fastcompany.com/90236715/apple-is-investing-in-a-huge-mangrove-forest-in-colombia,fastcompany.com,20180914T000000Z,English,United States
restoration of vegetated coastal ecosystems,blue carbon,Future response of global coastal wetlands to sea - level rise,http://www.nature.com/articles/s41586-018-0476-5,nature.com,20180912T174500Z,English,United States
restoration of vegetated coastal ecosystems,blue carbon,The Nature Conservancy and XL Catlin Collaborate to Bring Blue Carbon Credits to Market,https://www.nature.org/en-us/explore/newsroom/the-nature-conservancy-and-xl-catlin-collaborate-to-bring-blue-carbon-cred-1/,nature.org,20180911T173000Z,English,United States
restoration of vegetated coastal ecosystems,blue carbon,<strong>  Science in the Seashore  at Salt Pond center< / strong> - News - Wicked Local Eastham,http://eastham.wickedlocal.com/news/20180911/strongscience-in-seashore-at-salt-pond-centerstrong,eastham.wickedlocal.com,20180911T171500Z,English,United States
restoration of vegetated coastal ecosystems,blue carbon,<strong>  Science in the Seashore  at Salt Pond center< / strong> - News - Wicked Local Wellfleet,http://wellfleet.wickedlocal.com/news/20180911/strongscience-in-seashore-at-salt-pond-centerstrong,wellfleet.wickedlocal.com,20180911T171500Z,English,United States
restoration of vegetated coastal ecosystems,blue carbon,<strong>  Science in the Seashore  at Salt Pond center< / strong> - News - Wicked Local Cape Cod,http://capecod.wickedlocal.com/news/20180911/strongscience-in-seashore-at-salt-pond-centerstrong,capecod.wickedlocal.com,20180911T163000Z,English,United States
restoration of vegetated coastal ecosystems,blue carbon,<strong>  Science in the Seashore  at Salt Pond center< / strong> - News - The Cape Codder,http://brewster.wickedlocal.com/news/20180911/strongscience-in-seashore-at-salt-pond-centerstrong,brewster.wickedlocal.com,20180911T153000Z,English,United States
restoration of vegetated coastal ecosystems,blue carbon,<strong>  Science in the Seashore  at Salt Pond center< / strong> - News - Wicked Local Chatham,http://chatham.wickedlocal.com/news/20180911/strongscience-in-seashore-at-salt-pond-centerstrong,chatham.wickedlocal.com,20180911T150000Z,English,United States
restoration of vegetated coastal ecosystems,blue carbon,<strong>  Science in the Seashore  at Salt Pond center< / strong> - News - Wicked Local Truro,http://truro.wickedlocal.com/news/20180911/strongscience-in-seashore-at-salt-pond-centerstrong,truro.wickedlocal.com,20180911T150000Z,English,United States
restoration of vegetated coastal ecosystems,blue carbon,<strong>  Science in the Seashore  at Salt Pond center< / strong> - News - Harwich Oracle,http://harwich.wickedlocal.com/news/20180911/strongscience-in-seashore-at-salt-pond-centerstrong,harwich.wickedlocal.com,20180911T140000Z,English,United States
restoration of vegetated coastal ecosystems,blue carbon,<strong>  Science in the Seashore  at Salt Pond center< / strong> - News - Wicked Local Orleans,http://orleans.wickedlocal.com/news/20180911/strongscience-in-seashore-at-salt-pond-centerstrong,orleans.wickedlocal.com,20180911T133000Z,English,United States
restoration of vegetated coastal ecosystems,blue carbon,Want to combat climate change ? Take care of our oceans,https://www.sacbee.com/opinion/op-ed/soapbox/article218021975.html,sacbee.com,20180910T220000Z,English,United States
restoration of vegetated coastal ecosystems,blue carbon,"United States Pigment Dispersion Market , 2018 - 2025 - BASF , The Chemours Company , and Tronox have Strengthened their Presence in the Market",https://www.einpresswire.com/article/461133636/united-states-pigment-dispersion-market-2018-2025-basf-the-chemours-company-and-tronox-have-strengthened-their-presence-in-the-market,einpresswire.com,20180908T074500Z,English,United States
restoration of vegetated coastal ecosystems,blue carbon,Science in the Seashore Symposium | CapeCodToday . com,http://capecodtoday.com/article/2018/09/06/241873-Science-Seashore-Symposium,capecodtoday.com,20180906T181500Z,English,United States
restoration of vegetated coastal ecosystems,blue carbon,"United States $7 . 08 Bn Pigment Dispersion Market , 2014 - 2018 & 2025",https://www.prnewswire.com/news-releases/united-states-7-08-bn-pigment-dispersion-market-2014-2018--2025--300707946.html,prnewswire.com,20180906T181500Z,English,United States
restoration of vegetated coastal ecosystems,blue carbon,Science in the Seashore Symposium | CapeCodToday . com,http://www.capecodtoday.com/article/2018/09/06/241873-Science-Seashore-Symposium,capecodtoday.com,20180906T170000Z,English,United States
restoration of vegetated coastal ecosystems,blue carbon,"United States $7 . 08 Bn Pigment Dispersion Market , 2014 - 2018 & 2025",https://www.prnewswire.com:443/news-releases/united-states-7-08-bn-pigment-dispersion-market-2014-2018--2025--300707946.html,prnewswire.com,20180906T121500Z,English,United States
restoration of vegetated coastal ecosystems,blue carbon,"United States $7 . 08 Bn Pigment Dispersion Market , 2014 - 2018 & 2025",https://finance.yahoo.com/news/united-states-7-08-bn-114500890.html,finance.yahoo.com,20180906T121500Z,English,United States
restoration of vegetated coastal ecosystems,blue carbon,"United States Pigment Dispersion Market , 2018 - 2025 - BASF , The Chemours Company , and Tronox have Strengthened their Presence in the Market",https://globenewswire.com/news-release/2018/09/06/1566187/0/en/United-States-Pigment-Dispersion-Market-2018-2025-BASF-The-Chemours-Company-and-Tronox-have-Strengthened-their-Presence-in-the-Market.html,globenewswire.com,20180906T093000Z,English,United States
restoration of vegetated coastal ecosystems,blue carbon,"United States Pigment Dispersion Market , 2018 - 2025 - BASF , The Chemours Company , and Tronox have Strengthened their Presence in the Market",https://forextv.com/top-news/united-states-pigment-dispersion-market-2018-2025-basf-the-chemours-company-and-tronox-have-strengthened-their-presence-in-the-market/,forextv.com,20180906T091500Z,English,United States
restoration of vegetated coastal ecosystems,blue carbon,National Seashore to Host Annual Science in the Seashore Symposium,https://www.capecod.com/newscenter/national-seashore-to-host-annual-science-in-the-seashore-symposium/,capecod.com,20180902T123000Z,English,United States
restoration of vegetated coastal ecosystems,blue carbon,2018 SkS Weekly Climate Change & Global Warming News Roundup # 48,https://skepticalscience.com/2018-SkS-Weekly-News-Roundup_48.html,skepticalscience.com,20181201T221500Z,English,United States
restoration of vegetated coastal ecosystems,blue carbon,2018 SkS Weekly Climate Change & Global Warming News Roundup # 48,https://skepticalscience.com/news.php?n=4316,skepticalscience.com,20181201T213000Z,English,United States
restoration of vegetated coastal ecosystems,blue carbon,A paddle boarding renaissance in Petaluma,https://www.petaluma360.com/news/8985283-181/a-paddle-boarding-renaissance-in,petaluma360.com,20181201T091500Z,English,United States
restoration of vegetated coastal ecosystems,blue carbon,Science : Can eradicating carbon from the environment save us from local weather disaster ? [ Report ],http://infosurhoy.com/cocoon/saii/xhtml/en_GB/science/science-can-eradicating-carbon-from-the-environment-save-us-from-local-weather-disaster-report/,infosurhoy.com,20181130T130000Z,English,United States
restoration of vegetated coastal ecosystems,blue carbon,Climate change signals and impacts continue in 2018,https://public.wmo.int/en/media/press-release/climate-change-signals-and-impacts-continue-2018,public.wmo.int,20181129T134500Z,English,United States
restoration of vegetated coastal ecosystems,blue carbon,Wetlands are a natural climate solution . Guess who turning them into big polluters ?,https://grist.org/article/wetlands-are-a-natural-climate-solution-guess-whos-turning-them-into-big-polluters/,grist.org,20181129T133000Z,English,United States
restoration of vegetated coastal ecosystems,blue carbon,Why This Invasive Plant Has A Shot At Some Redemption,http://www.nepr.net/post/why-invasive-plant-has-shot-some-redemption,nepr.net,20181128T203000Z,English,United States
restoration of vegetated coastal ecosystems,blue carbon,"Despite workplace innovations , some ( laughable ) resistance exists",http://www.westfargopioneer.com/opinion/columns/4304236-despite-workplace-innovations-some-laughable-resistance-exists,westfargopioneer.com,20181128T130000Z,English,United States
restoration of vegetated coastal ecosystems,blue carbon,Lexus Expands Its High - Performance F Line,http://fortune.com/2018/11/27/lexus-expands-its-high-performance-f-line/,fortune.com,20181128T004500Z,English,United States
restoration of vegetated coastal ecosystems,blue carbon,Can removing carbon from the atmosphere save us from climate catastrophe ?,https://phys.org/news/2018-11-carbon-atmosphere-climate-catastrophe.html,phys.org,20181127T174500Z,English,United States
restoration of vegetated coastal ecosystems,blue carbon,Why This Invasive Plant Has A Shot At Some Redemption,http://www.wbur.org/news/2018/11/27/phragmites-salt-marsh,wbur.org,20181127T141500Z,English,United States
restoration of vegetated coastal ecosystems,blue carbon,Lessons for Washington from a carbon - tax autopsy,https://crosscut.com/2018/11/lessons-washington-carbon-tax-autopsy,crosscut.com,20181127T133000Z,English,United States
restoration of vegetated coastal ecosystems,blue carbon,gift guide | Ad Vault | thetandd . com,https://thetandd.com/ads/other/ad_vault/gift-guide/pdfdisplayad_7a07372a-e888-579e-ba97-3628eab74a5a.html,thetandd.com,20181123T021500Z,English,United States
restoration of vegetated coastal ecosystems,blue carbon,CVF Virtual Summit Panel - A New Sustainable Ocean Economy : Advancing Ocean and Climate Action,https://www.wri.org/events/2018/11/cvf-virtual-climate-summit-panel-new-sustainable-ocean-economy,wri.org,20181115T153000Z,English,United States
restoration of vegetated coastal ecosystems,blue carbon,RPT - Rocket fuel : Australia targets hydrogen as next big energy export | Agricultural Commodities,https://af.reuters.com/article/commoditiesNews/idAFL4N1XO2NY,af.reuters.com,20181114T041500Z,English,United States
restoration of vegetated coastal ecosystems,blue carbon,RPT - Rocket fuel : Australia targets hydrogen as next big energy export,https://www.reuters.com/article/australia-hydrogen/rpt-rocket-fuel-australia-targets-hydrogen-as-next-big-energy-export-idUSL4N1XO2NY,reuters.com,20181114T024500Z,English,United States
restoration of vegetated coastal ecosystems,blue carbon,RPT - Rocket fuel : Australia targets hydrogen as next big energy export,https://uk.reuters.com/article/australia-hydrogen/rpt-rocket-fuel-australia-targets-hydrogen-as-next-big-energy-export-idUKL4N1XO2NY,uk.reuters.com,20181113T220000Z,English,United States
restoration of vegetated coastal ecosystems,blue carbon,RPT - Rocket fuel : Australia targets hydrogen as next big energy export,https://www.reuters.com/article/australia-hydrogen-idUSL4N1XO2NY,reuters.com,20181113T213000Z,English,United States
restoration of vegetated coastal ecosystems,blue carbon,Rocket fuel : Australia targets hydrogen as next big energy export,https://www.cnbc.com/2018/11/13/reuters-america-rocket-fuel-australia-targets-hydrogen-as-next-big-energy-export.html,cnbc.com,20181113T201500Z,English,United States
restoration of vegetated coastal ecosystems,blue carbon,Rocket fuel : Australia targets hydrogen as next big energy export | Agricultural Commodities,https://af.reuters.com/article/commoditiesNews/idAFL3N1XC7QU,af.reuters.com,20181113T190000Z,English,United States
restoration of vegetated coastal ecosystems,blue carbon,Rocket fuel : Australia targets hydrogen as next big energy export,https://in.reuters.com/article/australia-hydrogen/rocket-fuel-australia-targets-hydrogen-as-next-big-energy-export-idINL3N1XC7QU,in.reuters.com,20181113T190000Z,English,United States
restoration of vegetated coastal ecosystems,blue carbon,Rocket fuel : Australia targets hydrogen as next big energy export,https://www.reuters.com/article/australia-hydrogen/rocket-fuel-australia-targets-hydrogen-as-next-big-energy-export-idUSL3N1XC7QU,reuters.com,20181113T190000Z,English,United States
restoration of vegetated coastal ecosystems,blue carbon,Rocket fuel : Australia targets hydrogen as next big energy export,https://uk.reuters.com/article/australia-hydrogen/rocket-fuel-australia-targets-hydrogen-as-next-big-energy-export-idUKL3N1XC7QU,uk.reuters.com,20181113T170000Z,English,United States
restoration of vegetated coastal ecosystems,blue carbon,Rocket fuel : Australia targets hydrogen as next big energy export,https://in.reuters.com/article/australia-hydrogen-idINL3N1XC7QU,in.reuters.com,20181113T081500Z,English,United States
restoration of vegetated coastal ecosystems,blue carbon,Rocket fuel : Australia targets hydrogen as next big energy export,https://www.reuters.com/article/australia-hydrogen-idUSL3N1XC7QU,reuters.com,20181113T070000Z,English,United States
restoration of vegetated coastal ecosystems,blue carbon,Mangroves can help countries mitigate their carbon emissions : Coastal environments are highly effective at capturing carbon,https://www.sciencedaily.com/releases/2018/11/181109101451.htm,sciencedaily.com,20181112T030000Z,English,United States
restoration of vegetated coastal ecosystems,blue carbon,Mangroves can help countries mitigate their carbon emissions,http://www.terradaily.com/reports/Mangroves_can_help_countries_mitigate_their_carbon_emissions_999.html,terradaily.com,20181111T100000Z,English,United States
restoration of vegetated coastal ecosystems,blue carbon,NUS Study : Mangroves Can Help Countries Mitigate Their Carbon Emissions,https://www.enn.com/articles/55982-nus-study-mangroves-can-help-countries-mitigate-their-carbon-emissions,enn.com,20181109T223000Z,English,United States
restoration of vegetated coastal ecosystems,blue carbon,"Despite 2018 Loss , Carbon Tax Supporters Will Keep Trying Next Year",https://dailycaller.com/2018/11/09/carbon-tax-legislation-washington/,dailycaller.com,20181109T174500Z,English,United States
restoration of vegetated coastal ecosystems,blue carbon,NUS study : Mangroves can help countries mitigate their carbon emissions,https://www.eurekalert.org/pub_releases/2018-11/nuos-nsm110918.php,eurekalert.org,20181109T153000Z,English,United States
restoration of vegetated coastal ecosystems,blue carbon,Mangroves can help countries mitigate their carbon emissions,https://phys.org/news/2018-11-mangroves-countries-mitigate-carbon-emissions.html,phys.org,20181109T143000Z,English,United States
restoration of vegetated coastal ecosystems,blue carbon,Blue carbon making waves in climate change : Scripps Institution of Oceanography announces international eco - project,http://www.lajollalight.com/news/health-science/sd-cm-ljl-blue-carbon-20181107-story.html,lajollalight.com,20181109T001500Z,English,United States
restoration of vegetated coastal ecosystems,blue carbon,We Must Remove Carbon from the Atmosphere to Limit Climate Change : Here How We Can Do It,https://www.newsweek.com/we-must-remove-carbon-atmosphere-limit-climate-change-1206971,newsweek.com,20181108T153000Z,English,United States
restoration of vegetated coastal ecosystems,blue carbon,Mobile Edge Gift Ideas for the 2018 Holiday Season . . . and Beyond !,https://www.prnewswire.com/news-releases/mobile-edge-gift-ideas-for-the-2018-holiday-season----and-beyond-300746202.html,prnewswire.com,20181108T011500Z,English,United States
restoration of vegetated coastal ecosystems,blue carbon,Mobile Edge Gift Ideas for the 2018 Holiday Season . . . and Beyond !,https://www.benzinga.com/pressreleases/18/11/r12656355/mobile-edge-gift-ideas-for-the-2018-holiday-season-and-beyond,benzinga.com,20181108T011500Z,English,United States
restoration of vegetated coastal ecosystems,blue carbon,Mobile Edge Gift Ideas for the 2018 Holiday Season . . . and Beyond !,https://www.tmcnet.com/usubmit/2018/11/07/8848362.htm,tmcnet.com,20181108T004500Z,English,United States
restoration of vegetated coastal ecosystems,blue carbon,Mobile Edge Gift Ideas for the 2018 Holiday Season . . . and Beyond !,https://www.prnewswire.com:443/news-releases/mobile-edge-gift-ideas-for-the-2018-holiday-season----and-beyond-300746202.html,prnewswire.com,20181108T004500Z,English,United States
restoration of vegetated coastal ecosystems,blue carbon,"Seagrass , protector of shipwrecks and buried treasure",http://www.econotimes.com/Seagrass-protector-of-shipwrecks-and-buried-treasure-1452470,econotimes.com,20181104T180000Z,English,United States
restoration of vegetated coastal ecosystems,blue carbon,Remarks at the 18th Indian Ocean Rim Association ( IORA ) Council of Ministers Meeting,https://www.state.gov/p/sca/rls/rmks/2018/287094.htm,state.gov,20181102T190000Z,English,United States
restoration of vegetated coastal ecosystems,blue carbon,Are we losing one of our biggest CO2 sinks ?,https://www.sciencedaily.com/releases/2018/10/181031101012.htm,sciencedaily.com,20181101T213000Z,English,United States
restoration of vegetated coastal ecosystems,blue carbon,Are we losing one of our biggest carbon dioxide sinks ?,https://phys.org/news/2018-11-biggest-carbon-dioxide.html,phys.org,20181101T130000Z,English,United States
restoration of vegetated coastal ecosystems,blue carbon,3 tons of oysters planted in Seattle Elliott Bay to clean water,https://www.king5.com/article/tech/science/environment/3-tons-of-oysters-planted-in-seattles-elliott-bay-to-clean-water/281-610030646,king5.com,20181101T021500Z,English,United States
restoration of vegetated coastal ecosystems,blue carbon,2018 was the year that …,https://www.greenbiz.com/article/2018-was-year,greenbiz.com,20181231T160000Z,English,United States
restoration of vegetated coastal ecosystems,blue carbon,A scholar reflects on academic life and retirement through poetry ( opinion ),http://www.insidehighered.com/advice/2018/12/20/scholar-reflects-academic-life-and-retirement-through-poetry-opinion,insidehighered.com,20181222T121500Z,English,United States
restoration of vegetated coastal ecosystems,blue carbon,New report examines key steps in removing carbon dioxide from air,https://phys.org/news/2018-12-key-carbon-dioxide-air.html,phys.org,20181221T144500Z,English,United States
restoration of vegetated coastal ecosystems,blue carbon,Seagrass could save our gr ( asses ),https://grist.org/beacon/seagrass-could-save-our-grasses/,grist.org,20181220T203000Z,English,United States
restoration of vegetated coastal ecosystems,blue carbon,New Report Examines Key Steps Forward in Removing Carbon Dioxide from Air,https://blogs.ei.columbia.edu/2018/12/20/new-report-removing-carbon-dioxide/,blogs.ei.columbia.edu,20181220T193000Z,English,United States
restoration of vegetated coastal ecosystems,blue carbon,Integrating Ocean and Climate Diplomacy - Center for American Progress,https://www.americanprogress.org/issues/green/reports/2018/12/19/464467/integrating-ocean-climate-diplomacy/,americanprogress.org,20181220T161500Z,English,United States
restoration of vegetated coastal ecosystems,blue carbon,Mansory 720S First Edition Catches Some Sun In London Traffic,https://www.carscoops.com/2018/12/mansory-720s-first-edition-catches-sun-london-traffic/,carscoops.com,20181220T014500Z,English,United States
restoration of vegetated coastal ecosystems,blue carbon,Climate forecast among experts forum topic in Palawan,https://www.newjerseytelegraph.com/news/258632047/climate-forecast-among-experts-forum-topic-in-palawan,newjerseytelegraph.com,20181219T143000Z,English,United States
restoration of vegetated coastal ecosystems,blue carbon,The Great Barrier Reef Secret Climate Change Weapon Is This Switzerland - Sized Meadow of Seagrass,https://www.msn.com/en-us/travel/news/the-great-barrier-reefs-secret-climate-change-weapon-is-this-switzerland-sized-meadow-of-seagrass/ar-BBR5Pgi,msn.com,20181217T194500Z,English,United States
restoration of vegetated coastal ecosystems,blue carbon,The Great Barrier Reef Secret Climate Change Weapon Is This Switzerland - Sized Meadow of Seagrass,https://earther.gizmodo.com/the-great-barrier-reefs-secret-climate-change-weapon-is-1831149374,earther.gizmodo.com,20181217T191500Z,English,United States
restoration of vegetated coastal ecosystems,blue carbon,"Deep Seagrass Bed Could Stall Climate Change , If Climate Change Doesnt Kill It First",https://www.wabe.org/deep-seagrass-bed-could-stall-climate-change-if-climate-change-doesnt-kill-it-fi/,wabe.org,20181217T143000Z,English,United States
restoration of vegetated coastal ecosystems,blue carbon,How I stave off despair as a climate scientist,https://www.nature.com/articles/d41586-018-07765-4,nature.com,20181217T114500Z,English,United States
restoration of vegetated coastal ecosystems,blue carbon,"Deep Seagrass Bed Could Stall Climate Change , If Climate Change Doesnt Kill It First",https://www.npr.org/templates/transcript/transcript.php?storyId=676913451,npr.org,20181217T114500Z,English,United States
restoration of vegetated coastal ecosystems,blue carbon,"Deep Seagrass Bed Could Stall Climate Change , If Climate Change Doesnt Kill It First",http://www.wcbe.org/post/deep-seagrass-bed-could-stall-climate-change-if-climate-change-doesnt-kill-it-first,wcbe.org,20181217T094500Z,English,United States
restoration of vegetated coastal ecosystems,blue carbon,"Deep Seagrass Bed Could Stall Climate Change , If Climate Change Doesnt Kill It First",http://www.kunc.org/post/deep-seagrass-bed-could-stall-climate-change-if-climate-change-doesnt-kill-it-first,kunc.org,20181217T060000Z,English,United States
restoration of vegetated coastal ecosystems,blue carbon,"Deep Seagrass Bed Could Stall Climate Change , If Climate Change Doesnt Kill It First",http://radio.wpsu.org/post/deep-seagrass-bed-could-stall-climate-change-if-climate-change-doesnt-kill-it-first,radio.wpsu.org,20181217T060000Z,English,United States
restoration of vegetated coastal ecosystems,blue carbon,"Deep Seagrass Bed Could Stall Climate Change , If Climate Change Doesnt Kill It First",https://www.peconicpublicbroadcasting.org/post/deep-seagrass-bed-could-stall-climate-change-if-climate-change-doesnt-kill-it-first,peconicpublicbroadcasting.org,20181217T054500Z,English,United States
restoration of vegetated coastal ecosystems,blue carbon,"Deep Seagrass Bed Could Stall Climate Change , If Climate Change Doesnt Kill It First",http://www.wlrh.org/NPR-News/deep-seagrass-bed-could-stall-climate-change-if-climate-change-doesnt-kill-it-first,wlrh.org,20181217T050000Z,English,United States
restoration of vegetated coastal ecosystems,blue carbon,"Deep Seagrass Bed Could Stall Climate Change , If Climate Change Doesnt Kill It First",https://www.northcountrypublicradio.org/news/npr/676913451/deep-seagrass-bed-could-stall-climate-change-if-climate-change-doesn-t-kill-it-first,northcountrypublicradio.org,20181217T043000Z,English,United States
restoration of vegetated coastal ecosystems,blue carbon,"Deep Seagrass Bed Could Stall Climate Change , If Climate Change Doesnt Kill It First",http://kclu.org/post/deep-seagrass-bed-could-stall-climate-change-if-climate-change-doesnt-kill-it-first,kclu.org,20181217T040000Z,English,United States
restoration of vegetated coastal ecosystems,blue carbon,"Deep Seagrass Bed Could Stall Climate Change , If Climate Change Doesnt Kill It First",https://www.kwit.org/post/deep-seagrass-bed-could-stall-climate-change-if-climate-change-doesnt-kill-it-first,kwit.org,20181217T040000Z,English,United States
restoration of vegetated coastal ecosystems,blue carbon,Seagrass could stall climate change -- if climate change doesnt kill it first,https://www.mprnews.org/story/2018/12/16/npr-seagrass-could-stall-climate-change,mprnews.org,20181217T030000Z,English,United States
restoration of vegetated coastal ecosystems,blue carbon,"Deep Seagrass Bed Could Stall Climate Change , If Climate Change Doesnt Kill It First . News",https://www.opb.org/news/article/npr-deep-seagrass-bed-could-stall-climate-change-if-climate-change-doesnt-kill-it-first/,opb.org,20181217T023000Z,English,United States
restoration of vegetated coastal ecosystems,blue carbon,"Deep Seagrass Bed Could Stall Climate Change , If Climate Change Doesnt Kill It First",https://knpr.org/npr/2018-12/deep-seagrass-bed-could-stall-climate-change-if-climate-change-doesnt-kill-it-first,knpr.org,20181217T023000Z,English,United States
restoration of vegetated coastal ecosystems,blue carbon,"Deep Seagrass Bed Could Stall Climate Change , If Climate Change Doesnt Kill It First",http://www.wfae.org/post/deep-seagrass-bed-could-stall-climate-change-if-climate-change-doesnt-kill-it-first,wfae.org,20181217T021500Z,English,United States
restoration of vegetated coastal ecosystems,blue carbon,"Deep Seagrass Bed Could Stall Climate Change , If Climate Change Doesnt Kill It First",http://www.southcarolinapublicradio.org/post/deep-seagrass-bed-could-stall-climate-change-if-climate-change-doesnt-kill-it-first,southcarolinapublicradio.org,20181217T021500Z,English,United States
restoration of vegetated coastal ecosystems,blue carbon,"Deep Seagrass Bed Could Stall Climate Change , If Climate Change Doesnt Kill It First",http://www.capradio.org/news/npr/story?storyid=676913451,capradio.org,20181217T020000Z,English,United States
restoration of vegetated coastal ecosystems,blue carbon,"Deep Seagrass Bed Could Stall Climate Change , If Climate Change Doesnt Kill It First",http://www.wkms.org/post/deep-seagrass-bed-could-stall-climate-change-if-climate-change-doesnt-kill-it-first,wkms.org,20181217T011500Z,English,United States
restoration of vegetated coastal ecosystems,blue carbon,"Deep Seagrass Bed Could Stall Climate Change , If Climate Change Doesnt Kill It First",https://www.wxxinews.org/post/deep-seagrass-bed-could-stall-climate-change-if-climate-change-doesnt-kill-it-first,wxxinews.org,20181217T011500Z,English,United States
restoration of vegetated coastal ecosystems,blue carbon,"Deep Seagrass Bed Could Stall Climate Change , If Climate Change Doesnt Kill It First",https://www.wamc.org/post/deep-seagrass-bed-could-stall-climate-change-if-climate-change-doesnt-kill-it-first,wamc.org,20181217T003000Z,English,United States
restoration of vegetated coastal ecosystems,blue carbon,"Deep Seagrass Bed Could Stall Climate Change , If Climate Change Doesnt Kill It First",https://www.npr.org/2018/12/16/676913451/deep-seagrass-bed-could-stall-climate-change-if-climate-change-doesnt-kill-it-fi,npr.org,20181217T000000Z,English,United States
restoration of vegetated coastal ecosystems,blue carbon,"Deep Seagrass Bed Could Stall Climate Change , If Climate Change Doesnt Kill It First",https://www.delmarvapublicradio.net/post/deep-seagrass-bed-could-stall-climate-change-if-climate-change-doesnt-kill-it-first,delmarvapublicradio.net,20181216T230000Z,English,United States
restoration of vegetated coastal ecosystems,blue carbon,On the horizon : Looking ahead for global conservation,https://phys.org/news/2018-12-horizon-global.html,phys.org,20181214T160000Z,English,United States
restoration of vegetated coastal ecosystems,blue carbon,Verodin : BAS Product Overview and Insight,https://www.esecurityplanet.com/products/verodin-security-instrumentation-platform.html,esecurityplanet.com,20181214T013000Z,English,United States
restoration of vegetated coastal ecosystems,blue carbon,Supergirl Season 4 Episode 9 Review -  Elseworlds Part 3,https://www.flickeringmyth.com/2018/12/supergirl-season-4-episode-9-review-elseworlds-part-3/,flickeringmyth.com,20181213T171500Z,English,United States
restoration of vegetated coastal ecosystems,blue carbon,Deep Water Seagrass Meadows Are Untapped Carbon Sinks,http://blogs.discovermagazine.com/d-brief/2018/12/12/deep-seagrass-meadows-carbon-sink-climate-change/,blogs.discovermagazine.com,20181212T193000Z,English,United States
restoration of vegetated coastal ecosystems,blue carbon,Huge Blue Carbon Sink Discovered in Great Barrier Reef Could be Warding Off Climate Change,https://www.newsweek.com/great-barrier-reef-climate-change-blue-carbon-seagrass-carbon-sink-1253855,newsweek.com,20181212T093000Z,English,United States
restoration of vegetated coastal ecosystems,blue carbon,A paddle boarding renaissance in Petaluma,https://www.sonomanews.com/lifestyle/9028172-181/a-paddle-boarding-renaissance-in,sonomanews.com,20181203T173000Z,English,United States
restoration of vegetated coastal ecosystems,blue carbon,"The Long - Term Warming Trend Has Continued in 2018 , with the Average Global Temperature Set to Be the Fourth Highest on Record",https://human-wrongs-watch.net/2018/12/02/the-long-term-warming-trend-has-continued-in-2018-with-the-average-global-temperature-set-to-be-the-fourth-highest-on-record/,human-wrongs-watch.net,20181202T081500Z,English,United States
restoration of vegetated coastal ecosystems,blue carbon,2018 SkS Weekly Climate Change & Global Warming News Roundup # 48,https://skepticalscience.com/2018-SkS-Weekly-News-Roundup_48.html,skepticalscience.com,20181201T221500Z,English,United States
restoration of vegetated coastal ecosystems,blue carbon,2018 SkS Weekly Climate Change & Global Warming News Roundup # 48,https://skepticalscience.com/news.php?n=4316,skepticalscience.com,20181201T213000Z,English,United States
restoration of vegetated coastal ecosystems,blue carbon,A paddle boarding renaissance in Petaluma,https://www.petaluma360.com/news/8985283-181/a-paddle-boarding-renaissance-in,petaluma360.com,20181201T091500Z,English,United States
restoration of vegetated coastal ecosystems,blue carbon,Protecting the world wetlands : 5 essential reads,http://www.chicagotribune.com/sns-protecting-the-worlds-wetlands-5-essential-reads-110849-20190131-story.html,chicagotribune.com,20190131T134500Z,English,United States
restoration of vegetated coastal ecosystems,blue carbon,Opinion : The Value of Ecosystem Services Valuations - Ecosystem Marketplace,http://www.ecosystemmarketplace.com/articles/opinion-the-value-of-ecosystem-services-valuations/,ecosystemmarketplace.com,20190125T181500Z,English,United States
restoration of vegetated coastal ecosystems,blue carbon,Aston Martin Valkyrie 150 Buyers Can Add an AMR Track Performance Package,https://news.yahoo.com/aston-martin-valkyries-150-buyers-050100323.html,news.yahoo.com,20190124T020000Z,English,United States
restoration of vegetated coastal ecosystems,blue carbon,Aston Martin Valkyrie to Offer AMR Track Performance Package,https://www.caranddriver.com/news/a25996637/aston-martin-valkyrie-performance-pack/,caranddriver.com,20190123T063000Z,English,United States
restoration of vegetated coastal ecosystems,blue carbon,A Restaurant Workhorse for Your Kitchen,https://www.nytimes.com/2019/01/22/dining/made-in-carbon-steel-skillet.html,nytimes.com,20190122T220000Z,English,United States
restoration of vegetated coastal ecosystems,blue carbon,Researchers study eelgrass for climate change effect,https://kgmi.com/news/007700-researchers-study-eelgrass-for-climate-change-effect/,kgmi.com,20190122T191500Z,English,United States
restoration of vegetated coastal ecosystems,blue carbon,10 Surprising Things Weve Learned From The Desert,http://listverse.com/2019/01/22/10-surprising-things-weve-learned-from-the-desert/,listverse.com,20190122T084500Z,English,United States
restoration of vegetated coastal ecosystems,blue carbon,Researchers probe into region  blue carbon,https://www.goskagit.com/news/local_news/researchers-probe-into-region-s-blue-carbon/article_a20a3399-b7ed-5601-ba3d-466d6456b994.html,goskagit.com,20190120T143000Z,English,United States
restoration of vegetated coastal ecosystems,blue carbon,UD grad works on ocean acidification,https://www.udel.edu/udaily/2019/january/marine-policy-graduate-student-meredith-kurz-national-oceanic-atmospheric-administration/,udel.edu,20190116T203000Z,English,United States
restoration of vegetated coastal ecosystems,blue carbon,Why protecting  blue carbon  storage is crucial to fighting climate change,https://www.greenbiz.com/article/why-protecting-blue-carbon-storage-crucial-fighting-climate-change,greenbiz.com,20190115T124500Z,English,United States
restoration of vegetated coastal ecosystems,blue carbon,"Clean Ocean Access , Sail Newport among eight organizations receiving grants from 11th Hour Racing",http://whatsupnewp.com/2019/01/clean-ocean-access-sail-newport-among-eight-organizations-receiving-grants-from-11th-hour-racing/,whatsupnewp.com,20190115T004500Z,English,United States
restoration of vegetated coastal ecosystems,blue carbon,From oceans to the Everglades and in between : Institute watches over our water,https://communitynewspapers.com/florida-international-university/from-oceans-to-the-everglades-and-in-between-institute-watches-over-our-water/,communitynewspapers.com,20190115T003000Z,English,United States
restoration of vegetated coastal ecosystems,blue carbon,11th Hour Racing Announces New Grants >> Scuttlebutt Sailing News,https://www.sailingscuttlebutt.com/2019/01/14/11th-hour-racing-announces-new-grants/,sailingscuttlebutt.com,20190114T203000Z,English,United States
restoration of vegetated coastal ecosystems,blue carbon,Mapping The World  Blue Carbon  Hot Spots In Coastal Mangrove Forests,http://econintersect.com/pages/contributors/contributor.php?post=201901130246,econintersect.com,20190113T101500Z,English,United States
restoration of vegetated coastal ecosystems,blue carbon,Mapping the world  blue carbon  hot spots in coastal mangrove forests,https://phys.org/news/2019-01-world-blue-carbon-hot-coastal.html,phys.org,20190111T151500Z,English,United States
restoration of vegetated coastal ecosystems,blue carbon,Mapping the world  blue carbon  hot spots in coastal mangrove forests,https://www.chron.com/news/article/Mapping-the-world-s-blue-carbon-hot-spots-in-13525894.php,chron.com,20190111T141500Z,English,United States
restoration of vegetated coastal ecosystems,blue carbon,Mapping the world  blue carbon  hot spots in coastal mangrove forests,https://www.sfgate.com/news/article/Mapping-the-world-s-blue-carbon-hot-spots-in-13525894.php,sfgate.com,20190111T141500Z,English,United States
restoration of vegetated coastal ecosystems,blue carbon,Mapping the world  blue carbon  hot spots in coastal mangrove forests,https://www.beaumontenterprise.com/news/article/Mapping-the-world-s-blue-carbon-hot-spots-in-13525894.php,beaumontenterprise.com,20190111T133000Z,English,United States
restoration of vegetated coastal ecosystems,blue carbon,Port of Seattle Aboard Washington Maritime Blue Strategy - Cruise Industry News,https://www.cruiseindustrynews.com/cruise-news/20204-port-of-seattle-aboard-washington-s-maritime-blue-strategy.html,cruiseindustrynews.com,20190111T133000Z,English,United States
restoration of vegetated coastal ecosystems,blue carbon,Mapping the world  blue carbon  hot spots in coastal mangrove forests,https://www.sfchronicle.com/news/article/Mapping-the-world-s-blue-carbon-hot-spots-in-13525894.php,sfchronicle.com,20190111T130000Z,English,United States
restoration of vegetated coastal ecosystems,blue carbon,Sprouting Mangroves Restore Hopes in Coastal Myanmar Global Issues,http://www.globalissues.org/news/2019/01/04/24859,globalissues.org,20190104T200000Z,English,United States
restoration of vegetated coastal ecosystems,blue carbon,Sprouting Mangroves Restore Hopes in Coastal Myanmar,http://www.ipsnews.net/2019/01/sprouting-mangroves-restore-hopes-coastal-myanmar/,ipsnews.net,20190104T120000Z,English,United States
restoration of vegetated coastal ecosystems,blue carbon,Sea Creatures Store Carbon In The Ocean - Could Protecting Them Help Slow Climate Change ?,http://econintersect.com/pages/contributors/contributor.php?post=201904252319,econintersect.com,20190426T050000Z,English,United States
restoration of vegetated coastal ecosystems,blue carbon,Coastal News Today | Apple Promotes Mangrove Conservation to Sequester 1 Million Metric Tons of CO2,https://www.coastalnewstoday.com/post/apple-promotes-mangrove-conservation-to-sequester-1-million-metric-tons-of-co2,coastalnewstoday.com,20190425T233000Z,English,United States
restoration of vegetated coastal ecosystems,blue carbon,Why Apple is Investing in Colombia Mangroves,https://www.triplepundit.com/story/2019/why-apple-investing-colombias-mangroves/83271/,triplepundit.com,20190425T174500Z,English,United States
restoration of vegetated coastal ecosystems,blue carbon,Apple Promotes Mangrove Conservation to Sequester 1 Million Metric Tons of CO2,https://www.environmentalleader.com/2019/04/apple-promotes-mangrove-conservation-to-sequester-1-million-metric-tons-of-co2/,environmentalleader.com,20190425T141500Z,English,United States
restoration of vegetated coastal ecosystems,blue carbon,Sea creatures store carbon in the ocean could protecting them help slow climate change ?,https://www.greenbiz.com/article/sea-creatures-store-carbon-ocean-could-protecting-them-help-slow-climate-change,greenbiz.com,20190424T093000Z,English,United States
restoration of vegetated coastal ecosystems,blue carbon,"Realme C2 launched at Rs 5 , 999 , cheapest smartphone with this feature",http://tynmobile.com/2019/04/23/realme-c2-launched-at-rs-5-999-cheapest-smartphone-with/,tynmobile.com,20190423T060000Z,English,United States
restoration of vegetated coastal ecosystems,blue carbon,Apple works to conserve mangroves,http://macdailynews.com/2019/04/22/apple-works-to-conserve-mangroves/,macdailynews.com,20190422T203000Z,English,United States
restoration of vegetated coastal ecosystems,blue carbon,"Apple : Save the mangroves , save the humans",https://www.imore.com/apple-save-mangroves-save-humans,imore.com,20190422T174500Z,English,United States
restoration of vegetated coastal ecosystems,blue carbon,Inside Apple plan to protect a Colombia mangrove forest,https://www.fastcompany.com/90338108/inside-apples-plan-to-protect-a-27000-acre-forest-in-colombia?position=2&partner=newsletter&campaign_date=04222019,fastcompany.com,20190422T143000Z,English,United States
restoration of vegetated coastal ecosystems,blue carbon,Inside Apple plan to protect a Colombia mangrove forest,https://www.fastcompany.com/90338108/inside-apples-plan-to-protect-a-27000-acre-forest-in-colombia,fastcompany.com,20190422T141500Z,English,United States
restoration of vegetated coastal ecosystems,blue carbon,Sea Creatures Store Carbon in the Ocean – Could Protecting Them Help Slow Climate Change ? – Advocacy for Animals,http://advocacy.britannica.com/blog/advocacy/2019/04/sea-creatures-store-carbon-in-the-ocean-could-protecting-them-help-slow-climate-change/,advocacy.britannica.com,20190422T141500Z,English,United States
restoration of vegetated coastal ecosystems,blue carbon,Heidi Pearson – Advocacy for Animals,http://advocacy.britannica.com/blog/advocacy/author/hpearson/,advocacy.britannica.com,20190422T141500Z,English,United States
restoration of vegetated coastal ecosystems,blue carbon,Inside Apple plan to protect a Colombia mangrove forest,https://www.fastcompany.com/90338108/inside-apples-plan-to-protect-a-27000-acre-forest-in-colombia?position=1&partner=newsletter&campaign_date=04222019,fastcompany.com,20190422T140000Z,English,United States
restoration of vegetated coastal ecosystems,blue carbon,"Conserving mangroves , a lifeline for the world",https://www.apple.com/newsroom/2019/04/conserving-mangroves-a-lifeline-for-the-world/,apple.com,20190422T134500Z,English,United States
restoration of vegetated coastal ecosystems,blue carbon,Hublot Releases Barrel Shaped Spirit of Big Bang Tourbillon,https://hk.blouinartinfo.com/news/story/3635899/hublot-releases-barrel-shaped-spirit-of-big-bang-tourbillon,hk.blouinartinfo.com,20190421T194500Z,English,United States
restoration of vegetated coastal ecosystems,blue carbon,Protecting Sea Creatures Could Help Slow Climate Change,https://truthout.org/articles/protecting-sea-creatures-could-help-slow-climate-change/,truthout.org,20190421T180000Z,English,United States
restoration of vegetated coastal ecosystems,blue carbon,Hublot Releases Barrel Shaped Spirit of Big Bang Tourbillon,https://www.blouinartinfo.com/news/story/3635893/hublot-releases-barrel-shaped-spirit-of-big-bang-tourbillon,blouinartinfo.com,20190420T160000Z,English,United States
restoration of vegetated coastal ecosystems,blue carbon,Protecting Marine Creatures May Help Slow Climate Change,https://www.civilbeat.org/2019/04/protecting-marine-creatures-may-help-slow-climate-change/,civilbeat.org,20190419T184500Z,English,United States
restoration of vegetated coastal ecosystems,blue carbon,Could Sea Creatures Help Slow Climate Change ?,http://www.earthisland.org/journal/index.php/articles/entry/could-sea-creatures-help-slow-climate-change,earthisland.org,20190419T181500Z,English,United States
restoration of vegetated coastal ecosystems,blue carbon,Wild and Scenic Film Fest Saturday at The Park,https://www.apg-wi.com/sawyer_county_record/free/wild-and-scenic-film-fest-saturday-at-the-park/article_f33a3178-61ef-11e9-a52c-83d169631876.html,apg-wi.com,20190418T161500Z,English,United States
restoration of vegetated coastal ecosystems,blue carbon,New York International Auto Show 2019 Highlights,http://gtspirit.com/2019/04/18/new-york-international-auto-show-2019-highlights/,gtspirit.com,20190418T141500Z,English,United States
restoration of vegetated coastal ecosystems,blue carbon,Sea creatures store carbon in the ocean – could protecting them help slow climate change ?,https://phys.org/news/2019-04-sea-creatures-carbon-ocean-climate.html,phys.org,20190417T154500Z,English,United States
restoration of vegetated coastal ecosystems,blue carbon,Sea creatures store carbon in the ocean – could protecting them help slow climate change ?,https://www.sfgate.com/news/article/Sea-creatures-store-carbon-in-the-ocean-could-13773960.php,sfgate.com,20190417T114500Z,English,United States
restoration of vegetated coastal ecosystems,blue carbon,Sea creatures store carbon in the ocean – could protecting them help slow climate change ?,https://www.chron.com/news/article/Sea-creatures-store-carbon-in-the-ocean-could-13773960.php,chron.com,20190417T114500Z,English,United States
restoration of vegetated coastal ecosystems,blue carbon,Try the Made In Carbon Steel Skillet,http://www.thedailybeast.com/try-the-made-in-carbon-steel-skillet,thedailybeast.com,20190414T200000Z,English,United States
restoration of vegetated coastal ecosystems,blue carbon,THE DOLLAR SHAVE CLUB OF YOUR KITCHEN,http://www.messenger-inquirer.com/features/business/the-dollar-shave-club-of-your-kitchen/article_788cf9ec-050f-59ef-aa68-33f2a13dbdbc.html,messenger-inquirer.com,20190414T093000Z,English,United States
restoration of vegetated coastal ecosystems,blue carbon,Made In Wants to Be the Dollar Shave Club of your kitchen,https://www.sentinelsource.com/news/wapo/made-in-wants-to-be-the-dollar-shave-club-of/article_bf1a7631-8c77-5a04-8db0-a11b0a2df04b.html,sentinelsource.com,20190413T104500Z,English,United States
restoration of vegetated coastal ecosystems,blue carbon,Tom Colicchio Talks Carbon Steel Cookware from Made In,http://www.thedailybeast.com/tom-colicchio-talks-carbon-steel-cookware-from-made-in,thedailybeast.com,20190411T123000Z,English,United States
restoration of vegetated coastal ecosystems,blue carbon,Wild & Scenic Film Festival a tour of environmental activism around the world,https://www.unionleader.com/nh/arts_and_ent/wild-scenic-film-festival-a-tour-of-environmental-activism-around/article_309f0e41-1535-578a-907d-4c83620d089f.html,unionleader.com,20190411T013000Z,English,United States
restoration of vegetated coastal ecosystems,blue carbon,Wild & Scenic Film Festival a tour of environmental activism around the world,https://www.unionleader.com/nh/nh/arts_and_ent/wild-scenic-film-festival-a-tour-of-environmental-activism-around/article_309f0e41-1535-578a-907d-4c83620d089f.html,unionleader.com,20190411T000000Z,English,United States
restoration of vegetated coastal ecosystems,blue carbon,Tom Colicchio Talks Carbon Steel Cookware from Made In,https://www.thedailybeast.com/tom-colicchio-talks-carbon-steel-cookware-from-made-in,thedailybeast.com,20190410T171500Z,English,United States
restoration of vegetated coastal ecosystems,blue carbon,"Made In , with direct - to - consumer pots and pans , wants to be the Dollar Shave Club of your kitchen",https://www.seattletimes.com/life/food-drink/made-in-wants-to-be-the-dollar-shave-club-of-your-kitchen/,seattletimes.com,20190409T210000Z,English,United States
restoration of vegetated coastal ecosystems,blue carbon,This $69 carbon steel pan combines the best traits of cast iron skillets and stainless steel pans I get why professional chefs love using them,https://www.newstimes.com/technology/businessinsider/article/This-69-carbon-steel-pan-combines-the-best-13753204.php,newstimes.com,20190409T181500Z,English,United States
restoration of vegetated coastal ecosystems,blue carbon,This $69 carbon steel pan combines the best traits of cast iron skillets and stainless steel pans I get why professional chefs love using them,https://www.stamfordadvocate.com/technology/businessinsider/article/This-69-carbon-steel-pan-combines-the-best-13753204.php,stamfordadvocate.com,20190409T171500Z,English,United States
restoration of vegetated coastal ecosystems,blue carbon,This $69 carbon steel pan combines the best traits of cast iron skillets and stainless steel pans I get why professional chefs love using them,https://www.registercitizen.com/technology/businessinsider/article/This-69-carbon-steel-pan-combines-the-best-13753204.php,registercitizen.com,20190409T170000Z,English,United States
restoration of vegetated coastal ecosystems,blue carbon,This $69 carbon steel pan combines the best traits of cast iron skillets and stainless steel pans I get why professional chefs love using them,https://www.ctpost.com/technology/businessinsider/article/This-69-carbon-steel-pan-combines-the-best-13753204.php,ctpost.com,20190409T164500Z,English,United States
restoration of vegetated coastal ecosystems,blue carbon,This $69 carbon steel pan combines the best traits of cast iron skillets and stainless steel pans I get why professional chefs love using them,https://www.thehour.com/technology/businessinsider/article/This-69-carbon-steel-pan-combines-the-best-13753204.php,thehour.com,20190409T164500Z,English,United States
restoration of vegetated coastal ecosystems,blue carbon,This $69 carbon steel pan combines the best traits of cast iron skillets and stainless steel pans I get why professional chefs love using them,https://www.nhregister.com/technology/businessinsider/article/This-69-carbon-steel-pan-combines-the-best-13753204.php,nhregister.com,20190409T163000Z,English,United States
restoration of vegetated coastal ecosystems,blue carbon,This $69 carbon steel pan combines the best traits of cast iron skillets and stainless steel pans I get why professional chefs love using them,https://www.greenwichtime.com/technology/businessinsider/article/This-69-carbon-steel-pan-combines-the-best-13753204.php,greenwichtime.com,20190409T163000Z,English,United States
restoration of vegetated coastal ecosystems,blue carbon,Made In Carbon Steel Pan review : the perfect hybrid cookware,https://www.businessinsider.com/made-in-carbon-steel-pan-review,businessinsider.com,20190409T154500Z,English,United States
restoration of vegetated coastal ecosystems,blue carbon,"Climate change  evil twin  Ocean Acidification ( and problem stepchild , Ocean Hypoxia )",https://dissidentvoice.org/2019/04/climate-changes-evil-twin-ocean-acidification-and-problem-stepchild-ocean-hypoxia/,dissidentvoice.org,20190409T044500Z,English,United States
restoration of vegetated coastal ecosystems,blue carbon,Made In Wants to Be the Dollar Shave Club of your kitchen,https://www.thetelegraph.com/food/article/Made-In-Wants-to-Be-the-Dollar-Shave-Club-of-your-13750474.php,thetelegraph.com,20190408T184500Z,English,United States
restoration of vegetated coastal ecosystems,blue carbon,Made In Wants to Be the Dollar Shave Club of your kitchen,https://www.sfgate.com/food/article/Made-In-Wants-to-Be-the-Dollar-Shave-Club-of-your-13750474.php,sfgate.com,20190408T180000Z,English,United States
restoration of vegetated coastal ecosystems,blue carbon,Made In Wants to Be the Dollar Shave Club of your kitchen,https://www.nhregister.com/food/article/Made-In-Wants-to-Be-the-Dollar-Shave-Club-of-your-13750474.php,nhregister.com,20190408T180000Z,English,United States
restoration of vegetated coastal ecosystems,blue carbon,Made In Wants to Be the Dollar Shave Club of your kitchen,https://www.registercitizen.com/food/article/Made-In-Wants-to-Be-the-Dollar-Shave-Club-of-your-13750474.php,registercitizen.com,20190408T174500Z,English,United States
restoration of vegetated coastal ecosystems,blue carbon,StonePeak Ceramics Announces New Philanthropic Commitment to The Nature Conservancy,https://www.prweb.com/releases/stonepeak_ceramics_announces_new_philanthropic_commitment_to_the_nature_conservancy/prweb16210541.htm,prweb.com,20190405T163000Z,English,United States
restoration of vegetated coastal ecosystems,blue carbon,"Made In , an Austin cookware company , stirs up a $5 million investment - News - Austin American - Statesman",https://www.statesman.com/news/20190403/made-in-austin-cookware-company-stirs-up-5-million-investment,statesman.com,20190403T183000Z,English,United States
restoration of vegetated coastal ecosystems,blue carbon,"Alinea Group Achatz , Kokonas and Bonobos founder Spaly invest in cookware firm Made In",https://www.chicagobusiness.com/consumer-products/alinea-groups-achatz-kokonas-invest-cookware-firm,chicagobusiness.com,20190403T171500Z,English,United States
restoration of vegetated coastal ecosystems,blue carbon,"With Growth Skyrocketing , Made - In Cookware Raises $5 Million Seed Round",https://www.forbes.com/sites/aprilhamilton/2019/04/03/with-growth-skyrocketing-made-in-cookware-raises-5-million-seed-round/,forbes.com,20190403T123000Z,English,United States
restoration of vegetated coastal ecosystems,blue carbon,"$13MM Worth of Seized Exotic Cars Go Up for Auction , Including a Rare Lambo",https://www.web2carz.com/autos/news/7831/13mm-worth-of-seized-exotic-cars-go-up-for-auction-including-a-rare-lambo,web2carz.com,20190701T164500Z,English,United States
restoration of vegetated coastal ecosystems,blue carbon,New Technique Developed for Semi - Quantitative Visual Detection of Lead Ions,https://www.azom.com/news.aspx?newsID=51588,azom.com,20190701T110000Z,English,United States
restoration of vegetated coastal ecosystems,blue carbon,Warming delusion,https://craigmedred.news/2019/06/30/warmings-delusion/,craigmedred.news,20190701T071500Z,English,United States
restoration of vegetated coastal ecosystems,blue carbon,HOKA One One Carbon X,https://www.slowtwitch.com/Products/Running_Footwear_by_brand/Hoka_One_One/HOKA_One_One_Carbon_X_7325.html,slowtwitch.com,20190629T220000Z,English,United States
restoration of vegetated coastal ecosystems,blue carbon,Environmental film festival to come to Normal Theater,http://www.videtteonline.com/features/environmental-film-festival-to-come-to-normal-theater/article_a63635f2-9a02-11e9-bbe1-cf69905a60a4.html,videtteonline.com,20190629T011500Z,English,United States
restoration of vegetated coastal ecosystems,blue carbon,"Hey , that pretty good !",https://oppositelock.kinja.com/hey-that-s-pretty-good-1835748355,oppositelock.kinja.com,20190622T010000Z,English,United States
restoration of vegetated coastal ecosystems,blue carbon,Making The Blue Economy A Sustainable Reality,https://www.forbes.com/sites/natalieparletta/2019/06/21/making-the-blue-economy-a-sustainable-reality/,forbes.com,20190621T080000Z,English,United States
restoration of vegetated coastal ecosystems,blue carbon,Kelp Forests will be used as  carbon sinks,https://www.industryleadersmagazine.com/kelp-forests-will-be-used-as-carbon-sinks/,industryleadersmagazine.com,20190618T061500Z,English,United States
restoration of vegetated coastal ecosystems,blue carbon,Researchers Find Earliest Example of Merging Galaxies,http://blogs.discovermagazine.com/d-brief/2019/06/17/researchers-find-earliest-example-of-merging-galaxies/,blogs.discovermagazine.com,20190618T021500Z,English,United States
restoration of vegetated coastal ecosystems,blue carbon,Topcar Reveals Mercedes GLE Coupe - based Inferno 4x4 * 2,https://www.autoevolution.com/news/topcar-reveals-mercedes-gle-coupe-based-inferno-4x42-135132.html,autoevolution.com,20190611T161500Z,English,United States
restoration of vegetated coastal ecosystems,blue carbon,"Crucial to life , oceans get chance in climate spotlight",http://www.terradaily.com/reports/Crucial_to_life_oceans_get_chance_in_climate_spotlight_999.html,terradaily.com,20190610T081500Z,English,United States
restoration of vegetated coastal ecosystems,blue carbon,"Crucial to life , oceans get chance in climate spotlight",http://www.msn.com/en-nz/news/world/crucial-to-life-oceans-get-chance-in-climate-spotlight/ar-AACAOLw,msn.com,20190609T024500Z,English,United States
restoration of vegetated coastal ecosystems,blue carbon,"Crucial to life , oceans get chance in climate spotlight",https://phys.org/news/2019-06-crucial-life-oceans-chance-climate.html,phys.org,20190608T101500Z,English,United States
restoration of vegetated coastal ecosystems,blue carbon,"Crucial to life , oceans get chance in climate spotlight",http://www.spacedaily.com/afp/190607205732.w7e2szlw.html,spacedaily.com,20190608T011500Z,English,United States
restoration of vegetated coastal ecosystems,blue carbon,How mangroves could protect us from storms like Cyclone Fani,https://www.msn.com/en-au/news/techandscience/how-mangroves-could-protect-us-from-storms-like-cyclone-fani/ar-AACyf9j,msn.com,20190607T214500Z,English,United States
restoration of vegetated coastal ecosystems,blue carbon,"Crucial to life , oceans get chance in climate spotlight",https://news.yahoo.com/crucial-life-oceans-chance-climate-spotlight-205714822.html,news.yahoo.com,20190607T213000Z,English,United States
restoration of vegetated coastal ecosystems,blue carbon,Mercedes - AMG G63 Gets Inferno Blue Carbon Treatment from Topcar,https://www.autoevolution.com/news/mercedes-amg-g63-gets-inferno-blue-carbon-treatment-from-topcar-135052.html,autoevolution.com,20190607T193000Z,English,United States
restoration of vegetated coastal ecosystems,blue carbon,More Mangroves : Protecting Tropical Coastal Areas from Cyclone Damage,https://www.nakedcapitalism.com/2019/06/more-mangroves-protecting-tropical-coastal-areas-from-cyclone-damage.html,nakedcapitalism.com,20190607T143000Z,English,United States
restoration of vegetated coastal ecosystems,blue carbon,How mangroves could protect us from storms like Cyclone Fani,https://qz.com/india/1637858/how-mangroves-could-protect-us-from-storms-like-cyclone-fani/,qz.com,20190607T094500Z,English,United States
restoration of vegetated coastal ecosystems,blue carbon,Scientists make waves in D . C . at Capitol Hill Oceans Week,https://communitynewspapers.com/florida-international-university/scientists-make-waves-in-d-c-at-capitol-hill-oceans-week/,communitynewspapers.com,20190607T000000Z,English,United States
restoration of vegetated coastal ecosystems,blue carbon,The Best Food and Cooking Father Day Gifts,http://www.grubstreet.com/2019/06/the-best-food-and-cooking-fathers-day-gifts.html,grubstreet.com,20190606T200000Z,English,United States
restoration of vegetated coastal ecosystems,blue carbon,These 27 Women Are Leading the Charge to Protect Our Environment,https://news.yahoo.com/27-women-leading-charge-protect-120000992.html,news.yahoo.com,20190606T161500Z,English,United States
restoration of vegetated coastal ecosystems,blue carbon,Father Day Gift Guide : Coolest California Gifts For Dad,https://www.forbes.com/sites/davidhochman/2019/06/06/fathers-day-gift-guide-coolest-california-gifts-for-dad/,forbes.com,20190606T141500Z,English,United States
restoration of vegetated coastal ecosystems,blue carbon,These 27 Women Are Leading the Charge to Protect Our Environment,https://www.yahoo.com/news/27-women-leading-charge-protect-120000992.html,yahoo.com,20190606T124500Z,English,United States
restoration of vegetated coastal ecosystems,blue carbon,"27 Women Leading the Charge in the Fight Against Climate Change Alexandria Ocasio - Cortez , Shailene Woodley , Greta Thunberg and More",https://www.elle.com/culture/a27733802/women-in-conservation-list/,elle.com,20190606T124500Z,English,United States
restoration of vegetated coastal ecosystems,blue carbon,These 27 Women Are Leading the Charge to Protect Our Environment,https://www.yahoo.com/lifestyle/27-women-leading-charge-protect-120000992.html,yahoo.com,20190606T123000Z,English,United States
restoration of vegetated coastal ecosystems,blue carbon,Hydropower dams can harm coastal areas far downstream,https://www.timesunion.com/news/article/Hydropower-dams-can-harm-coastal-areas-far-13853016.php,timesunion.com,20190605T171500Z,English,United States
restoration of vegetated coastal ecosystems,blue carbon,FSU Researchers Shed Light On Seaweed Role In Trapping Blue Carbon,https://news.wfsu.org/post/fsu-researchers-shed-light-seaweeds-role-trapping-blue-carbon,news.wfsu.org,20190605T060000Z,English,United States
restoration of vegetated coastal ecosystems,blue carbon,FSU Researchers Shed Light On Seaweed Role In Trapping Blue Carbon,https://news.wjct.org/post/fsu-researchers-shed-light-seaweeds-role-trapping-blue-carbon,news.wjct.org,20190605T043000Z,English,United States
restoration of vegetated coastal ecosystems,blue carbon,How mangroves protect people from increasingly frequent and powerful tropical storms,https://phys.org/news/2019-06-mangroves-people-increasingly-frequent-powerful.html,phys.org,20190604T133000Z,English,United States
restoration of vegetated coastal ecosystems,blue carbon,Ten best cases for the OnePlus 7 Pro,https://www.talkandroid.com/guides/buyers-guides/ten-best-cases-for-the-oneplus-7-pro/,talkandroid.com,20190604T003000Z,English,United States
restoration of vegetated coastal ecosystems,blue carbon,Seaweed helps trap carbon dioxide in sediment,https://www.sciencedaily.com/releases/2019/06/190603124721.htm,sciencedaily.com,20190603T190000Z,English,United States
restoration of vegetated coastal ecosystems,blue carbon,Researchers find seaweed helps trap carbon dioxide in sediment,https://phys.org/news/2019-06-seaweed-carbon-dioxide-sediment.html,phys.org,20190603T170000Z,English,United States
restoration of vegetated coastal ecosystems,blue carbon,Researchers find seaweed helps trap carbon dioxide in sediment,https://www.eurekalert.org/pub_releases/2019-06/fsu-rfs060319.php,eurekalert.org,20190603T164500Z,English,United States
restoration of vegetated coastal ecosystems,blue carbon,VOX News POX On Climate Change Hope,http://russgeorge.net/2019/05/31/vox-news-pox/,russgeorge.net,20190602T230000Z,English,United States
restoration of vegetated coastal ecosystems,blue carbon,Ten Best cases for the Google Pixel 3a,https://www.talkandroid.com/guides/buyers-guides/pixel-3a-cases/,talkandroid.com,20190730T224500Z,English,United States
restoration of vegetated coastal ecosystems,blue carbon,Environmental activists to protest deep sea mining in Jamaica,http://www.loopslu.com/content/environmental-activists-protest-deep-sea-mining-jamaica-3,loopslu.com,20190723T064500Z,English,United States
restoration of vegetated coastal ecosystems,blue carbon,Coastal News Today | Sediment libraries show marine ecosystems are accumulating oil pollution faster than ever,https://www.coastalnewstoday.com/post/sediment-libraries-show-marine-ecosystems-are-accumulating-oil-pollution-faster-than-ever,coastalnewstoday.com,20190719T170000Z,English,United States
restoration of vegetated coastal ecosystems,blue carbon,Sediment libraries show marine ecosystems are accumulating oil pollution faster than ever,https://phys.org/news/2019-07-sediment-libraries-marine-ecosystems-accumulating.html,phys.org,20190719T133000Z,English,United States
restoration of vegetated coastal ecosystems,blue carbon,Xiaomi Android One Mi A3 disappoints with poor value and 720p display,https://www.talkandroid.com/342160-xiaomis-android-one-mi-a3-disappoints-with-poor-value-and-720p-display/,talkandroid.com,20190718T144500Z,English,United States
restoration of vegetated coastal ecosystems,blue carbon,Seabed - Mining Foes Press U . N . to Weigh Climate Impacts,https://www.scientificamerican.com/article/seabed-mining-foes-press-u-n-to-weigh-climate-impacts/,scientificamerican.com,20190716T181500Z,English,United States
restoration of vegetated coastal ecosystems,blue carbon,"Oregon Eelgrass Is Disappearing , With Potentially Big Impacts",https://www.pewtrusts.org/en/research-and-analysis/articles/2019/07/16/oregons-eelgrass-is-disappearing-with-potentially-big-impacts,pewtrusts.org,20190716T153000Z,English,United States
restoration of vegetated coastal ecosystems,blue carbon,The Big Blue Gap in the Green New Deal | naked capitalism,https://www.nakedcapitalism.com/2019/07/the-big-blue-gap-in-the-green-new-deal.html,nakedcapitalism.com,20190716T081500Z,English,United States
restoration of vegetated coastal ecosystems,blue carbon,The big blue gap in the Green New Deal,https://grist.org/article/the-big-blue-gap-in-the-green-new-deal/,grist.org,20190715T131500Z,English,United States
restoration of vegetated coastal ecosystems,blue carbon,2020 Yamaha YZF - R1 / R1M | Top Speed,https://www.topspeed.com/motorcycles/motorcycle-reviews/yamaha/2020-yamaha-yzf-r1-r1m-ar186016.html,topspeed.com,20190715T093000Z,English,United States
restoration of vegetated coastal ecosystems,blue carbon,Report Warns of  Irreversible harm  from Deep - sea Mining,https://www.hydro-international.com/content/news/report-warns-of-irreversible-harm-from-deep-sea-mining,hydro-international.com,20190711T083000Z,English,United States
restoration of vegetated coastal ecosystems,blue carbon,Six Degrees of Separation - Everything2 . com,https://everything2.com:443/title/Six+Degrees+of+Separation,everything2.com,20190710T133000Z,English,United States
restoration of vegetated coastal ecosystems,blue carbon,Unexpected consequences from catastrophic mangrove dieback –  What was concerning was that the dead mangrove forest emitted about eight times more methane than the living forest  – Desdemona Despair,https://desdemonadespair.net/2019/07/unexpected-consequences-from-catastrophic-mangrove-dieback-what-was-concerning-was-that-the-dead-mangrove-forest-emitted-about-eight-times-more-methane-than-the-living-forest.html,desdemonadespair.net,20190709T074500Z,English,United States
restoration of vegetated coastal ecosystems,blue carbon,"Can Trees , Oceans and Giant Carbon Sucking Machines Save Us from Climate Catastrophe ?",https://blog.ucsusa.org/angela-anderson/can-trees-oceans-and-giant-carbon-sucking-machines-save-us-from-climate-catastrophe,blog.ucsusa.org,20190708T141500Z,English,United States
restoration of vegetated coastal ecosystems,blue carbon,Town of Normal - Dir of Communications - Ad from 2019 - 07 - 04,https://www.pantagraph.com/ads/service/town-of-normal-dir-of-communications---ad-from/pdfdisplayad_090a2c79-096c-5f16-8a36-32002ed7b2ce.html,pantagraph.com,20190704T091500Z,English,United States
restoration of vegetated coastal ecosystems,blue carbon,"$13MM Worth of Seized Exotic Cars Go Up for Auction , Including a Rare Lambo",https://www.web2carz.com/autos/news/7831/13mm-worth-of-seized-exotic-cars-go-up-for-auction-including-a-rare-lambo,web2carz.com,20190701T164500Z,English,United States
restoration of vegetated coastal ecosystems,blue carbon,New Technique Developed for Semi - Quantitative Visual Detection of Lead Ions,https://www.azom.com/news.aspx?newsID=51588,azom.com,20190701T110000Z,English,United States
restoration of vegetated coastal ecosystems,blue carbon,Warming delusion,https://craigmedred.news/2019/06/30/warmings-delusion/,craigmedred.news,20190701T071500Z,English,United States
restoration of vegetated coastal ecosystems,blue carbon,Study in Port Susan shows wetland restoration increases carbon sequestration,https://www.goskagit.com/scnews/news/study-in-port-susan-shows-wetland-restoration-increases-carbon-sequestration/article_7de197ac-ccd1-11e9-95c7-d350c7653fd0.html,goskagit.com,20190901T201500Z,English,United States
restoration of vegetated coastal ecosystems,blue carbon,Study shows wetland restoration increases carbon accumulation,https://www.goskagit.com/news/study-shows-wetland-restoration-increases-carbon-accumulation/article_cae4afb0-df39-5cd6-9176-e7a9394df146.html,goskagit.com,20190901T170000Z,English,United States
restoration of vegetated coastal ecosystems,blue carbon,Study in Port Susan shows wetland restoration increases carbon accumulation,https://www.goskagit.com/scnews/news/study-in-port-susan-shows-wetland-restoration-increases-carbon-accumulation/article_7de197ac-ccd1-11e9-95c7-d350c7653fd0.html,goskagit.com,20190901T163000Z,English,United States
restoration of vegetated coastal ecosystems,blue carbon,"The Great Outdoors , Sept . 1 , 2019",https://www.news-gazette.com/news/the-great-outdoors-sept/article_6bdfab7b-b3cc-564d-aa6d-ce6204c0579a.html,news-gazette.com,20190901T131500Z,English,United States
restoration of vegetated coastal ecosystems,blue carbon,"Mangroves , Climate Change And Hurricanes",https://www.nprillinois.org/post/mangroves-climate-change-and-hurricanes,nprillinois.org,20190830T044500Z,English,United States
restoration of vegetated coastal ecosystems,blue carbon,Forests of seaweed can help climate change without risk of fire,https://www.nationalgeographic.com/environment/2019/08/forests-of-seaweed-can-help-climate-change-without-fire/,nationalgeographic.com,20190829T181500Z,English,United States
restoration of vegetated coastal ecosystems,blue carbon,Seaweed  forest can help fight climate change,https://www.msn.com/en-us/foodanddrink/foodnews/seaweed-forests-can-help-fight-climate-change/ar-AAGvP4V,msn.com,20190829T163000Z,English,United States
restoration of vegetated coastal ecosystems,blue carbon,"Tom Steyer , Advocate for Climate Action , Civil Rights , and Political Reform , visits the Center for Diverse Leadership in Science",https://medium.com/@cdls.climatecurrents/tom-steyer-advocate-for-climate-action-civil-rights-and-political-reform-visits-the-center-for-3ef030359684,medium.com,20190828T191500Z,English,United States
restoration of vegetated coastal ecosystems,blue carbon,Seaweeds Permanently Store Blue Carbon,https://www.forbes.com/sites/linhanhcat/2019/08/27/seaweeds-blue-carbon/,forbes.com,20190827T224500Z,English,United States
restoration of vegetated coastal ecosystems,blue carbon,Combating Climate Change,https://www.cfr.org/event/combating-climate-change,cfr.org,20190827T001500Z,English,United States
restoration of vegetated coastal ecosystems,blue carbon,Salt marshe capacity to sink carbon may be threatened by nitrogen pollution,https://www.sciencedaily.com/releases/2019/08/190826092340.htm,sciencedaily.com,20190826T164500Z,English,United States
restoration of vegetated coastal ecosystems,blue carbon,Salt marshe capacity to sink carbon may be threatened by nitrogen pollution,https://phys.org/news/2019-08-salt-marshes-capacity-carbon-threatened.html,phys.org,20190826T163000Z,English,United States
restoration of vegetated coastal ecosystems,blue carbon,Salt marshe capacity to sink carbon may be threatened by nitrogen pollution,https://www.eurekalert.org/pub_releases/2019-08/mbl-smc082319.php,eurekalert.org,20190826T134500Z,English,United States
restoration of vegetated coastal ecosystems,blue carbon,Bruce Melton : Tree planting : A diminishing part of the climate solution,http://www.theragblog.com/bruce-melton-tree-planting-a-diminishing-part-of-the-climate-solution/,theragblog.com,20190821T020000Z,English,United States
restoration of vegetated coastal ecosystems,blue carbon,Fall 2019 Earth Institute Internship Opportunities,https://blogs.ei.columbia.edu/2019/08/19/fall-2019-earth-institute-internship-opportunities/,blogs.ei.columbia.edu,20190819T133000Z,English,United States
restoration of vegetated coastal ecosystems,blue carbon,New research could help green Virginia with blue carbon,https://augustafreepress.com/new-research-could-help-green-virginia-with-blue-carbon/,augustafreepress.com,20190816T111500Z,English,United States
restoration of vegetated coastal ecosystems,blue carbon,Podcast : ExaStar Project Seeks Answers in Cosmos,https://insidehpc.com/2019/08/podcast-exastar-project-seeks-answers-in-cosmos/,insidehpc.com,20190814T184500Z,English,United States
restoration of vegetated coastal ecosystems,blue carbon,Global Wood Based Activated Carbon Market Research Report 2019,https://www.openpr.com/news/1821402/global-wood-based-activated-carbon-market-research-report-2019,openpr.com,20190813T024500Z,English,United States
restoration of vegetated coastal ecosystems,blue carbon,Port of Seattle  Blue Carbon  Project Puts Sea Life to Work,https://crosscut.com/sponsored/port-seattles-blue-carbon-project-puts-sea-life-work,crosscut.com,20190812T134500Z,English,United States
restoration of vegetated coastal ecosystems,blue carbon,Skip The Queue And Buy This Gorgeous Bugatti Chiron Right Now,https://www.carscoops.com/2019/08/skip-the-queue-and-buy-this-gorgeous-bugatti-chiron-right-now/,carscoops.com,20190809T013000Z,English,United States
restoration of vegetated coastal ecosystems,blue carbon,More Land Use for Bioenergy Risks People and Planet,https://www.nrdc.org/experts/sasha-stashwick/more-land-use-bioenergy-risks-people-and-planet,nrdc.org,20190808T143000Z,English,United States
restoration of vegetated coastal ecosystems,blue carbon,Seaweed highlighted as key player to tackle global warming,https://www.zmescience.com/ecology/seaweed-climate-change-global-warming-05082019/,zmescience.com,20190805T181500Z,English,United States
restoration of vegetated coastal ecosystems,blue carbon,Seaweed plays a bigger role in storing carbon than previously realized • Earth . com,https://www.earth.com/news/seaweed-storing-carbon/,earth.com,20190805T171500Z,English,United States
restoration of vegetated coastal ecosystems,blue carbon,"Seaweed sinks deep , taking carbon with it",https://www.eurekalert.org/pub_releases/2019-08/kauo-ssd080119.php,eurekalert.org,20190805T164500Z,English,United States
restoration of vegetated coastal ecosystems,blue carbon,"Seaweed sinks deep , taking carbon with it",https://phys.org/news/2019-08-seaweed-deep-carbon.html,phys.org,20190805T161500Z,English,United States
restoration of vegetated coastal ecosystems,blue carbon,Environmental News Network - New Research Puts Australia at Forefront of Blue Carbon Economy,https://www.enn.com/articles/60025-new-research-puts-australia-at-forefront-of-blue-carbon-economy,enn.com,20191001T210000Z,English,United States
restoration of vegetated coastal ecosystems,blue carbon,Scientists assess storage value in blue carbon ecosystems,https://news.uga.edu/scientists-assess-blue-carbon-ecosystems/,news.uga.edu,20191001T171500Z,English,United States
restoration of vegetated coastal ecosystems,blue carbon,Research accurately quantifies the amount of greenhouse gasses being absorbed and emitted by Australian marine ecosystem,https://phys.org/news/2019-10-accurately-quantifies-amount-greenhouse-gasses.html,phys.org,20191001T100000Z,English,United States
restoration of vegetated coastal ecosystems,blue carbon,New research puts Australia at forefront of blue carbon economy,https://www.eurekalert.org/pub_releases/2019-10/ecu-nrp092619.php,eurekalert.org,20191001T093000Z,English,United States
restoration of vegetated coastal ecosystems,blue carbon,How we can help the ocean heal,https://www.seattletimes.com/opinion/how-we-can-help-the-ocean-heal/,seattletimes.com,20190930T231500Z,English,United States
restoration of vegetated coastal ecosystems,blue carbon,"Whales worth about $1 trillion in carbon sequestration , analysis finds",https://boingboing.net/2019/09/30/whales-worth-about-1-trillion.html,boingboing.net,20190930T150000Z,English,United States
restoration of vegetated coastal ecosystems,blue carbon,Coastal News Today | An Unlikely Weapon in the Fight Against Climate Change : Seabed Carbon Storage,https://www.coastalnewstoday.com/post/an-unlikely-weapon-in-the-fight-against-climate-change-seabed-carbon-storage,coastalnewstoday.com,20190930T011500Z,English,United States
restoration of vegetated coastal ecosystems,blue carbon,IT NOT  FAKE NEW | climate change – Florida Courier,http://flcourier.com/its-not-fake-news/,flcourier.com,20190930T003000Z,English,United States
restoration of vegetated coastal ecosystems,blue carbon,An Unlikely Weapon in the Fight Against Climate Change,https://www.truthdig.com/articles/an-unlikely-ally-in-the-fight-against-climate-change/,truthdig.com,20190929T223000Z,English,United States
restoration of vegetated coastal ecosystems,blue carbon,Montana must support ocean climate action,https://missoulian.com/opinion/columnists/montana-must-support-ocean-climate-action/article_f34d8975-a854-59dc-9fbe-9449a1b69dfa.html,missoulian.com,20190929T150000Z,English,United States
restoration of vegetated coastal ecosystems,blue carbon,Ocean - based actions could close climate change mitigation gaps,https://www.tillamookheadlightherald.com/news/ocean-based-actions-could-close-climate-change-mitigation-gaps/article_d1e32b44-dfe7-11e9-9f37-5773a970d125.html,tillamookheadlightherald.com,20190929T103000Z,English,United States
restoration of vegetated coastal ecosystems,blue carbon,Oceans face dire threats from climate change . They also hold answers .,https://globalpossibilities.org/oceans-face-dire-threats-from-climate-change-they-also-hold-answers/,globalpossibilities.org,20190928T001500Z,English,United States
restoration of vegetated coastal ecosystems,blue carbon,Assistant Professor Uses Satellite Imagery to Study Coastal Systems,https://beaufortcountynow.com/post/34321/assistant-professor-uses-satellite-imagery-to-study-coastal-systems.html,beaufortcountynow.com,20190927T160000Z,English,United States
restoration of vegetated coastal ecosystems,blue carbon,The ocean is key to achieving climate and societal goals,https://science.sciencemag.org/content/365/6460/1372.full,science.sciencemag.org,20190927T104500Z,English,United States
restoration of vegetated coastal ecosystems,blue carbon,The ocean is key to achieving climate and societal goals,https://science.sciencemag.org/content/365/6460/1372,science.sciencemag.org,20190926T190000Z,English,United States
restoration of vegetated coastal ecosystems,blue carbon,United Nations Report : Oceans Face A Dire Future,https://insurancenewsnet.com/oarticle/united-nations-report-oceans-face-a-dire-future,insurancenewsnet.com,20190926T133000Z,English,United States
restoration of vegetated coastal ecosystems,blue carbon,Wright : Wyoming must join the fight for ocean climate action,https://www.wyomingnews.com/opinion/guest_column/wright-wyoming-must-join-the-fight-for-ocean-climate-action/article_b70c2895-f18c-52bf-89bd-0a907c054925.html,wyomingnews.com,20190926T120000Z,English,United States
restoration of vegetated coastal ecosystems,blue carbon,Made In Cookware and Cutlery : The Essentials,http://www.thedailybeast.com/made-in-cookware-and-cutlery-the-essentials,thedailybeast.com,20190926T120000Z,English,United States
restoration of vegetated coastal ecosystems,blue carbon,"The oceans are taking a beating under climate change , UN report warns",https://www.sentinelsource.com/mcclatchy/the-oceans-are-taking-a-beating-under-climate-change-un/article_8d851fb1-ef1f-5d57-b706-3f557fd39a91.html,sentinelsource.com,20190926T114500Z,English,United States
restoration of vegetated coastal ecosystems,blue carbon,"The oceans are taking a beating under climate change , UN report warns",https://www.dailyrepublic.com/all-dr-news/wires/the-oceans-are-taking-a-beating-under-climate-change-un-report-warns/,dailyrepublic.com,20190926T033000Z,English,United States
restoration of vegetated coastal ecosystems,blue carbon,The ocean is key to achieving climate and societal goals,https://science.sciencemag.org/content/early/2019/09/24/science.aaz4390,science.sciencemag.org,20190926T024500Z,English,United States
restoration of vegetated coastal ecosystems,blue carbon,Seagrass expert to share  A View of Climate Change from Below the Water Line,https://www.penbaypilot.com/article/seagrass-expert-share-view-climate-change-below-water-line/124806,penbaypilot.com,20190925T223000Z,English,United States
restoration of vegetated coastal ecosystems,blue carbon,Climate change and oceans : What you need to know from the United Nation new report,https://oceana.org/blog/climate-change-and-oceans-what-you-need-know-united-nations%E2%80%99-new-report,oceana.org,20190925T213000Z,English,United States
restoration of vegetated coastal ecosystems,blue carbon,OSU ecologist : Ocean - based actions can target climate change,https://www.ktvz.com/news/osu-ecologist-ocean-based-actions-can-target-climate-change/1125274877,ktvz.com,20190925T201500Z,English,United States
restoration of vegetated coastal ecosystems,blue carbon,Oceans face dire threats from climate change . They also hold answers .,https://www.csmonitor.com/Environment/2019/0925/Oceans-face-dire-threats-from-climate-change.-They-also-hold-answers,csmonitor.com,20190925T193000Z,English,United States
restoration of vegetated coastal ecosystems,blue carbon,"The oceans are taking a beating under climate change , UN report warns",https://www.heraldmailmedia.com/news/nation/the-oceans-are-taking-a-beating-under-climate-change-un/article_7bd18fb2-e88c-5692-9745-94360e6e3533.html,heraldmailmedia.com,20190925T191500Z,English,United States
restoration of vegetated coastal ecosystems,blue carbon,"The oceans are taking a beating under climate change , UN report warns",https://www.bakersfield.com/ap/national/the-oceans-are-taking-a-beating-under-climate-change-un/article_38aaafbd-1c1f-5300-8720-c0369779cabe.html,bakersfield.com,20190925T173000Z,English,United States
restoration of vegetated coastal ecosystems,blue carbon,Ocean - based actions can close gaps in climate change mitigation,https://www.sciencedaily.com/releases/2019/09/190925075723.htm,sciencedaily.com,20190925T170000Z,English,United States
restoration of vegetated coastal ecosystems,blue carbon,4 Things to Know About the IPCC Special Report on the Ocean and Cryosphere,https://www.wri.org/blog/2019/09/4-things-know-about-ipcc-special-report-ocean-and-cryosphere,wri.org,20190925T150000Z,English,United States
restoration of vegetated coastal ecosystems,blue carbon,Ocean - based actions can close gaps in climate change mitigation,https://sciencebulletin.org/ocean-based-actions-can-close-gaps-in-climate-change-mitigation/,sciencebulletin.org,20190925T133000Z,English,United States
restoration of vegetated coastal ecosystems,blue carbon,Number crunching : Making sense of REDD+ and results - based payments,https://goodmenproject.com/featured-content/number-crunching-making-sense-of-redd-and-results-based-payments/,goodmenproject.com,20190925T133000Z,English,United States
restoration of vegetated coastal ecosystems,blue carbon,Ocean - based actions can close gaps in climate change mitigation,https://phys.org/news/2019-09-ocean-based-actions-gaps-climate-mitigation.html,phys.org,20190925T101500Z,English,United States
restoration of vegetated coastal ecosystems,blue carbon,IPCC climate report warns of oceans and frozen region bleak future,https://www.sciencenews.org/article/ipcc-report-climate-change-bleak-future-oceans-cryosphere-solutions,sciencenews.org,20190925T093000Z,English,United States
restoration of vegetated coastal ecosystems,blue carbon,"Sea level rise could accelerate in a warming world , IPCC warns",https://www.latimes.com/environment/story/2019-09-24/oceans-harmed-by-climate-change-ipcc-report,latimes.com,20190925T093000Z,English,United States
restoration of vegetated coastal ecosystems,blue carbon,OSU ecologist : Ocean - based actions can close gaps in climate change mitigation,https://www.eurekalert.org/pub_releases/2019-09/osu-oeo092319.php,eurekalert.org,20190925T093000Z,English,United States
restoration of vegetated coastal ecosystems,blue carbon,How much is a whale worth ?,http://www.msn.com/en-us/lifestyle/lifestyle-buzz/how-much-is-a-whale-worth/ar-AAHMq3R,msn.com,20190925T000000Z,English,United States
restoration of vegetated coastal ecosystems,blue carbon,RELEASE : Ocean - Based Climate Action Could Deliver a Fifth of Emissions Cuts Needed to Limit Temperature Rise to 1 . 5C,https://www.pressreleasepoint.com/release-ocean-based-climate-action-could-deliver-fifth-emissions-cuts-needed-limit-temperature-rise,pressreleasepoint.com,20190924T224500Z,English,United States
restoration of vegetated coastal ecosystems,blue carbon,EYE IN THE SKY,https://news.ecu.edu/2019/09/24/eye-in-the-sky/,news.ecu.edu,20190924T183000Z,English,United States
restoration of vegetated coastal ecosystems,blue carbon,RELEASE : Ocean - Based Climate Action Could Deliver a Fifth of Emissions Cuts Needed to Limit Temperature Rise to 1 . 5°C,https://www.wri.org/news/2019/09/release-ocean-based-climate-action-could-deliver-fifth-emissions-cuts-needed,wri.org,20190924T143000Z,English,United States
restoration of vegetated coastal ecosystems,blue carbon,Want to Prevent California Katrina ? Grow a Marsh,https://www.kqed.org/science/1947893/want-to-prevent-californias-katrina-grow-a-marsh,kqed.org,20190923T234500Z,English,United States
restoration of vegetated coastal ecosystems,blue carbon,"New concerts : Chevelle , Filter , Queensryche , Air Supply , more",https://www.tampabay.com/arts-entertainment/music/2019/09/23/new-concerts-chevelle-filter-queensryche-air-supply-more/,tampabay.com,20190923T220000Z,English,United States
restoration of vegetated coastal ecosystems,blue carbon,Turning the Tide : Ocean - Based Solutions Could Close Emission Gap by 21 %,https://www.wri.org/blog/2019/09/turning-tide-ocean-based-solutions-could-close-emission-gap-21-percent,wri.org,20190923T050000Z,English,United States
restoration of vegetated coastal ecosystems,blue carbon,"Uh Oh , Sea Turtles Make Global Warming Worse ! - www . independentsentinel . com",https://www.independentsentinel.com/uh-oh-sea-turtles-make-global-warming-worse/,independentsentinel.com,20190923T033000Z,English,United States
restoration of vegetated coastal ecosystems,blue carbon,Carbon and the Deep Blue Sea : Why Recovering Fish Stocks Hold the Key to Sequestering Carbon at the Bottom of the Sea,http://blogs.edf.org/edfish/2019/09/20/carbon-and-the-deep-blue-sea-why-recovering-fish-stocks-hold-the-key-to-sequestering-carbon-at-the-bottom-of-the-sea/,blogs.edf.org,20190920T180000Z,English,United States
restoration of vegetated coastal ecosystems,blue carbon,"Insurers team with governments , environmental groups to fight ocean risk",https://www.insurancebusinessmag.com/us/news/environmental/insurers-team-with-governments-environmental-groups-to-fight-ocean-risk-178463.aspx,insurancebusinessmag.com,20190920T104500Z,English,United States
restoration of vegetated coastal ecosystems,blue carbon,"Used and abused , oceans key to fighting climate change",https://phys.org/news/2019-09-abused-oceans-key-climate.html,phys.org,20190920T081500Z,English,United States
restoration of vegetated coastal ecosystems,blue carbon,"Insurers link up with governments , environmental groups to take on ocean risk",https://www.insurancebusinessmag.com/au/news/environmental/insurers-link-up-with-governments-environmental-groups-to-take-on-ocean-risk-178467.aspx,insurancebusinessmag.com,20190920T081500Z,English,United States
restoration of vegetated coastal ecosystems,blue carbon,"Used and abused , oceans key to fighting climate change | Life",https://www.malaymail.com/news/life/2019/09/20/used-and-abused-oceans-key-to-fighting-climate-change/1792495,malaymail.com,20190920T060000Z,English,United States
restoration of vegetated coastal ecosystems,blue carbon,"Used and abused , oceans key to fighting climate change",http://www.spacedaily.com/afp/190920040853.wbx0tsiv.html,spacedaily.com,20190920T051500Z,English,United States
restoration of vegetated coastal ecosystems,blue carbon,Safeguarding the Coast,https://www.currypilot.com/news/safeguarding-the-coast/article_aa375f56-d4df-11e9-8e3a-23b61f9f12ce.html,currypilot.com,20190911T224500Z,English,United States
restoration of vegetated coastal ecosystems,blue carbon,"Carbon , Climate Policy , and the New Alchemy",https://medium.com/@UrbanResilience/carbon-climate-policy-and-the-new-alchemy-92ff38c1f6b7,medium.com,20190910T190000Z,English,United States
restoration of vegetated coastal ecosystems,blue carbon,Top 10 Fascinating Fire Facts To Fuel The Mind,https://listverse.com/2019/09/06/10-fascinating-fire-facts-to-fuel-the-mind/,listverse.com,20190906T191500Z,English,United States
restoration of vegetated coastal ecosystems,blue carbon,The future of Blue Carbon science,https://www.nature.com/articles/s41467-019-11693-w,nature.com,20190905T100000Z,English,United States
restoration of vegetated coastal ecosystems,blue carbon,9 Best Woks for Your Kitchen - Top Wok to Buy in 2019,https://www.goodhousekeeping.com/cooking-tools/cookware-reviews/g28835162/best-woks/,goodhousekeeping.com,20190904T183000Z,English,United States
restoration of vegetated coastal ecosystems,blue carbon,Malaria Crusaders Recognized in the  Oscar of Australian Science,https://www.globalcitizen.org/en/content/eureka-prize-australia-award-winners/,globalcitizen.org,20190904T013000Z,English,United States
restoration of vegetated coastal ecosystems,blue carbon,Coastal News Today | Seaweed  forest can help fight climate change,https://www.coastalnewstoday.com/post/seaweed-forests-can-help-fight-climate-change,coastalnewstoday.com,20190902T224500Z,English,United States
restoration of vegetated coastal ecosystems,blue carbon,Study : Wetland restoration locks up carbon,https://lmtribune.com/northwest/study-wetland-restoration-locks-up-carbon/article_8a7954d8-c0da-5cbc-98d2-b8f140be7028.html,lmtribune.com,20190902T214500Z,English,United States
restoration of vegetated coastal ecosystems,blue carbon,"Restoring wetlands can take tons of CO2 out of the atmosphere , WWU study shows",https://www.seattletimes.com/seattle-news/environment/restoring-wetlands-can-take-tons-of-co2-out-of-the-atmosphere-wwu-study-shows/,seattletimes.com,20190902T004500Z,English,United States
restoration of vegetated coastal ecosystems,blue carbon,Study in Port Susan shows wetland restoration increases carbon sequestration,https://www.goskagit.com/scnews/news/study-in-port-susan-shows-wetland-restoration-increases-carbon-sequestration/article_7de197ac-ccd1-11e9-95c7-d350c7653fd0.html,goskagit.com,20190901T201500Z,English,United States
restoration of vegetated coastal ecosystems,blue carbon,Study shows wetland restoration increases carbon accumulation,https://www.goskagit.com/news/study-shows-wetland-restoration-increases-carbon-accumulation/article_cae4afb0-df39-5cd6-9176-e7a9394df146.html,goskagit.com,20190901T170000Z,English,United States
restoration of vegetated coastal ecosystems,blue carbon,Study in Port Susan shows wetland restoration increases carbon accumulation,https://www.goskagit.com/scnews/news/study-in-port-susan-shows-wetland-restoration-increases-carbon-accumulation/article_7de197ac-ccd1-11e9-95c7-d350c7653fd0.html,goskagit.com,20190901T163000Z,English,United States
restoration of vegetated coastal ecosystems,blue carbon,"The Great Outdoors , Sept . 1 , 2019",https://www.news-gazette.com/news/the-great-outdoors-sept/article_6bdfab7b-b3cc-564d-aa6d-ce6204c0579a.html,news-gazette.com,20190901T131500Z,English,United States
restoration of vegetated coastal ecosystems,blue carbon,How to Cook the Best Holiday Dinners According to Experts,https://www.askmen.com/man_skills/home/how-to-cook-the-best-holiday-dinners-according-to-experts.html,askmen.com,20191101T233000Z,English,United States
restoration of vegetated coastal ecosystems,blue carbon,Seagrass – Secret Weapon in the Fight against Global Heating,https://human-wrongs-watch.net/2019/11/01/seagrass-secret-weapon-in-the-fight-against-global-heating/,human-wrongs-watch.net,20191101T124500Z,English,United States
restoration of vegetated coastal ecosystems,blue carbon,– MIT Engineers Find New Way to Remove CO2 From Air,https://ens-newswire.com/2019/10/29/mit-engineers-find-new-way-to-remove-co2-from-air/,ens-newswire.com,20191031T013000Z,English,United States
restoration of vegetated coastal ecosystems,blue carbon,– MIT Engineers Find New Way to Remove CO2 From Air,http://ens-newswire.com/2019/10/29/mit-engineers-find-new-way-to-remove-co2-from-air/,ens-newswire.com,20191029T230000Z,English,United States
restoration of vegetated coastal ecosystems,blue carbon,Coastal Wetlands Can Help Countries Fight Climate Change and Meet Paris Agreement Goals,https://www.pewtrusts.org/en/research-and-analysis/articles/2019/10/29/coastal-wetlands-can-help-countries-fight-climate-change-and-meet-paris-agreement-goals,pewtrusts.org,20191029T220000Z,English,United States
restoration of vegetated coastal ecosystems,blue carbon,Blue Carbon | Humanitarian News,http://humanitariannews.org/20191028/blue-carbon,humanitariannews.org,20191028T081500Z,English,United States
restoration of vegetated coastal ecosystems,blue carbon,Engineers develop a new way to remove carbon dioxide from air,https://techxplore.com/news/2019-10-carbon-dioxide-air.html,techxplore.com,20191025T134500Z,English,United States
restoration of vegetated coastal ecosystems,blue carbon,"Before Human Activities Threatened Them , Coastal Seagrasses Persisted For Centuries",https://www.forbes.com/sites/priyashukla/2019/10/23/before-human-activities-threatened-them-coastal-seagrasses-persisted-for-centuries/,forbes.com,20191023T200000Z,English,United States
restoration of vegetated coastal ecosystems,blue carbon,2 : 00PM Water Cooler 10 / 22 / 2019 | naked capitalism,https://www.nakedcapitalism.com/2019/10/200pm-water-cooler-10-22-2019-2.html,nakedcapitalism.com,20191023T191500Z,English,United States
restoration of vegetated coastal ecosystems,blue carbon,"Tom Steyer International Climate Justice Plan Addresses The Arctic , The Ocean , And Much More But Will It Work ?",https://www.forbes.com/sites/priyashukla/2019/10/21/tom-steyers-international-climate-justice-plan-addresses-the-arctic-the-ocean-and-much-more--but-will-it-work/,forbes.com,20191021T053000Z,English,United States
restoration of vegetated coastal ecosystems,blue carbon,Made In Carbon Steel Roasting Pan Review,https://www.thekitchn.com/made-in-roasting-pan-review-22958559,thekitchn.com,20191015T190000Z,English,United States
restoration of vegetated coastal ecosystems,blue carbon,Costa Rica Triggers Climate Ambition towards COP25 in Chile - IDN - InDepthNews,https://www.indepthnews.info/index.php/sustainability/climate-action/3045-costa-rica-triggers-climate-ambition-towards-cop25-in-chile,indepthnews.info,20191012T104500Z,English,United States
restoration of vegetated coastal ecosystems,blue carbon,Ocean overlooked when it comes to climate change,https://www.sfchronicle.com/opinion/article/Ocean-overlooked-when-it-comes-to-climate-change-14514785.php,sfchronicle.com,20191011T234500Z,English,United States
restoration of vegetated coastal ecosystems,blue carbon,"In other news : Environmental stories from around the web , October 11 , 2019",http://humanitariannews.org/20191011/other-news-environmental-stories-around-web-october-11-2019,humanitariannews.org,20191011T161500Z,English,United States
restoration of vegetated coastal ecosystems,blue carbon,A 100 Percent Clean Future - Center for American Progress,https://www.americanprogress.org/issues/green/reports/2019/10/10/475605/100-percent-clean-future/,americanprogress.org,20191010T044500Z,English,United States
restoration of vegetated coastal ecosystems,blue carbon,"PG & E Proactive Blackouts of 800 , 000 California Homes Is Proof Climate Change Is Impacting Us Right Now",https://www.theinertia.com/environment/pges-proactive-blackouts-of-800000-california-homes-is-proof-climate-change-is-impacting-us-right-now/,theinertia.com,20191010T003000Z,English,United States
restoration of vegetated coastal ecosystems,blue carbon,Report : San Diego has unique edge to tackle climate change,https://phys.org/news/2019-10-san-diego-unique-edge-tackle.html,phys.org,20191009T184500Z,English,United States
restoration of vegetated coastal ecosystems,blue carbon,Report : San Diego has unique edge to tackle climate change,https://www.omaha.com/news/nation/report-san-diego-has-unique-edge-to-tackle-climate-change/article_b552bdfd-fe56-57db-a544-170e562f08fe.html,omaha.com,20191009T154500Z,English,United States
restoration of vegetated coastal ecosystems,blue carbon,Want to prevent California looming flood disaster ? Grow a marsh .,https://grist.org/article/want-to-prevent-californias-looming-flood-disaster-grow-a-marsh/,grist.org,20191009T113000Z,English,United States
restoration of vegetated coastal ecosystems,blue carbon,Report : San Diego has unique edge to tackle climate change,https://www.sandiegouniontribune.com/news/environment/story/2019-10-07/report-san-diego-has-unique-edge-to-tackle-climate-change,sandiegouniontribune.com,20191007T123000Z,English,United States
restoration of vegetated coastal ecosystems,blue carbon,You Asked : Do Artificial and Enhanced Wetlands Work ?,https://blogs.ei.columbia.edu/2019/10/04/asked-artificial-enhanced-wetlands-work/,blogs.ei.columbia.edu,20191005T000000Z,English,United States
restoration of vegetated coastal ecosystems,blue carbon,Australia to become a world leader in protecting blue carbon ecosystems • Earth . com,https://www.earth.com/news/australia-blue-carbon-ecosystems/,earth.com,20191004T213000Z,English,United States
restoration of vegetated coastal ecosystems,blue carbon,Ocean - based climate action urged in new United Nations report,https://www.seafoodsource.com/news/environment-sustainability/ocean-based-climate-action-urged-in-new-united-nations-report,seafoodsource.com,20191003T141500Z,English,United States
restoration of vegetated coastal ecosystems,blue carbon,Coastal News Today | Scientists assess storage value in blue carbon ecosystems,https://www.coastalnewstoday.com/post/scientists-assess-storage-value-in-blue-carbon-ecosystems,coastalnewstoday.com,20191002T233000Z,English,United States
restoration of vegetated coastal ecosystems,blue carbon,Scientists assess storage value in blue carbon ecosystems,https://phys.org/news/2019-10-scientists-storage-blue-carbon-ecosystems.html,phys.org,20191002T121500Z,English,United States
restoration of vegetated coastal ecosystems,blue carbon,Environmental News Network - New Research Puts Australia at Forefront of Blue Carbon Economy,https://www.enn.com/articles/60025-new-research-puts-australia-at-forefront-of-blue-carbon-economy,enn.com,20191001T210000Z,English,United States
restoration of vegetated coastal ecosystems,blue carbon,Scientists assess storage value in blue carbon ecosystems,https://news.uga.edu/scientists-assess-blue-carbon-ecosystems/,news.uga.edu,20191001T171500Z,English,United States
restoration of vegetated coastal ecosystems,blue carbon,Research accurately quantifies the amount of greenhouse gasses being absorbed and emitted by Australian marine ecosystem,https://phys.org/news/2019-10-accurately-quantifies-amount-greenhouse-gasses.html,phys.org,20191001T100000Z,English,United States
restoration of vegetated coastal ecosystems,blue carbon,New research puts Australia at forefront of blue carbon economy,https://www.eurekalert.org/pub_releases/2019-10/ecu-nrp092619.php,eurekalert.org,20191001T093000Z,English,United States
restoration of vegetated coastal ecosystems,blue carbon,Greening the Blue : Championing Coastal Climate Solutions,https://human-wrongs-watch.net/2019/12/01/greening-the-blue-championing-coastal-climate-solutions/,human-wrongs-watch.net,20191201T130000Z,English,United States
restoration of vegetated coastal ecosystems,blue carbon,Greening the Blue : Championing Coastal Climate Solutions,http://humanitariannews.org/20191201/greening-blue-championing-coastal-climate-solutions,humanitariannews.org,20191201T124500Z,English,United States
restoration of vegetated coastal ecosystems,blue carbon,The Official 2019 AfterEllen Holiday Gift Guide,https://www.afterellen.com/general-news/574115-all-the-gifts-your-girl-will-adore-our-2019-holiday-gift-guide-is-here,afterellen.com,20191130T024500Z,English,United States
restoration of vegetated coastal ecosystems,blue carbon,Carbon offset market methodologies applicable for coastal wetland restoration and conservation in the United States : A review | OpenChannels : Sustainable Ocean Management and Conservation,https://www.openchannels.org/literature/26324,openchannels.org,20191127T013000Z,English,United States
restoration of vegetated coastal ecosystems,blue carbon,Xiaomi Mi 9T ( Redmi K20 ) Preview : An incredible phone at an incredible price,https://www.talkandroid.com/reviews/xiaomi-mi-9t-redmi-k20/,talkandroid.com,20191125T180000Z,English,United States
restoration of vegetated coastal ecosystems,blue carbon,Scientist explains how melting ice in Antarctica affects Indonesia,https://phys.org/news/2019-11-scientist-ice-antarctica-affects-indonesia.html,phys.org,20191125T153000Z,English,United States
restoration of vegetated coastal ecosystems,blue carbon,Bugatti Boss Reveals His Perfect Chiron,https://carbuzz.com/news/bugatti-ceo-reveals-his-perfect-chiron,carbuzz.com,20191122T171500Z,English,United States
restoration of vegetated coastal ecosystems,blue carbon,"With the Stakes Rising , a Top Funder is Diving Deeper Into Ocean Protection Work Inside Philanthropy",https://www.insidephilanthropy.com/home/2019/11/21/with-the-stakes-rising-a-top-funder-is-diving-deeper-into-ocean-protection-work,insidephilanthropy.com,20191121T211500Z,English,United States
restoration of vegetated coastal ecosystems,blue carbon,Ecosystem - based aquaculture : We need to stop thinking about an aquaculture farm as something within the limits of a few buoys or GPS coordinates on a map,https://meam.openchannels.org/news/skimmer-marine-ecosystems-and-management/ecosystem-based-aquaculture-we-need-stop-thinking,meam.openchannels.org,20191120T190000Z,English,United States
restoration of vegetated coastal ecosystems,blue carbon,"Thank you very much : Celebrate Thanksgiving and then some with 12 days of food , fun , and philanthropy - C - VILLE Weekly",https://www.c-ville.com/thank-you-very-much-celebrate-thanksgiving-and-then-some-with-12-days-of-food-fun-and-philanthropy/,c-ville.com,20191120T174500Z,English,United States
restoration of vegetated coastal ecosystems,blue carbon,Boost for The Water Institute of the Gulf,https://www.dredgingtoday.com/2019/11/19/boost-for-the-water-institute-of-the-gulf/,dredgingtoday.com,20191119T123000Z,English,United States
restoration of vegetated coastal ecosystems,blue carbon,"The Water Institute Receives $500 , 000 Through the National Coastal Resilience Fund to Support the Partnership for Our Working Coast - News15",https://kadn.com/the-water-institute-receives-500000-through-the-national-coastal-resilience-fund-to-support-the-partnership-for-our-working-coast/,kadn.com,20191119T000000Z,English,United States
restoration of vegetated coastal ecosystems,blue carbon,Holiday Gift Guide 2019 : The Best Gifts For Glamping,https://www.forbes.com/sites/jeanneobriencoffey/2019/11/18/holiday-gift-guide-2019-the-best-gifts-for-glamping/,forbes.com,20191118T231500Z,English,United States
restoration of vegetated coastal ecosystems,blue carbon,Meet the chef : Rachael Kingston and Idaliana Medina of Milk & Sugar in Charlton,https://www.msn.com/en-us/foodanddrink/foodnews/meet-the-chef-rachael-kingston-and-idaliana-medina-of-milk-26-sugar-in-charlton/ar-BBWRQ1f,msn.com,20191117T013000Z,English,United States
restoration of vegetated coastal ecosystems,blue carbon,Meet the chef : Rachael Kingston and Idaliana Medina of Milk & Sugar in Charlton - Entertainment & Life - telegram . com,https://www.telegram.com/entertainmentlife/20191116/meet-chef-rachael-kingston-and-idaliana-medina-of-milk-amp-sugar-in-charlton,telegram.com,20191116T234500Z,English,United States
restoration of vegetated coastal ecosystems,blue carbon,Climate - resilient fisheries require fairness and equity,http://blogs.edf.org/edfish/2019/11/15/climate-resilient-fisheries-require-fairness-and-equity/,blogs.edf.org,20191115T220000Z,English,United States
restoration of vegetated coastal ecosystems,blue carbon,2019 Alfa Romeo Giulia Quadrifoglio Review,https://gtspirit.com/2019/11/14/review-2019-alfa-romeo-giulia-quadrifoglio/,gtspirit.com,20191114T193000Z,English,United States
restoration of vegetated coastal ecosystems,blue carbon,"Weekend Guide : Walter Soboleff Day , a ski sale , a string ensemble performance",https://www.juneauempire.com/news/weekend-guide-walter-soboleff-day-a-ski-sale-a-string-ensemble-performance/,juneauempire.com,20191114T181500Z,English,United States
restoration of vegetated coastal ecosystems,blue carbon,MSC Cruises to offset all direct carbon dioxide emissions from 2020,https://www.cruiseandferry.net/articles/msc-cruises-to-offset-all-direct-carbon-dioxide-emissions-from-2020,cruiseandferry.net,20191113T183000Z,English,United States
restoration of vegetated coastal ecosystems,blue carbon,"In climate crisis , mangroves bring massive benefits | Stories",https://www.worldwildlife.org/stories/in-climate-crisis-mangroves-bring-massive-benefits,worldwildlife.org,20191112T161500Z,English,United States
restoration of vegetated coastal ecosystems,blue carbon,Great Peninsula Conservancy to host 17th annual Wild and Scenic Film Festival,https://www.kitsapdailynews.com/news/great-peninsula-conservancy-to-host-17th-annual-wild-and-scenic-film-festival-december-14/,kitsapdailynews.com,20191111T213000Z,English,United States
restoration of vegetated coastal ecosystems,blue carbon,MSC Cruises To Become First Global Cruise Line With Carbon Neutral Marine Operations,https://www.marineinsight.com/shipping-news/msc-cruises-to-become-first-global-cruise-line-with-carbon-neutral-marine-operations/,marineinsight.com,20191111T180000Z,English,United States
restoration of vegetated coastal ecosystems,blue carbon,We Need To Talk About The Pagani Zonda HP Barchetta Plaid Seats,https://jalopnik.com/we-need-to-talk-about-the-pagani-zonda-hp-barchettas-pl-1839727038,jalopnik.com,20191109T153000Z,English,United States
restoration of vegetated coastal ecosystems,blue carbon,MSC Cruises Promises to Will Be Carbon Neutral by 2020,https://www.yahoo.com/lifestyle/msc-cruises-promises-carbon-neutral-172750675.html,yahoo.com,20191109T004500Z,English,United States
restoration of vegetated coastal ecosystems,blue carbon,MSC Cruises Promises to Will Be Carbon Neutral by 2020,https://www.travelandleisure.com/cruises/carbon-neutral-environmentally-friendly-msc-grandiosa-cruise,travelandleisure.com,20191108T223000Z,English,United States
restoration of vegetated coastal ecosystems,blue carbon,Cruise company announces it will be carbon neutral by 2020,https://thehill.com/policy/energy-environment/469584-cruise-company-announces-it-will-be-carbon-neutral-by-2020,thehill.com,20191108T181500Z,English,United States
restoration of vegetated coastal ecosystems,blue carbon,"MSC Cruises aims to be carbon neutral by 2020 , adds MSC Grandiosa",https://www.usatoday.com/story/travel/cruises/2019/11/08/msc-cruises-aims-carbon-neutral-2020-adds-msc-grandiosa/2516847001/,usatoday.com,20191108T100000Z,English,United States
restoration of vegetated coastal ecosystems,blue carbon,Blue Carbon : A Buried Benefit for the Climate,https://www.environmentguru.com/pages/elements/element.aspx?id=27591718,environmentguru.com,20191108T080000Z,English,United States
restoration of vegetated coastal ecosystems,blue carbon,Everyday Carry : Free,https://uncrate.com/everyday-carry-free/,uncrate.com,20191107T003000Z,English,United States
restoration of vegetated coastal ecosystems,blue carbon,Song of the Seagrass,http://www.earthisland.org/journal/index.php/articles/entry/song-seagrass-ocean,earthisland.org,20191106T193000Z,English,United States
restoration of vegetated coastal ecosystems,blue carbon,2020 Ford Mustang Lithium,https://www.topspeed.com/cars/ford/2020-ford-mustang-lithium-ar186963.html,topspeed.com,20191106T184500Z,English,United States
restoration of vegetated coastal ecosystems,blue carbon,Blue Economy : A new economic frontier of Bangladesh,https://www.pressenza.com/2019/11/blue-economy-a-new-economic-frontier-of-bangladesh/,pressenza.com,20191105T053000Z,English,United States
restoration of vegetated coastal ecosystems,blue carbon,"Australia hidden opportunity to cut carbon emissions , and make money in the process",http://www.econotimes.com/Australias-hidden-opportunity-to-cut-carbon-emissions-and-make-money-in-the-process-1566885,econotimes.com,20191104T144500Z,English,United States
restoration of vegetated coastal ecosystems,blue carbon,Seabed Carbon Storage May Help in Climate Crisis - The Good Men Project,https://goodmenproject.com/featured-content/seabed-carbon-storage-may-help-in-climate-crisis/,goodmenproject.com,20191103T174500Z,English,United States
restoration of vegetated coastal ecosystems,blue carbon,How to Cook the Best Holiday Dinners According to Experts,https://ca.askmen.com/man_skills/home/how-to-cook-the-best-holiday-dinners-according-to-experts.html,ca.askmen.com,20191102T001500Z,English,United States
restoration of vegetated coastal ecosystems,blue carbon,How to Cook the Best Holiday Dinners According to Experts,https://www.askmen.com/man_skills/home/how-to-cook-the-best-holiday-dinners-according-to-experts.html,askmen.com,20191101T233000Z,English,United States
restoration of vegetated coastal ecosystems,blue carbon,Seagrass – Secret Weapon in the Fight against Global Heating,https://human-wrongs-watch.net/2019/11/01/seagrass-secret-weapon-in-the-fight-against-global-heating/,human-wrongs-watch.net,20191101T124500Z,English,United States
restoration of vegetated coastal ecosystems,blue carbon,Scientists struggle to save seagrass from coastal pollution,https://www.newsminer.com/news/national/scientists-struggle-to-save-seagrass-from-coastal-pollution/article_423e0064-a5b5-5fb6-a5c1-0ccf5064f2d9.html,newsminer.com,20191231T120000Z,English,United States
restoration of vegetated coastal ecosystems,blue carbon,Scientists struggle to save seagrass from coastal pollution,https://www.journalnow.com/news/national/scientists-struggle-to-save-seagrass-from-coastal-pollution/article_b99db276-574f-5956-9c7f-50955901338e.html,journalnow.com,20191231T111500Z,English,United States
restoration of vegetated coastal ecosystems,blue carbon,Maine oceans affected by climate change - Portland Press Herald,https://www.pressherald.com/2019/12/27/maines-oceans-affected-by-climate-change/,pressherald.com,20191227T093000Z,English,United States
restoration of vegetated coastal ecosystems,blue carbon,Rare Koenigsegg One : 1 Has Eye - Watering $7 . 2 Million Price Tag,https://www.carscoops.com/2019/12/rare-koenigsegg-one1-has-eye-watering-7-2-million-price-tag/,carscoops.com,20191226T220000Z,English,United States
restoration of vegetated coastal ecosystems,blue carbon,Pingree on preserving Maine oceans - Rockland - Camden - Knox - Courier - Gazette,https://knox.villagesoup.com/p/pingree-on-preserving-maines-oceans/1845874,knox.villagesoup.com,20191226T180000Z,English,United States
restoration of vegetated coastal ecosystems,blue carbon,Scientists struggle to save seagrass from coastal pollution,https://www.effinghamdailynews.com/news/scientists-struggle-to-save-seagrass-from-coastal-pollution/article_3b8f8912-210e-5c84-b3d1-de3498b151fe.html,effinghamdailynews.com,20191225T191500Z,English,United States
restoration of vegetated coastal ecosystems,blue carbon,"Coastal wetlands will survive rising seas to act as a buffer and offset carbon dioxide emissions , shows analysis",https://meaww.com/coastal-wetlands-survive-seas-act-buffer-offset-carbon-emissions-analysis,meaww.com,20191225T090000Z,English,United States
restoration of vegetated coastal ecosystems,blue carbon,Scientists struggle to save seagrass from coastal pollution,https://democratherald.com/news/state-and-regional/scientists-struggle-to-save-seagrass-from-coastal-pollution/article_ff9529f5-d20f-587d-8c2a-576a34e93544.html,democratherald.com,20191224T163000Z,English,United States
restoration of vegetated coastal ecosystems,blue carbon,Scientists Try to Save Coastal Seagrass,https://www.dtnpf.com/agriculture/web/AG/news/world-policy/article/2019/12/24/scientists-try-save-coastal-seagrass,dtnpf.com,20191224T144500Z,English,United States
restoration of vegetated coastal ecosystems,blue carbon,Scientists struggle to save seagrass from coastal pollution,http://www.dailypress.com/weather/weather-news/sns-scientists-attempt-seagrass-pollution-rescue-20191223-5ppo5dqh4zdhzmrgq6gmuxxhbm-story.html,dailypress.com,20191224T043000Z,English,United States
restoration of vegetated coastal ecosystems,blue carbon,Scientists struggle to save seagrass from coastal pollution,https://wtop.com/animals-pets/2019/12/scientists-struggle-to-save-seagrass-from-coastal-pollution/,wtop.com,20191224T033000Z,English,United States
restoration of vegetated coastal ecosystems,blue carbon,Scientists struggle to save seagrass from coastal pollution,https://www.wfsb.com/scientists-struggle-to-save-seagrass-from-coastal-pollution/article_d913b33f-1fe8-51e3-81b5-13bc8f53fb25.html,wfsb.com,20191224T023000Z,English,United States
restoration of vegetated coastal ecosystems,blue carbon,Scientists struggle to save seagrass from coastal pollution,https://www.washtimesherald.com/news/national_news/scientists-struggle-to-save-seagrass-from-coastal-pollution/article_05c58ab3-d04b-5f18-8b39-5da2eeaad2e1.html,washtimesherald.com,20191224T023000Z,English,United States
restoration of vegetated coastal ecosystems,blue carbon,Scientists struggle to save seagrass from coastal pollution,https://www.the-messenger.com/news/national/article_b9e779a0-38ff-5449-9a02-0c911ac77c6a.html,the-messenger.com,20191224T021500Z,English,United States
restoration of vegetated coastal ecosystems,blue carbon,Scientists struggle to save seagrass from coastal pollution,http://www.dailyjournal.net/2019/12/22/us-saving-seagrass/,dailyjournal.net,20191224T013000Z,English,United States
restoration of vegetated coastal ecosystems,blue carbon,Scientists struggle to save seagrass from coastal pollution,http://www.orlandosentinel.com/weather/weather-news/sns-scientists-attempt-seagrass-pollution-rescue-20191223-5ppo5dqh4zdhzmrgq6gmuxxhbm-story.html,orlandosentinel.com,20191224T013000Z,English,United States
restoration of vegetated coastal ecosystems,blue carbon,Scientists struggle to save seagrass from coastal pollution,https://www.azfamily.com/news/us_world_news/scientists-struggle-to-save-seagrass-from-coastal-pollution/article_052467d3-046f-5a77-a906-8d08ccab7dd7.html,azfamily.com,20191224T011500Z,English,United States
restoration of vegetated coastal ecosystems,blue carbon,Scientists struggle to save seagrass from coastal pollution,https://www.washingtonpost.com/national/health-science/clarification-saving-seagrass-story/2019/12/23/d16e94d8-25c8-11ea-9cc9-e19cfbc87e51_story.html,washingtonpost.com,20191224T011500Z,English,United States
restoration of vegetated coastal ecosystems,blue carbon,Scientists struggle to save seagrass from coastal pollution,https://www.foxcarolina.com/general/scientists-struggle-to-save-seagrass-from-coastal-pollution/article_9063fb83-e82a-5021-a64b-42a0b3892d75.html,foxcarolina.com,20191224T011500Z,English,United States
restoration of vegetated coastal ecosystems,blue carbon,Scientists struggle to save seagrass from coastal pollution,https://www.heraldpalladium.com/news/wire/scientists-struggle-to-save-seagrass-from-coastal-pollution/article_4a3f607f-a7af-5147-9477-7923f4dc5c76.html,heraldpalladium.com,20191224T004500Z,English,United States
restoration of vegetated coastal ecosystems,blue carbon,Scientists struggle to save seagrass from coastal pollution,https://www.dailyiowegian.com/news/national_news/scientists-struggle-to-save-seagrass-from-coastal-pollution/article_e8184e35-c6a7-5dfb-b080-5ded149ac8fe.html,dailyiowegian.com,20191224T001500Z,English,United States
restoration of vegetated coastal ecosystems,blue carbon,Scientists struggle to save seagrass from coastal pollution,https://www.ivpressonline.com/news/nation/scientists-struggle-to-save-seagrass-from-coastal-pollution/article_2f55ff4f-4993-56e7-9ebc-36046e51eec9.html,ivpressonline.com,20191224T000000Z,English,United States
restoration of vegetated coastal ecosystems,blue carbon,Scientists struggle to save seagrass from coastal pollution,https://www.wdrb.com/news/national/scientists-struggle-to-save-seagrass-from-coastal-pollution/article_b2d4f0b0-38ba-5ba7-995d-691ece535cd6.html,wdrb.com,20191224T000000Z,English,United States
restoration of vegetated coastal ecosystems,blue carbon,Scientists struggle to save seagrass from coastal pollution,https://www.newburyportnews.com/news/regional_news/scientists-struggle-to-save-seagrass-from-coastal-pollution/article_de6da946-28d4-59d2-afc9-32979432af17.html,newburyportnews.com,20191224T000000Z,English,United States
restoration of vegetated coastal ecosystems,blue carbon,Scientists struggle to save seagrass from coastal pollution,https://www.lmtonline.com/news/science/article/Scientists-struggle-to-save-seagrass-from-coastal-14925640.php,lmtonline.com,20191223T233000Z,English,United States
restoration of vegetated coastal ecosystems,blue carbon,Scientists work to save seagrass from pollution,https://www.concordmonitor.com/Scientists-struggle-to-save-seagrass-from-coastal-pollution-31523156,concordmonitor.com,20191223T233000Z,English,United States
restoration of vegetated coastal ecosystems,blue carbon,Scientists struggle to save seagrass from coastal pollution,https://www.heraldandnews.com/ap_news/scientists-struggle-to-save-seagrass-from-coastal-pollution/article_0e680797-907b-56bd-aaf3-327e6c987631.html,heraldandnews.com,20191223T233000Z,English,United States
restoration of vegetated coastal ecosystems,blue carbon,Scientists struggle to save seagrass from coastal pollution,http://www.therepublic.com/2019/12/22/us-saving-seagrass/,therepublic.com,20191223T231500Z,English,United States
restoration of vegetated coastal ecosystems,blue carbon,Scientists struggle to save seagrass from coastal pollution,https://www.tribuneledgernews.com/local_news/state_and_national/scientists-struggle-to-save-seagrass-from-coastal-pollution/article_0ba1a2f8-3f74-5cc7-829b-496715cbe7fd.html,tribuneledgernews.com,20191223T223000Z,English,United States
restoration of vegetated coastal ecosystems,blue carbon,Scientists struggle to save seagrass from coastal pollution,https://www.hjnews.com/nation/scientists-struggle-to-save-seagrass-from-coastal-pollution/article_02ae82f0-7616-589b-9708-3a1f435d6b02.html,hjnews.com,20191223T223000Z,English,United States
restoration of vegetated coastal ecosystems,blue carbon,Scientists struggle to save seagrass from coastal pollution,https://www.gillettenewsrecord.com/news/national_world/article_e1565d83-dee7-5b92-ac52-830aa74dcc5c.html,gillettenewsrecord.com,20191223T221500Z,English,United States
restoration of vegetated coastal ecosystems,blue carbon,Scientists struggle to save seagrass from coastal pollution,https://beatricedailysun.com/news/national/scientists-struggle-to-save-seagrass-from-coastal-pollution/article_420949ab-5f3d-5af3-96c5-5a8d377b9826.html,beatricedailysun.com,20191223T221500Z,English,United States
restoration of vegetated coastal ecosystems,blue carbon,Scientists struggle to save seagrass from coastal pollution,https://www.herald-dispatch.com/ap/ap_nation/scientists-struggle-to-save-seagrass-from-coastal-pollution/article_92069f3b-30f3-5676-8c8f-2747e5698f96.html,herald-dispatch.com,20191223T221500Z,English,United States
restoration of vegetated coastal ecosystems,blue carbon,Scientists struggle to save seagrass from coastal pollution,http://www.tribtown.com/2019/12/22/us-saving-seagrass/,tribtown.com,20191223T221500Z,English,United States
restoration of vegetated coastal ecosystems,blue carbon,Scientists struggle to save seagrass from coastal pollution,https://democratherald.com/news/national/scientists-struggle-to-save-seagrass-from-coastal-pollution/article_d9ad016a-939a-546d-a66d-0490aa6c4878.html,democratherald.com,20191223T221500Z,English,United States
restoration of vegetated coastal ecosystems,blue carbon,Scientists struggle to save seagrass from coastal pollution,https://journalstar.com/news/national/scientists-struggle-to-save-seagrass-from-coastal-pollution/article_37690996-bf84-5cbf-8ea8-9d7ca84af176.html,journalstar.com,20191223T221500Z,English,United States
restoration of vegetated coastal ecosystems,blue carbon,Scientists struggle to save seagrass from coastal pollution,https://www.timesdaily.com/news/nation/scientists-struggle-to-save-seagrass-from-coastal-pollution/article_6baf3c4c-0a88-56b8-85e1-77e45d2e0eed.html,timesdaily.com,20191223T220000Z,English,United States
restoration of vegetated coastal ecosystems,blue carbon,Scientists struggle to save seagrass from coastal pollution,https://www.mysanantonio.com/news/science/article/Scientists-struggle-to-save-seagrass-from-coastal-14925640.php,mysanantonio.com,20191223T214500Z,English,United States
restoration of vegetated coastal ecosystems,blue carbon,Scientists struggle to save seagrass from coastal pollution,https://www.gazettetimes.com/news/state-and-regional/scientists-struggle-to-save-seagrass-from-coastal-pollution/article_0fca8140-f5ce-5ff8-b1e9-170c5b255c7e.html,gazettetimes.com,20191223T183000Z,English,United States
restoration of vegetated coastal ecosystems,blue carbon,Scientists struggle to save seagrass from coastal pollution,https://santamariatimes.com/news/state-and-regional/scientists-struggle-to-save-seagrass-from-coastal-pollution/article_8e5b6d1f-3813-5614-bfd5-01b1ae00f2d3.html,santamariatimes.com,20191223T164500Z,English,United States
restoration of vegetated coastal ecosystems,blue carbon,Scientists struggle to save seagrass from coastal pollution,https://www.gloucestertimes.com/news/fishing_industry_news/scientists-struggle-to-save-seagrass-from-coastal-pollution/article_a8b8c351-2710-5f50-8100-e1e358f6b7f8.html,gloucestertimes.com,20191223T163000Z,English,United States
restoration of vegetated coastal ecosystems,blue carbon,Scientists struggle to save seagrass from coastal pollution - News - fosters . com,https://www.fosters.com/news/20191222/scientists-struggle-to-save-seagrass-from-coastal-pollution,fosters.com,20191223T163000Z,English,United States
restoration of vegetated coastal ecosystems,blue carbon,Scientists struggle to save seagrass from coastal pollution,https://lompocrecord.com/news/state-and-regional/scientists-struggle-to-save-seagrass-from-coastal-pollution/article_b7e2e85e-7757-56ac-b75a-2e0cad2d633d.html,lompocrecord.com,20191223T154500Z,English,United States
restoration of vegetated coastal ecosystems,blue carbon,Scientists struggle to save seagrass from coastal pollution - News - seacoastonline . com,https://www.seacoastonline.com/news/20191222/scientists-struggle-to-save-seagrass-from-coastal-pollution,seacoastonline.com,20191223T144500Z,English,United States
restoration of vegetated coastal ecosystems,blue carbon,Scientists struggle to save seagrass from coastal pollution,http://www.nwherald.com/2019/12/23/scientists-struggle-to-save-seagrass-from-coastal-pollution/asdfumt/,nwherald.com,20191223T091500Z,English,United States
restoration of vegetated coastal ecosystems,blue carbon,"Scientists struggle to save seagrass from coastal pollution | News , Sports , Jobs",https://www.thealpenanews.com/news/national-news-apwire/2019/12/scientists-struggle-to-save-seagrass-from-coastal-pollution/,thealpenanews.com,20191223T090000Z,English,United States
restoration of vegetated coastal ecosystems,blue carbon,Scientists Struggle to Save Seagrass From Coastal Pollution,https://www.nbcbayarea.com/news/national-international/scientists-struggle-to-save-seagrass-from-coastal-pollution/2202878/,nbcbayarea.com,20191223T070000Z,English,United States
restoration of vegetated coastal ecosystems,blue carbon,Valley News - Scientists work to save seagrass from pollution,https://www.vnews.com/Scientists-struggle-to-save-seagrass-from-coastal-pollution-31507451,vnews.com,20191223T070000Z,English,United States
restoration of vegetated coastal ecosystems,blue carbon,Scientists struggle to save seagrass from coastal pollution,http://www.theherald-news.com/2019/12/23/scientists-struggle-to-save-seagrass-from-coastal-pollution/asdfumt/,theherald-news.com,20191223T064500Z,English,United States
restoration of vegetated coastal ecosystems,blue carbon,Scientists struggling to save seagrass from growing coastal pollution,https://www.thewesterlysun.com/news/westerly/scientists-struggling-to-save-seagrass-from-growing-coastal-pollution/article_d026864c-2534-11ea-bc80-9be1e64af357.html,thewesterlysun.com,20191223T061500Z,English,United States
restoration of vegetated coastal ecosystems,blue carbon,Scientists struggle to save seagrass from coastal pollution,http://www.daily-chronicle.com/2019/12/23/scientists-struggle-to-save-seagrass-from-coastal-pollution/asdfumt/,daily-chronicle.com,20191223T060000Z,English,United States
restoration of vegetated coastal ecosystems,blue carbon,Scientists struggle to save seagrass from coastal pollution,https://www.nwherald.com/2019/12/23/scientists-struggle-to-save-seagrass-from-coastal-pollution/asdfumt/,nwherald.com,20191223T060000Z,English,United States
restoration of vegetated coastal ecosystems,blue carbon,Scientists Struggle To Save Seagrass From Coastal Pollution,https://patch.com/new-hampshire/merrimack/scientists-struggle-save-seagrass-coastal-pollution,patch.com,20191223T044500Z,English,United States
restoration of vegetated coastal ecosystems,blue carbon,Scientists struggle to save seagrass from coastal pollution,https://www.telegraphherald.com/ap/national/article_63a47d89-5823-5f3b-a786-30e8e90331d6.html,telegraphherald.com,20191223T044500Z,English,United States
restoration of vegetated coastal ecosystems,blue carbon,Scientists struggle to save seagrass from coastal pollution,https://www.centralmaine.com/2019/12/22/scientists-struggle-to-save-seagrass-from-coastal-pollution/,centralmaine.com,20191223T041500Z,English,United States
restoration of vegetated coastal ecosystems,blue carbon,Efforts to clean up U . S . waterways are helping bring back seagrass beds,https://www.columbian.com/news/2019/dec/22/efforts-to-clean-up-u-s-waterways-are-helping-bring-back-seagrass-beds/,columbian.com,20191223T031500Z,English,United States
restoration of vegetated coastal ecosystems,blue carbon,Blue Carbon Pagani Huayra Roadster Is The Stuff Of Dreams,https://www.carscoops.com/2019/12/blue-carbon-pagani-huayra-roadster-is-the-stuff-of-dreams/,carscoops.com,20191223T010000Z,English,United States
restoration of vegetated coastal ecosystems,blue carbon,Scientists struggle to save seagrass from coastal pollution,https://www.pressherald.com/2019/12/22/scientists-struggle-to-save-seagrass-from-coastal-pollution/,pressherald.com,20191223T004500Z,English,United States
restoration of vegetated coastal ecosystems,blue carbon,Scientists struggle to save seagrass from coastal pollution,https://www.whas11.com/article/news/nation-world/scientists-struggle-to-save-seagrass-from-coastal-pollution/417-a5f11df5-b0e7-4027-a56d-bcc3cad896cf,whas11.com,20191222T233000Z,English,United States
restoration of vegetated coastal ecosystems,blue carbon,Scientists struggle to save seagrass from coastal pollution,https://poststar.com/news/state-and-regional/scientists-struggle-to-save-seagrass-from-coastal-pollution/article_f404d3fc-e200-56b5-9804-d61b5446af0b.html,poststar.com,20191222T214500Z,English,United States
restoration of vegetated coastal ecosystems,blue carbon,Scientists Struggle to Save Vital Seagrasses from Coastal Pollution,https://weather.com/science/environment/news/2019-12-22-scientists-struggle-to-save-seagrasses-from-pollution,weather.com,20191222T211500Z,English,United States
restoration of vegetated coastal ecosystems,blue carbon,Scientists struggle to save seagrass from coastal pollution,https://www.1170kfaq.com/story/41486137/scientists-struggle-to-save-seagrass-from-coastal-pollution,1170kfaq.com,20191222T210000Z,English,United States
restoration of vegetated coastal ecosystems,blue carbon,Scientists struggle to save seagrass from coastal pollution,https://dailytimes.com/news_ap/article_21435706-6199-5712-8e06-1b34f103764f.html,dailytimes.com,20191222T210000Z,English,United States
restoration of vegetated coastal ecosystems,blue carbon,Scientists Struggle to Save Seagrass From Coastal Pollution,https://www.necn.com/news/local/new-hampshire/scientists-struggle-to-save-seagrass-from-coastal-pollution/2209720/,necn.com,20191222T210000Z,English,United States
restoration of vegetated coastal ecosystems,blue carbon,Scientists struggle to save seagrass from coastal pollution,https://www.meridianstar.com/news/nation_and_world/scientists-struggle-to-save-seagrass-from-coastal-pollution/article_e6e04062-6ccd-57cd-a838-1411de491a0e.html,meridianstar.com,20191222T210000Z,English,United States
restoration of vegetated coastal ecosystems,blue carbon,Scientists struggle to save seagrass from coastal pollution,https://lasvegassun.com/news/2019/dec/22/scientists-struggle-to-save-seagrass-from-coastal/,lasvegassun.com,20191222T204500Z,English,United States
restoration of vegetated coastal ecosystems,blue carbon,Scientists struggle to save seagrass from coastal pollution,https://www.whec.com/national/scientists-struggle-to-save-seagrass-from-coastal-pollution/5587168/?cat=10036,whec.com,20191222T203000Z,English,United States
restoration of vegetated coastal ecosystems,blue carbon,Scientists Struggle to Save Seagrass From Coastal Pollution,https://www.courthousenews.com/scientists-struggle-to-save-seagrass-from-coastal-pollution/,courthousenews.com,20191222T203000Z,English,United States
restoration of vegetated coastal ecosystems,blue carbon,Scientists struggle to save seagrass from coastal pollution,https://www.cadillacnews.com/news/national/scientists-struggle-to-save-seagrass-from-coastal-pollution/article_456f49ee-a8d3-5823-a966-08f03c2855c1.html,cadillacnews.com,20191222T203000Z,English,United States
restoration of vegetated coastal ecosystems,blue carbon,Scientists struggle to save seagrass from coastal pollution,https://www.news4jax.com/tech/2019/12/22/scientists-struggle-to-save-seagrass-from-coastal-pollution/,news4jax.com,20191222T194500Z,English,United States
restoration of vegetated coastal ecosystems,blue carbon,Scientists struggle to save seagrass from coastal pollution,https://www.idahostatejournal.com/news/national/scientists-struggle-to-save-seagrass-from-coastal-pollution/article_ed7b8bef-d290-5561-8524-373b35b6124c.html,idahostatejournal.com,20191222T193000Z,English,United States
restoration of vegetated coastal ecosystems,blue carbon,Scientists struggle to save seagrass from coastal pollution,https://www.kokomotribune.com/news/nation_world_news/scientists-struggle-to-save-seagrass-from-coastal-pollution/article_2cbbec51-83e8-5a0b-b030-d99991779a07.html,kokomotribune.com,20191222T193000Z,English,United States
restoration of vegetated coastal ecosystems,blue carbon,Scientists struggle to save seagrass from coastal pollution,https://www.thedailytimes.com/news/nation_world/scientists-struggle-to-save-seagrass-from-coastal-pollution/article_4023fa83-f4de-5ab8-966a-18e83818ec99.html,thedailytimes.com,20191222T191500Z,English,United States
restoration of vegetated coastal ecosystems,blue carbon,Scientists struggle to save seagrass from coastal pollution,https://www.click2houston.com/tech/2019/12/22/scientists-struggle-to-save-seagrass-from-coastal-pollution/,click2houston.com,20191222T190000Z,English,United States
restoration of vegetated coastal ecosystems,blue carbon,Scientists struggle to save seagrass from coastal pollution,https://www.ctpost.com/news/science/article/Scientists-struggle-to-save-seagrass-from-coastal-14925640.php,ctpost.com,20191222T190000Z,English,United States
restoration of vegetated coastal ecosystems,blue carbon,Scientists struggle to save seagrass from coastal pollution,https://www.seattlepi.com/news/science/article/Scientists-struggle-to-save-seagrass-from-coastal-14925640.php,seattlepi.com,20191222T190000Z,English,United States
restoration of vegetated coastal ecosystems,blue carbon,Scientists struggle to save seagrass from coastal pollution,https://www.michigansthumb.com/news/science/article/Scientists-struggle-to-save-seagrass-from-coastal-14925640.php,michigansthumb.com,20191222T190000Z,English,United States
restoration of vegetated coastal ecosystems,blue carbon,Scientists struggle to save seagrass from coastal pollution,https://www.ourmidland.com/news/science/article/Scientists-struggle-to-save-seagrass-from-coastal-14925640.php,ourmidland.com,20191222T190000Z,English,United States
restoration of vegetated coastal ecosystems,blue carbon,Scientists struggle to save seagrass from coastal pollution,https://mynorthwest.com/1651540/scientists-struggle-to-save-seagrass-from-coastal-pollution/,mynorthwest.com,20191222T190000Z,English,United States
restoration of vegetated coastal ecosystems,blue carbon,Scientists struggle to save seagrass from coastal pollution,https://www.wsls.com/tech/2019/12/22/scientists-struggle-to-save-seagrass-from-coastal-pollution/,wsls.com,20191222T184500Z,English,United States
restoration of vegetated coastal ecosystems,blue carbon,Scientists struggle to save seagrass from coastal pollution,https://www.stamfordadvocate.com/news/science/article/Scientists-struggle-to-save-seagrass-from-coastal-14925640.php,stamfordadvocate.com,20191222T184500Z,English,United States
restoration of vegetated coastal ecosystems,blue carbon,Scientists struggle to save seagrass from coastal pollution,https://tucson.com/news/national/scientists-struggle-to-save-seagrass-from-coastal-pollution/article_e8e483d4-64f7-5769-bc94-53166433c9f1.html,tucson.com,20191222T184500Z,English,United States
restoration of vegetated coastal ecosystems,blue carbon,Scientists struggle to save seagrass from coastal pollution,https://www.kptv.com/general/scientists-struggle-to-save-seagrass-from-coastal-pollution/article_6c963eb2-b2f5-5153-89dc-12cfa1170460.html,kptv.com,20191222T184500Z,English,United States
restoration of vegetated coastal ecosystems,blue carbon,Scientists struggle to save seagrass from coastal pollution,https://www.bakersfield.com/ap/national/scientists-struggle-to-save-seagrass-from-coastal-pollution/article_b39baebb-ed07-5a95-b8f5-e4244cdef69f.html,bakersfield.com,20191222T184500Z,English,United States
restoration of vegetated coastal ecosystems,blue carbon,Scientists struggle to save seagrass from coastal pollution,https://www.greenwichtime.com/news/science/article/Scientists-struggle-to-save-seagrass-from-coastal-14925640.php,greenwichtime.com,20191222T184500Z,English,United States
restoration of vegetated coastal ecosystems,blue carbon,Scientists struggle to save seagrass from coastal pollution,https://www.fox10tv.com/news/us_world_news/scientists-struggle-to-save-seagrass-from-coastal-pollution/article_e2ad9f9f-502c-522f-8887-34c1a23841a4.html,fox10tv.com,20191222T184500Z,English,United States
restoration of vegetated coastal ecosystems,blue carbon,Scientists struggle to save seagrass from coastal pollution,https://www.wvnews.com/theet/newsfeed/us/scientists-struggle-to-save-seagrass-from-coastal-pollution/article_2c4b8087-d608-554c-823c-f54c2fbe286d.html,wvnews.com,20191222T183000Z,English,United States
restoration of vegetated coastal ecosystems,blue carbon,Scientists struggle to save seagrass from coastal pollution,https://www.nrtoday.com/ap/scientists-struggle-to-save-seagrass-from-coastal-pollution/article_c5af3dc3-50eb-5516-874b-3657a317adcf.html,nrtoday.com,20191222T183000Z,English,United States
restoration of vegetated coastal ecosystems,blue carbon,Scientists struggle to save seagrass from coastal pollution,https://www.heraldandnews.com/ap_news/oregon/scientists-struggle-to-save-seagrass-from-coastal-pollution/article_0e680797-907b-56bd-aaf3-327e6c987631.html,heraldandnews.com,20191222T183000Z,English,United States
restoration of vegetated coastal ecosystems,blue carbon,Scientists struggle to save seagrass from coastal pollution,https://www.clickondetroit.com/tech/2019/12/22/scientists-struggle-to-save-seagrass-from-coastal-pollution/,clickondetroit.com,20191222T181500Z,English,United States
restoration of vegetated coastal ecosystems,blue carbon,Scientists struggle to save seagrass from coastal pollution,https://www.seattletimes.com/nation-world/nation/scientists-struggle-to-save-seagrass-from-coastal-pollution/,seattletimes.com,20191222T181500Z,English,United States
restoration of vegetated coastal ecosystems,blue carbon,Scientists struggle to save seagrass from coastal pollution,https://www.thehour.com/news/science/article/Scientists-struggle-to-save-seagrass-from-coastal-14925640.php,thehour.com,20191222T181500Z,English,United States
restoration of vegetated coastal ecosystems,blue carbon,Scientists struggle to save seagrass from coastal pollution,http://www.elpasoinc.com/news/ap_wire/us/scientists-struggle-to-save-seagrass-from-coastal-pollution/article_7fb5046b-4118-5699-a445-7a16811d80e9.html,elpasoinc.com,20191222T180000Z,English,United States
restoration of vegetated coastal ecosystems,blue carbon,Scientists struggle to save seagrass from coastal pollution,http://delrionewsherald.com/news_ap/technology/article_217c8e66-72ba-57f0-ae1f-8682d9e62932.html,delrionewsherald.com,20191222T180000Z,English,United States
restoration of vegetated coastal ecosystems,blue carbon,Scientists struggle to save seagrass from coastal pollution,https://www.middletownpress.com/news/science/article/Scientists-struggle-to-save-seagrass-from-coastal-14925640.php,middletownpress.com,20191222T180000Z,English,United States
restoration of vegetated coastal ecosystems,blue carbon,Scientists struggle to save seagrass from coastal pollution,https://www.registercitizen.com/news/science/article/Scientists-struggle-to-save-seagrass-from-coastal-14925640.php,registercitizen.com,20191222T180000Z,English,United States
restoration of vegetated coastal ecosystems,blue carbon,Scientists struggle to save seagrass from coastal pollution,https://www.americanpress.com/news/national/scientists-struggle-to-save-seagrass-from-coastal-pollution/article_4568c6bc-4d5f-5183-adc7-64c09ff748d6.html,americanpress.com,20191222T174500Z,English,United States
restoration of vegetated coastal ecosystems,blue carbon,Scientists struggle to save seagrass from coastal pollution,https://www.mankatofreepress.com/region/scientists-struggle-to-save-seagrass-from-coastal-pollution/article_92f111ba-0ffa-59a1-9a5d-128ed0f1cfe7.html,mankatofreepress.com,20191222T173000Z,English,United States
restoration of vegetated coastal ecosystems,blue carbon,Scientists struggle to save seagrass from coastal pollution,https://www.beaumontenterprise.com/news/science/article/Scientists-struggle-to-save-seagrass-from-coastal-14925640.php,beaumontenterprise.com,20191222T173000Z,English,United States
restoration of vegetated coastal ecosystems,blue carbon,Scientists struggle to save seagrass from coastal pollution,https://www.wfmj.com/story/41486137/scientists-struggle-to-save-seagrass-from-coastal-pollution,wfmj.com,20191222T173000Z,English,United States
restoration of vegetated coastal ecosystems,blue carbon,Scientists struggle to save seagrass from coastal pollution,https://www.theintelligencer.com/news/science/article/Scientists-struggle-to-save-seagrass-from-coastal-14925640.php,theintelligencer.com,20191222T173000Z,English,United States
restoration of vegetated coastal ecosystems,blue carbon,Scientists struggle to save seagrass from coastal pollution,https://www.rockymounttelegram.com/news/national/scientists-struggle-to-save-seagrass-from-coastal-pollution/article_5949e8d7-50b9-5dbc-a6ae-9a24a7e99d94.html,rockymounttelegram.com,20191222T173000Z,English,United States
restoration of vegetated coastal ecosystems,blue carbon,Scientists struggle to save seagrass from coastal pollution New England Bangor Daily News BDN Maine,https://bangordailynews.com/2019/12/22/news/new-england/scientists-struggle-to-save-seagrass-from-coastal-pollution/,bangordailynews.com,20191222T173000Z,English,United States
restoration of vegetated coastal ecosystems,blue carbon,Scientists struggle to save seagrass from coastal pollution,https://www.smdailyjournal.com/news/national/scientists-struggle-to-save-seagrass-from-coastal-pollution/article_fd827e2f-19ff-518a-9482-5461c1188471.html,smdailyjournal.com,20191222T173000Z,English,United States
restoration of vegetated coastal ecosystems,blue carbon,Scientists struggle to save seagrass from coastal pollution,https://www.caledonianrecord.com/news/state/scientists-struggle-to-save-seagrass-from-coastal-pollution/article_a6f15269-ef39-5e13-8892-8ff63eefa466.html,caledonianrecord.com,20191222T173000Z,English,United States
restoration of vegetated coastal ecosystems,blue carbon,Scientists struggle to save seagrass from coastal pollution,https://www.thewesterlysun.com/news/state/scientists-struggle-to-save-seagrass-from-coastal-pollution/article_590b3f63-b607-5ba6-8f2f-d86275388e7f.html,thewesterlysun.com,20191222T173000Z,English,United States
restoration of vegetated coastal ecosystems,blue carbon,Scientists struggle to save seagrass from coastal pollution,https://abcnews.go.com/Technology/wireStory/scientists-struggle-save-seagrass-coastal-pollution-67881773,abcnews.go.com,20191222T173000Z,English,United States
restoration of vegetated coastal ecosystems,blue carbon,Scientists struggle to save seagrass from coastal pollution,https://www.tribstar.com/region/scientists-struggle-to-save-seagrass-from-coastal-pollution/article_cc961341-e225-5c31-bb4f-1d0154fcc228.html,tribstar.com,20191222T173000Z,English,United States
restoration of vegetated coastal ecosystems,blue carbon,Scientists struggle to save seagrass from coastal pollution,https://www.newmilfordspectrum.com/news/science/article/Scientists-struggle-to-save-seagrass-from-coastal-14925640.php,newmilfordspectrum.com,20191222T173000Z,English,United States
restoration of vegetated coastal ecosystems,blue carbon,Scientists struggle to save seagrass from coastal pollution,https://www.westport-news.com/news/science/article/Scientists-struggle-to-save-seagrass-from-coastal-14925640.php,westport-news.com,20191222T173000Z,English,United States
restoration of vegetated coastal ecosystems,blue carbon,Scientists struggle to save seagrass from coastal pollution,http://westchester.news12.com/story/41486137/scientists-struggle-to-save-seagrass-from-coastal-pollution,westchester.news12.com,20191222T173000Z,English,United States
restoration of vegetated coastal ecosystems,blue carbon,Scientists struggle to save seagrass from coastal pollution,https://www.dailyprogress.com/news/national/scientists-struggle-to-save-seagrass-from-coastal-pollution/article_60df0f1d-23e3-5170-a9a9-39922eafd0a6.html,dailyprogress.com,20191222T171500Z,English,United States
restoration of vegetated coastal ecosystems,blue carbon,Scientists struggle to save seagrass from coastal pollution,https://columbustelegram.com/news/national/scientists-struggle-to-save-seagrass-from-coastal-pollution/article_afafd9b8-2a61-545f-9eba-77f69260dd60.html,columbustelegram.com,20191222T171500Z,English,United States
restoration of vegetated coastal ecosystems,blue carbon,Scientists struggle to save seagrass from coastal pollution,https://chippewa.com/news/national/scientists-struggle-to-save-seagrass-from-coastal-pollution/article_08136f94-c6f3-53b9-ab7f-56fb5520c95e.html,chippewa.com,20191222T171500Z,English,United States
restoration of vegetated coastal ecosystems,blue carbon,Scientists struggle to save seagrass from coastal pollution,https://lebanon-express.com/news/national/scientists-struggle-to-save-seagrass-from-coastal-pollution/article_c4b36356-5973-5bd8-a193-c1b13cce7eff.html,lebanon-express.com,20191222T171500Z,English,United States
restoration of vegetated coastal ecosystems,blue carbon,Scientists struggle to save seagrass from coastal pollution,http://www.wdtimes.com/news/national/article_c0380ea8-3741-504d-9ed1-847f223e8047.html,wdtimes.com,20191222T171500Z,English,United States
restoration of vegetated coastal ecosystems,blue carbon,Scientists struggle to save seagrass from coastal pollution,https://siouxcityjournal.com/news/national/scientists-struggle-to-save-seagrass-from-coastal-pollution/article_2b38ef07-28c6-5766-a1b4-af34afe23443.html,siouxcityjournal.com,20191222T170000Z,English,United States
restoration of vegetated coastal ecosystems,blue carbon,Scientists struggle to save seagrass from coastal pollution,https://gazette.com/ap/national/scientists-struggle-to-save-seagrass-from-coastal-pollution/article_226848a7-fd53-5dee-9566-af14461bb5f4.html,gazette.com,20191222T170000Z,English,United States
restoration of vegetated coastal ecosystems,blue carbon,Scientists struggle to save seagrass from coastal pollution,http://newjersey.news12.com/story/41486137/scientists-struggle-to-save-seagrass-from-coastal-pollution,newjersey.news12.com,20191222T170000Z,English,United States
restoration of vegetated coastal ecosystems,blue carbon,Scientists struggle to save seagrass from coastal pollution,http://brooklyn.news12.com/story/41486137/scientists-struggle-to-save-seagrass-from-coastal-pollution,brooklyn.news12.com,20191222T170000Z,English,United States
restoration of vegetated coastal ecosystems,blue carbon,Scientists struggle to save seagrass from coastal pollution,https://www.clickorlando.com/tech/2019/12/22/scientists-struggle-to-save-seagrass-from-coastal-pollution/,clickorlando.com,20191222T170000Z,English,United States
restoration of vegetated coastal ecosystems,blue carbon,Scientists struggle to save seagrass from coastal pollution,https://www.bozemandailychronicle.com/ap_news/us/scientists-struggle-to-save-seagrass-from-coastal-pollution/article_50d275c3-c4b2-543c-a841-1513db82a549.html,bozemandailychronicle.com,20191222T164500Z,English,United States
restoration of vegetated coastal ecosystems,blue carbon,Scientists struggle to save seagrass from coastal pollution,https://thebrunswicknews.com/ap/national/scientists-struggle-to-save-seagrass-from-coastal-pollution/article_0a328555-58c7-5ffa-9282-70814196aaf9.html,thebrunswicknews.com,20191222T164500Z,English,United States
restoration of vegetated coastal ecosystems,blue carbon,Scientists struggle to save seagrass from coastal pollution,https://www.ksl.com/article/46694467/scientists-struggle-to-save-seagrass-from-coastal-pollution,ksl.com,20191222T164500Z,English,United States
restoration of vegetated coastal ecosystems,blue carbon,Scientists struggle to save seagrass from coastal pollution,https://www.thetelegraph.com/news/science/article/Scientists-struggle-to-save-seagrass-from-coastal-14925640.php,thetelegraph.com,20191222T164500Z,English,United States
restoration of vegetated coastal ecosystems,blue carbon,Scientists struggle to save seagrass from coastal pollution,https://www.sandiegouniontribune.com/news/nation-world/story/2019-12-22/scientists-struggle-to-save-seagrass-from-coastal-pollution,sandiegouniontribune.com,20191222T164500Z,English,United States
restoration of vegetated coastal ecosystems,blue carbon,Scientists struggle to save seagrass from coastal pollution,https://www.clintonherald.com/region/scientists-struggle-to-save-seagrass-from-coastal-pollution/article_09c9e832-1a44-50a8-b18c-35e80497085f.html,clintonherald.com,20191222T164500Z,English,United States
restoration of vegetated coastal ecosystems,blue carbon,Scientists struggle to save seagrass from coastal pollution,https://www.dailyherald.com/article/20191222/news/312229937/,dailyherald.com,20191222T164500Z,English,United States
restoration of vegetated coastal ecosystems,blue carbon,Scientists struggle to save seagrass from coastal pollution,https://www.hometownstations.com/news/ohio_headlines/scientists-struggle-to-save-seagrass-from-coastal-pollution/article_5bffd466-4dac-551e-a191-909b72fcd78c.html,hometownstations.com,20191222T164500Z,English,United States
restoration of vegetated coastal ecosystems,blue carbon,Scientists struggle to save seagrass from coastal pollution,https://fox40.com/2019/12/22/scientists-struggle-to-save-seagrass-from-coastal-pollution/,fox40.com,20191222T164500Z,English,United States
restoration of vegetated coastal ecosystems,blue carbon,Scientists struggle to save seagrass from coastal pollution,https://www.gazettextra.com/news/nation_world/scientists-struggle-to-save-seagrass-from-coastal-pollution/article_48fdb628-f6e0-59f3-82be-a6028197bc1f.html,gazettextra.com,20191222T164500Z,English,United States
restoration of vegetated coastal ecosystems,blue carbon,Scientists struggle to save seagrass from coastal pollution,https://madison.com/news/national/scientists-struggle-to-save-seagrass-from-coastal-pollution/article_79133cc5-1bec-5d2b-b402-f01bb4a5e853.html,madison.com,20191222T164500Z,English,United States
restoration of vegetated coastal ecosystems,blue carbon,Scientists struggle to save seagrass from coastal pollution,https://phys.org/news/2019-12-scientists-struggle-seagrass-coastal-pollution.html,phys.org,20191222T164500Z,English,United States
restoration of vegetated coastal ecosystems,blue carbon,Scientists struggle to save seagrass from coastal pollution,https://www.ktbs.com/news/national/scientists-struggle-to-save-seagrass-from-coastal-pollution/article_0d1a8bd7-49ed-558c-b791-b1b992fce445.html,ktbs.com,20191222T164500Z,English,United States
restoration of vegetated coastal ecosystems,blue carbon,Scientists struggle to save seagrass from coastal pollution,http://www.wboc.com/story/41486137/scientists-struggle-to-save-seagrass-from-coastal-pollution,wboc.com,20191222T163000Z,English,United States
restoration of vegetated coastal ecosystems,blue carbon,Scientists struggle to save seagrass from coastal pollution,https://apnews.com/6b6dd238cee841ed8e5772722c6a1911,apnews.com,20191222T163000Z,English,United States
restoration of vegetated coastal ecosystems,blue carbon,Scientists struggle to save seagrass from coastal pollution,http://www.startribune.com/scientists-struggle-to-save-seagrass-from-coastal-pollution/566417552/,startribune.com,20191222T161500Z,English,United States
restoration of vegetated coastal ecosystems,blue carbon,Scientists struggle to save seagrass from coastal pollution,https://www.newstimes.com/news/science/article/Scientists-struggle-to-save-seagrass-from-coastal-14925640.php,newstimes.com,20191222T161500Z,English,United States
restoration of vegetated coastal ecosystems,blue carbon,Scientists struggle to save seagrass from coastal pollution,https://www.mymotherlode.com/news/state/960613/scientists-struggle-to-save-seagrass-from-coastal-pollution.html,mymotherlode.com,20191222T161500Z,English,United States
restoration of vegetated coastal ecosystems,blue carbon,Scientists struggle to save seagrass from coastal pollution,https://www.sfgate.com/news/science/article/Scientists-struggle-to-save-seagrass-from-coastal-14925640.php,sfgate.com,20191222T161500Z,English,United States
restoration of vegetated coastal ecosystems,blue carbon,Scientists struggle to save seagrass from coastal pollution,https://www.nhregister.com/news/science/article/Scientists-struggle-to-save-seagrass-from-coastal-14925640.php,nhregister.com,20191222T161500Z,English,United States
restoration of vegetated coastal ecosystems,blue carbon,Scientists struggle to save seagrass from coastal pollution,https://www.whig.com/article/20191222/AP/312229928,whig.com,20191222T161500Z,English,United States
restoration of vegetated coastal ecosystems,blue carbon,Scientists struggle to save seagrass from coastal pollution,https://oklahoman.com/article/feed/9995587/scientists-struggle-to-save-seagrass-from-coastal-pollution,oklahoman.com,20191222T160000Z,English,United States
restoration of vegetated coastal ecosystems,blue carbon,Scientists struggle to save seagrass from coastal pollution,https://www.washingtonpost.com/national/energy-environment/scientists-struggle-to-save-seagrass-from-coastal-pollution/2019/12/22/54c34ef4-24d0-11ea-9cc9-e19cfbc87e51_story.html,washingtonpost.com,20191222T160000Z,English,United States
restoration of vegetated coastal ecosystems,blue carbon,Scientists struggle to save seagrass from coastal pollution,https://www.recorderonline.com/news/national_news/scientists-struggle-to-save-seagrass-from-coastal-pollution/article_f92266a1-e49a-5623-9a2e-ee4762b3235f.html,recorderonline.com,20191222T160000Z,English,United States
restoration of vegetated coastal ecosystems,blue carbon,Scientists struggle to save seagrass from coastal pollution,https://www.myjournalcourier.com/news/science/article/Scientists-struggle-to-save-seagrass-from-coastal-14925640.php,myjournalcourier.com,20191222T160000Z,English,United States
restoration of vegetated coastal ecosystems,blue carbon,Scientists struggle to save seagrass from coastal pollution,https://www.ksat.com/tech/2019/12/22/scientists-struggle-to-save-seagrass-from-coastal-pollution/,ksat.com,20191222T160000Z,English,United States
restoration of vegetated coastal ecosystems,blue carbon,Scientists struggle to save seagrass from coastal pollution,https://www.timesunion.com/news/science/article/Scientists-struggle-to-save-seagrass-from-coastal-14925640.php,timesunion.com,20191222T160000Z,English,United States
restoration of vegetated coastal ecosystems,blue carbon,Scientists struggle to save seagrass from coastal pollution,https://www.chron.com/neighborhood/news/science/article/Scientists-struggle-to-save-seagrass-from-coastal-14925640.php,chron.com,20191222T160000Z,English,United States
restoration of vegetated coastal ecosystems,blue carbon,Scientists struggle to save seagrass from coastal pollution,https://www.chron.com/news/science/article/Scientists-struggle-to-save-seagrass-from-coastal-14925640.php,chron.com,20191222T160000Z,English,United States
restoration of vegetated coastal ecosystems,blue carbon,Scientists struggle to save seagrass from coastal pollution,https://www.fairfieldcitizenonline.com/news/science/article/Scientists-struggle-to-save-seagrass-from-coastal-14925640.php,fairfieldcitizenonline.com,20191222T160000Z,English,United States
restoration of vegetated coastal ecosystems,blue carbon,Bringing oceans into the climate fight,https://www.devex.com/news/bringing-oceans-into-the-climate-fight-96200,devex.com,20191219T130000Z,English,United States
restoration of vegetated coastal ecosystems,blue carbon,Blue carbon is not the silver bullet the Coalition wants it to be,https://www.massachusettssun.com/news/263419539/blue-carbon-is-not-the-silver-bullet-the-coalition-wants-it-to-be,massachusettssun.com,20191217T103000Z,English,United States
restoration of vegetated coastal ecosystems,blue carbon,Blue carbon is not the silver bullet the Coalition wants it to be,https://www.bignewsnetwork.com/news/263419539/blue-carbon-is-not-the-silver-bullet-the-coalition-wants-it-to-be,bignewsnetwork.com,20191217T094500Z,English,United States
restoration of vegetated coastal ecosystems,blue carbon,Blue carbon is not the silver bullet the Coalition wants it to be,https://www.heraldglobe.com/news/263419539/blue-carbon-is-not-the-silver-bullet-the-coalition-wants-it-to-be,heraldglobe.com,20191217T064500Z,English,United States
restoration of vegetated coastal ecosystems,blue carbon,2020 BMW X5 M and X6 M Configurators go live on united states website,https://www.bmwblog.com/2019/12/16/2020-bmw-x5-m-and-x6-m-configurators-go-live-on-usa-website/,bmwblog.com,20191216T191500Z,English,United States
restoration of vegetated coastal ecosystems,blue carbon,Does the era of surf travel by air need to come to an end ?,https://www.carvemag.com/2019/12/does-the-era-of-surf-travel-by-air-need-to-come-to-an-end/,carvemag.com,20191216T154500Z,English,United States
restoration of vegetated coastal ecosystems,blue carbon,COP25 fizzles out,https://www.politico.com/newsletters/morning-energy/2019/12/16/cop25-fizzles-out-783731,politico.com,20191216T153000Z,English,United States
restoration of vegetated coastal ecosystems,blue carbon,Local Opinion : The west needs ocean climate action,https://tucson.com/opinion/local/local-opinion-the-west-needs-ocean-climate-action/article_412a7578-2754-5953-800f-2f11ab8b2011.html,tucson.com,20191216T074500Z,English,United States
restoration of vegetated coastal ecosystems,blue carbon,These 3 supertrees can protect us from climate collapse,https://www.msn.com/en-us/news/world/these-3-supertrees-can-protect-us-from-climate-collapse/ar-AAK3Bsj,msn.com,20191215T021500Z,English,United States
restoration of vegetated coastal ecosystems,blue carbon,House Defense Bill Would Mandate Carbon Capture Program for the Military,https://www.govexec.com/defense/2019/12/house-defense-bill-would-mandate-carbon-capture-program-military/161883/,govexec.com,20191213T153000Z,English,United States
restoration of vegetated coastal ecosystems,blue carbon,Scientists and innovators present the Circular Carbon Economy at COP25,https://www.eurekalert.org/pub_releases/2019-12/kauo-sai121319.php,eurekalert.org,20191213T143000Z,English,United States
restoration of vegetated coastal ecosystems,blue carbon,House Defense Bill Would Mandate Carbon Capture Program for the Military,https://www.defenseone.com/technology/2019/12/house-defense-bill-would-mandate-carbon-capture-program-military/161874/,defenseone.com,20191213T011500Z,English,United States
restoration of vegetated coastal ecosystems,blue carbon,Made In Cookware review : high - quality pots & pans for home cooks & chefs,https://www.businessinsider.com/made-in-cookware-overview,businessinsider.com,20191212T193000Z,English,United States
restoration of vegetated coastal ecosystems,blue carbon,Supertrees : Meet Indonesia carbon guardian,https://www.msn.com/en-us/news/world/supertrees-meet-indonesia-e2-80-99s-carbon-guardian/ar-AAK3DWQ,msn.com,20191212T131500Z,English,United States
restoration of vegetated coastal ecosystems,blue carbon,"Supertrees : Meet Indonesia mangrove , the tree that stores carbon underground",https://www.vox.com/2019/12/12/21009910/climate-change-indonesia-mangroves-palm-oil-shrimp-negative-emissions-blue-carbon,vox.com,20191212T130000Z,English,United States
restoration of vegetated coastal ecosystems,blue carbon,Johnson : The Green New Deal has a big blue gap : We need to protect our oceans - Opinion - Athens Banner - Herald,https://www.onlineathens.com/opinion/20191211/johnson-green-new-deal-has-big-blue-gap-we-need-to-protect-our-oceans,onlineathens.com,20191212T013000Z,English,United States
restoration of vegetated coastal ecosystems,blue carbon,Warren Blue New Deal taps into the power of Earth oceans,https://www.salon.com/2019/12/11/warrens-blue-new-deal-taps-into-the-power-of-earths-oceans/,salon.com,20191212T010000Z,English,United States
restoration of vegetated coastal ecosystems,blue carbon,Comment : The Green New Deal has a big blue gap,https://www.heraldnet.com/opinion/comment-the-green-new-deal-has-a-big-blue-gap/,heraldnet.com,20191211T110000Z,English,United States
restoration of vegetated coastal ecosystems,blue carbon,"Redmi K30 launched with 120hz display and cheap 5G variant , some downgrades",https://www.talkandroid.com/347534-redmi-k30-launched-with-120hz-display-and-cheap-5g-variant-some-downgrades/,talkandroid.com,20191211T084500Z,English,United States
restoration of vegetated coastal ecosystems,blue carbon,The Green New Deal has a big blue gap : We need to protect our oceans,https://www.pressofatlanticcity.com/opinion/commentary/the-green-new-deal-has-a-big-blue-gap-we/article_c03dfb15-9668-5075-ba9d-9b43b470d580.html,pressofatlanticcity.com,20191211T071500Z,English,United States
restoration of vegetated coastal ecosystems,blue carbon,Blue New Deal : Here what Elizabeth Warren plan for oceans includes,https://www.boston.com/news/politics/2019/12/10/blue-new-deal,boston.com,20191210T233000Z,English,United States
restoration of vegetated coastal ecosystems,blue carbon,Elizabeth Warren Blue New Deal is a Green New Deal for the ocean,https://www.mic.com/p/elizabeth-warrens-blue-new-deal-is-a-green-new-deal-for-the-ocean-19437912,mic.com,20191210T213000Z,English,United States
restoration of vegetated coastal ecosystems,blue carbon,US states put renewable energy at heart of call for  ocean smart  future,https://www.rechargenews.com/transition/us-states-put-renewable-energy-at-heart-of-call-for-ocean-smart-future/2-1-721380,rechargenews.com,20191210T161500Z,English,United States
restoration of vegetated coastal ecosystems,blue carbon,We need a Blue New Deal to protect our oceans - The Washington Post,https://www.washingtonpost.com/opinions/2019/12/10/green-new-deal-has-big-blue-gap-we-need-protect-our-oceans/,washingtonpost.com,20191210T160000Z,English,United States
restoration of vegetated coastal ecosystems,blue carbon,What made the NDAA cut ?,https://www.politico.com/newsletters/morning-energy/2019/12/10/what-made-the-ndaa-cut-783509,politico.com,20191210T153000Z,English,United States
restoration of vegetated coastal ecosystems,blue carbon,We Need a Blue New Deal for Our Oceans - Team Warren,https://medium.com/@teamwarren/we-need-a-blue-new-deal-for-our-oceans-4efd971e0992,medium.com,20191210T151500Z,English,United States
restoration of vegetated coastal ecosystems,blue carbon,Elizabeth Warren wants a  blue new deal  on ocean policy and climate change,https://www.axios.com/elizabeth-warren-ocean-policy-climate-change-blue-new-deal-12097a9b-960e-4253-954b-e18ec686ad2d.html,axios.com,20191210T151500Z,English,United States
restoration of vegetated coastal ecosystems,blue carbon,Elizabeth Warren Proposes a Green New Deal for the Ocean,https://earther.gizmodo.com/elizabeth-warren-proposes-a-green-new-deal-for-the-ocea-1840336206,earther.gizmodo.com,20191210T150000Z,English,United States
restoration of vegetated coastal ecosystems,blue carbon,International ocean experts kick - off COP25 Oceans Actions Day,https://www.eurekalert.org/pub_releases/2019-12/kauo-ioe120819.php,eurekalert.org,20191209T154500Z,English,United States
restoration of vegetated coastal ecosystems,blue carbon,U . S . Dealer Commissions Three Special McLaren Senna XP Models,https://www.carscoops.com/2019/12/u-s-dealer-commissions-three-special-mclaren-senna-xp-models/,carscoops.com,20191209T153000Z,English,United States
restoration of vegetated coastal ecosystems,blue carbon,International ocean experts kick - off COP25 Oceans Actions Day,https://eurekalert.org/pub_releases/2019-12/kauo-ioe120819.php,eurekalert.org,20191209T150000Z,English,United States
restoration of vegetated coastal ecosystems,blue carbon,"Estuaries , Climate Change , and  Blue Carbon",https://www.nakedcapitalism.com/2019/12/estuaries-climate-change-blue-carbon.html,nakedcapitalism.com,20191209T000000Z,English,United States
restoration of vegetated coastal ecosystems,blue carbon,Nature - Based Climate Solutions Opportunity for Latin America and the Caribbean,http://www.caribbean360.com/news/nature-based-climate-solutions-opportunity-for-latin-america-and-the-caribbean,caribbean360.com,20191206T210000Z,English,United States
restoration of vegetated coastal ecosystems,blue carbon,"As Sydney chokes on smoke , will Scott stop being a coal industry puppet & take climate action ?",http://priceofoil.org/2019/12/06/as-sydney-chokes-on-smoke-will-scott-stop-being-a-coal-industry-puppet-take-climate-action/,priceofoil.org,20191206T200000Z,English,United States
restoration of vegetated coastal ecosystems,blue carbon,Nature - Based Climate Solutions Opportunity for Latin America Global Issues,http://www.globalissues.org/news/2019/12/05/25921,globalissues.org,20191205T184500Z,English,United States
restoration of vegetated coastal ecosystems,blue carbon,Nature - Based Climate Solutions Opportunity for Latin America,http://www.ipsnews.net/2019/12/nature-based-climate-solutions-opportunity-latin-america/,ipsnews.net,20191205T133000Z,English,United States
restoration of vegetated coastal ecosystems,blue carbon,Coastal News Today | united kingdom : Montrose pupils lead launch of blue carbon citizen science project,https://www.coastalnewstoday.com/post/uk-montrose-pupils-lead-launch-of-blue-carbon-citizen-science-project,coastalnewstoday.com,20191205T001500Z,English,United States
restoration of vegetated coastal ecosystems,blue carbon,Celebrity holiday gift guide for 2019,https://nypost.com/2019/12/04/keegan-michael-key-scott-eastwood-erin-andrews-and-other-celebs-share-their-holiday-wish-lists/,nypost.com,20191204T183000Z,English,United States
restoration of vegetated coastal ecosystems,blue carbon,We Need to Protect Antarctic  Blue Carbon,https://www.wired.com/story/opinion-we-need-to-protect-antarctic-blue-carbon/,wired.com,20191204T150000Z,English,United States
restoration of vegetated coastal ecosystems,blue carbon,"Travel PR News | MSC Cruises celebrates the float out of MSC Virtuosa at Chantiers de lAtlantique in Saint - Nazaire , France",https://travelprnews.com/msc-cruises-celebrates-the-float-out-of-msc-virtuosa-at-chantiers-de-latlantique-in-saint-nazaire-france-559955/travel-press-release/2019/12/04/,travelprnews.com,20191204T064500Z,English,United States
restoration of vegetated coastal ecosystems,blue carbon,"On the road to zero emissions : Nature , climate and a carbon price",https://phys.org/news/2019-12-road-emissions-nature-climate-carbon.html,phys.org,20191203T151500Z,English,United States
restoration of vegetated coastal ecosystems,blue carbon,"Natural atmospheric chemistry maintenance : Mother Nature traps extra carbon dioxide in seaweed , as needed",https://www.naturalnews.com/2019-12-02-mother-nature-traps-extra-carbon-dioxide-in-seaweed.html,naturalnews.com,20191203T091500Z,English,United States
restoration of vegetated coastal ecosystems,blue carbon,Nature - Based Climate Solutions Opportunity for Latin America,https://www.nrdc.org/experts/carolina-herrera/nature-based-climate-solutions-opportunity-latin-america,nrdc.org,20191203T011500Z,English,United States
restoration of vegetated coastal ecosystems,blue carbon,Natural Climate Solutions,https://www.rainforest-alliance.org/article/natural-climate-solutions,rainforest-alliance.org,20191202T190000Z,English,United States
restoration of vegetated coastal ecosystems,blue carbon,Greening the Blue : Championing Coastal Climate Solutions,https://human-wrongs-watch.net/2019/12/01/greening-the-blue-championing-coastal-climate-solutions/,human-wrongs-watch.net,20191201T130000Z,English,United States
restoration of vegetated coastal ecosystems,blue carbon,Greening the Blue : Championing Coastal Climate Solutions,http://humanitariannews.org/20191201/greening-blue-championing-coastal-climate-solutions,humanitariannews.org,20191201T124500Z,English,United States
restoration of vegetated coastal ecosystems,blue carbon,World Wetlands Day : Fostering global biodiversity and mitigating climate change,https://phys.org/news/2020-02-world-wetlands-day-fostering-global.html,phys.org,20200201T220000Z,English,United States
restoration of vegetated coastal ecosystems,blue carbon,World Wetlands Day : Fostering global biodiversity and mitigating climate change,https://www.eurekalert.org/pub_releases/2020-01/mu-wwd013120.php,eurekalert.org,20200131T213000Z,English,United States
restoration of vegetated coastal ecosystems,blue carbon,Around Town : Surf City Marathon hits the beach in Huntington,https://www.latimes.com/socal/daily-pilot/news/story/2020-01-31/around-town,latimes.com,20200131T181500Z,English,United States
restoration of vegetated coastal ecosystems,blue carbon,$1M federal grant assists Sunshine Coast disaster planning and resilience efforts,https://www.miragenews.com/1m-federal-grant-assists-sunshine-coast-disaster-planning-and-resilience-efforts/,miragenews.com,20200131T031500Z,English,United States
restoration of vegetated coastal ecosystems,blue carbon,This Is How Two Companies Are Making Better Soil For Crops,https://www.forbes.com/sites/jenniferhicks/2020/01/30/this-is-how-two-companies-are-making-better-soil-for-crops/,forbes.com,20200130T234500Z,English,United States
restoration of vegetated coastal ecosystems,blue carbon,"<strong>Storm Surge to present  Blue Carbon , The Lungs of the Sea  < / strong> - News - The Newburyport Current",https://newburyport.wickedlocal.com/news/20200129/strongstorm-surge-to-present-blue-carbon-lungs-of-seastrong,newburyport.wickedlocal.com,20200129T164500Z,English,United States
restoration of vegetated coastal ecosystems,blue carbon,The New Climate Action Film Festival Focuses on Solutions,https://www.sevendaysvt.com/vermont/the-new-climate-action-film-festival-focuses-on-solutions/Content?oid=29523382,sevendaysvt.com,20200129T154500Z,English,United States
restoration of vegetated coastal ecosystems,blue carbon,Coastal News Today | Mainstreaming Blue Carbon to Finance Coastal Resilience,https://www.coastalnewstoday.com/post/mainstreaming-blue-carbon-to-finance-coastal-resilience,coastalnewstoday.com,20200128T074500Z,English,United States
restoration of vegetated coastal ecosystems,blue carbon,The oceans are essential for our planet - we need to help nature protect them,https://www.weforum.org/agenda/2020/01/natural-solutions-to-fight-ocean-and-climate-risk/,weforum.org,20200128T003000Z,English,United States
restoration of vegetated coastal ecosystems,blue carbon,The Wild and Scenic Film Festival is coming to Penn Cinema IMAX theater Thursday,https://lancasteronline.com/features/the-wild-and-scenic-film-festival-is-coming-to-penn/article_1907f172-3d34-11ea-ba4e-87bdd33572af.html,lancasteronline.com,20200122T193000Z,English,United States
restoration of vegetated coastal ecosystems,blue carbon,"Sanctuary 20th year kicks off with film fest now thru Sunday | News , Sports , Jobs",https://www.thealpenanews.com/life/2020/01/sanctuarys-20th-year-kicks-off-with-film-fest-now-thru-sunday/,thealpenanews.com,20200122T111500Z,English,United States
restoration of vegetated coastal ecosystems,blue carbon,"Federal Water Tap , January 20 : Trump Aims at Two Water Rules in Farm Bureau Speech",https://www.circleofblue.org/2020/federal-water-tap/federal-water-tap-january-20-trump-aims-at-two-water-rules-in-farm-bureau-speech/,circleofblue.org,20200120T113000Z,English,United States
restoration of vegetated coastal ecosystems,blue carbon,Loliware closes $6MM venture round with top impact investors,https://www.benzinga.com/pressreleases/20/01/n15148153/loliware-closes-6mm-venture-round-with-top-impact-investors,benzinga.com,20200120T030000Z,English,United States
restoration of vegetated coastal ecosystems,blue carbon,Loliware closes $6MM venture round with top impact investors,https://www.ssuchronicle.com/2020/01/20/loliware-closes-6mm-venture-round-with-top-impact-investors/,ssuchronicle.com,20200120T020000Z,English,United States
restoration of vegetated coastal ecosystems,blue carbon,Loliware closes $6MM venture round with top impact investors,https://www.prweb.com/releases/loliware_closes_6mm_venture_round_with_top_impact_investors/prweb16846609.htm,prweb.com,20200120T020000Z,English,United States
restoration of vegetated coastal ecosystems,blue carbon,Conserving These Weird Sharks Could Help Hammer Climate Challenges In Costa Rica,https://www.forbes.com/sites/andrewwight/2020/01/17/conserving-these-weird-sharks-could-help-hammer-climate-challenges-in-costa-rica/,forbes.com,20200118T013000Z,English,United States
restoration of vegetated coastal ecosystems,blue carbon,Wild And Scenic Film Festival Jan . 23 At Maryland Hall,https://patch.com/maryland/annapolis/wild-scenic-film-festival-jan-23-maryland-hall,patch.com,20200116T003000Z,English,United States
restoration of vegetated coastal ecosystems,blue carbon,"Students get sneak peek of TBIFF ; public preview Thursday | News , Sports , Jobs",https://www.thealpenanews.com/life/2020/01/students-get-sneak-peek-of-tbiff-public-preview-thursday/,thealpenanews.com,20200115T074500Z,English,United States
restoration of vegetated coastal ecosystems,blue carbon,"PUMA Sky LX Mid Lux Release Date , Info & Photos",https://hypebeast.com/2020/1/puma-sky-lx-mid-lux-372870-01-release-date-info,hypebeast.com,20200114T063000Z,English,United States
restoration of vegetated coastal ecosystems,blue carbon,New Legislation Taps into Coast Potential to Store Carbon Pollution,https://www.audubon.org/news/new-legislation-taps-coasts-potential-store-carbon-pollution,audubon.org,20200113T214500Z,English,United States
restoration of vegetated coastal ecosystems,blue carbon,Best Motorcycle Helmets,https://www.askmen.com/home_auto/auto/best-motorcycle-helmets.html,askmen.com,20200113T194500Z,English,United States
restoration of vegetated coastal ecosystems,blue carbon,Best Motorcycle Helmets,https://ca.askmen.com/home_auto/auto/best-motorcycle-helmets.html,ca.askmen.com,20200113T190000Z,English,United States
restoration of vegetated coastal ecosystems,blue carbon,"Philippines , Japan , and united kingdom collaborate for climate change - resistant coastal communities",https://www.msn.com/en-ph/news/national/philippines-japan-and-uk-collaborate-for-climate-change-resistant-coastal-communities/ar-BBYCPdZ,msn.com,20200105T074500Z,English,United States
restoration of vegetated coastal ecosystems,blue carbon,Environmental News Network - Mangroves Could Turn Tide on Carbon Output,https://www.enn.com/articles/62874-mangroves-could-turn-tide-on-carbon-output,enn.com,20200330T220000Z,English,United States
restoration of vegetated coastal ecosystems,blue carbon,Mangroves could turn tide on carbon output,https://phys.org/news/2020-03-mangroves-tide-carbon-output.html,phys.org,20200327T144500Z,English,United States
restoration of vegetated coastal ecosystems,blue carbon,The Wonder Trees that Nurture Marine Biodiversity,https://human-wrongs-watch.net/2020/03/23/the-wonder-trees-that-nurture-marine-biodiversity/,human-wrongs-watch.net,20200323T143000Z,English,United States
restoration of vegetated coastal ecosystems,blue carbon,Coastal Blue Carbon From Planted Mangroves Holds Promise,https://goodmenproject.com/environment-2/coastal-blue-carbon-from-planted-mangroves-holds-promise/,goodmenproject.com,20200318T110000Z,English,United States
restoration of vegetated coastal ecosystems,blue carbon,New fish kills : Can we stop them ?,https://phys.org/news/2020-03-fish.html,phys.org,20200316T183000Z,English,United States
restoration of vegetated coastal ecosystems,blue carbon,New fish kills : can we stop them ?,https://www.miragenews.com/new-fish-kills-can-we-stop-them/,miragenews.com,20200316T040000Z,English,United States
restoration of vegetated coastal ecosystems,blue carbon,Every breath you take : The economic case for marine life,https://www.salon.com/test/2020/03/07/every-breath-you-take-the-economic-case-for-marine-life_partner/,salon.com,20200307T213000Z,English,United States
restoration of vegetated coastal ecosystems,blue carbon,Every breath you take : The economic case for marine life,https://www.salon.com/2020/03/07/every-breath-you-take-the-economic-case-for-marine-life_partner/,salon.com,20200307T203000Z,English,United States
restoration of vegetated coastal ecosystems,blue carbon,Networking Doesnt Have to Be Self - Serving,https://hbr.org/2020/03/networking-doesnt-have-to-be-self-serving,hbr.org,20200306T163000Z,English,United States
restoration of vegetated coastal ecosystems,blue carbon,Every Breath You Take : The Economic Case for Marine Life,https://undark.org/2020/03/05/economic-value-marine-life/,undark.org,20200305T110000Z,English,United States
restoration of vegetated coastal ecosystems,blue carbon,Made In Carbon Steel Pan Review | Apartment Therapy,https://www.apartmenttherapy.com/made-in-carbon-steel-skillet-review-36722282,apartmenttherapy.com,20200303T164500Z,English,United States
restoration of vegetated coastal ecosystems,blue carbon,Mansory Be Careful How You Pronounce It Venatus Shows Up In New Colors,https://www.carscoops.com/2020/03/mansorys-be-careful-how-you-pronounce-it-venatus-shows-up-in-new-colors/,carscoops.com,20200303T141500Z,English,United States
restoration of vegetated coastal ecosystems,blue carbon,Pininfarina Battista Anniverario Celebrates Past While Rocketing Forward,https://carbuzz.com/news/pininfarina-battista-anniverario-celebrates-past-while-rocketing-forward,carbuzz.com,20200302T211500Z,English,United States
restoration of vegetated coastal ecosystems,blue carbon,22 best Father Day gift ideas 2020,https://www.nbcnews.com/shopping/gift-guides/best-fathers-day-gift-ideas-n1214771,nbcnews.com,20200529T163000Z,English,United States
restoration of vegetated coastal ecosystems,blue carbon,22 best Father Day gift ideas 2020,https://www.nbcnews.com/shopping/gift-guides/best-father-s-day-gift-ideas-n1214771,nbcnews.com,20200529T144500Z,English,United States
restoration of vegetated coastal ecosystems,blue carbon,Scottish coastlines vital role in tackling climate emergency,https://www.miragenews.com/scottish-coastlines-vital-role-in-tackling-climate-emergency-2/,miragenews.com,20200529T101500Z,English,United States
restoration of vegetated coastal ecosystems,blue carbon,Scottish coastlines vital role in tackling climate emergency,https://www.miragenews.com/scottish-coastlines-vital-role-in-tackling-climate-emergency/,miragenews.com,20200529T101500Z,English,United States
restoration of vegetated coastal ecosystems,blue carbon,The Haunting Ghost Forests of Maryland Eastern Shore,https://www.atlasobscura.com/articles/maryland-ghost-forests,atlasobscura.com,20200526T233000Z,English,United States
restoration of vegetated coastal ecosystems,blue carbon,What the Wetlands Give Us |  Global Possibilities,https://globalpossibilities.org/what-the-wetlands-give-us/,globalpossibilities.org,20200525T234500Z,English,United States
restoration of vegetated coastal ecosystems,blue carbon,Father Day 2020 Gift Ideas : 15 Picks Hell Absolutely Love,https://stylecaster.com/fathers-day-gifts-2020/,stylecaster.com,20200520T153000Z,English,United States
restoration of vegetated coastal ecosystems,blue carbon,Air Jordan 13  Flint  Official Release Date & Info,https://hypebeast.com/2020/5/air-jordan-13-flint-414571-404-official-release-date-info,hypebeast.com,20200519T050000Z,English,United States
restoration of vegetated coastal ecosystems,blue carbon,Monash team proposes roadmap to renewable ammonia economy ; 3 generations of technology,https://www.greencarcongress.com/2020/05/20200511-monash.html,greencarcongress.com,20200511T153000Z,English,United States
restoration of vegetated coastal ecosystems,blue carbon,A love of sea led to a PhD in environmental sciences,https://www.miragenews.com/a-love-of-sea-led-to-a-phd-in-environmental-sciences/,miragenews.com,20200508T053000Z,English,United States
restoration of vegetated coastal ecosystems,blue carbon,Researchers Probing Links Between the Pandemic and the Environment,https://news.virginia.edu/content/researchers-probing-links-between-pandemic-and-environment,news.virginia.edu,20200504T231500Z,English,United States
restoration of vegetated coastal ecosystems,blue carbon,Researchers Probing Links Between Pandemic and Environment,https://www.miragenews.com/researchers-probing-links-between-pandemic-and-environment/,miragenews.com,20200504T203000Z,English,United States
restoration of vegetated coastal ecosystems,blue carbon,Made In Just Launched a Paella Pan | Apartment Therapy,https://www.apartmenttherapy.com/made-in-paella-pan-36767419,apartmenttherapy.com,20200630T193000Z,English,United States
restoration of vegetated coastal ecosystems,blue carbon,Can Quarantine Propel Us Toward Planetary Sanctuary ?,https://www.metropolismag.com/ideas/quarantine-refugia-covid-19/,metropolismag.com,20200630T183000Z,English,United States
restoration of vegetated coastal ecosystems,blue carbon,Community briefs,https://www.nogalesinternational.com/community/community-briefs/article_072f90bc-b1c0-11ea-bc37-2b5c9ddfe933.html,nogalesinternational.com,20200619T153000Z,English,United States
restoration of vegetated coastal ecosystems,blue carbon,"PODCAST : Seeing the Ocean as a Solution , Not a Victim",https://www.wri.org/blog/2020/06/podcast-seeing-ocean-solution-not-victim,wri.org,20200618T211500Z,English,United States
restoration of vegetated coastal ecosystems,blue carbon,Storm Surge to present  Winds of Change ….. Offshore  - News - The Newburyport Current,https://newburyport.wickedlocal.com/news/20200617/storm-surge-to-present-winds-of-changeoffshore,newburyport.wickedlocal.com,20200617T223000Z,English,United States
restoration of vegetated coastal ecosystems,blue carbon,A new way to study how elements mix deep inside giant planets,https://phys.org/news/2020-06-elements-deep-giant-planets.html,phys.org,20200617T120000Z,English,United States
restoration of vegetated coastal ecosystems,blue carbon,Daily on Energy :  Enough is enough : Senators pressure McConnell on sweeping energy bill,https://www.washingtonexaminer.com/policy/energy/daily-on-energy-enough-is-enough-senators-pressure-mcconnell-on-sweeping-energy-bill,washingtonexaminer.com,20200616T163000Z,English,United States
restoration of vegetated coastal ecosystems,blue carbon,Koenigsegg Agera RSN For Sale Makes Bugattis Seem Affordable By Comparison,https://www.motor1.com/news/428614/koenigsegg-agera-rsn-for-sale/,motor1.com,20200614T041500Z,English,United States
restoration of vegetated coastal ecosystems,blue carbon,The Beast : The all - new BMW X6 launched in India,https://www.newyorktelegraph.com/news/265415417/the-beast-the-all-new-bmw-x6-launched-in-india,newyorktelegraph.com,20200611T133000Z,English,United States
restoration of vegetated coastal ecosystems,blue carbon,The Beast : The all - new BMW X6 launched in India,https://www.bignewsnetwork.com/news/265415417/the-beast-the-all-new-bmw-x6-launched-in-india,bignewsnetwork.com,20200611T130000Z,English,United States
restoration of vegetated coastal ecosystems,blue carbon,Petrofac lands work on CCS and hydrogen scheme in united kingdom,https://www.upstreamonline.com/energy-transition/petrofac-lands-work-on-ccs-and-hydrogen-scheme-in-uk/2-1-822966,upstreamonline.com,20200610T103000Z,English,United States
restoration of vegetated coastal ecosystems,blue carbon,Climate Change Threatens to Wipeout Valuable Mangrove Ecosystems Entirely by 2050,https://weather.com/en-IN/india/science/news/2020-06-10-climate-change-rising-sea-levels-wipeout-mangroves-next-30-years,weather.com,20200610T100000Z,English,United States
restoration of vegetated coastal ecosystems,blue carbon,Greatest Bugatti Veyron Special Editions,https://carbuzz.com/features/8-of-the-greatest-bugatti-veyron-special-editions,carbuzz.com,20200610T010000Z,English,United States
restoration of vegetated coastal ecosystems,blue carbon,6 Ways to Remove Carbon Pollution from the Sky,https://www.wri.org/blog/2020/06/6-ways-remove-carbon-pollution-sky,wri.org,20200609T210000Z,English,United States
restoration of vegetated coastal ecosystems,blue carbon,Webinar : The Case for the Ocean as a Dual Solution to Climate Change and COVID Recovery,https://www.wri.org/events/2020/07/webinar-case-ocean-dual-solution-climate-change-and-covid,wri.org,20200608T211500Z,English,United States
restoration of vegetated coastal ecosystems,blue carbon,Father Day 2020 Gift Ideas : 20 Unique Presents You Can Buy Online,https://www.ibtimes.com/fathers-day-2020-gift-ideas-20-unique-presents-you-can-buy-online-2988067,ibtimes.com,20200608T191500Z,English,United States
restoration of vegetated coastal ecosystems,blue carbon,Independent review backs introduction of Highly Protected Marine Areas,https://www.miragenews.com/independent-review-backs-introduction-of-highly-protected-marine-areas/,miragenews.com,20200608T003000Z,English,United States
restoration of vegetated coastal ecosystems,blue carbon,Rapid sea level rise could drown protective mangrove forests by 2100,https://www.sciencenews.org/article/sea-level-rise-mangrove-forests,sciencenews.org,20200604T203000Z,English,United States
restoration of vegetated coastal ecosystems,blue carbon,Discover What Goes Into Making A One - Of - One Koenigsegg Regera,https://www.carscoops.com/2020/07/discover-what-goes-into-making-a-one-of-one-koenigsegg-regera/,carscoops.com,20200730T231500Z,English,United States
restoration of vegetated coastal ecosystems,blue carbon,Funding MPAs by selling blue carbon credits : Practitioners from the first projects describe their experience so far,https://mpanews.openchannels.org/news/mpa-news/funding-mpas-selling-blue-carbon-credits-practitioners-first-projects-describe-their,mpanews.openchannels.org,20200730T193000Z,English,United States
restoration of vegetated coastal ecosystems,blue carbon,"Blue forests , the new protagonists of planet earth",http://www.latinamericanpost.com/33797-blue-forests-the-new-protagonists-of-planet-earth,latinamericanpost.com,20200727T134500Z,English,United States
restoration of vegetated coastal ecosystems,blue carbon,Great Barrier Reef has critical role in fight against global warming,https://www.miragenews.com/great-barrier-reef-has-critical-role-in-fight-against-global-warming/,miragenews.com,20200722T214500Z,English,United States
restoration of vegetated coastal ecosystems,blue carbon,"Climate Action Recommendations for a Healthier , Stronger Maine",https://www.nrcm.org/climate/climate-action-recommendations-stronger-maine/,nrcm.org,20200720T230000Z,English,United States
restoration of vegetated coastal ecosystems,blue carbon,"Climate Action Recommendations for a Healthier , Stronger Maine",https://www.nrcm.org/blog/climate-action-recommendations-stronger-maine/,nrcm.org,20200720T164500Z,English,United States
restoration of vegetated coastal ecosystems,blue carbon,Wetland For Environment & Economy,https://www.msn.com/en-xl/news/other/wetland-for-environment-26-economy/ar-BB16Sw8i,msn.com,20200717T213000Z,English,United States
restoration of vegetated coastal ecosystems,blue carbon,Can Quarantine Propel Us Toward Planetary Sanctuary ?,https://www.archdaily.com/943832/can-quarantine-propel-us-toward-planetary-sanctuary,archdaily.com,20200716T084500Z,English,United States
restoration of vegetated coastal ecosystems,blue carbon,Rhenium add - on tracks gold moves in cancer cell cultures,https://cen.acs.org/analytical-chemistry/imaging/Rhenium-addtracks-golds-moves-cancer/98/web/2020/07,cen.acs.org,20200714T214500Z,English,United States
restoration of vegetated coastal ecosystems,blue carbon,Cars Dont Get Crazier Than A Blue Carbon Koenigsegg Regera With Gold Trimmings,https://www.carscoops.com/2020/07/cars-dont-get-crazier-than-a-blue-carbon-koenigsegg-regera-with-gold-trimmings/,carscoops.com,20200714T211500Z,English,United States
restoration of vegetated coastal ecosystems,blue carbon,Fish Do Grow on Trees | Dissident Voice,https://dissidentvoice.org/2020/07/fish-do-grow-on-trees/,dissidentvoice.org,20200713T214500Z,English,United States
restoration of vegetated coastal ecosystems,blue carbon,Interdisciplinary Group Funded to Assess the Role of Salt Marshes in Trapping Carbon,https://www.umass.edu/newsoffice/article/interdisciplinary-group-funded-assess-role,umass.edu,20200713T203000Z,English,United States
restoration of vegetated coastal ecosystems,blue carbon,Technology – passing the market test | News+,https://ijglobal.com/articles/148652/technology-passing-the-market-test,ijglobal.com,20200713T104500Z,English,United States
restoration of vegetated coastal ecosystems,blue carbon,Fish do grow on trees Oregon Coast TODAY,https://www.oregoncoasttoday.com/deep-dive/fish-do-grow-on-trees,oregoncoasttoday.com,20200711T194500Z,English,United States
restoration of vegetated coastal ecosystems,blue carbon,New Climate Report Puts Ocean and Coasts at Forefront in Fight against Climate Change,https://www.audubon.org/news/new-climate-report-puts-ocean-and-coasts-forefront-fight-against-climate-change,audubon.org,20200710T211500Z,English,United States
restoration of vegetated coastal ecosystems,blue carbon,Some seagrasses work harder than others to slow climate change,https://massivesci.com/notes/seagrass-carbon-climate-change-mud/,massivesci.com,20200709T180000Z,English,United States
restoration of vegetated coastal ecosystems,blue carbon,ARC Fellowships boost environmental research,https://www.pressreleasepoint.com/arc-fellowships-boost-environmental-research,pressreleasepoint.com,20200709T174500Z,English,United States
restoration of vegetated coastal ecosystems,blue carbon,Fresh call for seagrass preservation,https://www.sciencedaily.com/releases/2020/07/200707084006.htm,sciencedaily.com,20200709T153000Z,English,United States
restoration of vegetated coastal ecosystems,blue carbon,New study sparks reminder for seagrass preservation,https://www.sanantoniopost.com/news/265699115/new-study-sparks-reminder-for-seagrass-preservation,sanantoniopost.com,20200707T170000Z,English,United States
restoration of vegetated coastal ecosystems,blue carbon,New study sparks reminder for seagrass preservation,https://www.milwaukeesun.com/news/265699115/new-study-sparks-reminder-for-seagrass-preservation,milwaukeesun.com,20200707T160000Z,English,United States
restoration of vegetated coastal ecosystems,blue carbon,New study sparks reminder for seagrass preservation,https://www.bignewsnetwork.com/news/265699115/new-study-sparks-reminder-for-seagrass-preservation,bignewsnetwork.com,20200707T144500Z,English,United States
restoration of vegetated coastal ecosystems,blue carbon,"To curb climate change , scientists call for more robust seagrass preservation efforts",https://www.upi.com/Science_News/2020/07/07/To-curb-climate-change-scientists-call-for-robust-seagrass-preservation-efforts/1471594125332/,upi.com,20200707T143000Z,English,United States
restoration of vegetated coastal ecosystems,blue carbon,New study sparks fresh call for seagrass preservation,https://www.eurekalert.org/pub_releases/2020-07/ecu-nss070220.php,eurekalert.org,20200707T094500Z,English,United States
restoration of vegetated coastal ecosystems,blue carbon,New study sparks fresh call for seagrass preservation,https://phys.org/news/2020-07-fresh-seagrass.html,phys.org,20200707T084500Z,English,United States
restoration of vegetated coastal ecosystems,blue carbon,Momentum Growing Globally for Using Marine Protections to Address Climate Change,https://www.pewtrusts.org/en/research-and-analysis/articles/2020/07/06/momentum-growing-globally-for-using-marine-protections-to-address-climate-change,pewtrusts.org,20200707T000000Z,English,United States
restoration of vegetated coastal ecosystems,blue carbon,Overlooked Methane Emissions Can Halve Climate Benefits of Subtropical Mangrove Wetlands,https://www.technologynetworks.com/tn/news/overlooked-methane-emissions-can-halve-climate-benefits-of-subtropical-mangrove-wetlands-336950,technologynetworks.com,20200703T183000Z,English,United States
restoration of vegetated coastal ecosystems,blue carbon,Environmental headlines you might have missed this week,http://www.msn.com/en-us/news/politics/environmental-headlines-you-might-have-missed-this-week/ar-BB16i1lS,msn.com,20200703T101500Z,English,United States
restoration of vegetated coastal ecosystems,blue carbon,The Rainforest Alliance Response to the UN Biodiversity Report,https://www.rainforest-alliance.org/articles/response-to-UN-biodiversity-report,rainforest-alliance.org,20200930T221500Z,English,United States
restoration of vegetated coastal ecosystems,blue carbon,Coastal News Today | HI - Paradise Is Going Underwater . What Can We Do ?,https://www.coastalnewstoday.com/post/hi-paradise-is-going-underwater-what-can-we-do,coastalnewstoday.com,20200929T211500Z,English,United States
restoration of vegetated coastal ecosystems,blue carbon,These 2 Gen Z Voters Explain Why Climate Change Is A Top Priority As They Head To The Polls,https://www.elitedaily.com/p/these-2-gen-z-voters-explain-why-climate-change-is-a-top-priority-as-they-head-to-the-polls-34577783,elitedaily.com,20200929T203000Z,English,United States
restoration of vegetated coastal ecosystems,blue carbon,Paradise Is Going Underwater . What Can We do ?,https://www.civilbeat.org/2020/09/paradise-is-going-underwater-what-can-we-do/,civilbeat.org,20200929T104500Z,English,United States
restoration of vegetated coastal ecosystems,blue carbon,"PepsiCo , TerraCycle Tackle Plastic Waste in Thailand",https://www.packworld.com/issues/sustainability/article/21194384/pepsico-terracycle-tackle-plastic-waste-in-thailand,packworld.com,20200928T180000Z,English,United States
restoration of vegetated coastal ecosystems,blue carbon,"PepsiCo , TerraCycle Tackle Plastic Waste in Thailand",https://www.packworld.com:443/issues/sustainability/article/21194384/pepsico-terracycle-tackle-plastic-waste-in-thailand,packworld.com,20200928T180000Z,English,United States
restoration of vegetated coastal ecosystems,blue carbon,HSBC Global Asset Management & Pollination Launch Partnership to Create World Largest Natural Capital Manager,https://www.businesswire.com/news/home/20200923005524/en/HSBC-Global-Asset%C2%A0Management-Pollination-Launch-Partnership-to-Create-World%E2%80%99s-Largest-Natural-Capital-Manager,businesswire.com,20200927T220000Z,English,United States
restoration of vegetated coastal ecosystems,blue carbon,"What is a paella pan and how to find the best one , according to experts",http://www.msn.com/en-us/foodanddrink/foodnews/what-is-a-paella-pan-and-how-to-find-the-best-one-according-to-experts/ar-BB19t7Qy,msn.com,20200927T100000Z,English,United States
restoration of vegetated coastal ecosystems,blue carbon,What is a paella pan ? Experts share tips on your best options .,https://www.nbcnews.com/news/latino/best-paella-pan-n1241145,nbcnews.com,20200927T093000Z,English,United States
restoration of vegetated coastal ecosystems,blue carbon,Frontiers | Blue Restoration – Building Confidence and Overcoming Barriers,https://www.frontiersin.org/articles/10.3389/fmars.2020.541700/full,frontiersin.org,20200925T084500Z,English,United States
restoration of vegetated coastal ecosystems,blue carbon,Blue carbon focus for ocean - loving world champion,https://www.miragenews.com/blue-carbon-focus-for-ocean-loving-world-champion/,miragenews.com,20200924T233000Z,English,United States
restoration of vegetated coastal ecosystems,blue carbon,Koenigsegg Regera Acceleration Test Shows Brutal Hybrid Performance,https://www.autoevolution.com/news/koenigsegg-regera-acceleration-test-shows-brutal-hybrid-performance-149134.html,autoevolution.com,20200923T224500Z,English,United States
restoration of vegetated coastal ecosystems,blue carbon,HSBC Global Asset Management & Pollination Launch Partnership to Create World Largest Natural Capital Manager | National,https://www.argus-press.com/news/national/article_bea13a26-0f8e-5c9c-87a9-86e9a682fb34.html,argus-press.com,20200923T140000Z,English,United States
restoration of vegetated coastal ecosystems,blue carbon,Our Ocean and Climate Change - Ocean Conservancy,https://oceanconservancy.org/blog/2020/09/23/ocean-climate-change-2/,oceanconservancy.org,20200923T124500Z,English,United States
restoration of vegetated coastal ecosystems,blue carbon,Past The Peak : A New Reality For Oil ?,https://www.forbes.com/sites/feliciajackson/2020/09/17/past-the-peak-a-new-reality-for-oil/,forbes.com,20200917T183000Z,English,United States
restoration of vegetated coastal ecosystems,blue carbon,UKHO launches new innovation programme to support development of Blue Economy,https://www.miragenews.com/ukho-launches-new-innovation-programme-to-support-development-of-blue-economy/,miragenews.com,20200916T114500Z,English,United States
restoration of vegetated coastal ecosystems,blue carbon,Strong growth predicted for voluntary carbon market - Environmental Finance,https://www.environmental-finance.com/content/analysis/strong-growth-predicted-for-voluntary-carbon-market.html,environmental-finance.com,20200915T194500Z,English,United States
restoration of vegetated coastal ecosystems,blue carbon,"Oh , The Horror ! Audi A5 Coupe Was Plasti - Dipped And Then Covered In Paint Stripper",https://www.carscoops.com/2020/09/plasti-dipped-audi-a5-covered-in-paint-stripper-gets-new-lease-on-life-sort-of/,carscoops.com,20200912T190000Z,English,United States
restoration of vegetated coastal ecosystems,blue carbon,How states can finance coastal resilience before the next disaster,http://blogs.edf.org/growingreturns/2020/09/09/states-finance-coastal-resilience-hurricane/,blogs.edf.org,20200909T173000Z,English,United States
restoration of vegetated coastal ecosystems,blue carbon,Second Annual Global Climate Restoration Forum Hosted by the Foundation for Climate Restoration,https://www.prnewswire.com:443/news-releases/second-annual-global-climate-restoration-forum-hosted-by-the-foundation-for-climate-restoration-301126505.html,prnewswire.com,20200909T140000Z,English,United States
restoration of vegetated coastal ecosystems,blue carbon,Second Annual Global Climate Restoration Forum Hosted by the Foundation for Climate Restoration,https://www.prnewswire.com/news-releases/second-annual-global-climate-restoration-forum-hosted-by-the-foundation-for-climate-restoration-301126505.html,prnewswire.com,20200909T140000Z,English,United States
restoration of vegetated coastal ecosystems,blue carbon,The One Big Problem With Green Hydrogen,https://energycentral.com/news/one-big-problem-green-hydrogen,energycentral.com,20200908T173000Z,English,United States
restoration of vegetated coastal ecosystems,blue carbon,Carbon  rainbow : Unilever pledges $1 . 2B to scrub fossil fuels from cleaning products | A Green Living Blog,http://agreenliving.org/carbon-rainbow-unilever-pledges-1-2b-to-scrub-fossil-fuels-from-cleaning-products/,agreenliving.org,20200908T150000Z,English,United States
restoration of vegetated coastal ecosystems,blue carbon,Carbon  rainbow : Unilever pledges $1 . 2B to scrub fossil fuels from cleaning products,https://www.greenbiz.com/article/carbon-rainbow-unilever-pledges-12b-scrub-fossil-fuels-cleaning-products,greenbiz.com,20200908T081500Z,English,United States
restoration of vegetated coastal ecosystems,blue carbon,The One Big Problem With Green Hydrogen,https://oilprice.com/Alternative-Energy/Fuel-Cells/The-One-Big-Problem-With-Green-Hydrogen.html,oilprice.com,20200907T233000Z,English,United States
restoration of vegetated coastal ecosystems,blue carbon,Seagrass loss fuels carbon emissions : study,https://www.miragenews.com/seagrass-loss-fuels-carbon-emissions-study/,miragenews.com,20200907T073000Z,English,United States
restoration of vegetated coastal ecosystems,blue carbon,Climate Change,https://www.channelnewsasia.com/news/climatechange/singapore-climate-change-mangroves-blue-carbon-13063594,channelnewsasia.com,20200904T223000Z,English,United States
restoration of vegetated coastal ecosystems,blue carbon,Blue jean microfiber footprint extends all the way to the Arctic,https://www.zmescience.com/science/blue-jeans-microfibers-043242/,zmescience.com,20200902T214500Z,English,United States
restoration of vegetated coastal ecosystems,blue carbon,Unilever to Eliminate Fossil Fuels in Cleaning Products by 2030 as Part of €1 Billion Clean Future Investment,https://www.thepublicopinion.com/ap/business/unilever-to-eliminate-fossil-fuels-in-cleaning-products-by-2030-as-part-of-1-billion/article_04251e76-631e-5a79-a6e8-5432b62ac9a3.html,thepublicopinion.com,20200902T131500Z,English,United States
restoration of vegetated coastal ecosystems,blue carbon,Unilever to Eliminate Fossil Fuels in Cleaning Products by 2030 as Part of €1 Billion Clean Future Investment,https://www.argus-press.com/news/national/article_20b85600-cd90-5f99-ab34-1e9f70371dd7.html,argus-press.com,20200902T064500Z,English,United States
restoration of vegetated coastal ecosystems,blue carbon,Unilever to Eliminate Fossil Fuels in Cleaning Products by 2030 as Part of €1 Billion Clean Future Investment |,http://softwaredev.itbusinessnet.com/2020/09/unilever-to-eliminate-fossil-fuels-in-cleaning-products-by-2030-as-part-of-e1-billion-clean-future-investment/,softwaredev.itbusinessnet.com,20200902T030000Z,English,United States
restoration of vegetated coastal ecosystems,blue carbon,Unilever to Eliminate Fossil Fuels in Cleaning Products by 2030 as Part of €1 Billion Clean Future Investment,https://www.valdostadailytimes.com/news/business/unilever-to-eliminate-fossil-fuels-in-cleaning-products-by-2030-as-part-of-1-billion/article_805ab0f0-4309-5d23-99a0-4040ef12b3be.html,valdostadailytimes.com,20200902T024500Z,English,United States
restoration of vegetated coastal ecosystems,blue carbon,Unilever to Eliminate Fossil Fuels in Cleaning Products by 2030 as Part of €1 Billion Clean Future Investment |,http://enterpriseapps.itbusinessnet.com/2020/09/unilever-to-eliminate-fossil-fuels-in-cleaning-products-by-2030-as-part-of-e1-billion-clean-future-investment/,enterpriseapps.itbusinessnet.com,20200902T021500Z,English,United States
restoration of vegetated coastal ecosystems,blue carbon,Unilever pledges to replace all carbon from fossil fuels in its cleaning products,https://news.yahoo.com/unilever-pledges-replace-carbon-fossil-011722469.html,news.yahoo.com,20200902T021500Z,English,United States
restoration of vegetated coastal ecosystems,blue carbon,Unilever to Eliminate Fossil Fuels in Cleaning Products by 2030 as Part of €1 Billion Clean Future Investment |,http://security.itbusinessnet.com/2020/09/unilever-to-eliminate-fossil-fuels-in-cleaning-products-by-2030-as-part-of-e1-billion-clean-future-investment/,security.itbusinessnet.com,20200902T021500Z,English,United States
restoration of vegetated coastal ecosystems,blue carbon,Unilever to Eliminate Fossil Fuels in Cleaning Products by 2030 as Part of €1 Billion Clean Future Investment |,http://cloud.itbusinessnet.com/2020/09/unilever-to-eliminate-fossil-fuels-in-cleaning-products-by-2030-as-part-of-e1-billion-clean-future-investment/,cloud.itbusinessnet.com,20200902T020000Z,English,United States
restoration of vegetated coastal ecosystems,blue carbon,Unilever to Eliminate Fossil Fuels in Cleaning Products by 2030 as Part of €1 Billion Clean Future Investment,https://www.heraldstandard.com/business_ap/unilever-to-eliminate-fossil-fuels-in-cleaning-products-by-2030-as-part-of-1-billion/article_764a34d5-899c-554a-9e1a-33c8cc412a3c.html,heraldstandard.com,20200902T013000Z,English,United States
restoration of vegetated coastal ecosystems,blue carbon,Unilever to Eliminate Fossil Fuels in Cleaning Products by 2030 as Part of €1 Billion Clean Future Investment |,http://internet.itbusinessnet.com/2020/09/unilever-to-eliminate-fossil-fuels-in-cleaning-products-by-2030-as-part-of-e1-billion-clean-future-investment/,internet.itbusinessnet.com,20200902T013000Z,English,United States
restoration of vegetated coastal ecosystems,blue carbon,Unilever to Eliminate Fossil Fuels in Cleaning Products by 2030 as Part of €1 Billion Clean Future Investment,https://www.oaoa.com/news/business/unilever-to-eliminate-fossil-fuels-in-cleaning-products-by-2030-as-part-of-1-billion/article_1947ea0b-cfc0-5cc4-b0a7-eec6b7cf4a12.html,oaoa.com,20200902T013000Z,English,United States
restoration of vegetated coastal ecosystems,blue carbon,Unilever to Eliminate Fossil Fuels in Cleaning Products by 2030 as Part of €1 Billion Clean Future Investment,https://finance.yahoo.com/news/unilever-eliminate-fossil-fuels-cleaning-230100686.html,finance.yahoo.com,20200902T010000Z,English,United States
restoration of vegetated coastal ecosystems,blue carbon,Unilever to Eliminate Fossil Fuels in Cleaning Products by 2030 as Part of €1 Billion Clean Future Investment,https://www.marketwatch.com/press-release/unilever-to-eliminate-fossil-fuels-in-cleaning-products-by-2030-as-part-of-1-billion-clean-future-investment-2020-09-01,marketwatch.com,20200902T000000Z,English,United States
restoration of vegetated coastal ecosystems,blue carbon,UAE Business : UAE announces ambitious climate commitments,http://www.gdnonline.com/Details/911706,gdnonline.com,20201231T084500Z,English,United States
restoration of vegetated coastal ecosystems,blue carbon,Mastering the obvious about ocean environmental damage …,https://www.newslincolncounty.com/archives/258060,newslincolncounty.com,20201230T201500Z,English,United States
restoration of vegetated coastal ecosystems,blue carbon,Climate initiatives wont go far without placing a cost on carbon,https://www.bostonglobe.com/2020/12/28/opinion/climate-initiatives-wont-go-far-without-placing-cost-carbon/,bostonglobe.com,20201228T143000Z,English,United States
restoration of vegetated coastal ecosystems,blue carbon,Air Jordan 11 Low  Legend Blue  Release Info,https://hypebeast.com/2020/12/air-jordan-11-low-legend-blue-av2187-117-release-info,hypebeast.com,20201225T224500Z,English,United States
restoration of vegetated coastal ecosystems,blue carbon,"Coastal News Today | FL -  Blue Carbon  Could Help Preserve Volusia , Flagler , St Johns Fragile Coastal Ecosystems",https://www.coastalnewstoday.com/post/fl-blue-carbon-could-help-preserve-volusia-flagler-st-johns-fragile-coastal-ecosystems,coastalnewstoday.com,20201223T000000Z,English,United States
restoration of vegetated coastal ecosystems,blue carbon,Sahil Shah - Atlantic Council,https://www.atlanticcouncil.org/expert/sahil-shah/,atlanticcouncil.org,20201222T210000Z,English,United States
restoration of vegetated coastal ecosystems,blue carbon,"Paris Climate Agreement : five years on , it time to fix carbon trading",http://redgreenandblue.org/2020/12/13/paris-climate-agreement-five-years-time-fix-carbon-trading/,redgreenandblue.org,20201221T171500Z,English,United States
restoration of vegetated coastal ecosystems,blue carbon,"Blue Carbon Environments Are Key to Stopping Climate Change , But They Need Our Support",https://nationalinterest.org/blog/reboot/blue-carbon-environments-are-key-stopping-climate-change-they-need-our-support-174475,nationalinterest.org,20201221T133000Z,English,United States
restoration of vegetated coastal ecosystems,blue carbon,The ocean heroic potential could be realized under Biden,https://www.bostonglobe.com/2020/12/21/opinion/oceans-heroic-potential-could-be-realized-under-biden/,bostonglobe.com,20201221T083000Z,English,United States
restoration of vegetated coastal ecosystems,blue carbon,GENESIS MIDSIZE URBAN SUV  GENESIS GV70  DEBUTS +VIDEO,http://www.theautochannel.com/news/2020/12/19/928175-genesis-midsize-urban-suv-genesis-gv70-debuts.html,theautochannel.com,20201219T160000Z,English,United States
restoration of vegetated coastal ecosystems,blue carbon,"Charting a new course for MPA finance : Practitioners explore new concepts like public - private partnerships , the use of financial technology , and more",https://mpanews.openchannels.org/news/mpa-news/charting-new-course-mpa-finance-practitioners-explore-new-concepts-public-private,mpanews.openchannels.org,20201218T184500Z,English,United States
restoration of vegetated coastal ecosystems,blue carbon,Pagani Huayra Tricolore Is a 840 HP Jet - Inspired Car,https://hypebeast.com/2020/12/pagani-huayra-tricolore-italian-air-force-aerobatic-hypercar-840-hp-v12-open-top-imola,hypebeast.com,20201218T111500Z,English,United States
restoration of vegetated coastal ecosystems,blue carbon,Pagani Huayra Tricolore is a wild aerobatic special edition,https://www.autoblog.com/2020/12/17/pagani-huayra-tricolore-revealed/,autoblog.com,20201217T200000Z,English,United States
restoration of vegetated coastal ecosystems,blue carbon,Pagani Huayra Tricolore Is The Most Powerful Huayra Yet,https://carbuzz.com/news/pagani-huayra-tricolore-is-the-most-powerful-huayra-yet,carbuzz.com,20201217T181500Z,English,United States
restoration of vegetated coastal ecosystems,blue carbon,Regulatory Developments Update : December 2020,https://www.natlawreview.com/article/tsca-fifra-tri-rcra-cercla-cwa-caa-phmsa-sdwa-covid-19-fda-nanotechnology-and-more,natlawreview.com,20201216T210000Z,English,United States
restoration of vegetated coastal ecosystems,blue carbon,Winners announced for Premier Sustainability Awards 2020,https://www.miragenews.com/winners-announced-for-premier-s-sustainability-awards-2020/,miragenews.com,20201216T070000Z,English,United States
restoration of vegetated coastal ecosystems,blue carbon,Could The Bugatti Divo Be The Current Hypercar King ?,https://www.carscoops.com/2020/12/could-the-bugatti-divo-be-the-current-hypercar-king/,carscoops.com,20201215T211500Z,English,United States
restoration of vegetated coastal ecosystems,blue carbon,2021 BMW X5 M And X6 M Competition First Edition Priced From AU$265k In Australia,https://www.carscoops.com/2020/12/2021-bmw-x5-m-and-x6-m-competition-first-edition-priced-from-au265k-in-australia/,carscoops.com,20201215T020000Z,English,United States
restoration of vegetated coastal ecosystems,blue carbon,Pagani supercar teaser mentions a celebration of  Air Speed,https://www.autoblog.com/2020/12/14/pagani-supercar-teaser-celebration-air-speed/,autoblog.com,20201215T020000Z,English,United States
restoration of vegetated coastal ecosystems,blue carbon,Coastal News Today | World - Mangroves Lock Away Carbon,https://www.coastalnewstoday.com/post/world-mangroves-lock-away-carbon,coastalnewstoday.com,20201214T234500Z,English,United States
restoration of vegetated coastal ecosystems,blue carbon,Mangroves lock away carbon,https://www.eurekalert.org/pub_releases/2020-12/kauo-mla121320.php,eurekalert.org,20201214T143000Z,English,United States
restoration of vegetated coastal ecosystems,blue carbon,Researchers uncover an overlooked process enhancing the carbon - removal potential of mangroves,https://phys.org/news/2020-12-uncover-overlooked-carbon-removal-potential-mangroves.html,phys.org,20201214T141500Z,English,United States
restoration of vegetated coastal ecosystems,blue carbon,"Paris Agreement : five years on , it time to fix carbon trading",https://phys.org/news/2020-12-paris-agreement-years-carbon.html,phys.org,20201211T161500Z,English,United States
restoration of vegetated coastal ecosystems,blue carbon,"Unilever , Microsoft , 11 More Companies Join the Climate Pledge",https://www.environmentalleader.com/2020/12/unilever-microsoft-11-more-companies-join-the-climate-pledge/,environmentalleader.com,20201210T194500Z,English,United States
restoration of vegetated coastal ecosystems,blue carbon,Senator Angus King cosponsors Trillion Trees and Natural Carbon Storage Act,https://www.penbaypilot.com/article/senator-angus-king-cosponsors-trillion-trees-and-natural-carbon-storage-act/141663,penbaypilot.com,20201210T181500Z,English,United States
restoration of vegetated coastal ecosystems,blue carbon,Nature - based climate solutions find traction on Capitol Hill . 5 things you need to know .,http://blogs.edf.org/growingreturns/2020/12/09/trillion-trees-natural-carbon-storage-act/,blogs.edf.org,20201209T200000Z,English,United States
restoration of vegetated coastal ecosystems,blue carbon,Maritime Legislative Update | Blank Rome LLP,https://www.jdsupra.com/legalnews/maritime-legislative-update-16849/,jdsupra.com,20201209T170000Z,English,United States
restoration of vegetated coastal ecosystems,blue carbon,"Unilever , Microsoft , Brooks , Neste , and ITV Are Among 13 More Companies to Join The Climate Pledge",https://www.argus-press.com/news/national/article_d5c4214a-c581-58c1-b179-cd7e7031cd1a.html,argus-press.com,20201209T160000Z,English,United States
restoration of vegetated coastal ecosystems,blue carbon,"Sneeze Vortex , Smellicopters , Smart Monkeys and More Mysterious News Briefly -- December 9 , 2020",https://mysteriousuniverse.org/2020/12/sneeze-vortex-smellicopters-smart-monkeys-and-more-mysterious-news-briefly-december-9-2020/,mysteriousuniverse.org,20201209T133000Z,English,United States
restoration of vegetated coastal ecosystems,blue carbon,I Put 5 Direct to Consumer Cookware Brands to the Test,http://www.msn.com/en-us/foodanddrink/foodnews/i-put-5-direct-to-consumer-cookware-brands-to-the-test/ar-BB1bLDdA,msn.com,20201209T113000Z,English,United States
restoration of vegetated coastal ecosystems,blue carbon,Nanotechnology Now - Press Release : A molecule like a nanobattery : Chemical scientists decipher complex electronic structure of a three - nuclear metallorganic compound with the capacity of donating and receiving multiple electrons,http://www.nanotech-now.com/news.cgi?story_id=56466,nanotech-now.com,20201209T051500Z,English,United States
restoration of vegetated coastal ecosystems,blue carbon,A molecule that works like a nanobattery,https://phys.org/news/2020-12-molecule-nanobattery.html,phys.org,20201208T184500Z,English,United States
restoration of vegetated coastal ecosystems,blue carbon,Methane in tidal marshes,https://phys.org/news/2020-12-methane-tidal-marshes.html,phys.org,20201208T131500Z,English,United States
restoration of vegetated coastal ecosystems,blue carbon,Clean Power Capital Corp .,https://energy.einnews.com/pr_news/532303800/clean-power-capital-corp,energy.einnews.com,20201208T131500Z,English,United States
restoration of vegetated coastal ecosystems,blue carbon,Live Photos : My Thoughts on the G80 BMW M3 and G82 BMW M4 in Person,https://www.bmwblog.com/2020/10/27/g80-m3-g82-m4-live-photos/,bmwblog.com,20201206T211500Z,English,United States
restoration of vegetated coastal ecosystems,blue carbon,Our oceans could hold the best solutions to climate change,https://www.greenbiz.com/article/our-oceans-could-hold-best-solutions-climate-change,greenbiz.com,20201204T094500Z,English,United States
restoration of vegetated coastal ecosystems,blue carbon,Tex - Mexplainer : Five Essential Mexican Cooking Tools for Any Kitchen,https://www.texasmonthly.com/food/tex-mexplainer-five-essential-mexican-cooking-tools-for-any-kitchen/,texasmonthly.com,20201203T224500Z,English,United States
restoration of vegetated coastal ecosystems,blue carbon,Statement : Maine Climate Action Plan provides roadmap to 100 percent renewable energy,https://environmentmaine.org/news/mee/statement-maine%E2%80%99s-climate-action-plan-provides-roadmap-100-percent-renewable-energy,environmentmaine.org,20201203T214500Z,English,United States
restoration of vegetated coastal ecosystems,blue carbon,"Oceans key to solving climate crisis , say world leaders",https://www.msn.com/en-us/weather/topstories/oceans-key-to-solving-climate-crisis-say-world-leaders/ar-BB1by07i,msn.com,20201202T073000Z,English,United States
restoration of vegetated coastal ecosystems,blue carbon,Lawmakers call on Biden to put $10 billion toward coastal restoration,https://thehill.com/policy/energy-environment/545789-representatives-call-on-biden-to-put-10-billion-toward-coastal,thehill.com,20210331T191500Z,English,United States
restoration of vegetated coastal ecosystems,blue carbon,Lawmakers call on Biden to put $10 billion toward coastal restoration,http://www.msn.com/en-us/news/politics/lawmakers-call-on-biden-to-put-10-billion-toward-coastal-restoration/ar-BB1faAoH,msn.com,20210331T181500Z,English,United States
restoration of vegetated coastal ecosystems,blue carbon,"Coastal Habitat , Protection Webinar April 19 | Coastal Review Online",https://www.coastalreview.org/2021/03/coastal-habitat-protection-webinar-april-19/,coastalreview.org,20210331T173000Z,English,United States
restoration of vegetated coastal ecosystems,blue carbon,"Reason for optimism after tough fishery season , Murkowski says",http://www.kodiakdailymirror.com/news/article_6ba6962a-91c7-11eb-83df-db27466adeb1.html,kodiakdailymirror.com,20210331T173000Z,English,United States
restoration of vegetated coastal ecosystems,blue carbon,Biden unveils his infrastructure vision,https://www.politico.com/newsletters/morning-energy/2021/03/31/biden-unveils-his-infrastructure-vision-794357,politico.com,20210331T143000Z,English,United States
restoration of vegetated coastal ecosystems,blue carbon,The Best Wok for Stir - Frying at Home,http://www.msn.com/en-us/foodanddrink/cookingschool/the-best-wok-for-stir-frying-at-home/ar-BB1f5fAn,msn.com,20210329T154500Z,English,United States
restoration of vegetated coastal ecosystems,blue carbon,Coastal News Today | Singapore - $25m boost for research on marine climate change,https://www.coastalnewstoday.com/post/singapore-25m-boost-for-research-on-marine-climate-change,coastalnewstoday.com,20210327T070000Z,English,United States
restoration of vegetated coastal ecosystems,blue carbon,Investors Face Baffling $2 Trillion Rainbow of Ethical Debt,http://www.msn.com/en-us/money/other/investors-face-baffling-2-trillion-rainbow-of-ethical-debt/ar-BB1eX7dq,msn.com,20210326T023000Z,English,United States
restoration of vegetated coastal ecosystems,blue carbon,Bond Investors Face Baffling $2 Trillion Rainbow of Ethical Debt,http://www.msn.com/en-us/money/other/bond-investors-face-baffling-2-trillion-rainbow-of-ethical-debt/ar-BB1eX7dq,msn.com,20210325T143000Z,English,United States
restoration of vegetated coastal ecosystems,blue carbon,Bond Investors Face Baffling $2 Trillion Rainbow of Ethical Debt,https://news.yahoo.com/2-trillion-rainbow-ethical-debt-090001168.html,news.yahoo.com,20210325T124500Z,English,United States
restoration of vegetated coastal ecosystems,blue carbon,A $2 Trillion Rainbow of Ethical Debt Sows Investor Confusion,http://www.msn.com/en-us/money/other/a-2-trillion-rainbow-of-ethical-debt-sows-investor-confusion/ar-BB1eX7dq,msn.com,20210325T123000Z,English,United States
restoration of vegetated coastal ecosystems,blue carbon,A 20 - year retrospective review of global aquaculture,https://www.nature.com/articles/s41586-021-03308-6,nature.com,20210324T173000Z,English,United States
restoration of vegetated coastal ecosystems,blue carbon,Experts Urge World Leaders to  Put Marine Ecosystems at the Heart of Climate Policy,https://www.desmogblog.com/2021/03/22/experts-world-leaders-marine-ecosystems-climate-policy,desmogblog.com,20210322T201500Z,English,United States
restoration of vegetated coastal ecosystems,blue carbon,EJF : Ocean  blue carbon  should factor into climate policy,https://www.undercurrentnews.com/2021/03/22/ejf-oceans-blue-carbon-should-factor-into-climate-policy/,undercurrentnews.com,20210322T170000Z,English,United States
restoration of vegetated coastal ecosystems,blue carbon,Marine And Climate Experts Call For Ocean Protection In Climate Policy,https://www.marineinsight.com/shipping-news/marine-and-climate-experts-call-for-ocean-protection-in-climate-policy/,marineinsight.com,20210322T151500Z,English,United States
restoration of vegetated coastal ecosystems,blue carbon,Multitalented mangroves : Spotlight on the trees that could save the planet,https://phys.org/news/2021-03-multitalented-mangroves-spotlight-trees-planet.html,phys.org,20210322T143000Z,English,United States
restoration of vegetated coastal ecosystems,blue carbon,Save the sparrows,https://www.newsday.com/opinion/commentary/world-sparrow-day-saltmarsh-sparrows-1.50188051,newsday.com,20210320T111500Z,English,United States
restoration of vegetated coastal ecosystems,blue carbon,Study Offers New Estimates of Elusive Component of the Global Carbon Cycle,https://www.azocleantech.com/news.aspx?newsID=29092,azocleantech.com,20210319T160000Z,English,United States
restoration of vegetated coastal ecosystems,blue carbon,Recreating the perfect tide to protect coastal wetlands from rising sea levels,https://phys.org/news/2021-03-recreating-tide-coastal-wetlands-sea.html,phys.org,20210319T140000Z,English,United States
restoration of vegetated coastal ecosystems,blue carbon,Recreating the Perfect Tide to Protect Coastal Wetlands from Rising Sea Levels,https://www.azocleantech.com/news.aspx?newsID=29089,azocleantech.com,20210319T093000Z,English,United States
restoration of vegetated coastal ecosystems,blue carbon,Twice as much carbon flowing from land to ocean than previously thought,https://phys.org/news/2021-03-carbon-ocean-previously-thought.html,phys.org,20210318T160000Z,English,United States
restoration of vegetated coastal ecosystems,blue carbon,Twice as much carbon flowing from land to ocean than previously thought,https://www.eurekalert.org/pub_releases/2021-03/ifbs-tam031821.php,eurekalert.org,20210318T144500Z,English,United States
restoration of vegetated coastal ecosystems,blue carbon,"CSRWire - Oceans 2050 Receives Grant From WWF , With Support From Bezos Earth Fund , for Global Effort to Quantify Seaweed Carbon Sequestration",https://www.csrwire.com/press_releases/719786-oceans-2050-receives-grant-wwf-support-bezos-earth-fund-global-effort,csrwire.com,20210318T123000Z,English,United States
restoration of vegetated coastal ecosystems,blue carbon,Researchers use drones to study coastal habitat migration across Tampa Bay,https://www.fox13news.com/news/researchers-use-drones-to-study-coastal-habitat-migration-across-tampa-bay,fox13news.com,20210317T224500Z,English,United States
restoration of vegetated coastal ecosystems,blue carbon,Enabling conditions for an equitable and sustainable blue economy,https://www.nature.com/articles/s41586-021-03327-3,nature.com,20210317T171500Z,English,United States
restoration of vegetated coastal ecosystems,blue carbon,"What you should know about new Interior Secretary Deb Haaland | A Green Living Blog - Go Green , Green Home , Green Energy",http://agreenliving.org/what-you-should-know-about-new-interior-secretary-deb-haaland/,agreenliving.org,20210317T134500Z,English,United States
restoration of vegetated coastal ecosystems,blue carbon,What you should know about new Interior Secretary Deb Haaland,https://www.greenbiz.com/article/what-you-should-know-about-new-interior-secretary-deb-haaland,greenbiz.com,20210317T100000Z,English,United States
restoration of vegetated coastal ecosystems,blue carbon,"EDA program to give grants to Newark , Camden companies for zero - emission vehicles to open April 6",https://www.roi-nj.com/2021/03/16/finance/eda-program-to-give-grants-to-newark-camden-companies-for-zero-emission-vehicles-to-open-april-6/,roi-nj.com,20210316T203000Z,English,United States
restoration of vegetated coastal ecosystems,blue carbon,"Factbox : Energy firms seize on carbon tech , environmental goals to build new businesses",https://www.reuters.com/article/us-global-oil-carbon-ventures-factbox-idUSKBN2B50MO,reuters.com,20210314T101500Z,English,United States
restoration of vegetated coastal ecosystems,blue carbon,Why we should be optimistic about the future of MPA finance : Interview with Amílcar Guzmán Valladares and Viviana Luján Gallegos of Wolfs Company,https://mpanews.openchannels.org/news/mpa-news/why-we-should-be-optimistic-about-future-mpa-finance-interview-amilcar-guzman,mpanews.openchannels.org,20210312T003000Z,English,United States
restoration of vegetated coastal ecosystems,blue carbon,The Weather Network - World largest carbon stores found in Australian World Heritage Sites,https://www.theweathernetwork.com/ca/news/article/worlds-largest-carbon-stores-found-in-australian-world-heritage-sites,theweathernetwork.com,20210311T203000Z,English,United States
restoration of vegetated coastal ecosystems,blue carbon,UNESCO report supports crucial role of Great Barrier Reef Foundation Resilient Reefs Initiative,https://www.miragenews.com/unesco-report-supports-crucial-role-of-great-526860/,miragenews.com,20210311T081500Z,English,United States
restoration of vegetated coastal ecosystems,blue carbon,Virtual events bring the tasting room to the living room,https://www.losaltosonline.com/special-sections2/sections/food-a-wine/64090-virtual-events-bring-the-tasting-room-to-the-living-room,losaltosonline.com,20210311T050000Z,English,United States
restoration of vegetated coastal ecosystems,blue carbon,These protected ocean sites are helping fight climate change,https://www.weforum.org/agenda/2021/03/unesco-marine-world-heritage-climate/,weforum.org,20210310T134500Z,English,United States
restoration of vegetated coastal ecosystems,blue carbon,Record year for Emissions Reduction Fund,https://www.miragenews.com/record-year-for-emissions-reduction-fund-526056/,miragenews.com,20210310T064500Z,English,United States
restoration of vegetated coastal ecosystems,blue carbon,SailGP invites cities to join its Race for the Future,https://www.sailing.org/news/90818.php,sailing.org,20210309T210000Z,English,United States
restoration of vegetated coastal ecosystems,blue carbon,"A kitchen expert guide to shopping for new pots and pans , starting from $59",http://www.msn.com/en-us/foodanddrink/foodnews/a-kitchen-expert-s-guide-to-shopping-for-new-pots-and-pans-starting-from-59/ar-BB1epQzE,msn.com,20210309T183000Z,English,United States
restoration of vegetated coastal ecosystems,blue carbon,UNESCO reveals largest carbon stores found in Australian World Heritage Sites,https://eurekalert.org/pub_releases/2021-03/ecu-url030221.php,eurekalert.org,20210306T161500Z,English,United States
restoration of vegetated coastal ecosystems,blue carbon,Blue carbon - Seagrasses and mangroves can suck carbon from the air | Science & technology,https://www.economist.com/science-and-technology/2021/03/06/seagrasses-and-mangroves-can-suck-carbon-from-the-air,economist.com,20210304T191500Z,English,United States
restoration of vegetated coastal ecosystems,blue carbon,Seagrass loss along Britain coastline is more extensive than scientists thought,https://www.upi.com/Science_News/2021/03/04/britain-sea-grass-losses-underestimated/8141614863259/,upi.com,20210304T161500Z,English,United States
restoration of vegetated coastal ecosystems,blue carbon,New study improves marine climate change evidence base,https://phys.org/news/2021-03-marine-climate-evidence-base.html,phys.org,20210304T151500Z,English,United States
restoration of vegetated coastal ecosystems,blue carbon,New study improves marine climate change evidence base,https://www.miragenews.com/new-study-improves-marine-climate-change-523274/,miragenews.com,20210304T111500Z,English,United States
restoration of vegetated coastal ecosystems,blue carbon,"Catastrophic : united kingdom has lost 90 % of seagrass meadows , study finds",http://www.msn.com/en-us/news/technology/catastrophic-uk-has-lost-90-of-seagrass-meadows-study-finds/ar-BB1edCDk,msn.com,20210304T061500Z,English,United States
restoration of vegetated coastal ecosystems,blue carbon,Australia marine hotspots found to store 2bn tonnes of  blue carbon,https://www.euronews.com/living/2021/03/03/australia-marine-hotspots-found-to-store-2bn-tonnes-of-blue-carbon,euronews.com,20210303T150000Z,English,United States
restoration of vegetated coastal ecosystems,blue carbon,Blue carbon : how three Australian marine sites lock away 2bn tonnes of CO2,https://www.msn.com/en-gb/news/world/blue-carbon-how-three-australian-marine-sites-lock-away-2bn-tonnes-of-co2/ar-BB1eaqM0,msn.com,20210302T233000Z,English,United States
restoration of vegetated coastal ecosystems,blue carbon,UNESCO reveals largest carbon stores found in Australian World Heritage Sites,https://phys.org/news/2021-03-unesco-reveals-largest-carbon-australian.html,phys.org,20210302T174500Z,English,United States
restoration of vegetated coastal ecosystems,blue carbon,UNESCO reveals largest carbon stores found in Australian World Heritage Sites,https://www.eurekalert.org/pub_releases/2021-03/ecu-url030221.php,eurekalert.org,20210302T144500Z,English,United States
restoration of vegetated coastal ecosystems,blue carbon,"An inside look at pricing in the forest carbon market | A Green Living Blog - Go Green , Green Home , Green Energy",http://agreenliving.org/an-inside-look-at-pricing-in-the-forest-carbon-market/,agreenliving.org,20210302T134500Z,English,United States
restoration of vegetated coastal ecosystems,blue carbon,An inside look at pricing in the forest carbon market,https://www.greenbiz.com/article/inside-look-pricing-forest-carbon-market,greenbiz.com,20210302T090000Z,English,United States
restoration of vegetated coastal ecosystems,blue carbon,Burgess Yachts Reveals Blue Oceans Marine Conservation Program : Elite Traveler,https://www.elitetraveler.com/cars-jets-and-yachts/yachts/burgess-yachts-blue-oceans-marine-conservation-program,elitetraveler.com,20210301T131500Z,English,United States
restoration of vegetated coastal ecosystems,blue carbon,"To fight climate change , save the whales , some scientists say",http://humanitariannews.org/20210301/fight-climate-change-save-whales-some-scientists-say,humanitariannews.org,20210301T120000Z,English,United States
restoration of vegetated coastal ecosystems,blue carbon,Rimba Raya Biodiversity Reserve Collaborates to Restore Mangrove Forests in Seruyan,http://enterpriseapps.itbusinessnet.com/2021/03/rimba-raya-biodiversity-reserve-collaborates-to-restore-mangrove-forests-in-seruyan-2/,enterpriseapps.itbusinessnet.com,20210301T064500Z,English,United States
restoration of vegetated coastal ecosystems,blue carbon,Rimba Raya Biodiversity Reserve Collaborates to Restore Mangrove Forests in Seruyan,http://enterpriseapps.itbusinessnet.com/2021/03/rimba-raya-biodiversity-reserve-collaborates-to-restore-mangrove-forests-in-seruyan/,enterpriseapps.itbusinessnet.com,20210301T064500Z,English,United States
restoration of vegetated coastal ecosystems,blue carbon,"Lake County News , California - California Department of Fish and Wildlife releases May calendar",https://www.lakeconews.com/news/recreation/68938-california-department-of-fish-and-wildlife-releases-may-calendar,lakeconews.com,20210430T141500Z,English,United States
restoration of vegetated coastal ecosystems,blue carbon,Made In Launches a Pizza Steel | Apartment Therapy,https://www.apartmenttherapy.com/made-in-launches-pizza-steel-april-2021-36912292,apartmenttherapy.com,20210429T170000Z,English,United States
restoration of vegetated coastal ecosystems,blue carbon,May 2021 California Department of Fish and Wildlife Calendar,https://cdfgnews.wordpress.com/2021/04/28/may-2021-california-department-of-fish-and-wildlife-calendar/,cdfgnews.wordpress.com,20210429T020000Z,English,United States
restoration of vegetated coastal ecosystems,blue carbon,Hottest Trend This Summer - Exotic Watch Dial Treatments like Carbon Fiber from Invicta .,https://thyblackman.com/2021/04/28/hottest-trend-this-summer-exotic-watch-dial-treatments-like-carbon-fiber-from-invicta/,thyblackman.com,20210428T220000Z,English,United States
restoration of vegetated coastal ecosystems,blue carbon,Is Seaweed a Fish ? U . S . Seaweed Fisheries and Climate Change,https://www.americanbar.org/groups/environment_energy_resources/publications/natural_resources_environment/2020-21/spring/is-seaweed-fish-us-seaweed-fisheries-and-climate-change/,americanbar.org,20210428T200000Z,English,United States
restoration of vegetated coastal ecosystems,blue carbon,mangroves vegetation and seagrass protect better than concrete,https://www.floridatoday.com/story/opinion/2021/04/15/mangroves-vegetation-and-seagrass-protect-better-than-concrete/7218358002/,floridatoday.com,20210427T161500Z,English,United States
restoration of vegetated coastal ecosystems,blue carbon,Preserving Coastal Habitats Can Mitigate The Impacts Of Climate Change,https://www.wlrn.org/news/2021-04-27/preserving-coastal-habitats-can-mitigate-the-impacts-of-climate-change,wlrn.org,20210427T160000Z,English,United States
restoration of vegetated coastal ecosystems,blue carbon,Australia Announces $100 Million Towards  Blue Carbon  Ocean Ecosystems,https://www.theepochtimes.com/australia-announces-100-million-towards-blue-carbon-ocean-ecosystems_3792489.html,theepochtimes.com,20210427T071500Z,English,United States
restoration of vegetated coastal ecosystems,blue carbon,Preserving Coastal Habitats Can Mitigate The Impacts Of Climate Change,https://news.wgcu.org/news/2021-04-26/preserving-coastal-habitats-can-mitigate-the-impacts-of-climate-change,news.wgcu.org,20210427T021500Z,English,United States
restoration of vegetated coastal ecosystems,blue carbon,How Infrastructure Reform Can Prioritize Ocean Climate Action - Center for American Progress,https://www.americanprogress.org/issues/green/reports/2021/04/26/498695/infrastructure-reform-can-prioritize-ocean-climate-action/,americanprogress.org,20210426T133000Z,English,United States
restoration of vegetated coastal ecosystems,blue carbon,Blue Carbon  credits can help restore ecosystems,https://www.wiredprnews.com/blue-carbon-credits-can-help-restore-ecosystems/,wiredprnews.com,20210424T154500Z,English,United States
restoration of vegetated coastal ecosystems,blue carbon,Preserving Coastal Habitats Can Mitigate The Impacts Of Climate Change,https://news.wjct.org/post/preserving-coastal-habitats-can-mitigate-impacts-climate-change,news.wjct.org,20210423T211500Z,English,United States
restoration of vegetated coastal ecosystems,blue carbon,SPECIAL REPORT Can the Saudi oil money help him save the planet ?,https://www.reuters.com/world/middle-east/special-report-can-saudis-oil-money-help-him-save-planet-2021-04-23/,reuters.com,20210423T123000Z,English,United States
restoration of vegetated coastal ecosystems,blue carbon,Preserving Coastal Habitats Can Mitigate The Impacts Of Climate Change,https://wusfnews.wusf.usf.edu/environment/2021-04-23/preserving-coastal-habitats-can-mitigate-the-impacts-of-climate-change,wusfnews.wusf.usf.edu,20210423T120000Z,English,United States
restoration of vegetated coastal ecosystems,blue carbon,Special Report - Can the Saudi oil money help him save the planet ?,https://www.msn.com/en-us/news/world/special-report-can-the-saudis-oil-money-help-him-save-the-planet/ar-BB1fY2Yf,msn.com,20210423T113000Z,English,United States
restoration of vegetated coastal ecosystems,blue carbon,Australia announces $100 million initiative to protect our oceans,https://www.miragenews.com/australia-announces-100-million-initiative-to-548651/,miragenews.com,20210423T041500Z,English,United States
restoration of vegetated coastal ecosystems,blue carbon,Blue Carbon Can Boost Global Climate Change Reduction Efforts Expert Says,https://www.pewtrusts.org/ru/research-and-analysis/articles/2021/04/22/blue-carbon-can-boost-global-climate-change-reduction-efforts-expert-says,pewtrusts.org,20210422T220000Z,English,United States
restoration of vegetated coastal ecosystems,blue carbon,5 Steps for Ocean Climate Action Across the Biden Administration,https://www.aspeninstitute.org/blog-posts/5-steps-for-ocean-climate-action-across-the-biden-administration/,aspeninstitute.org,20210422T203000Z,English,United States
restoration of vegetated coastal ecosystems,blue carbon,What are dugongs ? Why nature  sea cow need protecting from extinction,https://www.euronews.com/living/2021/04/22/what-are-dugongs-why-nature-s-sea-cows-need-protecting-from-extinction,euronews.com,20210422T191500Z,English,United States
restoration of vegetated coastal ecosystems,blue carbon,Blue Carbon Can Boost Global Climate Change Reduction Efforts Expert Says,https://www.pewtrusts.org/fr/research-and-analysis/articles/2021/04/22/blue-carbon-can-boost-global-climate-change-reduction-efforts-expert-says,pewtrusts.org,20210422T181500Z,English,United States
restoration of vegetated coastal ecosystems,blue carbon,Blue Carbon Can Boost Global Climate Change Reduction Efforts Expert Says,https://www.pewtrusts.org/ja/research-and-analysis/articles/2021/04/22/blue-carbon-can-boost-global-climate-change-reduction-efforts-expert-says,pewtrusts.org,20210422T173000Z,English,United States
restoration of vegetated coastal ecosystems,blue carbon,Blue Carbon Can Boost Global Climate Change Reduction Efforts Expert Says,https://www.pewtrusts.org/ar/research-and-analysis/articles/2021/04/22/blue-carbon-can-boost-global-climate-change-reduction-efforts-expert-says,pewtrusts.org,20210422T164500Z,English,United States
restoration of vegetated coastal ecosystems,blue carbon,Blue Carbon Can Boost Global Climate Change Reduction Efforts Expert Says,https://www.pewtrusts.org/da/research-and-analysis/articles/2021/04/22/blue-carbon-can-boost-global-climate-change-reduction-efforts-expert-says,pewtrusts.org,20210422T154500Z,English,United States
restoration of vegetated coastal ecosystems,blue carbon,Blue Carbon Can Boost Global Climate Change Reduction Efforts Expert Says,https://www.pewtrusts.org/zh/research-and-analysis/articles/2021/04/22/blue-carbon-can-boost-global-climate-change-reduction-efforts-expert-says,pewtrusts.org,20210422T153000Z,English,United States
restoration of vegetated coastal ecosystems,blue carbon,Blue Carbon Can Boost Global Climate Change Reduction Efforts Expert Says,https://www.pewtrusts.org/en/research-and-analysis/articles/2021/04/22/blue-carbon-can-boost-global-climate-change-reduction-efforts-expert-says,pewtrusts.org,20210422T151500Z,English,United States
restoration of vegetated coastal ecosystems,blue carbon,Blue Carbon Can Boost Global Climate Change Reduction Efforts Expert Says,https://www.pewtrusts.org/pt/research-and-analysis/articles/2021/04/22/blue-carbon-can-boost-global-climate-change-reduction-efforts-expert-says,pewtrusts.org,20210422T150000Z,English,United States
restoration of vegetated coastal ecosystems,blue carbon,PM leaves door open to more ambitious climate targets,https://www.onenewspage.com/n/Front+Page/1zn1cp4hqe/PM-leaves-door-open-to-more-ambitious-climate.htm,onenewspage.com,20210422T130000Z,English,United States
restoration of vegetated coastal ecosystems,blue carbon,How Carolina is reducing its carbon footprint with oyster shells and marsh grass,https://www.unc.edu/discover/how-carolina-is-reducing-its-carbon-footprint-with-oyster-shells-and-marsh-grass/,unc.edu,20210421T163000Z,English,United States
restoration of vegetated coastal ecosystems,blue carbon,Klarna launches carbon footprint insights for 90 million consumers,https://www.prnewswire.com:443/news-releases/klarna-launches-carbon-footprint-insights-for-90-million-consumers-301272709.html,prnewswire.com,20210420T140000Z,English,United States
restoration of vegetated coastal ecosystems,blue carbon,Klarna launches carbon footprint insights for 90 million consumers,https://www.prnewswire.com/news-releases/klarna-launches-carbon-footprint-insights-for-90-million-consumers-301272709.html,prnewswire.com,20210420T134500Z,English,United States
restoration of vegetated coastal ecosystems,blue carbon,Coastal News Today | World - Countries can transform the climate crisis with ocean - based action,https://www.coastalnewstoday.com/post/world-countries-can-transform-the-climate-crisis-with-ocean-based-action,coastalnewstoday.com,20210420T050000Z,English,United States
restoration of vegetated coastal ecosystems,blue carbon,Countries can transform the climate crisis with ocean - based action ( commentary ),http://humanitariannews.org/20210419/countries-can-transform-climate-crisis-ocean-based-action-commentary,humanitariannews.org,20210419T213000Z,English,United States
restoration of vegetated coastal ecosystems,blue carbon,Fancy Adding A Bespoke McLaren Senna MSO To Your Car Collection ?,https://www.carscoops.com/2021/04/fancy-adding-a-bespoke-mclaren-senna-to-your-car-collection/,carscoops.com,20210417T013000Z,English,United States
restoration of vegetated coastal ecosystems,blue carbon,NetJet Blue Skies enrolment up over 60 % - Corporate Jet Investor,https://www.corporatejetinvestor.com/articles/netjets-sees-61-increase-in-blue-skies-enrolment-773/,corporatejetinvestor.com,20210416T144500Z,English,United States
restoration of vegetated coastal ecosystems,blue carbon,Apple and partners launch first - ever $200 million Restore Fund,https://www.miragenews.com/apple-and-partners-launch-first-ever-200-544574/,miragenews.com,20210415T151500Z,English,United States
restoration of vegetated coastal ecosystems,blue carbon,Apple and Partners Launch First - Ever $200 Million Restore Fund to Accelerate Natural Solutions to Climate Change,https://www.tmcnet.com/usubmit/2021/04/15/9347287.htm,tmcnet.com,20210415T141500Z,English,United States
restoration of vegetated coastal ecosystems,blue carbon,Apple and Partners Launch First - Ever $200 Million Restore Fund to Accelerate Natural Solutions to Climate Change,https://www.tmcnet.com/usubmit/-apple-partners-launch-first-ever-200-million-restore-/2021/04/15/9347287.htm,tmcnet.com,20210415T140000Z,English,United States
restoration of vegetated coastal ecosystems,blue carbon,"Skeptical Science New Research for Week # 15 , 2021",https://skepticalscience.com/new_research_2021_15.html,skepticalscience.com,20210414T223000Z,English,United States
restoration of vegetated coastal ecosystems,blue carbon,From stardust to pale blue dot : Carbon interstellar journey to Earth,https://www.nsf.gov/discoveries/disc_summ.jsp?cntn_id=302491&org=NSF,nsf.gov,20210414T164500Z,English,United States
restoration of vegetated coastal ecosystems,blue carbon,"The OnePlus 9R is now on sale , but is it worth buying over the OnePlus 8T ?",https://www.androidpolice.com/2021/04/14/oneplus-9r-vs-oneplus-8t-is-this-even-a-choice/,androidpolice.com,20210414T124500Z,English,United States
restoration of vegetated coastal ecosystems,blue carbon,ENSO feedback drives variations in dieback at a marginal mangrove site,https://www.nature.com/articles/s41598-021-87341-5,nature.com,20210414T094500Z,English,United States
restoration of vegetated coastal ecosystems,blue carbon,Four burning energy questions ?,https://energycentral.com/c/ec/four-burning-energy-questions,energycentral.com,20210413T214500Z,English,United States
restoration of vegetated coastal ecosystems,blue carbon,Why the Market for  Blue Carbon  Credits May Be Poised to Take Off,https://e360.yale.edu/features/why-the-market-for-blue-carbon-credits-may-be-poised-to-take-off,e360.yale.edu,20210413T123000Z,English,United States
restoration of vegetated coastal ecosystems,blue carbon,Why the Market for  Blue Carbon  Credits May Be Poised to Take Off,http://humanitariannews.org/20210413/why-market-blue-carbon-credits-may-be-poised-take,humanitariannews.org,20210413T113000Z,English,United States
restoration of vegetated coastal ecosystems,blue carbon,The Extans Akhal Sheen Bicycle Serves Carbon Fiber 24K Gold Construction,https://stupiddope.com/2021/04/08/the-extans-akhal-sheen-bicycle-serves-carbon-fiber-24k-gold-construction/,stupiddope.com,20210408T160000Z,English,United States
restoration of vegetated coastal ecosystems,blue carbon,Lanzante Is Making A Pagani Zonda Revolucion Street Legal,https://www.carscoops.com/2021/04/lanzante-is-making-a-pagani-zonda-revolucion-street-legal/,carscoops.com,20210408T113000Z,English,United States
restoration of vegetated coastal ecosystems,blue carbon,OnePlus 9R vs OnePlus 8T : Is this even a choice ?,https://www.androidpolice.com/2021/04/06/oneplus-9r-vs-oneplus-8t-is-this-even-a-choice/,androidpolice.com,20210407T034500Z,English,United States
restoration of vegetated coastal ecosystems,blue carbon,"Carbon , Backbone of Life on Earth -- Survived Vast Journeys from Cold , Dark Molecular Clouds in the Interstellar Medium",https://dailygalaxy.com/2021/04/carbon-backbone-of-life-on-earth-survived-vast-journeys-from-cold-dark-molecular-clouds-in-the-interstellar-medium/,dailygalaxy.com,20210405T194500Z,English,United States
restoration of vegetated coastal ecosystems,blue carbon,From stardust to pale blue dot : Carbon interstellar journey to Earth,https://phys.org/news/2021-04-stardust-pale-blue-dot-carbon.html,phys.org,20210402T181500Z,English,United States
restoration of vegetated coastal ecosystems,blue carbon,Coral Reef and Coastal Wetlands Protections Can Help Communities Withstand Climate Impacts,https://www.pewtrusts.org/ar/research-and-analysis/articles/2021/06/01/coral-reef-and-coastal-wetlands-protections-can-help-communities-withstand-climate-impacts,pewtrusts.org,20210601T153000Z,English,United States
restoration of vegetated coastal ecosystems,blue carbon,Coral Reef and Coastal Wetlands Protections Can Help Communities Withstand Climate Impacts,https://www.pewtrusts.org/zh/research-and-analysis/articles/2021/06/01/coral-reef-and-coastal-wetlands-protections-can-help-communities-withstand-climate-impacts,pewtrusts.org,20210601T144500Z,English,United States
restoration of vegetated coastal ecosystems,blue carbon,Coral Reef and Coastal Wetlands Protections Can Help Communities Withstand Climate Impacts,https://www.pewtrusts.org/it/research-and-analysis/articles/2021/06/01/coral-reef-and-coastal-wetlands-protections-can-help-communities-withstand-climate-impacts,pewtrusts.org,20210601T141500Z,English,United States
restoration of vegetated coastal ecosystems,blue carbon,Coral Reef and Coastal Wetlands Protections Can Help Communities Withstand Climate Impacts,https://www.pewtrusts.org/ru/research-and-analysis/articles/2021/06/01/coral-reef-and-coastal-wetlands-protections-can-help-communities-withstand-climate-impacts,pewtrusts.org,20210601T134500Z,English,United States
restoration of vegetated coastal ecosystems,blue carbon,Coral Reef and Coastal Wetlands Protections Can Help Communities Withstand Climate Impacts,https://www.pewtrusts.org/en/research-and-analysis/articles/2021/06/01/coral-reef-and-coastal-wetlands-protections-can-help-communities-withstand-climate-impacts,pewtrusts.org,20210601T130000Z,English,United States
restoration of vegetated coastal ecosystems,blue carbon,One man battle to preserve the  lungs of the Mediterranean,https://www.euronews.com/green/2021/06/01/one-man-s-battle-to-preserve-the-lungs-of-the-mediterranean,euronews.com,20210601T084500Z,English,United States
restoration of vegetated coastal ecosystems,blue carbon,Together Through Life,https://www.tradeonlytoday.com/columns-blogs/together-through-life,tradeonlytoday.com,20210601T044500Z,English,United States
restoration of vegetated coastal ecosystems,blue carbon,Blue is the New Green,https://www.tradeonlytoday.com/post-type-feature/blue-is-the-new-green,tradeonlytoday.com,20210601T044500Z,English,United States
restoration of vegetated coastal ecosystems,blue carbon,President Biden Fiscal Year 2022 Budget Makes Significant Investments in USGS Initiatives,https://www.usgs.gov/news/president-biden-s-fiscal-year-2022-budget-makes-significant-investments-usgs-initiatives,usgs.gov,20210528T200000Z,English,United States
restoration of vegetated coastal ecosystems,blue carbon,Wetland increase has multiple benefits,https://www.miragenews.com/wetland-increase-has-multiple-benefits-567282/,miragenews.com,20210527T053000Z,English,United States
restoration of vegetated coastal ecosystems,blue carbon,Funding announced as experts plan blue carbon pilot project,https://www.miragenews.com/funding-announced-as-experts-plan-blue-carbon-567039/,miragenews.com,20210527T001500Z,English,United States
restoration of vegetated coastal ecosystems,blue carbon,5 Ocean Actions In 2021 That Can Change Lives,https://www.forbes.com/sites/worldeconomicforum/2021/05/25/5-ocean-actions-in-2021-that-can-change-lives/,forbes.com,20210525T151500Z,English,United States
restoration of vegetated coastal ecosystems,blue carbon,Our coastal wetlands absorb CO2 but environmental changes alter that,https://thehill.com/opinion/energy-environment/554889-our-coastal-wetlands-absorb-co2-but-environmental-changes-alter,thehill.com,20210523T211500Z,English,United States
restoration of vegetated coastal ecosystems,blue carbon,Laguna Beach Ocean Clean - Up Efforts Planned For June 5,https://patch.com/california/lagunabeach/laguan-beach-ocean-clean-efforts-planned-june-5,patch.com,20210520T174500Z,English,United States
restoration of vegetated coastal ecosystems,blue carbon,Hill Robinson Plans to Offset its 2021 Carbon Footprint,https://www.superyachts.com/news/story/hill-robinsons-plans-to-offset-its-2021-carbon-footprint-15669,superyachts.com,20210520T143000Z,English,United States
restoration of vegetated coastal ecosystems,blue carbon,Peace on conservation lands : Armed conflict rare on well - managed land,https://www.csmonitor.com/World/Points-of-Progress/2021/0519/Fewer-fights-Well-managed-resources-help-keep-conflict-at-bay,csmonitor.com,20210519T173000Z,English,United States
restoration of vegetated coastal ecosystems,blue carbon,McLaren 720S in Gulf livery celebrates the renewed partnership between two iconic racing brands,https://www.slashgear.com/mclaren-720s-in-gulf-livery-celebrates-the-renewed-partnership-between-two-iconic-racing-brands-18673239/,slashgear.com,20210518T183000Z,English,United States
restoration of vegetated coastal ecosystems,blue carbon,"The What , Why , and How of Ecosystem Restoration | World Resources Institute",https://www.wri.org/insights/ecosystem-restoration-questions,wri.org,20210518T154500Z,English,United States
restoration of vegetated coastal ecosystems,blue carbon,SuperyachtNews . com - Press Releases - Hill Robinson Offsets Predicted 2021 Carbon Footprint,https://www.superyachtnews.com/press-release/32354/hill-robinson-offsets-predicted-2021-carbon-footprint,superyachtnews.com,20210518T090000Z,English,United States
restoration of vegetated coastal ecosystems,blue carbon,Carbon Streaming Announces First Carbon Credit Stream Investment Into a Blue Carbon Project,https://www.businesswire.com/news/home/20210517005852/en/Carbon-Streaming-Announces-First-Carbon-Credit-Stream-Investment-Into-a-Blue-Carbon-Project,businesswire.com,20210517T200000Z,English,United States
restoration of vegetated coastal ecosystems,blue carbon,Carbon Streaming Announces First Carbon Credit Stream Investment Into a Blue Carbon Project,https://www.tmcnet.com/usubmit/2021/05/17/9371020.htm,tmcnet.com,20210517T193000Z,English,United States
restoration of vegetated coastal ecosystems,blue carbon,Carbon Streaming Announces First Carbon Credit Stream Investment Into a Blue Carbon Project,https://www.tmcnet.com/usubmit/-carbon-streaming-announces-first-carbon-credit-stream-investment-/2021/05/17/9371020.htm,tmcnet.com,20210517T193000Z,English,United States
restoration of vegetated coastal ecosystems,blue carbon,Go Blue Initiative in Kenya - New Delhi Times - India Only International Newspaper,https://www.newdelhitimes.com/go-blue-initiative-in-kenya/,newdelhitimes.com,20210517T113000Z,English,United States
restoration of vegetated coastal ecosystems,blue carbon,Carbon180 Unveils Carbon Removal Policy Roadmap for 2021,https://www.globenewswire.com/en/news-release/2021/05/13/2228898/0/en/Carbon180-Unveils-Carbon-Removal-Policy-Roadmap-for-2021-and-Beyond.html,globenewswire.com,20210517T023000Z,English,United States
restoration of vegetated coastal ecosystems,blue carbon,Exceptional New Normal : IEA Raises Growth Forecast For Wind And Solar By Another 25 %,http://econintersect.com/pages/contributors/contributor.php?post=202105150352,econintersect.com,20210515T094500Z,English,United States
restoration of vegetated coastal ecosystems,blue carbon,Made In Popular Grill Frying Pan is Back Just in Time for Summer,https://www.thekitchn.com/made-in-grill-frying-pan-restock-2021-23174011,thekitchn.com,20210514T193000Z,English,United States
restoration of vegetated coastal ecosystems,blue carbon,Laura Prepon wants to make cooking less stressful with her new HSN cookware line,http://www.msn.com/en-us/lifestyle/shopping/laura-prepon-wants-to-make-cooking-less-stressful-with-her-new-hsn-cookware-line/ar-BB1gJMZ4,msn.com,20210514T181500Z,English,United States
restoration of vegetated coastal ecosystems,blue carbon,"When it comes to sucking up carbon , not all trees are equal",https://www.justicenewsflash.com/2021/05/14/when-it-comes-to-sucking-up-carbon-not-all-trees-are-equal_20210514139353.html,justicenewsflash.com,20210514T113000Z,English,United States
restoration of vegetated coastal ecosystems,blue carbon,The Carbon Sequestration Project,https://www.capenews.net/sandwich/columns/the-carbon-sequestration-project/article_63902847-0452-5aa6-b15e-aec478f55324.html,capenews.net,20210514T073000Z,English,United States
restoration of vegetated coastal ecosystems,blue carbon,Here Your Chance To Own Possibly The Only Blue Carbon Fiber Pagani Zonda Revolucion In Existence,https://www.carscoops.com/2021/05/someones-fantasy-garage-is-waiting-for-this-1-of-5-pagani-zonda-revolucion/,carscoops.com,20210514T014500Z,English,United States
restoration of vegetated coastal ecosystems,blue carbon,Carbon180 Unveils Carbon Removal Policy Roadmap for 2021,https://www.globenewswire.com/news-release/2021/05/13/2228898/0/en/Carbon180-Unveils-Carbon-Removal-Policy-Roadmap-for-2021-and-Beyond.html,globenewswire.com,20210513T201500Z,English,United States
restoration of vegetated coastal ecosystems,blue carbon,Partnership promotes Hypetex colored carbon fiber materials to North American market,https://www.compositesworld.com:443/news/partnership-promotes-hypetex-colored-carbon-fiber-materials-to-north-american-market-,compositesworld.com,20210513T190000Z,English,United States
restoration of vegetated coastal ecosystems,blue carbon,What is ocean rewilding and how will it fight climate change ?,https://www.euronews.com/green/2021/05/13/what-is-ocean-rewilding-and-how-will-it-fight-climate-change,euronews.com,20210513T174500Z,English,United States
restoration of vegetated coastal ecosystems,blue carbon,The 2021 federal budget was light on climate and environment measures . But here what you should know,https://www.msn.com/en-au/news/australia/the-2021-federal-budget-was-light-on-climate-and-environment-measures-but-here-s-what-you-should-know/ar-BB1gF1Sk,msn.com,20210512T180000Z,English,United States
restoration of vegetated coastal ecosystems,blue carbon,The Holocene influence on the future evolution of the Venice Lagoon tidal marshes,https://www.nature.com/articles/s43247-021-00144-4,nature.com,20210508T133000Z,English,United States
restoration of vegetated coastal ecosystems,blue carbon,"Episode 267 : Talking recommerce with Trove , mangrove musings",https://www.greenbiz.com/article/episode-267-talking-recommerce-trove-mangrove-musings,greenbiz.com,20210507T133000Z,English,United States
restoration of vegetated coastal ecosystems,blue carbon,"Coastal News Today | World - Apple , Conservation International introduce mangrove carbon credit",https://www.coastalnewstoday.com/post/world-apple-conservation-international-introduce-mangrove-carbon-credit,coastalnewstoday.com,20210507T043000Z,English,United States
restoration of vegetated coastal ecosystems,blue carbon,Mohawk Group : Turning the Tide,https://www.3blmedia.com/News/Mohawk-Group-Turning-Tide,3blmedia.com,20210506T174500Z,English,United States
restoration of vegetated coastal ecosystems,blue carbon,Mohawk Group : Turning the Tide,http://www.justmeans.com/multimedia-with-summary/mohawk-group-turning-the-tide,justmeans.com,20210506T173000Z,English,United States
restoration of vegetated coastal ecosystems,blue carbon,New Approach to Blue Carbon Projects Underway in Colombia,https://e360.yale.edu/digest/new-approach-to-blue-carbon-projects-unveiled-in-colombia,e360.yale.edu,20210506T123000Z,English,United States
restoration of vegetated coastal ecosystems,blue carbon,"Apple , Conservation International introduce mangrove carbon credit",https://www.greenbiz.com/article/apple-conservation-international-introduce-mangrove-carbon-credit,greenbiz.com,20210506T114500Z,English,United States
restoration of vegetated coastal ecosystems,blue carbon,"The Brief : Community collaboration in Minnesota , EnCap goes green , racial justice collaborative , Solve innovation future , mangroves carbon",https://impactalpha.com/the-brief-community-collaboration-in-minnesota-encap-goes-green-racial-justice-collaborative-solves-innovation-future-mangroves-carbon/,impactalpha.com,20210506T113000Z,English,United States
restoration of vegetated coastal ecosystems,blue carbon,Conservation of mangrove forests could get a boost from carbon credits,https://impactalpha.com/conservation-of-mangrove-forests-could-get-a-boost-from-carbon-credits/,impactalpha.com,20210506T113000Z,English,United States
restoration of vegetated coastal ecosystems,blue carbon,Fortis Inc . ( FTS ) Q1 2021 Earnings Call Transcript,https://www.msn.com/en-us/money/companies/fortis-inc-fts-q1-2021-earnings-call-transcript/ar-BB1goSv5,msn.com,20210506T033000Z,English,United States
restoration of vegetated coastal ecosystems,blue carbon,Fortis Inc . ( FTS ) Q1 2021 Earnings Call Transcript,https://www.fool.com/earnings/call-transcripts/2021/05/05/fortis-inc-fts-q1-2021-earnings-call-transcript/?source=iedfolrf0000001,fool.com,20210506T011500Z,English,United States
restoration of vegetated coastal ecosystems,blue carbon,MIT turns  magic  material into versatile electronic devices,https://phys.org/news/2021-05-mit-magic-material-versatile-electronic.html,phys.org,20210505T180000Z,English,United States
restoration of vegetated coastal ecosystems,blue carbon,Australia Will Invest $100 Million to Save Its Oceans,https://www.insideedition.com/australia-will-invest-100-million-to-save-its-oceans-66679,insideedition.com,20210504T194500Z,English,United States
restoration of vegetated coastal ecosystems,blue carbon,Mohawk Group Launches Data Tide : Innovative Carpet Collection Supports Nature With Data,http://justmeans.com/press-release/mohawk-group-launches-data-tide-innovative-carpet-collection-supports-nature-with-data,justmeans.com,20210504T191500Z,English,United States
restoration of vegetated coastal ecosystems,blue carbon,Mangroves and seagrasses absorb microplastics,https://phys.org/news/2021-05-mangroves-seagrasses-absorb-microplastics.html,phys.org,20210504T151500Z,English,United States
restoration of vegetated coastal ecosystems,blue carbon,Mohawk Group Launches Data Tide : Innovative Carpet Collection Supports Nature With Data,http://www.justmeans.com/press-release/mohawk-group-launches-data-tide-innovative-carpet-collection-supports-nature-with-data,justmeans.com,20210503T201500Z,English,United States
restoration of vegetated coastal ecosystems,blue carbon,CSRWire - Mohawk Group Launches Data Tide : Innovative Carpet Collection Supports Nature With Data,https://www.csrwire.com/press_releases/722021-mohawk-group-launches-data-tide-innovative-carpet-collection-supports-nature,csrwire.com,20210503T200000Z,English,United States
restoration of vegetated coastal ecosystems,blue carbon,May 2021 California Department of Fish and Wildlife Calendar,https://goldrushcam.com/sierrasuntimes/index.php/news/local-news/29481-may-2021-california-department-of-fish-and-wildlife-calendar,goldrushcam.com,20210503T141500Z,English,United States
restoration of vegetated coastal ecosystems,blue carbon,Australia Announces $100 Million Initiative to Protect Our Oceans,https://www.goodnewsnetwork.org/australia-announces-100m-initiative-to-protect-oceans/,goodnewsnetwork.org,20210502T214500Z,English,United States
restoration of vegetated coastal ecosystems,blue carbon,Technip Energies selected for carbon - neutral ammonia project,https://www.hydrocarbonprocessing.com/news/2021/06/technip-energies-selected-for-carbon-neutral-ammonia-project,hydrocarbonprocessing.com,20210630T160000Z,English,United States
restoration of vegetated coastal ecosystems,blue carbon,Technip Energies selected by Horisont Energi for carbon - neutral ammonia project,https://www.hydrocarbonprocessing.com/news/2021/06/technip-energies-selected-by-horisont-energi-for-carbon-neutral-ammonia-project,hydrocarbonprocessing.com,20210630T151500Z,English,United States
restoration of vegetated coastal ecosystems,blue carbon,"Hydrogen Should Be Focused On Cement And Steel , Not Cars",https://www.forbes.com/sites/jamesmorris/2021/06/30/hydrogen-should-be-focused-on-cement-and-steel-not-cars/,forbes.com,20210630T111500Z,English,United States
restoration of vegetated coastal ecosystems,blue carbon,Consultation starts for Australian CCS projects to generate carbon credits,https://www.upstreamonline.com/energy-transition/consultation-starts-for-australian-ccs-projects-to-generate-carbon-credits/2-1-1032222,upstreamonline.com,20210629T100000Z,English,United States
restoration of vegetated coastal ecosystems,blue carbon,Unlocking carbon capture and storage projects under Emissions Reduction Fund,https://www.miragenews.com/unlocking-carbon-capture-and-storage-projects-586505/,miragenews.com,20210628T233000Z,English,United States
restoration of vegetated coastal ecosystems,blue carbon,Root and branch reform : Protecting and restoring the world mangrove forests,https://phys.org/news/2021-06-root-reform-world-mangrove-forests.html,phys.org,20210628T160000Z,English,United States
restoration of vegetated coastal ecosystems,blue carbon,Australian Emissions Reduction Investors Set Their Eyes On Asia - Pacific Climate Action,https://www.miragenews.com/australian-emissions-reduction-investors-set-583767/,miragenews.com,20210624T061500Z,English,United States
restoration of vegetated coastal ecosystems,blue carbon,Is the Future of Farming in the Ocean ? ( Ep . 467 ) - Freakonomics,https://freakonomics.com/podcast/frbc-bren-smith/,freakonomics.com,20210624T040000Z,English,United States
restoration of vegetated coastal ecosystems,blue carbon,Leaked UN draft report warns of accelerating climate devastation,https://www.aljazeera.com/news/2021/6/23/leaked-un-report-warns-accelerating-climate-devastation,aljazeera.com,20210623T204500Z,English,United States
restoration of vegetated coastal ecosystems,blue carbon,Crushing climate impacts to hit sooner than feared : draft UN report,https://phys.org/news/2021-06-climate-impacts-sooner.html,phys.org,20210623T090000Z,English,United States
restoration of vegetated coastal ecosystems,blue carbon,Cloud spraying and hurricane slaying : could geoengineering fix the climate crisis ?,https://www.msn.com/en-gb/news/world/cloud-spraying-and-hurricane-slaying-could-geoengineering-fix-the-climate-crisis/ar-AALkOsY,msn.com,20210623T063000Z,English,United States
restoration of vegetated coastal ecosystems,blue carbon,Crushing climate impacts to hit sooner than feared : draft UN report,https://news.yahoo.com/crushing-climate-impacts-hit-sooner-010253436.html,news.yahoo.com,20210623T020000Z,English,United States
restoration of vegetated coastal ecosystems,blue carbon,Salt marsh plants may signal carbon capture capacity,https://www.eurekalert.org/pub_releases/2021-06/uoc-smp062221.php,eurekalert.org,20210622T171500Z,English,United States
restoration of vegetated coastal ecosystems,blue carbon,Ocean Distress Motivates Action For a Day and a Decade,https://ens-newswire.com/oceans-distress-motivates-action-for-a-day-and-a-decade/,ens-newswire.com,20210622T171500Z,English,United States
restoration of vegetated coastal ecosystems,blue carbon,Learning how salt marsh plants may signal carbon capture capacity,https://phys.org/news/2021-06-salt-marsh-carbon-capture-capacity.html,phys.org,20210622T151500Z,English,United States
restoration of vegetated coastal ecosystems,blue carbon,Learning How Salt Marsh Plants May Signal Carbon Capture Capacity,https://today.uconn.edu/2021/06/learning-how-salt-marsh-plants-may-signal-carbon-capture-capacity/,today.uconn.edu,20210622T131500Z,English,United States
restoration of vegetated coastal ecosystems,blue carbon,La Mer To Build Vital Blue Carbon Zones And Support Coastal Communities With Latest GreenWave Partnership,https://www.forbes.com/sites/beamcmonagle/2021/06/21/la-mer-to-build-vital-blue-carbon-zones-and-support-coastal-communities-with-latest-greenwave-partnership/,forbes.com,20210621T193000Z,English,United States
restoration of vegetated coastal ecosystems,blue carbon,A Sustainable Partnership : Philadelphia Eagles And The Ocean Conservancy Score A Win - Win For The Planet,https://www.forbes.com/sites/jefffromm/2021/06/17/a-sustainable-partnership-philadelphia-eagles-and-the-ocean-conservancy-score-a-win-win-for-the-planet/,forbes.com,20210617T144500Z,English,United States
restoration of vegetated coastal ecosystems,blue carbon,The 6 Best Baking Sheets Are More Than Just a Backdrop for Your Next Recipe,http://www.msn.com/en-us/foodanddrink/foodnews/the-6-best-baking-sheets-are-more-than-just-a-backdrop-for-your-next-recipe/ar-AAL8D4J,msn.com,20210617T104500Z,English,United States
restoration of vegetated coastal ecosystems,blue carbon,"New corporate alliance aims to scale climate action , starting with carbon removal",https://www.greenbiz.com/article/new-corporate-alliance-aims-scale-climate-action-starting-carbon-removal,greenbiz.com,20210617T090000Z,English,United States
restoration of vegetated coastal ecosystems,blue carbon,Hearing | Committee Activity | The House Committee on Natural Resources,https://naturalresources.house.gov/hearings/remote-fc-legislative-hearing-notice_june-22-2021,naturalresources.house.gov,20210616T223000Z,English,United States
restoration of vegetated coastal ecosystems,blue carbon,"The Weather Network - Climate crisis and nature decline must be tackled together , scientists say",https://www.theweathernetwork.com/ca/news/article/climate-crisis-and-nature-decline-must-be-tackled-together-scientists-say,theweathernetwork.com,20210616T203000Z,English,United States
restoration of vegetated coastal ecosystems,blue carbon,Shipping Emissions Remain a Focus of Reintroduced House Bill | K & L Gates LLP,https://www.jdsupra.com/legalnews/shipping-emissions-remain-a-focus-of-6799917/,jdsupra.com,20210615T234500Z,English,United States
restoration of vegetated coastal ecosystems,blue carbon,Transcript : Climate Solutions : A Conversation with Sylvia Earle,https://www.washingtonpost.com/washington-post-live/2021/06/15/transcript-climate-solutions-conversation-with-sylvia-earle/,washingtonpost.com,20210615T181500Z,English,United States
restoration of vegetated coastal ecosystems,blue carbon,The Institute of the Americas Announces Merger of UC Gulf of California Marine Program Into Its Environment & Climate Change Program,https://www.prnewswire.com:443/news-releases/the-institute-of-the-americas-announces-merger-of-ucs-gulf-of-california-marine-program-into-its-environment--climate-change-program-301312841.html,prnewswire.com,20210615T160000Z,English,United States
restoration of vegetated coastal ecosystems,blue carbon,Coastal News Today | united kingdom - Adur and Worthing councils to lease seabed from Queen,https://www.coastalnewstoday.com/post/uk-adur-and-worthing-councils-to-lease-seabed-from-queen,coastalnewstoday.com,20210615T051500Z,English,United States
restoration of vegetated coastal ecosystems,blue carbon,Coastal News Today | Intl - Capturing Ireland Blue Carbon Potential,https://www.coastalnewstoday.com/post/intl-capturing-irelands-blue-carbon-potential,coastalnewstoday.com,20210615T034500Z,English,United States
restoration of vegetated coastal ecosystems,blue carbon,Ocean - Based Climate Solutions Act Congress Addresses Shipping Emissions,https://www.natlawreview.com/article/shipping-emissions-remain-focus-reintroduced-house-bill,natlawreview.com,20210614T224500Z,English,United States
restoration of vegetated coastal ecosystems,blue carbon,NOAA initiatives among the first round of Ocean Decade endorsed actions,https://research.noaa.gov/article/ArtMID/587/ArticleID/2768/NOAA-initiatives-among-the-first-round-of-Ocean-Decade-endorsed-actions,research.noaa.gov,20210611T184500Z,English,United States
restoration of vegetated coastal ecosystems,blue carbon,This is how to speed up ocean - climate ambition towards COP26,https://www.weforum.org/agenda/2021/06/this-is-how-to-speed-up-the-ocean-climate-ambition-towards-cop-26/,weforum.org,20210610T210000Z,English,United States
restoration of vegetated coastal ecosystems,blue carbon,"IPBES / IPCC : Tackling the biodiversity and climate crises together , and their combined social impacts",https://www.eurekalert.org/pub_releases/2021-06/tca-itt060921.php,eurekalert.org,20210610T160000Z,English,United States
restoration of vegetated coastal ecosystems,blue carbon,Ocean Distress Motivates Action For a Day and a Decade,https://ens-newswire.com/?p=93825,ens-newswire.com,20210610T023000Z,English,United States
restoration of vegetated coastal ecosystems,blue carbon,"2022 BMW X4 M : Review , Trims , Specs , Price , New Interior Features , Exterior Design , and Specifications",https://carbuzz.com/cars/bmw/x4-m/2022,carbuzz.com,20210609T204500Z,English,United States
restoration of vegetated coastal ecosystems,blue carbon,Yokohama Convention & Visitors Bureau Release : Yokohama Blue Carbon Offset System Employed at First International Conference,https://www.businesswire.com/news/home/20210609005025/en/Yokohama-Convention-Visitors-Bureau-Release-Yokohama-Blue-Carbon-Offset-System-Employed-at-First-International-Conference,businesswire.com,20210609T161500Z,English,United States
restoration of vegetated coastal ecosystems,blue carbon,Indonesia : Managing oceans sustainably supports our livelihoods .,https://blogs.worldbank.org/eastasiapacific/indonesia-managing-oceans-sustainably-supports-our-livelihoods,blogs.worldbank.org,20210609T094500Z,English,United States
restoration of vegetated coastal ecosystems,blue carbon,Commonwealth Secretariat ( via Public ) / Commonwealth countries call for a  blue reset  in pandemic wake,http://www.publicnow.com/view/16AC6E439F220B5DFEDF5D82D0953CDB2203D1D7,publicnow.com,20210608T174500Z,English,United States
restoration of vegetated coastal ecosystems,blue carbon,"On World Oceans Day , we need a sea change",https://thehill.com/blogs/congress-blog/energy-environment/557267-on-world-oceans-day-we-need-a-sea-change,thehill.com,20210608T143000Z,English,United States
restoration of vegetated coastal ecosystems,blue carbon,On World Environment Day -- Pakistan showcases ecosystem restoration,https://www.ipsnews.net/2021/06/on-world-environment-day-pakistan-showcases-ecosystem-restoration/,ipsnews.net,20210608T080000Z,English,United States
restoration of vegetated coastal ecosystems,blue carbon,Time to End Generational Injustice with a  Global Blue New Deal  to Protect Oceans,https://www.ipsnews.net/2021/06/time-end-generational-injustice-global-blue-new-deal-protect-oceans/,ipsnews.net,20210608T080000Z,English,United States
restoration of vegetated coastal ecosystems,blue carbon,Time to End Generational Injustice with a  Global Blue New Deal  to Protect Oceans,http://www.ipsnews.net/2021/06/time-end-generational-injustice-global-blue-new-deal-protect-oceans/,ipsnews.net,20210608T070000Z,English,United States
restoration of vegetated coastal ecosystems,blue carbon,Global youth draft  Blue New Deal  to protect oceans :  Time to end generational injustice,https://www.eurekalert.org/pub_releases/2021-06/tca-gyd060321.php,eurekalert.org,20210607T180000Z,English,United States
restoration of vegetated coastal ecosystems,blue carbon,Researcher dedicates life work to ocean secret weapon against climate change | FIU News,https://news.fiu.edu/2021/researcher-dedicates-lifes-work-to-oceans-secret-weapon-against-climate-change,news.fiu.edu,20210607T173000Z,English,United States
restoration of vegetated coastal ecosystems,blue carbon,North Carolina Model Shows How States Benefit From Protecting Coastal Habitats,https://www.pewtrusts.org/pt/research-and-analysis/articles/2021/06/04/north-carolina-model-shows-how-states-benefit-from-protecting-coastal-habitats,pewtrusts.org,20210605T054500Z,English,United States
restoration of vegetated coastal ecosystems,blue carbon,Natural climate solutions for Canada,https://advances.sciencemag.org/content/7/23/eabd6034,advances.sciencemag.org,20210604T204500Z,English,United States
restoration of vegetated coastal ecosystems,blue carbon,North Carolina Model Shows How States Benefit From Protecting Coastal Habitats,https://www.pewtrusts.org/en/research-and-analysis/articles/2021/06/04/north-carolina-model-shows-how-states-benefit-from-protecting-coastal-habitats,pewtrusts.org,20210604T200000Z,English,United States
restoration of vegetated coastal ecosystems,blue carbon,Natural climate solutions for Canada,https://advances.sciencemag.org/content/7/23/eabd6034.full,advances.sciencemag.org,20210604T190000Z,English,United States
restoration of vegetated coastal ecosystems,blue carbon,"The African Green Stimulus Programme : Restoring Ecosystems , Central to Green Recovery",https://human-wrongs-watch.net/2021/06/04/the-african-green-stimulus-programme-restoring-ecosystems-central-to-green-recovery/,human-wrongs-watch.net,20210604T133000Z,English,United States
restoration of vegetated coastal ecosystems,blue carbon,On World Environment Day -- Pakistan showcases ecosystem restoration,http://www.ipsnews.net/2021/06/on-world-environment-day-pakistan-showcases-ecosystem-restoration/,ipsnews.net,20210604T070000Z,English,United States
restoration of vegetated coastal ecosystems,blue carbon,Pakistan rolls out plans to tap global green financing avenues,https://wsau.com/2021/06/03/pakistan-rolls-out-plans-to-tap-global-green-financing-avenues/,wsau.com,20210603T184500Z,English,United States
restoration of vegetated coastal ecosystems,blue carbon,Carbon Streaming Announces Investment Into Two Carbon Credit Projects in the Bonobo Peace Forest,https://www.businesswire.com/news/home/20210603005864/en/Carbon-Streaming-Announces-Investment-Into-Two-Carbon-Credit-Projects-in-the-Bonobo-Peace-Forest,businesswire.com,20210603T180000Z,English,United States
restoration of vegetated coastal ecosystems,blue carbon,Pakistan rolls out plans to tap global green financing avenues,https://www.reuters.com/article/us-pakistan-environment-financing/pakistan-rolls-out-plans-to-tap-global-green-financing-avenues-idUSKCN2DF1CT,reuters.com,20210603T144500Z,English,United States
restoration of vegetated coastal ecosystems,blue carbon,Pakistan rolls out plans to tap global green financing avenues,https://www.reuters.com/article/us-pakistan-environment-financing-idUSKCN2DF1CT,reuters.com,20210603T141500Z,English,United States
restoration of vegetated coastal ecosystems,blue carbon,Pakistan rolls out plans to tap global green financing avenues,https://www.reuters.com/business/environment/pakistan-rolls-out-plans-tap-global-green-financing-avenues-2021-06-03/,reuters.com,20210603T140000Z,English,United States
restoration of vegetated coastal ecosystems,blue carbon,Seaspiracy explored : Why are bottom trawling and bycatch such bad news ?,https://www.euronews.com/green/2021/06/02/seaspiracy-explored-why-are-bottom-trawling-and-bycatch-such-bad-news,euronews.com,20210602T053000Z,English,United States
restoration of vegetated coastal ecosystems,blue carbon,Australia Leverages Forrests and Land to Reach Record - Low Emissions,https://www.theepochtimes.com/australia-leverages-forrests-and-land-to-reach-record-low-emissions_3839452.html,theepochtimes.com,20210602T043000Z,English,United States
restoration of vegetated coastal ecosystems,blue carbon,It not enough to cut emissions we need economic development that does not destroy nature,https://thehill.com/opinion/energy-environment/556400-its-not-enough-to-cut-emissions-we-need-economic-development-that,thehill.com,20210602T004500Z,English,United States
restoration of vegetated coastal ecosystems,blue carbon,Coral Reef and Coastal Wetlands Protections Can Help Communities Withstand Climate Impacts,https://www.pewtrusts.org/ar/research-and-analysis/articles/2021/06/01/coral-reef-and-coastal-wetlands-protections-can-help-communities-withstand-climate-impacts,pewtrusts.org,20210601T153000Z,English,United States
restoration of vegetated coastal ecosystems,blue carbon,Coral Reef and Coastal Wetlands Protections Can Help Communities Withstand Climate Impacts,https://www.pewtrusts.org/zh/research-and-analysis/articles/2021/06/01/coral-reef-and-coastal-wetlands-protections-can-help-communities-withstand-climate-impacts,pewtrusts.org,20210601T144500Z,English,United States
restoration of vegetated coastal ecosystems,blue carbon,Coral Reef and Coastal Wetlands Protections Can Help Communities Withstand Climate Impacts,https://www.pewtrusts.org/it/research-and-analysis/articles/2021/06/01/coral-reef-and-coastal-wetlands-protections-can-help-communities-withstand-climate-impacts,pewtrusts.org,20210601T141500Z,English,United States
restoration of vegetated coastal ecosystems,blue carbon,Coral Reef and Coastal Wetlands Protections Can Help Communities Withstand Climate Impacts,https://www.pewtrusts.org/ru/research-and-analysis/articles/2021/06/01/coral-reef-and-coastal-wetlands-protections-can-help-communities-withstand-climate-impacts,pewtrusts.org,20210601T134500Z,English,United States
restoration of vegetated coastal ecosystems,blue carbon,Coral Reef and Coastal Wetlands Protections Can Help Communities Withstand Climate Impacts,https://www.pewtrusts.org/en/research-and-analysis/articles/2021/06/01/coral-reef-and-coastal-wetlands-protections-can-help-communities-withstand-climate-impacts,pewtrusts.org,20210601T130000Z,English,United States
restoration of vegetated coastal ecosystems,blue carbon,One man battle to preserve the  lungs of the Mediterranean,https://www.euronews.com/green/2021/06/01/one-man-s-battle-to-preserve-the-lungs-of-the-mediterranean,euronews.com,20210601T084500Z,English,United States
restoration of vegetated coastal ecosystems,blue carbon,Together Through Life,https://www.tradeonlytoday.com/columns-blogs/together-through-life,tradeonlytoday.com,20210601T044500Z,English,United States
restoration of vegetated coastal ecosystems,blue carbon,Blue is the New Green,https://www.tradeonlytoday.com/post-type-feature/blue-is-the-new-green,tradeonlytoday.com,20210601T044500Z,English,United States
restoration of vegetated coastal ecosystems,blue carbon,"Trickle - up spaceflight : Finally , the world richest man catches a break !",https://www.bradfordera.com/opinion/trickle-up-spaceflight-finally-the-worlds-richest-man-catches-a-break/article_1f42c47e-58c4-5a71-9f10-0e7fda098600.html,bradfordera.com,20210730T161500Z,English,United States
restoration of vegetated coastal ecosystems,blue carbon,These Are The New Words The Climate Crisis Will Teach Us,https://www.sciencealert.com/these-are-the-new-words-the-climate-crisis-will-teach-us,sciencealert.com,20210730T074500Z,English,United States
restoration of vegetated coastal ecosystems,blue carbon,Dartmouth Engineering aims to revolutionize quantum computing,https://www.nhbr.com/dartmouth-engineering-aims-to-revolutionize-quantum-computing/,nhbr.com,20210729T174500Z,English,United States
restoration of vegetated coastal ecosystems,blue carbon,Solastalgia and doomism : New climate lingo boggles the mind | Life,https://www.malaymail.com/news/life/2021/07/29/solastalgia-and-doomism-new-climate-lingo-boggles-the-mind/1993527,malaymail.com,20210729T014500Z,English,United States
restoration of vegetated coastal ecosystems,blue carbon,ASC helping  safeguard the world remaining mangroves  via new fund,https://www.seafoodsource.com/news/environment-sustainability/asc-helping-safeguard-the-world-s-remaining-mangroves-via-new-fund,seafoodsource.com,20210728T210000Z,English,United States
restoration of vegetated coastal ecosystems,blue carbon,Australian industry body backs carbon credits plan for CCS projects,https://www.upstreamonline.com/energy-transition/australian-industry-body-backs-carbon-credits-plan-for-ccs-projects/2-1-1045341,upstreamonline.com,20210728T130000Z,English,United States
restoration of vegetated coastal ecosystems,blue carbon,Solastalgia and doomism : new climate lingo boggles the mind,https://phys.org/news/2021-07-solastalgia-doomism-climate-lingo-boggles.html,phys.org,20210728T120000Z,English,United States
restoration of vegetated coastal ecosystems,blue carbon,Solastalgia and doomism : new climate lingo boggles the mind,https://www.msn.com/en-us/news/technology/solastalgia-and-doomism-new-climate-lingo-boggles-the-mind/ar-AAMEx9x,msn.com,20210728T104500Z,English,United States
restoration of vegetated coastal ecosystems,blue carbon,Developing autonomous technology to assess condition of seagrass beds,https://www.miragenews.com/developing-autonomous-technology-to-assess-603724/,miragenews.com,20210728T103000Z,English,United States
restoration of vegetated coastal ecosystems,blue carbon,Australian industry body backs scheme for CCS projects to generate carbon credits,https://www.upstreamonline.com/energy-transition/australian-industry-body-backs-scheme-for-ccs-projects-to-generate-carbon-credits/2-1-1045341,upstreamonline.com,20210728T084500Z,English,United States
restoration of vegetated coastal ecosystems,blue carbon,"Enlist the Ocean in Combatting Climate Change , Experts and Advocates Argue",https://www.scientificamerican.com/article/enlist-the-ocean-in-combatting-climate-change-experts-and-advocates-argue/,scientificamerican.com,20210727T194500Z,English,United States
restoration of vegetated coastal ecosystems,blue carbon,Carbon Streaming Provides Corporate Update & Webcast Details,https://www.businesswire.com/news/home/20210727005449/en/Carbon-Streaming-Provides-Corporate-Update-Webcast-Details,businesswire.com,20210727T123000Z,English,United States
restoration of vegetated coastal ecosystems,blue carbon,Carbon Streaming Provides Corporate Update & Webcast Details,https://www.tmcnet.com/usubmit/2021/07/27/9417178.htm,tmcnet.com,20210727T113000Z,English,United States
restoration of vegetated coastal ecosystems,blue carbon,"Mangroves Play an Essential Role as Carbon Sinks , Sequestering Atmospheric and Oceanic Carbon for Long Periods of Time",https://human-wrongs-watch.net/2021/07/27/mangroves-play-an-essential-role-as-carbon-sinks-sequestering-atmospheric-and-oceanic-carbon-for-long-periods-of-time/,human-wrongs-watch.net,20210727T101500Z,English,United States
restoration of vegetated coastal ecosystems,blue carbon,"Support mangrove conservation , UNESCO chief says",https://www.miragenews.com/support-mangrove-conservation-unesco-chief-says-602485/,miragenews.com,20210726T194500Z,English,United States
restoration of vegetated coastal ecosystems,blue carbon,"Support mangrove conservation , UNESCO chief says",https://www.bignewsnetwork.com/news/270458273/support-mangrove-conservation-unesco-chief-says,bignewsnetwork.com,20210726T190000Z,English,United States
restoration of vegetated coastal ecosystems,blue carbon,Why the future of carbon should be blue,https://www.weforum.org/agenda/2021/07/why-the-future-of-carbon-should-be-blue/,weforum.org,20210726T163000Z,English,United States
restoration of vegetated coastal ecosystems,blue carbon,Costa Rica Ensures Future for Its Mangrove Forests,https://www.pewtrusts.org/en/research-and-analysis/articles/2021/07/26/costa-rica-ensures-future-for-its-mangrove-forests,pewtrusts.org,20210726T083000Z,English,United States
restoration of vegetated coastal ecosystems,blue carbon,Costa Rica Ensures Future for Its Mangrove Forests,https://www.pewtrusts.org/da/research-and-analysis/articles/2021/07/26/costa-rica-ensures-future-for-its-mangrove-forests,pewtrusts.org,20210726T073000Z,English,United States
restoration of vegetated coastal ecosystems,blue carbon,Costa Rica Ensures Future for Its Mangrove Forests,https://www.pewtrusts.org/ja/research-and-analysis/articles/2021/07/26/costa-rica-ensures-future-for-its-mangrove-forests,pewtrusts.org,20210726T063000Z,English,United States
restoration of vegetated coastal ecosystems,blue carbon,Costa Rica Ensures Future for Its Mangrove Forests,https://www.pewtrusts.org/nb/research-and-analysis/articles/2021/07/26/costa-rica-ensures-future-for-its-mangrove-forests,pewtrusts.org,20210726T061500Z,English,United States
restoration of vegetated coastal ecosystems,blue carbon,Costa Rica Ensures Future for Its Mangrove Forests,https://www.pewtrusts.org/ru/research-and-analysis/articles/2021/07/26/costa-rica-ensures-future-for-its-mangrove-forests,pewtrusts.org,20210726T054500Z,English,United States
restoration of vegetated coastal ecosystems,blue carbon,Bespoke Pininfarina Battista Is Inspired by NYC,https://hypebeast.com/2021/7/pininfarina-battista-bespoke-one-off-new-york-city-united-states-of-america-custom-first-look-electric-hypercar,hypebeast.com,20210724T181500Z,English,United States
restoration of vegetated coastal ecosystems,blue carbon,"Bugatti Divo ends production with final , one - off example",http://www.msn.com/en-us/autos/enthusiasts/bugatti-divo-ends-production-with-final-one-off-example/ar-AAMuF3m,msn.com,20210723T233000Z,English,United States
restoration of vegetated coastal ecosystems,blue carbon,Biodiversity Hot Spots and What You Can Do to Help,https://www.afar.com/magazine/biodiversity-hot-spots-and-what-you-can-do-to-help,afar.com,20210723T200000Z,English,United States
restoration of vegetated coastal ecosystems,blue carbon,Missed Out On A Bugatti Divo ? This Chiron Is The Next Best Option,https://www.carscoops.com/2021/07/missed-out-on-a-bugatti-divo-this-chiron-is-the-next-best-option/,carscoops.com,20210723T191500Z,English,United States
restoration of vegetated coastal ecosystems,blue carbon,Solving Climate and Nature Crises Together,https://www.bornfreeusa.org/2021/07/23/solving-climate-and-nature-crises-together/,bornfreeusa.org,20210723T180000Z,English,United States
restoration of vegetated coastal ecosystems,blue carbon,Great Barrier Reef is under threat - this is how were saving it,https://www.miragenews.com/great-barrier-reef-is-under-threat-this-is-how-601546/,miragenews.com,20210723T153000Z,English,United States
restoration of vegetated coastal ecosystems,blue carbon,Frontiers | Impact of Extreme Disturbances on Suspended Sediment in Western Florida Bay : Implications for Seagrass Resilience,https://www.frontiersin.org/articles/10.3389/fmars.2021.633240/full,frontiersin.org,20210723T141500Z,English,United States
restoration of vegetated coastal ecosystems,blue carbon,The 7 Best Carbon Steel Pans for Perfect Browning and Searing,http://www.msn.com/en-us/foodanddrink/foodnews/the-7-best-carbon-steel-pans-for-perfect-browning-and-searing/ar-AAMt3To,msn.com,20210723T093000Z,English,United States
restoration of vegetated coastal ecosystems,blue carbon,"The Race for Limestone as climate change Big Solution : Sulzer , Blue Planet sign key partnership : Biofuels Digest",https://www.biofuelsdigest.com/bdigest/2021/07/22/the-race-for-limestone-as-climate-changes-big-solution-sulzer-blue-planet-sign-key-partnership/,biofuelsdigest.com,20210723T004500Z,English,United States
restoration of vegetated coastal ecosystems,blue carbon,Pininfarina Bespoke Electric Battista GT,https://stupiddope.com/2021/07/22/pininfarina-bespoke-electric-battista-gt/,stupiddope.com,20210722T230000Z,English,United States
restoration of vegetated coastal ecosystems,blue carbon,Pants on fire : twelve hallmarks of bogus energy - saving products,https://energycentral.com/c/ec/pants-fire-twelve-hallmarks-bogus-energy-saving-products,energycentral.com,20210722T223000Z,English,United States
restoration of vegetated coastal ecosystems,blue carbon,The Dow Chemical Company ( DOW ) Q2 2021 Earnings Call Transcript,https://www.fool.com/earnings/call-transcripts/2021/07/22/the-dow-chemical-company-dow-q2-2021-earnings-call/?source=iedfolrf0000001,fool.com,20210722T174500Z,English,United States
restoration of vegetated coastal ecosystems,blue carbon,The Dow Chemical Company ( DOW ) Q2 2021 Earnings Call Transcript,https://www.msn.com/en-us/money/companies/the-dow-chemical-company-dow-q2-2021-earnings-call-transcript/ar-AAMrps0,msn.com,20210722T161500Z,English,United States
restoration of vegetated coastal ecosystems,blue carbon,Bugatti Sends Off Divo With Final Customer Delivery,https://www.carscoops.com/2021/07/bugatti-sends-off-divo-with-final-customer-delivery/,carscoops.com,20210722T150000Z,English,United States
restoration of vegetated coastal ecosystems,blue carbon,"Bugatti Divo Production Ends , Last Hypercar Built Is Truly Spectacular",https://www.autoevolution.com/news/bugatti-divo-production-ends-last-hypercar-built-is-truly-spectacular-165776.html,autoevolution.com,20210722T124500Z,English,United States
restoration of vegetated coastal ecosystems,blue carbon,The Final Bugatti Divo Has Been Delivered,https://carbuzz.com/news/the-final-bugatti-divo-has-been-delivered,carbuzz.com,20210722T113000Z,English,United States
restoration of vegetated coastal ecosystems,blue carbon,Key Trends Impacting Fisheries and Aquaculture in the United States,https://www.natlawreview.com/Node/153777,natlawreview.com,20210721T191500Z,English,United States
restoration of vegetated coastal ecosystems,blue carbon,Key Trends Impacting Fisheries and Aquaculture in the United States | Beveridge & Diamond PC,https://www.jdsupra.com/legalnews/key-trends-impacting-fisheries-and-4372254/,jdsupra.com,20210721T151500Z,English,United States
restoration of vegetated coastal ecosystems,blue carbon,The First Bespoke Pininfarina Battista Is A Bare Carbon Beauty Inspired By New York City,https://www.carscoops.com/2021/07/embargo-july-21-1201am-est-the-first-pininfarina-battista-commission-is-a-bare-carbon-beauty-inspired-by-new-york-city/,carscoops.com,20210721T054500Z,English,United States
restoration of vegetated coastal ecosystems,blue carbon,"US Fisheries , Aquaculture Affected By Focus on Climate Change",https://www.natlawreview.com/article/key-trends-impacting-fisheries-and-aquaculture-united-states,natlawreview.com,20210721T001500Z,English,United States
restoration of vegetated coastal ecosystems,blue carbon,What is the environmental impact of private space flight ? – NBC10 Philadelphia,https://www.nbcphiladelphia.com/news/national-international/what-is-the-environmental-impact-of-private-space-flight/2887097/,nbcphiladelphia.com,20210720T214500Z,English,United States
restoration of vegetated coastal ecosystems,blue carbon,What is the environmental impact of private space flight ? – NBC Bay Area,https://www.nbcbayarea.com/news/national-international/what-is-the-environmental-impact-of-private-space-flight/2599865/,nbcbayarea.com,20210720T204500Z,English,United States
restoration of vegetated coastal ecosystems,blue carbon,What is the environmental impact of private space flight ? – NBC Connecticut,https://www.nbcconnecticut.com/news/national-international/what-is-the-environmental-impact-of-private-space-flight/2533032/,nbcconnecticut.com,20210720T204500Z,English,United States
restoration of vegetated coastal ecosystems,blue carbon,What is the environmental impact of private space flight ? – NBC 5 Dallas - Fort Worth,https://www.nbcdfw.com/news/national-international/what-is-the-environmental-impact-of-private-space-flight/2686512/,nbcdfw.com,20210720T204500Z,English,United States
restoration of vegetated coastal ecosystems,blue carbon,What is the environmental impact of private space flight ? – NBC New York,https://www.nbcnewyork.com/news/national-international/what-is-the-environmental-impact-of-private-space-flight/3164477/,nbcnewyork.com,20210720T203000Z,English,United States
restoration of vegetated coastal ecosystems,blue carbon,What is the environmental impact of private space flight ? – NBC4 Washington,https://www.nbcwashington.com/news/national-international/what-is-the-environmental-impact-of-private-space-flight/2736121/,nbcwashington.com,20210720T203000Z,English,United States
restoration of vegetated coastal ecosystems,blue carbon,These Five Waterfall Hikes Are Straight - Up Magical,https://www.backpacker.com/trips/five-must-see-summer-waterfalls/,backpacker.com,20210715T213000Z,English,United States
restoration of vegetated coastal ecosystems,blue carbon,"The 100 Riskiest Cities , 5 New Reasons To Limit Global Warming , and the Future of African Drylands",https://goodmenproject.com/featured-content/the-100-riskiest-cities-5-new-reasons-to-limit-global-warming-and-the-future-of-african-drylands/,goodmenproject.com,20210713T060000Z,English,United States
restoration of vegetated coastal ecosystems,blue carbon,Coastal ecosystems worldwide : Billion - dollar carbon reservoirs,https://phys.org/news/2021-07-coastal-ecosystems-worldwide-billion-dollar-carbon.html,phys.org,20210712T153000Z,English,United States
restoration of vegetated coastal ecosystems,blue carbon,Coastal ecosystems worldwide : Billion - dollar carbon reservoirs,https://www.eurekalert.org/pub_releases/2021-07/gcfi-cew070921.php,eurekalert.org,20210712T153000Z,English,United States
restoration of vegetated coastal ecosystems,blue carbon,Government considers new limits on bottom trawling,http://www.msn.com/en-nz/news/national/government-considers-new-limits-on-bottom-trawling/ar-AAM0RI8,msn.com,20210711T053000Z,English,United States
restoration of vegetated coastal ecosystems,blue carbon,"Seattle , WA : Wildflowers & Waterfalls ( Mt . Rainier National Park )",https://www.backpacker.com/trips/trips-by-state/washington-trails/seattle-wa-wildflowers-waterfalls-mt-rainier-national-park/,backpacker.com,20210709T001500Z,English,United States
restoration of vegetated coastal ecosystems,blue carbon,Can whale feces help save the planet ?,https://phys.org/news/2021-07-whale-feces-planet.html,phys.org,20210708T181500Z,English,United States
restoration of vegetated coastal ecosystems,blue carbon,Can whale poo help save the planet ?,https://www.eurekalert.org/pub_releases/2021-07/g-cwp070821.php,eurekalert.org,20210708T143000Z,English,United States
restoration of vegetated coastal ecosystems,blue carbon,"About 300 homes , the subject of an alleged Ponzi scheme , to be sold around Tampa Bay",https://www.tampabay.com/news/real-estate/2021/07/07/about-300-homes-the-subject-of-alleged-ponzi-scheme-to-be-sold-around-tampa-bay/,tampabay.com,20210707T161500Z,English,United States
restoration of vegetated coastal ecosystems,blue carbon,Sri Lanka the first nation to protect all its mangrove forests,https://eturbonews.com/115952/sri-lanka-first-nation-protect-all-its-mangrove-forests/,eturbonews.com,20210707T104500Z,English,United States
restoration of vegetated coastal ecosystems,blue carbon,UK could become  world leader  in blue hydrogen report,https://www.upstreamonline.com/hydrogen/uk-could-become-world-leader-in-blue-hydrogen-report/2-1-1036251,upstreamonline.com,20210707T090000Z,English,United States
restoration of vegetated coastal ecosystems,blue carbon,IWC Report Emphasizes Enormous Value of Living Whales to Ocean Ecosystems,https://awionline.org/press-releases/iwc-report-emphasizes-enormous-value-living-whales-ocean-ecosystems,awionline.org,20210706T190000Z,English,United States
restoration of vegetated coastal ecosystems,blue carbon,"Blue carbon credits a  growing market , but under - invested at present",https://www.undercurrentnews.com/2021/07/06/blue-carbon-credits-a-growing-market-but-under-invested-at-present/,undercurrentnews.com,20210706T101500Z,English,United States
restoration of vegetated coastal ecosystems,blue carbon,One - Owner 2011 Ferrari 599 GTO Looks Ready to Demolish Its Original MSRP,https://www.autoevolution.com/news/one-owner-2011-ferrari-599-gto-looks-ready-to-demolish-its-original-msrp-164685.html,autoevolution.com,20210705T154500Z,English,United States
restoration of vegetated coastal ecosystems,blue carbon,Americans Support Investing in Our Coasts Congress Should Too - Center for American Progress,https://www.americanprogress.org/issues/green/news/2021/07/02/501314/americans-support-investing-coasts-congress/,americanprogress.org,20210702T134500Z,English,United States
restoration of vegetated coastal ecosystems,blue carbon,The Nitty - Gritty of the Estuary - DNREC Alpha,https://dnrec.alpha.delaware.gov/outdoor-delaware/nitty-gritty-of-the-estuary/,dnrec.alpha.delaware.gov,20210901T180000Z,English,United States
restoration of vegetated coastal ecosystems,blue carbon,"Extreme Weather Cost U . S . Taxpayers $99 Billion Last Year , and It Is Getting Worse",https://www.americanprogress.org/issues/green/reports/2021/09/01/503251/extreme-weather-cost-u-s-taxpayers-99-billion-last-year-getting-worse/,americanprogress.org,20210901T133000Z,English,United States
restoration of vegetated coastal ecosystems,blue carbon,Local researchers examine blue carbon from Salish Sea to Arabian Gulf,https://www.columbian.com/news/2021/aug/30/local-researchers-examine-blue-carbon-from-salish-sea-to-arabian-gulf/,columbian.com,20210831T004500Z,English,United States
restoration of vegetated coastal ecosystems,blue carbon,Researchers probe into region  blue carbon,https://www.goskagit.com/news/local_news/researchers-probe-into-regions-blue-carbon/article_a20a3399-b7ed-5601-ba3d-466d6456b994.html,goskagit.com,20210829T230000Z,English,United States
restoration of vegetated coastal ecosystems,blue carbon,Local researchers examine blue carbon from Salish Sea to Arabian Gulf,https://www.goskagit.com/news/environment/local-researchers-examine-blue-carbon-from-salish-sea-to-arabian-gulf/article_51aa8142-b50e-5eec-b47d-55d8eff4d82f.html,goskagit.com,20210829T144500Z,English,United States
restoration of vegetated coastal ecosystems,blue carbon,"Emissions Reduction Fund reaches 1 , 000 project milestone",https://www.miragenews.com/emissions-reduction-fund-reaches-1000-project-621106/,miragenews.com,20210827T023000Z,English,United States
restoration of vegetated coastal ecosystems,blue carbon,SuperyachtNews . com - Owner - Carbon neutral yacht ownership,https://www.superyachtnews.com/owner/carbon-neutral-yacht-ownership,superyachtnews.com,20210826T133000Z,English,United States
restoration of vegetated coastal ecosystems,blue carbon,1000th Emissions Reduction Fund project,https://www.miragenews.com/1000th-emissions-reduction-fund-project-620269/,miragenews.com,20210826T024500Z,English,United States
restoration of vegetated coastal ecosystems,blue carbon,2022 Ford GT  64 Prototype Heritage Edition is a Feast for the Eyes,https://thenewswheel.com/photos-2022-ford-gt-64-prototype-heritage-edition/,thenewswheel.com,20210824T174500Z,English,United States
restoration of vegetated coastal ecosystems,blue carbon,Salcombe Distilling Co . Launches  1 % For The Ocean  Sustainability Campaign,https://www.bevnet.com/spirits/2021/salcombe-distilling-co-launches-1-for-the-ocean-sustainability-campaign,bevnet.com,20210824T154500Z,English,United States
restoration of vegetated coastal ecosystems,blue carbon,UK Hydrogen Strategy : the real deal or just a lot of hot air ? | Bryan Cave Leighton Paisner,https://www.jdsupra.com/legalnews/uk-s-hydrogen-strategy-the-real-deal-or-5316111/,jdsupra.com,20210823T210000Z,English,United States
restoration of vegetated coastal ecosystems,blue carbon,UK Government Launches Hydrogen Strategy and Business Model Consultation | Latham & Watkins LLP,https://www.jdsupra.com/legalnews/uk-government-launches-hydrogen-9807483/,jdsupra.com,20210823T210000Z,English,United States
restoration of vegetated coastal ecosystems,blue carbon,"New & Notable product releases from DJI , Ruggable and more",http://www.msn.com/en-us/lifestyle/shopping/new-notable-product-releases-from-dji-ruggable-and-more/ar-AANDlgF,msn.com,20210823T144500Z,English,United States
restoration of vegetated coastal ecosystems,blue carbon,Coastal News Today | united states - We can save our coasts with a $10 billion investment,https://www.coastalnewstoday.com/post/usa-we-can-save-our-coasts-with-a-10-billion-investment,coastalnewstoday.com,20210823T004500Z,English,United States
restoration of vegetated coastal ecosystems,blue carbon,Authorities searching for two children believed to be in danger and heading from Utah to Washington,https://www.hjnews.com/news/crime_courts/authorities-searching-for-two-children-believed-to-be-in-danger-and-heading-from-utah-to/article_24fd5ae1-0057-5977-8227-51ee52824e6d.html,hjnews.com,20210820T201500Z,English,United States
restoration of vegetated coastal ecosystems,blue carbon,We can save our coasts with a $10 billion investment,https://thehill.com/opinion/energy-environment/568557-we-can-save-our-coasts-with-a-10-billion-investment,thehill.com,20210819T211500Z,English,United States
restoration of vegetated coastal ecosystems,blue carbon,"Skeptical Science New Research for Week # 33 , 2021",https://skepticalscience.com/new_research_2021_33.html,skepticalscience.com,20210819T074500Z,English,United States
restoration of vegetated coastal ecosystems,blue carbon,UK Government Launches Plan for a World - Leading Hydrogen Economy – Advanced BioFuels united states,https://advancedbiofuelsusa.info/uk-government-launches-plan-for-a-world-leading-hydrogen-economy/,advancedbiofuelsusa.info,20210818T150000Z,English,United States
restoration of vegetated coastal ecosystems,blue carbon,Science Week focus on climate adaptation and resilience,https://www.miragenews.com/science-week-focus-on-climate-adaptation-and-615682/,miragenews.com,20210818T071500Z,English,United States
restoration of vegetated coastal ecosystems,blue carbon,New report shows impacts of climate change and extreme weather in Latin America and Caribbean,https://www.miragenews.com/new-report-shows-impacts-of-climate-change-and-615116/,miragenews.com,20210817T153000Z,English,United States
restoration of vegetated coastal ecosystems,blue carbon,Tecovas Collaborates With Made In for New Outdoor Grilling Collection and Limited - Edition Boots,http://www.msn.com/en-us/lifestyle/shopping/tecovas-collaborates-with-made-in-for-new-outdoor-grilling-collection-and-limited-edition-boots/ar-AANq0fI,msn.com,20210817T150000Z,English,United States
restoration of vegetated coastal ecosystems,blue carbon,Millions affected by climate change and extreme weather in Latin America and Caribbean,https://www.miragenews.com/millions-affected-by-climate-change-and-extreme-615096/,miragenews.com,20210817T144500Z,English,United States
restoration of vegetated coastal ecosystems,blue carbon,UK government launches first Hydrogen Strategy,https://www.greencarcongress.com/2021/08/20210817-ukh2.html,greencarcongress.com,20210817T114500Z,English,United States
restoration of vegetated coastal ecosystems,blue carbon,Ford GT composite supercar is going out of production in 2022,https://www.compositesworld.com:443/news/ford-gt-composite-supercar-is-going-out-of-production-in-2022,compositesworld.com,20210813T171500Z,English,United States
restoration of vegetated coastal ecosystems,blue carbon,NATURE IN THE NEIGHBORHOOD : The plant that can save the planet,https://www.wickedlocal.com/story/swampscott-reporter/2021/08/11/nature-neighborhood-plant-can-save-planet/8099611002/,wickedlocal.com,20210812T201500Z,English,United States
restoration of vegetated coastal ecosystems,blue carbon,Top 10 Hypercars for Sale at Monterey Car Week 2021,https://gtspirit.com/2021/08/12/top-10-hypercars-for-sale-at-monterey-car-week-2021/,gtspirit.com,20210812T171500Z,English,United States
restoration of vegetated coastal ecosystems,blue carbon,"2022 Ford GT Shown in  64 Prototype Guise , Wimbledon White Paint and More",https://www.autoevolution.com/news/2022-ford-gt-shown-in-64-prototype-guise-wimbledon-white-paint-and-more-167176.html,autoevolution.com,20210812T153000Z,English,United States
restoration of vegetated coastal ecosystems,blue carbon,Ford announces a limited run 2022 Ford GT  64 Heritage Edition,https://www.slashgear.com/ford-announces-a-limited-run-2022-ford-gt-64-heritage-edition-12686304/,slashgear.com,20210812T133000Z,English,United States
restoration of vegetated coastal ecosystems,blue carbon,"The new $500 , 000 Ford GT supercar looks very old",https://www.foxnews.com/auto/500000-ford-gt,foxnews.com,20210812T121500Z,English,United States
restoration of vegetated coastal ecosystems,blue carbon,Estimating Australia  blue carbon  potential,https://www.miragenews.com/estimating-australias-blue-carbon-potential-612017/,miragenews.com,20210811T201500Z,English,United States
restoration of vegetated coastal ecosystems,blue carbon,"Global Wood Based Activated Carbon Market 2021 Top Manufactures , Key Regions , Development Status , Industry Scope and Forecast to 2027",https://www.bignewsnetwork.com/news/270670969/global-wood-based-activated-carbon-market-2021-top-manufactures-key-regions-development-status-industry-scope-and-forecast-to-2027,bignewsnetwork.com,20210811T090000Z,English,United States
restoration of vegetated coastal ecosystems,blue carbon,"CF Industries Holdings , Inc . Reports First Half 2021 Net Earnings of $397 Million , EBITDA of $994 Million , Adjusted EBITDA of $997 Million",https://www.businesswire.com/news/home/20210809005788/en/CF-Industries-Holdings-Inc.-Reports-First-Half-2021-Net-Earnings-of-397-Million-EBITDA-of-994-Million-Adjusted-EBITDA-of-997-Million,businesswire.com,20210809T211500Z,English,United States
restoration of vegetated coastal ecosystems,blue carbon,"CF Industries Holdings , Inc . Announces Partial Redemption of Senior Notes Due 2023",https://apnews.com/press-release/business-wire/business-health-coronavirus-pandemic-89e83e224e484bf0b2c5d3f9bcf01da8,apnews.com,20210809T204500Z,English,United States
restoration of vegetated coastal ecosystems,blue carbon,Analysis with the Eltra Elementrac Series,https://www.azom.com/article.aspx?ArticleID=20584,azom.com,20210806T133000Z,English,United States
restoration of vegetated coastal ecosystems,blue carbon,Blue carbon cant wait,https://science.sciencemag.org/content/373/6555/601,science.sciencemag.org,20210805T191500Z,English,United States
restoration of vegetated coastal ecosystems,blue carbon,Blue carbon cant wait,https://science.sciencemag.org/content/373/6555/601.full,science.sciencemag.org,20210805T190000Z,English,United States
restoration of vegetated coastal ecosystems,blue carbon,Can this mineral help boost the carbon stored in oceans ?,https://www.greenbiz.com/article/can-mineral-help-boost-carbon-stored-oceans,greenbiz.com,20210805T140000Z,English,United States
restoration of vegetated coastal ecosystems,blue carbon,Carbon Streaming Announces Carbon Credit Stream Agreement on the Rimba Raya Biodiversity Reserve and Strategic Partnership With Infinite - EARTH Founders,https://www.streetinsider.com/Business+Wire/Carbon+Streaming+Announces+Carbon+Credit+Stream+Agreement+on+the+Rimba+Raya+Biodiversity+Reserve+and+Strategic+Partnership+With+Infinite-EARTH+Founders/18758305.html,streetinsider.com,20210805T093000Z,English,United States
restoration of vegetated coastal ecosystems,blue carbon,Oregon Climate Plan Is First in U . S . to Account for  Blue Carbon  Benefits of Coastal Habitats,https://www.pewtrusts.org/en/research-and-analysis/articles/2021/08/05/oregon-climate-plan-is-first-in-us-to-account-for-blue-carbon-benefits-of-coastal-habitats,pewtrusts.org,20210805T074500Z,English,United States
restoration of vegetated coastal ecosystems,blue carbon,Adnoc Sells Trial Cargo of Blue Ammonia to Itochu,https://www.rigzone.com/news/wire/adnoc_sells_trial_cargo_of_blue_ammonia_to_itochu-03-aug-2021-166099-article/,rigzone.com,20210803T140000Z,English,United States
restoration of vegetated coastal ecosystems,blue carbon,Carbon Streaming Announces Carbon Credit Stream Agreement on the Rimba Raya Biodiversity Reserve and Strategic Partnership With Infinite - EARTH Founders,https://www.businesswire.com/news/home/20210803005415/en/Carbon-Streaming-Announces-Carbon-Credit-Stream-Agreement-on-the-Rimba-Raya-Biodiversity-Reserve-and-Strategic-Partnership-With-Infinite-EARTH-Founders,businesswire.com,20210803T133000Z,English,United States
restoration of vegetated coastal ecosystems,blue carbon,Carbon Streaming Announces Carbon Credit Stream Agreement on the Rimba Raya Biodiversity Reserve and Strategic Partnership With Infinite - EARTH Founders,https://www.businesswire.com/news/home/20210803005415/en/Carbon-Streaming-Announces-Carbon-Credit-Stream-Agreement-on-the-Rimba-Raya-Biodiversity-Reserve-and-Strategic-Partnership-With-Infinite-EARTH-Founders/,businesswire.com,20210803T133000Z,English,United States
restoration of vegetated coastal ecosystems,blue carbon,Made In Blue Carbon Steel Frying Pan Sale : August 2021,https://www.apartmenttherapy.com/made-in-blue-carbon-steel-skillet-sale-august-2021-36957223,apartmenttherapy.com,20210803T131500Z,English,United States
restoration of vegetated coastal ecosystems,blue carbon,Pew Applauds Seychelle Pioneering Plan to Protect Seagrass,https://www.prnewswire.com/news-releases/pew-applauds-seychelles-pioneering-plan-to-protect-seagrass-301346701.html,prnewswire.com,20210803T103000Z,English,United States
restoration of vegetated coastal ecosystems,blue carbon,Pew Applauds Seychelle Pioneering Plan to Protect Seagrass,https://www.prnewswire.com:443/news-releases/pew-applauds-seychelles-pioneering-plan-to-protect-seagrass-301346701.html,prnewswire.com,20210803T103000Z,English,United States
restoration of vegetated coastal ecosystems,blue carbon,Pew Applauds Seychelle Pioneering Plan to Protect Seagrass,https://apnews.com/press-release/pr-newswire/africa-climate-change-seychelles-ca3a93b73b9428413753a856f0b64247,apnews.com,20210803T103000Z,English,United States
restoration of vegetated coastal ecosystems,blue carbon,Review : Troy Lee Design Drift Jersey and Shorts,https://www.pinkbike.com/news/review-troy-lee-designs-lightweight-drift-jerseys-and-shorts.html,pinkbike.com,20211001T154500Z,English,United States
restoration of vegetated coastal ecosystems,blue carbon,"Coastal News Today | UAE - Gulf waters already changing  dramatically  due to global warming , research finds",https://www.coastalnewstoday.com/post/uae-gulf-waters-already-changing-dramatically-due-to-global-warming-research-finds,coastalnewstoday.com,20210930T221500Z,English,United States
restoration of vegetated coastal ecosystems,blue carbon,Sustainability research at NUS gets boost from Temasek,https://www.miragenews.com/sustainability-research-at-nus-gets-boost-from-642578/,miragenews.com,20210930T051500Z,English,United States
restoration of vegetated coastal ecosystems,blue carbon,Cutting Down on Carbon with the Help of Sea Kelp,https://www.azocleantech.com/article.aspx?ArticleID=1320,azocleantech.com,20210930T011500Z,English,United States
restoration of vegetated coastal ecosystems,blue carbon,"Gulf waters already changing  dramatically  due to global warming , research finds",https://www.msn.com/en-ae/news/national/gulf-waters-already-changing-dramatically-due-to-global-warming-research-finds/ar-AAOW421,msn.com,20210929T041500Z,English,United States
restoration of vegetated coastal ecosystems,blue carbon,Rainforests of the Sea : Why Kelp Could Help Save the Planet,https://www.maritime-executive.com/editorials/rainforests-of-the-sea-why-kelp-could-help-save-the-planet,maritime-executive.com,20210928T020000Z,English,United States
restoration of vegetated coastal ecosystems,blue carbon,Rainforests of the Sea : Why Kelp Could Help Save the Planet,https://maritime-executive.com/editorials/rainforests-of-the-sea-why-kelp-could-help-save-the-planet,maritime-executive.com,20210928T004500Z,English,United States
restoration of vegetated coastal ecosystems,blue carbon,Japan to reduce CO2 with clean ammonia,https://www.gasworld.com/japan-to-reduce-co2-with-clean-ammonia/2021807.article,gasworld.com,20210927T143000Z,English,United States
restoration of vegetated coastal ecosystems,blue carbon,Changing Tides : Lose the seagrass and lose the fisheries,https://www.msn.com/en-us/weather/topstories/changing-tides-lose-the-seagrass-and-lose-the-fisheries/ar-AAOPQX8,msn.com,20210927T133000Z,English,United States
restoration of vegetated coastal ecosystems,blue carbon,Blue Bottle Coffee Commits To Carbon Neutrality By 2024,https://www.pollutiononline.com/doc/blue-bottle-coffee-commits-to-carbon-neutrality-by-0001,pollutiononline.com,20210927T121500Z,English,United States
restoration of vegetated coastal ecosystems,blue carbon,Florida Legislature can do even more to make us resilient to climate change and sea level rise,https://www.tampabay.com/opinion/2021/09/27/florida-legislature-can-do-even-more-to-make-us-resilient-to-climate-change-and-sea-level-rise-column/,tampabay.com,20210927T103000Z,English,United States
restoration of vegetated coastal ecosystems,blue carbon,Changing Tides : Lose the seagrass and lose the fisheries,https://www.fayobserver.com/story/opinion/2021/09/26/north-carolina-changing-tides-lose-seagrass-fisheries/5830759001/,fayobserver.com,20210926T113000Z,English,United States
restoration of vegetated coastal ecosystems,blue carbon,Why the Market for  Blue Carbon  Credits May Be Poised to Take Off,https://e360.yale.edu/features/why-the-market-for-blue-carbon-credits-may-be-poised-to-take-off,e360.yale.edu,20210926T063000Z,English,United States
restoration of vegetated coastal ecosystems,blue carbon,U . S . eyes wetland restoration as hedge against climate change,https://www.eenews.net/articles/u-s-eyes-wetland-restoration-as-hedge-against-climate-change/,eenews.net,20210924T181500Z,English,United States
restoration of vegetated coastal ecosystems,blue carbon,Leaders Urged to Shape Sustainable and Inclusive Future Together at Summit Close,https://www.miragenews.com/leaders-urged-to-shape-sustainable-and-638545/,miragenews.com,20210923T174500Z,English,United States
restoration of vegetated coastal ecosystems,blue carbon,Natural Climate Solutions : Why We Need Them,https://news.climate.columbia.edu/2021/09/23/natural-climate-solutions-why-we-need-them/,news.climate.columbia.edu,20210923T140000Z,English,United States
restoration of vegetated coastal ecosystems,blue carbon,UPPAbaby Blazes New Trails with the Introduction of the RIDGE All - Terrain Stroller,https://www.prnewswire.com/news-releases/uppababy-blazes-new-trails-with-the-introduction-of-the-ridge-all-terrain-stroller-301381942.html,prnewswire.com,20210921T194500Z,English,United States
restoration of vegetated coastal ecosystems,blue carbon,UPPAbaby Blazes New Trails with the Introduction of the RIDGE All - Terrain Stroller,https://www.prnewswire.com:443/news-releases/uppababy-blazes-new-trails-with-the-introduction-of-the-ridge-all-terrain-stroller-301381942.html,prnewswire.com,20210921T194500Z,English,United States
restoration of vegetated coastal ecosystems,blue carbon,Blue Bottle Coffee Commits To Carbon Neutrality By 2024,https://www.streetinsider.com/PRNewswire/Blue+Bottle+Coffee+Commits+To+Carbon+Neutrality+By+2024/18964078.html,streetinsider.com,20210921T193000Z,English,United States
restoration of vegetated coastal ecosystems,blue carbon,UPPAbaby Introduces All - Terrain Jogger and Playard to Product Lineup,http://homenewshere.com/news/state/article_3afd0e8d-8340-5512-89c0-e9799e478fb4.html,homenewshere.com,20210921T193000Z,English,United States
restoration of vegetated coastal ecosystems,blue carbon,UPPAbaby Introduces All - Terrain Jogger and Playard to Product Lineup,https://www.prnewswire.com/news-releases/uppababy-introduces-all-terrain-jogger-and-playard-to-product-lineup-301381877.html,prnewswire.com,20210921T183000Z,English,United States
restoration of vegetated coastal ecosystems,blue carbon,UPPAbaby Introduces All - Terrain Jogger and Playard to Product Lineup,https://www.prnewswire.com:443/news-releases/uppababy-introduces-all-terrain-jogger-and-playard-to-product-lineup-301381877.html,prnewswire.com,20210921T183000Z,English,United States
restoration of vegetated coastal ecosystems,blue carbon,Get Your Hands on Made In Carbon Steel Fry Pan While It Back in Stock,https://www.apartmenttherapy.com/made-in-carbon-steel-pan-in-stock-september-2021-36978564,apartmenttherapy.com,20210921T154500Z,English,United States
restoration of vegetated coastal ecosystems,blue carbon,Blue Bottle Coffee Commits To Carbon Neutrality By 2024,https://www.prnewswire.com:443/news-releases/blue-bottle-coffee-commits-to-carbon-neutrality-by-2024-301381712.html,prnewswire.com,20210921T153000Z,English,United States
restoration of vegetated coastal ecosystems,blue carbon,Blue Bottle Coffee Commits To Carbon Neutrality By 2024,https://www.prnewswire.com/news-releases/blue-bottle-coffee-commits-to-carbon-neutrality-by-2024-301381712.html,prnewswire.com,20210921T153000Z,English,United States
restoration of vegetated coastal ecosystems,blue carbon,"On N . C . coast , lose the seagrass and lose the fisheries",https://www.carolinacoastonline.com/regional/article_08507b68-1acf-11ec-9414-0b9681c89ea7.html,carolinacoastonline.com,20210921T120000Z,English,United States
restoration of vegetated coastal ecosystems,blue carbon,Ford GT pays homage to its origins with limited - run Heritage Edition celebrating 1964 prototypes,https://www.jeccomposites.com/news/ford-gt-pays-homage-to-its-origins-with-limited-run-heritage-edition-celebrating-1964-prototypes/,jeccomposites.com,20210921T084500Z,English,United States
restoration of vegetated coastal ecosystems,blue carbon,Coastal News Today | World - Coastal  Blue Carbon : An Important Tool for Combating Climate Change,https://www.coastalnewstoday.com/post/world-coastal-blue-carbon-an-important-tool-for-combating-climate-change,coastalnewstoday.com,20210921T014500Z,English,United States
restoration of vegetated coastal ecosystems,blue carbon,Check Out the 2022 Lexus RC F - The News Wheel,https://thenewswheel.com/check-out-the-2022-lexus-rc-f/,thenewswheel.com,20210920T204500Z,English,United States
restoration of vegetated coastal ecosystems,blue carbon,Coastal  Blue Carbon : An Important Tool for Combating Climate Change,https://www.pewtrusts.org/en/research-and-analysis/issue-briefs/2021/09/coastal-blue-carbon-an-important-tool-for-combating-climate-change,pewtrusts.org,20210920T141500Z,English,United States
restoration of vegetated coastal ecosystems,blue carbon,Joint Statement on Australia - U . S . Ministerial Consultations ( AUSMIN ) 2021 - United States Department of State,https://www.state.gov/joint-statement-on-australia-u-s-ministerial-consultations-ausmin-2021/,state.gov,20210918T000000Z,English,United States
restoration of vegetated coastal ecosystems,blue carbon,Scientists Flood Forests to Mimic Rising Seas,https://www.scientificamerican.com/article/scientists-flood-forests-to-mimic-rising-seas/,scientificamerican.com,20210917T183000Z,English,United States
restoration of vegetated coastal ecosystems,blue carbon,Get Your Hands on Made In Carbon Steel Fry Pan While It Back in Stock,https://www.thekitchn.com/made-in-carbon-steel-pan-in-stock-september-2021-23229019,thekitchn.com,20210917T183000Z,English,United States
restoration of vegetated coastal ecosystems,blue carbon,Lose The Seagrass And Lose The Fisheries,https://www.wfae.org/energy-environment/2021-09-17/lose-the-seagrass-and-lose-the-fisheries,wfae.org,20210917T171500Z,English,United States
restoration of vegetated coastal ecosystems,blue carbon,Cutting Down on Carbon with the Help of Sea Kelp,https://www.azocleantech.com/article.aspx?ArticleID=1320,azocleantech.com,20210917T131500Z,English,United States
restoration of vegetated coastal ecosystems,blue carbon,Scientists flood forests to mimic rising seas,https://www.eenews.net/articles/scientists-flood-forests-to-mimic-rising-seas/,eenews.net,20210917T123000Z,English,United States
restoration of vegetated coastal ecosystems,blue carbon,Deep - sea mining : civil society sounds the alarm on the threat posed to biodiversity,https://www.equaltimes.org/deep-sea-mining-civil-society,equaltimes.org,20210917T061500Z,English,United States
restoration of vegetated coastal ecosystems,blue carbon,"US - Australia Fortify Climate , Environmental , Human Rights Alliance",https://ens-newswire.com/us-australia-fortify-climate-environmental-human-rights-alliance/,ens-newswire.com,20210917T020000Z,English,United States
restoration of vegetated coastal ecosystems,blue carbon,Statement on Australia - U . S . Ministerial Consultations 2021,https://www.miragenews.com/statement-on-australia-us-ministerial-634069/,miragenews.com,20210917T001500Z,English,United States
restoration of vegetated coastal ecosystems,blue carbon,Advancing Climate Action in Americas,https://www.miragenews.com/advancing-climate-action-in-americas-633829/,miragenews.com,20210916T173000Z,English,United States
restoration of vegetated coastal ecosystems,blue carbon,Never Forget : 911 commemorative service held in Bullard,https://www.jacksonvilleprogress.com/news/never-forget-911-commemorative-service-held-in-bullard/article_08719ada-154a-11ec-b93f-d3c7346c189b.html,jacksonvilleprogress.com,20210914T133000Z,English,United States
restoration of vegetated coastal ecosystems,blue carbon,Norwegian Election Prompts Reassessment of Fossil Fuel Usage,https://impakter.com/norwegian-election-prompts-reassessment-of-fossil-fuel-usage/,impakter.com,20210913T173000Z,English,United States
restoration of vegetated coastal ecosystems,blue carbon,"To Harness the Power of the Ocean To Fight Climate Change , the Biden Administration Needs a Plan",https://www.americanprogress.org/issues/green/news/2021/09/10/503566/harness-power-ocean-fight-climate-change-biden-administration-needs-plan/,americanprogress.org,20210910T150000Z,English,United States
restoration of vegetated coastal ecosystems,blue carbon,Marine Water Quality Program Completes its Third Year,https://www.miragenews.com/marine-water-quality-program-completes-its-629123/,miragenews.com,20210909T130000Z,English,United States
restoration of vegetated coastal ecosystems,blue carbon,2022 Lexus RC F and RC F Fuji Speedway growl on nearly unchanged,http://www.msn.com/en-us/autos/news/2022-lexus-rc-f-and-rc-f-fuji-speedway-growl-on-nearly-unchanged/ar-AAOcmgn,msn.com,20210907T204500Z,English,United States
restoration of vegetated coastal ecosystems,blue carbon,2022 Lexus RC F and RC F Fuji Speedway growl on nearly unchanged,https://www.autoblog.com/2021/09/07/2022-lexus-rc-f-fuji-speedway/,autoblog.com,20210907T193000Z,English,United States
restoration of vegetated coastal ecosystems,blue carbon,Bigelow Scientist On How Environmental DNA Could Help Maine Monitor Oceans,https://www.mainepublic.org/environment-and-outdoors/2021-09-06/bigelow-scientist-on-how-environmental-dna-could-help-maine-monitor-oceans,mainepublic.org,20210906T160000Z,English,United States
restoration of vegetated coastal ecosystems,blue carbon,911 commemorative events to be held in Bullard,https://www.jacksonvilleprogress.com/news/911-commemorative-events-to-be-held-in-bullard/article_8895eaa6-0d1e-11ec-9c1c-e36bbc80df0e.html,jacksonvilleprogress.com,20210905T014500Z,English,United States
restoration of vegetated coastal ecosystems,blue carbon,Linking humans with blue carbon ecosystems,https://phys.org/news/2021-09-linking-humans-blue-carbon-ecosystems.html,phys.org,20210903T131500Z,English,United States
restoration of vegetated coastal ecosystems,blue carbon,Linking humans with blue carbon ecosystems,https://www.miragenews.com/linking-humans-with-blue-carbon-ecosystems-625555/,miragenews.com,20210903T053000Z,English,United States
restoration of vegetated coastal ecosystems,blue carbon,7 Barbecue Accessories That Elevated My Grilling Game This Summer,http://www.msn.com/en-us/foodanddrink/foodnews/7-barbecue-accessories-that-elevated-my-grilling-game-this-summer/ar-AAO1WsP,msn.com,20210902T211500Z,English,United States
restoration of vegetated coastal ecosystems,blue carbon,The Nitty - Gritty of the Estuary - DNREC Alpha,https://dnrec.alpha.delaware.gov/outdoor-delaware/nitty-gritty-of-the-estuary/,dnrec.alpha.delaware.gov,20210901T180000Z,English,United States
restoration of vegetated coastal ecosystems,blue carbon,"Extreme Weather Cost U . S . Taxpayers $99 Billion Last Year , and It Is Getting Worse",https://www.americanprogress.org/issues/green/reports/2021/09/01/503251/extreme-weather-cost-u-s-taxpayers-99-billion-last-year-getting-worse/,americanprogress.org,20210901T133000Z,English,United States
restoration of vegetated coastal ecosystems,blue carbon,Cadillac CT5 - V Blackwing Looks Slick With Custom Stripes,https://gmauthority.com/blog/2021/12/cadillac-ct5-v-blackwing-looks-slick-with-custom-stripes/,gmauthority.com,20211230T233000Z,English,United States
restoration of vegetated coastal ecosystems,blue carbon,Coastal News Today | World - 2021 top ocean news stories ( commentary ),https://www.coastalnewstoday.com/post/world-2021s-top-ocean-news-stories-commentary,coastalnewstoday.com,20211230T100000Z,English,United States
restoration of vegetated coastal ecosystems,blue carbon,Hexagon R - evolution expands its sustainability agenda to help protect coastal blue carbon ecosystems,https://gisuser.com/2021/12/hexagons-r-evolution-expands-its-sustainability-agenda-to-help-protect-coastal-blue-carbon-ecosystems/,gisuser.com,20211227T180000Z,English,United States
restoration of vegetated coastal ecosystems,blue carbon,NC salt marshes hold carbon dioxide . What happens if they die ?,https://www.jdnews.com/story/news/2021/12/23/north-carolina-salt-marsh-carbon-dioxide-sea-levels-climate-change/6465441001/,jdnews.com,20211227T163000Z,English,United States
restoration of vegetated coastal ecosystems,blue carbon,Blue Ocean Solutions for Climate Resilience and Accelerated Development,https://www.ipsnews.net/2021/12/blue-ocean-solutions-climate-resilience-accelerated-development/,ipsnews.net,20211227T121500Z,English,United States
restoration of vegetated coastal ecosystems,blue carbon,Learn a New Hobby Online : 10 Best Fun Hobbies & Projects to Try Online,https://www.rollingstone.com/product-recommendations/lifestyle/learn-new-hobby-online-986209/,rollingstone.com,20211226T193000Z,English,United States
restoration of vegetated coastal ecosystems,blue carbon,NC salt marshes hold carbon dioxide . What happens if they die ?,https://www.gastongazette.com/story/news/2021/12/23/north-carolina-salt-marsh-carbon-dioxide-sea-levels-climate-change/6465441001/,gastongazette.com,20211225T014500Z,English,United States
restoration of vegetated coastal ecosystems,blue carbon,NC salt marshes hold carbon dioxide . What happens if they die ?,https://www.kinston.com/story/news/2021/12/23/north-carolina-salt-marsh-carbon-dioxide-sea-levels-climate-change/6465441001/,kinston.com,20211224T113000Z,English,United States
restoration of vegetated coastal ecosystems,blue carbon,Op - ed : Who defining sustainability for aquaculture ?,https://www.seafoodsource.com/news/aquaculture/op-ed-who-s-defining-sustainability-for-aquaculture,seafoodsource.com,20211223T220000Z,English,United States
restoration of vegetated coastal ecosystems,blue carbon,"The 2022 Porsche 911 GT3 might be the best ever , and you can win one",https://www.autoblog.com/2021/12/22/2022-porsche-911-gt3-omaze/,autoblog.com,20211222T211500Z,English,United States
restoration of vegetated coastal ecosystems,blue carbon,Blue Ocean Solutions for Climate Resilience and Accelerated Development,https://www.newyorktelegraph.com/news/272002970/blue-ocean-solutions-for-climate-resilience-and-accelerated-development,newyorktelegraph.com,20211222T210000Z,English,United States
restoration of vegetated coastal ecosystems,blue carbon,Blue Ocean Solutions for Climate Resilience and Accelerated Development,https://www.sandiegosun.com/news/272002970/blue-ocean-solutions-for-climate-resilience-and-accelerated-development,sandiegosun.com,20211222T210000Z,English,United States
restoration of vegetated coastal ecosystems,blue carbon,Blue Ocean Solutions for Climate Resilience and Accelerated Development,https://www.texasguardian.com/news/272002970/blue-ocean-solutions-for-climate-resilience-and-accelerated-development,texasguardian.com,20211222T204500Z,English,United States
restoration of vegetated coastal ecosystems,blue carbon,Blue Ocean Solutions for Climate Resilience and Accelerated Development – Business,https://ipsnews.net/business/2021/12/22/blue-ocean-solutions-for-climate-resilience-and-accelerated-development/,ipsnews.net,20211222T203000Z,English,United States
restoration of vegetated coastal ecosystems,blue carbon,Blue Ocean Solutions for Climate Resilience and Accelerated Development,http://www.ipsnews.net/2021/12/blue-ocean-solutions-climate-resilience-accelerated-development/,ipsnews.net,20211222T140000Z,English,United States
restoration of vegetated coastal ecosystems,blue carbon,Coastal Bend carbon - capturing natural ecosystems can help lower CO2,https://www.caller.com/story/opinion/forums/2021/12/22/coastal-bends-carbon-capturing-natural-ecosystems-can-help-lower-co-2/8970319002/,caller.com,20211222T134500Z,English,United States
restoration of vegetated coastal ecosystems,blue carbon,Luke Strominger : COP26 reinforces the need to focus on local climate solutions,https://floridapolitics.com/archives/481643-luke-strominger-cop26-reinforces-the-need-to-focus-on-local-climate-solutions/,floridapolitics.com,20211221T201500Z,English,United States
restoration of vegetated coastal ecosystems,blue carbon,Opinion : Want to save the oceans from climate change ? Support this bill now .,https://www.sandiegouniontribune.com/opinion/commentary/story/2021-12-21/ocean-based-climate-solutions-act-2021,sandiegouniontribune.com,20211221T191500Z,English,United States
restoration of vegetated coastal ecosystems,blue carbon,Hexagon Deploys Airborne Bathymetric Lidar to Protect Marine Environments,https://www.hydro-international.com/content/news/hexagon-deploys-airborne-bathymetric-lidar-to-protect-marine-environments,hydro-international.com,20211221T164500Z,English,United States
restoration of vegetated coastal ecosystems,blue carbon,Vaccine Famine & its Impact on African Economies,https://www.ipsnews.net/2021/12/vaccine-famine-impact-african-economies/,ipsnews.net,20211221T123000Z,English,United States
restoration of vegetated coastal ecosystems,blue carbon,Vaccine Famine & its Impact on African Economies,http://www.ipsnews.net/2021/12/vaccine-famine-impact-african-economies/,ipsnews.net,20211221T081500Z,English,United States
restoration of vegetated coastal ecosystems,blue carbon,Coastal News Today | EU - Restoring the coast with natural solutions,https://www.coastalnewstoday.com/post/eu-restoring-the-coast-with-natural-solutions,coastalnewstoday.com,20211221T041500Z,English,United States
restoration of vegetated coastal ecosystems,blue carbon,Coastal News Today | FL - Seagrass is not miracle solution against climate change,https://www.coastalnewstoday.com/post/fl-seagrass-is-not-miracle-solution-against-climate-change,coastalnewstoday.com,20211221T041500Z,English,United States
restoration of vegetated coastal ecosystems,blue carbon,National Marine Fisheries Service ( via Public ) / Oregon Habitat Restoration Project Supports Millions of Dollars in Community and Economic Benefits,http://www.publicnow.com/view/1D0CDDFFE8300E5C82B6A644C6C133607055379E,publicnow.com,20211220T200000Z,English,United States
restoration of vegetated coastal ecosystems,blue carbon,"To cut climate risks and keep 1 . 5 alive , wetlands are key",https://news.trust.org/item/20211220075434-w5hl9/,news.trust.org,20211220T114500Z,English,United States
restoration of vegetated coastal ecosystems,blue carbon,"To cut climate risks and keep 1 . 5 alive , wetlands are key",http://news.trust.org/item/20211220075434-w5hl9/,news.trust.org,20211220T084500Z,English,United States
restoration of vegetated coastal ecosystems,blue carbon,"Cadillac CT5 - V Blackwing Has 4 , 500 Redline Until Break - In",https://gmauthority.com/blog/2021/12/cadillac-ct5-v-blackwing-has-4500-redline-until-500-mile-break-in-is-completed/,gmauthority.com,20211219T194500Z,English,United States
restoration of vegetated coastal ecosystems,blue carbon,Unpacked : South Australia Plans for Becoming Climate Smart and Resilient,https://goodmenproject.com/featured-content/unpacked-south-australias-plans-for-becoming-climate-smart-and-resilient/,goodmenproject.com,20211218T233000Z,English,United States
restoration of vegetated coastal ecosystems,blue carbon,Seagrass and climate change,https://www.sciencecodex.com/seagrass-and-climate-change-678313,sciencecodex.com,20211217T004500Z,English,United States
restoration of vegetated coastal ecosystems,blue carbon,Hexagon R - evolution expands its sustainability agenda to help protect coastal blue carbon ecosystems,https://www.streetinsider.com/PRNewswire/Hexagons%20R-evolution%20expands%20its%20sustainability%20agenda%20to%20help%20protect%20coastal%20blue%20carbon%20ecosystems/19360063.html,streetinsider.com,20211216T163000Z,English,United States
restoration of vegetated coastal ecosystems,blue carbon,Seagrass Meadows may not Always Aid in Combating Climate Change,https://www.azocleantech.com/news.aspx?newsID=30863,azocleantech.com,20211216T140000Z,English,United States
restoration of vegetated coastal ecosystems,blue carbon,Hexagon R - evolution expands its sustainability agenda to help protect coastal blue carbon ecosystems,https://www.prnewswire.com/news-releases/hexagons-r-evolution-expands-its-sustainability-agenda-to-help-protect-coastal-blue-carbon-ecosystems-301446504.html,prnewswire.com,20211216T134500Z,English,United States
restoration of vegetated coastal ecosystems,blue carbon,Hexagon R - evolution expands its sustainability agenda to help protect coastal blue carbon ecosystems,https://www.prnewswire.com:443/news-releases/hexagons-r-evolution-expands-its-sustainability-agenda-to-help-protect-coastal-blue-carbon-ecosystems-301446504.html,prnewswire.com,20211216T134500Z,English,United States
restoration of vegetated coastal ecosystems,blue carbon,Two Williams County companies continue to win favor with the Clean Sustainable Energy Authority,https://www.willistonherald.com/two-williams-county-companies-continue-to-win-favor-with-the-clean-sustainable-energy-authority/article_e04daeb2-5dfc-11ec-88ed-6b8dee068eaa.html,willistonherald.com,20211216T040000Z,English,United States
restoration of vegetated coastal ecosystems,blue carbon,Blue carbon grants for native species,https://www.miragenews.com/blue-carbon-grants-for-native-species-695439/,miragenews.com,20211216T004500Z,English,United States
restoration of vegetated coastal ecosystems,blue carbon,Seagrass is not a miracle solution against climate change,https://phys.org/news/2021-12-seagrass-miracle-solution-climate.html,phys.org,20211215T200000Z,English,United States
restoration of vegetated coastal ecosystems,blue carbon,This Ford Mustang Is Allegedly the Quickest Stock Pulley GT500 Down the 1 / 4 Mile,https://www.autoevolution.com/news/this-ford-mustang-is-allegedly-the-quickest-stock-pulley-gt500-down-the-1-4-mile-176460.html,autoevolution.com,20211214T094500Z,English,United States
restoration of vegetated coastal ecosystems,blue carbon,GM Sent This Gift To 2022 Cadillac Blackwing Sedan Owners,https://gmauthority.com/blog/2021/12/heres-the-gift-gm-sent-to-2022-cadillac-blackwing-sedan-owners/,gmauthority.com,20211212T104500Z,English,United States
restoration of vegetated coastal ecosystems,blue carbon,A healthy environment as a human right in Coastal East Africa,https://www.worldwildlife.org/stories/a-healthy-environment-as-a-human-right-in-coastal-east-africa,worldwildlife.org,20211210T191500Z,English,United States
restoration of vegetated coastal ecosystems,blue carbon,"CF Industries Holdings , Inc . Raises Guidance for Full Year 2021 Adjusted EBITDA Results",https://www.businesswire.com/news/home/20211209006057/en/CF-Industries-Holdings-Inc.-Raises-Guidance-for-Full-Year-2021-Adjusted-EBITDA-Results,businesswire.com,20211210T080000Z,English,United States
restoration of vegetated coastal ecosystems,blue carbon,2022 Cadillac CT5 And Cadillac CT5 - V Configurators Now Live,https://gmauthority.com/blog/2021/12/2022-cadillac-ct5-and-cadillac-ct5-v-configurators-now-live/,gmauthority.com,20211210T031500Z,English,United States
restoration of vegetated coastal ecosystems,blue carbon,"Apple , Conservation International introduce mangrove carbon credit",https://www.greenbiz.com/article/apple-conservation-international-introduce-mangrove-carbon-credit,greenbiz.com,20211210T004500Z,English,United States
restoration of vegetated coastal ecosystems,blue carbon,On Coastal Virginia Barrier Islands : Blue Carbon Credits By The Books,https://www.forbes.com/sites/louiseschiavone/2021/12/09/on-coastal-virginias-barrier-islands-blue-carbon-credits-by-the-books/,forbes.com,20211209T213000Z,English,United States
restoration of vegetated coastal ecosystems,blue carbon,Natural climate solutions cut a steady course through a sea of proposals for ocean carbon dioxide reduction,http://blogs.edf.org/edfish/2021/12/08/natural-climate-solutions-cut-a-steady-course-through-a-sea-of-proposals-for-ocean-carbon-dioxide-reduction/,blogs.edf.org,20211209T000000Z,English,United States
restoration of vegetated coastal ecosystems,blue carbon,"Interview With Shashank Samala , Founder Of Heirloom Carbon Technologies",https://cleantechnica.com/2021/12/08/interview-with-shashank-samala-founder-of-heirloom-carbon-technologies/,cleantechnica.com,20211208T163000Z,English,United States
restoration of vegetated coastal ecosystems,blue carbon,Climate Vault Launches Request for Proposal ( RFP ) to Support Carbon Dioxide Removal Technologies,https://www.businesswire.com/news/home/20211201005673/en/Climate-Vault-Launches-Request-for-Proposal-RFP-to-Support-Carbon-Dioxide-Removal-Technologies,businesswire.com,20211207T130000Z,English,United States
restoration of vegetated coastal ecosystems,blue carbon,Blue Carbon Artist in Residence aims to strengthen links between city and sea,https://www.miragenews.com/blue-carbon-artist-in-residence-aims-to-688714/,miragenews.com,20211207T094500Z,English,United States
restoration of vegetated coastal ecosystems,blue carbon,2022 Cadillac Blackwing Sedans Feature Unique Michelin Tires,https://gmauthority.com/blog/2021/06/2022-cadillac-blackwing-sedans-feature-unique-michelin-tires/,gmauthority.com,20211207T044500Z,English,United States
restoration of vegetated coastal ecosystems,blue carbon,Made in Cookware Review 2021 : High - Quality Pots & Pans for Home Cooks,https://www.businessinsider.com/made-in-cookware-overview,businessinsider.com,20211206T173000Z,English,United States
restoration of vegetated coastal ecosystems,blue carbon,​​iHeartRadio ALTer EGO Flyaway ! | 103 . 7 The Fox,https://1037thefox.iheart.com/promotions/iheartradio-alter-ego-flyaway-1129070/,1037thefox.iheart.com,20211204T163000Z,English,United States
restoration of vegetated coastal ecosystems,blue carbon,SitNews : New annual SeaBank report makes economic case for protecting Southeast Alaska coastal ecosystems,http://www.sitnews.us/1221News/120421/120421_seabank_report.html,sitnews.us,20211204T134500Z,English,United States
restoration of vegetated coastal ecosystems,blue carbon,Brightening Our Corner Newsletter - December 2021,http://www.justmeans.com/newsletter/brightening-our-corner-newsletter-december-2021,justmeans.com,20211203T160000Z,English,United States
restoration of vegetated coastal ecosystems,blue carbon,Here The Best Holiday Gift For Foodies In Virginia,https://wsslfm.iheart.com/content/2021-12-02-heres-the-best-holiday-gift-for-foodies-in-virginia/,wsslfm.iheart.com,20211203T031500Z,English,United States
restoration of vegetated coastal ecosystems,blue carbon,Here The Best Holiday Gift For Foodies In Connecticut,https://wsslfm.iheart.com/content/2021-12-02-heres-the-best-holiday-gift-for-foodies-in-connecticut/,wsslfm.iheart.com,20211203T031500Z,English,United States
restoration of vegetated coastal ecosystems,blue carbon,Here The Best Holiday Gift For Foodies In Pennsylvania,https://z106.iheart.com/content/2021-12-02-heres-the-best-holiday-gift-for-foodies-in-pennsylvania/,z106.iheart.com,20211203T020000Z,English,United States
restoration of vegetated coastal ecosystems,blue carbon,Here The Best Holiday Gift For Foodies In Virginia,https://z106.iheart.com/content/2021-12-02-heres-the-best-holiday-gift-for-foodies-in-virginia/,z106.iheart.com,20211203T020000Z,English,United States
restoration of vegetated coastal ecosystems,blue carbon,Here The Best Holiday Gift For Foodies In Connecticut,https://z106.iheart.com/content/2021-12-02-heres-the-best-holiday-gift-for-foodies-in-connecticut/,z106.iheart.com,20211203T020000Z,English,United States
restoration of vegetated coastal ecosystems,blue carbon,Here The Best Holiday Gift For Foodies In Massachusetts,https://z106.iheart.com/content/2021-12-02-heres-the-best-holiday-gift-for-foodies-in-massachusetts/,z106.iheart.com,20211203T020000Z,English,United States
restoration of vegetated coastal ecosystems,blue carbon,Here The Best Holiday Gift For Foodies In Alabama,https://z106.iheart.com/content/2021-12-02-heres-the-best-holiday-gift-for-foodies-in-alabama/,z106.iheart.com,20211203T020000Z,English,United States
restoration of vegetated coastal ecosystems,blue carbon,Here The Best Holiday Gift For Foodies In Virginia,https://1071kissfm.iheart.com/content/2021-12-02-heres-the-best-holiday-gift-for-foodies-in-virginia/,1071kissfm.iheart.com,20211203T000000Z,English,United States
restoration of vegetated coastal ecosystems,blue carbon,Here The Best Holiday Gift For Foodies In Connecticut,https://1071kissfm.iheart.com/content/2021-12-02-heres-the-best-holiday-gift-for-foodies-in-connecticut/,1071kissfm.iheart.com,20211203T000000Z,English,United States
restoration of vegetated coastal ecosystems,blue carbon,Here The Best Holiday Gift For Foodies In Pennsylvania,https://1071kissfm.iheart.com/content/2021-12-02-heres-the-best-holiday-gift-for-foodies-in-pennsylvania/,1071kissfm.iheart.com,20211203T000000Z,English,United States
restoration of vegetated coastal ecosystems,blue carbon,Here The Best Holiday Gift For Foodies In Pennsylvania,https://christmas1039.iheart.com/content/2021-12-02-heres-the-best-holiday-gift-for-foodies-in-pennsylvania/,christmas1039.iheart.com,20211203T000000Z,English,United States
restoration of vegetated coastal ecosystems,blue carbon,Here The Best Holiday Gift For Foodies In Alabama,https://christmas1039.iheart.com/content/2021-12-02-heres-the-best-holiday-gift-for-foodies-in-alabama/,christmas1039.iheart.com,20211203T000000Z,English,United States
restoration of vegetated coastal ecosystems,blue carbon,Here The Best Holiday Gift For Foodies In Connecticut,https://christmas1039.iheart.com/content/2021-12-02-heres-the-best-holiday-gift-for-foodies-in-connecticut/,christmas1039.iheart.com,20211203T000000Z,English,United States
restoration of vegetated coastal ecosystems,blue carbon,Here The Best Holiday Gift For Foodies In Massachusetts,https://1071kissfm.iheart.com/content/2021-12-02-heres-the-best-holiday-gift-for-foodies-in-massachusetts/,1071kissfm.iheart.com,20211203T000000Z,English,United States
restoration of vegetated coastal ecosystems,blue carbon,Here The Best Holiday Gift For Foodies In Massachusetts,https://christmas1039.iheart.com/content/2021-12-02-heres-the-best-holiday-gift-for-foodies-in-massachusetts/,christmas1039.iheart.com,20211203T000000Z,English,United States
restoration of vegetated coastal ecosystems,blue carbon,Here The Best Holiday Gift For Foodies In Alabama,https://1071kissfm.iheart.com/content/2021-12-02-heres-the-best-holiday-gift-for-foodies-in-alabama/,1071kissfm.iheart.com,20211203T000000Z,English,United States
restoration of vegetated coastal ecosystems,blue carbon,Here The Best Holiday Gift For Foodies In Virginia,https://christmas1039.iheart.com/content/2021-12-02-heres-the-best-holiday-gift-for-foodies-in-virginia/,christmas1039.iheart.com,20211203T000000Z,English,United States
restoration of vegetated coastal ecosystems,blue carbon,Here The Best Holiday Gift For Foodies In Massachusetts,https://b939country.iheart.com/content/2021-12-02-heres-the-best-holiday-gift-for-foodies-in-massachusetts/,b939country.iheart.com,20211202T233000Z,English,United States
restoration of vegetated coastal ecosystems,blue carbon,Here The Best Holiday Gift For Foodies In Alabama,https://b939country.iheart.com/content/2021-12-02-heres-the-best-holiday-gift-for-foodies-in-alabama/,b939country.iheart.com,20211202T233000Z,English,United States
restoration of vegetated coastal ecosystems,blue carbon,Here The Best Holiday Gift For Foodies In Virginia,https://b939country.iheart.com/content/2021-12-02-heres-the-best-holiday-gift-for-foodies-in-virginia/,b939country.iheart.com,20211202T233000Z,English,United States
restoration of vegetated coastal ecosystems,blue carbon,Here The Best Holiday Gift For Foodies In Connecticut,https://b939country.iheart.com/content/2021-12-02-heres-the-best-holiday-gift-for-foodies-in-connecticut/,b939country.iheart.com,20211202T233000Z,English,United States
restoration of vegetated coastal ecosystems,blue carbon,Here The Best Holiday Gift For Foodies In Pennsylvania,https://b939country.iheart.com/content/2021-12-02-heres-the-best-holiday-gift-for-foodies-in-pennsylvania/,b939country.iheart.com,20211202T233000Z,English,United States
restoration of vegetated coastal ecosystems,blue carbon,Here The Best Holiday Gift For Foodies In Massachusetts,https://hallelujahfm.iheart.com/content/2021-12-02-heres-the-best-holiday-gift-for-foodies-in-massachusetts/,hallelujahfm.iheart.com,20211202T230000Z,English,United States
restoration of vegetated coastal ecosystems,blue carbon,Here The Best Holiday Gift For Foodies In Massachusetts,https://tk101.iheart.com/content/2021-12-02-heres-the-best-holiday-gift-for-foodies-in-massachusetts/,tk101.iheart.com,20211202T230000Z,English,United States
restoration of vegetated coastal ecosystems,blue carbon,Here The Best Holiday Gift For Foodies In Virginia,https://hallelujahfm.iheart.com/content/2021-12-02-heres-the-best-holiday-gift-for-foodies-in-virginia/,hallelujahfm.iheart.com,20211202T230000Z,English,United States
restoration of vegetated coastal ecosystems,blue carbon,Here The Best Holiday Gift For Foodies In Alabama,https://hallelujahfm.iheart.com/content/2021-12-02-heres-the-best-holiday-gift-for-foodies-in-alabama/,hallelujahfm.iheart.com,20211202T230000Z,English,United States
restoration of vegetated coastal ecosystems,blue carbon,Here The Best Holiday Gift For Foodies In Alabama,https://tk101.iheart.com/content/2021-12-02-heres-the-best-holiday-gift-for-foodies-in-alabama/,tk101.iheart.com,20211202T230000Z,English,United States
restoration of vegetated coastal ecosystems,blue carbon,Here The Best Holiday Gift For Foodies In Pennsylvania,https://tk101.iheart.com/content/2021-12-02-heres-the-best-holiday-gift-for-foodies-in-pennsylvania/,tk101.iheart.com,20211202T230000Z,English,United States
restoration of vegetated coastal ecosystems,blue carbon,Here The Best Holiday Gift For Foodies In Pennsylvania,https://hallelujahfm.iheart.com/content/2021-12-02-heres-the-best-holiday-gift-for-foodies-in-pennsylvania/,hallelujahfm.iheart.com,20211202T230000Z,English,United States
restoration of vegetated coastal ecosystems,blue carbon,Here The Best Holiday Gift For Foodies In Connecticut,https://hallelujahfm.iheart.com/content/2021-12-02-heres-the-best-holiday-gift-for-foodies-in-connecticut/,hallelujahfm.iheart.com,20211202T230000Z,English,United States
restoration of vegetated coastal ecosystems,blue carbon,Here The Best Holiday Gift For Foodies In Virginia,https://tk101.iheart.com/content/2021-12-02-heres-the-best-holiday-gift-for-foodies-in-virginia/,tk101.iheart.com,20211202T230000Z,English,United States
restoration of vegetated coastal ecosystems,blue carbon,Here The Best Holiday Gift For Foodies In Connecticut,https://tk101.iheart.com/content/2021-12-02-heres-the-best-holiday-gift-for-foodies-in-connecticut/,tk101.iheart.com,20211202T230000Z,English,United States
restoration of vegetated coastal ecosystems,blue carbon,Here The Best Holiday Gift For Foodies In Connecticut,https://z98rocks.iheart.com/content/2021-12-02-heres-the-best-holiday-gift-for-foodies-in-connecticut/,z98rocks.iheart.com,20211202T224500Z,English,United States
restoration of vegetated coastal ecosystems,blue carbon,Here The Best Holiday Gift For Foodies In Alabama,https://mix995triad.iheart.com/content/2021-12-02-heres-the-best-holiday-gift-for-foodies-in-alabama/,mix995triad.iheart.com,20211202T224500Z,English,United States
restoration of vegetated coastal ecosystems,blue carbon,Here The Best Holiday Gift For Foodies In Pennsylvania,https://z98rocks.iheart.com/content/2021-12-02-heres-the-best-holiday-gift-for-foodies-in-pennsylvania/,z98rocks.iheart.com,20211202T224500Z,English,United States
restoration of vegetated coastal ecosystems,blue carbon,Here The Best Holiday Gift For Foodies In Virginia,https://z98rocks.iheart.com/content/2021-12-02-heres-the-best-holiday-gift-for-foodies-in-virginia/,z98rocks.iheart.com,20211202T224500Z,English,United States
restoration of vegetated coastal ecosystems,blue carbon,Here The Best Holiday Gift For Foodies In Massachusetts,https://z98rocks.iheart.com/content/2021-12-02-heres-the-best-holiday-gift-for-foodies-in-massachusetts/,z98rocks.iheart.com,20211202T224500Z,English,United States
restoration of vegetated coastal ecosystems,blue carbon,Here The Best Holiday Gift For Foodies In Massachusetts,https://mix995triad.iheart.com/content/2021-12-02-heres-the-best-holiday-gift-for-foodies-in-massachusetts/,mix995triad.iheart.com,20211202T224500Z,English,United States
restoration of vegetated coastal ecosystems,blue carbon,Here The Best Holiday Gift For Foodies In Virginia,https://mix995triad.iheart.com/content/2021-12-02-heres-the-best-holiday-gift-for-foodies-in-virginia/,mix995triad.iheart.com,20211202T224500Z,English,United States
restoration of vegetated coastal ecosystems,blue carbon,Here The Best Holiday Gift For Foodies In Alabama,https://z98rocks.iheart.com/content/2021-12-02-heres-the-best-holiday-gift-for-foodies-in-alabama/,z98rocks.iheart.com,20211202T224500Z,English,United States
restoration of vegetated coastal ecosystems,blue carbon,Here The Best Holiday Gift For Foodies In Connecticut,https://mix995triad.iheart.com/content/2021-12-02-heres-the-best-holiday-gift-for-foodies-in-connecticut/,mix995triad.iheart.com,20211202T224500Z,English,United States
restoration of vegetated coastal ecosystems,blue carbon,Here The Best Holiday Gift For Foodies In Pennsylvania,https://mix995triad.iheart.com/content/2021-12-02-heres-the-best-holiday-gift-for-foodies-in-pennsylvania/,mix995triad.iheart.com,20211202T224500Z,English,United States
restoration of vegetated coastal ecosystems,blue carbon,Here The Best Holiday Gift For Foodies In Alabama,https://1360kmjm.iheart.com/content/2021-12-02-heres-the-best-holiday-gift-for-foodies-in-alabama/,1360kmjm.iheart.com,20211202T223000Z,English,United States
restoration of vegetated coastal ecosystems,blue carbon,Here The Best Holiday Gift For Foodies In Massachusetts,https://1360kmjm.iheart.com/content/2021-12-02-heres-the-best-holiday-gift-for-foodies-in-massachusetts/,1360kmjm.iheart.com,20211202T223000Z,English,United States
restoration of vegetated coastal ecosystems,blue carbon,Here The Best Holiday Gift For Foodies In Connecticut,https://g105.iheart.com/content/2021-12-02-heres-the-best-holiday-gift-for-foodies-in-connecticut/,g105.iheart.com,20211202T223000Z,English,United States
restoration of vegetated coastal ecosystems,blue carbon,Here The Best Holiday Gift For Foodies In Pennsylvania,https://wescfm.iheart.com/content/2021-12-02-heres-the-best-holiday-gift-for-foodies-in-pennsylvania/,wescfm.iheart.com,20211202T223000Z,English,United States
restoration of vegetated coastal ecosystems,blue carbon,Here The Best Holiday Gift For Foodies In Alabama,https://g105.iheart.com/content/2021-12-02-heres-the-best-holiday-gift-for-foodies-in-alabama/,g105.iheart.com,20211202T223000Z,English,United States
restoration of vegetated coastal ecosystems,blue carbon,Here The Best Holiday Gift For Foodies In Alabama,https://kg95.iheart.com/content/2021-12-02-heres-the-best-holiday-gift-for-foodies-in-alabama/,kg95.iheart.com,20211202T223000Z,English,United States
restoration of vegetated coastal ecosystems,blue carbon,Here The Best Holiday Gift For Foodies In Alabama,https://wescfm.iheart.com/content/2021-12-02-heres-the-best-holiday-gift-for-foodies-in-alabama/,wescfm.iheart.com,20211202T223000Z,English,United States
restoration of vegetated coastal ecosystems,blue carbon,Here The Best Holiday Gift For Foodies In Massachusetts,https://kg95.iheart.com/content/2021-12-02-heres-the-best-holiday-gift-for-foodies-in-massachusetts/,kg95.iheart.com,20211202T223000Z,English,United States
restoration of vegetated coastal ecosystems,blue carbon,Here The Best Holiday Gift For Foodies In Connecticut,https://wescfm.iheart.com/content/2021-12-02-heres-the-best-holiday-gift-for-foodies-in-connecticut/,wescfm.iheart.com,20211202T223000Z,English,United States
restoration of vegetated coastal ecosystems,blue carbon,Here The Best Holiday Gift For Foodies In Connecticut,https://1360kmjm.iheart.com/content/2021-12-02-heres-the-best-holiday-gift-for-foodies-in-connecticut/,1360kmjm.iheart.com,20211202T223000Z,English,United States
restoration of vegetated coastal ecosystems,blue carbon,Here The Best Holiday Gift For Foodies In Massachusetts,https://wsslfm.iheart.com/content/2021-12-02-heres-the-best-holiday-gift-for-foodies-in-massachusetts/,wsslfm.iheart.com,20211202T223000Z,English,United States
restoration of vegetated coastal ecosystems,blue carbon,Here The Best Holiday Gift For Foodies In Massachusetts,https://g105.iheart.com/content/2021-12-02-heres-the-best-holiday-gift-for-foodies-in-massachusetts/,g105.iheart.com,20211202T223000Z,English,United States
restoration of vegetated coastal ecosystems,blue carbon,Here The Best Holiday Gift For Foodies In Virginia,https://1360kmjm.iheart.com/content/2021-12-02-heres-the-best-holiday-gift-for-foodies-in-virginia/,1360kmjm.iheart.com,20211202T223000Z,English,United States
restoration of vegetated coastal ecosystems,blue carbon,Here The Best Holiday Gift For Foodies In Pennsylvania,https://1360kmjm.iheart.com/content/2021-12-02-heres-the-best-holiday-gift-for-foodies-in-pennsylvania/,1360kmjm.iheart.com,20211202T223000Z,English,United States
restoration of vegetated coastal ecosystems,blue carbon,Here The Best Holiday Gift For Foodies In Alabama,https://wsslfm.iheart.com/content/2021-12-02-heres-the-best-holiday-gift-for-foodies-in-alabama/,wsslfm.iheart.com,20211202T223000Z,English,United States
restoration of vegetated coastal ecosystems,blue carbon,Here The Best Holiday Gift For Foodies In Virginia,https://real1051.iheart.com/content/2021-12-02-heres-the-best-holiday-gift-for-foodies-in-virginia/,real1051.iheart.com,20211202T223000Z,English,United States
restoration of vegetated coastal ecosystems,blue carbon,Here The Best Holiday Gift For Foodies In Virginia,https://g105.iheart.com/content/2021-12-02-heres-the-best-holiday-gift-for-foodies-in-virginia/,g105.iheart.com,20211202T223000Z,English,United States
restoration of vegetated coastal ecosystems,blue carbon,Here The Best Holiday Gift For Foodies In Pennsylvania,https://wsslfm.iheart.com/content/2021-12-02-heres-the-best-holiday-gift-for-foodies-in-pennsylvania/,wsslfm.iheart.com,20211202T223000Z,English,United States
restoration of vegetated coastal ecosystems,blue carbon,Here The Best Holiday Gift For Foodies In Virginia,https://wescfm.iheart.com/content/2021-12-02-heres-the-best-holiday-gift-for-foodies-in-virginia/,wescfm.iheart.com,20211202T223000Z,English,United States
restoration of vegetated coastal ecosystems,blue carbon,Here The Best Holiday Gift For Foodies In Connecticut,https://kg95.iheart.com/content/2021-12-02-heres-the-best-holiday-gift-for-foodies-in-connecticut/,kg95.iheart.com,20211202T223000Z,English,United States
restoration of vegetated coastal ecosystems,blue carbon,Here The Best Holiday Gift For Foodies In Connecticut,https://real1051.iheart.com/content/2021-12-02-heres-the-best-holiday-gift-for-foodies-in-connecticut/,real1051.iheart.com,20211202T223000Z,English,United States
restoration of vegetated coastal ecosystems,blue carbon,Here The Best Holiday Gift For Foodies In Virginia,https://kg95.iheart.com/content/2021-12-02-heres-the-best-holiday-gift-for-foodies-in-virginia/,kg95.iheart.com,20211202T223000Z,English,United States
restoration of vegetated coastal ecosystems,blue carbon,Here The Best Holiday Gift For Foodies In Pennsylvania,https://g105.iheart.com/content/2021-12-02-heres-the-best-holiday-gift-for-foodies-in-pennsylvania/,g105.iheart.com,20211202T223000Z,English,United States
restoration of vegetated coastal ecosystems,blue carbon,Here The Best Holiday Gift For Foodies In Pennsylvania,https://kg95.iheart.com/content/2021-12-02-heres-the-best-holiday-gift-for-foodies-in-pennsylvania/,kg95.iheart.com,20211202T223000Z,English,United States
restoration of vegetated coastal ecosystems,blue carbon,Here The Best Holiday Gift For Foodies In Connecticut,https://1035kissfm.iheart.com/content/2021-12-02-heres-the-best-holiday-gift-for-foodies-in-connecticut/,1035kissfm.iheart.com,20211202T221500Z,English,United States
restoration of vegetated coastal ecosystems,blue carbon,Here The Best Holiday Gift For Foodies In Virginia,https://evolution.iheart.com/content/2021-12-02-heres-the-best-holiday-gift-for-foodies-in-virginia/,evolution.iheart.com,20211202T221500Z,English,United States
restoration of vegetated coastal ecosystems,blue carbon,Here The Best Holiday Gift For Foodies In Connecticut,https://evolution.iheart.com/content/2021-12-02-heres-the-best-holiday-gift-for-foodies-in-connecticut/,evolution.iheart.com,20211202T221500Z,English,United States
restoration of vegetated coastal ecosystems,blue carbon,Here The Best Holiday Gift For Foodies In Alabama,https://evolution.iheart.com/content/2021-12-02-heres-the-best-holiday-gift-for-foodies-in-alabama/,evolution.iheart.com,20211202T221500Z,English,United States
restoration of vegetated coastal ecosystems,blue carbon,Here The Best Holiday Gift For Foodies In Pennsylvania,https://evolution.iheart.com/content/2021-12-02-heres-the-best-holiday-gift-for-foodies-in-pennsylvania/,evolution.iheart.com,20211202T221500Z,English,United States
restoration of vegetated coastal ecosystems,blue carbon,Here The Best Holiday Gift For Foodies In Virginia,https://1035kissfm.iheart.com/content/2021-12-02-heres-the-best-holiday-gift-for-foodies-in-virginia/,1035kissfm.iheart.com,20211202T221500Z,English,United States
restoration of vegetated coastal ecosystems,blue carbon,Here The Best Holiday Gift For Foodies In Massachusetts,https://evolution.iheart.com/content/2021-12-02-heres-the-best-holiday-gift-for-foodies-in-massachusetts/,evolution.iheart.com,20211202T221500Z,English,United States
restoration of vegetated coastal ecosystems,blue carbon,Here The Best Holiday Gift For Foodies In Alabama,https://963kissfm.iheart.com/content/2021-12-02-heres-the-best-holiday-gift-for-foodies-in-alabama/,963kissfm.iheart.com,20211202T214500Z,English,United States
restoration of vegetated coastal ecosystems,blue carbon,Here The Best Holiday Gift For Foodies In Connecticut,https://963kissfm.iheart.com/content/2021-12-02-heres-the-best-holiday-gift-for-foodies-in-connecticut/,963kissfm.iheart.com,20211202T214500Z,English,United States
restoration of vegetated coastal ecosystems,blue carbon,Here The Best Holiday Gift For Foodies In Connecticut,https://961therocket.iheart.com/content/2021-12-02-heres-the-best-holiday-gift-for-foodies-in-connecticut/,961therocket.iheart.com,20211202T214500Z,English,United States
restoration of vegetated coastal ecosystems,blue carbon,Here The Best Holiday Gift For Foodies In Virginia,https://963kissfm.iheart.com/content/2021-12-02-heres-the-best-holiday-gift-for-foodies-in-virginia/,963kissfm.iheart.com,20211202T214500Z,English,United States
restoration of vegetated coastal ecosystems,blue carbon,Here The Best Holiday Gift For Foodies In Connecticut,https://b98fm.iheart.com/content/2021-12-02-heres-the-best-holiday-gift-for-foodies-in-connecticut/,b98fm.iheart.com,20211202T214500Z,English,United States
restoration of vegetated coastal ecosystems,blue carbon,Here The Best Holiday Gift For Foodies In Virginia,https://b98fm.iheart.com/content/2021-12-02-heres-the-best-holiday-gift-for-foodies-in-virginia/,b98fm.iheart.com,20211202T214500Z,English,United States
restoration of vegetated coastal ecosystems,blue carbon,Here The Best Holiday Gift For Foodies In Alabama,https://magic937.iheart.com/content/2021-12-02-heres-the-best-holiday-gift-for-foodies-in-alabama/,magic937.iheart.com,20211202T214500Z,English,United States
restoration of vegetated coastal ecosystems,blue carbon,Here The Best Holiday Gift For Foodies In Pennsylvania,https://magic937.iheart.com/content/2021-12-02-heres-the-best-holiday-gift-for-foodies-in-pennsylvania/,magic937.iheart.com,20211202T214500Z,English,United States
restoration of vegetated coastal ecosystems,blue carbon,Here The Best Holiday Gift For Foodies In Virginia,https://961therocket.iheart.com/content/2021-12-02-heres-the-best-holiday-gift-for-foodies-in-virginia/,961therocket.iheart.com,20211202T214500Z,English,United States
restoration of vegetated coastal ecosystems,blue carbon,Here The Best Holiday Gift For Foodies In Massachusetts,https://963kissfm.iheart.com/content/2021-12-02-heres-the-best-holiday-gift-for-foodies-in-massachusetts/,963kissfm.iheart.com,20211202T214500Z,English,United States
restoration of vegetated coastal ecosystems,blue carbon,Here The Best Holiday Gift For Foodies In Massachusetts,https://961therocket.iheart.com/content/2021-12-02-heres-the-best-holiday-gift-for-foodies-in-massachusetts/,961therocket.iheart.com,20211202T214500Z,English,United States
restoration of vegetated coastal ecosystems,blue carbon,Here The Best Holiday Gift For Foodies In Massachusetts,https://b98fm.iheart.com/content/2021-12-02-heres-the-best-holiday-gift-for-foodies-in-massachusetts/,b98fm.iheart.com,20211202T214500Z,English,United States
restoration of vegetated coastal ecosystems,blue carbon,Here The Best Holiday Gift For Foodies In Virginia,https://magic937.iheart.com/content/2021-12-02-heres-the-best-holiday-gift-for-foodies-in-virginia/,magic937.iheart.com,20211202T214500Z,English,United States
restoration of vegetated coastal ecosystems,blue carbon,Here The Best Holiday Gift For Foodies In Massachusetts,https://magic937.iheart.com/content/2021-12-02-heres-the-best-holiday-gift-for-foodies-in-massachusetts/,magic937.iheart.com,20211202T214500Z,English,United States
restoration of vegetated coastal ecosystems,blue carbon,Here The Best Holiday Gift For Foodies In Connecticut,https://magic937.iheart.com/content/2021-12-02-heres-the-best-holiday-gift-for-foodies-in-connecticut/,magic937.iheart.com,20211202T214500Z,English,United States
restoration of vegetated coastal ecosystems,blue carbon,Here The Best Holiday Gift For Foodies In Pennsylvania,https://b98fm.iheart.com/content/2021-12-02-heres-the-best-holiday-gift-for-foodies-in-pennsylvania/,b98fm.iheart.com,20211202T214500Z,English,United States
restoration of vegetated coastal ecosystems,blue carbon,Here The Best Holiday Gift For Foodies In Alabama,https://961therocket.iheart.com/content/2021-12-02-heres-the-best-holiday-gift-for-foodies-in-alabama/,961therocket.iheart.com,20211202T214500Z,English,United States
restoration of vegetated coastal ecosystems,blue carbon,Here The Best Holiday Gift For Foodies In Alabama,https://b98fm.iheart.com/content/2021-12-02-heres-the-best-holiday-gift-for-foodies-in-alabama/,b98fm.iheart.com,20211202T214500Z,English,United States
restoration of vegetated coastal ecosystems,blue carbon,Here The Best Holiday Gift For Foodies In Pennsylvania,https://963kissfm.iheart.com/content/2021-12-02-heres-the-best-holiday-gift-for-foodies-in-pennsylvania/,963kissfm.iheart.com,20211202T214500Z,English,United States
restoration of vegetated coastal ecosystems,blue carbon,Here The Best Holiday Gift For Foodies In Pennsylvania,https://961therocket.iheart.com/content/2021-12-02-heres-the-best-holiday-gift-for-foodies-in-pennsylvania/,961therocket.iheart.com,20211202T214500Z,English,United States
restoration of vegetated coastal ecosystems,blue carbon,Here The Best Holiday Gift For Foodies In Virginia,https://hitscarolina.iheart.com/content/2021-12-02-heres-the-best-holiday-gift-for-foodies-in-virginia/,hitscarolina.iheart.com,20211202T213000Z,English,United States
restoration of vegetated coastal ecosystems,blue carbon,Here The Best Holiday Gift For Foodies In Pennsylvania,https://hitscarolina.iheart.com/content/2021-12-02-heres-the-best-holiday-gift-for-foodies-in-pennsylvania/,hitscarolina.iheart.com,20211202T213000Z,English,United States
restoration of vegetated coastal ecosystems,blue carbon,Here The Best Holiday Gift For Foodies In Alabama,https://hitscarolina.iheart.com/content/2021-12-02-heres-the-best-holiday-gift-for-foodies-in-alabama/,hitscarolina.iheart.com,20211202T213000Z,English,United States
restoration of vegetated coastal ecosystems,blue carbon,Here The Best Holiday Gift For Foodies In Connecticut,https://hitscarolina.iheart.com/content/2021-12-02-heres-the-best-holiday-gift-for-foodies-in-connecticut/,hitscarolina.iheart.com,20211202T213000Z,English,United States
restoration of vegetated coastal ecosystems,blue carbon,Here The Best Holiday Gift For Foodies In Alabama,https://kiss981.iheart.com/content/2021-12-02-heres-the-best-holiday-gift-for-foodies-in-alabama/,kiss981.iheart.com,20211202T211500Z,English,United States
restoration of vegetated coastal ecosystems,blue carbon,Here The Best Holiday Gift For Foodies In Massachusetts,https://kiss981.iheart.com/content/2021-12-02-heres-the-best-holiday-gift-for-foodies-in-massachusetts/,kiss981.iheart.com,20211202T211500Z,English,United States
restoration of vegetated coastal ecosystems,blue carbon,Here The Best Holiday Gift For Foodies In Virginia,https://kiss981.iheart.com/content/2021-12-02-heres-the-best-holiday-gift-for-foodies-in-virginia/,kiss981.iheart.com,20211202T211500Z,English,United States
restoration of vegetated coastal ecosystems,blue carbon,Here The Best Holiday Gift For Foodies In Connecticut,https://kiss981.iheart.com/content/2021-12-02-heres-the-best-holiday-gift-for-foodies-in-connecticut/,kiss981.iheart.com,20211202T211500Z,English,United States
restoration of vegetated coastal ecosystems,blue carbon,Here The Best Holiday Gift For Foodies In Pennsylvania,https://kiss981.iheart.com/content/2021-12-02-heres-the-best-holiday-gift-for-foodies-in-pennsylvania/,kiss981.iheart.com,20211202T211500Z,English,United States
restoration of vegetated coastal ecosystems,blue carbon,Here The Best Holiday Gift For Foodies In Connecticut,https://mix989.iheart.com/content/2021-12-02-heres-the-best-holiday-gift-for-foodies-in-connecticut/,mix989.iheart.com,20211202T210000Z,English,United States
restoration of vegetated coastal ecosystems,blue carbon,Here The Best Holiday Gift For Foodies In Alabama | Youngstown MIX 98 . 9,https://mix989.iheart.com/content/2021-12-02-heres-the-best-holiday-gift-for-foodies-in-alabama/,mix989.iheart.com,20211202T210000Z,English,United States
restoration of vegetated coastal ecosystems,blue carbon,Here The Best Holiday Gift For Foodies In Pennsylvania,https://mix989.iheart.com/content/2021-12-02-heres-the-best-holiday-gift-for-foodies-in-pennsylvania/,mix989.iheart.com,20211202T210000Z,English,United States
restoration of vegetated coastal ecosystems,blue carbon,Here The Best Holiday Gift For Foodies In Massachusetts,https://mix989.iheart.com/content/2021-12-02-heres-the-best-holiday-gift-for-foodies-in-massachusetts/,mix989.iheart.com,20211202T210000Z,English,United States
restoration of vegetated coastal ecosystems,blue carbon,Here The Best Holiday Gift For Foodies In Virginia | Youngstown MIX 98 . 9,https://mix989.iheart.com/content/2021-12-02-heres-the-best-holiday-gift-for-foodies-in-virginia/,mix989.iheart.com,20211202T210000Z,English,United States
restoration of vegetated coastal ecosystems,blue carbon,Here The Best Holiday Gift For Foodies In Connecticut,https://wnic.iheart.com/content/2021-12-02-heres-the-best-holiday-gift-for-foodies-in-connecticut/,wnic.iheart.com,20211202T203000Z,English,United States
restoration of vegetated coastal ecosystems,blue carbon,Here The Best Holiday Gift For Foodies In Virginia,https://969myfm.iheart.com/content/2021-12-02-heres-the-best-holiday-gift-for-foodies-in-virginia/,969myfm.iheart.com,20211202T203000Z,English,United States
restoration of vegetated coastal ecosystems,blue carbon,Here The Best Holiday Gift For Foodies In Pennsylvania,https://wnic.iheart.com/content/2021-12-02-heres-the-best-holiday-gift-for-foodies-in-pennsylvania/,wnic.iheart.com,20211202T203000Z,English,United States
restoration of vegetated coastal ecosystems,blue carbon,Here The Best Holiday Gift For Foodies In Virginia,https://wnic.iheart.com/content/2021-12-02-heres-the-best-holiday-gift-for-foodies-in-virginia/,wnic.iheart.com,20211202T203000Z,English,United States
restoration of vegetated coastal ecosystems,blue carbon,Here The Best Holiday Gift For Foodies In Alabama,https://wnic.iheart.com/content/2021-12-02-heres-the-best-holiday-gift-for-foodies-in-alabama/,wnic.iheart.com,20211202T203000Z,English,United States
restoration of vegetated coastal ecosystems,blue carbon,Here The Best Holiday Gift For Foodies In Connecticut,https://969myfm.iheart.com/content/2021-12-02-heres-the-best-holiday-gift-for-foodies-in-connecticut/,969myfm.iheart.com,20211202T203000Z,English,United States
restoration of vegetated coastal ecosystems,blue carbon,Here The Best Holiday Gift For Foodies In Pennsylvania,https://969myfm.iheart.com/content/2021-12-02-heres-the-best-holiday-gift-for-foodies-in-pennsylvania/,969myfm.iheart.com,20211202T203000Z,English,United States
restoration of vegetated coastal ecosystems,blue carbon,Here The Best Holiday Gift For Foodies In Massachusetts,https://969myfm.iheart.com/content/2021-12-02-heres-the-best-holiday-gift-for-foodies-in-massachusetts/,969myfm.iheart.com,20211202T203000Z,English,United States
restoration of vegetated coastal ecosystems,blue carbon,Here The Best Holiday Gift For Foodies In Alabama,https://969myfm.iheart.com/content/2021-12-02-heres-the-best-holiday-gift-for-foodies-in-alabama/,969myfm.iheart.com,20211202T203000Z,English,United States
restoration of vegetated coastal ecosystems,blue carbon,Here The Best Holiday Gift For Foodies In Massachusetts,https://1029thelake.iheart.com/content/2021-12-02-heres-the-best-holiday-gift-for-foodies-in-massachusetts/,1029thelake.iheart.com,20211202T201500Z,English,United States
restoration of vegetated coastal ecosystems,blue carbon,Here The Best Holiday Gift For Foodies In Virginia,https://1029thelake.iheart.com/content/2021-12-02-heres-the-best-holiday-gift-for-foodies-in-virginia/,1029thelake.iheart.com,20211202T201500Z,English,United States
restoration of vegetated coastal ecosystems,blue carbon,Here The Best Holiday Gift For Foodies In Connecticut,https://960weli.iheart.com/content/2021-12-02-heres-the-best-holiday-gift-for-foodies-in-connecticut/,960weli.iheart.com,20211202T201500Z,English,United States
restoration of vegetated coastal ecosystems,blue carbon,Here The Best Holiday Gift For Foodies In Connecticut,https://1029thelake.iheart.com/content/2021-12-02-heres-the-best-holiday-gift-for-foodies-in-connecticut/,1029thelake.iheart.com,20211202T201500Z,English,United States
restoration of vegetated coastal ecosystems,blue carbon,Here The Best Holiday Gift For Foodies In Pennsylvania,https://1029thelake.iheart.com/content/2021-12-02-heres-the-best-holiday-gift-for-foodies-in-pennsylvania/,1029thelake.iheart.com,20211202T201500Z,English,United States
restoration of vegetated coastal ecosystems,blue carbon,Here The Best Holiday Gift For Foodies In Alabama,https://1029thelake.iheart.com/content/2021-12-02-heres-the-best-holiday-gift-for-foodies-in-alabama/,1029thelake.iheart.com,20211202T201500Z,English,United States
restoration of vegetated coastal ecosystems,blue carbon,Here The Best Holiday Gift For Foodies In Massachusetts,https://santa1350.iheart.com/content/2021-12-02-heres-the-best-holiday-gift-for-foodies-in-massachusetts/,santa1350.iheart.com,20211202T200000Z,English,United States
restoration of vegetated coastal ecosystems,blue carbon,Here The Best Holiday Gift For Foodies In Connecticut,https://thebeatgulfcoast.iheart.com/content/2021-12-02-heres-the-best-holiday-gift-for-foodies-in-connecticut/,thebeatgulfcoast.iheart.com,20211202T200000Z,English,United States
restoration of vegetated coastal ecosystems,blue carbon,Here The Best Holiday Gift For Foodies In Pennsylvania,https://santa1350.iheart.com/content/2021-12-02-heres-the-best-holiday-gift-for-foodies-in-pennsylvania/,santa1350.iheart.com,20211202T200000Z,English,United States
restoration of vegetated coastal ecosystems,blue carbon,Here The Best Holiday Gift For Foodies In Virginia,https://hallelujah955.iheart.com/content/2021-12-02-heres-the-best-holiday-gift-for-foodies-in-virginia/,hallelujah955.iheart.com,20211202T200000Z,English,United States
restoration of vegetated coastal ecosystems,blue carbon,Here The Best Holiday Gift For Foodies In Connecticut,https://hallelujah955.iheart.com/content/2021-12-02-heres-the-best-holiday-gift-for-foodies-in-connecticut/,hallelujah955.iheart.com,20211202T200000Z,English,United States
restoration of vegetated coastal ecosystems,blue carbon,Here The Best Holiday Gift For Foodies In Pennsylvania,https://thebeatgulfcoast.iheart.com/content/2021-12-02-heres-the-best-holiday-gift-for-foodies-in-pennsylvania/,thebeatgulfcoast.iheart.com,20211202T200000Z,English,United States
restoration of vegetated coastal ecosystems,blue carbon,Here The Best Holiday Gift For Foodies In Virginia,https://thebeatgulfcoast.iheart.com/content/2021-12-02-heres-the-best-holiday-gift-for-foodies-in-virginia/,thebeatgulfcoast.iheart.com,20211202T200000Z,English,United States
restoration of vegetated coastal ecosystems,blue carbon,Here The Best Holiday Gift For Foodies In Alabama,https://thebeatgulfcoast.iheart.com/content/2021-12-02-heres-the-best-holiday-gift-for-foodies-in-alabama/,thebeatgulfcoast.iheart.com,20211202T200000Z,English,United States
restoration of vegetated coastal ecosystems,blue carbon,Here The Best Holiday Gift For Foodies In Massachusetts,https://hallelujah955.iheart.com/content/2021-12-02-heres-the-best-holiday-gift-for-foodies-in-massachusetts/,hallelujah955.iheart.com,20211202T200000Z,English,United States
restoration of vegetated coastal ecosystems,blue carbon,Here The Best Holiday Gift For Foodies In Pennsylvania,https://hallelujah955.iheart.com/content/2021-12-02-heres-the-best-holiday-gift-for-foodies-in-pennsylvania/,hallelujah955.iheart.com,20211202T200000Z,English,United States
restoration of vegetated coastal ecosystems,blue carbon,Here The Best Holiday Gift For Foodies In Alabama,https://santa1350.iheart.com/content/2021-12-02-heres-the-best-holiday-gift-for-foodies-in-alabama/,santa1350.iheart.com,20211202T200000Z,English,United States
restoration of vegetated coastal ecosystems,blue carbon,Here The Best Holiday Gift For Foodies In Connecticut,https://santa1350.iheart.com/content/2021-12-02-heres-the-best-holiday-gift-for-foodies-in-connecticut/,santa1350.iheart.com,20211202T200000Z,English,United States
restoration of vegetated coastal ecosystems,blue carbon,Here The Best Holiday Gift For Foodies In Alabama,https://hallelujah955.iheart.com/content/2021-12-02-heres-the-best-holiday-gift-for-foodies-in-alabama/,hallelujah955.iheart.com,20211202T200000Z,English,United States
restoration of vegetated coastal ecosystems,blue carbon,Here The Best Holiday Gift For Foodies In Massachusetts,https://thebeatgulfcoast.iheart.com/content/2021-12-02-heres-the-best-holiday-gift-for-foodies-in-massachusetts/,thebeatgulfcoast.iheart.com,20211202T200000Z,English,United States
restoration of vegetated coastal ecosystems,blue carbon,Here The Best Holiday Gift For Foodies In Virginia,https://santa1350.iheart.com/content/2021-12-02-heres-the-best-holiday-gift-for-foodies-in-virginia/,santa1350.iheart.com,20211202T200000Z,English,United States
restoration of vegetated coastal ecosystems,blue carbon,Here The Best Holiday Gift For Foodies In Pennsylvania,https://kz103.iheart.com/content/2021-12-02-heres-the-best-holiday-gift-for-foodies-in-pennsylvania/,kz103.iheart.com,20211202T194500Z,English,United States
restoration of vegetated coastal ecosystems,blue carbon,Here The Best Holiday Gift For Foodies In Connecticut,https://kz103.iheart.com/content/2021-12-02-heres-the-best-holiday-gift-for-foodies-in-connecticut/,kz103.iheart.com,20211202T194500Z,English,United States
restoration of vegetated coastal ecosystems,blue carbon,Here The Best Holiday Gift For Foodies In Alabama,https://kz103.iheart.com/content/2021-12-02-heres-the-best-holiday-gift-for-foodies-in-alabama/,kz103.iheart.com,20211202T194500Z,English,United States
restoration of vegetated coastal ecosystems,blue carbon,Here The Best Holiday Gift For Foodies In Virginia,https://kz103.iheart.com/content/2021-12-02-heres-the-best-holiday-gift-for-foodies-in-virginia/,kz103.iheart.com,20211202T194500Z,English,United States
restoration of vegetated coastal ecosystems,blue carbon,Here The Best Holiday Gift For Foodies In Massachusetts,https://bull1057.iheart.com/content/2021-12-02-heres-the-best-holiday-gift-for-foodies-in-massachusetts/,bull1057.iheart.com,20211202T193000Z,English,United States
restoration of vegetated coastal ecosystems,blue carbon,Here The Best Holiday Gift For Foodies In Massachusetts,https://ksskradio.iheart.com/content/2021-12-02-heres-the-best-holiday-gift-for-foodies-in-massachusetts/,ksskradio.iheart.com,20211202T193000Z,English,United States
restoration of vegetated coastal ecosystems,blue carbon,Here The Best Holiday Gift For Foodies In Massachusetts,https://wizard106.iheart.com/content/2021-12-02-heres-the-best-holiday-gift-for-foodies-in-massachusetts/,wizard106.iheart.com,20211202T193000Z,English,United States
restoration of vegetated coastal ecosystems,blue carbon,Here The Best Holiday Gift For Foodies In Connecticut,https://wizard106.iheart.com/content/2021-12-02-heres-the-best-holiday-gift-for-foodies-in-connecticut/,wizard106.iheart.com,20211202T193000Z,English,United States
restoration of vegetated coastal ecosystems,blue carbon,Here The Best Holiday Gift For Foodies In Connecticut,https://bull1057.iheart.com/content/2021-12-02-heres-the-best-holiday-gift-for-foodies-in-connecticut/,bull1057.iheart.com,20211202T193000Z,English,United States
restoration of vegetated coastal ecosystems,blue carbon,Here The Best Holiday Gift For Foodies In Pennsylvania,https://bull1057.iheart.com/content/2021-12-02-heres-the-best-holiday-gift-for-foodies-in-pennsylvania/,bull1057.iheart.com,20211202T193000Z,English,United States
restoration of vegetated coastal ecosystems,blue carbon,Here The Best Holiday Gift For Foodies In Alabama,https://bull1057.iheart.com/content/2021-12-02-heres-the-best-holiday-gift-for-foodies-in-alabama/,bull1057.iheart.com,20211202T193000Z,English,United States
restoration of vegetated coastal ecosystems,blue carbon,Here The Best Holiday Gift For Foodies In Pennsylvania,https://ksskradio.iheart.com/content/2021-12-02-heres-the-best-holiday-gift-for-foodies-in-pennsylvania/,ksskradio.iheart.com,20211202T193000Z,English,United States
restoration of vegetated coastal ecosystems,blue carbon,Here The Best Holiday Gift For Foodies In Virginia,https://bull1057.iheart.com/content/2021-12-02-heres-the-best-holiday-gift-for-foodies-in-virginia/,bull1057.iheart.com,20211202T193000Z,English,United States
restoration of vegetated coastal ecosystems,blue carbon,Here The Best Holiday Gift For Foodies In Virginia,https://ksskradio.iheart.com/content/2021-12-02-heres-the-best-holiday-gift-for-foodies-in-virginia/,ksskradio.iheart.com,20211202T193000Z,English,United States
restoration of vegetated coastal ecosystems,blue carbon,Here The Best Holiday Gift For Foodies In Pennsylvania,https://wizard106.iheart.com/content/2021-12-02-heres-the-best-holiday-gift-for-foodies-in-pennsylvania/,wizard106.iheart.com,20211202T193000Z,English,United States
restoration of vegetated coastal ecosystems,blue carbon,Here The Best Holiday Gift For Foodies In Alabama,https://wizard106.iheart.com/content/2021-12-02-heres-the-best-holiday-gift-for-foodies-in-alabama/,wizard106.iheart.com,20211202T193000Z,English,United States
restoration of vegetated coastal ecosystems,blue carbon,Here The Best Holiday Gift For Foodies In Alabama,https://ksskradio.iheart.com/content/2021-12-02-heres-the-best-holiday-gift-for-foodies-in-alabama/,ksskradio.iheart.com,20211202T193000Z,English,United States
restoration of vegetated coastal ecosystems,blue carbon,Here The Best Holiday Gift For Foodies In Connecticut,https://ksskradio.iheart.com/content/2021-12-02-heres-the-best-holiday-gift-for-foodies-in-connecticut/,ksskradio.iheart.com,20211202T193000Z,English,United States
restoration of vegetated coastal ecosystems,blue carbon,Here The Best Holiday Gift For Foodies In Virginia,https://wizard106.iheart.com/content/2021-12-02-heres-the-best-holiday-gift-for-foodies-in-virginia/,wizard106.iheart.com,20211202T193000Z,English,United States
restoration of vegetated coastal ecosystems,blue carbon,Here The Best Holiday Gift For Foodies In Alabama,https://987theriver.iheart.com/content/2021-12-02-heres-the-best-holiday-gift-for-foodies-in-alabama/,987theriver.iheart.com,20211202T191500Z,English,United States
restoration of vegetated coastal ecosystems,blue carbon,Here The Best Holiday Gift For Foodies In Connecticut,https://987theriver.iheart.com/content/2021-12-02-heres-the-best-holiday-gift-for-foodies-in-connecticut/,987theriver.iheart.com,20211202T191500Z,English,United States
restoration of vegetated coastal ecosystems,blue carbon,Here The Best Holiday Gift For Foodies In Pennsylvania,https://987theriver.iheart.com/content/2021-12-02-heres-the-best-holiday-gift-for-foodies-in-pennsylvania/,987theriver.iheart.com,20211202T191500Z,English,United States
restoration of vegetated coastal ecosystems,blue carbon,Here The Best Holiday Gift For Foodies In Massachusetts,https://wbbq.iheart.com/content/2021-12-02-heres-the-best-holiday-gift-for-foodies-in-massachusetts/,wbbq.iheart.com,20211202T191500Z,English,United States
restoration of vegetated coastal ecosystems,blue carbon,Here The Best Holiday Gift For Foodies In Alabama,https://wbbq.iheart.com/content/2021-12-02-heres-the-best-holiday-gift-for-foodies-in-alabama/,wbbq.iheart.com,20211202T191500Z,English,United States
restoration of vegetated coastal ecosystems,blue carbon,Here The Best Holiday Gift For Foodies In Massachusetts,https://987theriver.iheart.com/content/2021-12-02-heres-the-best-holiday-gift-for-foodies-in-massachusetts/,987theriver.iheart.com,20211202T191500Z,English,United States
restoration of vegetated coastal ecosystems,blue carbon,Here The Best Holiday Gift For Foodies In Virginia,https://wbbq.iheart.com/content/2021-12-02-heres-the-best-holiday-gift-for-foodies-in-virginia/,wbbq.iheart.com,20211202T191500Z,English,United States
restoration of vegetated coastal ecosystems,blue carbon,Here The Best Holiday Gift For Foodies In Connecticut,https://wbbq.iheart.com/content/2021-12-02-heres-the-best-holiday-gift-for-foodies-in-connecticut/,wbbq.iheart.com,20211202T191500Z,English,United States
restoration of vegetated coastal ecosystems,blue carbon,Here The Best Holiday Gift For Foodies In Pennsylvania,https://wbbq.iheart.com/content/2021-12-02-heres-the-best-holiday-gift-for-foodies-in-pennsylvania/,wbbq.iheart.com,20211202T191500Z,English,United States
restoration of vegetated coastal ecosystems,blue carbon,Here The Best Holiday Gift For Foodies In Virginia,https://987theriver.iheart.com/content/2021-12-02-heres-the-best-holiday-gift-for-foodies-in-virginia/,987theriver.iheart.com,20211202T191500Z,English,United States
restoration of vegetated coastal ecosystems,blue carbon,Here The Best Holiday Gift For Foodies In Alabama,https://my971tucson.iheart.com/content/2021-12-02-heres-the-best-holiday-gift-for-foodies-in-alabama/,my971tucson.iheart.com,20211202T190000Z,English,United States
restoration of vegetated coastal ecosystems,blue carbon,Here The Best Holiday Gift For Foodies In Massachusetts,https://q1043.iheart.com/content/2021-12-02-heres-the-best-holiday-gift-for-foodies-in-massachusetts/,q1043.iheart.com,20211202T190000Z,English,United States
restoration of vegetated coastal ecosystems,blue carbon,Here The Best Holiday Gift For Foodies In Massachusetts,https://my971tucson.iheart.com/content/2021-12-02-heres-the-best-holiday-gift-for-foodies-in-massachusetts/,my971tucson.iheart.com,20211202T190000Z,English,United States
restoration of vegetated coastal ecosystems,blue carbon,Here The Best Holiday Gift For Foodies In Pennsylvania,https://q1043.iheart.com/content/2021-12-02-heres-the-best-holiday-gift-for-foodies-in-pennsylvania/,q1043.iheart.com,20211202T190000Z,English,United States
restoration of vegetated coastal ecosystems,blue carbon,Here The Best Holiday Gift For Foodies In Virginia,https://my971tucson.iheart.com/content/2021-12-02-heres-the-best-holiday-gift-for-foodies-in-virginia/,my971tucson.iheart.com,20211202T190000Z,English,United States
restoration of vegetated coastal ecosystems,blue carbon,Here The Best Holiday Gift For Foodies In Virginia,https://q1043.iheart.com/content/2021-12-02-heres-the-best-holiday-gift-for-foodies-in-virginia/,q1043.iheart.com,20211202T190000Z,English,United States
restoration of vegetated coastal ecosystems,blue carbon,Here The Best Holiday Gift For Foodies In Connecticut,https://q1043.iheart.com/content/2021-12-02-heres-the-best-holiday-gift-for-foodies-in-connecticut/,q1043.iheart.com,20211202T190000Z,English,United States
restoration of vegetated coastal ecosystems,blue carbon,Here The Best Holiday Gift For Foodies In Alabama,https://q1043.iheart.com/content/2021-12-02-heres-the-best-holiday-gift-for-foodies-in-alabama/,q1043.iheart.com,20211202T190000Z,English,United States
restoration of vegetated coastal ecosystems,blue carbon,Here The Best Holiday Gift For Foodies In Connecticut,https://my971tucson.iheart.com/content/2021-12-02-heres-the-best-holiday-gift-for-foodies-in-connecticut/,my971tucson.iheart.com,20211202T190000Z,English,United States
restoration of vegetated coastal ecosystems,blue carbon,Here The Best Holiday Gift For Foodies In Pennsylvania,https://my971tucson.iheart.com/content/2021-12-02-heres-the-best-holiday-gift-for-foodies-in-pennsylvania/,my971tucson.iheart.com,20211202T190000Z,English,United States
restoration of vegetated coastal ecosystems,blue carbon,Here The Best Holiday Gift For Foodies In Connecticut | News Radio 1410 AM & 100 . 9 FM,https://newsradio1410.iheart.com/content/2021-12-02-heres-the-best-holiday-gift-for-foodies-in-connecticut/,newsradio1410.iheart.com,20211202T184500Z,English,United States
restoration of vegetated coastal ecosystems,blue carbon,Here The Best Holiday Gift For Foodies In Alabama,https://mixgulfcoast.iheart.com/content/2021-12-02-heres-the-best-holiday-gift-for-foodies-in-alabama/,mixgulfcoast.iheart.com,20211202T183000Z,English,United States
restoration of vegetated coastal ecosystems,blue carbon,Here The Best Holiday Gift For Foodies In Pennsylvania,https://realrock1057.iheart.com/content/2021-12-02-heres-the-best-holiday-gift-for-foodies-in-pennsylvania/,realrock1057.iheart.com,20211202T183000Z,English,United States
restoration of vegetated coastal ecosystems,blue carbon,Here The Best Holiday Gift For Foodies In Connecticut,https://sl100.iheart.com/content/2021-12-02-heres-the-best-holiday-gift-for-foodies-in-connecticut/,sl100.iheart.com,20211202T183000Z,English,United States
restoration of vegetated coastal ecosystems,blue carbon,Here The Best Holiday Gift For Foodies In Alabama,https://sl100.iheart.com/content/2021-12-02-heres-the-best-holiday-gift-for-foodies-in-alabama/,sl100.iheart.com,20211202T183000Z,English,United States
restoration of vegetated coastal ecosystems,blue carbon,Here The Best Holiday Gift For Foodies In Virginia,https://q1041.iheart.com/content/2021-12-02-heres-the-best-holiday-gift-for-foodies-in-virginia/,q1041.iheart.com,20211202T183000Z,English,United States
restoration of vegetated coastal ecosystems,blue carbon,Here The Best Holiday Gift For Foodies In Massachusetts,https://sl100.iheart.com/content/2021-12-02-heres-the-best-holiday-gift-for-foodies-in-massachusetts/,sl100.iheart.com,20211202T183000Z,English,United States
restoration of vegetated coastal ecosystems,blue carbon,Here The Best Holiday Gift For Foodies In Virginia,https://realrock1057.iheart.com/content/2021-12-02-heres-the-best-holiday-gift-for-foodies-in-virginia/,realrock1057.iheart.com,20211202T183000Z,English,United States
restoration of vegetated coastal ecosystems,blue carbon,Here The Best Holiday Gift For Foodies In Virginia,https://mixgulfcoast.iheart.com/content/2021-12-02-heres-the-best-holiday-gift-for-foodies-in-virginia/,mixgulfcoast.iheart.com,20211202T183000Z,English,United States
restoration of vegetated coastal ecosystems,blue carbon,Here The Best Holiday Gift For Foodies In Virginia,https://sl100.iheart.com/content/2021-12-02-heres-the-best-holiday-gift-for-foodies-in-virginia/,sl100.iheart.com,20211202T183000Z,English,United States
restoration of vegetated coastal ecosystems,blue carbon,Here The Best Holiday Gift For Foodies In Connecticut,https://realrock1057.iheart.com/content/2021-12-02-heres-the-best-holiday-gift-for-foodies-in-connecticut/,realrock1057.iheart.com,20211202T183000Z,English,United States
restoration of vegetated coastal ecosystems,blue carbon,Here The Best Holiday Gift For Foodies In Pennsylvania,https://q1041.iheart.com/content/2021-12-02-heres-the-best-holiday-gift-for-foodies-in-pennsylvania/,q1041.iheart.com,20211202T183000Z,English,United States
restoration of vegetated coastal ecosystems,blue carbon,Here The Best Holiday Gift For Foodies In Connecticut,https://q1041.iheart.com/content/2021-12-02-heres-the-best-holiday-gift-for-foodies-in-connecticut/,q1041.iheart.com,20211202T183000Z,English,United States
restoration of vegetated coastal ecosystems,blue carbon,Here The Best Holiday Gift For Foodies In Alabama,https://realrock1057.iheart.com/content/2021-12-02-heres-the-best-holiday-gift-for-foodies-in-alabama/,realrock1057.iheart.com,20211202T183000Z,English,United States
restoration of vegetated coastal ecosystems,blue carbon,Here The Best Holiday Gift For Foodies In Alabama,https://q1041.iheart.com/content/2021-12-02-heres-the-best-holiday-gift-for-foodies-in-alabama/,q1041.iheart.com,20211202T183000Z,English,United States
restoration of vegetated coastal ecosystems,blue carbon,Here The Best Holiday Gift For Foodies In Massachusetts,https://q1041.iheart.com/content/2021-12-02-heres-the-best-holiday-gift-for-foodies-in-massachusetts/,q1041.iheart.com,20211202T183000Z,English,United States
restoration of vegetated coastal ecosystems,blue carbon,Here The Best Holiday Gift For Foodies In Pennsylvania,https://mixgulfcoast.iheart.com/content/2021-12-02-heres-the-best-holiday-gift-for-foodies-in-pennsylvania/,mixgulfcoast.iheart.com,20211202T183000Z,English,United States
restoration of vegetated coastal ecosystems,blue carbon,Here The Best Holiday Gift For Foodies In Massachusetts,https://mixgulfcoast.iheart.com/content/2021-12-02-heres-the-best-holiday-gift-for-foodies-in-massachusetts/,mixgulfcoast.iheart.com,20211202T183000Z,English,United States
restoration of vegetated coastal ecosystems,blue carbon,Here The Best Holiday Gift For Foodies In Connecticut,https://mixgulfcoast.iheart.com/content/2021-12-02-heres-the-best-holiday-gift-for-foodies-in-connecticut/,mixgulfcoast.iheart.com,20211202T183000Z,English,United States
restoration of vegetated coastal ecosystems,blue carbon,Here The Best Holiday Gift For Foodies In Pennsylvania,https://sl100.iheart.com/content/2021-12-02-heres-the-best-holiday-gift-for-foodies-in-pennsylvania/,sl100.iheart.com,20211202T183000Z,English,United States
restoration of vegetated coastal ecosystems,blue carbon,Here The Best Holiday Gift For Foodies In Massachusetts,https://realrock1057.iheart.com/content/2021-12-02-heres-the-best-holiday-gift-for-foodies-in-massachusetts/,realrock1057.iheart.com,20211202T183000Z,English,United States
restoration of vegetated coastal ecosystems,blue carbon,Here The Best Holiday Gift For Foodies In Connecticut,https://102jkx.iheart.com/content/2021-12-02-heres-the-best-holiday-gift-for-foodies-in-connecticut/,102jkx.iheart.com,20211202T181500Z,English,United States
restoration of vegetated coastal ecosystems,blue carbon,Wetlands Protections in Belize Are Bolstered by Science,https://www.pewtrusts.org/en/research-and-analysis/articles/2022/02/01/wetlands-protections-in-belize-are-bolstered-by-science,pewtrusts.org,20220201T221500Z,English,United States
restoration of vegetated coastal ecosystems,blue carbon,Here Are The 2022 Cadillac CT5 - V Blackwing Wheel Choices,https://gmauthority.com/blog/2021/04/here-are-the-2022-cadillac-ct5-v-blackwing-wheel-choices/,gmauthority.com,20220131T204500Z,English,United States
restoration of vegetated coastal ecosystems,blue carbon,Cuba Names East Los Colorados Archipelago a New Protected Area,https://www.newswise.com/articles/cuba-names-east-los-colorados-archipelago-a-new-protected-area,newswise.com,20220127T163000Z,English,United States
restoration of vegetated coastal ecosystems,blue carbon,New study finds aquaculture could help counter drivers of climate change,https://www.seafoodsource.com/news/environment-sustainability/new-study-finds-aquaculture-could-help-counter-drivers-of-climate-change,seafoodsource.com,20220127T154500Z,English,United States
restoration of vegetated coastal ecosystems,blue carbon,"Roadmap for better , greener , marine aquaculture sector",https://www.miragenews.com/roadmap-for-better-greener-marine-aquaculture-713565/,miragenews.com,20220127T011500Z,English,United States
restoration of vegetated coastal ecosystems,blue carbon,New UNFCCC Digital Resource on Ocean,https://www.miragenews.com/new-unfccc-digital-resource-on-ocean-712392/,miragenews.com,20220125T093000Z,English,United States
restoration of vegetated coastal ecosystems,blue carbon,How To Care For Cadillac Blackwing Dark Emerald Frost Matte Paint,https://gmauthority.com/blog/2021/09/how-to-care-for-cadillac-blackwing-dark-emerald-frost-matte-paint/,gmauthority.com,20220125T014500Z,English,United States
restoration of vegetated coastal ecosystems,blue carbon,Australia Adds  Blue Carbon  to Credit System,https://www.theepochtimes.com/australia-unveils-expanded-carbon-credit-system_4227246.html,theepochtimes.com,20220122T021500Z,English,United States
restoration of vegetated coastal ecosystems,blue carbon,Researchers help shape federal blue carbon credit system,https://www.miragenews.com/researchers-help-shape-federal-blue-carbon-710474/,miragenews.com,20220121T003000Z,English,United States
restoration of vegetated coastal ecosystems,blue carbon,"EAD , ENGIE complete Phase II of Mangrove Rehabilitation Project",https://www.bignewsnetwork.com/news/272211578/ead-engie-complete-phase-ii-of-mangrove-rehabilitation-project,bignewsnetwork.com,20220120T070000Z,English,United States
restoration of vegetated coastal ecosystems,blue carbon,Emissions Reduction Fund to credit blue carbon projects,https://www.miragenews.com/emissions-reduction-fund-to-credit-blue-carbon-709610/,miragenews.com,20220119T231500Z,English,United States
restoration of vegetated coastal ecosystems,blue carbon,"Introducing The Ecopreneurs , a New Series from FORTUNE Brand Studio and Salesforce",http://next-generation-communications.tmcnet.com/news/2022/01/19/9529354.htm,next-generation-communications.tmcnet.com,20220119T221500Z,English,United States
restoration of vegetated coastal ecosystems,blue carbon,Build your dream garage with this insane prize from Omaze,https://www.autoblog.com/2022/01/19/win-a-car-and-100k/,autoblog.com,20220119T183000Z,English,United States
restoration of vegetated coastal ecosystems,blue carbon,IT News Online - maribus launches the new World Ocean Review : Communicating the latest marine knowledge,http://www.itnewsonline.com/news/maribus-launches-the-new-World-Ocean-Review-Communicating-the-latest-marine-knowledge-/7894,itnewsonline.com,20220119T164500Z,English,United States
restoration of vegetated coastal ecosystems,blue carbon,"Introducing The Ecopreneurs , a New Series from FORTUNE Brand Studio and Salesforce",https://www.prnewswire.com:443/news-releases/introducing-the-ecopreneurs-a-new-series-from-fortune-brand-studio-and-salesforce-301464081.html,prnewswire.com,20220119T164500Z,English,United States
restoration of vegetated coastal ecosystems,blue carbon,Hope Spot Ocean ? – combining conservation and sustainable use / The new World Ocean Review : Communicating the latest marine knowledge understandably,https://www.prleap.com/pr/283424/hope-spot-ocean-combining-conservation-and-sustainable-use-the-new-world-ocean-review-communicating-the-latest-marine-knowledge,prleap.com,20220119T164500Z,English,United States
restoration of vegetated coastal ecosystems,blue carbon,New methods to expand use of Australian Carbon Credit Units,https://www.miragenews.com/new-methods-to-expand-use-of-australian-carbon-708869/,miragenews.com,20220118T231500Z,English,United States
restoration of vegetated coastal ecosystems,blue carbon,4 weird and wonderful ways to recycle your Christmas trees this year,https://www.euronews.com/green/2022/01/17/4-weird-and-wonderful-ways-to-recycle-your-christmas-trees-this-year,euronews.com,20220118T133000Z,English,United States
restoration of vegetated coastal ecosystems,blue carbon,UK Government and Devolved Governments seek views on Joint Fisheries Statement,https://www.miragenews.com/uk-government-and-devolved-governments-seek-708470/,miragenews.com,20220118T110000Z,English,United States
restoration of vegetated coastal ecosystems,blue carbon,Carbon sequestration is crucial to check climate change : EAD chief,https://www.bignewsnetwork.com/news/272195480/carbon-sequestration-is-crucial-to-check-climate-change-ead-chief,bignewsnetwork.com,20220118T061500Z,English,United States
restoration of vegetated coastal ecosystems,blue carbon,Cadillac Blackwing Models Will Not Feature Special Badging,https://gmauthority.com/blog/2021/03/cadillac-blackwing-models-will-not-feature-special-badging/comment-page-2/,gmauthority.com,20220115T111500Z,English,United States
restoration of vegetated coastal ecosystems,blue carbon,"Cadillac Blackwings Need Black , Monochromatic Logos , Badges",https://gmauthority.com/blog/2022/01/cadillac-blackwing-models-need-black-or-monochromatic-logos-and-badges/,gmauthority.com,20220115T111500Z,English,United States
restoration of vegetated coastal ecosystems,blue carbon,"Focusing on the Protection of Wetlands in Coastal Areas , the World Coastal Forum was Held in Yancheng",http://www.itnewsonline.com/PRNewswire/Focusing-on-the-Protection-of-Wetlands-in-Coastal-Areas-the-World-Coastal-Forum-was-Held-in-Yancheng/811619,itnewsonline.com,20220114T060000Z,English,United States
restoration of vegetated coastal ecosystems,blue carbon,"Focusing on the Protection of Wetlands in Coastal Areas , the World Coastal Forum was Held in Yancheng",https://www.prnewswire.com/news-releases/focusing-on-the-protection-of-wetlands-in-coastal-areas-the-world-coastal-forum-was-held-in-yancheng-301461025.html,prnewswire.com,20220114T051500Z,English,United States
restoration of vegetated coastal ecosystems,blue carbon,"Focusing on the Protection of Wetlands in Coastal Areas , the World Coastal Forum was Held in Yancheng",https://www.prnewswire.com:443/news-releases/focusing-on-the-protection-of-wetlands-in-coastal-areas-the-world-coastal-forum-was-held-in-yancheng-301461025.html,prnewswire.com,20220114T041500Z,English,United States
restoration of vegetated coastal ecosystems,blue carbon,Keychron Q2 aims to be the perfect starter mechanical keyboard,https://www.slashgear.com/keychron-q2-aims-to-be-the-perfect-starter-mechanical-keyboard-12706963/,slashgear.com,20220112T214500Z,English,United States
restoration of vegetated coastal ecosystems,blue carbon,CORRECTED VERSION : Vaccine Famine & its Impact on African Economies,https://www.ipsnews.net/wp-content/cache/all/2021/12/vaccine-famine-impact-african-economies/,ipsnews.net,20220111T131500Z,English,United States
restoration of vegetated coastal ecosystems,blue carbon,Evaluating our coastal wetlands and coastal water quality - Carolina Journal,https://www.carolinajournal.com/opinion-article/evaluating-our-coastal-wetlands-and-coastal-water-quality/,carolinajournal.com,20220111T121500Z,English,United States
restoration of vegetated coastal ecosystems,blue carbon,Study Confirms Southern Ocean Status as One of Earth Most Important Carbon Sinks,https://www.ecowatch.com/southern-ocean-carbon-sink.html,ecowatch.com,20220108T171500Z,English,United States
restoration of vegetated coastal ecosystems,blue carbon,Six Best Practices for Carbon Offsets,http://www.justmeans.com/blog/six-best-practices-for-carbon-offsets,justmeans.com,20220107T150000Z,English,United States
restoration of vegetated coastal ecosystems,blue carbon,Coastal News Today | World - Plastics in blue carbon ecosystems : a call for global cooperation on climate change goals,https://www.coastalnewstoday.com/post/world-plastics-in-blue-carbon-ecosystems-a-call-for-global-cooperation-on-climate-change-goals,coastalnewstoday.com,20220107T041500Z,English,United States
restoration of vegetated coastal ecosystems,blue carbon,Hydrogen Hub Plan Divides Stakeholders in New Mexico,https://www.govtech.com/fs/hydrogen-hub-plan-divides-stakeholders-in-new-mexico,govtech.com,20220105T000000Z,English,United States
restoration of vegetated coastal ecosystems,blue carbon,Conference in Glasgow shows need for local climate solutions,https://www.floridatoday.com/story/opinion/2022/01/04/conference-glasgow-shows-need-local-climate-solutions-opinion/9067799002/,floridatoday.com,20220104T131500Z,English,United States
restoration of vegetated coastal ecosystems,blue carbon,Proposed hydrogen hub generates controversy,https://www.santafenewmexican.com/news/local_news/proposed-hydrogen-hub-generates-controversy/article_7d9add66-6730-11ec-a98e-27a9c0e21c26.html,santafenewmexican.com,20220103T223000Z,English,United States
restoration of vegetated coastal ecosystems,blue carbon,Proposed hydrogen hub generates controversy in New Mexico,https://www.santafenewmexican.com/news/local_news/proposed-hydrogen-hub-generates-controversy-in-new-mexico/article_7d9add66-6730-11ec-a98e-27a9c0e21c26.html,santafenewmexican.com,20220103T034500Z,English,United States
restoration of vegetated coastal ecosystems,blue carbon,Manx marine carbon study could help in climate bid,http://www.msn.com/en-us/news/world/manx-marine-carbon-study-could-help-in-climate-bid/ar-AAVIEIR,msn.com,20220331T163000Z,English,United States
restoration of vegetated coastal ecosystems,blue carbon,The Complete Guide to Understanding Seagrass | World Resources Institute,https://www.wri.org/insights/understanding-seagrass,wri.org,20220331T151500Z,English,United States
restoration of vegetated coastal ecosystems,blue carbon,Lord of the Trees Raises $1 . 25M in Pre - Seed Funding,https://www.finsmes.com/2022/03/lord-of-the-trees-raises-1-25m-in-pre-seed-funding.html,finsmes.com,20220331T014500Z,English,United States
restoration of vegetated coastal ecosystems,blue carbon,Lord of the Trees Raises $1 . 25 Million Pre - Seed Round Led by Draper Associates,https://www.prnewswire.com/news-releases/lord-of-the-trees-raises-1-25-million-pre-seed-round-led-by-draper-associates-301512821.html,prnewswire.com,20220330T123000Z,English,United States
restoration of vegetated coastal ecosystems,blue carbon,Lord of the Trees Raises $1 . 25 Million Pre - Seed Round Led by Draper Associates,https://www.prnewswire.com:443/news-releases/lord-of-the-trees-raises-1-25-million-pre-seed-round-led-by-draper-associates-301512821.html,prnewswire.com,20220330T123000Z,English,United States
restoration of vegetated coastal ecosystems,blue carbon,Federal Budget 2022 - 23 : what it means for the environment and climate change,https://www.lexology.com/library/detail.aspx?g=3d6c74cf-9872-4a2e-bafe-668df85173cf,lexology.com,20220330T100000Z,English,United States
restoration of vegetated coastal ecosystems,blue carbon,Fighting climate change isnt just a hobby for young people . It can be a career .,https://www.sandiegouniontribune.com/community-voices-project/story/2022-03-28/environmental-jobs-conservation,sandiegouniontribune.com,20220329T014500Z,English,United States
restoration of vegetated coastal ecosystems,blue carbon,California kelp forests are dying . Preservation isnt the only way to save them .,https://www.sandiegouniontribune.com/opinion/commentary/story/2022-03-28/california-kelp-forests-conservation,sandiegouniontribune.com,20220329T014500Z,English,United States
restoration of vegetated coastal ecosystems,blue carbon,Coastal News Today | united states - NOAA blue carbon projects help with climate mitigation fight,https://www.coastalnewstoday.com/post/usa-noaas-blue-carbon-projects-help-with-climate-mitigation-fight,coastalnewstoday.com,20220328T004500Z,English,United States
restoration of vegetated coastal ecosystems,blue carbon,"Research explores how inland , coastal waterways affect climate",https://www.pittsburghstar.com/news/272424452/research-explores-how-inland-coastal-waterways-affect-climate,pittsburghstar.com,20220326T174500Z,English,United States
restoration of vegetated coastal ecosystems,blue carbon,"Research explores how inland , coastal waterways affect climate",https://www.newjerseytelegraph.com/news/272424452/research-explores-how-inland-coastal-waterways-affect-climate,newjerseytelegraph.com,20220326T160000Z,English,United States
restoration of vegetated coastal ecosystems,blue carbon,"Research explores how inland , coastal waterways affect climate",https://www.bignewsnetwork.com/news/272424452/research-explores-how-inland-coastal-waterways-affect-climate,bignewsnetwork.com,20220326T153000Z,English,United States
restoration of vegetated coastal ecosystems,blue carbon,"Stylecard , A Revolutionary Personalized Virtual Shopping Platform for Clothing , Launches Equity Crowdfunding Campaign",https://www.digitaljournal.com/pr/stylecard-a-revolutionary-personalized-virtual-shopping-platform-for-clothing-launches-equity-crowdfunding-campaign,digitaljournal.com,20220326T053000Z,English,United States
restoration of vegetated coastal ecosystems,blue carbon,New 83 Million Pixel Zoomable Image Of The Sun From Solar Orbiter,https://www.iflscience.com/space/new-83-million-pixel-zoomable-image-of-the-sun-from-solar-orbiter/,iflscience.com,20220325T163000Z,English,United States
restoration of vegetated coastal ecosystems,blue carbon,"Study Shows How Inland Waterways Influence Carbon Storage , Movements",https://www.waterwaysjournal.net/2022/03/25/study-shows-how-inland-waterways-influence-carbon-storage-movements/,waterwaysjournal.net,20220325T161500Z,English,United States
restoration of vegetated coastal ecosystems,blue carbon,This Solar Orbiter Sizzling Picture Of The Sun Is The Closest View Ever Of Earth Star,https://hothardware.com/news/solar-orbiters-picture-of-sun-is-closest-view-of-earths-star,hothardware.com,20220325T154500Z,English,United States
restoration of vegetated coastal ecosystems,blue carbon,Zooming into the sun with Solar Orbiter,https://phys.org/news/2022-03-sun-solar-orbiter.html,phys.org,20220325T143000Z,English,United States
restoration of vegetated coastal ecosystems,blue carbon,"After 20 years of studying how ecosystems absorb carbon , why were worried about a tipping point of collapse",https://phys.org/news/2022-03-years-ecosystems-absorb-carbon-collapse.html,phys.org,20220325T140000Z,English,United States
restoration of vegetated coastal ecosystems,blue carbon,Zooming Into The Sun With Solar Orbiter,http://spaceref.com/solar-physics/zooming-into-the-sun-with-solar-orbiter.html,spaceref.com,20220325T033000Z,English,United States
restoration of vegetated coastal ecosystems,blue carbon,"One tree at a time , where reforestation of mangroves is working",https://www.csmonitor.com/World/Points-of-Progress/2022/0323/Small-actions-add-up-to-benefit-ocean-habitats-and-animals,csmonitor.com,20220323T184500Z,English,United States
restoration of vegetated coastal ecosystems,blue carbon,The New Digital Economy - Basil Springer,https://sflcn.com/the-new-digital-economy-basil-springer/,sflcn.com,20220323T054500Z,English,United States
restoration of vegetated coastal ecosystems,blue carbon,U . S . Government Activities in Eastern Tropical Pacific Seascape,https://www.miragenews.com/us-government-activities-in-eastern-tropical-748736/,miragenews.com,20220322T223000Z,English,United States
restoration of vegetated coastal ecosystems,blue carbon,Salt marsh grass on Georgia coast gets nutrients for growth from helpful bacteria in its roots,https://phys.org/news/2022-03-salt-marsh-grass-georgia-coast.html,phys.org,20220322T173000Z,English,United States
restoration of vegetated coastal ecosystems,blue carbon,"Study sheds light on how inland , coastal waterways influence climate",https://www.pittsburghstar.com/news/272407994/study-sheds-light-on-how-inland-coastal-waterways-influence-climate,pittsburghstar.com,20220321T161500Z,English,United States
restoration of vegetated coastal ecosystems,blue carbon,"Study sheds light on how inland , coastal waterways influence climate",https://www.newjerseytelegraph.com/news/272407994/study-sheds-light-on-how-inland-coastal-waterways-influence-climate,newjerseytelegraph.com,20220321T154500Z,English,United States
restoration of vegetated coastal ecosystems,blue carbon,"Study sheds light on how inland , coastal waterways influence climate",https://www.longbeachstar.com/news/272407994/study-sheds-light-on-how-inland-coastal-waterways-influence-climate,longbeachstar.com,20220321T143000Z,English,United States
restoration of vegetated coastal ecosystems,blue carbon,"Study sheds light on how inland , coastal waterways influence climate",https://www.bignewsnetwork.com/news/272407994/study-sheds-light-on-how-inland-coastal-waterways-influence-climate,bignewsnetwork.com,20220321T124500Z,English,United States
restoration of vegetated coastal ecosystems,blue carbon,CARBON NEUTRAL ROYALTY ANNOUNCES STRATEGIC BLUE CARBON PARTNERSHIP WITH MARIS LTD,https://www.wfmz.com/news/pr_newswire/pr_newswire_stocks/carbon-neutral-royalty-announces-strategic-blue-carbon-partnership-with-maris-ltd/article_05263232-c14f-50c3-9cec-5dee43a3c940.html,wfmz.com,20220321T093000Z,English,United States
restoration of vegetated coastal ecosystems,blue carbon,Alexandra Cousteau makes waves in contemporary ocean conservation,http://www.campustimes.org/2022/03/20/alexandra-cousteau-makes-waves-in-contemporary-ocean-conservation/,campustimes.org,20220320T234500Z,English,United States
restoration of vegetated coastal ecosystems,blue carbon,MOL to participate in  J Blue Credit  carbon offset,https://ajot.com/news/mol-to-participate-in-j-blue-credit-carbon-offset,ajot.com,20220318T104500Z,English,United States
restoration of vegetated coastal ecosystems,blue carbon,Bill to Expand Private Leasing of WV State Parks Heads to Governors Desk / Public News Service,https://www.publicnewsservice.org/2022-03-18/environment/bill-to-expand-private-leasing-of-wv-state-parks-heads-to-governors-desk/a78336-1,publicnewsservice.org,20220318T074500Z,English,United States
restoration of vegetated coastal ecosystems,blue carbon,The Bugatti Divo Looks Almost Perfect In Matte Red,https://www.carscoops.com/2022/03/the-bugatti-divo-looks-almost-perfect-in-matte-red/,carscoops.com,20220317T153000Z,English,United States
restoration of vegetated coastal ecosystems,blue carbon,Study Details How Carbon is Stored and Transported,https://www.azocleantech.com/news.aspx?newsID=31376,azocleantech.com,20220317T141500Z,English,United States
restoration of vegetated coastal ecosystems,blue carbon,Study reveals how inland and coastal waterways influence climate,https://www.miragenews.com/study-reveals-how-inland-and-coastal-waterways-744664/,miragenews.com,20220316T164500Z,English,United States
restoration of vegetated coastal ecosystems,blue carbon,Study reveals how inland and coastal waterways influence climate,https://www.princeton.edu/news/2022/03/16/study-reveals-how-inland-and-coastal-waterways-influence-climate,princeton.edu,20220316T163000Z,English,United States
restoration of vegetated coastal ecosystems,blue carbon,Study reveals how inland and coastal waterways influence climate,https://phys.org/news/2022-03-reveals-inland-coastal-waterways-climate.html,phys.org,20220316T163000Z,English,United States
restoration of vegetated coastal ecosystems,blue carbon,GAC Bunker Fuels Opens New Office in Westport : Increased Support for Alternative Fuel Demands – Advanced BioFuels united states,https://advancedbiofuelsusa.info/gac-bunker-fuels-opens-new-office-in-westport-increased-support-for-alternative-fuel-demands/,advancedbiofuelsusa.info,20220315T211500Z,English,United States
restoration of vegetated coastal ecosystems,blue carbon,Microsoft among buyers of blue carbon credits from giant mangrove project,https://www.environmental-finance.com/content/news/microsoft-among-buyers-of-blue-carbon-credits-from-giant-mangrove-project.html,environmental-finance.com,20220315T130000Z,English,United States
restoration of vegetated coastal ecosystems,blue carbon,Gov . Lujan Grisham demands New Mexico pursue hydrogen power,https://www.alamogordonews.com/story/news/2022/03/12/gov-michelle-lujan-grisham-demands-new-mexico-pursue-hydrogen-power/6999196001/,alamogordonews.com,20220313T071500Z,English,United States
restoration of vegetated coastal ecosystems,blue carbon,2022 Cadillac CT5 - V Gets New Electric Blue Color : First Look,https://gmauthority.com/blog/2022/03/2022-cadillac-ct5-v-gets-new-electric-blue-color-first-look/,gmauthority.com,20220312T153000Z,English,United States
restoration of vegetated coastal ecosystems,blue carbon,Gov . Lujan Grisham demands New Mexico pursue hydrogen power,https://www.lcsun-news.com/story/news/2022/03/12/gov-michelle-lujan-grisham-demands-new-mexico-pursue-hydrogen-power/6999196001/,lcsun-news.com,20220312T151500Z,English,United States
restoration of vegetated coastal ecosystems,blue carbon,Gov . Lujan Grisham demands New Mexico pursue hydrogen power,https://www.currentargus.com/story/news/2022/03/12/gov-michelle-lujan-grisham-demands-new-mexico-pursue-hydrogen-power/6999196001/,currentargus.com,20220312T134500Z,English,United States
restoration of vegetated coastal ecosystems,blue carbon,Interview With Carbon Direct Vice Chairwoman Nili Gilbert,https://www.marketwatch.com/articles/climate-change-net-zero-emissions-carbon-direct-nili-gilbert-51646991000,marketwatch.com,20220312T010000Z,English,United States
restoration of vegetated coastal ecosystems,blue carbon,"The 2022 Oregon Legislature : Significant Victories for Forests , Waters , and Wildlife ; Disappointment on Climate",https://oregonwild.org/about/blog/2022-oregon-legislature-significant-victories-forests-waters-and-wildlife-disappointment,oregonwild.org,20220311T224500Z,English,United States
restoration of vegetated coastal ecosystems,blue carbon,Kelp wont help : Why seaweed may not be a silver bullet for carbon storage after all,https://phys.org/news/2022-03-kelp-wont-seaweed-silver-bullet.html,phys.org,20220311T150000Z,English,United States
restoration of vegetated coastal ecosystems,blue carbon,MI Groups Back Shutting Down Line 5 Despite Legislative Moves / Public News Service,https://www.publicnewsservice.org/2022-03-11/environment/mi-groups-back-shutting-down-line-5-despite-legislative-moves/a78251-1,publicnewsservice.org,20220311T111500Z,English,United States
restoration of vegetated coastal ecosystems,blue carbon,Interview With Carbon Direct Vice Chairwoman Nili Gilbert,https://www.marketwatch.com/articles/interview-with-carbon-directs-vice-chairwoman-nili-gilbert-51646991000,marketwatch.com,20220311T103000Z,English,United States
restoration of vegetated coastal ecosystems,blue carbon,CARBON NEUTRAL ROYALTY ANNOUNCES STRATEGIC BLUE CARBON PARTNERSHIP WITH BIG BLUE OCEAN CLEAN UP,https://www.prnewswire.com/news-releases/carbon-neutral-royalty-announces-strategic-blue-carbon-partnership-with-big-blue-ocean-clean-up-301497834.html,prnewswire.com,20220311T094500Z,English,United States
restoration of vegetated coastal ecosystems,blue carbon,Cadillac Blackwing Owners Can Order CF Parts Separately,https://gmauthority.com/blog/2022/03/cadillac-blackwing-owners-can-order-carbon-fiber-parts-separately/,gmauthority.com,20220311T004500Z,English,United States
restoration of vegetated coastal ecosystems,blue carbon,Making Hydrogen Transportation Commercially Viable,https://www.azocleantech.com/article.aspx?ArticleID=1473,azocleantech.com,20220310T101500Z,English,United States
restoration of vegetated coastal ecosystems,blue carbon,Predicting tropical fish patterns in Japan,https://www.miragenews.com/predicting-tropical-fish-patterns-in-japan-740769/,miragenews.com,20220310T063000Z,English,United States
restoration of vegetated coastal ecosystems,blue carbon,Save an Extra 15 % off Sale Items at Huckberry Right Now,https://www.menshealth.com/style/a39353990/huckberry-sale-on-sale/,menshealth.com,20220309T153000Z,English,United States
restoration of vegetated coastal ecosystems,blue carbon,Score an Extra 15 % Off Sale Items at Huckberry Right Now,http://www.msn.com/en-us/lifestyle/shopping-all/score-an-extra-15-off-sale-items-at-huckberry-right-now/ar-AAUQ6Ai,msn.com,20220309T151500Z,English,United States
restoration of vegetated coastal ecosystems,blue carbon,UOW researchers honoured for contributions to environmental sciences,https://www.miragenews.com/uow-researchers-honoured-for-contributions-to-739861/,miragenews.com,20220309T084500Z,English,United States
restoration of vegetated coastal ecosystems,blue carbon,Coastal News Today | World - 12 blue carbon mangrove projects to watch,https://www.coastalnewstoday.com/post/world-12-blue-carbon-mangrove-projects-to-watch,coastalnewstoday.com,20220308T224500Z,English,United States
restoration of vegetated coastal ecosystems,blue carbon,CARBON NEUTRAL ROYALTY ANNOUNCES STRATEGIC BLUE CARBON PARTNERSHIP WITH BIG BLUE OCEAN CLEAN UP,https://www.prnewswire.com:443/news-releases/carbon-neutral-royalty-announces-strategic-blue-carbon-partnership-with-big-blue-ocean-clean-up-301497834.html,prnewswire.com,20220308T133000Z,English,United States
restoration of vegetated coastal ecosystems,blue carbon,Save an Extra 15 % off Sale Items at Huckberry Right Now,https://www.esquire.com/style/a39353221/huckberry-sale-on-sale/,esquire.com,20220307T164500Z,English,United States
restoration of vegetated coastal ecosystems,blue carbon,"Craft Policies That Jointly Address Biodiversity and Climate Crises , Report Says",https://goodmenproject.com/featured-content/craft-policies-that-jointly-address-biodiversity-and-climate-crises-report-says/,goodmenproject.com,20220307T123000Z,English,United States
restoration of vegetated coastal ecosystems,blue carbon,Empowering Citizen Scientists to Study and Protect Coastal Wetlands,https://www.bu.edu/articles/2022/empowering-citizen-scientists-to-study-and-protect-coastal-wetlands/,bu.edu,20220307T081500Z,English,United States
restoration of vegetated coastal ecosystems,blue carbon,"Two session 2022 : Carbon neutrality high on agenda as delegates offer proposals on new energy vehicles , green AI and blue carbon",https://www.msn.com/en-xl/money/other/two-sessions-2022-carbon-neutrality-high-on-agenda-as-delegates-offer-proposals-on-new-energy-vehicles-green-ai-and-blue-carbon/ar-AAUFMMK,msn.com,20220306T054500Z,English,United States
restoration of vegetated coastal ecosystems,blue carbon,2022 Cadillac CT5 - V Gets New Blaze Orange Metallic Color,https://gmauthority.com/blog/2022/03/2022-cadillac-ct5-v-gets-new-blaze-orange-metallic-color-first-look/,gmauthority.com,20220305T170000Z,English,United States
restoration of vegetated coastal ecosystems,blue carbon,Del Mar lagoon committee seeks collaboration on blue carbon project,https://thecoastnews.com/del-mar-lagoon-committee-seeks-collaboration-on-blue-carbon-project/,thecoastnews.com,20220304T234500Z,English,United States
restoration of vegetated coastal ecosystems,blue carbon,CARBON NEUTRAL ROYALTY APPOINTS ERIK SOLHEIM AND JOHN MITNICK AS STRATEGIC ADVISORS,https://www.prnewswire.com/news-releases/carbon-neutral-royalty-appoints-erik-solheim-and-john-mitnick-as-strategic-advisors-301495785.html,prnewswire.com,20220304T140000Z,English,United States
restoration of vegetated coastal ecosystems,blue carbon,CARBON NEUTRAL ROYALTY APPOINTS ERIK SOLHEIM AND JOHN MITNICK AS STRATEGIC ADVISORS,https://www.prnewswire.com:443/news-releases/carbon-neutral-royalty-appoints-erik-solheim-and-john-mitnick-as-strategic-advisors-301495785.html,prnewswire.com,20220304T131500Z,English,United States
restoration of vegetated coastal ecosystems,blue carbon,Empowering Citizen Scientists to Study and Protect Coastal Wetlands,https://www.miragenews.com/empowering-citizen-scientists-to-study-and-736273/,miragenews.com,20220303T161500Z,English,United States
restoration of vegetated coastal ecosystems,blue carbon,Invert Adds Further Carbon Credit Experience and Leadership to Team,https://www.businesswire.com/news/home/20220303005203/en/Invert-Adds-Further-Carbon-Credit-Experience-and-Leadership-to-Team,businesswire.com,20220303T160000Z,English,United States
restoration of vegetated coastal ecosystems,blue carbon,CARBON NEUTRAL ROYALTY ANNOUNCES STRATEGIC BLUE CARBON PARTNERSHIP WITH MARIS LTD,https://www.prnewswire.com/news-releases/carbon-neutral-royalty-announces-strategic-blue-carbon-partnership-with-maris-ltd-301495059.html,prnewswire.com,20220303T154500Z,English,United States
restoration of vegetated coastal ecosystems,blue carbon,Production of Hydrogen and Carbon Capture and Storage ( CCS ) in Mexico : A Regulatory Analysis,https://www.lexology.com/library/detail.aspx?g=18c3e05b-abfd-4173-8e94-9d7b028f263a,lexology.com,20220303T140000Z,English,United States
restoration of vegetated coastal ecosystems,blue carbon,Coastal News Today | SCT - Inside Holyrood : By protecting our coastal waters and areas through investing in  Blue Carbon  we can revitalise local communities around Scotland,https://www.coastalnewstoday.com/post/sct-inside-holyrood-by-protecting-our-coastal-waters-and-areas-through-investing-in-blue-carbon-we-can-revitalise-local-communities-around-scotland,coastalnewstoday.com,20220303T021500Z,English,United States
restoration of vegetated coastal ecosystems,blue carbon,Blue Foundry Bank Expands Offering with Slate of Business Loans,https://njbiz.com/sponsored_content/blue-foundry-bank-expands-offering-with-slate-of-business-loans/,njbiz.com,20220303T000000Z,English,United States
restoration of vegetated coastal ecosystems,blue carbon,UMaine MARINE Initiative seed grant awardees announced - UMaine News,https://umaine.edu/news/blog/2022/03/01/umaine-marine-initiative-seed-grant-awardees-announced/,umaine.edu,20220302T030000Z,English,United States
restoration of vegetated coastal ecosystems,blue carbon,CARBON NEUTRAL ROYALTY ANNOUNCES LANDMARK GLOBAL PARTNERSHIP WITH WORLDVIEW INTERNATIONAL FOUNDATION,https://finance.yahoo.com/news/carbon-neutral-royalty-announces-landmark-152500342.html,finance.yahoo.com,20220301T163000Z,English,United States
restoration of vegetated coastal ecosystems,blue carbon,CARBON NEUTRAL ROYALTY ANNOUNCES LANDMARK GLOBAL PARTNERSHIP WITH WORLDVIEW INTERNATIONAL FOUNDATION,https://www.prnewswire.com:443/news-releases/carbon-neutral-royalty-announces-landmark-global-partnership-with-worldview-international-foundation-301492958.html,prnewswire.com,20220301T160000Z,English,United States
restoration of vegetated coastal ecosystems,blue carbon,CARBON NEUTRAL ROYALTY ANNOUNCES LANDMARK GLOBAL PARTNERSHIP WITH WORLDVIEW INTERNATIONAL FOUNDATION,https://www.prnewswire.com/news-releases/carbon-neutral-royalty-announces-landmark-global-partnership-with-worldview-international-foundation-301492958.html,prnewswire.com,20220301T154500Z,English,United States
restoration of vegetated coastal ecosystems,blue carbon,Coastal News Today | united kingdom - Bottom trawling triples in key marine protected area despite Brexit promise,https://www.coastalnewstoday.com/post/uk-bottom-trawling-triples-in-key-marine-protected-area-despite-brexit-promise,coastalnewstoday.com,20220301T021500Z,English,United States
restoration of vegetated coastal ecosystems,blue carbon,Why we need slow solutions to solve our water problems,https://www.nationofchange.org/2022/04/30/why-we-need-slow-solutions-to-solve-our-water-problems/,nationofchange.org,20220430T160000Z,English,United States
restoration of vegetated coastal ecosystems,blue carbon,Pew Launches Blue Carbon Network to Help States Address Climate Change,https://www.pewtrusts.org/en/research-and-analysis/articles/2022/04/29/pew-launches-blue-carbon-network-to-help-states-address-climate-change,pewtrusts.org,20220429T141500Z,English,United States
restoration of vegetated coastal ecosystems,blue carbon,Yale quest to sequester more carbon,https://news.yale.edu/2022/04/28/yales-quest-sequester-more-carbon,news.yale.edu,20220428T164500Z,English,United States
restoration of vegetated coastal ecosystems,blue carbon,The Difference Between Green Hydrogen and Blue Hydrogen,https://www.azocleantech.com/article.aspx?ArticleID=1525,azocleantech.com,20220428T151500Z,English,United States
restoration of vegetated coastal ecosystems,blue carbon,Oregon Business - The Ocean Cluster Initiative - Keeping More Local Seafood Local,https://www.oregonbusiness.com/article/sponsored/item/19545-the-ocean-cluster-initiative-keeping-more-local-seafood-local,oregonbusiness.com,20220427T181500Z,English,United States
restoration of vegetated coastal ecosystems,blue carbon,De Beers Sinks $2M Into Startup That Grows Kelp Forests,https://www.nationaljeweler.com/articles/10843-de-beers-sinks-2m-into-startup-that-grows-kelp-forests,nationaljeweler.com,20220427T021500Z,English,United States
restoration of vegetated coastal ecosystems,blue carbon,Coastal News Today | united states - United States Announces Commitments at Seventh Our Ocean Conference,https://www.coastalnewstoday.com/post/usa-united-states-announces-commitments-at-seventh-our-ocean-conference,coastalnewstoday.com,20220424T224500Z,English,United States
restoration of vegetated coastal ecosystems,blue carbon,"Why Cadillac CT4 - V Blackwing , CT5 - V Blackwing Dont Offer All - Wheel - Drive",https://gmauthority.com/blog/2021/02/why-cadillac-ct4-v-blackwing-ct5-v-blackwing-dont-offer-all-wheel-drive-awd/comment-page-2/,gmauthority.com,20220423T054500Z,English,United States
restoration of vegetated coastal ecosystems,blue carbon,LOLIWARE Introduces First - Of - Its - Kind Seaweed Pellet Technology to Replace Plastics,https://finance.yahoo.com/news/loliware-introduces-first-kind-seaweed-150000287.html,finance.yahoo.com,20220422T173000Z,English,United States
restoration of vegetated coastal ecosystems,blue carbon,"On This Earth Day , Remember The Ocean .",https://www.forbes.com/sites/jenniferlee/2022/04/22/on-this-earth-day-remember-the-ocean/,forbes.com,20220422T171500Z,English,United States
restoration of vegetated coastal ecosystems,blue carbon,LOLIWARE Introduces First - Of - Its - Kind Seaweed Pellet Technology to Replace Plastics,https://markets.businessinsider.com/news/stocks/loliware-introduces-first-of-its-kind-seaweed-pellet-technology-to-replace-plastics-1031375607,markets.businessinsider.com,20220422T153000Z,English,United States
restoration of vegetated coastal ecosystems,blue carbon,Blue Carbon Project To Study Marine Carbon Storage,https://www.marinetechnologynews.com/news/carbon-project-study-marine-619058,marinetechnologynews.com,20220422T153000Z,English,United States
restoration of vegetated coastal ecosystems,blue carbon,LOLIWARE Introduces First - Of - Its - Kind Seaweed Pellet Technology to Replace Plastics,https://www.prnewswire.com:443/news-releases/loliware-introduces-first-of-its-kind-seaweed-pellet-technology-to-replace-plastics-301530717.html,prnewswire.com,20220422T151500Z,English,United States
restoration of vegetated coastal ecosystems,blue carbon,BRENTWOOD HOME LAUNCHES UNPRECEDENTED SITE - WIDE SAVINGS FOR EARTH DAY,https://markets.businessinsider.com/news/stocks/brentwood-home-launches-unprecedented-site-wide-savings-for-earth-day-1031374729,markets.businessinsider.com,20220422T123000Z,English,United States
restoration of vegetated coastal ecosystems,blue carbon,BRENTWOOD HOME LAUNCHES UNPRECEDENTED SITE - WIDE SAVINGS FOR EARTH DAY,https://www.prnewswire.com/news-releases/brentwood-home-launches-unprecedented-site-wide-savings-for-earth-day-301530570.html,prnewswire.com,20220422T103000Z,English,United States
restoration of vegetated coastal ecosystems,blue carbon,BRENTWOOD HOME LAUNCHES UNPRECEDENTED SITE - WIDE SAVINGS FOR EARTH DAY,https://www.prnewswire.com:443/news-releases/brentwood-home-launches-unprecedented-site-wide-savings-for-earth-day-301530570.html,prnewswire.com,20220422T103000Z,English,United States
restoration of vegetated coastal ecosystems,blue carbon,Apple to protect 2400 hectare of mangroves in India,https://www.msn.com/en-in/money/topstories/apple-to-protect-2400-hectare-of-mangroves-in-india/ar-AAWtbv2,msn.com,20220422T044500Z,English,United States
restoration of vegetated coastal ecosystems,blue carbon,"Apple announces partnership to protect mangroves in India , save local livelihood",https://www.msn.com/en-IN/news/topstories/apple-announces-partnership-to-protect-mangroves-in-india-save-local-livelihood/ar-AAWt1pN,msn.com,20220422T040000Z,English,United States
restoration of vegetated coastal ecosystems,blue carbon,Bugatti Reveals Two More Custom Chiron Sur Mesure Paint Jobs,https://www.caranddriver.com/news/a39787932/bugatti-custom-chiron-sur-mesure-paint/,caranddriver.com,20220422T024500Z,English,United States
restoration of vegetated coastal ecosystems,blue carbon,"Apple announces partnership to protect mangroves in India , save local livelihood",https://www.msn.com/en-in/money/topstories/apple-announces-partnership-to-protect-mangroves-in-india-save-local-livelihood/ar-AAWt1pN,msn.com,20220422T024500Z,English,United States
restoration of vegetated coastal ecosystems,blue carbon,Conserving mangroves to protect local livelihoods and planet,https://www.miragenews.com/conserving-mangroves-to-protect-local-768528/,miragenews.com,20220422T020000Z,English,United States
restoration of vegetated coastal ecosystems,blue carbon,United States Announces Commitments at Seventh Our Ocean Conference - United States Department of State,https://www.state.gov/united-states-announces-commitments-at-seventh-our-ocean-conference/,state.gov,20220421T234500Z,English,United States
restoration of vegetated coastal ecosystems,blue carbon,United States Announces Commitments at Seventh Our Ocean Conference,https://www.miragenews.com/united-states-announces-commitments-at-seventh-768436/,miragenews.com,20220421T230000Z,English,United States
restoration of vegetated coastal ecosystems,blue carbon,Bugatti Reveals Two More Custom Chiron Sur Mesure Paint Jobs,http://www.msn.com/en-us/autos/news/bugatti-reveals-two-more-custom-chiron-sur-mesure-paint-jobs/ar-AAWsBEe,msn.com,20220421T221500Z,English,United States
restoration of vegetated coastal ecosystems,blue carbon,Coastal Wetlands Have an Important Role to Play in Addressing Climate Change,https://www.pressreleasepoint.com/coastal-wetlands-have-important-role-play-addressing-climate-change,pressreleasepoint.com,20220421T214500Z,English,United States
restoration of vegetated coastal ecosystems,blue carbon,Coastal Wetlands Have an Important Role to Play in Addressing Climate Change,https://www.pewtrusts.org/en/research-and-analysis/articles/2022/04/21/coastal-wetlands-have-an-important-role-to-play-in-addressing-climate-change,pewtrusts.org,20220421T174500Z,English,United States
restoration of vegetated coastal ecosystems,blue carbon,Mangrove in the Desert : Thriving Effort to Combat Climate Change,https://www.natureworldnews.com/articles/50448/20220420/mangrove-desert-thriving-effort-combat-climate-change.htm,natureworldnews.com,20220421T021500Z,English,United States
restoration of vegetated coastal ecosystems,blue carbon,Bespoke Bugatti Chirons Have Paint Jobs That Took Five Weeks To Finish,http://www.msn.com/en-us/autos/news/bespoke-bugatti-chirons-have-paint-jobs-that-took-five-weeks-to-finish/ar-AAWpX6W,msn.com,20220420T181500Z,English,United States
restoration of vegetated coastal ecosystems,blue carbon,"Jaw , Meet Floor : Bugatti Latest Chiron Hypercars Are All About Customization",https://www.autoevolution.com/news/jaw-meet-floor-bugatti-s-latest-chiron-hypercars-are-all-about-customization-186868.html,autoevolution.com,20220420T111500Z,English,United States
restoration of vegetated coastal ecosystems,blue carbon,The Role of the Hospitality Industry in Achieving 30x30,https://www.hospitalitynet.org/opinion/4110020.html,hospitalitynet.org,20220420T101500Z,English,United States
restoration of vegetated coastal ecosystems,blue carbon,30x30 target : Where does the Hotel Sector stand ?,https://www.hospitalitynet.org/viewpoint/125000152.html,hospitalitynet.org,20220420T101500Z,English,United States
restoration of vegetated coastal ecosystems,blue carbon,How Louisiana became the carbon capture capital of the South,https://www.postsouth.com/story/news/2022/04/18/how-louisiana-became-carbon-capture-capital-south-john-bel-edwards-bill-cassidy-air-products-cleco/7330762001/,postsouth.com,20220420T013000Z,English,United States
restoration of vegetated coastal ecosystems,blue carbon,Mangroves Can Help Offset Carbon Emissions,https://www.azocleantech.com/news.aspx?newsID=31552,azocleantech.com,20220419T163000Z,English,United States
restoration of vegetated coastal ecosystems,blue carbon,Louisiana transforms into South carbon capture capital - Baton Rouge Business Report,https://www.businessreport.com/business/louisiana-transforms-into-souths-carbon-capture-capital,businessreport.com,20220419T154500Z,English,United States
restoration of vegetated coastal ecosystems,blue carbon,"SK * P CONTINUES ITS MISSION TO RID THE BEAUTY INDUSTRY OF ITS PLASTIC ADDICTION WITH NEW NATIONAL RETAIL PARTNERSHIP , THE SK * P SWAP INITIATIVE AND FOUNDER TOUR",https://www.prnewswire.com:443/news-releases/skp-continues-its-mission-to-rid-the-beauty-industry-of-its-plastic-addiction-with-new-national-retail-partnership-the-skp-swap-initiative-and-founder-tour-301527950.html,prnewswire.com,20220419T133000Z,English,United States
restoration of vegetated coastal ecosystems,blue carbon,Coastal News Today | LA - How Louisiana became the carbon capture capital of the South with $6 billion in projects,https://www.coastalnewstoday.com/post/la-how-louisiana-became-the-carbon-capture-capital-of-the-south-with-6-billion-in-projects,coastalnewstoday.com,20220419T014500Z,English,United States
restoration of vegetated coastal ecosystems,blue carbon,How Louisiana became the carbon capture capital of the South,https://www.weeklycitizen.com/story/news/2022/04/18/how-louisiana-became-carbon-capture-capital-south-john-bel-edwards-bill-cassidy-air-products-cleco/7330762001/,weeklycitizen.com,20220419T000000Z,English,United States
restoration of vegetated coastal ecosystems,blue carbon,International Day for Monuments and Sites spotlights climate change,https://www.longbeachstar.com/news/272492861/international-day-for-monuments-and-sites-spotlights-climate-change,longbeachstar.com,20220418T224500Z,English,United States
restoration of vegetated coastal ecosystems,blue carbon,How Louisiana became the carbon capture capital of the South,https://www.donaldsonvillechief.com/story/news/2022/04/18/how-louisiana-became-carbon-capture-capital-south-john-bel-edwards-bill-cassidy-air-products-cleco/7330762001/,donaldsonvillechief.com,20220418T213000Z,English,United States
restoration of vegetated coastal ecosystems,blue carbon,UNOG - United Nations Office at Geneva ( via Public ) / International Day for Monuments and Sites spotlights climate change,http://www.publicnow.com/view/BAD729FB573BAE361D1D0D070E6A20C122B73AAB,publicnow.com,20220418T180000Z,English,United States
restoration of vegetated coastal ecosystems,blue carbon,County exploring ways to use San Diego land to fight climate change,https://phys.org/news/2022-04-county-exploring-ways-san-diego.html,phys.org,20220418T180000Z,English,United States
restoration of vegetated coastal ecosystems,blue carbon,County exploring ways to use San Diego land to fight climate change,https://www.delmartimes.net/news/story/2022-04-18/decarbonization-land-use,delmartimes.net,20220418T173000Z,English,United States
restoration of vegetated coastal ecosystems,blue carbon,How Louisiana became the carbon capture capital of the South,https://www.dailycomet.com/story/news/2022/04/18/how-louisiana-became-carbon-capture-capital-south-john-bel-edwards-bill-cassidy-air-products-cleco/7330762001/,dailycomet.com,20220418T161500Z,English,United States
restoration of vegetated coastal ecosystems,blue carbon,County exploring ways to use San Diego land to fight climate change,https://www.sandiegouniontribune.com/news/politics/story/2022-04-18/decarbonization-land-use,sandiegouniontribune.com,20220418T134500Z,English,United States
restoration of vegetated coastal ecosystems,blue carbon,How Louisiana became the carbon capture capital of the South,https://www.shreveporttimes.com/story/news/2022/04/18/how-louisiana-became-carbon-capture-capital-south-john-bel-edwards-bill-cassidy-air-products-cleco/7330762001/,shreveporttimes.com,20220418T113000Z,English,United States
restoration of vegetated coastal ecosystems,blue carbon,How Louisiana became the carbon capture capital of the South,https://www.thenewsstar.com/story/news/2022/04/18/how-louisiana-became-carbon-capture-capital-south-john-bel-edwards-bill-cassidy-air-products-cleco/7330762001/,thenewsstar.com,20220418T101500Z,English,United States
restoration of vegetated coastal ecosystems,blue carbon,National Oceanic and Atmospheric Administration – Advanced BioFuels united states,https://advancedbiofuelsusa.info/category/federal-agency/national-oceanic-and-atmospheric-administration/,advancedbiofuelsusa.info,20220418T090000Z,English,United States
restoration of vegetated coastal ecosystems,blue carbon,How Louisiana became the carbon capture capital of the South,https://www.dailyworld.com/story/news/2022/04/18/how-louisiana-became-carbon-capture-capital-south-john-bel-edwards-bill-cassidy-air-products-cleco/7330762001/,dailyworld.com,20220418T084500Z,English,United States
restoration of vegetated coastal ecosystems,blue carbon,How Louisiana became the carbon capture capital of the South,https://www.thetowntalk.com/story/news/2022/04/18/how-louisiana-became-carbon-capture-capital-south-john-bel-edwards-bill-cassidy-air-products-cleco/7330762001/,thetowntalk.com,20220418T033000Z,English,United States
restoration of vegetated coastal ecosystems,blue carbon,How Louisiana became the carbon capture capital of the South,https://www.houmatoday.com/story/news/2022/04/18/how-louisiana-became-carbon-capture-capital-south-john-bel-edwards-bill-cassidy-air-products-cleco/7330762001/,houmatoday.com,20220418T024500Z,English,United States
restoration of vegetated coastal ecosystems,blue carbon,How Louisiana became the carbon capture capital of the South,https://www.theadvertiser.com/story/news/2022/04/18/how-louisiana-became-carbon-capture-capital-south-john-bel-edwards-bill-cassidy-air-products-cleco/7330762001/,theadvertiser.com,20220418T013000Z,English,United States
restoration of vegetated coastal ecosystems,blue carbon,Coastal News Today | united states - House Select Committee on Climate Crisis Issues Testimony From University Florida Professor,https://www.coastalnewstoday.com/post/usa-house-select-committee-on-climate-crisis-issues-testimony-from-university-florida-professor,coastalnewstoday.com,20220416T181500Z,English,United States
restoration of vegetated coastal ecosystems,blue carbon,Navigating the net - zero thicket,https://www.politico.com/newsletters/the-long-game/2022/04/15/navigating-the-net-zero-thicket-00025511,politico.com,20220415T180000Z,English,United States
restoration of vegetated coastal ecosystems,blue carbon,Nations Promise Billions For Sustainable Oceans At Palau Conference,https://www.civilbeat.org/2022/04/nations-promise-billions-for-sustainable-oceans-at-palau-conference/,civilbeat.org,20220414T060000Z,English,United States
restoration of vegetated coastal ecosystems,blue carbon,"To solve climate change , dive into the power of the ocean",https://news.trust.org/item/20220406061944-gpxkz/,news.trust.org,20220413T160000Z,English,United States
restoration of vegetated coastal ecosystems,blue carbon,Tubulin inhibitor with a unique molecular mechanism of action,https://phys.org/news/2022-04-tubulin-inhibitor-unique-molecular-mechanism.html,phys.org,20220413T134500Z,English,United States
restoration of vegetated coastal ecosystems,blue carbon,New investments in Oregon ocean science research,https://www.thenewsguard.com/news/new-investments-in-oregon-ocean-science-research/article_88e06cde-b46c-11ec-9e9c-bbc2cedf07c2.html,thenewsguard.com,20220413T094500Z,English,United States
restoration of vegetated coastal ecosystems,blue carbon,Carbon and Finance Platform Earthbanc Raises $1 . 5 Million,https://www.globenewswire.com/en/news-release/2022/04/05/2416457/0/en/Carbon-and-Finance-Platform-Earthbanc-Raises-1-5-Million-Pre-Seed-Round.html,globenewswire.com,20220413T071500Z,English,United States
restoration of vegetated coastal ecosystems,blue carbon,Earthbanc Raises $1 . 5M in Pre Seed Round,https://www.finsmes.com/2022/04/earthbanc-raises-1-5m-in-pre-seed-round.html,finsmes.com,20220411T223000Z,English,United States
restoration of vegetated coastal ecosystems,blue carbon,Kerri Barsh to Present During University of Miami  Distinguished Alumni  Lecture | News,https://www.gtlaw.com/en/news/2022/04/press-releases/greenberg-traurigs-kerri-barsh-to-present-during-university-of-miami-distinguished-alumni-lecture,gtlaw.com,20220411T184500Z,English,United States
restoration of vegetated coastal ecosystems,blue carbon,Oregon invests in research to understand its changing ocean coast,https://www.kdrv.com/news/local/oregon-invests-in-research-to-understand-its-changing-ocean-coast/article_b8727fbc-b8fb-11ec-9e66-9384fb5113ce.html,kdrv.com,20220411T180000Z,English,United States
restoration of vegetated coastal ecosystems,blue carbon,2023 Cadillac CT5 - V Blackwing 120th Anniversary Debuts,https://gmauthority.com/blog/2022/04/2023-cadillac-ct5-v-blackwing-120th-anniversary-edition-launched/,gmauthority.com,20220411T154500Z,English,United States
restoration of vegetated coastal ecosystems,blue carbon,NOAA Blue Carbon Enterprises Lessen Climate Change Damage,https://coast.noaa.gov/states/stories/blue-carbon.html,coast.noaa.gov,20220411T134500Z,English,United States
restoration of vegetated coastal ecosystems,blue carbon,"Coastal News Today | Bahamas - Carbon credit drive to  supplant  oil drilling , says Prime Minister",https://www.coastalnewstoday.com/post/bahamas-carbon-credit-drive-to-supplant-oil-drilling-says-prime-minister,coastalnewstoday.com,20220411T021500Z,English,United States
restoration of vegetated coastal ecosystems,blue carbon,Oregon invests in research to understand its changing ocean coast,https://www.kdrv.com/news/oregon-invests-in-research-to-understand-its-changing-ocean-coast/article_b8727fbc-b8fb-11ec-9e66-9384fb5113ce.html,kdrv.com,20220410T203000Z,English,United States
restoration of vegetated coastal ecosystems,blue carbon,Invert and Ripple Announce Partnership to Collaborate on Carbon Credit Investments,https://www.galvnews.com/news_ap/business/article_96d88a96-2341-587f-86e3-c4079bb5b3a5.html,galvnews.com,20220410T191500Z,English,United States
restoration of vegetated coastal ecosystems,blue carbon,New investments in Oregon ocean science research,https://www.tillamookheadlightherald.com/news/new-investments-in-oregon-ocean-science-research/article_bae90918-7eae-5e3d-8b4f-330e744c81f9.html,tillamookheadlightherald.com,20220410T101500Z,English,United States
restoration of vegetated coastal ecosystems,blue carbon,Kerri Barsh to Present During University of Miami  Distinguished Alumni  Lecture,https://www.prweb.com/releases/kerri_barsh_to_present_during_university_of_miami_distinguished_alumni_lecture/prweb18609108.htm,prweb.com,20220408T201500Z,English,United States
restoration of vegetated coastal ecosystems,blue carbon,New investments in Oregon ocean science research,https://theworldlink.com/news/local/new-investments-in-oregon-ocean-science-research/article_1125251d-ba55-531a-afdb-1b1e9cdb65af.html,theworldlink.com,20220408T100000Z,English,United States
restoration of vegetated coastal ecosystems,blue carbon,"Opinion : To Solve Climate Change , Dive Into the Power of the Ocean - United States Department of State",https://www.state.gov/dipnote-u-s-department-of-state-official-blog/opinion-to-solve-climate-change-dive-into-the-power-of-the-ocean/,state.gov,20220407T231500Z,English,United States
restoration of vegetated coastal ecosystems,blue carbon,Carbon and Finance Platform Earthbanc Raises $1 . 5 Million Pre Seed Round,https://www.streetinsider.com/Globe+Newswire/Carbon+and+Finance+Platform+Earthbanc+Raises+$1.5+Million+Pre+Seed+Round/19873525.html,streetinsider.com,20220407T140000Z,English,United States
restoration of vegetated coastal ecosystems,blue carbon,New investments in Oregon ocean science research,https://www.currypilot.com/news/new-investments-in-oregon-ocean-science-research/article_60ad0cea-1d9f-53eb-8f3f-98e53c7141d0.html,currypilot.com,20220407T101500Z,English,United States
restoration of vegetated coastal ecosystems,blue carbon,Invert and Ripple Announce Partnership to Collaborate on Carbon Credit Investments,https://www.valdostadailytimes.com/news/business/invert-and-ripple-announce-partnership-to-collaborate-on-carbon-credit-investments/article_6afb77e8-0e01-5766-9220-83d61135ae49.html,valdostadailytimes.com,20220407T044500Z,English,United States
restoration of vegetated coastal ecosystems,blue carbon,New Investments in Oregon Ocean Science Research – Outdoor News Daily,https://outdoornewsdaily.com/new-investments-in-oregon-ocean-science-research/,outdoornewsdaily.com,20220406T210000Z,English,United States
restoration of vegetated coastal ecosystems,blue carbon,Invert and Ripple Announce Partnership to Collaborate on Carbon Credit Investments,https://www.businesswire.com/news/home/20220406005272/en/Invert-and-Ripple-Announce-Partnership-to-Collaborate-on-Carbon-Credit-Investments,businesswire.com,20220406T184500Z,English,United States
restoration of vegetated coastal ecosystems,blue carbon,Invert and Ripple Announce Partnership to Collaborate on Carbon Credit Investments,https://finance.yahoo.com/news/invert-ripple-announce-partnership-collaborate-110000372.html,finance.yahoo.com,20220406T144500Z,English,United States
restoration of vegetated coastal ecosystems,blue carbon,Invert and Ripple Announce Partnership to Collaborate on Carbon Credit Investments,https://www.bakersfield.com/ap/news/invert-and-ripple-announce-partnership-to-collaborate-on-carbon-credit-investments/article_ab8cb832-bd1f-595b-bbc4-c7af495b908f.html,bakersfield.com,20220406T140000Z,English,United States
restoration of vegetated coastal ecosystems,blue carbon,"To solve climate change , dive into the power of the ocean",https://news.trust.org:443/item/20220406061944-gpxkz/,news.trust.org,20220406T070000Z,English,United States
restoration of vegetated coastal ecosystems,blue carbon,Avoid eating united kingdom lobster and crab to help protect whales says eco - guide,http://www.msn.com/en-nz/news/uknews/avoid-eating-uk-lobster-and-crab-to-help-protect-whales-says-eco-guide/ar-AAVTOAG,msn.com,20220406T023000Z,English,United States
restoration of vegetated coastal ecosystems,blue carbon,"Carbon flow through inland and coastal waterways , implications for climate",https://www.miragenews.com/carbon-flow-through-inland-and-coastal-759140/,miragenews.com,20220406T011500Z,English,United States
restoration of vegetated coastal ecosystems,blue carbon,Chia Network Appoints Lars Kvale Vice President of Market Solutions for Climate Finance,https://www.wvnews.com/news/around_the_web/chia-network-appoints-lars-kvale-vice-president-of-market-solutions-for-climate-finance/article_e9e7b970-4570-5476-8c7b-0dcf296f6577.html,wvnews.com,20220405T141500Z,English,United States
restoration of vegetated coastal ecosystems,blue carbon,Carbon and Finance Platform Earthbanc Raises $1 . 5 Million,https://www.globenewswire.com/news-release/2022/04/05/2416457/0/en/Carbon-and-Finance-Platform-Earthbanc-Raises-1-5-Million-Pre-Seed-Round.html,globenewswire.com,20220405T140000Z,English,United States
restoration of vegetated coastal ecosystems,blue carbon,Foundation for Climate Restoration Launches Solution Series to Explore Carbon Dioxide Removal Methods for Restoration of Climate,https://www.prnewswire.com:443/news-releases/foundation-for-climate-restoration-launches-solution-series-to-explore-carbon-dioxide-removal-methods-for-restoration-of-climate-301517104.html,prnewswire.com,20220405T130000Z,English,United States
restoration of vegetated coastal ecosystems,blue carbon,Carbon and Finance Platform Earthbanc Raises $1 . 5 Million Pre Seed Round | Comunicados | Edición united states,https://www.efe.com/efe/usa/comunicados/carbon-and-finance-platform-earthbanc-raises-1-5-million-pre-seed-round/50000209-4777271,efe.com,20220405T123000Z,English,United States
restoration of vegetated coastal ecosystems,blue carbon,Carbon and Finance Platform Earthbanc Raises $1 . 5 Million Pre Seed Round,https://www.digitaljournal.com/pr/carbon-and-finance-platform-earthbanc-raises-1-5-million-pre-seed-round,digitaljournal.com,20220405T113000Z,English,United States
restoration of vegetated coastal ecosystems,blue carbon,Lord of the Trees Raises $1 . 25 Million Pre - Seed Round Led by Draper Associates,https://www.suasnews.com/2022/04/lord-of-the-trees-raises-1-25-million-pre-seed-round-led-by-draper-associates/,suasnews.com,20220404T103000Z,English,United States
restoration of vegetated coastal ecosystems,blue carbon,UAQ signs cooperation agreements to support sustainable blue economy strategy,https://www.bignewsnetwork.com/news/272448124/uaq-signs-cooperation-agreements-to-support-sustainable-blue-economy-strategy,bignewsnetwork.com,20220403T180000Z,English,United States
restoration of vegetated coastal ecosystems,blue carbon,"Fishing Industry Bottom - Trawling 90 Percent of united kingdom Marine Protected Areas , Data Shows",https://e360.yale.edu/digest/fishing-industry-bottom-trawling-90-percent-of-uk-marine-protected-areas-data-shows,e360.yale.edu,20220601T200000Z,English,United States
restoration of vegetated coastal ecosystems,blue carbon,Could Blue Carbon Credits Be The Future Of Sustainable Financing ?,https://markets.businessinsider.com/news/stocks/could-blue-carbon-credits-be-the-future-of-sustainable-financing-1031503176,markets.businessinsider.com,20220601T194500Z,English,United States
restoration of vegetated coastal ecosystems,blue carbon,Could Blue Carbon Credits Be The Future Of Sustainable Financing ?,https://oilprice.com/The-Environment/Global-Warming/Could-Blue-Carbon-Credits-Be-The-Future-Of-Sustainable-Financing.html,oilprice.com,20220601T183000Z,English,United States
restoration of vegetated coastal ecosystems,blue carbon,Seychelles says the rich world is failing on climate,https://www.murrayledger.com/news/national-world/seychelles-says-the-rich-world-is-failing-on-climate/article_9cab9c5e-e052-11ec-a451-a76481472fdb.html,murrayledger.com,20220531T063000Z,English,United States
restoration of vegetated coastal ecosystems,blue carbon,Fishing industry still  bulldozing  seabed in 90 % of united kingdom marine protected areas,http://www.msn.com/en-nz/news/uknews/fishing-industry-still-bulldozing-seabed-in-90-of-uk-marine-protected-areas/ar-AAXUlvG,msn.com,20220531T063000Z,English,United States
restoration of vegetated coastal ecosystems,blue carbon,Talisker Launches Its 44 - Year - Old Forests Of The Deep Single Malt,https://thewhiskeywash.com/whiskey-styles/scotch-whiskey/talisker-launches-its-44-year-old-forests-of-the-deep-single-malt/,thewhiskeywash.com,20220530T184500Z,English,United States
restoration of vegetated coastal ecosystems,blue carbon,Seychelles says the rich world is failing on climate,https://phys.org/news/2022-05-seychelles-rich-world-climate.html,phys.org,20220530T163000Z,English,United States
restoration of vegetated coastal ecosystems,blue carbon,Seychelles says the rich world is failing on climate,https://www.leadertelegram.com/news/world/seychelles-says-the-rich-world-is-failing-on-climate/article_b8da61c7-a498-587d-80d9-d5f49a7ebe25.html,leadertelegram.com,20220530T131500Z,English,United States
restoration of vegetated coastal ecosystems,blue carbon,Sugar Lining Ocean Beds : Comparable to 32 Billion Coke Cans,https://www.natureworldnews.com/articles/51059/20220530/sugar-lining-ocean-beds-comparable-to-32-billion-coke-cans.htm,natureworldnews.com,20220530T120000Z,English,United States
restoration of vegetated coastal ecosystems,blue carbon,"Sarawak Amended Bill paves way for capital generation from forests , says WWF - Malaysia",https://www.malaymail.com/news/malaysia/2022/05/28/sarawaks-amended-bill-paves-way-for-capital-generation-from-forests-says-wwf-malaysia/9302,malaymail.com,20220528T004500Z,English,United States
restoration of vegetated coastal ecosystems,blue carbon,"2023 Maserati MC20 Cielo Spyder , 2023 Alpina B3 & D3 S , And Pagani Huayra NC : Your Morning Brief",https://www.carscoops.com/2022/05/2023-maserati-mc20-cielo-spyder-2023-alpina-b3-d3-s-and-pagani-huayra-nc-your-morning-brief/,carscoops.com,20220526T180000Z,English,United States
restoration of vegetated coastal ecosystems,blue carbon,Coles commits $10 million to help protect Great Barrier Reef,https://www.miragenews.com/coles-commits-10-million-to-help-protect-great-789201/,miragenews.com,20220526T000000Z,English,United States
restoration of vegetated coastal ecosystems,blue carbon,Why fencing farm dams is good for climate,https://www.miragenews.com/why-fencing-farm-dams-is-good-for-climate-789182/,miragenews.com,20220525T223000Z,English,United States
restoration of vegetated coastal ecosystems,blue carbon,Weve got 44 problems,https://www.msn.com/en-au/news/australia/weve-got-44-problems/ar-AAXJ708,msn.com,20220525T220000Z,English,United States
restoration of vegetated coastal ecosystems,blue carbon,Weve got 44 problems,https://www.msn.com/en-au/news/australia/we-ve-got-44-problems/ar-AAXJ708,msn.com,20220525T214500Z,English,United States
restoration of vegetated coastal ecosystems,blue carbon,9 Ways Estuaries Enhance Oregon Coastal Communities,https://www.pewtrusts.org/en/research-and-analysis/fact-sheets/2022/05/9-ways-estuaries-enhance-oregons-coastal-communities,pewtrusts.org,20220525T180000Z,English,United States
restoration of vegetated coastal ecosystems,blue carbon,Pagani New Huayra NC Is Its Latest One - Off Complete With 819 HP,https://www.carscoops.com/2022/05/paganis-new-huayra-nc-is-its-latest-one-off-complete-with-819-hp/,carscoops.com,20220525T130000Z,English,United States
restoration of vegetated coastal ecosystems,blue carbon,Did You Know That There Are Sugar Mountains Hidden In The Ocean ? Here What We Just Found Out,https://www.msn.com/en-in/news/trendingtopics/did-you-know-that-there-are-sugar-mountains-hidden-in-the-ocean-heres-what-we-just-found-out/ar-AAXHpci,msn.com,20220525T104500Z,English,United States
restoration of vegetated coastal ecosystems,blue carbon,The Potential of Blue Carbon for Mitigating Climate Change,https://impakter.com/bluecarbon/,impakter.com,20220524T190000Z,English,United States
restoration of vegetated coastal ecosystems,blue carbon,"2023 BMW M4 Edition 50 Is Sold Pretty Much Everywhere , Save for North America",https://www.autoevolution.com/news/2023-bmw-m4-edition-50-is-sold-pretty-much-everywhere-save-for-north-america-189468.html,autoevolution.com,20220524T074500Z,English,United States
restoration of vegetated coastal ecosystems,blue carbon,It like cultural rescue : Eelgrass festival in Mexico celebrates Indigenous Comcáac conservation efforts,https://www.msn.com/en-us/news/world/it-s-like-cultural-rescue-eelgrass-festival-in-mexico-celebrates-indigenous-comc%C3%A1ac-conservation-efforts/ar-AAXD7tM,msn.com,20220523T221500Z,English,United States
restoration of vegetated coastal ecosystems,blue carbon,Coastal News Today | WORLD - The Biggest Carbon Sink of All,https://www.coastalnewstoday.com/post/world-the-biggest-carbon-sink-of-all,coastalnewstoday.com,20220523T094500Z,English,United States
restoration of vegetated coastal ecosystems,blue carbon,Coastal News Today | World - Why we need a blue carbon investment roadmap,https://www.coastalnewstoday.com/post/world-why-we-need-a-blue-carbon-investment-roadmap,coastalnewstoday.com,20220523T094500Z,English,United States
restoration of vegetated coastal ecosystems,blue carbon,Why we need a blue carbon investment roadmap,https://phys.org/news/2022-05-blue-carbon-investment-roadmap.html,phys.org,20220520T154500Z,English,United States
restoration of vegetated coastal ecosystems,blue carbon,Why we need blue carbon investment roadmap,https://www.miragenews.com/why-we-need-blue-carbon-investment-roadmap-785936/,miragenews.com,20220520T040000Z,English,United States
restoration of vegetated coastal ecosystems,blue carbon,Congressman Levin introduces bill to fund coastal protection,https://www.sandiegouniontribune.com/news/politics/story/2022-05-18/lagoon-funding,sandiegouniontribune.com,20220518T213000Z,English,United States
restoration of vegetated coastal ecosystems,blue carbon,International Center for Biosaline Agriculture signs cooperation agreement with Conscious Planet Movement to Save Soil,https://www.bignewsnetwork.com/news/272556648/international-center-for-biosaline-agriculture-signs-cooperation-agreement-with-conscious-planet-movement-to-save-soil,bignewsnetwork.com,20220518T191500Z,English,United States
restoration of vegetated coastal ecosystems,blue carbon,"Henderson County Life : LOCAL BRIEFS : Saluda Arts Festival , ECCO divers head for Bahamas , scholarships",https://www.hendersonvillelightning.com/community-news/11593-local-briefs-saluda-arts-festival-ecco-divers-head-for-bahamas-scholarships.html,hendersonvillelightning.com,20220517T123000Z,English,United States
restoration of vegetated coastal ecosystems,blue carbon,World Biggest Ammonia Producer Joins Center for Zero - Carbon Shipping,https://www.maritime-executive.com/article/world-s-biggest-ammonia-producer-joins-center-for-zero-carbon-shipping,maritime-executive.com,20220517T080000Z,English,United States
restoration of vegetated coastal ecosystems,blue carbon,In Photos : The  Alien Door  On Mars Is Just One Of Some Spectacular New Images From The Red Planet,https://www.forbes.com/sites/jamiecartereurope/2022/05/16/in-photos-the-alien-door-on-mars-is-just-one-of-some-spectacular-new-images-from-nasas-curiosity-rover/,forbes.com,20220517T003000Z,English,United States
restoration of vegetated coastal ecosystems,blue carbon,"Ohio , Kentucky and Indiana are in a heated national competition to land a hydrogen hub",https://www.wvxu.org/podcast/focus-on-technology/2022-05-16/ohio-kentucky-and-indiana-national-competition-hydrogen-hub,wvxu.org,20220516T091500Z,English,United States
restoration of vegetated coastal ecosystems,blue carbon,Emissions Reduction Plan : Political parties weigh in,http://www.msn.com/en-nz/news/national/emissions-reduction-plan-political-parties-weigh-in/ar-AAXjLbQ,msn.com,20220516T070000Z,English,United States
restoration of vegetated coastal ecosystems,blue carbon,Emissions Reduction Plan : Political parties weigh in,https://www.msn.com/en-nz/news/national/emissions-reduction-plan-political-parties-weigh-in/ar-AAXjLbQ,msn.com,20220516T063000Z,English,United States
restoration of vegetated coastal ecosystems,blue carbon,UGA Tejas Reddy named 2022 Udall Scholar,https://news.uga.edu/ugas-tejas-reddy-named-2022-udall-scholar/,news.uga.edu,20220513T160000Z,English,United States
restoration of vegetated coastal ecosystems,blue carbon,"Ferrari F430 Spider Manual Needs to Be Wined , Dined , and Gentrified",https://www.autoevolution.com/news/ferrari-f430-spider-manual-needs-to-be-wined-dined-and-gentrified-188707.html,autoevolution.com,20220513T123000Z,English,United States
restoration of vegetated coastal ecosystems,blue carbon,This island nation will be one of the first to sell ocean - based credits,https://www.greenbiz.com/article/island-nation-will-be-one-first-sell-ocean-based-credits,greenbiz.com,20220513T091500Z,English,United States
restoration of vegetated coastal ecosystems,blue carbon,"Seaweed Sweet Tooth Saves Carbon Emissions of 300 , 000 Cars , Research Shows",http://www.msn.com/en-us/news/technology/seaweeds-sweet-tooth-saves-carbon-emissions-of-300-000-cars-research-shows/ar-AAXcCBF,msn.com,20220512T184500Z,English,United States
restoration of vegetated coastal ecosystems,blue carbon,"Seaweed Sweet Tooth Saves Carbon Emissions of 300 , 000 Cars , Research Shows",https://www.msn.com/en-us/news/technology/seaweeds-sweet-tooth-saves-carbon-emissions-of-300000-cars-research-shows/ar-AAXcCBF,msn.com,20220512T184500Z,English,United States
restoration of vegetated coastal ecosystems,blue carbon,"Seaweed Sweet Tooth Saves Carbon Emissions of 300 , 000 Cars , Research Shows",https://www.newsweek.com/seaweeds-sweet-tooth-saves-carbon-emissions-300000-cars-research-shows-1706169,newsweek.com,20220512T183000Z,English,United States
restoration of vegetated coastal ecosystems,blue carbon,We cant eat a new road : Guyanese voice fears over true cost of Exxon oil bonanza,http://www.msn.com/en-nz/news/other/we-can-t-eat-a-new-road-guyanese-voice-fears-over-true-cost-of-exxon-s-oil-bonanza/ar-AAXbDfV,msn.com,20220512T121500Z,English,United States
restoration of vegetated coastal ecosystems,blue carbon,Growing African mangrove forests aim to combat climate woes  - Los Angeles Sentinel,https://lasentinel.net/growing-african-mangrove-forests-aim-to-combat-climate-woes.html,lasentinel.net,20220512T074500Z,English,United States
restoration of vegetated coastal ecosystems,blue carbon,Ryft Lambo Urus Dressed With Vorsteiner Widebody Kit Rides Sharp on AGL 24s,https://www.autoevolution.com/news/ryft-lambo-urus-dressed-with-vorsteiner-widebody-kit-rides-sharp-on-agl-24s-188545.html,autoevolution.com,20220511T153000Z,English,United States
restoration of vegetated coastal ecosystems,blue carbon,Benchley maintains her fight in protecting Earth oceans,https://centraljersey.com/2022/05/09/benchley-maintains-her-fight-in-protecting-earths-oceans/,centraljersey.com,20220511T030000Z,English,United States
restoration of vegetated coastal ecosystems,blue carbon,Deakin continues HSBC partnership with funding for new project,https://www.miragenews.com/deakin-continues-hsbc-partnership-with-funding-779394/,miragenews.com,20220511T003000Z,English,United States
restoration of vegetated coastal ecosystems,blue carbon,Coastal and Marine Carbon Offsets are Taking Root,https://maritime-executive.com/editorials/coastal-and-marine-carbon-offsets-are-taking-root,maritime-executive.com,20220510T211500Z,English,United States
restoration of vegetated coastal ecosystems,blue carbon,Coastal and Marine Carbon Offsets are Taking Root,https://www.maritime-executive.com/editorials/coastal-and-marine-carbon-offsets-are-taking-root,maritime-executive.com,20220510T211500Z,English,United States
restoration of vegetated coastal ecosystems,blue carbon,Coastal News Today | World - Coastal and Marine Carbon Offsets are Taking Root,https://www.coastalnewstoday.com/post/world-coastal-and-marine-carbon-offsets-are-taking-root,coastalnewstoday.com,20220510T194500Z,English,United States
restoration of vegetated coastal ecosystems,blue carbon,Sustainable Development and Land Use Update - May 2022 | Allen Matkins,https://www.jdsupra.com/legalnews/sustainable-development-and-land-use-4037984/,jdsupra.com,20220510T194500Z,English,United States
restoration of vegetated coastal ecosystems,blue carbon,"The Three  E  s Of Direct Air Capture : Essential , Evolving , And Everlasting",https://www.forbes.com/sites/erikkobayashisolomon/2022/05/10/the-three-es-of-direct-air-capture-essential-evolving-and-everlasting/,forbes.com,20220510T173000Z,English,United States
restoration of vegetated coastal ecosystems,blue carbon,The Future is BLUE and it Powered by Carbon,https://www.prnewswire.com:443/news-releases/the-future-is-blue-and-its-powered-by-carbon-301542503.html,prnewswire.com,20220510T133000Z,English,United States
restoration of vegetated coastal ecosystems,blue carbon,The Future is BLUE and it Powered by Carbon,https://www.prnewswire.com/news-releases/the-future-is-blue-and-its-powered-by-carbon-301542503.html,prnewswire.com,20220510T131500Z,English,United States
restoration of vegetated coastal ecosystems,blue carbon,Coastal News Today | Canada - Estuaries more efficient at capturing carbon than some forests : B . C . study,https://www.coastalnewstoday.com/post/canada-estuaries-more-efficient-at-capturing-carbon-than-some-forests-b-c-study,coastalnewstoday.com,20220510T060000Z,English,United States
restoration of vegetated coastal ecosystems,blue carbon,Wildlife Crossing Construction and Latest Climate Initiatives Underway in California,https://www.newuniversity.org/2022/05/09/wildlife-crossing-construction-and-latest-climate-initiatives-underway-in-california/,newuniversity.org,20220509T213000Z,English,United States
restoration of vegetated coastal ecosystems,blue carbon,"As Climate Change Gets Worse , Science Provides Hope and Possibility",https://www.bu.edu/articles/2022/as-climate-change-gets-worse-science-provides-hope-and-possibility/,bu.edu,20220509T164500Z,English,United States
restoration of vegetated coastal ecosystems,blue carbon,Growing mangrove forests to combat climate change,https://www.tdtnews.com/news/article_2a59a652-cf52-11ec-bad4-d7c9bd338f78.html,tdtnews.com,20220509T051500Z,English,United States
restoration of vegetated coastal ecosystems,blue carbon,"Blue marshlands store as much carbon as green forests , says study",https://www.chroniclejournal.com/news/national/blue-marshlands-store-as-much-carbon-as-green-forests-says-study/article_4ad63201-8373-5807-b8ce-7e26d880d490.html,chroniclejournal.com,20220508T100000Z,English,United States
restoration of vegetated coastal ecosystems,blue carbon,Growing African mangrove forests aim to combat climate woes,https://www.postregister.com/features/growing-african-mangrove-forests-aim-to-combat-climate-woes/article_f5e76e21-221a-5a9b-bec8-cd3b4eee86bf.html,postregister.com,20220508T073000Z,English,United States
restoration of vegetated coastal ecosystems,blue carbon,Growing African Mangrove Forests Aim to Combat Climate Woes,https://www.longbeachstar.com/news/272542666/growing-african-mangrove-forests-aim-to-combat-climate-woes,longbeachstar.com,20220507T094500Z,English,United States
restoration of vegetated coastal ecosystems,blue carbon,Growing African Mangrove Forests Aim to Combat Climate Woes,https://www.bignewsnetwork.com/news/272542666/growing-african-mangrove-forests-aim-to-combat-climate-woes,bignewsnetwork.com,20220507T080000Z,English,United States
restoration of vegetated coastal ecosystems,blue carbon,Growing African Mangrove Forests Aim to Combat Climate Woes,https://www.voanews.com/a/6560465.html,voanews.com,20220507T073000Z,English,United States
restoration of vegetated coastal ecosystems,blue carbon,African nations plant mangroves to combat climate woes,https://www.latimes.com/world-nation/story/2022-05-06/african-nations-plant-mangroves-to-combat-climate-woes,latimes.com,20220506T221500Z,English,United States
restoration of vegetated coastal ecosystems,blue carbon,Growing African mangrove forests aim to combat climate woes,https://www.phillytrib.com/news/africa/growing-african-mangrove-forests-aim-to-combat-climate-woes/article_89285a90-b585-513b-9d6b-0d652f0ce4df.html,phillytrib.com,20220506T180000Z,English,United States
restoration of vegetated coastal ecosystems,blue carbon,Growing African mangrove forests aim to combat climate woes,https://www.washingtontimes.com/news/2022/may/6/growing-african-mangrove-forests-aim-to-combat-cli/,washingtontimes.com,20220506T180000Z,English,United States
restoration of vegetated coastal ecosystems,blue carbon,Growing African mangrove forests aim to combat climate woes - New Delhi Times - India Only International Newspaper,https://www.newdelhitimes.com/growing-african-mangrove-forests-aim-to-combat-climate-woes/,newdelhitimes.com,20220506T180000Z,English,United States
restoration of vegetated coastal ecosystems,blue carbon,Growing African mangrove forests aim to combat climate woes,https://www.aspendailynews.com/associated_press/growing-african-mangrove-forests-aim-to-combat-climate-woes/article_38962f99-234f-549a-ab0b-687752c5e250.html,aspendailynews.com,20220506T170000Z,English,United States
restoration of vegetated coastal ecosystems,blue carbon,Growing African mangrove forests aim to combat climate woes,https://www.goskagit.com/news/world/growing-african-mangrove-forests-aim-to-combat-climate-woes/article_8fb4ecce-be68-5493-86a3-a55432822b77.html,goskagit.com,20220506T163000Z,English,United States
restoration of vegetated coastal ecosystems,blue carbon,Scientists just found mountains of sugar hidden beneath the ocean,https://interestingengineering.com/sugar-mountains-beneath-ocean,interestingengineering.com,20220506T150000Z,English,United States
restoration of vegetated coastal ecosystems,blue carbon,Growing African mangrove forests aim to combat climate woes,https://thegrio.com/2022/05/06/growing-african-mangrove-forests-combat-climate-woes/,thegrio.com,20220506T140000Z,English,United States
restoration of vegetated coastal ecosystems,blue carbon,African countries turning to mangrove forest projects to combat climate woes,https://www.msn.com/en-gb/news/uknews/african-countries-turning-to-mangrove-forest-projects-to-combat-climate-woes/ar-AAWZ84s,msn.com,20220506T123000Z,English,United States
restoration of vegetated coastal ecosystems,blue carbon,Growing African mangrove forests aim to combat climate woes,https://santamariatimes.com/news/world/growing-african-mangrove-forests-aim-to-combat-climate-woes/article_f146c465-a122-5f34-ada1-db53c95c6d05.html,santamariatimes.com,20220506T110000Z,English,United States
restoration of vegetated coastal ecosystems,blue carbon,Growing African mangrove forests aim to combat climate woes,https://www.startribune.com/growing-african-mangrove-forests-aim-to-combat-climate-woes/600170935/,startribune.com,20220506T103000Z,English,United States
restoration of vegetated coastal ecosystems,blue carbon,Growing African mangrove forests aim to combat climate woes,https://www.swoknews.com/ap/international/growing-african-mangrove-forests-aim-to-combat-climate-woes/article_91afcaf5-dd6a-5c2f-89a5-02aee8bf9efb.html,swoknews.com,20220506T094500Z,English,United States
restoration of vegetated coastal ecosystems,blue carbon,Growing African mangrove forests aim to combat climate woes,https://www.ifiberone.com/news/national_news/growing-african-mangrove-forests-aim-to-combat-climate-woes/article_2b041120-6dd1-586a-8457-35808cb68d92.html,ifiberone.com,20220506T094500Z,English,United States
restoration of vegetated coastal ecosystems,blue carbon,Growing African mangrove forests aim to combat climate woes,https://www.leadertelegram.com/news/world/growing-african-mangrove-forests-aim-to-combat-climate-woes/article_b3ccbcb0-299d-58a1-add0-e47059938984.html,leadertelegram.com,20220506T093000Z,English,United States
restoration of vegetated coastal ecosystems,blue carbon,Growing African mangrove forests aim to combat climate woes,https://www.sandiegouniontribune.com/news/nation-world/story/2022-05-05/growing-african-mangrove-forests-aim-to-combat-climate-woes,sandiegouniontribune.com,20220506T090000Z,English,United States
restoration of vegetated coastal ecosystems,blue carbon,Growing African mangrove forests aim to combat climate woes,https://www.reflector.com/news/world/growing-african-mangrove-forests-aim-to-combat-climate-woes/article_27b8908d-bd2e-5018-a704-9b176a654f07.html,reflector.com,20220506T090000Z,English,United States
restoration of vegetated coastal ecosystems,blue carbon,Growing African mangrove forests aim to combat climate woes,https://www.fbherald.com/news/growing-african-mangrove-forests-aim-to-combat-climate-woes/article_699890ba-9d7e-5afb-83e0-b2f5d2e4cf5c.html,fbherald.com,20220506T084500Z,English,United States
restoration of vegetated coastal ecosystems,blue carbon,Growing African mangrove forests aim to combat climate woes,https://isp.netscape.com/news/world/story/0001/20220506/55e9a9419fc3d2b9bb8bc33dae2d2174,isp.netscape.com,20220506T084500Z,English,United States
restoration of vegetated coastal ecosystems,blue carbon,Growing African mangrove forests aim to combat climate woes,https://www.dailyherald.com/article/20220506/news/305069984/,dailyherald.com,20220506T084500Z,English,United States
restoration of vegetated coastal ecosystems,blue carbon,Growing African mangrove forests aim to combat climate ...,https://accesswdun.com/article/2022/5/1100069,accesswdun.com,20220506T083000Z,English,United States
restoration of vegetated coastal ecosystems,blue carbon,Growing African mangrove forests aim to combat climate woes,https://www.the-messenger.com/news/world/article_ed80b389-ae15-5edd-9282-b778cd52048e.html,the-messenger.com,20220506T083000Z,English,United States
restoration of vegetated coastal ecosystems,blue carbon,Growing African mangrove forests aim to combat climate woes,https://lancasteronline.com/news/world/growing-african-mangrove-forests-aim-to-combat-climate-woes/article_f41607a4-04b3-5f7d-8f5e-5173e8cddd9e.html,lancasteronline.com,20220506T083000Z,English,United States
restoration of vegetated coastal ecosystems,blue carbon,Growing African mangrove forests aim to combat climate woes,https://www.the-journal.com/articles/growing-african-mangrove-forests-aim-to-combat-climate-woes/,the-journal.com,20220506T081500Z,English,United States
restoration of vegetated coastal ecosystems,blue carbon,Growing African mangrove forests aim to combat climate woes,https://www.greensburgdailynews.com/news/nation_world/growing-african-mangrove-forests-aim-to-combat-climate-woes/article_5ca1ce5c-dd86-534b-8c4d-90778d16ce29.html,greensburgdailynews.com,20220506T080000Z,English,United States
restoration of vegetated coastal ecosystems,blue carbon,Growing African mangrove forests aim to combat climate woes,https://www.idahopress.com/news/world/growing-african-mangrove-forests-aim-to-combat-climate-woes/article_b4c8fdb0-e5de-5f1e-b183-079c8074538a.html,idahopress.com,20220506T080000Z,English,United States
restoration of vegetated coastal ecosystems,blue carbon,Growing African mangrove forests aim to combat climate woes,https://www.heraldbulletin.com/news/nation_world/growing-african-mangrove-forests-aim-to-combat-climate-woes/article_e2cfa6bc-16e9-5518-9cef-7bac263ff4b9.html,heraldbulletin.com,20220506T080000Z,English,United States
restoration of vegetated coastal ecosystems,blue carbon,Growing African mangrove forests aim to combat climate woes,https://www.newspressnow.com/news/world_news/growing-african-mangrove-forests-aim-to-combat-climate-woes/article_2e1bc3a4-68d0-5c5c-8692-899062937815.html,newspressnow.com,20220506T080000Z,English,United States
restoration of vegetated coastal ecosystems,blue carbon,Growing African mangrove forests aim to combat climate woes,https://apnews.com/55e9a9419fc3d2b9bb8bc33dae2d2174,apnews.com,20220506T074500Z,English,United States
restoration of vegetated coastal ecosystems,blue carbon,Growing African mangrove forests aim to combat climate woes,https://www.news-gazette.com/news/nation-world/growing-african-mangrove-forests-aim-to-combat-climate-woes/article_f4f0c303-c815-5769-95cc-7240e263bd57.html,news-gazette.com,20220506T073000Z,English,United States
restoration of vegetated coastal ecosystems,blue carbon,Growing African mangrove forests aim to combat climate woes,https://www.oskaloosa.com/news/national_news/growing-african-mangrove-forests-aim-to-combat-climate-woes/article_0e992db5-86c9-5471-8326-127a068eb709.html,oskaloosa.com,20220506T073000Z,English,United States
restoration of vegetated coastal ecosystems,blue carbon,Growing African mangrove forests aim to combat climate woes,https://www.bozemandailychronicle.com/ap_news/international/growing-african-mangrove-forests-aim-to-combat-climate-woes/article_c0950c11-1935-58e4-8cbe-299a2bafcfcc.html,bozemandailychronicle.com,20220506T073000Z,English,United States
restoration of vegetated coastal ecosystems,blue carbon,Growing African mangrove forests aim to combat climate woes,https://www.hjnews.com/world/growing-african-mangrove-forests-aim-to-combat-climate-woes/article_9a294b9a-d663-54da-b2a2-3180056a3ec5.html,hjnews.com,20220506T071500Z,English,United States
restoration of vegetated coastal ecosystems,blue carbon,Growing African mangrove forests aim to combat climate woes,https://www.goshennews.com/news/national_news/growing-african-mangrove-forests-aim-to-combat-climate-woes/article_ee4b2b4f-cb73-5829-8882-d8594242c423.html,goshennews.com,20220506T071500Z,English,United States
restoration of vegetated coastal ecosystems,blue carbon,Growing African mangrove forests aim to combat climate woes,https://www.washingtonpost.com/world/growing-african-mangrove-forests-aim-to-combat-climate-woes/2022/05/06/d6cbba1c-cd02-11ec-b7ee-74f09d827ca6_story.html,washingtonpost.com,20220506T070000Z,English,United States
restoration of vegetated coastal ecosystems,blue carbon,Growing African mangrove forests aim to combat climate woes,https://www.seattlepi.com/news/article/Growing-African-mangrove-forests-aim-to-combat-17153185.php,seattlepi.com,20220506T070000Z,English,United States
restoration of vegetated coastal ecosystems,blue carbon,Growing African mangrove forests aim to combat climate woes,https://www.chron.com/news/article/Growing-African-mangrove-forests-aim-to-combat-17153185.php,chron.com,20220506T070000Z,English,United States
restoration of vegetated coastal ecosystems,blue carbon,Growing African mangrove forests aim to combat climate woes,https://www.bdtonline.com/news/nation_world/growing-african-mangrove-forests-aim-to-combat-climate-woes/article_3afa005c-054d-58bb-b003-2b15878694f6.html,bdtonline.com,20220506T064500Z,English,United States
restoration of vegetated coastal ecosystems,blue carbon,Growing African mangrove forests aim to combat climate woes,https://apnews.com/article/climate-business-forests-kenya-senegal-55e9a9419fc3d2b9bb8bc33dae2d2174,apnews.com,20220506T064500Z,English,United States
restoration of vegetated coastal ecosystems,blue carbon,Growing African mangrove forests aim to combat climate woes,https://www.union-bulletin.com/news/world/growing-african-mangrove-forests-aim-to-combat-climate-woes/article_c6b4600a-a574-5559-999d-e8e94e7e80df.html,union-bulletin.com,20220506T064500Z,English,United States
restoration of vegetated coastal ecosystems,blue carbon,Growing African mangrove forests aim to combat climate woes,https://www.sfgate.com/news/article/Growing-African-mangrove-forests-aim-to-combat-17153185.php,sfgate.com,20220506T063000Z,English,United States
restoration of vegetated coastal ecosystems,blue carbon,Solar Orbiter Reveals Sun Surface in Unprecedented Detail,http://www.sci-news.com/astronomy/solar-orbiter-unprecedented-sun-images-10779.html,sci-news.com,20220505T220000Z,English,United States
restoration of vegetated coastal ecosystems,blue carbon,Can Dissolved Iron from Industry Promote Seaweed Growth ?,https://www.azom.com/news.aspx?newsID=58997,azom.com,20220505T184500Z,English,United States
restoration of vegetated coastal ecosystems,blue carbon,"There Are Mountains of Sugar Hidden in The Ocean , And Weve Only Just Found Out",https://www.sciencealert.com/there-are-mountains-of-sugar-buried-in-the-ocean-and-we-re-only-just-learning-about-it,sciencealert.com,20220505T030000Z,English,United States
restoration of vegetated coastal ecosystems,blue carbon,Calif . Bill Could Require  Blue Carbon  To Offset Coastal Development,https://www.sej.org/headlines/calif-bill-could-require-blue-carbon-offset-coastal-development,sej.org,20220504T181500Z,English,United States
restoration of vegetated coastal ecosystems,blue carbon,"Mitsui & Co ., Ltd . and CF Industries Announce Plans for New Blue Ammonia Capacity in the United States",https://www.businesswire.com/news/home/20220503006019/en/Mitsui-Co.-Ltd.-and-CF-Industries-Announce-Plans-for-New-Blue-Ammonia-Capacity-in-the-United-States/,businesswire.com,20220503T233000Z,English,United States
restoration of vegetated coastal ecosystems,blue carbon,2022 Cadillac CT5 - V Blackwing Gets Park Assist Back,https://gmauthority.com/blog/2022/05/2022-cadillac-ct5-v-blackwing-gets-park-assist-back/,gmauthority.com,20220503T213000Z,English,United States
restoration of vegetated coastal ecosystems,blue carbon,Stock Market | Daily Herald,https://finance.dailyherald.com/dailyherald/article/bizwire-2022-5-3-mitsui-and-co-ltd-and-cf-industries-announce-plans-for-new-blue-ammonia-capacity-in-the-united-states,finance.dailyherald.com,20220503T210000Z,English,United States
restoration of vegetated coastal ecosystems,blue carbon,"TNS News Budget for Monday , May 2 , 2022",https://www.msn.com/en-us/news/us/tns-news-budget-for-monday-may-2-2022/ar-AAWP743,msn.com,20220503T054500Z,English,United States
restoration of vegetated coastal ecosystems,blue carbon,Coastal News Today | united states - Pew Launches Blue Carbon Network to Help States Address Climate Change,https://www.coastalnewstoday.com/post/usa-pew-launches-blue-carbon-network-to-help-states-address-climate-change,coastalnewstoday.com,20220503T014500Z,English,United States
restoration of vegetated coastal ecosystems,blue carbon,"With climate catastrophe looming , experts say world also needs carbon removal solutions",https://phys.org/news/2022-05-climate-catastrophe-looming-experts-world.html,phys.org,20220502T211500Z,English,United States
restoration of vegetated coastal ecosystems,blue carbon,New California bill could require  blue carbon  to offset coastal development,https://phys.org/news/2022-05-california-bill-require-blue-carbon.html,phys.org,20220502T183000Z,English,United States
restoration of vegetated coastal ecosystems,blue carbon,Sweet spots in the sea : Mountains of sugar under seagrass meadows,https://phys.org/news/2022-05-sweet-sea-mountains-sugar-seagrass.html,phys.org,20220502T171500Z,English,United States
restoration of vegetated coastal ecosystems,blue carbon,ESA Solar Orbiter Captures the Highest - Res Photo of the Whole Sun Ever,https://petapixel.com/2022/05/02/esa-solar-orbiter-captures-the-highest-res-photo-of-the-whole-sun-ever/,petapixel.com,20220502T171500Z,English,United States
restoration of vegetated coastal ecosystems,blue carbon,Brabus Shadow 900 Deep Blue Signature Edition puts 900 horses on the water,http://www.msn.com/en-us/autos/news/brabus-shadow-900-deep-blue-signature-edition-puts-900-horses-on-the-water/ar-AAWQ6k5,msn.com,20220502T171500Z,English,United States
restoration of vegetated coastal ecosystems,blue carbon,Brabus Shadow 900 Deep Blue Signature Edition puts 900 horses on the water,https://www.autoblog.com/2022/05/02/brabus-shadow-900-deep-blue-signature-edition-boat/,autoblog.com,20220502T161500Z,English,United States
restoration of vegetated coastal ecosystems,blue carbon,New state bill could require  blue carbon  to offset coastal development,https://www.sandiegouniontribune.com/news/politics/story/2022-05-02/blue-carbon-mitigation,sandiegouniontribune.com,20220502T131500Z,English,United States
restoration of vegetated coastal ecosystems,blue carbon,Lungs of the Mediterranean  at risk,https://phys.org/news/2022-05-lungs-mediterranean.html,phys.org,20220502T083000Z,English,United States
restoration of vegetated coastal ecosystems,blue carbon,Lungs of the Mediterranean  at risk - Digital Journal,https://www.digitaljournal.com/world/lungs-of-the-mediterranean-at-risk/article,digitaljournal.com,20220502T031500Z,English,United States
restoration of vegetated coastal ecosystems,blue carbon,Scaling - Up Tourism Action at UN Ocean Conference,https://www.hospitalitynet.org/news/4111324.html,hospitalitynet.org,20220701T153000Z,English,United States
restoration of vegetated coastal ecosystems,blue carbon,Scaling - up Tourism Action at UN Ocean Conference,https://www.miragenews.com/scaling-up-tourism-action-at-un-ocean-conference-812149/,miragenews.com,20220701T133000Z,English,United States
restoration of vegetated coastal ecosystems,blue carbon,U S Supreme Court Strips EPAs Power to Curb Pollution / Public News Service,https://www.publicnewsservice.org/2022-07-01/climate-change-air-quality/u-s-supreme-court-strips-epas-power-to-curb-pollution/a79755-1,publicnewsservice.org,20220701T090000Z,English,United States
restoration of vegetated coastal ecosystems,blue carbon,"Ezoic Achieves Net Zero , Offsets Carbon Emissions by 100 % and Invests in Three Ambitious Climate Action Projects",https://www.bakersfield.com/ap/news/ezoic-achieves-net-zero-offsets-carbon-emissions-by-100-and-invests-in-three-ambitious-climate/article_a1b96e33-c477-573c-96ae-efe2a9ce8a8f.html,bakersfield.com,20220701T003000Z,English,United States
restoration of vegetated coastal ecosystems,blue carbon,Unlocking power of Solent to capture carbon and tackle climate change,https://www.miragenews.com/unlocking-power-of-solent-to-capture-carbon-and-811197/,miragenews.com,20220630T200000Z,English,United States
restoration of vegetated coastal ecosystems,blue carbon,"Survey : Broad Support for Renewables , Gap in Climate Change Awareness",https://www.insurancejournal.com/news/national/2022/06/30/674299.htm,insurancejournal.com,20220630T194500Z,English,United States
restoration of vegetated coastal ecosystems,blue carbon,Scaling - up Tourism Action at UN Oceans Conference,https://www.miragenews.com/scaling-up-tourism-action-at-un-oceans-811350/,miragenews.com,20220630T163000Z,English,United States
restoration of vegetated coastal ecosystems,blue carbon,Bill Moves Forward to Lock More Carbon In the Soil,https://www.publicnewsservice.org/2022-06-30/climate-change-air-quality/bill-moves-forward-to-lock-more-carbon-in-the-soil/a79647-1,publicnewsservice.org,20220630T093000Z,English,United States
restoration of vegetated coastal ecosystems,blue carbon,Australia makes statement of intent on global oceans leadership at UN Conference,https://www.miragenews.com/australia-makes-statement-of-intent-on-global-811058/,miragenews.com,20220630T074500Z,English,United States
restoration of vegetated coastal ecosystems,blue carbon,Blue Carbon funding secures seagrass restoration in Gulf St Vincent,https://www.miragenews.com/blue-carbon-funding-secures-seagrass-810794/,miragenews.com,20220630T030000Z,English,United States
restoration of vegetated coastal ecosystems,blue carbon,"Big blue carbon boost to restore mangroves , seagrasses and tidal marshes",https://www.miragenews.com/big-blue-carbon-boost-to-restore-mangroves-810600/,miragenews.com,20220629T233000Z,English,United States
restoration of vegetated coastal ecosystems,blue carbon,It Takes More Than 10 Hours To Apply The 24 - Karat Gold To The Bugatti Macaron On The Chiron LEbe,https://www.carscoops.com/2022/06/it-takes-more-than-10-hours-to-apply-the-24-karat-gold-to-the-bugatti-macaron-on-the-chiron-lebe/,carscoops.com,20220629T194500Z,English,United States
restoration of vegetated coastal ecosystems,blue carbon,Mariam Almheiri highlights importance of ocean - based climate solutions at UN Ocean Conference in Portugal,https://www.bignewsnetwork.com/news/272604038/mariam-almheiri-highlights-importance-of-ocean-based-climate-solutions-at-un-ocean-conference-in-portugal,bignewsnetwork.com,20220629T124500Z,English,United States
restoration of vegetated coastal ecosystems,blue carbon,The Day - World leaders confront  ocean emergency  at U . N . conference - News from southeastern Connecticut,https://www.theday.com/nationworld-news/20220629/world-leaders-confront-ocean-emergency-at-un-conference,theday.com,20220629T054500Z,English,United States
restoration of vegetated coastal ecosystems,blue carbon,World leaders confront  ocean emergency  at U . N . conference,https://www.washingtonpost.com/climate-solutions/2022/06/28/united-nations-ocean-conference-climate-change/,washingtonpost.com,20220628T121500Z,English,United States
restoration of vegetated coastal ecosystems,blue carbon,World leaders confront  ocean emergency  at U . N . conference,https://www.msn.com/en-us/weather/topstories/world-leaders-confront-ocean-emergency-at-un-conference/ar-AAYX7UX,msn.com,20220628T113000Z,English,United States
restoration of vegetated coastal ecosystems,blue carbon,Australia live news updates : nation records 75 Covid deaths as data shows fatalities rising since March,https://www.msn.com/en-gb/news/world/australia-live-news-updates-nation-records-75-covid-deaths-as-data-shows-fatalities-rising-since-march/ar-AAYW1MO,msn.com,20220628T100000Z,English,United States
restoration of vegetated coastal ecosystems,blue carbon,Seafood slavery : Indonesia must better protect the rights of its fishermen,https://www.msn.com/en-xl/news/other/seafood-slavery-indonesia-must-better-protect-the-rights-of-its-fishermen/ar-AAYWHIn,msn.com,20220628T071500Z,English,United States
restoration of vegetated coastal ecosystems,blue carbon,Australia live news updates : ADF chief term extended as defence minister warns era as  strategically complex as any  since 1945,https://www.msn.com/en-gb/travel/news/australia-live-news-updates-adf-chief-s-term-extended-as-defence-minister-warns-era-as-strategically-complex-as-any-since-1945/ar-AAYW1MO,msn.com,20220628T054500Z,English,United States
restoration of vegetated coastal ecosystems,blue carbon,Australia live news updates : ADF chief term extended as defence minister warns era as  strategically complex as any  since 1945,https://www.msn.com/en-gb/news/world/australia-live-news-updates-adf-chiefs-term-extended-as-defence-minister-warns-era-as-strategically-complex-as-any-since-1945/ar-AAYW1MO,msn.com,20220628T051500Z,English,United States
restoration of vegetated coastal ecosystems,blue carbon,Australia live news updates : ADF chief term extended as defence minister warns era as  strategically complex as any  since 1945,https://www.msn.com/en-gb/news/world/australia-live-news-updates-adf-chief-s-term-extended-as-defence-minister-warns-era-as-strategically-complex-as-any-since-1945/ar-AAYW1MO,msn.com,20220628T014500Z,English,United States
restoration of vegetated coastal ecosystems,blue carbon,"Live news updates : less than half of Australians are Christians , census reveals , as data shows  generational shift",https://www.msn.com/en-gb/news/world/live-news-updates-less-than-half-of-australians-are-christians-census-reveals-nsw-leads-population-growth/ar-AAYW1MO,msn.com,20220628T011500Z,English,United States
restoration of vegetated coastal ecosystems,blue carbon,"Australia live news updates : population passes 25 million , first 2021 census data reveals ; NSW records 40 Covid deaths",https://www.msn.com/en-gb/news/world/australia-live-news-updates-population-passes-25-million-first-2021-census-data-reveals-nsw-records-40-covid-deaths/ar-AAYW1MO,msn.com,20220627T234500Z,English,United States
restoration of vegetated coastal ecosystems,blue carbon,"Live news updates : population passes 25 million , first 2021 census data reveals ; Blockade Australia protests to continue",https://www.msn.com/en-gb/news/world/australia-news-live-updates-first-wave-of-2021-census-data-shows-population-pass-25-million-albanese-lands-in-madrid/ar-AAYW1MO,msn.com,20220627T233000Z,English,United States
restoration of vegetated coastal ecosystems,blue carbon,"Live news updates : population passes 25 million , first 2021 census data reveals ; Blockade Australia protests to continue",https://www.msn.com/en-gb/news/world/live-news-updates-population-passes-25-million-first-2021-census-data-reveals-blockade-australia-protests-to-continue/ar-AAYW1MO,msn.com,20220627T231500Z,English,United States
restoration of vegetated coastal ecosystems,blue carbon,"Live news updates : population passes 25 million , first 2021 census data reveals ; Blockade Australia protests to continue",https://www.msn.com/en-gb/news/world/australia-news-live-updates-population-passes-25-million-first-2021-census-data-reveals-albanese-lands-in-madrid/ar-AAYW1MO,msn.com,20220627T230000Z,English,United States
restoration of vegetated coastal ecosystems,blue carbon,Australia news live updates : first wave of 2021 census data shows population pass 25 million ; Albanese lands in Madrid,https://www.msn.com/en-gb/news/world/australia-news-live-updates-first-wave-of-2021-census-data-released-anthony-albanese-lands-in-madrid/ar-AAYW1MO,msn.com,20220627T223000Z,English,United States
restoration of vegetated coastal ecosystems,blue carbon,Australia news live updates : Anthony Albanese lands in Madrid ; census insights show a changing Australia,https://www.msn.com/en-gb/news/world/australia-news-live-updates-anthony-albanese-lands-in-madrid-census-insights-show-a-changing-australia/ar-AAYW1MO,msn.com,20220627T221500Z,English,United States
restoration of vegetated coastal ecosystems,blue carbon,Aquaman star Jason Momoa named  Advocate For Life Below Water  at UN Ocean Summit,https://news.yahoo.com/jason-momoa-named-advocate-life-165524299.html,news.yahoo.com,20220627T193000Z,English,United States
restoration of vegetated coastal ecosystems,blue carbon,"Coastal News Today | West Indian Ocean - The Great Blue Wall Initiative : At the nexus of climate change , nature conservation , and the blue economy",https://www.coastalnewstoday.com/post/west-indian-ocean-the-great-blue-wall-initiative-at-the-nexus-of-climate-change-nature-conservation-and-the-blue-economy,coastalnewstoday.com,20220627T004500Z,English,United States
restoration of vegetated coastal ecosystems,blue carbon,"In Kenya , coastal communities earn money protecting mangroves",https://www.msn.com/en-xl/africa/other/in-kenya-coastal-communities-earn-money-protecting-mangroves/ar-AAYSM0P,msn.com,20220626T134500Z,English,United States
restoration of vegetated coastal ecosystems,blue carbon,"From Goodwood FoS to Gymkhana , Travis Pastrana 862 - HP  Huckster  Will Cover All",https://www.autoevolution.com/news/from-goodwood-fos-to-gymkhana-travis-pastrana-s-862-hp-huckster-will-cover-all-191982.html,autoevolution.com,20220626T133000Z,English,United States
restoration of vegetated coastal ecosystems,blue carbon,"FACT SHEET : Biden - Harris Administration Celebrates World Ocean Day with Actions to Conserve America Deepest Atlantic Canyon , Cut Plastic Pollution , and Create America First - Ever Ocean Climate Action Plan",https://www.whitehouse.gov/briefing-room/statements-releases/2022/06/08/fact-sheet-biden-harris-administration-celebrates-world-ocean-day-with-actions-to-conserve-americas-deepest-atlantic-canyon-cut-plastic-pollution-and-create-americas-first-ever-o/,whitehouse.gov,20220626T123000Z,English,United States
restoration of vegetated coastal ecosystems,blue carbon,We Can All Learn From This Massive Mangrove Forrest in How to Make a Stunning Comeback,https://www.msn.com/en-au/news/techandscience/we-can-all-learn-from-this-massive-mangrove-forrest-in-how-to-make-a-stunning-comeback/ar-AAYSdb1,msn.com,20220626T014500Z,English,United States
restoration of vegetated coastal ecosystems,blue carbon,National Ocean Month highlights global climate action,https://www.fredericknewspost.com/public/ap/national-ocean-month-highlights-global-climate-action/article_c2865a87-10d8-5f05-a864-e244e5e571c1.html,fredericknewspost.com,20220625T063000Z,English,United States
restoration of vegetated coastal ecosystems,blue carbon,"Climate Change to Impact Carbon - Rich Ecosystem , Finds Study",https://www.azocleantech.com/news.aspx?newsID=31909,azocleantech.com,20220624T144500Z,English,United States
restoration of vegetated coastal ecosystems,blue carbon,Singer Turbo Study tours the Goodwood Festival of Speed,https://www.autoblog.com/2022/06/24/singer-turbo-study-porsche-911-goodwood/,autoblog.com,20220624T133000Z,English,United States
restoration of vegetated coastal ecosystems,blue carbon,Koenigsegg Regera Dresses up In Blue Carbon Fiber,https://hypebeast.com/2022/6/koenigsegg-regera-north-american-blue-carbon-fiber-trim,hypebeast.com,20220624T054500Z,English,United States
restoration of vegetated coastal ecosystems,blue carbon,Coastal News Today | FL - Blue Carbon,https://www.coastalnewstoday.com/post/fl-blue-carbon,coastalnewstoday.com,20220624T003000Z,English,United States
restoration of vegetated coastal ecosystems,blue carbon,Environmental News Network - Study Reveals How Climate Change Can Significantly Impact One of the World Most Important Carbon - Rich Ecosystems,https://www.enn.com/articles/70614-study-reveals-how-climate-change-can-significantly-impact-one-of-the-world-s-most-important-carbon-rich-ecosystems,enn.com,20220623T223000Z,English,United States
restoration of vegetated coastal ecosystems,blue carbon,Bugatti Chiron LEbe Coupe | stupidDOPE . com,https://stupiddope.com/2022/06/23/bugatti-keeps-it-in-the-family-with-the-chiron-lebe-coupe/,stupiddope.com,20220623T200000Z,English,United States
restoration of vegetated coastal ecosystems,blue carbon,"Conservation International Reports High Demand for Blue Carbon Credits from Cispata , Colombia Mangrove Project",https://www.pressreleasepoint.com/conservation-international-reports-high-demand-blue-carbon-credits-cispata-colombia-mangrove-project,pressreleasepoint.com,20220623T191500Z,English,United States
restoration of vegetated coastal ecosystems,blue carbon,The Miraculous Trees That Could Save Pakistan Largest City from Climate Disaster,https://www.yahoo.com/news/miraculous-trees-could-save-pakistans-110044755.html,yahoo.com,20220623T153000Z,English,United States
restoration of vegetated coastal ecosystems,blue carbon,What should be America next national park ?,https://www.lonelyplanet.com/articles/americas-next-national-park,lonelyplanet.com,20220623T130000Z,English,United States
restoration of vegetated coastal ecosystems,blue carbon,Commentary : National Ocean Month highlights global climate action,https://auburnpub.com/opinion/columnists/commentary-national-ocean-month-highlights-global-climate-action/article_c01635fd-6c1a-5c91-8fb8-46ea316e5a59.html,auburnpub.com,20220623T110000Z,English,United States
restoration of vegetated coastal ecosystems,blue carbon,Study reveals how climate change can significantly impact one of the world most important carbon - rich ecosystems,https://phys.org/news/2022-06-reveals-climate-significantly-impact-world.html,phys.org,20220623T091500Z,English,United States
restoration of vegetated coastal ecosystems,blue carbon,Study reveals how climate change can significantly impact carbon - rich ecosystem,https://www.miragenews.com/study-reveals-how-climate-change-can-806322/,miragenews.com,20220623T084500Z,English,United States
restoration of vegetated coastal ecosystems,blue carbon,Research finds how climate change can significantly impact one of world most important carbon - rich ecosystems,https://www.miragenews.com/research-finds-how-climate-change-can-806176/,miragenews.com,20220623T043000Z,English,United States
restoration of vegetated coastal ecosystems,blue carbon,Coastal News Today | World - Could Algae Solve the Global Climate Crisis,https://www.coastalnewstoday.com/post/world-could-algae-solve-the-global-climate-crisis,coastalnewstoday.com,20220623T033000Z,English,United States
restoration of vegetated coastal ecosystems,blue carbon,Ocean and Climate Change Toolbox,https://www.sej.org/publications/special-reports/climate-solutions/ocean-and-climate-change-toolbox,sej.org,20220622T183000Z,English,United States
restoration of vegetated coastal ecosystems,blue carbon,"After decades of loss , the world largest mangrove forests are set for a comeback",https://phys.org/news/2022-06-decades-loss-world-largest-mangrove.html,phys.org,20220622T151500Z,English,United States
restoration of vegetated coastal ecosystems,blue carbon,Could Algae Solve the Global Climate Crisis ?,https://www.news-medical.net/life-sciences/Could-Algae-Solve-the-Global-Climate-Crisis.aspx,news-medical.net,20220622T123000Z,English,United States
restoration of vegetated coastal ecosystems,blue carbon,National Ocean Month Highlights Global Climate Action,https://progressive.org/op-eds/national-ocean-month-climate-action-helvarg-220621/,progressive.org,20220621T214500Z,English,United States
restoration of vegetated coastal ecosystems,blue carbon,Bugatti Chiron L  Ébé Special Edition Has Stitched Artwork Inside,http://www.msn.com/en-us/autos/news/bugatti-chiron-l-%C3%A9b%C3%A9-special-edition-has-stitched-artwork-inside/ar-AAYG3sJ,msn.com,20220620T233000Z,English,United States
restoration of vegetated coastal ecosystems,blue carbon,Novel enzyme - free strategy to detect organophosphorus pesticide residues,https://phys.org/news/2022-06-enzyme-free-strategy-organophosphorus-pesticide-residues.html,phys.org,20220620T164500Z,English,United States
restoration of vegetated coastal ecosystems,blue carbon,Rep . Don Beyer : Why You Should Vote for Me,https://www.arlnow.com/2022/06/20/rep-don-beyer-why-you-should-vote-for-me/,arlnow.com,20220620T160000Z,English,United States
restoration of vegetated coastal ecosystems,blue carbon,Bugatti Chiron L  Ébé Edition Debuts To Honor Founder Daughter,http://www.msn.com/en-us/autos/news/bugatti-chiron-l-%C3%A9b%C3%A9-edition-debuts-to-honor-founder-s-daughter/ar-AAYFqXr,msn.com,20220620T153000Z,English,United States
restoration of vegetated coastal ecosystems,blue carbon,blue carbon – Advanced BioFuels united states,https://advancedbiofuelsusa.info/tag/blue-carbon/,advancedbiofuelsusa.info,20220617T191500Z,English,United States
restoration of vegetated coastal ecosystems,blue carbon,coastal habitat conservation – Advanced BioFuels united states,https://advancedbiofuelsusa.info/tag/coastal-habitat-conservation/,advancedbiofuelsusa.info,20220617T191500Z,English,United States
restoration of vegetated coastal ecosystems,blue carbon,Travis Pastrana 1983 Subaru GL makes 862 horsepower,https://www.autoblog.com/2022/06/17/travis-pastrana-1983-subaru-gl-wagon-862-hp-gymkhana-goodwood/,autoblog.com,20220617T141500Z,English,United States
restoration of vegetated coastal ecosystems,blue carbon,"The ocean is a critical solution to climate change , groups tell Biden",https://www.washingtonpost.com/politics/2022/06/16/exclusive-ocean-is-critical-solution-climate-change-groups-tell-biden/,washingtonpost.com,20220616T131500Z,English,United States
restoration of vegetated coastal ecosystems,blue carbon,Singer First Road - Going Reimagined Porsche 911 Turbo Has Us Drooling,https://www.carscoops.com/2022/06/heres-the-very-first-road-going-turbocharged-porsche-911-reimagined-by-singer/,carscoops.com,20220616T021500Z,English,United States
restoration of vegetated coastal ecosystems,blue carbon,Bugatti Delivered the First Production Centodieci Hypercar in EB110 Blue,http://www.msn.com/en-us/autos/enthusiasts/bugatti-delivered-the-first-production-centodieci-hypercar-in-eb110-blue/ar-AAYvJtm,msn.com,20220615T233000Z,English,United States
restoration of vegetated coastal ecosystems,blue carbon,Saudi Arabia Bets Big On Blue Hydrogen,https://oilprice.com/Energy/Energy-General/Saudi-Arabia-Bets-Big-On-Blue-Hydrogen.html,oilprice.com,20220614T173000Z,English,United States
restoration of vegetated coastal ecosystems,blue carbon,KEF LSX II Wireless Hifi Speaker System,https://hypebeast.com/2022/6/kef-lsx-ii-wireless-hifi-speaker-system,hypebeast.com,20220613T194500Z,English,United States
restoration of vegetated coastal ecosystems,blue carbon,U . N . Ocean and Climate Change Dialogue Explores Ways to Advance Climate and Biodiversity Goals,https://www.pewtrusts.org/en/research-and-analysis/articles/2022/06/13/un-ocean-and-climate-change-dialogue-explores-ways-to-advance-climate-and-biodiversity-goals,pewtrusts.org,20220613T184500Z,English,United States
restoration of vegetated coastal ecosystems,blue carbon,This Company Is Helping NFT Artists Offset Their Carbon Footprints,https://www.featureshoot.com/2022/06/this-company-is-helping-nft-artists-offset-their-carbon-footprints/,featureshoot.com,20220613T161500Z,English,United States
restoration of vegetated coastal ecosystems,blue carbon,"Groundbreaking Project to Convert the Seaweed Sargassum into Ethanol for Use in Plastics , C - Cause , Selected for German Government  Disruptive Innovation  Grant",https://www.azocleantech.com/news.aspx?newsID=31842,azocleantech.com,20220613T140000Z,English,United States
restoration of vegetated coastal ecosystems,blue carbon,UK Government continues its plans for nature recovery in our seas,https://www.miragenews.com/uk-government-continues-its-plans-for-nature-799594/,miragenews.com,20220613T101500Z,English,United States
restoration of vegetated coastal ecosystems,blue carbon,Coastal News Today | united states - Lawmakers eye  blue carbon  as emissions reduction tool,https://www.coastalnewstoday.com/post/usa-lawmakers-eye-blue-carbon-as-emissions-reduction-tool,coastalnewstoday.com,20220613T050000Z,English,United States
restoration of vegetated coastal ecosystems,blue carbon,Biden Admin Announces Plan to Conserve Largest Underwater Canyon Along US Atlantic Coast,https://www.theepochtimes.com/biden-admin-announces-plan-to-conserve-largest-underwater-canyon-along-us-atlantic-coast_4527744.html,theepochtimes.com,20220612T081500Z,English,United States
restoration of vegetated coastal ecosystems,blue carbon,Stock Market | FinancialContent Business Page,https://markets.financialcontent.com/stocks/article/getnews-2022-6-10-the-9th-chinese-enterprise-green-compact-forum-was-successfully-held,markets.financialcontent.com,20220610T164500Z,English,United States
restoration of vegetated coastal ecosystems,blue carbon,"Groundbreaking project to convert Sargassum seaweed into ethanol for use in plastics , C - Cause , selected for German Government  Disruptive Innovation  grant",https://finance.yahoo.com/news/groundbreaking-project-convert-sargassum-seaweed-080200952.html,finance.yahoo.com,20220610T020000Z,English,United States
restoration of vegetated coastal ecosystems,blue carbon,"Groundbreaking project to convert Sargassum seaweed into ethanol for use in plastics , C - Cause , selected for German Government  Disruptive Innovation  grant","https://www.streetinsider.com/Globe+Newswire/Groundbreaking+project+to+convert+Sargassum+seaweed+into+ethanol+for+use+in+plastics,+C-Cause,+selected+for+German+Government%E2%80%99s+%E2%80%98Disruptive+Innovation%E2%80%99+grant/20193822.html",streetinsider.com,20220609T213000Z,English,United States
restoration of vegetated coastal ecosystems,blue carbon,Charging for quality,https://www.politico.com/newsletters/morning-energy/2022/06/09/charging-for-quality-00038322,politico.com,20220609T204500Z,English,United States
restoration of vegetated coastal ecosystems,blue carbon,"Groundbreaking project to convert Sargassum seaweed into ethanol for use in plastics , C - Cause , selected for German Government  Disruptive Innovation  grant","https://www.streetinsider.com/Globe+Newswire/Groundbreaking+project+to+convert+Sargassum+seaweed+into+ethanol+for+use+in+plastics,+C-Cause,+selected+for+German+Government%E2%80%99s+%E2%80%98Disruptive+Innovation%E2%80%99+grant/20193820.html",streetinsider.com,20220609T171500Z,English,United States
restoration of vegetated coastal ecosystems,blue carbon,Nature And People Positive Solutions : The Nature Conservancy In Belize,https://www.forbes.com/sites/billfrist/2022/06/09/nature-and-people-positive-solutions-the-nature-conservancy-in-belize/,forbes.com,20220609T170000Z,English,United States
restoration of vegetated coastal ecosystems,blue carbon,KEF launches revamped LSX II wireless speaker pair • Home Theater Forum,https://www.hometheaterforum.com/kef-launches-revamped-lsxii-wireless-speaker-pair/,hometheaterforum.com,20220609T123000Z,English,United States
restoration of vegetated coastal ecosystems,blue carbon,Groundbreaking project to convert Sargassum seaweed into,https://www.globenewswire.com/news-release/2022/06/09/2459357/0/en/Groundbreaking-project-to-convert-Sargassum-seaweed-into-ethanol-for-use-in-plastics-C-Cause-selected-for-German-Government-s-Disruptive-Innovation-grant.html,globenewswire.com,20220609T121500Z,English,United States
restoration of vegetated coastal ecosystems,blue carbon,"Deliver care our ocean needs – together , urge co - hosts of UN conference",https://www.miragenews.com/deliver-care-our-ocean-needs-together-urge-co-796733/,miragenews.com,20220608T031500Z,English,United States
restoration of vegetated coastal ecosystems,blue carbon,Coastal News Today | World - Climate benefits from establishing marine protected areas targeted at blue carbon solutions,https://www.coastalnewstoday.com/post/world-climate-benefits-from-establishing-marine-protected-areas-targeted-at-blue-carbon-solutions-proceedings-of-the-national-academy-of-sciences,coastalnewstoday.com,20220608T031500Z,English,United States
restoration of vegetated coastal ecosystems,blue carbon,Coastal News Today | united states - Strengthening Blue Carbon Solutions in US Ocean Policy,https://www.coastalnewstoday.com/post/usa-strengthening-blue-carbon-solutions-in-us-ocean-policy,coastalnewstoday.com,20220607T023000Z,English,United States
restoration of vegetated coastal ecosystems,blue carbon,Stock Market | FinancialContent Business Page,https://markets.financialcontent.com/stocks/article/issuewire-2022-6-4-the-whale-carbon-plus-project,markets.financialcontent.com,20220604T190000Z,English,United States
restoration of vegetated coastal ecosystems,blue carbon,"You Asked , We Answer : Everything You Want To Know About The 2022 Audi RS3",https://www.carscoops.com/2022/06/you-asked-we-answer-everything-you-want-to-know-about-the-2022-audi-rs3/,carscoops.com,20220604T174500Z,English,United States
restoration of vegetated coastal ecosystems,blue carbon,37 unique Father Day gifts that cant be matched,https://www.cnn.com/cnn-underscored/gifts/unique-fathers-day-gifts,cnn.com,20220604T141500Z,English,United States
restoration of vegetated coastal ecosystems,blue carbon,WHRO - Underwater seed collection off Eastern Shore jumpstarts growth of eelgrass once thought lost forever,https://whro.org/news/local-news/29569-eelgrass-seed-collection-off-eastern-shore-aims-to-jumpstart-growth-of-plant-once-thought-lost-forever,whro.org,20220603T131500Z,English,United States
restoration of vegetated coastal ecosystems,blue carbon,The Whale Carbon Plus Project™ Ethical AI and Diverse Ocean Stakeholders Bring Whales to the Blue Carbon Market in an Unprecedented New Way,https://www.pr.com/press-release/862741,pr.com,20220603T081500Z,English,United States
restoration of vegetated coastal ecosystems,blue carbon,UOW commits to carbon neutrality by 2030,https://www.miragenews.com/uow-commits-to-carbon-neutrality-by-2030-794299/,miragenews.com,20220603T040000Z,English,United States
restoration of vegetated coastal ecosystems,blue carbon,A Maine kelp business on global stage at World Economic Forum in Davos,https://www.mainebiz.biz/article/a-maine-kelp-business-on-global-stage-at-world-economic-forum-in-davos,mainebiz.biz,20220602T164500Z,English,United States
restoration of vegetated coastal ecosystems,blue carbon,Pakistan Coastal Ecosystem and Opportunities to Tackle Climate Change,https://blogs.worldbank.org/endpovertyinsouthasia/pakistans-coastal-ecosystem-and-opportunities-tackle-climate-change,blogs.worldbank.org,20220602T143000Z,English,United States
restoration of vegetated coastal ecosystems,blue carbon,EAD  Blue Carbon Project  selected among 12 UpLink Ocean Top Innovations,https://www.bignewsnetwork.com/news/272573263/ead-blue-carbon-project-selected-among-12-uplink-ocean-top-innovations,bignewsnetwork.com,20220602T084500Z,English,United States
restoration of vegetated coastal ecosystems,blue carbon,"Fishing Industry Bottom - Trawling 90 Percent of united kingdom Marine Protected Areas , Data Shows",https://e360.yale.edu/digest/fishing-industry-bottom-trawling-90-percent-of-uk-marine-protected-areas-data-shows,e360.yale.edu,20220601T200000Z,English,United States
restoration of vegetated coastal ecosystems,blue carbon,Could Blue Carbon Credits Be The Future Of Sustainable Financing ?,https://markets.businessinsider.com/news/stocks/could-blue-carbon-credits-be-the-future-of-sustainable-financing-1031503176,markets.businessinsider.com,20220601T194500Z,English,United States
restoration of vegetated coastal ecosystems,blue carbon,Could Blue Carbon Credits Be The Future Of Sustainable Financing ?,https://oilprice.com/The-Environment/Global-Warming/Could-Blue-Carbon-Credits-Be-The-Future-Of-Sustainable-Financing.html,oilprice.com,20220601T183000Z,English,United States
restoration of vegetated coastal ecosystems,blue carbon,"BlueNalu Joins the United Nations Global Compact , Signaling Early Commitment to Sustainable Practices",https://www.perishablenews.com/seafood/bluenalu-joins-the-united-nations-global-compact-signaling-early-commitment-to-sustainable-practices/,perishablenews.com,20220901T224500Z,English,United States
restoration of vegetated coastal ecosystems,blue carbon,"BlueNalu Joins the United Nations Global Compact , Signaling Early Commitment to Sustainable Practices",https://www.businesswire.com/news/home/20220901005301/en/BlueNalu-Joins-the-United-Nations-Global-Compact-Signaling-Early-Commitment-to-Sustainable-Practices,businesswire.com,20220901T153000Z,English,United States
restoration of vegetated coastal ecosystems,blue carbon,New opportunities to support and harness underwater forests,https://www.miragenews.com/new-opportunities-to-support-and-harness-847135/,miragenews.com,20220901T021500Z,English,United States
restoration of vegetated coastal ecosystems,blue carbon,Visit highlights ORNL defense manufacturing capabilities,https://www.ornl.gov/news/visit-highlights-ornls-defense-manufacturing-capabilities,ornl.gov,20220831T171500Z,English,United States
restoration of vegetated coastal ecosystems,blue carbon,"Stricter Standards Needed for Carbon Offsets , Congressional Reps Urge",https://www.nbcphiladelphia.com/news/business/money-report/stricter-standards-needed-for-carbon-offsets-congressional-reps-urge/3350232/,nbcphiladelphia.com,20220831T163000Z,English,United States
restoration of vegetated coastal ecosystems,blue carbon,The Role of Blue Carbon in China Efforts to Reduce Emissions,https://www.azom.com/news.aspx?newsID=59882,azom.com,20220831T160000Z,English,United States
restoration of vegetated coastal ecosystems,blue carbon,New Guide Helps Decision - Makers Adopt Natural Climate Solutions,https://goodmenproject.com/featured-content/new-guide-helps-decision-makers-adopt-natural-climate-solutions/,goodmenproject.com,20220831T104500Z,English,United States
restoration of vegetated coastal ecosystems,blue carbon,Bahamas to sell blue carbon credits,https://www.wpbf.com/article/bahamas-environment-blue-carbon-credits-marine/40998123,wpbf.com,20220830T201500Z,English,United States
restoration of vegetated coastal ecosystems,blue carbon,To Fight Climate Change Latin American and Caribbean Countries Boost Emphasis on Coastal Wetlands,https://www.pewtrusts.org/en/research-and-analysis/articles/2022/08/26/to-fight-climate-change-latin-american-and-caribbean-countries-boost-emphasis-on-coastal-wetlands,pewtrusts.org,20220827T061500Z,English,United States
restoration of vegetated coastal ecosystems,blue carbon,Why Protecting the High Seas Matters - United States Department of State,https://www.state.gov/why-protecting-the-high-seas-matters/,state.gov,20220827T010000Z,English,United States
restoration of vegetated coastal ecosystems,blue carbon,"Dugongs : Nature  sea cow are now extinct in China , but still clinging on in these countries",http://www.euronews.com/green/2022/08/25/what-are-dugongs-why-nature-s-sea-cows-need-protecting-from-extinction,euronews.com,20220825T183000Z,English,United States
restoration of vegetated coastal ecosystems,blue carbon,How to Reverse the Ocean - Climate Crisis,https://www.pewtrusts.org/en/trend/archive/winter-2022/how-to-reverse-the-ocean-climate-crisis,pewtrusts.org,20220825T151500Z,English,United States
restoration of vegetated coastal ecosystems,blue carbon,New Study Suggests Warmer Oceans May Limit Kelp Forest Ability To Store Carbon for Long Periods of Time,https://www.natureworldnews.com/articles/52749/20220825/according-new-study-warmer-oceans-limit-kelp-forests-ability-store.htm,natureworldnews.com,20220825T110000Z,English,United States
restoration of vegetated coastal ecosystems,blue carbon,Measuring benefits of blue carbon ecosystems,https://www.miragenews.com/measuring-benefits-of-blue-carbon-ecosystems-843000/,miragenews.com,20220825T054500Z,English,United States
restoration of vegetated coastal ecosystems,blue carbon,BRENTWOOD HOME CELEBRATES LABOR DAY WITH MASSIVE SAVINGS,https://www.prnewswire.com:443/news-releases/brentwood-home-celebrates-labor-day-with-massive-savings-301611840.html,prnewswire.com,20220824T173000Z,English,United States
restoration of vegetated coastal ecosystems,blue carbon,BRENTWOOD HOME CELEBRATES LABOR DAY WITH MASSIVE SAVINGS,https://www.prnewswire.com/news-releases/brentwood-home-celebrates-labor-day-with-massive-savings-301611840.html,prnewswire.com,20220824T173000Z,English,United States
restoration of vegetated coastal ecosystems,blue carbon,Climate change predicted to reduce kelp forest capacity to trap and store carbon,https://phys.org/news/2022-08-climate-kelp-forests-capacity-carbon.html,phys.org,20220824T150000Z,English,United States
restoration of vegetated coastal ecosystems,blue carbon,How Airborne Bathymetric Lidar Helps to Protect Marine Environments,https://www.hydro-international.com/content/article/how-airborne-bathymetric-lidar-helps-to-protect-marine-environments,hydro-international.com,20220823T123000Z,English,United States
restoration of vegetated coastal ecosystems,blue carbon,Iberdrola Aims To Design Offshore Wind Farms That Protect The Environment,https://www.poweronline.com/doc/iberdrola-aims-to-design-offshore-wind-farms-that-protect-the-environment-0001,poweronline.com,20220822T151500Z,English,United States
restoration of vegetated coastal ecosystems,blue carbon,Toyota Recalls Certain Lexus RC F Vehicles Over Labeling Issue,https://www.autoevolution.com/news/toyota-recalls-certain-lexus-rc-f-vehicles-over-labeling-issue-196568.html,autoevolution.com,20220822T121500Z,English,United States
restoration of vegetated coastal ecosystems,blue carbon,Why the Grilling Skillet Is Our Favorite Summer Cooking Tool,https://www.outsideonline.com/culture/food/grilling-skillet-how-to-tips-review/,outsideonline.com,20220820T010000Z,English,United States
restoration of vegetated coastal ecosystems,blue carbon,"Opinion | Oceans work hard at capturing carbon , too",https://www.washingtonpost.com/opinions/2022/08/19/oceans-work-hard-capturing-carbon-too/,washingtonpost.com,20220819T193000Z,English,United States
restoration of vegetated coastal ecosystems,blue carbon,Iberdrola Issues Call for Environmental Proposals for Offshore Wind,https://nawindpower.com/iberdrola-issues-call-for-environmental-proposals-for-offshore-wind,nawindpower.com,20220817T200000Z,English,United States
restoration of vegetated coastal ecosystems,blue carbon,"The Bahamas Plans to Sell  Blue  Carbon Credits in 2022 , PM Says",https://www.bloomberg.com/news/articles/2022-04-28/the-bahamas-plans-to-sell-blue-carbon-credits-in-2022-pm-says,bloomberg.com,20220815T224500Z,English,United States
restoration of vegetated coastal ecosystems,blue carbon,California Skincare Brand Goes Ocean Positive,https://www.forbes.com/sites/eshachhabra/2022/08/15/california-skincare-brand-goes-ocean-positive/,forbes.com,20220815T221500Z,English,United States
restoration of vegetated coastal ecosystems,blue carbon,"New York City Electeds , Advocates , Outline Priorities for State Climate Action Council",https://goodmenproject.com/featured-content/new-york-city-electeds-advocates-outline-priorities-for-state-climate-action-council/,goodmenproject.com,20220814T121500Z,English,United States
restoration of vegetated coastal ecosystems,blue carbon,Return of seagrass in Virginia waterways inspires environmental research,https://www.cavalierdaily.com/article/2022/08/return-of-seagrass-in-virginia-waterways-inspires-environmental-research,cavalierdaily.com,20220813T224500Z,English,United States
restoration of vegetated coastal ecosystems,blue carbon,The Use Of  Blue Carbon  Habitats May Not Be As Effective As Previously Thought,https://www.deeperblue.com/the-use-of-blue-carbon-habitats-may-not-be-as-effective-as-previously-thought/,deeperblue.com,20220813T204500Z,English,United States
restoration of vegetated coastal ecosystems,blue carbon,Natural Carbon Capture Is A Dead End,https://medium.com/predict/natural-carbon-capture-is-a-dead-end-4d296c357c10,medium.com,20220812T233000Z,English,United States
restoration of vegetated coastal ecosystems,blue carbon,New research could help protect our vulnerable shelf seas,https://phys.org/news/2022-08-vulnerable-shelf-seas.html,phys.org,20220811T163000Z,English,United States
restoration of vegetated coastal ecosystems,blue carbon,New research could help protect our vulnerable shelf seas,https://www.miragenews.com/new-research-could-help-protect-our-vulnerable-835348/,miragenews.com,20220811T113000Z,English,United States
restoration of vegetated coastal ecosystems,blue carbon,The Mystic Mangroves of La Paz,https://www.sierraclub.org/sierra/mystic-mangroves-la-paz,sierraclub.org,20220811T093000Z,English,United States
restoration of vegetated coastal ecosystems,blue carbon,Carbon removal using  blue carbon  habitats  uncertain and unreliable,https://www.newswise.com/articles/carbon-removal-using-blue-carbon-habitats-uncertain-and-unreliable,newswise.com,20220810T181500Z,English,United States
restoration of vegetated coastal ecosystems,blue carbon,Indonesia Encourages World to Develop Blue Carbon Ecosystem,https://www.miragenews.com/indonesia-encourages-world-to-develop-blue-833841/,miragenews.com,20220809T090000Z,English,United States
restoration of vegetated coastal ecosystems,blue carbon,Coastal News Today | World - A green transition should prioritize the ocean carbon sinks over deep - sea mining,https://www.coastalnewstoday.com/post/world-a-green-transition-should-prioritize-the-oceans-carbon-sinks-over-deep-sea-mining,coastalnewstoday.com,20220809T073000Z,English,United States
restoration of vegetated coastal ecosystems,blue carbon,Coastal News Today | World - The blue economy is a historic opportunity . Here how we seize it,https://www.coastalnewstoday.com/post/world-the-blue-economy-is-a-historic-opportunity-heres-how-we-seize-it,coastalnewstoday.com,20220809T024500Z,English,United States
restoration of vegetated coastal ecosystems,blue carbon,Five Must - See Cars Heading to Mecum Auction Monterey 2022 Event,https://blog.dupontregistry.com/for-sale/auctions/mecum-monterey-2022-preview/,blog.dupontregistry.com,20220808T224500Z,English,United States
restoration of vegetated coastal ecosystems,blue carbon,How The Blue Economy Will Shape The Future Of Canada,https://www.marinelink.com/news/blue-economy-shape-future-canadas-oceans-498551,marinelink.com,20220807T150000Z,English,United States
restoration of vegetated coastal ecosystems,blue carbon,How The Blue Economy Will Shape The Future Of Canada,https://www.marinetechnologynews.com/news/economy-shape-future-canada-621615,marinetechnologynews.com,20220807T124500Z,English,United States
restoration of vegetated coastal ecosystems,blue carbon,"Mangrove Park in Abu Dhabi Thrives in Extremely Salty Waters , Summer Temperatures",https://www.natureworldnews.com/articles/52394/20220805/mangrove-park-abu-dhabi-thrives-extremely-salty-waters-summer-temperatures.htm,natureworldnews.com,20220807T083000Z,English,United States
restoration of vegetated coastal ecosystems,blue carbon,Bonamici hosts field hearing in Astoria on climate change,https://www.mdjonline.com/tribune/georgia/bonamici-hosts-field-hearing-in-astoria-on-climate-change/article_c9551bd2-94c6-580c-939a-4af3af56c5db.html,mdjonline.com,20220806T064500Z,English,United States
restoration of vegetated coastal ecosystems,blue carbon,Bonamici hosts field hearing in Astoria on climate change,https://www.dailyastorian.com/news/local/bonamici-hosts-field-hearing-in-astoria-on-climate-change/article_d2492b64-146a-11ed-99b0-136139a8f9d8.html,dailyastorian.com,20220805T191500Z,English,United States
restoration of vegetated coastal ecosystems,blue carbon,CF Industries to build $198 . 5 million  blue ammonia  facility in Donaldsonville,https://www.theadvocate.com/baton_rouge/news/business/article_36e78094-14dd-11ed-b90b-a3d18fdb93b7.html,theadvocate.com,20220805T174500Z,English,United States
restoration of vegetated coastal ecosystems,blue carbon,The forest growing in the world hottest sea,https://krdo.com/entertainment/cnn-style/2022/08/04/the-forest-growing-in-the-worlds-hottest-sea/,krdo.com,20220805T003000Z,English,United States
restoration of vegetated coastal ecosystems,blue carbon,The forest growing in the world hottest sea,https://www.albanyherald.com/features/food_recipes/the-forest-growing-in-the-worlds-hottest-sea/article_8aec70c0-17e1-57ef-80c5-66e776560e28.html,albanyherald.com,20220804T200000Z,English,United States
restoration of vegetated coastal ecosystems,blue carbon,The forest growing in the world hottest sea,https://www.henryherald.com/features/food_recipes/the-forest-growing-in-the-worlds-hottest-sea/article_7e4100c7-dca1-598e-a737-973507f1eaa6.html,henryherald.com,20220804T194500Z,English,United States
restoration of vegetated coastal ecosystems,blue carbon,The forest growing in the world hottest sea,https://www.gwinnettdailypost.com/features/food_recipes/the-forest-growing-in-the-worlds-hottest-sea/article_54f44653-ec7d-5f88-be46-7fbe369bd415.html,gwinnettdailypost.com,20220804T184500Z,English,United States
restoration of vegetated coastal ecosystems,blue carbon,The forest growing in the world hottest sea,https://www.rockdalenewtoncitizen.com/features/food_recipes/the-forest-growing-in-the-worlds-hottest-sea/article_948362d6-2f86-5c97-9d3a-f407d4b6834e.html,rockdalenewtoncitizen.com,20220804T183000Z,English,United States
restoration of vegetated coastal ecosystems,blue carbon,The forest growing in the world hottest sea,https://localnews8.com/news/national-world/2022/08/04/the-forest-growing-in-the-worlds-hottest-sea/,localnews8.com,20220804T181500Z,English,United States
restoration of vegetated coastal ecosystems,blue carbon,The forest growing in the world hottest sea,https://www.jacksonprogress-argus.com/features/food_recipes/the-forest-growing-in-the-worlds-hottest-sea/article_f5f7d726-8b67-5ab5-b36b-ccdb689602bd.html,jacksonprogress-argus.com,20220804T174500Z,English,United States
restoration of vegetated coastal ecosystems,blue carbon,The forest growing in the world hottest sea,https://kvia.com/entertainment/cnn-style/2022/08/04/the-forest-growing-in-the-worlds-hottest-sea/,kvia.com,20220804T163000Z,English,United States
restoration of vegetated coastal ecosystems,blue carbon,The forest growing in the world hottest sea,https://www.cnn.com/travel/article/abu-dhabi-jubail-mangroves/,cnn.com,20220804T103000Z,English,United States
restoration of vegetated coastal ecosystems,blue carbon,Redwood and Cloverly Partner to Provide Freight Emissions Visibility and Access to Carbon Credits,https://www.environmentalleader.com/2022/07/redwood-and-cloverly-partner-to-support-access-to-freight-emissions-visibility/,environmentalleader.com,20220803T210000Z,English,United States
restoration of vegetated coastal ecosystems,blue carbon,Mexico REDD+ Projects : Update on GHG Emissions Avoidance | Jones Day,https://www.jdsupra.com/legalnews/mexico-s-redd-projects-update-on-ghg-1838533/,jdsupra.com,20220803T173000Z,English,United States
restoration of vegetated coastal ecosystems,blue carbon,43 tons of  ghost net removed from single Hawaiian coral reef,https://news.yahoo.com/43-tons-ghost-nets-removed-155601399.html,news.yahoo.com,20220803T164500Z,English,United States
restoration of vegetated coastal ecosystems,blue carbon,Study Shows How Previous Ice Ages Influenced How Seagrass Reacts to Modern Environmental Threat,https://www.natureworldnews.com/articles/52304/20220802/study-shows-previous-ice-ages-influenced-seagrass-reacts-modern-environmental.htm,natureworldnews.com,20220803T120000Z,English,United States
restoration of vegetated coastal ecosystems,blue carbon,Mexico REDD+ Projects : Update on GHG Emissions Avoidance,https://www.lexology.com/library/detail.aspx?g=d18701f9-f77b-4eb9-86ee-a7eb444abd47,lexology.com,20220803T070000Z,English,United States
restoration of vegetated coastal ecosystems,blue carbon,Coastal News Today | World - Carbon removal using  blue carbon  habitats  uncertain and unreliable,https://www.coastalnewstoday.com/post/world-carbon-removal-using-blue-carbon-habitats-uncertain-and-unreliable,coastalnewstoday.com,20220802T173000Z,English,United States
restoration of vegetated coastal ecosystems,blue carbon,Travel the Seven Seas in Style with Brabus Shadow 900 Deep Blue Signature Edition,https://www.autoevolution.com/news/travel-the-seven-seas-in-style-with-brabus-shadow-900-deep-blue-signature-edition-195048.html,autoevolution.com,20220802T163000Z,English,United States
restoration of vegetated coastal ecosystems,blue carbon,Indonesia green belt – Protecting and restoring the country mangroves,https://blogs.worldbank.org/eastasiapacific/indonesias-green-belt-protecting-and-restoring-countrys-mangroves,blogs.worldbank.org,20220802T101500Z,English,United States
restoration of vegetated coastal ecosystems,blue carbon,Coastal News Today | CAN - How the blue economy will shape the future of Canada oceans and its coastal communities,https://www.coastalnewstoday.com/post/can-how-the-blue-economy-will-shape-the-future-of-canadas-oceans-and-its-coastal-communities,coastalnewstoday.com,20220802T084500Z,English,United States
restoration of vegetated coastal ecosystems,blue carbon,How the blue economy will shape the future of Canada oceans and its coastal communities,http://www.econotimes.com/How-the-blue-economy-will-shape-the-future-of-Canadas-oceans--and-its-coastal-communities-1638484,econotimes.com,20220802T084500Z,English,United States
restoration of vegetated coastal ecosystems,blue carbon,How the blue economy will shape the future of Canada oceans and its coastal communities,https://www.econotimes.com/How-the-blue-economy-will-shape-the-future-of-Canadas-oceans--and-its-coastal-communities-1638484,econotimes.com,20220802T044500Z,English,United States
restoration of vegetated coastal ecosystems,blue carbon,"CF Industries Holdings , Inc . Reports First Half 2022 Net Earnings of $2 . 05 Billion , Adjusted EBITDA of $3 . 60 Billion","https://www.streetinsider.com/Business+Wire/CF+Industries+Holdings,+Inc.+Reports+First+Half+2022+Net+Earnings+of+$2.05+Billion,+Adjusted+EBITDA+of+$3.60+Billion/20396782.html",streetinsider.com,20220801T220000Z,English,United States
restoration of vegetated coastal ecosystems,blue carbon,Stock Market | Daily Herald,https://finance.dailyherald.com/dailyherald/article/bizwire-2022-8-1-cf-industries-holdings-inc-reports-first-half-2022-net-earnings-of-205-billion-adjusted-ebitda-of-360-billion,finance.dailyherald.com,20220801T213000Z,English,United States
restoration of vegetated coastal ecosystems,blue carbon,Stock Market,https://markets.buffalonews.com/buffnews/article/bizwire-2022-8-1-cf-industries-holdings-inc-reports-first-half-2022-net-earnings-of-205-billion-adjusted-ebitda-of-360-billion,markets.buffalonews.com,20220801T210000Z,English,United States
restoration of vegetated coastal ecosystems,blue carbon,Stock Market | FinancialContent Business Page,https://markets.financialcontent.com/stocks/article/bizwire-2022-8-1-cf-industries-holdings-inc-reports-first-half-2022-net-earnings-of-205-billion-adjusted-ebitda-of-360-billion,markets.financialcontent.com,20220801T210000Z,English,United States
restoration of vegetated coastal ecosystems,blue carbon,"Vantage partners UNHCR for global fundraising activity for refugees , matches donations dollar - for - dollar .",https://www.prnewswire.com/news-releases/vantage-partners-unhcr-for-global-fundraising-activity-for-refugees-matches-donations-dollar-for-dollar-301596712.html,prnewswire.com,20220801T163000Z,English,United States
restoration of vegetated coastal ecosystems,blue carbon,How the blue economy will shape the future of Canada oceans and its coastal communities,https://phys.org/news/2022-08-blue-economy-future-canada-oceansand.html,phys.org,20220801T151500Z,English,United States
restoration of vegetated coastal ecosystems,blue carbon,"Vantage partners UNHCR for global fundraising activity for refugees , matches donations dollar - for - dollar .",https://www.prnewswire.com:443/news-releases/vantage-partners-unhcr-for-global-fundraising-activity-for-refugees-matches-donations-dollar-for-dollar-301596712.html,prnewswire.com,20220801T094500Z,English,United States
restoration of vegetated coastal ecosystems,blue carbon,"Vantage partners UNHCR for global fundraising activity for refugees , matches donations dollar - for - dollar .",https://markets.businessinsider.com/news/stocks/vantage-partners-unhcr-for-global-fundraising-activity-for-refugees-matches-donations-dollar-for-dollar-1031634634,markets.businessinsider.com,20220801T094500Z,English,United States
restoration of vegetated coastal ecosystems,blue carbon,"Vantage partners UNHCR for global fundraising activity for refugees , matches donations dollar - for - dollar .",https://www.prnewswire.com:443/news-releases/vantage-partners-unhcr-for-global-fundraising-activity-for-refugees-matches-donations-dollar-for-dollar--857686589.html,prnewswire.com,20220801T094500Z,English,United States
restoration of vegetated coastal ecosystems,blue carbon,Council supports nationally recognised wetlands project,https://www.miragenews.com/council-supports-nationally-recognised-wetlands-828939/,miragenews.com,20220801T001500Z,English,United States
restoration of vegetated coastal ecosystems,blue carbon,POWER Digest [ December 2022 ],https://www.powermag.com/power-digest-december-2022/,powermag.com,20221201T064500Z,English,United States
restoration of vegetated coastal ecosystems,blue carbon,Orangutan Means  People of the Forest,https://consortiumnews.com/2022/11/30/orangutans-means-people-of-the-forest/,consortiumnews.com,20221201T054500Z,English,United States
restoration of vegetated coastal ecosystems,blue carbon,Carbon Offset Markets : Why Are Investors Jumping In ?,https://www.forbes.com/sites/robday/2022/11/29/carbon-offset-markets-why-are-investors-jumping-in/,forbes.com,20221129T233000Z,English,United States
restoration of vegetated coastal ecosystems,blue carbon,Saltmarsh ecosystems – helping to tackle climate change and protect coastal homes,https://www.miragenews.com/saltmarsh-ecosystems-helping-to-tackle-climate-905523/,miragenews.com,20221129T223000Z,English,United States
restoration of vegetated coastal ecosystems,blue carbon,Archax Partners With CIC For Institutional Voluntary Carbon Offsets - Explores Creation Of Digital Carbon Exchange For Top - Tier Project Investments In Nature - Based Solutions,https://mondovisione.com/media-and-resources/news/archax-partners-with-cic-for-institutional-voluntary-carbon-offsets-explores-c/,mondovisione.com,20221129T180000Z,English,United States
restoration of vegetated coastal ecosystems,blue carbon,Mary Kay Sustainability Project Featured in Economist Impact World Ocean Summit in Singapore,https://www.tmcnet.com/usubmit/2022/11/29/9721232.htm,tmcnet.com,20221129T174500Z,English,United States
restoration of vegetated coastal ecosystems,blue carbon,The Shark Savior : An Interview With Misión Tiburón Co - Founder Ilena Zanella,https://www.forbes.com/sites/jaredranahan/2022/11/29/the-shark-savior-an-interview-with-misin-tiburn-co-founder-ilena-zanella/,forbes.com,20221129T113000Z,English,United States
restoration of vegetated coastal ecosystems,blue carbon,Mangroves : Environmental guardians of our coastline,https://phys.org/news/2022-11-mangroves-environmental-guardians-coastline.html,phys.org,20221129T103000Z,English,United States
restoration of vegetated coastal ecosystems,blue carbon,Mangroves : environmental guardians of our coastline,https://www.miragenews.com/mangroves-environmental-guardians-of-our-904721/,miragenews.com,20221129T023000Z,English,United States
restoration of vegetated coastal ecosystems,blue carbon,Statements : Reactive Monitoring Mission to Great Barrier Reef,https://www.miragenews.com/statements-reactive-monitoring-mission-to-great-904546/,miragenews.com,20221128T211500Z,English,United States
restoration of vegetated coastal ecosystems,blue carbon,The Other Endangered Frontier of Subsea Mining : Brazil Blue Amazon,https://maritime-executive.com/editorials/the-other-endangered-frontier-of-subsea-mining-brazil-s-blue-amazon,maritime-executive.com,20221127T210000Z,English,United States
restoration of vegetated coastal ecosystems,blue carbon,The Other Endangered Frontier of Subsea Mining : Brazil Blue Amazon,https://www.maritime-executive.com/editorials/the-other-endangered-frontier-of-subsea-mining-brazil-s-blue-amazon,maritime-executive.com,20221127T204500Z,English,United States
restoration of vegetated coastal ecosystems,blue carbon,Proposed Coastal Conservancy Plan Would Tackle Climate Resiliency in CA,https://el-observador.com/2022/11/25/proposed-coastal-conservancy-plan-would-tackle-climate-resiliency-in-ca/,el-observador.com,20221125T204500Z,English,United States
restoration of vegetated coastal ecosystems,blue carbon,COP27 Climate Conference Achieved Some Progress for the Oceans,https://www.maritime-executive.com/article/cop27-climate-conference-achieved-some-progress-for-the-oceans,maritime-executive.com,20221125T030000Z,English,United States
restoration of vegetated coastal ecosystems,blue carbon,COP27 Climate Conference Achieved Some Progress for the Oceans,https://maritime-executive.com/article/cop27-climate-conference-achieved-some-progress-for-the-oceans,maritime-executive.com,20221124T233000Z,English,United States
restoration of vegetated coastal ecosystems,blue carbon,Press Release : British Airways customers can buy carbon removal credits,https://runwaygirlnetwork.com/2022/11/british-airways-purchase-carbon-removal-credits/,runwaygirlnetwork.com,20221124T184500Z,English,United States
restoration of vegetated coastal ecosystems,blue carbon,2022 - 11 - 22 | NEO : BCBN | Press Release,https://stockhouse.com/news/press-releases/2022/11/22/base-carbon-selected-by-danish-red-cross-as-partner-on-blue-carbon-projects,stockhouse.com,20221124T070000Z,English,United States
restoration of vegetated coastal ecosystems,blue carbon,Australian foreign minister to visit Bangladesh 23 November,https://www.miragenews.com/australian-foreign-minister-to-visit-bangladesh-901974/,miragenews.com,20221123T100000Z,English,United States
restoration of vegetated coastal ecosystems,blue carbon,Vantage and NEOM McLaren Extreme E make a splash for ESG at the Finance Magnates London Summit 2022,https://www.streetinsider.com/PRNewswire/Vantage+and+NEOM+McLaren+Extreme+E+make+a+splash+for+ESG+at+the+Finance+Magnates+London+Summit+2022/20885814.html,streetinsider.com,20221122T191500Z,English,United States
restoration of vegetated coastal ecosystems,blue carbon,Vantage and NEOM McLaren Extreme E make a splash for ESG at the Finance Magnates London Summit 2022,https://www.prnewswire.com/news-releases/vantage-and-neom-mclaren-extreme-e-make-a-splash-for-esg-at-the-finance-magnates-london-summit-2022-886911010.html,prnewswire.com,20221122T164500Z,English,United States
restoration of vegetated coastal ecosystems,blue carbon,Vantage and NEOM McLaren Extreme E make a splash for ESG at the Finance Magnates London Summit 2022,https://www.prnewswire.com:443/news-releases/vantage-and-neom-mclaren-extreme-e-make-a-splash-for-esg-at-the-finance-magnates-london-summit-2022-886911010.html,prnewswire.com,20221122T164500Z,English,United States
restoration of vegetated coastal ecosystems,blue carbon,Vantage and NEOM McLaren Extreme E make a splash for ESG at the Finance Magnates London Summit 2022,https://www.prnewswire.com/news-releases/vantage-and-neom-mclaren-extreme-e-make-a-splash-for-esg-at-the-finance-magnates-london-summit-2022-301685352.html,prnewswire.com,20221122T161500Z,English,United States
restoration of vegetated coastal ecosystems,blue carbon,Vantage and NEOM McLaren Extreme E make a splash for ESG at the Finance Magnates London Summit 2022,https://www.prnewswire.com:443/news-releases/vantage-and-neom-mclaren-extreme-e-make-a-splash-for-esg-at-the-finance-magnates-london-summit-2022-301685352.html,prnewswire.com,20221122T161500Z,English,United States
restoration of vegetated coastal ecosystems,blue carbon,Vantage and NEOM McLaren Extreme E make a splash for ESG at the Finance Magnates London Summit 2022,https://www.prnewswire.com/news-releases/vantage-and-neom-mclaren-extreme-e-make-a-splash-for-esg-at-the-finance-magnates-london-summit-2022-301685313.html,prnewswire.com,20221122T161500Z,English,United States
restoration of vegetated coastal ecosystems,blue carbon,Vantage and NEOM McLaren Extreme E make a splash for ESG at the Finance Magnates London Summit 2022,https://www.prnewswire.com:443/news-releases/vantage-and-neom-mclaren-extreme-e-make-a-splash-for-esg-at-the-finance-magnates-london-summit-2022-301685313.html,prnewswire.com,20221122T160000Z,English,United States
restoration of vegetated coastal ecosystems,blue carbon,SDGs : A framework for socially responsible universities,https://www.universityworldnews.com/post.php?story=20221121150134618,universityworldnews.com,20221121T170000Z,English,United States
restoration of vegetated coastal ecosystems,blue carbon,Bamboo and other climate change solutions in spotlight at COP 27,https://www.washingtonpost.com/technology/2022/11/11/cop27-climate-change-solutions/,washingtonpost.com,20221118T231500Z,English,United States
restoration of vegetated coastal ecosystems,blue carbon,Ralph Chami : What a living whale is worth -- and why the economy should protect nature,https://www.ted.com/talks/ralph_chami_what_a_living_whale_is_worth_and_why_the_economy_should_protect_nature,ted.com,20221118T210000Z,English,United States
restoration of vegetated coastal ecosystems,blue carbon,"Charting a green , resilient , and inclusive development path for Madagascar",https://blogs.worldbank.org/africacan/charting-green-resilient-and-inclusive-development-path-madagascar,blogs.worldbank.org,20221118T191500Z,English,United States
restoration of vegetated coastal ecosystems,blue carbon,Call for Proposals : Reporting on Marine Ecosystems and the Blue Economy in Belize,https://www2.fundsforngos.org/latest-funds-for-ngos/call-for-proposals-reporting-on-marine-ecosystems-and-the-blue-economy-in-belize/,fundsforngos.org,20221118T101500Z,English,United States
restoration of vegetated coastal ecosystems,blue carbon,Blue Carbon Venture Agrees First One Billion Tonne Carbon Removal Deal,https://www.azocleantech.com/news.aspx?newsID=32606,azocleantech.com,20221118T091500Z,English,United States
restoration of vegetated coastal ecosystems,blue carbon,Conference Report of  Innovation for Cool Earth Forum 9th Annual Meeting ( ICEF2022 ),https://goodmenproject.com/featured-content/conference-report-of-innovation-for-cool-earth-forum-9th-annual-meeting-icef2022/,goodmenproject.com,20221118T090000Z,English,United States
restoration of vegetated coastal ecosystems,blue carbon,"Delta Discussed its Coral Restoration Initiative , High Temperature - tolerant Coral Genes and Blue Carbon Topics with World - class Experts in the Action Hub of the COP27 Blue Zone",https://www.tmcnet.com/usubmit/2022/11/17/9716717.htm,tmcnet.com,20221118T051500Z,English,United States
restoration of vegetated coastal ecosystems,blue carbon,"Delta Discussed its Coral Restoration Initiative , High Temperature - tolerant Coral Genes and Blue Carbon Topics with World - class Experts in the Action Hub of the COP27 Blue Zone",https://www.prnewswire.com/news-releases/delta-discussed-its-coral-restoration-initiative-high-temperature-tolerant-coral-genes-and-blue-carbon-topics-with-world-class-experts-in-the-action-hub-of-the-cop27-blue-zone-301682359.html,prnewswire.com,20221118T044500Z,English,United States
restoration of vegetated coastal ecosystems,blue carbon,"Delta Discussed its Coral Restoration Initiative , High Temperature - tolerant Coral Genes and Blue Carbon Topics with World - class Experts in the Action Hub of the COP27 Blue Zone",https://www.prnewswire.com:443/news-releases/delta-discussed-its-coral-restoration-initiative-high-temperature-tolerant-coral-genes-and-blue-carbon-topics-with-world-class-experts-in-the-action-hub-of-the-cop27-blue-zone-301682359.html,prnewswire.com,20221118T040000Z,English,United States
restoration of vegetated coastal ecosystems,blue carbon,"Delta Discussed its Coral Restoration Initiative , High Temperature - tolerant Coral Genes and Blue Carbon Topics with World - class Experts in the Action Hub of the COP27 Blue Zone","https://www.streetinsider.com/PRNewswire/Delta+Discussed+its+Coral+Restoration+Initiative,+High+Temperature-tolerant+Coral+Genes+and+Blue+Carbon+Topics+with+World-class+Experts+in+the+Action+Hub+of+the+COP27+Blue+Zone/20872117.html",streetinsider.com,20221118T034500Z,English,United States
restoration of vegetated coastal ecosystems,blue carbon,Former NBA Champ Is Transforming The $11 Trillion Construction Industry,https://oilprice.com/Energy/Energy-General/Former-NBA-Champ-Is-Transforming-The-11-Trillion-Construction-Industry.html,oilprice.com,20221118T010000Z,English,United States
restoration of vegetated coastal ecosystems,blue carbon,Hexagon R - evolution enables blue carbon credits for the world largest seagrass ecosystem,https://www.einnews.com/pr_news/601167395/hexagon-s-r-evolution-enables-blue-carbon-credits-for-the-world-s-largest-seagrass-ecosystem,einnews.com,20221117T211500Z,English,United States
restoration of vegetated coastal ecosystems,blue carbon,How COP27 reached a deal that supports better monitoring of oceans to curb climate crisis,https://phys.org/news/2022-11-cop27-oceans-curb-climate-crisis.html,phys.org,20221117T181500Z,English,United States
restoration of vegetated coastal ecosystems,blue carbon,Progress Report on Implementing U . S . Efforts on Plan to Conserve Global Forests : Critical Carbon Sinks,https://www.miragenews.com/progress-report-on-implementing-us-efforts-on-898149/,miragenews.com,20221117T160000Z,English,United States
restoration of vegetated coastal ecosystems,blue carbon,UNWTO at COP27 : Uniting Tourism Around Tangible Climate Action Plans,https://www.miragenews.com/unwto-at-cop27-uniting-tourism-around-tangible-898093/,miragenews.com,20221117T133000Z,English,United States
restoration of vegetated coastal ecosystems,blue carbon,Thanksgiving Potato Recipes So Good Youll Forget About Turkey,https://www.sunset.com/food-wine/kitchen-assistant/thanksgiving-potato-recipes,sunset.com,20221117T133000Z,English,United States
restoration of vegetated coastal ecosystems,blue carbon,UNWTO at COP27 : Uniting Tourism Around Tangible Climate Action Plans,https://www.hospitalitynet.org/news/4113566.html,hospitalitynet.org,20221117T130000Z,English,United States
restoration of vegetated coastal ecosystems,blue carbon,Tamuwa CYNK Platform and Tolam Earth Announce New Marketplace Partnership for Digital Environmental Assets from COP27,https://www.einnews.com/pr_news/601742353/tamuwa-s-cynk-platform-and-tolam-earth-announce-new-marketplace-partnership-for-digital-environmental-assets-from-cop27,einnews.com,20221117T060000Z,English,United States
restoration of vegetated coastal ecosystems,blue carbon,Tamuwa CYNK Platform and Tolam Earth Announce New Marketplace Partnership for Digital Environmental Assets from COP27,https://www.tmcnet.com/usubmit/2022/11/16/9715399.htm,tmcnet.com,20221117T014500Z,English,United States
restoration of vegetated coastal ecosystems,blue carbon,Tamuwa CYNK Platform and Tolam Earth Announce New Marketplace Partnership for Digital Environmental Assets from COP27,https://www.prnewswire.com/news-releases/tamuwas-cynk-platform-and-tolam-earth-announce-new-marketplace-partnership-for-digital-environmental-assets-from-cop27-301680819.html,prnewswire.com,20221117T013000Z,English,United States
restoration of vegetated coastal ecosystems,blue carbon,Tamuwa CYNK Platform and Tolam Earth Announce New Marketplace Partnership for Digital Environmental Assets from COP27,http://www.itnewsonline.com/PRNewswire/Tamuwas-CYNK-Platform-and-Tolam-Earth-Announce-New-Marketplace-Partnership-for-Digital-Environmental-Assets-from-COP27/885465,itnewsonline.com,20221117T013000Z,English,United States
restoration of vegetated coastal ecosystems,blue carbon,Tamuwa CYNK Platform and Tolam Earth Announce New Marketplace Partnership for Digital Environmental Assets from COP27,https://www.streetinsider.com/PRNewswire/Tamuwas+CYNK+Platform+and+Tolam+Earth+Announce+New+Marketplace+Partnership+for+Digital+Environmental+Assets+from+COP27/20865195.html,streetinsider.com,20221117T013000Z,English,United States
restoration of vegetated coastal ecosystems,blue carbon,Tamuwa CYNK Platform and Tolam Earth Announce New Marketplace Partnership for Digital Environmental Assets from COP27,https://markets.businessinsider.com/news/stocks/tamuwa-s-cynk-platform-and-tolam-earth-announce-new-marketplace-partnership-for-digital-environmental-assets-from-cop27-1031920382,markets.businessinsider.com,20221117T011500Z,English,United States
restoration of vegetated coastal ecosystems,blue carbon,Tamuwa CYNK Platform and Tolam Earth Announce New Marketplace Partnership for Digital Environmental Assets from COP27,https://www.prnewswire.com:443/news-releases/tamuwas-cynk-platform-and-tolam-earth-announce-new-marketplace-partnership-for-digital-environmental-assets-from-cop27-301680819.html,prnewswire.com,20221117T010000Z,English,United States
restoration of vegetated coastal ecosystems,blue carbon,2023 Cadillac CT5 - V Blackwing Pricing Revealed,https://gmauthority.com/blog/2022/07/2023-cadillac-ct5-v-blackwing-pricing-revealed/,gmauthority.com,20221116T211500Z,English,United States
restoration of vegetated coastal ecosystems,blue carbon,This Is The 2022 Cadillac CT5 - V Blackwing,https://gmauthority.com/blog/2021/02/this-is-the-2022-cadillac-ct5-v-blackwing/comment-page-4/,gmauthority.com,20221116T211500Z,English,United States
restoration of vegetated coastal ecosystems,blue carbon,"Amid carbon capture headwinds , BRAC announces  carbon reduction  alliance | Business",https://www.theadvocate.com/baton_rouge/news/business/amid-carbon-capture-headwinds-brac-announces-carbon-reduction-alliance/article_fff17864-4fde-11ed-a7d4-53c14ea16f22.html,theadvocate.com,20221116T193000Z,English,United States
restoration of vegetated coastal ecosystems,blue carbon,U . S . Announcements on Ocean - Climate Action at COP27,https://www.miragenews.com/us-announcements-on-ocean-climate-action-at-897333/,miragenews.com,20221116T173000Z,English,United States
restoration of vegetated coastal ecosystems,blue carbon,Environment Secretary calls for action to protect and restore nature at COP27,https://www.miragenews.com/environment-secretary-calls-for-action-to-897060/,miragenews.com,20221116T130000Z,English,United States
restoration of vegetated coastal ecosystems,blue carbon,Towards Responsible and Informed Ocean - Based Carbon Dioxide Removal : Research and Governance Priorities,https://www.wri.org/research/responsible-informed-ocean-based-carbon-dioxide-removal,wri.org,20221116T071500Z,English,United States
restoration of vegetated coastal ecosystems,blue carbon,"On National Recycling Day , Eagle GO GREEN program knows no borders",https://www.philadelphiaeagles.com/news/national-recycling-day-eagles-go-green-program-knows-no-borders,philadelphiaeagles.com,20221115T224500Z,English,United States
restoration of vegetated coastal ecosystems,blue carbon,Holiday Gift Guide 2022 : The Best Cookware For Home Cooks,https://www.forbes.com/sites/katiebell/2022/11/15/holiday-gift-guide-2022-the-best-cookware-for-home-cooks/,forbes.com,20221115T190000Z,English,United States
restoration of vegetated coastal ecosystems,blue carbon,World Economic Forum Ocean 20 conference launched to provide engine for marine cooperation,https://www.seafoodsource.com/news/environment-sustainability/world-ocean-20-conference-held-in-bali-indonesia,seafoodsource.com,20221114T204500Z,English,United States
restoration of vegetated coastal ecosystems,blue carbon,"Mangrove forests wont be able to spread further in South Africa , so protecting them is crucial",https://phys.org/news/2022-11-mangrove-forests-wont-south-africa.html,phys.org,20221114T190000Z,English,United States
restoration of vegetated coastal ecosystems,blue carbon,"World Economic Forum , Indonesia Launch New Initiative to Support Sustainable Ocean Economy",https://www.miragenews.com/world-economic-forum-indonesia-launch-new-895023/,miragenews.com,20221114T110000Z,English,United States
restoration of vegetated coastal ecosystems,blue carbon,Hexagon R - evolution enables blue carbon credits for the world largest seagrass ecosystem,https://www.prnewswire.com/news-releases/hexagons-r-evolution-enables-blue-carbon-credits-for-the-worlds-largest-seagrass-ecosystem-301676648.html,prnewswire.com,20221114T101500Z,English,United States
restoration of vegetated coastal ecosystems,blue carbon,Hexagon R - evolution enables blue carbon credits for the world largest seagrass ecosystem,https://www.tmcnet.com/usubmit/2022/11/14/9711788.htm,tmcnet.com,20221114T083000Z,English,United States
restoration of vegetated coastal ecosystems,blue carbon,Hexagon R - evolution enables blue carbon credits for the world largest seagrass ecosystem,https://www.streetinsider.com/PRNewswire/Hexagons+R-evolution+enables+blue+carbon+credits+for+the+worlds+largest+seagrass+ecosystem/20838289.html,streetinsider.com,20221114T080000Z,English,United States
restoration of vegetated coastal ecosystems,blue carbon,Hexagon R - evolution enables blue carbon credits for the world largest seagrass ecosystem,https://www.prnewswire.com:443/news-releases/hexagons-r-evolution-enables-blue-carbon-credits-for-the-worlds-largest-seagrass-ecosystem-301676648.html,prnewswire.com,20221114T080000Z,English,United States
restoration of vegetated coastal ecosystems,blue carbon,Hydrogen rush could shift world energy order,http://www.msn.com/en-nz/news/national/hydrogen-rush-could-shift-world-energy-order/ar-AA143Mqw,msn.com,20221113T174500Z,English,United States
restoration of vegetated coastal ecosystems,blue carbon,"Friday , November 11Decarbonization Day – Food and Agriculture Pavilion",https://cop27foodpavilion.cgiar.org/daily_recaps/friday-november-11decarbonization-day/,cop27foodpavilion.cgiar.org,20221112T104500Z,English,United States
restoration of vegetated coastal ecosystems,blue carbon,Best Woks 2022,https://www.forbes.com/sites/forbes-personal-shopper/article/best-woks/,forbes.com,20221111T233000Z,English,United States
restoration of vegetated coastal ecosystems,blue carbon,Mary Kay Inc . Recognized in The Nature Conservancy 2022 Global Reefs Impact Report,https://www.tmcnet.com/usubmit/-mary-kay-inc-recognized-the-nature-conservancys-2022-/2022/11/10/9710949.htm,tmcnet.com,20221110T184500Z,English,United States
restoration of vegetated coastal ecosystems,blue carbon,Mary Kay Inc . Recognized in The Nature Conservancy 2022 Global Reefs Impact Report,https://www.tmcnet.com/usubmit/2022/11/10/9710949.htm,tmcnet.com,20221110T174500Z,English,United States
restoration of vegetated coastal ecosystems,blue carbon,Mary Kay Inc . Recognized in The Nature Conservancy 2022 Global Reefs Impact Report,https://www.streetinsider.com/Business+Wire/Mary+Kay+Inc.+Recognized+in+The+Nature+Conservancy%E2%80%99s+2022+Global+Reefs+Impact+Report/20831177.html,streetinsider.com,20221110T173000Z,English,United States
restoration of vegetated coastal ecosystems,blue carbon,A future - focused agenda for COP27,https://impactalpha.com/a-future-focused-agenda-for-cop27/,impactalpha.com,20221110T121500Z,English,United States
restoration of vegetated coastal ecosystems,blue carbon,"CSIRO , DFAT and Google Australia announce  blue carbon  project at COP27",https://www.miragenews.com/csiro-dfat-and-google-australia-announce-blue-893069/,miragenews.com,20221110T091500Z,English,United States
restoration of vegetated coastal ecosystems,blue carbon,2023 Cadillac CT5 - V Blackwing To Get Super Cruise : Exclusive,https://gmauthority.com/blog/2022/07/2023-cadillac-ct5-v-blackwing-to-get-super-cruise-exclusive/,gmauthority.com,20221109T211500Z,English,United States
restoration of vegetated coastal ecosystems,blue carbon,COP27 delivers €15 million to protect Egypt coral reefs - how will it help ?,http://www.euronews.com/green/2022/11/09/cop27-delivers-15-million-to-protect-egypts-coral-reefs-how-will-it-help,euronews.com,20221109T183000Z,English,United States
restoration of vegetated coastal ecosystems,blue carbon,World Economic Forum and Partners Launch Guide for Sustainable Ocean - based Carbon Markets at COP27,https://www.miragenews.com/world-economic-forum-and-partners-launch-guide-892221/,miragenews.com,20221109T161500Z,English,United States
restoration of vegetated coastal ecosystems,blue carbon,Blue carbon will be the next frontier of carbon crediting,https://www.greenbiz.com/article/blue-carbon-will-be-next-frontier-carbon-crediting,greenbiz.com,20221109T120000Z,English,United States
restoration of vegetated coastal ecosystems,blue carbon,Pew Among Organizations Making Expansive Commitment to Map Indian Ocean Seagrass,https://www.tmcnet.com/usubmit/2022/11/09/9709107.htm,tmcnet.com,20221109T111500Z,English,United States
restoration of vegetated coastal ecosystems,blue carbon,Pew Among Organizations Making Expansive Commitment to Map Indian Ocean Seagrass,https://www.prnewswire.com/news-releases/pew-among-organizations-making-expansive-commitment-to-map-indian-ocean-seagrass-301672452.html,prnewswire.com,20221109T103000Z,English,United States
restoration of vegetated coastal ecosystems,blue carbon,Pew Among Organizations Making Expansive Commitment to Map Indian Ocean Seagrass,https://www.prnewswire.com:443/news-releases/pew-among-organizations-making-expansive-commitment-to-map-indian-ocean-seagrass-301672452.html,prnewswire.com,20221109T101500Z,English,United States
restoration of vegetated coastal ecosystems,blue carbon,Xiaomi Android One Mi A3 disappoints with poor value and 720p display,https://www.talkandroid.com/342160-xiaomis-android-one-mi-a3-disappoints-with-poor-value-and-720p-display/,talkandroid.com,20221109T044500Z,English,United States
restoration of vegetated coastal ecosystems,blue carbon,"UAE , Indonesia unveil Mangrove Alliance for Climate at COP27",https://www.bignewsnetwork.com/news/273059152/uae-indonesia-unveil-mangrove-alliance-for-climate-at-cop27,bignewsnetwork.com,20221108T161500Z,English,United States
restoration of vegetated coastal ecosystems,blue carbon,9 Vegetarian Thanksgiving Recipes That Everyone Will Love,https://www.sunset.com/food-wine/holidays-occasions/vegetarian-thanksgiving-recipes,sunset.com,20221108T153000Z,English,United States
restoration of vegetated coastal ecosystems,blue carbon,Delta Attends COP27 UN Climate Change Conference and Hosts Official Side Event to Share its Solutions for Island Power Grid Resilience and its Coral Restoration Initiatives,https://www.prnewswire.com:443/news-releases/delta-attends-cop27-un-climate-change-conference-and-hosts-official-side-event-to-share-its-solutions-for-islands-power-grid-resilience-and-its-coral-restoration-initiatives-301671481.html,prnewswire.com,20221108T123000Z,English,United States
restoration of vegetated coastal ecosystems,blue carbon,Delta Attends COP27 UN Climate Change Conference and Hosts Official Side Event to Share its Solutions for Island Power Grid Resilience and its Coral Restoration Initiatives,https://www.prnewswire.com/news-releases/delta-attends-cop27-un-climate-change-conference-and-hosts-official-side-event-to-share-its-solutions-for-islands-power-grid-resilience-and-its-coral-restoration-initiatives-301671481.html,prnewswire.com,20221108T121500Z,English,United States
restoration of vegetated coastal ecosystems,blue carbon,Satellites help scientists track dramatic wetlands loss in Louisiana,https://phys.org/news/2022-11-satellites-scientists-track-wetlands-loss.html,phys.org,20221108T084500Z,English,United States
restoration of vegetated coastal ecosystems,blue carbon,Satellites Help Scientists Track Dramatic Wetlands Loss in Louisiana,https://www.jpl.nasa.gov/news/satellites-help-scientists-track-dramatic-wetlands-loss-in-louisiana,jpl.nasa.gov,20221107T234500Z,English,United States
restoration of vegetated coastal ecosystems,blue carbon,Why Marshlands Are the Perfect Lab for Studying Climate Change | Science,https://www.smithsonianmag.com/science-nature/marshlands-perfect-lab-studying-climate-change-180980992/,smithsonianmag.com,20221107T144500Z,English,United States
restoration of vegetated coastal ecosystems,blue carbon,Blue Crush : The Sea Could Save Us,https://www.outtraveler.com/news/2022/11/06/blue-crush-sea-could-save-us,outtraveler.com,20221106T114500Z,English,United States
restoration of vegetated coastal ecosystems,blue carbon,An underwater cavern is one of many safe havens that could help restore the marine world,https://localnews8.com/news/national-world/cnn-world/2022/11/05/an-underwater-cavern-is-one-of-many-safe-havens-that-could-help-restore-the-marine-world-2/,localnews8.com,20221105T224500Z,English,United States
restoration of vegetated coastal ecosystems,blue carbon,An underwater cavern is one of many safe havens that could help restore the marine world,https://localnews8.com/news/national-world/cnn-world/2022/11/05/an-underwater-cavern-is-one-of-many-safe-havens-that-could-help-restore-the-marine-world/,localnews8.com,20221105T224500Z,English,United States
restoration of vegetated coastal ecosystems,blue carbon,An underwater cavern is one of many safe havens that could help restore the marine world,https://www.rockdalenewtoncitizen.com/news/an-underwater-cavern-is-one-of-many-safe-havens-that-could-help-restore-the-marine/article_bededca4-d03b-5a58-8d91-7de44417cc0a.html,rockdalenewtoncitizen.com,20221105T173000Z,English,United States
restoration of vegetated coastal ecosystems,blue carbon,An underwater cavern is one of many safe havens that could help restore the marine world,https://www.wral.com/an-underwater-cavern-is-one-of-many-safe-havens-that-could-help-restore-the-marine-world/20557268/,wral.com,20221105T164500Z,English,United States
restoration of vegetated coastal ecosystems,blue carbon,$1M gift to conservation group to fund marsh protection,https://www.mainebiz.biz/article/1m-gift-to-conservation-group-to-fund-marsh-protection,mainebiz.biz,20221104T194500Z,English,United States
restoration of vegetated coastal ecosystems,blue carbon,"Carbon exchange CIX completes 250 , 000 tonne carbon credit auction",https://katcountry989.com/2022/11/04/carbon-exchange-cix-completes-250000-tonne-carbon-credit-auction/,katcountry989.com,20221104T073000Z,English,United States
restoration of vegetated coastal ecosystems,blue carbon,Talisker 44 - Year - Old  Forests of the Deep  Supports the Ocean With Oldest Release to Date,http://www.msn.com/en-us/travel/tripideas/talisker-44-year-old-forests-of-the-deep-supports-the-ocean-with-oldest-release-to-date/ar-AA13FJC9,msn.com,20221103T234500Z,English,United States
restoration of vegetated coastal ecosystems,blue carbon,Tiger Sharks Carry Cameras to Help Scientists Map Seagrass | Smart News,https://www.smithsonianmag.com/smart-news/tiger-sharks-help-scientists-map-out-worlds-largest-seagrass-ecosystem-180981065/,smithsonianmag.com,20221103T164500Z,English,United States
restoration of vegetated coastal ecosystems,blue carbon,Why ocean climate tech deserves more respect,https://www.greenbiz.com/article/why-ocean-climate-tech-deserves-more-respect,greenbiz.com,20221103T101500Z,English,United States
restoration of vegetated coastal ecosystems,blue carbon,Talisker 44 - Year - Old  Forests of the Deep  Supports the Ocean With Oldest Release to Date,http://www.msn.com/en-us/travel/tripideas/talisker-44-year-old-forests-of-the-deep-supports-the-ocean-with-oldest-release-to-date/ar-AA13G2H8,msn.com,20221103T030000Z,English,United States
restoration of vegetated coastal ecosystems,blue carbon,Climate change experts tour New Zealand coastal wetlands,https://www.miragenews.com/climate-change-experts-tour-new-zealands-887857/,miragenews.com,20221103T020000Z,English,United States
restoration of vegetated coastal ecosystems,blue carbon,Scientists equip sharks with scientific equipment and send them to study the world largest seagrass hotspot in The Bahamas,https://www.zmescience.com/science/news-science/scientists-equip-sharks-with-scientific-equipment-and-send-them-to-study-the-worlds-largest-seagrass-hotspot-in-the-bahamas/,zmescience.com,20221103T000000Z,English,United States
restoration of vegetated coastal ecosystems,blue carbon,"CF Industries ( CF ) Announces New $3B Share Buyback , Reports Q3","https://www.streetinsider.com/Corporate+News/CF+Industries+(CF)+Announces+New+$3B+Share+Buyback,+Reports+Q3/20787279.html",streetinsider.com,20221102T210000Z,English,United States
restoration of vegetated coastal ecosystems,blue carbon,Stock Market,https://markets.buffalonews.com/buffnews/article/bizwire-2022-11-2-cf-industries-holdings-inc-reports-first-nine-months-2022-net-earnings-of-249-billion-adjusted-ebitda-of-458-billion,markets.buffalonews.com,20221102T210000Z,English,United States
restoration of vegetated coastal ecosystems,blue carbon,Using tiger sharks to help estimate the size of a seagrass ecosystem in the Bahamas,https://phys.org/news/2022-11-tiger-sharks-size-seagrass-ecosystem.html,phys.org,20221102T151500Z,English,United States
restoration of vegetated coastal ecosystems,blue carbon,World Biggest Seagrass Forest Discovered by Scientists,https://www.newsweek.com/biggest-seagrass-forest-ecosystem-carbon-bahamas-1755362,newsweek.com,20221101T164500Z,English,United States
restoration of vegetated coastal ecosystems,blue carbon,Ministry of Climate Change and Environment holds 6th National Dialogue for Climate Ambition,https://www.bignewsnetwork.com/news/273021006/ministry-of-climate-change-and-environment-holds-6th-national-dialogue-for-climate-ambition,bignewsnetwork.com,20221101T123000Z,English,United States
restoration of vegetated coastal ecosystems,blue carbon,15 Thanksgiving Menus,https://www.sunset.com/food-wine/holidays-occasions/thanksgiving-menus-recipes,sunset.com,20221101T051500Z,English,United States
restoration of vegetated coastal ecosystems,blue carbon,Thanksgiving Pie Recipes That Arent All Pumpkin,https://www.sunset.com/food-wine/kitchen-assistant/thanksgiving-pie-recipes,sunset.com,20221101T051500Z,English,United States
restoration of vegetated coastal ecosystems,blue carbon,The Essential Kitchen Tools for Thanksgiving,https://www.sunset.com/food-wine/holidays-occasions/essential-kitchen-tools-for-thanksgiving,sunset.com,20221101T051500Z,English,United States
restoration of vegetated coastal ecosystems,blue carbon,Seaweed Is the Climate and World Hunger Solution We Need,https://mymodernmet.com/seaweed-farming/,mymodernmet.com,20221231T144500Z,English,United States
restoration of vegetated coastal ecosystems,blue carbon,Voluntary Offset Markets For Carbon ( and Other GHGs ) - Climate Change,https://www.mondaq.com/climate-change/1265956/voluntary-offset-markets-for-carbon-and-other-ghgs,mondaq.com,20221230T104500Z,English,United States
restoration of vegetated coastal ecosystems,blue carbon,California is embracing the wrong strategy for carbon sequestration . Why not algae ? | Guest Commentary,https://santamariatimes.com/opinion/guest/california-is-embracing-the-wrong-strategy-for-carbon-sequestration-why-not-algae-guest-commentary/article_7903fb50-dbbe-5fbf-a075-89127c3d9d13.html,santamariatimes.com,20221230T093000Z,English,United States
restoration of vegetated coastal ecosystems,blue carbon,California is embracing the wrong strategy for carbon sequestration . Why not algae ? | Guest Commentary,https://lompocrecord.com/opinion/columnists/california-is-embracing-the-wrong-strategy-for-carbon-sequestration-why-not-algae-guest-commentary/article_e92ee8b5-05ca-522e-bd74-f412348429ce.html,lompocrecord.com,20221230T083000Z,English,United States
restoration of vegetated coastal ecosystems,blue carbon,California is embracing the wrong strategy for carbon sequestration . Why not algae ? | Guest Commentary,https://hanfordsentinel.com/opinion/columnists/california-is-embracing-the-wrong-strategy-for-carbon-sequestration-why-not-algae-guest-commentary/article_3d1e189a-cfb3-581a-8ce4-6ebe6a831760.html,hanfordsentinel.com,20221230T061500Z,English,United States
restoration of vegetated coastal ecosystems,blue carbon,European Commission RFPs : Ocean and Coastal Waters Carbon and Biodiversity - Rich Ecosystems and Habitats,https://www2.fundsforngos.org/latest-funds-for-ngos/european-commission-rfps-ocean-and-coastal-waters-carbon-and-biodiversity-rich-ecosystems-and-habitats/,fundsforngos.org,20221229T130000Z,English,United States
restoration of vegetated coastal ecosystems,blue carbon,The role of whales as carbon sinks explored in new paper,https://www.peninsulaclarion.com/news/the-role-of-whales-as-carbon-sinks-explored-in-new-paper/,peninsulaclarion.com,20221229T121500Z,English,United States
restoration of vegetated coastal ecosystems,blue carbon,Wanted : A Sea - change in Climate Finance for Oceans,http://www.maritimeprofessional.com/news/wanted-change-climate-finance-oceans-381802,maritimeprofessional.com,20221228T170000Z,English,United States
restoration of vegetated coastal ecosystems,blue carbon,Wanted : A Sea - Change In Climate Finance For Oceans,https://www.marinetechnologynews.com/news/wanted-change-climate-finance-624915,marinetechnologynews.com,20221228T151500Z,English,United States
restoration of vegetated coastal ecosystems,blue carbon,Wanted : A Sea - Change In Climate Finance For Oceans,https://www.marinelink.com/news/wanted-a-seachange-climate-finance-oceans-501851,marinelink.com,20221228T150000Z,English,United States
restoration of vegetated coastal ecosystems,blue carbon,This Sleek RV Could Be Your New Luxury Condo on Wheels,https://news.yahoo.com/sleek-rv-could-luxury-condo-220000095.html,news.yahoo.com,20221227T224500Z,English,United States
restoration of vegetated coastal ecosystems,blue carbon,Voluntary offset markets for carbon ( and other GHGs ),https://www.lexology.com/library/detail.aspx?g=3115aa86-985e-4756-9665-f9b18081264a,lexology.com,20221227T164500Z,English,United States
restoration of vegetated coastal ecosystems,blue carbon,"The Best Year - End Home Sales to Shop Right Now : West Elm , KitchenAid , and More",https://www.apartmenttherapy.com/year-end-home-sales-2022-37203532,apartmenttherapy.com,20221227T141500Z,English,United States
restoration of vegetated coastal ecosystems,blue carbon,Community briefs,https://www.somdnews.com/enterprise/community/briefs/community-briefs/article_b3600307-2157-5f85-b8c2-1a3228f0e341.html,somdnews.com,20221226T161500Z,English,United States
restoration of vegetated coastal ecosystems,blue carbon,Hidden Worlds and The Islands of The Bahamas Bringing Awareness to Ocean Conservation,https://sflcn.com/hidden-worlds-islands-of-the-bahamas-bringing-awareness-to-ocean-conservation/,sflcn.com,20221225T051500Z,English,United States
restoration of vegetated coastal ecosystems,blue carbon,Cadillac CT5 - V Blackwing Gets Car And Driver 2023 10Best Nod,https://gmauthority.com/blog/2022/12/cadillac-ct5-v-blackwing-wins-car-and-driver-2023-10best-award/,gmauthority.com,20221223T060000Z,English,United States
restoration of vegetated coastal ecosystems,blue carbon,Community briefs,https://www.somdnews.com/enterprise/community/briefs/community-briefs/article_022a1360-d016-5bfe-b7a2-8b7eaa4d016a.html,somdnews.com,20221222T230000Z,English,United States
restoration of vegetated coastal ecosystems,blue carbon,Indonesia  blue carbon credit are crucial for global climate mitigation . Here how to help them flourish,https://phys.org/news/2022-12-indonesia-blue-carbon-credits-crucial.html,phys.org,20221222T181500Z,English,United States
restoration of vegetated coastal ecosystems,blue carbon,Vertagear SL5800 Gaming Chair Review : Aggressive Style,https://www.tomshardware.com/reviews/vertagear-sl5800-gaming-chair,tomshardware.com,20221222T173000Z,English,United States
restoration of vegetated coastal ecosystems,blue carbon,Limited edition Ford GT highlights carbon fiber aesthetics,https://www.compositesworld.com:443/news/limited-edition-ford-gt-highlights-carbon-fiber-aesthetics,compositesworld.com,20221221T180000Z,English,United States
restoration of vegetated coastal ecosystems,blue carbon,California embracing wrong strategy for carbon sequestration | Forum,https://www.sfexaminer.com/our_sections/forum/california-embracing-wrong-strategy-for-carbon-sequestration/article_2844a63e-809e-11ed-855e-1f99ca2cd573.html,sfexaminer.com,20221221T024500Z,English,United States
restoration of vegetated coastal ecosystems,blue carbon,Perth waterways benefit from Community Rivercare Program grants,https://www.miragenews.com/perth-waterways-benefit-from-community-919453/,miragenews.com,20221220T021500Z,English,United States
restoration of vegetated coastal ecosystems,blue carbon,Deakin new centres supercharge environment and sustainability research,https://www.miragenews.com/deakins-new-centres-supercharge-environment-and-918603/,miragenews.com,20221219T024500Z,English,United States
restoration of vegetated coastal ecosystems,blue carbon,Talisker Announces New 44 - Year - Old Forests Of The Deep Single Malt Scotch Whisky,https://www.bevnet.com/news/2022/talisker-announces-new-44-year-old-forests-of-the-deep-single-malt-scotch-whisky,bevnet.com,20221217T004500Z,English,United States
restoration of vegetated coastal ecosystems,blue carbon,The MICADAS touch carbon dating for climate solutions,https://news.yale.edu/2022/12/16/micadas-touch-carbon-dating-climate-solutions,news.yale.edu,20221216T231500Z,English,United States
restoration of vegetated coastal ecosystems,blue carbon,CalMatters Commentary : State embraces wrong strategy for carbon sequestration . Why not algae ?,https://www.dailyrepublic.com/all-dr-news/opinion/local-opinion-columnists/calmatters-commentary-state-embraces-wrong-strategy-for-carbon-sequestration-why-not-algae/,dailyrepublic.com,20221216T163000Z,English,United States
restoration of vegetated coastal ecosystems,blue carbon,Highlighting U . S . Efforts to Combat the Biodiversity Crisis,https://uspolitics.einnews.com/pr_news/606534565/highlighting-u-s-efforts-to-combat-the-biodiversity-crisis,uspolitics.einnews.com,20221216T003000Z,English,United States
restoration of vegetated coastal ecosystems,blue carbon,Energy Security Concerns Fuel Boom In Renewable Capacity,https://oilprice.com/Alternative-Energy/Renewable-Energy/Energy-Security-Concerns-Fuel-Boom-In-Renewable-Capacity.html,oilprice.com,20221215T213000Z,English,United States
restoration of vegetated coastal ecosystems,blue carbon,U . S . Tackles Biodiversity Crisis with Action,https://www.miragenews.com/us-tackles-biodiversity-crisis-with-action-917175/,miragenews.com,20221215T204500Z,English,United States
restoration of vegetated coastal ecosystems,blue carbon,Enhancing Regional Sustainability With Kathleen Hurley of the Port of Seattle | K & L Gates LLP,https://www.jdsupra.com/legalnews/enhancing-regional-sustainability-with-8535889/,jdsupra.com,20221215T203000Z,English,United States
restoration of vegetated coastal ecosystems,blue carbon,Request for Startups : Climate Tech,https://www.ycombinator.com/blog/rfs-climatetech,ycombinator.com,20221215T181500Z,English,United States
restoration of vegetated coastal ecosystems,blue carbon,Urchin farming company gets world first blue carbon credit for kelp,https://www.seafoodsource.com/news/environment-sustainability/urchin-farming-company-gets-world-first-blue-carbon-credit-for-kelp,seafoodsource.com,20221215T151500Z,English,United States
restoration of vegetated coastal ecosystems,blue carbon,California is embracing the wrong strategy for carbon sequestration . Why not algae ?,https://www.einnews.com/pr_news/606329375/california-is-embracing-the-wrong-strategy-for-carbon-sequestration-why-not-algae,einnews.com,20221215T004500Z,English,United States
restoration of vegetated coastal ecosystems,blue carbon,Marine Mining : What is it and Why is it so Controversial ?,http://www.latinamericanpost.com/42927-marine-mining-what-is-it-and-why-is-it-so-controversial,latinamericanpost.com,20221214T123000Z,English,United States
restoration of vegetated coastal ecosystems,blue carbon,Urchinomics secures world first kelp restoration blue carbon credits,https://www.undercurrentnews.com/2022/12/14/urchinomics-secures-worlds-first-kelp-restoration-blue-carbon-credits/,undercurrentnews.com,20221214T111500Z,English,United States
restoration of vegetated coastal ecosystems,blue carbon,arena To Debut The Calypso Bay Limited Edition Racing Collection In Melbourne,https://swimswam.com/arena-to-debut-the-calypso-bay-limited-edition-racing-collection-in-melbourne/,swimswam.com,20221213T230000Z,English,United States
restoration of vegetated coastal ecosystems,blue carbon,"Realscreen » Archive » Tangled Bank Studios , Make Waves partner for doc on blue carbon ecosystems",https://realscreen.com/2022/12/13/tangled-bank-studios-make-waves-partner-for-doc-on-blue-carbon-ecosystems/,realscreen.com,20221213T181500Z,English,United States
restoration of vegetated coastal ecosystems,blue carbon,An evolving voluntary carbon market - Environmental Finance,https://www.environmental-finance.com/content/awards/annual-market-rankings-2022/corporate-statements/an-evolving-voluntary-carbon-market.html,environmental-finance.com,20221213T154500Z,English,United States
restoration of vegetated coastal ecosystems,blue carbon,arena to debut the Calypso Bay Limited Edition racing collection in Melbourne,https://markets.businessinsider.com/news/stocks/arena-to-debut-the-calypso-bay-limited-edition-racing-collection-in-melbourne-1031969234,markets.businessinsider.com,20221213T143000Z,English,United States
restoration of vegetated coastal ecosystems,blue carbon,European Commission Lays the Foundation for First EU - wide Carbon Removal Framework,https://www.lexology.com/library/detail.aspx?g=1a0d7234-be16-4d9f-80dd-12fda270a47f,lexology.com,20221213T110000Z,English,United States
restoration of vegetated coastal ecosystems,blue carbon,Inside the next phase of research into benefits of eelgrass in San Diego Bay,https://www.cbs8.com/article/news/local/outreach/earth8/the-next-phase-of-research-into-benefits-of-eelgrass-in-san-diego/509-e20945a2-2948-49f4-8c39-a23ddc789ee0,cbs8.com,20221213T050000Z,English,United States
restoration of vegetated coastal ecosystems,blue carbon,"Tidal restoration to coastal wetlands reduces greenhouse emissions , study finds",https://phys.org/news/2022-12-tidal-coastal-wetlands-greenhouse-emissions.html,phys.org,20221212T191500Z,English,United States
restoration of vegetated coastal ecosystems,blue carbon,Integrating biodiversity and development,https://blogs.worldbank.org/voices/integrating-biodiversity-and-development,blogs.worldbank.org,20221212T181500Z,English,United States
restoration of vegetated coastal ecosystems,blue carbon,The Expressionist : The First - Ever BMW XM,https://www.heraldglobe.com/news/273195436/the-expressionist-the-first-ever-bmw-xm,heraldglobe.com,20221212T100000Z,English,United States
restoration of vegetated coastal ecosystems,blue carbon,The Expressionist : The First - Ever BMW XM,https://www.laosnews.net/news/273195436/the-expressionist-the-first-ever-bmw-xm,laosnews.net,20221212T061500Z,English,United States
restoration of vegetated coastal ecosystems,blue carbon,New CSIRO report assesses Australia carbon sequestration potential,https://www.miragenews.com/new-csiro-report-assesses-australias-carbon-913309/,miragenews.com,20221211T193000Z,English,United States
restoration of vegetated coastal ecosystems,blue carbon,Seagrass is Key in Fighting Climate Change : How to Save it,https://impakter.com/seagrass-is-key-in-fighting-climate-change-how-to-save-it/,impakter.com,20221210T153000Z,English,United States
restoration of vegetated coastal ecosystems,blue carbon,Maserati MC20 With Carbon Bodykit Looks More Like A Special Edition Than A Tune,https://www.carscoops.com/2022/12/maserati-mc20-with-carbon-bodykit-looks-more-like-a-special-edition-than-a-tune/,carscoops.com,20221210T120000Z,English,United States
restoration of vegetated coastal ecosystems,blue carbon,"Trafigura Group Pte Ltd revenues and profits up significantly , despite curtailment of Russian trade",https://www.proactiveinvestors.com/companies/news/1000806/trafigura-revenues-and-profits-up-significantly-despite-curtailment-of-russian-trade-1000806.html,proactiveinvestors.com,20221209T164500Z,English,United States
restoration of vegetated coastal ecosystems,blue carbon,Leader of Dawoodi Bohra community supports Abu Dhabi Mangrove Initiative,https://www.bignewsnetwork.com/news/273183086/leader-of-dawoodi-bohra-community-supports-abu-dhabi-mangrove-initiative,bignewsnetwork.com,20221209T151500Z,English,United States
restoration of vegetated coastal ecosystems,blue carbon,How Seychelles ocean plants could help tackle climate change,https://news.yahoo.com/seychelles-ocean-plants-could-help-004233552.html,news.yahoo.com,20221209T013000Z,English,United States
restoration of vegetated coastal ecosystems,blue carbon,NASA scientists map global salt marsh losses and their carbon impact,https://phys.org/news/2022-12-nasa-scientists-global-salt-marsh.html,phys.org,20221208T173000Z,English,United States
restoration of vegetated coastal ecosystems,blue carbon,Someone Liked BAPE Fashion Brand So Much That He Had Pagani Make Him A Matching Huayra,https://www.carscoops.com/2022/12/someone-liked-bape-fashion-brand-so-much-that-he-had-pagani-make-him-a-matching-huayra/,carscoops.com,20221208T133000Z,English,United States
restoration of vegetated coastal ecosystems,blue carbon,7 Design House Releases Limited Production Aerodynamic Performance Kit ARIA Designed for the Maserati MC20,https://www.prnewswire.com/news-releases/7-design-house-releases-limited-production-aerodynamic-performance-kit-aria-designed-for-the-maserati-mc20-301697824.html,prnewswire.com,20221208T130000Z,English,United States
restoration of vegetated coastal ecosystems,blue carbon,7 Design House Releases Limited Production Aerodynamic Performance Kit ARIA Designed for the Maserati MC20,https://www.prnewswire.com:443/news-releases/7-design-house-releases-limited-production-aerodynamic-performance-kit-aria-designed-for-the-maserati-mc20-301697824.html,prnewswire.com,20221208T124500Z,English,United States
restoration of vegetated coastal ecosystems,blue carbon,Ocean Calls podcast : Can we turn back time and restore our oceans ?,http://www.euronews.com/green/2022/12/08/ocean-calls-podcast-can-we-turn-back-time-and-restore-our-oceans,euronews.com,20221208T114500Z,English,United States
restoration of vegetated coastal ecosystems,blue carbon,Louisiana First Horizon Foundation Supports Blue Carbon Progress,https://www.prnewswire.com/news-releases/louisiana-first-horizon-foundation-supports-blue-carbon-progress-301697492.html,prnewswire.com,20221207T194500Z,English,United States
restoration of vegetated coastal ecosystems,blue carbon,Louisiana First Horizon Foundation Supports Blue Carbon Progress,https://markets.businessinsider.com/news/stocks/louisiana-first-horizon-foundation-supports-blue-carbon-progress-1031958762,markets.businessinsider.com,20221207T194500Z,English,United States
restoration of vegetated coastal ecosystems,blue carbon,Louisiana First Horizon Foundation Supports Blue Carbon Progress,https://www.streetinsider.com/PRNewswire/Louisiana+First+Horizon+Foundation+Supports+Blue+Carbon+Progress/20943661.html,streetinsider.com,20221207T193000Z,English,United States
restoration of vegetated coastal ecosystems,blue carbon,Louisiana First Horizon Foundation Supports Blue Carbon Progress,https://www.prnewswire.com:443/news-releases/louisiana-first-horizon-foundation-supports-blue-carbon-progress-301697492.html,prnewswire.com,20221207T193000Z,English,United States
restoration of vegetated coastal ecosystems,blue carbon,JetBlue Announces Science - Based Emissions Reduction Target and Strategy To Achieve Net Zero by 2040,http://www.justmeans.com/press-release/jetblue-announces-science-based-emissions-reduction-target-and-strategy-to-achieve-net,justmeans.com,20221206T194500Z,English,United States
restoration of vegetated coastal ecosystems,blue carbon,JetBlue Announces Science - based Emissions Reduction Target and Strategy to Achieve Net Zero by 2040,https://www.businesswire.com/news/home/20221206005740/en/JetBlue-Announces-Science-based-Emissions-Reduction-Target-and-Strategy-to-Achieve-Net-Zero-by-2040,businesswire.com,20221206T191500Z,English,United States
restoration of vegetated coastal ecosystems,blue carbon,Wildcoast brings conservation efforts to Del Mar community,https://www.delmartimes.net/news/story/2022-12-06/wildcoast-brings-conservation-efforts-to-del-mar-community,delmartimes.net,20221206T163000Z,English,United States
restoration of vegetated coastal ecosystems,blue carbon,Everglades Foundation names 2022 scholars,https://news.fiu.edu/2022/everglades-foundation-names-2022-scholars,news.fiu.edu,20221206T143000Z,English,United States
restoration of vegetated coastal ecosystems,blue carbon,7 opportunities to strengthen ocean - based action in climate strategies,https://www.greenbiz.com/article/7-opportunities-strengthen-ocean-based-action-climate-strategies,greenbiz.com,20221206T114500Z,English,United States
restoration of vegetated coastal ecosystems,blue carbon,"Mangroves Dubbed Voracious Shoreline Guardians , With High Metal Tolerance in Contaminated Environments",https://www.natureworldnews.com/articles/54396/20221201/mangroves-dubbed-voracious-shoreline-guardians-high-metal-tolerance-contaminated-environments.htm,natureworldnews.com,20221202T163000Z,English,United States
restoration of vegetated coastal ecosystems,blue carbon,POWER Digest [ December 2022 ],https://www.powermag.com/power-digest-december-2022/,powermag.com,20221201T064500Z,English,United States
restoration of vegetated coastal ecosystems,blue carbon,Orangutan Means  People of the Forest,https://consortiumnews.com/2022/11/30/orangutans-means-people-of-the-forest/,consortiumnews.com,20221201T054500Z,English,United States
restoration of vegetated coastal ecosystems,blue carbon,MEDIA ADVISORY : Canada plan to protect 30 per cent of its oceans by 2030 set sail at IMPAC5 in Vancouver,https://www.streetinsider.com/Globe+Newswire/MEDIA+ADVISORY:+Canada%E2%80%99s+plan+to+protect+30+per+cent+of+its+oceans+by+2030+set+sail+at+IMPAC5+in+Vancouver/21145874.html,streetinsider.com,20230201T184500Z,English,United States
restoration of vegetated coastal ecosystems,blue carbon,MEDIA ADVISORY : Canada plan to protect 30 per cent of its,https://www.globenewswire.com/news-release/2023/02/01/2599734/0/en/MEDIA-ADVISORY-Canada-s-plan-to-protect-30-per-cent-of-its-oceans-by-2030-set-sail-at-IMPAC5-in-Vancouver.html,globenewswire.com,20230201T161500Z,English,United States
restoration of vegetated coastal ecosystems,blue carbon,"To Best Fight Climate Change ,  Blue Carbon  Habitats Must First Survive It",https://www.pewtrusts.org/en/research-and-analysis/articles/2023/01/31/to-best-fight-climate-change-blue-carbon-habitats-must-first-survive-it,pewtrusts.org,20230131T161500Z,English,United States
restoration of vegetated coastal ecosystems,blue carbon,One - Of - One $6m Bugatti Chiron Profilée Is Up For Auction In Paris This Week,https://www.forbes.com/sites/alistaircharlton/2023/01/31/one-of-one-6m-bugatti-chiron-profile-is-up-for-auction-in-paris-this-week/,forbes.com,20230131T090000Z,English,United States
restoration of vegetated coastal ecosystems,blue carbon,One - Off Chiron Profilée Is Your Last Chance To Get A W16 Bugatti Before The End,https://www.carscoops.com/2023/01/one-off-chiron-profilee-is-your-last-chance-to-get-a-w16-bugatti-before-the-end/,carscoops.com,20230130T210000Z,English,United States
restoration of vegetated coastal ecosystems,blue carbon,ClimeCo Acquires 3GreenTree To Enrich Ecosystems Around The World,https://www.pollutiononline.com/doc/climeco-acquires-greentree-to-enrich-ecosystems-around-the-world-0001,pollutiononline.com,20230130T161500Z,English,United States
restoration of vegetated coastal ecosystems,blue carbon,Senken Raises USD $7 . 5M in Funding,https://www.finsmes.com/2023/01/senken-raises-usd-7-5m-in-funding.html,finsmes.com,20230127T151500Z,English,United States
restoration of vegetated coastal ecosystems,blue carbon,Lead2030 Challenge for SDG 14 Supported by Credit Suisse,https://www2.fundsforngos.org/sustainable-development/lead2030-challenge-for-sdg-14-supported-by-credit-suisse/,fundsforngos.org,20230127T111500Z,English,United States
restoration of vegetated coastal ecosystems,blue carbon,1 of 2 Raw Aluminum Tailor Made 2019 Ferrari 488 Spider For Sale,https://blog.dupontregistry.com/ferrari/1-of-2-raw-aluminum-tailor-made-2019-ferrari-488-spider-for-sale/,blog.dupontregistry.com,20230126T224500Z,English,United States
restoration of vegetated coastal ecosystems,blue carbon,What is blue carbon and how can it help fight climate change ?,https://phys.org/news/2023-01-blue-carbon-climate.html,phys.org,20230126T174500Z,English,United States
restoration of vegetated coastal ecosystems,blue carbon,Senken Raises USD $7 . 5 Million to Streamline and Expand Carbon Markets Offerings to the Global Climate Economy,https://www.prnewswire.com/news-releases/senken-raises-usd-7-5-million-to-streamline-and-expand-carbon-markets-offerings-to-the-global-climate-economy-301731154.html,prnewswire.com,20230126T133000Z,English,United States
restoration of vegetated coastal ecosystems,blue carbon,Bahamas Tourism and Hidden Worlds launch student art contest,https://eturbonews.com/bahamas-tourism-and-hidden-worlds-launch-student-art-contest/,eturbonews.com,20230125T201500Z,English,United States
restoration of vegetated coastal ecosystems,blue carbon,What Is Blue Carbon and How Can It Help Fight Climate Change ?,https://news.climate.columbia.edu/2023/01/25/what-is-blue-carbon-and-how-can-it-help-fight-climate-change/,news.climate.columbia.edu,20230125T154500Z,English,United States
restoration of vegetated coastal ecosystems,blue carbon,ClimeCo Acquires 3GreenTree To Enrich Ecosystems Around the World,https://www.prnewswire.com/news-releases/climeco-acquires-3greentree-to-enrich-ecosystems-around-the-world-301729683.html,prnewswire.com,20230125T151500Z,English,United States
restoration of vegetated coastal ecosystems,blue carbon,DeSantis is using nature to fight climate change,https://www.washingtonexaminer.com/restoring-america/faith-freedom-self-reliance/desantis-is-using-nature-to-fight-climate-change,washingtonexaminer.com,20230125T140000Z,English,United States
restoration of vegetated coastal ecosystems,blue carbon,Stuck with a gas stove ? Here how to protect your health,https://news.yahoo.com/stuck-gas-stove-heres-protect-083000162.html,news.yahoo.com,20230125T103000Z,English,United States
restoration of vegetated coastal ecosystems,blue carbon,Community briefs,https://www.somdnews.com/enterprise/community/briefs/community-briefs/article_2cd4f21b-af26-5ea5-80eb-06b5ff5721ab.html,somdnews.com,20230124T181500Z,English,United States
restoration of vegetated coastal ecosystems,blue carbon,BRENTWOOD HOME CELEBRATES PRESIDENT DAY WITH EPIC SAVINGS,https://www.prnewswire.com/news-releases/brentwood-home-celebrates-presidents-day-with-epic-savings-301729389.html,prnewswire.com,20230124T161500Z,English,United States
restoration of vegetated coastal ecosystems,blue carbon,The POWER Interview : Abu Dhabi Plan for Renewable Energy in the UAE,https://www.powermag.com/the-power-interview-abu-dhabis-plan-for-renewable-energy-in-the-uae/,powermag.com,20230124T161500Z,English,United States
restoration of vegetated coastal ecosystems,blue carbon,Vantage unveils Supercar Blondie as Brand Ambassador,https://dominicanrepublicpost.com/vantage-unveils-supercar-blondie-as-brand-ambassador/,dominicanrepublicpost.com,20230124T141500Z,English,United States
restoration of vegetated coastal ecosystems,blue carbon,Davos 2023 : 5 Takeaways for Companies Engaged in the Climate Fight - Sustainable Brands,https://sustainablebrands.com/read/finance-investment/davos-2023-5-takeaways-for-companies-engaged-in-the-climate-fight,sustainablebrands.com,20230123T221500Z,English,United States
restoration of vegetated coastal ecosystems,blue carbon,"UNWTO at FITUR 2023 : Investing in a Diverse , Sustainable Future for Tourism",https://www.hospitalitynet.org/news/4114580.html,hospitalitynet.org,20230123T131500Z,English,United States
restoration of vegetated coastal ecosystems,blue carbon,"CF Industries Signs MOU With JERA For Supply Of Up To 500 , 000 Metric Tonnes Per Year Of Clean Ammonia",https://www.chemicalonline.com/doc/cf-industries-signs-mou-with-jera-for-supply-of-up-to-metric-tonnes-per-year-of-clean-ammonia-0001,chemicalonline.com,20230123T120000Z,English,United States
restoration of vegetated coastal ecosystems,blue carbon,Live updates | World Economic Forum gathering in Davos,https://www.argus-press.com/news/national/article_a9767120-a0fd-5daf-af74-93ffc9a87b69.html,argus-press.com,20230123T093000Z,English,United States
restoration of vegetated coastal ecosystems,blue carbon,Vantage unveils Supercar Blondie as Brand Ambassador,https://www.prnewswire.com/in/news-releases/vantage-unveils-supercar-blondie-as-brand-ambassador-301724684.html,prnewswire.com,20230122T070000Z,English,United States
restoration of vegetated coastal ecosystems,blue carbon,Protecting and regenerating tropical mangroves,https://phys.org/news/2023-01-regenerating-tropical-mangroves.html,phys.org,20230120T190000Z,English,United States
restoration of vegetated coastal ecosystems,blue carbon,UNWTO Investing in Sustainable Tourism at FITUR 2023,https://www.miragenews.com/unwto-investing-in-sustainable-tourism-at-fitur-932694/,miragenews.com,20230120T164500Z,English,United States
restoration of vegetated coastal ecosystems,blue carbon,"Speed , Cooperation and Resilience Can Mend Fragmented World",https://www.miragenews.com/speed-cooperation-and-resilience-can-mend-932627/,miragenews.com,20230120T153000Z,English,United States
restoration of vegetated coastal ecosystems,blue carbon,EAD highlights voice of youth at Abu Dhabi Sustainability Week,https://www.bignewsnetwork.com/news/273401282/ead-highlights-voice-of-youth-at-abu-dhabi-sustainability-week,bignewsnetwork.com,20230120T080000Z,English,United States
restoration of vegetated coastal ecosystems,blue carbon,Cadillac Blackwing Sedans To Get New Decklid Badge,https://gmauthority.com/blog/2023/01/cadillac-blackwing-sedans-to-get-new-decklid-badge/,gmauthority.com,20230120T003000Z,English,United States
restoration of vegetated coastal ecosystems,blue carbon,Live updates | World Economic Forum gathering in Davos,https://ktar.com/story/5420061/live-updates-world-economic-forum-gathering-in-davos-3/,ktar.com,20230119T220000Z,English,United States
restoration of vegetated coastal ecosystems,blue carbon,Live updates | World Economic Forum gathering in Davos,https://apnews.com/article/politics-world-economic-forum-netherlands-government-climate-and-environment-europe-540d3e21c8aa84cc51ddf6a177294815,apnews.com,20230119T191500Z,English,United States
restoration of vegetated coastal ecosystems,blue carbon,Live updates | World Economic Forum gathering in Davos,https://www.heraldbulletin.com/news/nation_world/live-updates-world-economic-forum-gathering-in-davos/article_c9833b66-2048-5dde-8aa3-1f0724f79c39.html,heraldbulletin.com,20230119T171500Z,English,United States
restoration of vegetated coastal ecosystems,blue carbon,Live updates | World Economic Forum gathering in Davos,https://lancasteronline.com/business/nation/live-updates-world-economic-forum-gathering-in-davos/article_051f1167-fd16-52e4-a1a0-b970d1a94e03.html,lancasteronline.com,20230119T170000Z,English,United States
restoration of vegetated coastal ecosystems,blue carbon,Live updates | World Economic Forum gathering in Davos,https://apnews.com/540d3e21c8aa84cc51ddf6a177294815,apnews.com,20230119T161500Z,English,United States
restoration of vegetated coastal ecosystems,blue carbon,Live updates | World Economic Forum gathering in Davos,https://www.thesunchronicle.com/business/live-updates-world-economic-forum-gathering-in-davos/article_e8d767a9-187a-58ea-aa01-6e5301cd283f.html,thesunchronicle.com,20230119T153000Z,English,United States
restoration of vegetated coastal ecosystems,blue carbon,Live updates | World Economic Forum gathering in Davos,https://www.galvnews.com/news_ap/business/live-updates-world-economic-forum-gathering-in-davos/article_1397267e-9614-5690-a9fd-b167d343418a.html,galvnews.com,20230119T144500Z,English,United States
restoration of vegetated coastal ecosystems,blue carbon,Live updates | World Economic Forum gathering in Davos,https://www.ottumwacourier.com/news/national_news/live-updates-world-economic-forum-gathering-in-davos/article_2a061dba-81a9-5c85-bba5-904fc5f5e924.html,ottumwacourier.com,20230119T143000Z,English,United States
restoration of vegetated coastal ecosystems,blue carbon,Live updates | World Economic Forum gathering in Davos,https://apnews.com/article/zelenskyy-military-technology-world-economic-forum-poland-germany-540d3e21c8aa84cc51ddf6a177294815,apnews.com,20230119T141500Z,English,United States
restoration of vegetated coastal ecosystems,blue carbon,Live updates | World Economic Forum gathering in Davos,https://www.wral.com/live-updates-world-economic-forum-gathering-in-davos/20678856/,wral.com,20230119T141500Z,English,United States
restoration of vegetated coastal ecosystems,blue carbon,Live updates | World Economic Forum gathering in Davos,https://wtmj.com/national/2023/01/19/live-updates-world-economic-forum-gathering-in-davos-31/,wtmj.com,20230119T140000Z,English,United States
restoration of vegetated coastal ecosystems,blue carbon,Live updates | World Economic Forum gathering in Davos,https://www.startribune.com/live-updates-world-economic-forum-gathering-in-davos/600244640/,startribune.com,20230119T140000Z,English,United States
restoration of vegetated coastal ecosystems,blue carbon,Live updates | World Economic Forum gathering in Davos,https://www.yakimaherald.com/news/nation_and_world/business/live-updates-world-economic-forum-gathering-in-davos/article_fe26302a-6021-523c-9ae6-c26496388e4f.html,yakimaherald.com,20230119T123000Z,English,United States
restoration of vegetated coastal ecosystems,blue carbon,Live updates | World Economic Forum gathering in Davos,https://www.oskaloosa.com/news/national_news/live-updates-world-economic-forum-gathering-in-davos/article_95a9b7c1-5954-5f27-be09-6128c130914e.html,oskaloosa.com,20230119T123000Z,English,United States
restoration of vegetated coastal ecosystems,blue carbon,Live updates | World Economic Forum gathering in Davos,https://www.goshennews.com/news/national_news/live-updates-world-economic-forum-gathering-in-davos/article_73e0da0a-3588-5d32-9337-056261cbdb82.html,goshennews.com,20230119T121500Z,English,United States
restoration of vegetated coastal ecosystems,blue carbon,WEF Partners with Indonesia on Blue Carbon for Climate Goals,https://www.miragenews.com/wef-partners-with-indonesia-on-blue-carbon-for-931703/,miragenews.com,20230119T114500Z,English,United States
restoration of vegetated coastal ecosystems,blue carbon,Live updates | World Economic Forum gathering in Davos - Netscape Money & Business,https://isp.netscape.com/pf/story/0001/20230119/540d3e21c8aa84cc51ddf6a177294815,isp.netscape.com,20230119T113000Z,English,United States
restoration of vegetated coastal ecosystems,blue carbon,Live updates | World Economic Forum gathering in Davos,https://www.register-herald.com/news/nation_world/live-updates-world-economic-forum-gathering-in-davos/article_fcf159c7-5cb0-503f-ba16-071fe8fb0ba1.html,register-herald.com,20230119T113000Z,English,United States
restoration of vegetated coastal ecosystems,blue carbon,Live updates | World Economic Forum gathering in Davos,https://www.9and10news.com/i/live-updates-world-economic-forum-gathering-in-davos-3/,9and10news.com,20230119T113000Z,English,United States
restoration of vegetated coastal ecosystems,blue carbon,Live updates | World Economic Forum gathering in Davos,https://www.goskagit.com/news/world/live-updates-world-economic-forum-gathering-in-davos/article_01bf0197-50d9-5668-93f6-8713b4562c15.html,goskagit.com,20230119T110000Z,English,United States
restoration of vegetated coastal ecosystems,blue carbon,"2024 Corvette E - Ray Leak Shows Exterior , Interior Photos",https://gmauthority.com/blog/2022/12/2024-corvette-e-ray-leak-shows-exterior-interior-photos/comment-page-3/,gmauthority.com,20230118T234500Z,English,United States
restoration of vegetated coastal ecosystems,blue carbon,Maine  Oyster Lady  Launches Happy Planet Impact Podcast,https://www.tmcnet.com/usubmit/2023/01/18/9745594.htm,tmcnet.com,20230118T201500Z,English,United States
restoration of vegetated coastal ecosystems,blue carbon,Maine  Oyster Lady  Launches Happy Planet Impact Podcast,https://www.businesswire.com/news/home/20230112005780/en/Maine%E2%80%99s-%E2%80%98Oyster-Lady%E2%80%99-Launches-Happy-Planet-Impact-Podcast,businesswire.com,20230118T200000Z,English,United States
restoration of vegetated coastal ecosystems,blue carbon,Vantage unveils Supercar Blondie as Brand Ambassador,https://www.prnewswire.com/news-releases/vantage-unveils-supercar-blondie-as-brand-ambassador-301724684.html,prnewswire.com,20230118T131500Z,English,United States
restoration of vegetated coastal ecosystems,blue carbon,Vantage unveils Supercar Blondie as Brand Ambassador,https://www.prnewswire.com:443/news-releases/vantage-unveils-supercar-blondie-as-brand-ambassador-301724684.html,prnewswire.com,20230118T131500Z,English,United States
restoration of vegetated coastal ecosystems,blue carbon,Vantage unveils Supercar Blondie as Brand Ambassador,https://www.prnewswire.com/news-releases/vantage-unveils-supercar-blondie-as-brand-ambassador-301724643.html,prnewswire.com,20230118T123000Z,English,United States
restoration of vegetated coastal ecosystems,blue carbon,Vantage unveils Supercar Blondie as Brand Ambassador,https://www.prnewswire.com:443/news-releases/vantage-unveils-supercar-blondie-as-brand-ambassador-301724643.html,prnewswire.com,20230118T123000Z,English,United States
restoration of vegetated coastal ecosystems,blue carbon,ADNOC uses innovative drone technology to plant mangroves,https://www.bignewsnetwork.com/news/273390476/adnoc-uses-innovative-drone-technology-to-plant-mangroves,bignewsnetwork.com,20230118T121500Z,English,United States
restoration of vegetated coastal ecosystems,blue carbon,How Much The CT5 - V Blackwing Maverick Noir Paint Will Cost,https://gmauthority.com/blog/2023/01/heres-how-much-the-2023-cadillac-ct5-v-blackwings-maverick-noir-frost-paint-will-cost/,gmauthority.com,20230118T001500Z,English,United States
restoration of vegetated coastal ecosystems,blue carbon,2024 Chevrolet Corvette E - Ray First Look Review : Ray Of Lightning,https://carbuzz.com/reviews/2024-chevrolet-corvette-e-ray-first-look-review-ray-of-lightning,carbuzz.com,20230117T231500Z,English,United States
restoration of vegetated coastal ecosystems,blue carbon,Everything You Will Ever Want To Know About The 2024 Chevrolet Corvette E - Ray,https://www.autospies.com/news/index.aspx?submissionid=114013,autospies.com,20230117T214500Z,English,United States
restoration of vegetated coastal ecosystems,blue carbon,"CF Industries Signs MOU with JERA for Supply of up to 500 , 000 Metric Tonnes Per Year of Clean Ammonia",https://www.wsiltv.com/news/illinois/cf-industries-signs-mou-with-jera-for-supply-of-up-to-500-000-metric-tonnes/article_641f9106-d881-591e-bcbf-bb9c972ca51f.html,wsiltv.com,20230117T071500Z,English,United States
restoration of vegetated coastal ecosystems,blue carbon,Stock Market,https://markets.buffalonews.com/buffnews/article/bizwire-2023-1-17-cf-industries-signs-mou-with-jera-for-supply-of-up-to-500000-metric-tonnes-per-year-of-clean-ammonia,markets.buffalonews.com,20230117T064500Z,English,United States
restoration of vegetated coastal ecosystems,blue carbon,Kudos To The City Council,http://www.coronadonewsca.com/opinion/kudos-to-the-city-council/article_5fa2e148-95fe-11ed-a9a4-d37c31384924.html,coronadonewsca.com,20230117T043000Z,English,United States
restoration of vegetated coastal ecosystems,blue carbon,Growing houses : hempcrete could be answer to building supply shortages,https://www.miragenews.com/growing-houses-hempcrete-could-be-answer-to-929782/,miragenews.com,20230117T014500Z,English,United States
restoration of vegetated coastal ecosystems,blue carbon,2023 Cadillac CT5 - V Blackwing Gets Maverick Noir Frost Paint,https://gmauthority.com/blog/2022/05/2023-cadillac-ct5-v-blackwing-to-get-new-maverick-noir-frost-paint/,gmauthority.com,20230116T223000Z,English,United States
restoration of vegetated coastal ecosystems,blue carbon,Cadillac CT5 - V Blackwing In Noir Paint Available In Spring,https://gmauthority.com/blog/2023/01/2023-cadillac-ct5-v-blackwing-with-maverick-noir-frost-paint-available-in-spring-2023/,gmauthority.com,20230116T223000Z,English,United States
restoration of vegetated coastal ecosystems,blue carbon,Abu Dhabi Commissions its First Research Vessel,https://www.maritime-executive.com/article/abu-dhabi-launches-a-new-research-vessel-for-advanced-ocean-studies,maritime-executive.com,20230115T223000Z,English,United States
restoration of vegetated coastal ecosystems,blue carbon,Abu Dhabi Commissions its First Research Vessel,https://maritime-executive.com/article/abu-dhabi-launches-a-new-research-vessel-for-advanced-ocean-studies,maritime-executive.com,20230115T203000Z,English,United States
restoration of vegetated coastal ecosystems,blue carbon,"Hamdan bin Zayed chairs EAD Board of Directors meeting , reviews key achievements in 2022",https://www.bignewsnetwork.com/news/273362343/hamdan-bin-zayed-chairs-ead-board-of-directors-meeting-reviews-key-achievements-in-2022,bignewsnetwork.com,20230113T173000Z,English,United States
restoration of vegetated coastal ecosystems,blue carbon,Local wetlands to get a look in Scripps Oceanography study of carbon storage in coastal ecosystems,https://www.encinitasadvocate.com/news/story/2023-01-11/local-wetlands-to-get-a-look-in-scripps-oceanography-study-of-carbon-storage-in-coastal-ecosystems,encinitasadvocate.com,20230112T023000Z,English,United States
restoration of vegetated coastal ecosystems,blue carbon,Local wetlands to get a look in Scripps Oceanography study of carbon storage in coastal ecosystems,https://www.delmartimes.net/news/story/2023-01-11/local-wetlands-to-get-a-look-in-scripps-oceanography-study-of-carbon-storage-in-coastal-ecosystems,delmartimes.net,20230112T010000Z,English,United States
restoration of vegetated coastal ecosystems,blue carbon,4 ways to scale blue carbon,https://www.weforum.org/platforms/centre-for-nature-and-climate/articles/4-ways-to-unlock-the-power-of-blue-carbon,weforum.org,20230111T111500Z,English,United States
restoration of vegetated coastal ecosystems,blue carbon,Meet the new GOP chair of the House Science Committee - Governor Wind Energy Coalition,https://governorswindenergycoalition.org/meet-the-new-gop-chair-of-the-house-science-committee/,governorswindenergycoalition.org,20230111T111500Z,English,United States
restoration of vegetated coastal ecosystems,blue carbon,The side benefits of clean energy,https://kvia.com/news/business-technology/stacker-science/2023/01/10/the-side-benefits-of-clean-energy/,kvia.com,20230110T203000Z,English,United States
restoration of vegetated coastal ecosystems,blue carbon,The side benefits of clean energy,https://abc17news.com/stacker-science/2023/01/10/the-side-benefits-of-clean-energy/,abc17news.com,20230110T183000Z,English,United States
restoration of vegetated coastal ecosystems,blue carbon,The side benefits of clean energy,https://kesq.com/stacker-science/2023/01/10/the-side-benefits-of-clean-energy/,kesq.com,20230110T174500Z,English,United States
restoration of vegetated coastal ecosystems,blue carbon,Community briefs,https://www.somdnews.com/enterprise/community/briefs/community-briefs/article_83f44673-4b66-5261-9347-3847b80ae847.html,somdnews.com,20230110T171500Z,English,United States
restoration of vegetated coastal ecosystems,blue carbon,Local wetlands to get a look in Scripps Oceanography study of carbon storage in coastal ecosystems,https://www.lajollalight.com/news/story/2023-01-10/local-wetlands-to-get-a-look-in-scripps-oceanography-study-of-carbon-storage-in-coastal-ecosystems,lajollalight.com,20230110T161500Z,English,United States
restoration of vegetated coastal ecosystems,blue carbon,Meet the new GOP chair of the House Science Committee,https://www.eenews.net/articles/meet-the-new-gop-chair-of-the-house-science-committee/,eenews.net,20230110T143000Z,English,United States
restoration of vegetated coastal ecosystems,blue carbon,The side benefits of clean energy,https://ktvz.com/stacker-science/2023/01/09/the-side-benefits-of-clean-energy/,ktvz.com,20230110T084500Z,English,United States
restoration of vegetated coastal ecosystems,blue carbon,"San Diego Bay eelgrass stores CO2 equivalent of 370 , 000 vehicles , port study Finds",https://www.kpbs.org/news/local/2023/01/09/san-diego-bays-eelgrass-stores-co2-equivalent-of-370-000-vehicles-port-study-finds,kpbs.org,20230110T044500Z,English,United States
restoration of vegetated coastal ecosystems,blue carbon,"As Eco - Anxiety Surges , WildAid Launches US Consumer Decarbonization Ad Campaign to Limit the Effects of Climate Change",https://www.prweb.com/releases/2023/1/prweb19098734.htm,prweb.com,20230106T133000Z,English,United States
restoration of vegetated coastal ecosystems,blue carbon,Internova Travel Group on the Path to Carbon Neutral in 2023,https://markets.businessinsider.com/news/stocks/internova-travel-group-on-the-path-to-carbon-neutral-in-2023-1032002355,markets.businessinsider.com,20230105T190000Z,English,United States
restoration of vegetated coastal ecosystems,blue carbon,"Hidden Worlds Joins Forces with The Islands of The Bahamas to Debut New Immersive Pop - Up Experience , Bringing Awareness to Ocean Conservation",https://markets.businessinsider.com/news/stocks/hidden-worlds-joins-forces-with-the-islands-of-the-bahamas-to-debut-new-immersive-pop-up-experience-bringing-awareness-to-ocean-conservation-1032002288,markets.businessinsider.com,20230105T190000Z,English,United States
restoration of vegetated coastal ecosystems,blue carbon,Methane Emissions Offset Atmospheric Carbon Dioxide Uptake in Coastal Ecosystems,https://www.azocleantech.com/news.aspx?newsID=32750,azocleantech.com,20230105T164500Z,English,United States
restoration of vegetated coastal ecosystems,blue carbon,Internova Travel Group on the Path to Carbon Neutral in 2023,https://www.prnewswire.com/news-releases/internova-travel-group-on-the-path-to-carbon-neutral-in-2023-301714160.html,prnewswire.com,20230105T154500Z,English,United States
restoration of vegetated coastal ecosystems,blue carbon,Internova Travel Group on the Path to Carbon Neutral in 2023,https://www.prnewswire.com:443/news-releases/internova-travel-group-on-the-path-to-carbon-neutral-in-2023-301714160.html,prnewswire.com,20230105T151500Z,English,United States
restoration of vegetated coastal ecosystems,blue carbon,"Hidden Worlds Joins Forces with The Islands of The Bahamas to Debut New Immersive Pop - Up Experience , Bringing Awareness to Ocean Conservation",https://www.prnewswire.com:443/news-releases/hidden-worlds-joins-forces-with-the-islands-of-the-bahamas-to-debut-new-immersive-pop-up-experience-bringing-awareness-to-ocean-conservation-301713980.html,prnewswire.com,20230105T150000Z,English,United States
restoration of vegetated coastal ecosystems,blue carbon,"Hidden Worlds Joins Forces with The Islands of The Bahamas to Debut New Immersive Pop - Up Experience , Bringing Awareness to Ocean Conservation",https://www.prnewswire.com/news-releases/hidden-worlds-joins-forces-with-the-islands-of-the-bahamas-to-debut-new-immersive-pop-up-experience-bringing-awareness-to-ocean-conservation-301713980.html,prnewswire.com,20230105T150000Z,English,United States
restoration of vegetated coastal ecosystems,blue carbon,Methane emissions offset carbon uptake in Baltic macroalgae habitats,https://phys.org/news/2023-01-methane-emissions-offset-carbon-uptake.html,phys.org,20230104T153000Z,English,United States
restoration of vegetated coastal ecosystems,blue carbon,The Quest for CO2 : You Cant Capture What You Cant Find,https://insideunmannedsystems.com/the-quest-for-co2-you-cant-capture-what-you-cant-find/,insideunmannedsystems.com,20230104T071500Z,English,United States
restoration of vegetated coastal ecosystems,blue carbon,New paper explores whales as carbon sinks,https://www.juneauempire.com/news/new-paper-explores-whales-as-carbon-sinks/,juneauempire.com,20230103T011500Z,English,United States
restoration of vegetated coastal ecosystems,blue carbon,"Elephant toys , fertiliser and goat feed : Weird and wonderful ways to recycle your Christmas tree",http://www.euronews.com/green/2023/01/02/4-weird-and-wonderful-ways-to-recycle-your-christmas-trees-this-year,euronews.com,20230102T144500Z,English,United States
restoration of vegetated coastal ecosystems,blue carbon,Base Carbon Reports Year End 2022 Operating and Financial Results,https://www.streetinsider.com/Globe+Newswire/Base+Carbon+Reports+Year+End+2022+Operating+and+Financial+Results/21453264.html,streetinsider.com,20230331T221500Z,English,United States
restoration of vegetated coastal ecosystems,blue carbon,Ocean Aero  transforming  offshore data collection,https://www.djournal.com/mbj/mbj/ocean-aero-transforming-offshore-data-collection/article_40bd6c2e-959d-56ad-84d8-43e4cb781bb2.html,djournal.com,20230331T060000Z,English,United States
restoration of vegetated coastal ecosystems,blue carbon,Vice President Harris Announces Initiatives to Strengthen United States ( US ) Partnership with Ghana and Promote Regional Security,https://www.msn.com/en-za/news/other/vice-president-harris-announces-initiatives-to-strengthen-united-states-us-partnership-with-ghana-and-promote-regional-security/ar-AA19bN1L,msn.com,20230329T023000Z,English,United States
restoration of vegetated coastal ecosystems,blue carbon,Researchers trial novel way to restore coastal wetlands,https://www.miragenews.com/researchers-trial-novel-way-to-restore-coastal-974879/,miragenews.com,20230327T071500Z,English,United States
restoration of vegetated coastal ecosystems,blue carbon,"If done with integrity , carbon offsetting could be vital in the fight against climate change",https://uk.finance.yahoo.com/news/done-integrity-carbon-offsetting-could-155057414.html,uk.finance.yahoo.com,20230325T194500Z,English,United States
restoration of vegetated coastal ecosystems,blue carbon,"If done with integrity , carbon offsetting could be vital in the fight against climate change",http://www.euronews.com/2023/03/25/if-done-with-integrity-carbon-offsetting-could-be-vital-in-the-fight-against-climate-chang,euronews.com,20230325T164500Z,English,United States
restoration of vegetated coastal ecosystems,blue carbon,"If done with integrity , carbon offsetting could be vital in the fight against climate change",https://www.euronews.com/2023/03/25/if-done-with-integrity-carbon-offsetting-could-be-vital-in-the-fight-against-climate-chang,euronews.com,20230325T163000Z,English,United States
restoration of vegetated coastal ecosystems,blue carbon,How to defuse a climate time - bomb : World scientists say 1 . 5C still achievable but  humanity on thin ice,https://news.yahoo.com/defuse-climate-time-bomb-world-133518467.html,news.yahoo.com,20230320T143000Z,English,United States
restoration of vegetated coastal ecosystems,blue carbon,Changes in mangrove blue carbon under elevated atmospheric CO2,https://phys.org/news/2023-03-mangrove-blue-carbon-elevated-atmospheric.html,phys.org,20230320T143000Z,English,United States
restoration of vegetated coastal ecosystems,blue carbon,"CF Industries Holdings , Inc . Announces Agreement to Purchase Waggaman Ammonia Production Facility from Incitec Pivot Limited",https://www.wsiltv.com/news/illinois/cf-industries-holdings-inc-announces-agreement-to-purchase-waggaman-ammonia-production-facility-from-incitec-pivot/article_6a65e420-f5cd-5e98-b1df-08c1d65998da.html,wsiltv.com,20230320T104500Z,English,United States
restoration of vegetated coastal ecosystems,blue carbon,CF Industries ( CF ) to Acquire Waggaman Ammonia Production Facility from Incitec Pivot Limited for $1 . 68B,https://www.streetinsider.com/Corporate+News/CF+Industries+(CF)+to+Acquire+Waggaman+Ammonia+Production+Facility+from+Incitec+Pivot+Limited+for+$1.68B/21391438.html,streetinsider.com,20230320T101500Z,English,United States
restoration of vegetated coastal ecosystems,blue carbon,Stock Market | FinancialContent Business Page,https://markets.financialcontent.com/stocks/article/bizwire-2023-3-20-cf-industries-holdings-inc-announces-agreement-to-purchase-waggaman-ammonia-production-facility-from-incitec-pivot-limited,markets.financialcontent.com,20230320T080000Z,English,United States
restoration of vegetated coastal ecosystems,blue carbon,6 Ways to Remove Carbon Pollution from the Atmosphere,https://cleantechnica.com/2023/03/19/6-ways-to-remove-carbon-pollution-from-the-atmosphere/,cleantechnica.com,20230319T224500Z,English,United States
restoration of vegetated coastal ecosystems,blue carbon,View The 2023 Cadillac CT5 - V Blackwing Bronze Accent Package,https://gmauthority.com/blog/2023/03/check-out-the-2023-cadillac-ct5-v-blackwing-with-the-bronze-accent-package/,gmauthority.com,20230319T194500Z,English,United States
restoration of vegetated coastal ecosystems,blue carbon,Mangrove Blue Carbon Affected by Rising CO2,https://www.miragenews.com/mangrove-blue-carbon-affected-by-rising-co2-969371/,miragenews.com,20230318T043000Z,English,United States
restoration of vegetated coastal ecosystems,blue carbon,6 Ways to Remove Carbon Pollution from the Atmosphere,https://www.wri.org/insights/6-ways-remove-carbon-pollution-sky,wri.org,20230317T211500Z,English,United States
restoration of vegetated coastal ecosystems,blue carbon,Operationalizing underwater hyperspectral imaging for blue carbon solutions,https://www.hydro-international.com/content/article/operationalizing-underwater-hyperspectral-imaging-for-blue-carbon-solutions,hydro-international.com,20230317T180000Z,English,United States
restoration of vegetated coastal ecosystems,blue carbon,An Alaska Carbon Exchange is pivotal in developing a carbon offset market,https://www.newsminer.com/opinion/community_perspectives/an-alaska-carbon-exchange-is-pivotal-in-developing-a-carbon-offset-market/article_8fa687a6-c1e5-11ed-9f56-e3d9afd81981.html,newsminer.com,20230315T190000Z,English,United States
restoration of vegetated coastal ecosystems,blue carbon,How the carbon market could help or break climate change efforts,https://www.kvue.com/article/news/investigations/defenders/carbon-market-climate-change-efforts/269-c9c0fcbe-b9c5-4952-a76a-aa288e37e9d0,kvue.com,20230315T071500Z,English,United States
restoration of vegetated coastal ecosystems,blue carbon,Carbon Dioxide Removal Global Market Report 2023 : Sector to Reach $2 . 08 Billion by 2031 at a CAGR of 18 . 2 %: Research and Markets,https://finance.yahoo.com/news/carbon-dioxide-removal-global-market-094500767.html,finance.yahoo.com,20230314T104500Z,English,United States
restoration of vegetated coastal ecosystems,blue carbon,Carbon Dioxide Removal Global Market Report 2023 : Sector to Reach $2 . 08 Billion by 2031 at a CAGR of 18 . 2 %: Research and Markets,https://www.prnewswire.com/news-releases/carbon-dioxide-removal-global-market-report-2023-sector-to-reach-2-08-billion-by-2031-at-a-cagr-of-18-2-research-and-markets-301771305.html,prnewswire.com,20230314T100000Z,English,United States
restoration of vegetated coastal ecosystems,blue carbon,Stock Market | FinancialContent Business Page,https://markets.financialcontent.com/stocks/article/bizwire-2023-3-14-carbon-dioxide-removal-global-market-report-2023-favorable-government-policies-drives-growth-researchandmarketscom,markets.financialcontent.com,20230314T100000Z,English,United States
restoration of vegetated coastal ecosystems,blue carbon,2023 Cadillac CT5 - V Blackwing Semi - Aniline Seats Orderable,https://gmauthority.com/blog/2023/03/2023-cadillac-ct5-v-blackwing-full-semi-aniline-seating-available-to-order-again/,gmauthority.com,20230312T223000Z,English,United States
restoration of vegetated coastal ecosystems,blue carbon,"Carbon Dioxide Removal ( CDR ) Market Research Report 2023 : A $2 , 083 . 4 Million Market by 2031 - Focus on Carbon Credit Buying , Blue Carbon and Microalgae as a Significant Carbon Dioxide Removal Tool",https://finance.yahoo.com/news/carbon-dioxide-removal-cdr-market-134300708.html,finance.yahoo.com,20230310T141500Z,English,United States
restoration of vegetated coastal ecosystems,blue carbon,"Ningbo , China : Anchoring the Goal of  Emission Peak and Carbon Neutrality ; Exploring the Construction of a Coastal Model City based on the  Emission Peak and Carbon Neutrality",https://www.prnewswire.com/news-releases/ningbo-china-anchoring-the-goal-of-emission-peak-and-carbon-neutrality-exploring-the-construction-of-a-coastal-model-city-based-on-the-emission-peak-and-carbon-neutrality-301768789.html,prnewswire.com,20230310T101500Z,English,United States
restoration of vegetated coastal ecosystems,blue carbon,"Ningbo , China : Anchoring the Goal of  Emission Peak and Carbon Neutrality ; Exploring the Construction of a Coastal Model City based on the  Emission Peak and Carbon Neutrality",https://finance.yahoo.com/news/ningbo-china-anchoring-goal-emission-093000422.html,finance.yahoo.com,20230310T100000Z,English,United States
restoration of vegetated coastal ecosystems,blue carbon,"Carbon Dioxide Removal Market - A Global and Regional Analysis - Focus on Technology Type , Carbon Credit Buyer , and Region",https://www.tmcnet.com/usubmit/2023/03/09/9774654.htm,tmcnet.com,20230309T191500Z,English,United States
restoration of vegetated coastal ecosystems,blue carbon,"Carbon Dioxide Removal Market - A Global and Regional Analysis - Focus on Technology Type , Carbon Credit Buyer , and Region",https://finance.yahoo.com/news/carbon-dioxide-removal-market-global-180000504.html,finance.yahoo.com,20230309T184500Z,English,United States
restoration of vegetated coastal ecosystems,blue carbon,"Carbon Dioxide Removal Market - A Global and Regional Analysis - Focus on Technology Type , Carbon Credit Buyer , and Region",https://www.prnewswire.com/news-releases/carbon-dioxide-removal-market---a-global-and-regional-analysis--focus-on-technology-type-carbon-credit-buyer-and-region---analysis-and-forecast-2022-2031-301765580.html,prnewswire.com,20230309T181500Z,English,United States
restoration of vegetated coastal ecosystems,blue carbon,Global Carbon Dioxide Removal Market to Reach $2 . 08 Billion by 2031 - Exclusive DeepTech M - A - P™ Analysis by BIS Research,https://www.prnewswire.com/news-releases/global-carbon-dioxide-removal-market-to-reach-2-08-billion-by-2031---exclusive-deeptech-m-a-p-analysis-by-bis-research-301767839.html,prnewswire.com,20230309T154500Z,English,United States
restoration of vegetated coastal ecosystems,blue carbon,Content Creator | Shop - Eat - Surf,https://shop-eat-surf.com/careers-listing/content-creator/,shop-eat-surf.com,20230309T064500Z,English,United States
restoration of vegetated coastal ecosystems,blue carbon,Stock Market | FinancialContent Business Page,https://markets.financialcontent.com/stocks/article/bizwire-2023-3-8-rubios-coastal-grill-donates-to-wildcoast-on-behalf-of-40th-anniversary,markets.financialcontent.com,20230308T190000Z,English,United States
restoration of vegetated coastal ecosystems,blue carbon,Rubio Coastal Grill Donates to WILDCOAST on Behalf of 40th Anniversary,https://www.streetinsider.com/Business+Wire/Rubios+Coastal+Grill+Donates+to+WILDCOAST+on+Behalf+of+40th+Anniversary/21344233.html,streetinsider.com,20230308T190000Z,English,United States
restoration of vegetated coastal ecosystems,blue carbon,"Easy , Single - Step Approach to Upcycle Plastic Waste",https://www.azocleantech.com/news.aspx?newsID=33073,azocleantech.com,20230308T181500Z,English,United States
restoration of vegetated coastal ecosystems,blue carbon,AECOM Welcomes World - First Resilience Strategy for Ningaloo Coast,https://www.miragenews.com/aecom-welcomes-world-first-resilience-strategy-962050/,miragenews.com,20230308T014500Z,English,United States
restoration of vegetated coastal ecosystems,blue carbon,New Carbon Offset Projects Put Carbon Market Exchange Ltd . Over 1B Ton Threshold,https://energy.einnews.com/pr_news/620721692/new-carbon-offset-projects-put-carbon-market-exchange-ltd-over-1b-ton-threshold,energy.einnews.com,20230307T183000Z,English,United States
restoration of vegetated coastal ecosystems,blue carbon,Mondraker Pulls The Covers Off The Dusty Electric Gravel Bike,https://insideevs.com/news/655675/mondraker-dusty-gravel-ebike/,insideevs.com,20230307T163000Z,English,United States
restoration of vegetated coastal ecosystems,blue carbon,Hydro International # 1 - 2023 | Hydro International,https://www.hydro-international.com/content/magazine/hydro-international-1-2023,hydro-international.com,20230307T153000Z,English,United States
restoration of vegetated coastal ecosystems,blue carbon,Turtle Beach Launches New Stealth 600 Gen 2 MAX Teal & Pink Colorways as the Leading Gaming Accessory Maker First Carbon Neutral Products,https://www.tmcnet.com/usubmit/2023/03/07/9772354.htm,tmcnet.com,20230307T141500Z,English,United States
restoration of vegetated coastal ecosystems,blue carbon,"Researchers develop highly - efficient , non - toxic method to upcycle single - use plastic",https://phys.org/news/2023-03-highly-efficient-non-toxic-method-upcycle-single-use.html,phys.org,20230306T231500Z,English,United States
restoration of vegetated coastal ecosystems,blue carbon,2024 Cadillac CT5 - V Blackwing Refresh Spied Testing : Photos,https://gmauthority.com/blog/2023/03/2024-cadillac-ct5-v-blackwing-refresh-spied-testing-photos/,gmauthority.com,20230306T223000Z,English,United States
restoration of vegetated coastal ecosystems,blue carbon,Environment Sec urges more ocean protection on WWD,https://www.miragenews.com/environment-sec-urges-more-ocean-protection-on-959415/,miragenews.com,20230303T111500Z,English,United States
restoration of vegetated coastal ecosystems,blue carbon,"To fix the climate , these 10 investors are betting the house on the ocean",https://techcrunch.com/2023/03/02/to-fix-the-climate-these-10-investors-are-betting-the-house-on-the-ocean/,techcrunch.com,20230302T214500Z,English,United States
restoration of vegetated coastal ecosystems,blue carbon,"Govt and Biz Join Forces to Unlock  Blue Carbon  Benefits , Restore Coastlines",https://www.miragenews.com/govt-and-biz-join-forces-to-unlock-blue-carbon-958663/,miragenews.com,20230302T170000Z,English,United States
restoration of vegetated coastal ecosystems,blue carbon,2024 Cadillac CT5 - V Blackwing To Get Refresh : Exclusive,https://gmauthority.com/blog/2023/03/2024-cadillac-ct5-v-blackwing-to-get-mid-cycle-refresh-exclusive/,gmauthority.com,20230301T233000Z,English,United States
restoration of vegetated coastal ecosystems,blue carbon,2023 Cadillac CT5 - V Blackwing Unavailable In Rift Metallic,https://gmauthority.com/blog/2023/02/2023-cadillac-ct5-v-blackwing-rift-metallic-paint-no-longer-available-to-order/,gmauthority.com,20230301T091500Z,English,United States
restoration of vegetated coastal ecosystems,blue carbon,Britain designates three highly protected marine areas,https://www.upi.com/Top_News/World-News/2023/02/28/highly-protected-marine-areas/8771677638700/,upi.com,20230301T041500Z,English,United States
restoration of vegetated coastal ecosystems,blue carbon,Indigenous women in Guyana join climate change fight,https://www.msn.com/en-us/weather/topstories/indigenous-women-in-guyana-join-climate-change-fight/ar-AA1bXF5j,msn.com,20230531T233000Z,English,United States
restoration of vegetated coastal ecosystems,blue carbon,Mitigating climate change through restoration of coastal ecosystems,https://www.sciencedaily.com/releases/2023/05/230530174257.htm,sciencedaily.com,20230531T051500Z,English,United States
restoration of vegetated coastal ecosystems,blue carbon,Millions Coming to Help Restore Burtons Bay,https://www.wboc.com/news/millions-coming-to-help-restore-burtons-bay/article_64d9bcae-ff3a-11ed-ba99-83fb8eeb27f4.html,wboc.com,20230531T000000Z,English,United States
restoration of vegetated coastal ecosystems,blue carbon,Mitigating climate change through restoration,https://www.eurekalert.org/news-releases/990876,eurekalert.org,20230530T214500Z,English,United States
restoration of vegetated coastal ecosystems,blue carbon,CBA Teams Up with Greening Australia for Native Seed Production,https://www.miragenews.com/cba-teams-up-with-greening-australia-for-native-1015874/,miragenews.com,20230529T220000Z,English,United States
restoration of vegetated coastal ecosystems,blue carbon,SparkLabs Cultiv8 launches CleanTech Accelerator,https://www.tmcnet.com/usubmit/2023/05/28/9822114.htm,tmcnet.com,20230529T000000Z,English,United States
restoration of vegetated coastal ecosystems,blue carbon,"From mangroves to fjords , coastal ecosystems can take up or emit greenhouse gases . But globally , theyre a vital sink",https://phys.org/news/2023-05-mangroves-fjords-coastal-ecosystems-emit.html,phys.org,20230527T141500Z,English,United States
restoration of vegetated coastal ecosystems,blue carbon,Six Degrees of Separation - Everything2 . com,https://everything2.com:443/title/Six+Degrees+of+Separation,everything2.com,20230526T201500Z,English,United States
restoration of vegetated coastal ecosystems,blue carbon,Coastal News Today | World - From Pixels to Policy : How Maps Inform Climate and Conservation Decisions,https://www.coastalnewstoday.com/post/world-from-pixels-to-policy-how-maps-inform-climate-and-conservation-decisions,coastalnewstoday.com,20230526T084500Z,English,United States
restoration of vegetated coastal ecosystems,blue carbon,How to Grill Vegetables to Absolute Deliciousness ( Secrets Revealed ),http://www.msn.com/en-us/foodanddrink/foodnews/how-to-grill-vegetables-to-absolute-deliciousness-secrets-revealed/ar-AA1bHcCd,msn.com,20230525T234500Z,English,United States
restoration of vegetated coastal ecosystems,blue carbon,Capturing Carbon With Machines Is a Failure So Why Are We Subsidizing It ?,https://www.resilience.org/stories/2023-05-25/capturing-carbon-with-machines-is-a-failure-so-why-are-we-subsidizing-it/,resilience.org,20230525T104500Z,English,United States
restoration of vegetated coastal ecosystems,blue carbon,"Flying drones and chasing data , Indigenous women in Guyana join fight against climate change",https://www.the-messenger.com/news/world/article_ab6dcb48-4ddd-58a1-ae7e-ec222834d6c9.html,the-messenger.com,20230525T081500Z,English,United States
restoration of vegetated coastal ecosystems,blue carbon,"Flying drones and chasing data , Indigenous women in Guyana join fight against climate change | News , Sports , Jobs",http://www.vindy.com/wire/?category=6&ID=292502,vindy.com,20230525T080000Z,English,United States
restoration of vegetated coastal ecosystems,blue carbon,"Flying drones and chasing data , Indigenous women in Guyana join fight against climate change",https://wtop.com/news/2023/05/flying-drones-and-chasing-data-indigenous-women-in-guyana-join-fight-against-climate-change/,wtop.com,20230525T074500Z,English,United States
restoration of vegetated coastal ecosystems,blue carbon,"Flying drones and chasing data , Indigenous women in Guyana join fight against climate change",https://www.news4jax.com/news/world/2023/05/25/flying-drones-and-chasing-data-indigenous-women-in-guyana-join-fight-against-climate-change/,news4jax.com,20230525T074500Z,English,United States
restoration of vegetated coastal ecosystems,blue carbon,"Flying drones and chasing data , Indigenous women in Guyana join fight against climate change",https://www.newsday.com/news/nation/flying-drones-and-chasing-data-indigenous-women-in-guyana-join-fight-against-climate-change-l3qjb04p,newsday.com,20230525T074500Z,English,United States
restoration of vegetated coastal ecosystems,blue carbon,"Flying drones and chasing data , Indigenous women in Guyana join fight against climate change",https://mynorthwest.com/3892992/flying-drones-and-chasing-data-indigenous-women-in-guyana-join-fight-against-climate-change/,mynorthwest.com,20230525T071500Z,English,United States
restoration of vegetated coastal ecosystems,blue carbon,"Flying drones and chasing data , Indigenous women in Guyana join fight against climate change",https://www.ksat.com/news/world/2023/05/25/flying-drones-and-chasing-data-indigenous-women-in-guyana-join-fight-against-climate-change/,ksat.com,20230525T061500Z,English,United States
restoration of vegetated coastal ecosystems,blue carbon,"Flying drones and chasing data , Indigenous women in Guyana join fight against climate change",https://www.local10.com/news/world/2023/05/25/flying-drones-and-chasing-data-indigenous-women-in-guyana-join-fight-against-climate-change/,local10.com,20230525T061500Z,English,United States
restoration of vegetated coastal ecosystems,blue carbon,"Flying drones and chasing data , Indigenous women in Guyana join fight against climate change",https://www.heraldbulletin.com/news/nation_world/flying-drones-and-chasing-data-indigenous-women-in-guyana-join-fight-against-climate-change/article_39c9b7da-a6f4-5e06-9820-565c3b6551ec.html,heraldbulletin.com,20230525T054500Z,English,United States
restoration of vegetated coastal ecosystems,blue carbon,"Flying drones and chasing data , Indigenous women in Guyana join fight against climate change",https://www.wsls.com/news/world/2023/05/25/flying-drones-and-chasing-data-indigenous-women-in-guyana-join-fight-against-climate-change/,wsls.com,20230525T054500Z,English,United States
restoration of vegetated coastal ecosystems,blue carbon,"Flying drones and chasing data , Indigenous women in Guyana join fight against climate change",https://www.union-bulletin.com/news/world/flying-drones-and-chasing-data-indigenous-women-in-guyana-join-fight-against-climate-change/article_ba77c122-b0e6-5ad9-80e7-b83cc9ea723c.html,union-bulletin.com,20230525T053000Z,English,United States
restoration of vegetated coastal ecosystems,blue carbon,"Flying drones and chasing data , Indigenous women in Guyana join fight against climate change",https://abcnews.go.com/International/wireStory/flying-drones-chasing-data-indigenous-women-guyana-join-99591671,abcnews.go.com,20230525T051500Z,English,United States
restoration of vegetated coastal ecosystems,blue carbon,"Flying drones and chasing data , Indigenous women in Guyana join fight against climate change",https://www.oskaloosa.com/news/national_news/flying-drones-and-chasing-data-indigenous-women-in-guyana-join-fight-against-climate-change/article_ec45e52e-b38c-5135-b9d8-d6ff1b656466.html,oskaloosa.com,20230525T051500Z,English,United States
restoration of vegetated coastal ecosystems,blue carbon,"Flying drones and chasing data , Indigenous women in Guyana join fight against climate change",https://apnews.com/article/guyana-climate-change-indigenous-women-south-america-83dbacfd7c74246a61b44ecb471d66b7,apnews.com,20230525T051500Z,English,United States
restoration of vegetated coastal ecosystems,blue carbon,"Flying drones and chasing data , Indigenous women in Guyana join fight against climate change",https://www.mrt.com/news/world/article/flying-drones-and-chasing-data-indigenous-women-18118114.php,mrt.com,20230525T050000Z,English,United States
restoration of vegetated coastal ecosystems,blue carbon,"Flying drones and chasing data , Indigenous women in Guyana join fight against climate change – Metro US",https://www.metro.us/flying-drones-and-chasing-data-indigenous-women-in-guyana-join-fight-against-climate-change/,metro.us,20230525T050000Z,English,United States
restoration of vegetated coastal ecosystems,blue carbon,PDEA : Over P18M worth of cocaine seized from Suriname national in Clark,https://www.msn.com/en-ph/news/national/pdea-over-p18m-worth-of-cocaine-seized-from-suriname-national-in-clark/ar-AA1bC7wd,msn.com,20230525T044500Z,English,United States
restoration of vegetated coastal ecosystems,blue carbon,"Flying drones and chasing data , Indigenous women in Guyana join fight against climate change",https://www.ourmidland.com/news/world/article/flying-drones-and-chasing-data-indigenous-women-18118114.php,ourmidland.com,20230525T044500Z,English,United States
restoration of vegetated coastal ecosystems,blue carbon,"Meet the climate startup turning a 5 , 000 - mile stretch of seaweed from a plague of coastal communities into a giant carbon store",https://news.yahoo.com/meet-climate-startup-turning-5-143638333.html,news.yahoo.com,20230524T154500Z,English,United States
restoration of vegetated coastal ecosystems,blue carbon,Seaweed Generation : Startup Placing Carbon Stores on Ocean Floor,https://www.businessinsider.com/sargassum-turning-smelly-seaweed-into-a-carbon-removal-opportunity-2023-5,businessinsider.com,20230524T154500Z,English,United States
restoration of vegetated coastal ecosystems,blue carbon,Coastal Ecosystems Worldwide Act as a Net Absorber of Greenhouse Gases,https://www.azocleantech.com/news.aspx?newsID=33459,azocleantech.com,20230524T140000Z,English,United States
restoration of vegetated coastal ecosystems,blue carbon,"Coastal ecosystems are a net greenhouse gas sink , new research shows : From mangroves to fjords , coastal ecosystems can take up or emit greenhouse gases . But globally , theyre a vital sink",https://www.sciencedaily.com/releases/2023/05/230523123742.htm,sciencedaily.com,20230524T021500Z,English,United States
restoration of vegetated coastal ecosystems,blue carbon,Coastal ecosystems store much more greenhouse gas than they emit,https://www.earth.com/news/coastal-ecosystems-store-much-more-greenhouse-gas-than-they-emit/,earth.com,20230524T021500Z,English,United States
restoration of vegetated coastal ecosystems,blue carbon,New Report Shows Australia Blue Economy Grew Through COVID,https://www.miragenews.com/new-report-shows-australias-blue-economy-grew-1012277/,miragenews.com,20230523T221500Z,English,United States
restoration of vegetated coastal ecosystems,blue carbon,These 9 Fish Facts Will Make You Swear Off Seafood Forever,https://vegnews.com/vegan-news/environment/seaspiracy-never-eat-fish-again,vegnews.com,20230523T214500Z,English,United States
restoration of vegetated coastal ecosystems,blue carbon,BASF gas treatment technology to be used by Linde and Heidelberg Material large - scale CO2 - capture plant,https://www.worldcement.com/europe-cis/23052023/basfs-gas-treatment-technology-to-be-used-by-linde-and-heidelberg-materials-large-scale-co2-capture-plant/,worldcement.com,20230523T163000Z,English,United States
restoration of vegetated coastal ecosystems,blue carbon,"From mangroves to fjords , coastal ecosystems can take up or emit greenhouse gases . But globally , theyre a vital sink",http://www.econotimes.com/From-mangroves-to-fjords-coastal-ecosystems-can-take-up-or-emit-greenhouse-gases-But-globally-theyre-a-vital-sink-1656562,econotimes.com,20230523T154500Z,English,United States
restoration of vegetated coastal ecosystems,blue carbon,New research shows coastal ecosystems are net greenhouse gas sink,https://www.miragenews.com/new-research-shows-coastal-ecosystems-are-net-1011437/,miragenews.com,20230523T001500Z,English,United States
restoration of vegetated coastal ecosystems,blue carbon,Eelgrass meadows are underestimated biodiversity hotspots,https://www.earth.com/news/eelgrass-meadows-are-underestimated-biodiversity-hotspots/,earth.com,20230521T074500Z,English,United States
restoration of vegetated coastal ecosystems,blue carbon,2024 Cadillac CT5 - V Blackwing Refresh Spied Testing : Photos,https://gmauthority.com/blog/2023/03/2024-cadillac-ct5-v-blackwing-refresh-spied-testing-photos/,gmauthority.com,20230520T223000Z,English,United States
restoration of vegetated coastal ecosystems,blue carbon,Coastal News Today | World - Re - carbonizing the sea : Scientists to start testing a big ocean carbon idea,https://www.coastalnewstoday.com/post/world-re-carbonizing-the-sea-scientists-to-start-testing-a-big-ocean-carbon-idea,coastalnewstoday.com,20230519T054500Z,English,United States
restoration of vegetated coastal ecosystems,blue carbon,"Comment : Save the whales , but dont do it for a carbon credit",https://www.heraldnet.com/opinion/comment-save-the-whales-but-dont-do-it-for-a-carbon-credit/,heraldnet.com,20230518T114500Z,English,United States
restoration of vegetated coastal ecosystems,blue carbon,Coastal federation takes state lead in in salt marsh conservation effort,https://www.carolinacoastonline.com/news_times/article_98b26280-f4f2-11ed-90fe-03bbd0588e32.html,carolinacoastonline.com,20230517T223000Z,English,United States
restoration of vegetated coastal ecosystems,blue carbon,F1 driver Lando Norris takes delivery of bespoke McLaren supercar,https://www.motorauthority.com/news/1139654_f1-driver-lando-norris-takes-delivery-of-bespoke-mclaren-supercar,motorauthority.com,20230515T214500Z,English,United States
restoration of vegetated coastal ecosystems,blue carbon,Whales are the new trees : Neither will save the climate,https://www.newsday.com/opinion/commentary/whale-carbon-climate-change-trees-ukrxc4r6,newsday.com,20230515T193000Z,English,United States
restoration of vegetated coastal ecosystems,blue carbon,NOC Partners With Ploughshare,http://www.marinetechnologynews.com/news/partners-ploughshare-628148,marinetechnologynews.com,20230515T121500Z,English,United States
restoration of vegetated coastal ecosystems,blue carbon,Seabed mapping and collaboration for climate change mitigation in the united kingdom,https://www.hydro-international.com/content/news/seabed-mapping-and-collaboration-for-climate-change-mitigation-in-the-uk,hydro-international.com,20230515T114500Z,English,United States
restoration of vegetated coastal ecosystems,blue carbon,National photographic award won by stunning beam pump photo,https://www.miragenews.com/national-photographic-award-won-by-stunning-1004977/,miragenews.com,20230512T034500Z,English,United States
restoration of vegetated coastal ecosystems,blue carbon,These 6 Waterfall Hikes Are Straight - Up Magical,https://www.backpacker.com/trips/five-must-see-summer-waterfalls/,backpacker.com,20230512T033000Z,English,United States
restoration of vegetated coastal ecosystems,blue carbon,Hyundai Motor to Protect Blue Carbon Ecosystems in Partnership with Korean Government Entities,https://www.webwire.com/ViewPressRel.asp?aId=304898,webwire.com,20230512T004500Z,English,United States
restoration of vegetated coastal ecosystems,blue carbon,Climate And Nature Action Go Hand In Hand : 3 Strategies For Leaders,https://www.forbes.com/sites/forbesbusinessdevelopmentcouncil/2023/05/11/climate-and-nature-action-go-hand-in-hand-3-strategies-for-leaders/,forbes.com,20230511T121500Z,English,United States
restoration of vegetated coastal ecosystems,blue carbon,Winnebago Industries and The Nature Conservancy Announce Strategic Partnership to Invest in ...,https://www.eagletribune.com/region/winnebago-industries-and-the-nature-conservancy-announce-strategic-partnership-to-invest-in/article_d7631943-31f8-5f0f-90e3-efe800fbb3da.html,eagletribune.com,20230509T170000Z,English,United States
restoration of vegetated coastal ecosystems,blue carbon,Stock Market | FinancialContent Business Page,https://markets.financialcontent.com/stocks/article/gnwcq-2023-5-9-winnebago-industries-and-the-nature-conservancy-announce-strategic-partnership-to-invest-in-conservation-restoration,markets.financialcontent.com,20230509T124500Z,English,United States
restoration of vegetated coastal ecosystems,blue carbon,"Google Pixel 7a : 6 . 1 - inch smartphone with OLED screen , 90Hz display , Google Tensor G2 , 8GB RAM and dual 64MP - 13MP primary camera",https://whatech.com/og/mobile/reviews/749258-google-pixel-7a-6-1-inch-smartphone-with-oled-screen-90hz-display-google-tensor-g2-8gb-ram-and-dual-64mp-13mp-primary-camera,whatech.com,20230508T044500Z,English,United States
restoration of vegetated coastal ecosystems,blue carbon,Company plans to revolutionize space travel as we know it :  Weve had people wanting to be the first marriage in space,http://www.msn.com/en-us/news/technology/company-plans-to-revolutionize-space-travel-as-we-know-it-we-ve-had-people-wanting-to-be-the-first-marriage-in-space/ar-AA1aP5W2,msn.com,20230506T134500Z,English,United States
restoration of vegetated coastal ecosystems,blue carbon,Caribbean Travel News And Deals,https://grenadachronicle.com/caribbean-travel-news-and-deals-5/,grenadachronicle.com,20230505T210000Z,English,United States
restoration of vegetated coastal ecosystems,blue carbon,Beneath The Waves and Hexagon win Geospatial World Leadership Award for advancing Blue Carbon research in The Bahamas,https://sensorsandsystems.com/beneath-the-waves-and-hexagon-win-geospatial-world-leadership-award-for-advancing-blue-carbon-research-in-the-bahamas/,sensorsandsystems.com,20230505T134500Z,English,United States
restoration of vegetated coastal ecosystems,blue carbon,Call for Proposals : ORRAA - UK Blue Planet Fund,https://www2.fundsforngos.org/latest-funds-for-ngos/call-for-proposals-orraa-uks-blue-planet-fund/,fundsforngos.org,20230504T080000Z,English,United States
restoration of vegetated coastal ecosystems,blue carbon,What New in The Bahamas in May 2023,https://eturbonews.com/whats-new-in-the-bahamas-in-may-2023/,eturbonews.com,20230503T214500Z,English,United States
restoration of vegetated coastal ecosystems,blue carbon,Game changing digital tool maps global blue carbon stocks,https://thefishsite.com/articles/game-changing-digital-tool-created-to-map-global-blue-carbon-stocks,thefishsite.com,20230503T110000Z,English,United States
restoration of vegetated coastal ecosystems,blue carbon,New annual SeaBank report makes economic case for protecting Southeast Alaska coastal ecosystems - Taku 105,https://www.taku105.com/news/news-of-the-north/new-annual-seabank-report-makes-economic-case-for-protecting-southeast-alaskas-coastal-ecosystems/,taku105.com,20230502T220000Z,English,United States
restoration of vegetated coastal ecosystems,blue carbon,WHAT NEW IN THE BAHAMAS IN MAY 2023,https://www.benzinga.com/pressreleases/23/05/n32168056/whats-new-in-the-bahamas-in-may-2023,benzinga.com,20230502T183000Z,English,United States
restoration of vegetated coastal ecosystems,blue carbon,AIMS Launches,https://www.miragenews.com/aims-launches-997970/,miragenews.com,20230502T171500Z,English,United States
restoration of vegetated coastal ecosystems,blue carbon,EAD leads initiatives in combatting climate change,https://www.bignewsnetwork.com/news/273804538/ead-leads-initiatives-in-combatting-climate-change,bignewsnetwork.com,20230501T124500Z,English,United States
restoration of vegetated coastal ecosystems,blue carbon,Why offshore wind is ripe for the united kingdom seaweed sector,https://thefishsite.com/articles/why-offshore-wind-is-ripe-for-the-uks-seaweed-sector-cultivocean,thefishsite.com,20230501T110000Z,English,United States
restoration of vegetated coastal ecosystems,blue carbon,Skeptical Science New Research for Week # 26 2023,https://skepticalscience.com/new_research_2023_26.html,skepticalscience.com,20230629T104500Z,English,United States
restoration of vegetated coastal ecosystems,blue carbon,Palau Blockchain Summit Sets the Stage for the Future of New Governance and Sustainability on Chain,https://brazilbusiness.einnews.com/pr_news/641972634/palau-blockchain-summit-sets-the-stage-for-the-future-of-new-governance-and-sustainability-on-chain,brazilbusiness.einnews.com,20230629T051500Z,English,United States
restoration of vegetated coastal ecosystems,blue carbon,Wood And Centrica Storage Explore Low - Carbon Hydrogen Production Hub,https://fuelcellsworks.com/news/wood-and-centrica-storage-explore-low-carbon-hydrogen-production-hub/,fuelcellsworks.com,20230626T150000Z,English,United States
restoration of vegetated coastal ecosystems,blue carbon,June Ocean Dialogue Gathers Momentum for Blue Climate Action,https://www.miragenews.com/june-ocean-dialogue-gathers-momentum-for-blue-1034483/,miragenews.com,20230626T141500Z,English,United States
restoration of vegetated coastal ecosystems,blue carbon,Caribbean Seagrasses Store Masses of Climate - Warming Carbon,https://www.technologynetworks.com/tn/news/caribbean-seagrasses-store-masses-of-climate-warming-carbon-375183,technologynetworks.com,20230622T181500Z,English,United States
restoration of vegetated coastal ecosystems,blue carbon,"Caribbean seagrasses provide services worth $255B annually , including vast carbon storage , study shows",https://www.sciencedaily.com/releases/2023/06/230621105442.htm,sciencedaily.com,20230622T141500Z,English,United States
restoration of vegetated coastal ecosystems,blue carbon,Buttigieg says  green corridor initiative is key to cutting shipping industry emissions,https://www.thetrucker.com/trucking-news/the-nation/buttigieg-says-green-corridors-initiative-is-key-to-cutting-shipping-industry-emissions,thetrucker.com,20230621T164500Z,English,United States
restoration of vegetated coastal ecosystems,blue carbon,Research Shows Caribbean Seagrasses Provide $255B Annual Services,https://www.miragenews.com/research-shows-caribbean-seagrasses-provide-1031560/,miragenews.com,20230621T141500Z,English,United States
restoration of vegetated coastal ecosystems,blue carbon,Kuva Space Aawarded €5M Commercial Contract To Be Sole Provider Of Hyperspectral Data Services For The Copernicus Program,https://spaceref.com/space-commerce/kuva-space-aawarded-e5m-commercial-contract-to-be-sole-provider-of-hyperspectral-data-services-for-the-copernicus-program/,spaceref.com,20230620T193000Z,English,United States
restoration of vegetated coastal ecosystems,blue carbon,Buttigieg Says U . S .  Green Corridor Initiative Key to Cutting Shipping Industry Emissions,https://www.mbtmag.com:443/global/news/22865224/buttigieg-says-us-green-corridors-initiative-key-to-cutting-shipping-industry-emissions,mbtmag.com,20230620T170000Z,English,United States
restoration of vegetated coastal ecosystems,blue carbon,Buttigieg Says U . S .  Green Corridor Initiative Key to Cutting Shipping Industry Emissions,https://www.inddist.com:443/logistics/news/22865224/buttigieg-says-us-green-corridors-initiative-key-to-cutting-shipping-industry-emissions,inddist.com,20230620T170000Z,English,United States
restoration of vegetated coastal ecosystems,blue carbon,Best Hiking Boots 2023 - Forbes Vetted,https://www.forbes.com/sites/forbes-personal-shopper/article/best-hiking-boots/,forbes.com,20230620T163000Z,English,United States
restoration of vegetated coastal ecosystems,blue carbon,Buttigieg Says U . S .  Green Corridor Initiative Key to Cutting Shipping Industry Emissions,https://www.manufacturing.net:443/laws-regulations/news/22865224/buttigieg-says-us-green-corridors-initiative-key-to-cutting-shipping-industry-emissions,manufacturing.net,20230620T150000Z,English,United States
restoration of vegetated coastal ecosystems,blue carbon,Buttigieg Promotes  Green Corridor for Ocean Shipping,https://www.ttnews.com/articles/buttigieg-ocean-shipping,ttnews.com,20230620T140000Z,English,United States
restoration of vegetated coastal ecosystems,blue carbon,Kuva Space Awarded €5M Commercial Contract to be Sole Provider of Hyperspectral Data Services for the Copernicus Program,https://www.azooptics.com/News.aspx?newsID=28334,azooptics.com,20230620T131500Z,English,United States
restoration of vegetated coastal ecosystems,blue carbon,Kuva Space awarded millions of euros with a commercial contract as the sole provider for Copernicus hyperspectral data services – SatNews,https://news.satnews.com/2023/06/19/kuva-space-awarded-millions-of-euros-with-a-commercial-contract-as-the-sole-provider-for-copernicus-hyperspectral-data-services/,news.satnews.com,20230620T070000Z,English,United States
restoration of vegetated coastal ecosystems,blue carbon,Buttigieg says US  green corridor initiative is key to cutting shipping industry emissions,https://www.stripes.com/theaters/asia_pacific/2023-06-20/us-green-corridors-asia-pacific-10490740.html,stripes.com,20230620T060000Z,English,United States
restoration of vegetated coastal ecosystems,blue carbon,Buttigieg says US  green corridor initiative key to cutting shipping industry emissions,https://abcnews.go.com/Business/wireStory/buttigieg-us-green-corridors-initiative-key-cutting-shipping-100191934,abcnews.go.com,20230619T161500Z,English,United States
restoration of vegetated coastal ecosystems,blue carbon,Buttigieg says US  green corridor initiative is key to cutting shipping industry emissions,https://abcnews.go.com/Business/wireStory/buttigieg-us-green-corridors-initiative-key-cutting-shipping-100191933,abcnews.go.com,20230619T161500Z,English,United States
restoration of vegetated coastal ecosystems,blue carbon,Buttigieg says US  green corridor initiative is key to cutting shipping industry emissions,https://www.timesunion.com/news/world/article/buttigieg-says-us-green-corridors-initiative-18159367.php,timesunion.com,20230619T161500Z,English,United States
restoration of vegetated coastal ecosystems,blue carbon,Buttigieg says US  green corridor initiative is key to cutting shipping industry emissions,https://www.thesunchronicle.com/business/buttigieg-says-us-green-corridors-initiative-is-key-to-cutting-shipping-industry-emissions/article_7a527381-fe9e-5e5f-a8aa-6aa924555e0b.html,thesunchronicle.com,20230619T161500Z,English,United States
restoration of vegetated coastal ecosystems,blue carbon,Buttigieg says US  green corridor initiative is key to cutting shipping industry emissions,https://www.middletownpress.com/news/world/article/buttigieg-says-us-green-corridors-initiative-18159367.php,middletownpress.com,20230619T153000Z,English,United States
restoration of vegetated coastal ecosystems,blue carbon,Buttigieg says US  green corridor initiative is key to cutting shipping industry emissions,https://apnews.com/article/technology-asia-pacific-business-world-news-china-146dd6f15c496400bd03405257fef865,apnews.com,20230619T153000Z,English,United States
restoration of vegetated coastal ecosystems,blue carbon,Buttigieg says US  green corridor initiative is key to cutting shipping industry emissions,https://www.courthousenews.com/buttigieg-says-us-green-corridors-initiative-is-key-to-cutting-shipping-industry-emissions/,courthousenews.com,20230619T150000Z,English,United States
restoration of vegetated coastal ecosystems,blue carbon,Buttigieg touts  green corridor initiative to cut shipping emissions,https://www.detroitnews.com/story/business/2023/06/19/buttigieg-touts-green-corridors-initiative-to-cut-shipping-emissions/70335263007/,detroitnews.com,20230619T150000Z,English,United States
restoration of vegetated coastal ecosystems,blue carbon,Buttigieg says US  green corridor initiative is key to cutting shipping industry emissions,https://abcnews.go.com/International/wireStory/buttigieg-us-green-corridors-initiative-key-cutting-shipping-100191916,abcnews.go.com,20230619T150000Z,English,United States
restoration of vegetated coastal ecosystems,blue carbon,Buttigieg says US  green corridor initiative is key to cutting shipping industry emissions,https://www.chron.com/news/world/article/buttigieg-says-us-green-corridors-initiative-18159367.php,chron.com,20230619T150000Z,English,United States
restoration of vegetated coastal ecosystems,blue carbon,Buttigieg says US  green corridor initiative is key to cutting shipping industry emissions,https://www.thehour.com/news/world/article/buttigieg-says-us-green-corridors-initiative-18159367.php,thehour.com,20230619T144500Z,English,United States
restoration of vegetated coastal ecosystems,blue carbon,Buttigieg says US  green corridor initiative is key to cutting shipping industry emissions,https://kdvr.com/news/technology/buttigieg-says-us-green-corridors-initiative-key-to-cutting-shipping-industry-emissions/,kdvr.com,20230619T144500Z,English,United States
restoration of vegetated coastal ecosystems,blue carbon,Buttigieg says US  green corridor initiative is key to cutting shipping industry emissions,https://www.michigansthumb.com/news/world/article/buttigieg-says-us-green-corridors-initiative-18159367.php,michigansthumb.com,20230619T144500Z,English,United States
restoration of vegetated coastal ecosystems,blue carbon,Buttigieg says US  green corridor initiative is key to cutting shipping industry emissions,https://www.sfgate.com/news/world/article/buttigieg-says-us-green-corridors-initiative-18159367.php,sfgate.com,20230619T144500Z,English,United States
restoration of vegetated coastal ecosystems,blue carbon,The Nashville Ledger,http://www.tnledger.com/editorial/Article.aspx?id=166696,tnledger.com,20230619T144500Z,English,United States
restoration of vegetated coastal ecosystems,blue carbon,Buttigieg says US  green corridor initiative key to cutting shipping industry emissions,https://www.greenwichtime.com/news/world/article/buttigieg-says-us-green-corridors-initiative-18159367.php,greenwichtime.com,20230619T140000Z,English,United States
restoration of vegetated coastal ecosystems,blue carbon,Buttigieg says US  green corridor initiative key to cutting shipping industry emissions,https://www.stamfordadvocate.com/news/world/article/buttigieg-says-us-green-corridors-initiative-18159367.php,stamfordadvocate.com,20230619T134500Z,English,United States
restoration of vegetated coastal ecosystems,blue carbon,Buttigieg says US  green corridor initiative key to cutting shipping industry emissions,https://www.nhregister.com/news/world/article/buttigieg-says-us-green-corridors-initiative-18159367.php,nhregister.com,20230619T134500Z,English,United States
restoration of vegetated coastal ecosystems,blue carbon,Buttigieg says US  green corridor initiative key to cutting shipping industry emissions,https://www.swoknews.com/ap/business/buttigieg-says-us-green-corridors-initiative-key-to-cutting-shipping-industry-emissions/article_be3799c6-bf45-5680-9b6e-d528dbc86b0b.html,swoknews.com,20230619T133000Z,English,United States
restoration of vegetated coastal ecosystems,blue carbon,Buttigieg says US  green corridor initiative key to cutting shipping industry emissions,https://www.newstimes.com/news/world/article/buttigieg-says-us-green-corridors-initiative-18159367.php,newstimes.com,20230619T130000Z,English,United States
restoration of vegetated coastal ecosystems,blue carbon,Buttigieg says US  green corridor initiative key to cutting shipping industry emissions,https://abcnews.go.com/US/wireStory/buttigieg-us-green-corridors-initiative-key-cutting-shipping-100191914,abcnews.go.com,20230619T130000Z,English,United States
restoration of vegetated coastal ecosystems,blue carbon,Buttigieg says US  green corridor initiative key to cutting shipping industry emissions – Metro US,https://www.metro.us/buttigieg-says-us-green-corridors-initiative-key-to-cutting-shipping-industry-emissions/,metro.us,20230619T130000Z,English,United States
restoration of vegetated coastal ecosystems,blue carbon,Buttigieg says US  green corridor initiative key to cutting shipping industry emissions,https://www.local10.com/business/2023/06/19/buttigieg-says-us-green-corridors-initiative-key-to-cutting-shipping-industry-emissions/,local10.com,20230619T130000Z,English,United States
restoration of vegetated coastal ecosystems,blue carbon,Buttigieg says US  green corridor initiative key to cutting shipping industry emissions,https://www.kob.com/news/business-money/buttigieg-says-us-green-corridors-initiative-key-to-cutting-shipping-industry-emissions/,kob.com,20230619T130000Z,English,United States
restoration of vegetated coastal ecosystems,blue carbon,Buttigieg says US  green corridor initiative key to cutting shipping industry emissions,https://news.yahoo.com/buttigieg-says-us-green-corridors-122536780.html,news.yahoo.com,20230619T130000Z,English,United States
restoration of vegetated coastal ecosystems,blue carbon,,https://www.miragenews.com/aims-ceo-to-step-down-from-role-after-six-years-1029335/,miragenews.com,20230618T224500Z,English,United States
restoration of vegetated coastal ecosystems,blue carbon,Bentley Motors Announces the Launch of the Bentley Environmental Foundation,https://www.webwire.com/ViewPressRel.asp?aId=306552,webwire.com,20230615T004500Z,English,United States
restoration of vegetated coastal ecosystems,blue carbon,Ocean - based techniques and their carbon capture potential,https://www.bignewsnetwork.com/news/273865780/ocean-based-techniques-and-their-carbon-capture-potential,bignewsnetwork.com,20230614T234500Z,English,United States
restoration of vegetated coastal ecosystems,blue carbon,Cognizant Introduces Cognizant® Ocean to Help Ocean Industries Navigate the Effects of Over - Exploitation and Climate Change,http://www.itnewsonline.com/PRNewswire/Cognizant-Introduces-Cognizant-Ocean-to-Help-Ocean-Industries-Navigate-the-Effects-of-Over-Exploitation-and-Climate-Change/926465,itnewsonline.com,20230614T093000Z,English,United States
restoration of vegetated coastal ecosystems,blue carbon,2023 Cadillac CT5 - V Blackwing Gets Argent Silver Metallic,https://gmauthority.com/blog/2023/06/2023-cadillac-ct5-v-blackwing-gets-new-argent-silver-metallic-color-first-look/,gmauthority.com,20230614T010000Z,English,United States
restoration of vegetated coastal ecosystems,blue carbon,Only YETI Can Get Away With Selling a $400 Cast Iron Pan,https://gearjunkie.com/camping/cooking/yeti-cast-iron-skillet,gearjunkie.com,20230613T184500Z,English,United States
restoration of vegetated coastal ecosystems,blue carbon,Exmouth Gulf and Ningaloo threatened by proposed giant saltworks,https://www.miragenews.com/exmouth-gulf-and-ningaloo-threatened-by-1024833/,miragenews.com,20230612T100000Z,English,United States
restoration of vegetated coastal ecosystems,blue carbon,Mary Kay Celebrates Oceans Week by Reaffirming Partnership With the Nature Conservancy,https://www.eagletribune.com/region/mary-kay-celebrates-oceans-week-by-reaffirming-partnership-with-the-nature-conservancy/article_8db8388b-19ff-5732-bab7-fe6c2b34448d.html,eagletribune.com,20230608T183000Z,English,United States
restoration of vegetated coastal ecosystems,blue carbon,"We Need to Talk About Deep Blue Carbon , Say Climate Change Experts",https://www.ipsnews.net/2023/06/we-need-to-talk-about-deep-blue-carbon/,ipsnews.net,20230608T091500Z,English,United States
restoration of vegetated coastal ecosystems,blue carbon,Capturing Carbon With Machines Is a Failure So Why Are We Subsidizing It ?,https://www.counterpunch.org/2023/06/08/capturing-carbon-with-machines-is-a-failure-so-why-are-we-subsidizing-it-2/,counterpunch.org,20230608T070000Z,English,United States
restoration of vegetated coastal ecosystems,blue carbon,Is Blue Carbon Solution to Climate Change in Fiords ?,https://www.miragenews.com/is-blue-carbon-solution-to-climate-change-in-1022809/,miragenews.com,20230608T040000Z,English,United States
restoration of vegetated coastal ecosystems,blue carbon,"Port of Seattle studying how eelgrass , kelp impacts water quality",https://www.king5.com/article/tech/science/environment/port-of-seattle-eelgrass-kelp-oysters-water-quaity/281-7e4c95ce-168e-4d19-b9e7-49d88b4e6758,king5.com,20230608T011500Z,English,United States
restoration of vegetated coastal ecosystems,blue carbon,Scientific breakthrough announced to help solve beached seaweed problem in Caribbean,https://grenadachronicle.com/scientific-breakthrough-announced-to-help-solve-beached-seaweed-problem-in-caribbean/,grenadachronicle.com,20230606T023000Z,English,United States
restoration of vegetated coastal ecosystems,blue carbon,Quantifying mangrove value as a climate solution and economic engine,https://yubanet.com/scitech/quantifying-mangroves-value-as-a-climate-solution-and-economic-engine/,yubanet.com,20230605T231500Z,English,United States
restoration of vegetated coastal ecosystems,blue carbon,"The stories about whales helping tackle climate change are overblown , says new research",https://phys.org/news/2023-06-stories-whales-tackle-climate-overblown.html,phys.org,20230605T163000Z,English,United States
restoration of vegetated coastal ecosystems,blue carbon,Quantifying mangrove value as a climate solution and economic engine : Findings hold lessons for coastal countries looking for ways to balance climate goals under the Paris Agreement with economic development .,https://www.sciencedaily.com/releases/2023/06/230601155954.htm,sciencedaily.com,20230604T230000Z,English,United States
restoration of vegetated coastal ecosystems,blue carbon,Quantifying Mangrove Value As A Climate Solution And Economic Engine – Eurasia Review,https://www.eurasiareview.com/02062023-quantifying-mangroves-value-as-a-climate-solution-and-economic-engine/,eurasiareview.com,20230603T000000Z,English,United States
restoration of vegetated coastal ecosystems,blue carbon,"Progressive Charlestown : Save the shore , save the planet",https://www.progressive-charlestown.com/2023/06/save-shore-save-planet.html,progressive-charlestown.com,20230602T223000Z,English,United States
restoration of vegetated coastal ecosystems,blue carbon,Be Engaged : Oregon unique beach and dune environments | Local News,https://theworldlink.com/news/local/be-engaged-oregon-s-unique-beach-and-dune-environments/article_89ee9015-a4ef-5735-a6fd-c690ebed1f8b.html,theworldlink.com,20230602T181500Z,English,United States
restoration of vegetated coastal ecosystems,blue carbon,Be Engaged : Oregon unique beach and dune environments | News | tillamookheadlightherald . com,https://www.tillamookheadlightherald.com/news/be-engaged-oregon-s-unique-beach-and-dune-environments/article_c9614533-d865-5d6a-bcb4-3c82e0a7324e.html,tillamookheadlightherald.com,20230602T181500Z,English,United States
restoration of vegetated coastal ecosystems,blue carbon,World Environment Day : Open Grants for NGOs and Individuals to Protect Biodiversity and beat the Plastic Pollution,https://www2.fundsforngos.org/listing/world-environment-day-open-grants-for-ngos-and-individuals-to-protect-biodiversity-and-beat-the-plastic-pollution/,fundsforngos.org,20230602T144500Z,English,United States
restoration of vegetated coastal ecosystems,blue carbon,Calculating the Economic and Climatic Benefits of Mangroves,https://www.azocleantech.com/news.aspx?newsID=33493,azocleantech.com,20230602T144500Z,English,United States
restoration of vegetated coastal ecosystems,blue carbon,"Flying drones and chasing data , Indigenous women in Guyana join fight against climate change",https://www.chron.com/news/world/article/flying-drones-and-chasing-data-indigenous-women-18118114.php,chron.com,20230602T033000Z,English,United States
restoration of vegetated coastal ecosystems,blue carbon,Dubai - Based Blue Carbon Signs MOU With Zimbabwe on Carbon Credits From Landmass,https://www.bloomberg.com/news/articles/2023-09-29/zimbabwe-uae-firm-sign-1-5-billion-carbon-credit-financing-mou,bloomberg.com,20230929T183000Z,English,United States
restoration of vegetated coastal ecosystems,blue carbon,Fight against climate change is happening under water,https://www.miragenews.com/fight-against-climate-change-is-happening-under-1094937/,miragenews.com,20230929T174500Z,English,United States
restoration of vegetated coastal ecosystems,blue carbon,Skeptical Science New Research for Week # 39 2023,https://skepticalscience.com/new_research_2023_39.html,skepticalscience.com,20230928T074500Z,English,United States
restoration of vegetated coastal ecosystems,blue carbon,Long - term decline in GBR dugong populations confirmed,https://www.miragenews.com/long-term-decline-in-gbr-dugong-populations-1093528/,miragenews.com,20230928T020000Z,English,United States
restoration of vegetated coastal ecosystems,blue carbon,How This Popular Climate  Solution  Could Tank Our Progress,https://news.yahoo.com/popular-climate-solution-could-tank-100000943.html,news.yahoo.com,20230927T113000Z,English,United States
restoration of vegetated coastal ecosystems,blue carbon,"Klimat X and Pomeroon , Participate in Ground - breaking Ceremony with His Excellency C . H . Santokhi , President of Suriname",https://finance.yahoo.com/news/klimat-x-pomeroon-participate-ground-100000045.html,finance.yahoo.com,20230927T103000Z,English,United States
restoration of vegetated coastal ecosystems,blue carbon,Duncan Aviation Delivers Falcon 900EX With Unique Features,http://aero-news.net/EmailArticle.cfm?do=main.textpost&id=ce13a5a1-ef92-4db4-91a6-751edf318718,aero-news.net,20230924T210000Z,English,United States
restoration of vegetated coastal ecosystems,blue carbon,"UAE committed to protecting mangroves , enhancing their natural habitats",https://www.bignewsnetwork.com/news/273976439/uae-committed-to-protecting-mangroves-enhancing-their-natural-habitats,bignewsnetwork.com,20230923T083000Z,English,United States
restoration of vegetated coastal ecosystems,blue carbon,BAC Mono Experiments With Novel Colored Carbon Fiber,https://carbuzz.com/news/bac-mono-experiments-with-novel-colored-carbon-fiber,carbuzz.com,20230922T084500Z,English,United States
restoration of vegetated coastal ecosystems,blue carbon,El Niño : What does it mean for Great Barrier Reef ?,https://www.miragenews.com/el-nino-what-does-it-mean-for-great-barrier-reef-1089819/,miragenews.com,20230922T001500Z,English,United States
restoration of vegetated coastal ecosystems,blue carbon,Can Oceans Store More CO2 to Help With Climate Change ?,https://www.azocleantech.com/news.aspx?newsID=34017,azocleantech.com,20230920T120000Z,English,United States
restoration of vegetated coastal ecosystems,blue carbon,How Tunisia Became Europe Border Guard – Foreign Policy,https://foreignpolicy.com/2023/09/20/migration-tunisia-lampedusa-borders-kais-saied-europe-eu-italy/,foreignpolicy.com,20230920T093000Z,English,United States
restoration of vegetated coastal ecosystems,blue carbon,How Tunisia Became Europe Border Guard – Foreign Policy,https://foreignpolicy.com/2023/09/20/migration-tunisia-lampedusa-borders-kais-saied-europe-eu-italy/?tpcc=recirc_trending062921,foreignpolicy.com,20230920T071500Z,English,United States
restoration of vegetated coastal ecosystems,blue carbon,"Refreshed 2025 Cadillac CT5 - V , CT5 - V Blackwing Coming Soon",https://gmauthority.com/blog/2023/09/refreshed-2025-cadillac-ct5-v-ct5-v-blackwing-coming-soon/,gmauthority.com,20230919T100000Z,English,United States
restoration of vegetated coastal ecosystems,blue carbon,See Custom Porsche 911 GT3 Get Removable Paint That Peels Off Like A Wrap,https://www.motor1.com/news/687293/porsche-911-gt3-removable-paint-peels-off/,motor1.com,20230918T233000Z,English,United States
restoration of vegetated coastal ecosystems,blue carbon,Study Exposes Forest Carbon Credit Schemes to Offset Fossil Fuels as  Pipe Dream,https://alaska-native-news.com/study-exposes-forest-carbon-credit-schemes-to-offset-fossil-fuels-as-pipe-dream/69860/,alaska-native-news.com,20230918T141500Z,English,United States
restoration of vegetated coastal ecosystems,blue carbon,Coastal News Today | AUS - Australia first National Ocean Accounts,https://www.coastalnewstoday.com/post/aus-australias-first-national-ocean-accounts,coastalnewstoday.com,20230918T063000Z,English,United States
restoration of vegetated coastal ecosystems,blue carbon,Growing markets could boost demand for cultured seaweed,https://thefishsite.com/articles/growing-markets-could-boost-demand-for-cultured-seaweed,thefishsite.com,20230915T150000Z,English,United States
restoration of vegetated coastal ecosystems,blue carbon,WWF : Hearings in case brought by small island states a  significant step  toward defining countrie climate obligations,https://www.webwire.com/ViewPressRel.asp?aId=310884,webwire.com,20230912T124500Z,English,United States
restoration of vegetated coastal ecosystems,blue carbon,A new climate solution could involve cropland and volcanic rocks,https://www.popsci.com/environment/volcanic-rock-farm-carbon-sequestration/,popsci.com,20230908T174500Z,English,United States
restoration of vegetated coastal ecosystems,blue carbon,New study highlights feasibility and optimization of ammonia - based power generation for carbon neutrality,https://techxplore.com/news/2023-09-highlights-feasibility-optimization-ammonia-based-power.html,techxplore.com,20230908T164500Z,English,United States
restoration of vegetated coastal ecosystems,blue carbon,"BetterWorld to Launch WeFunder Campaign in September , Revolutionizing The Way Sustainable Businesses Scale Their Impact",https://www.prnewswire.com/news-releases/betterworld-to-launch-wefunder-campaign-in-september-revolutionizing-the-way-sustainable-businesses-scale-their-impact-301921217.html,prnewswire.com,20230907T184500Z,English,United States
restoration of vegetated coastal ecosystems,blue carbon,JWST gazes into the dark molecular clouds at the heart of the Milky Way,https://phys.org/news/2023-09-jwst-dark-molecular-clouds-heart.html,phys.org,20230907T173000Z,English,United States
restoration of vegetated coastal ecosystems,blue carbon,Skeptical Science New Research for Week # 36 2023,https://skepticalscience.com/new_research_2023_36.html,skepticalscience.com,20230907T100000Z,English,United States
restoration of vegetated coastal ecosystems,blue carbon,JWST Gazes into the Dark Molecular Clouds at the Heart of the Milky Way,https://www.universetoday.com/163010/jwst-gazes-into-the-dark-molecular-clouds-at-the-heart-of-the-milky-way/,universetoday.com,20230906T211500Z,English,United States
restoration of vegetated coastal ecosystems,blue carbon,Managing pests to protect our unique marine environment,https://www.miragenews.com/managing-pests-to-protect-our-unique-marine-1078530/,miragenews.com,20230906T041500Z,English,United States
restoration of vegetated coastal ecosystems,blue carbon,First African Emissions Reduction Platform to Begin Trading,https://www.bloomberg.com/news/articles/2022-10-03/africa-s-first-emissions-reduction-platform-to-start-trading-tokens-this-quarter,bloomberg.com,20230904T064500Z,English,United States
restoration of vegetated coastal ecosystems,blue carbon,"After studying more than 1 , 500 coastal ecosystems , researchers say they will drown if we let the world warm above 2C",https://phys.org/news/2023-08-coastal-ecosystems-world-2c.html,phys.org,20230903T191500Z,English,United States
restoration of vegetated coastal ecosystems,blue carbon,GM To Replace Incorrect 2023 Cadillac CT5 Shifters,https://gmauthority.com/blog/2023/09/gm-to-replace-incorrect-2023-cadillac-ct5-shifters/,gmauthority.com,20230903T093000Z,English,United States
restoration of vegetated coastal ecosystems,blue carbon,Environment Agency - Abu Dhabi successfully completes first - of - its kind acoustic survey of UAE waters,https://www.tucsonpost.com/news/273952686/environment-agency---abu-dhabi-successfully-completes-first-of-its-kind-acoustic-survey-of-uae-waters,tucsonpost.com,20230902T130000Z,English,United States
restoration of vegetated coastal ecosystems,blue carbon,Shell Quietly Ditches Failed Carbon Credit Scheme,https://www.infowars.com/posts/shell-quietly-ditches-failed-carbon-credit-scheme/,infowars.com,20230902T114500Z,English,United States
restoration of vegetated coastal ecosystems,blue carbon,Environment Agency - Abu Dhabi successfully completes first - of - its kind acoustic survey of UAE waters,https://www.oklahomacitysun.com/news/273952686/environment-agency---abu-dhabi-successfully-completes-first-of-its-kind-acoustic-survey-of-uae-waters,oklahomacitysun.com,20230902T091500Z,English,United States
restoration of vegetated coastal ecosystems,blue carbon,Shell Quietly Ditches Failed Carbon Credit Scheme,https://www.zerohedge.com/political/shell-quietly-ditches-failed-carbon-credit-scheme,zerohedge.com,20230902T043000Z,English,United States
restoration of vegetated coastal ecosystems,blue carbon,"On some Australian islands , sea level rise may be helping mangroves thrive",https://www.sciencenews.org/article/australia-island-sea-level-rise-mangroves-thrive,sciencenews.org,20231101T013000Z,English,United States
restoration of vegetated coastal ecosystems,blue carbon,Blue Carbon 101 : Everything You Need to Know,https://www.ecowatch.com/blue-carbon-facts-ecowatch.html,ecowatch.com,20231025T234500Z,English,United States
restoration of vegetated coastal ecosystems,blue carbon,Government of Kenya Accelerates Towards Compliance Market with UAE Blue Carbon under Article 6,https://www.benzinga.com/pressreleases/23/10/35416798/government-of-kenya-accelerates-towards-compliance-market-with-uaes-blue-carbon-under-article-6,benzinga.com,20231025T153000Z,English,United States
restoration of vegetated coastal ecosystems,blue carbon,Government of Kenya Accelerates Towards Compliance Market with UAE Blue Carbon under Article 6,https://finance.yahoo.com/news/government-kenya-accelerates-towards-compliance-141500836.html,finance.yahoo.com,20231025T150000Z,English,United States
restoration of vegetated coastal ecosystems,blue carbon,Ferrari SP - 8 is a Special One - Off Ferrari Based on the F8 Spider,https://www.caranddriver.com/news/a45625908/ferrari-sp-8-details/,caranddriver.com,20231024T213000Z,English,United States
restoration of vegetated coastal ecosystems,blue carbon,Balancing latency and sustainability,https://www.cio.com/article/655249/balancing-latency-and-sustainability.html,cio.com,20231023T133000Z,English,United States
restoration of vegetated coastal ecosystems,blue carbon,ICESCO grants EAD Secretary General Kingdom of Saudi Arabia Award for Environmental Management in Islamic World,https://www.bignewsnetwork.com/news/274004757/icesco-grants-ead-secretary-general-kingdom-of-saudi-arabia-award-for-environmental-management-in-islamic-world,bignewsnetwork.com,20231019T184500Z,English,United States
restoration of vegetated coastal ecosystems,blue carbon,AIMS Investigates Seaweed as Blue Carbon Solution for Planet,https://www.miragenews.com/aims-investigates-seaweed-as-blue-carbon-1106375/,miragenews.com,20231018T223000Z,English,United States
restoration of vegetated coastal ecosystems,blue carbon,AIMS to Investigate Seaweed as Blue Carbon Solution,https://www.miragenews.com/aims-to-investigate-seaweed-as-blue-carbon-1106382/,miragenews.com,20231018T223000Z,English,United States
restoration of vegetated coastal ecosystems,blue carbon,President Biden thinks the future of renewable energy lies in hydrogen,https://www.vox.com/climate/23900109/hydrogen-green-energy-hubs-biden,vox.com,20231016T231500Z,English,United States
restoration of vegetated coastal ecosystems,blue carbon,"EAD , Dendra Systems advancing mangrove restoration via technological applications",https://www.bignewsnetwork.com/news/273998302/ead-dendra-systems-advancing-mangrove-restoration-via-technological-applications,bignewsnetwork.com,20231013T143000Z,English,United States
restoration of vegetated coastal ecosystems,blue carbon,Blue Carbon Landmark Zimbabwe Deal Highlights Growing,https://www.globenewswire.com/news-release/2023/10/06/2756158/0/en/Blue-Carbon-s-Landmark-Zimbabwe-Deal-Highlights-Growing-Significance-of-Forest-Carbon-Markets.html,globenewswire.com,20231006T141500Z,English,United States
restoration of vegetated coastal ecosystems,blue carbon,$15M Boost for Great Barrier Reef Habitat Restoration,https://www.miragenews.com/15m-boost-for-great-barrier-reef-habitat-1098734/,miragenews.com,20231006T041500Z,English,United States
restoration of vegetated coastal ecosystems,blue carbon,$15 million to restore coastal habitat,https://www.miragenews.com/15-million-to-restore-coastal-habitat-1098606/,miragenews.com,20231006T011500Z,English,United States
restoration of vegetated coastal ecosystems,blue carbon,Environmental News Network - A Fight Against Climate Change is Happening Under Water,https://www.enn.com/articles/73405-a-fight-against-climate-change-is-happening-under-water,enn.com,20231002T213000Z,English,United States
restoration of vegetated coastal ecosystems,blue carbon,Africa hopes for starring role if carbon offsets market can overcome credibility crisis,https://www.reuters.com/sustainability/land-use-biodiversity/africa-hopes-starring-role-if-carbon-offsets-market-can-overcome-credibility-2023-10-02/,reuters.com,20231002T133000Z,English,United States
restoration of vegetated coastal ecosystems,blue carbon,"Can You Insure a Coral Reef ? With the Right Formula , the Answer is Yes",https://maritime-executive.com/editorials/can-you-insure-a-coral-reef-with-the-right-partners-the-answer-is-yes,maritime-executive.com,20231002T020000Z,English,United States
restoration of vegetated coastal ecosystems,blue carbon,CF Industries Completes Acquisition of Waggaman Ammonia Production Facility,https://www.tmcnet.com/usubmit/-cf-industries-completes-acquisition-waggaman-ammonia-production-facility-/2023/12/01/9926679.htm,tmcnet.com,20231201T160000Z,English,United States
restoration of vegetated coastal ecosystems,blue carbon,Tanzania signs major carbon credit deal covering national parks,https://news.yahoo.com/tanzania-signs-major-carbon-credit-104148031.html,news.yahoo.com,20231201T111500Z,English,United States
restoration of vegetated coastal ecosystems,blue carbon,Could carbon credits be Africa next big export ?,https://www.economist.com/middle-east-and-africa/2023/11/30/could-carbon-credits-be-africas-next-big-export,economist.com,20231130T200000Z,English,United States
restoration of vegetated coastal ecosystems,blue carbon,The Ocean Is Our Best Chance To Survive Climate Change,https://time.com/6341040/ocean-climate-change-cop-28/,time.com,20231130T191500Z,English,United States
restoration of vegetated coastal ecosystems,blue carbon,What makes salt marshes such effective carbon capturers ?,https://www.euronews.com/green/2023/11/28/what-makes-salt-marshes-such-effective-carbon-capturers,euronews.com,20231128T180000Z,English,United States
restoration of vegetated coastal ecosystems,blue carbon,16 Cyber Monday Cookware Deals That Will Seriously Upgrade Your Kitchen,https://www.bonappetit.com/story/cookware-cyber-monday,bonappetit.com,20231127T174500Z,English,United States
restoration of vegetated coastal ecosystems,blue carbon,2024 Corvette E - Ray Offers New Rapid Blue Badges,https://gmauthority.com/blog/2023/11/2024-corvette-e-ray-offers-new-rapid-blue-badges/,gmauthority.com,20231126T140000Z,English,United States
restoration of vegetated coastal ecosystems,blue carbon,A UAE company has secured African land the size of the united kingdom . It could be used to  offset  the nation big carbon footprint | National & World News,https://www.news8000.com/news/national-world/a-uae-company-has-secured-african-land-the-size-of-the-uk-it-could-be/article_645c51e5-5717-5d45-b03c-2a2ba0aad45e.html,news8000.com,20231122T100000Z,English,United States
restoration of vegetated coastal ecosystems,blue carbon,A UAE company has secured African land the size of the united kingdom . It could be used to offset the nation big carbon footprint,https://localnews8.com/news/national-world/cnn-world/2023/11/21/the-uae-is-hosting-the-worlds-biggest-annual-climate-summit-its-also-planning-a-massive-fossil-fuel-expansion/,localnews8.com,20231122T093000Z,English,United States
restoration of vegetated coastal ecosystems,blue carbon,The UAE is hosting the world biggest annual climate summit . It also planning a massive fossil fuel expansion,https://www.yahoo.com/news/uae-hosting-world-biggest-annual-050130148.html,yahoo.com,20231122T061500Z,English,United States
restoration of vegetated coastal ecosystems,blue carbon,The UAE is hosting the world biggest annual climate summit . It also planning a massive fossil fuel expansion,https://news.yahoo.com/uae-hosting-world-biggest-annual-050130148.html,news.yahoo.com,20231122T060000Z,English,United States
restoration of vegetated coastal ecosystems,blue carbon,The UAE is hosting the world biggest annual climate summit . It also planning a massive fossil fuel expansion,https://www.wral.com/story/the-uae-is-hosting-the-world-s-biggest-annual-climate-summit-it-s-also-planning-a-massive-fossil-fuel-expansion/21162550/,wral.com,20231122T060000Z,English,United States
restoration of vegetated coastal ecosystems,blue carbon,Climate : The UAE is hosting the world biggest annual summit . It also planning a massive fossil fuel expansion,https://us.cnn.com/2023/11/22/climate/uae-cop28-adnoc-fossil-fuels-expansion-climate-intl/,us.cnn.com,20231122T054500Z,English,United States
restoration of vegetated coastal ecosystems,blue carbon,Audi S4 Gets Unique Paint Job Using 7 Carbon Pearl Paints Mixed Together,https://carbuzz.com/news/audi-s4-gets-unique-paint-job-using-7-carbon-pearl-paints-mixed-together,carbuzz.com,20231119T211500Z,English,United States
restoration of vegetated coastal ecosystems,blue carbon,Seaweed 101 : Everything You Need to Know,https://www.ecowatch.com/seaweed-facts-ecowatch.html,ecowatch.com,20231116T193000Z,English,United States
restoration of vegetated coastal ecosystems,blue carbon,UNWTO shakes up financing for tourism climate action with UN NetZero Facility,https://www.traveldailynews.com/organizations/world-tourism-organization/unwto-shakes-up-financing-for-tourism-climate-action-with-un-netzero-facility/,traveldailynews.com,20231116T130000Z,English,United States
restoration of vegetated coastal ecosystems,blue carbon,UNWTO Shakes Up Financing for Tourism Climate Action with UN NetZero Facility,https://www.hospitalitynet.org/news/4119163.html,hospitalitynet.org,20231116T123000Z,English,United States
restoration of vegetated coastal ecosystems,blue carbon,Skeptical Science New Research for Week # 46 2023,https://skepticalscience.com/new_research_2023_46.html,skepticalscience.com,20231116T120000Z,English,United States
restoration of vegetated coastal ecosystems,blue carbon,National report features Indigenous climate change data from local researchers,https://www.hawaiipublicradio.org/local-news/2023-11-15/national-report-features-indigenous-climate-change-data-from-local-researchers,hawaiipublicradio.org,20231115T234500Z,English,United States
restoration of vegetated coastal ecosystems,blue carbon,CF Industries Announces Expiration of Hart - Scott - Rodino Act Waiting Period for Waggaman Ammonia Production Facility Acquisition,https://www.streetinsider.com/Business+Wire/CF+Industries+Announces+Expiration+of+Hart-Scott-Rodino+Act+Waiting+Period+for+Waggaman+Ammonia+Production+Facility+Acquisition/22420595.html,streetinsider.com,20231115T220000Z,English,United States
restoration of vegetated coastal ecosystems,blue carbon,Olivia Key studies seagrass | UNC - Chapel Hill,https://www.unc.edu/posts/2023/11/15/olivia-key-studies-seagrass/,unc.edu,20231115T213000Z,English,United States
restoration of vegetated coastal ecosystems,blue carbon,"UNWTO , UN NetZero Facility Revamp Tourism Climate Action Funding",https://www.miragenews.com/unwto-un-netzero-facility-revamp-tourism-1124258/,miragenews.com,20231115T150000Z,English,United States
restoration of vegetated coastal ecosystems,blue carbon,Raleigh climate tech company Natrx lands $1M grant from NSF,https://wraltechwire.com/2023/11/15/raleigh-climate-tech-company-natrx-lands-1m-grant-from-nsf/,wraltechwire.com,20231115T120000Z,English,United States
restoration of vegetated coastal ecosystems,blue carbon,"Carbon Streaming Announces Financial Results for the Three and Nine Months Ended September 30 , 2023","https://www.streetinsider.com/Business+Wire/Carbon+Streaming+Announces+Financial+Results+for+the+Three+and+Nine+Months+Ended+September+30,+2023/22415159.html",streetinsider.com,20231115T031500Z,English,United States
restoration of vegetated coastal ecosystems,blue carbon,Thanksgiving Turkey Recipes : 16 Holiday Classics,https://www.sunset.com/food-wine/holidays-occasions/thanksgiving-turkey-recipes,sunset.com,20231113T154500Z,English,United States
restoration of vegetated coastal ecosystems,blue carbon,Experts Call for Greater Role for the Ocean at Climate Talks,https://www.maritime-executive.com/editorials/experts-call-for-greater-role-for-the-ocean-at-climate-talks,maritime-executive.com,20231112T221500Z,English,United States
restoration of vegetated coastal ecosystems,blue carbon,Messer joins forces with Sulzer for  pioneering  CCU plant in Austrian Alps | CCUS,https://www.gasworld.com/story/sulzers-advanced-technologies-used-for-carbon-capture-plant-in-austrian-alps/2130257.article/,gasworld.com,20231110T171500Z,English,United States
restoration of vegetated coastal ecosystems,blue carbon,Pakistan is planting lots of mangrove forests . So why are some upset ?,https://www.kwbu.org/latest-from-npr/2023-11-10/pakistan-is-planting-lots-of-mangrove-forests-so-why-are-some-upset,kwbu.org,20231110T143000Z,English,United States
restoration of vegetated coastal ecosystems,blue carbon,Pakistan is planting lots of mangrove forests . So why are some upset ?,https://www.klcc.org/npr-world-news/2023-11-10/pakistan-is-planting-lots-of-mangrove-forests-so-why-are-some-upset,klcc.org,20231110T124500Z,English,United States
restoration of vegetated coastal ecosystems,blue carbon,Pakistan is planting lots of mangrove forests – so why are some upset ? : NPR,https://www.npr.org/2023/11/10/1208201179/pakistan-is-planting-lots-of-mangrove-forests-so-why-are-some-upset,npr.org,20231110T120000Z,English,United States
restoration of vegetated coastal ecosystems,blue carbon,Pakistan is planting lots of mangrove forests . So why are some upset ?,https://www.wuwf.org/2023-11-10/pakistan-is-planting-lots-of-mangrove-forests-so-why-are-some-upset,wuwf.org,20231110T120000Z,English,United States
restoration of vegetated coastal ecosystems,blue carbon,Pakistan is planting lots of mangrove forests . So why are some upset ?,https://www.wbaa.org/2023-11-10/pakistan-is-planting-lots-of-mangrove-forests-so-why-are-some-upset,wbaa.org,20231110T120000Z,English,United States
restoration of vegetated coastal ecosystems,blue carbon,Pakistan is planting lots of mangrove forests . So why are some upset ?,https://www.kasu.org/environment-infrastructure/2023-11-10/pakistan-is-planting-lots-of-mangrove-forests-so-why-are-some-upset,kasu.org,20231110T111500Z,English,United States
restoration of vegetated coastal ecosystems,blue carbon,Pakistan is planting lots of mangrove forests . So why are some upset ?,https://www.wemu.org/npr-national-news/2023-11-10/pakistan-is-planting-lots-of-mangrove-forests-so-why-are-some-upset,wemu.org,20231110T110000Z,English,United States
restoration of vegetated coastal ecosystems,blue carbon,Pakistan is planting lots of mangrove forests . So why are some upset ?,https://www.wxxinews.org/npr-news/2023-11-10/pakistan-is-planting-lots-of-mangrove-forests-so-why-are-some-upset,wxxinews.org,20231110T110000Z,English,United States
restoration of vegetated coastal ecosystems,blue carbon,Kenya Ogiek people being evicted for carbon credits,https://news.yahoo.com/kenyas-ogiek-people-being-evicted-104142490.html,news.yahoo.com,20231109T111500Z,English,United States
restoration of vegetated coastal ecosystems,blue carbon,Indian Motorcycle & 100 % Unveil Exclusive FTR R Carbon Edition,https://stupiddope.com/2023/11/indian-motorcycle-100-unveil-exclusive-ftr-r-carbon-edition/,stupiddope.com,20231108T183000Z,English,United States
restoration of vegetated coastal ecosystems,blue carbon,Seagrass decline poses issues for carbon storage projects,https://phys.org/news/2023-11-seagrass-decline-poses-issues-carbon.html,phys.org,20231108T123000Z,English,United States
restoration of vegetated coastal ecosystems,blue carbon,HOMBRE1 | Indian Motorcycle Announces 2024 Model Year Lineup,http://hombre1.com/indian-motorcycle-announces-2024-model-year-lineup/,hombre1.com,20231108T071500Z,English,United States
restoration of vegetated coastal ecosystems,blue carbon,Indian Motorcycle 2024 Lineup Asserts Its Dominance With Two Special Editions,https://www.autoevolution.com/news/indian-motorcycles-2024-lineup-assert-its-dominance-with-two-special-editions-224093.html,autoevolution.com,20231108T023000Z,English,United States
restoration of vegetated coastal ecosystems,blue carbon,"Prince William 2023 Earthshot Prize winners announced - Boston News , Weather , Sports",https://whdh.com/news/prince-williams-2023-earthshot-prize-winners-announced/,whdh.com,20231107T231500Z,English,United States
restoration of vegetated coastal ecosystems,blue carbon,Prince William 2023 Earthshot Prize winners announced,https://localnews8.com/news/national-world/cnn-world/2023/11/07/winners-of-prince-williams-2023-environmental-earthshot-prize-announced/,localnews8.com,20231107T180000Z,English,United States
restoration of vegetated coastal ecosystems,blue carbon,On front line with mighty mangroves,https://www.miragenews.com/on-front-line-with-mighty-mangroves-1118455/,miragenews.com,20231107T031500Z,English,United States
restoration of vegetated coastal ecosystems,blue carbon,The Best Grilling Gifts for Cooks Who Play With Fire,https://www.bonappetit.com/story/best-grilling-gifts,bonappetit.com,20231107T030000Z,English,United States
restoration of vegetated coastal ecosystems,blue carbon,Lemokey L3 Review : Keychron First Gaming Keyboard Is Pure Quality,https://www.makeuseof.com/lemokey-l3-review/,makeuseof.com,20231106T164500Z,English,United States
restoration of vegetated coastal ecosystems,blue carbon,Critics warn that Biden hydrogen initiative could become next green energy boondoggle | News,https://www.ktbs.com/news/critics-warn-that-biden-s-hydrogen-initiative-could-become-next-green-energy-boondoggle/article_f3b41abe-7bf4-11ee-97e8-4ffab83329c5.html,ktbs.com,20231105T184500Z,English,United States
restoration of vegetated coastal ecosystems,blue carbon,AGI Releases Exciting Line - Up for GeoCom 23,https://www.directionsmag.com/pressrelease/12681,directionsmag.com,20231102T180000Z,English,United States
restoration of vegetated coastal ecosystems,blue carbon,"On some Australian islands , sea level rise may be helping mangroves thrive",https://www.sciencenews.org/article/australia-island-sea-level-rise-mangroves-thrive,sciencenews.org,20231101T013000Z,English,United States
restoration of vegetated coastal ecosystems,blue carbon,Global Cryptocurrency Market Experiences Mixed Sentiments : SwissX XRP Emerges as an Eco - Friendly Standout,https://www.shockya.com/news/2024/01/01/global-cryptocurrency-market-experiences-mixed-sentiments-swissx-xrp-emerges-as-an-eco-friendly-standout/,shockya.com,20240101T094500Z,English,United States
restoration of vegetated coastal ecosystems,blue carbon,An update on the legislation proposed by North County lawmakers,https://www.delmartimes.net/news/story/2023-12-28/an-update-on-the-legislation-proposed-by-north-county-lawmakers,delmartimes.net,20231228T184500Z,English,United States
restoration of vegetated coastal ecosystems,blue carbon,Mission Possible : Returning the Kelp Forest to Our Coast,https://www.independent.com/2023/12/20/mission-possible-returning-the-kelp-forest-to-our-coast/,independent.com,20231221T060000Z,English,United States
restoration of vegetated coastal ecosystems,blue carbon,"How to Cook With a Wok ( Plus , 5 Brands to Buy and 7 Recipes to Try )",https://vegnews.com/products/how-to-cook-with-wok,vegnews.com,20231221T010000Z,English,United States
restoration of vegetated coastal ecosystems,blue carbon,"Kate Middleton Appears on Secrets of the Aquarium , Staff Practices Curtsy",https://people.com/kate-middleton-secrets-of-the-aquarium-appearance-staff-practice-curtsy-8417881,people.com,20231220T033000Z,English,United States
restoration of vegetated coastal ecosystems,blue carbon,A  digital handshake  for the planet : How one asset management firm adopted a new framework for ESG – NBC10 Philadelphia,https://www.nbcphiladelphia.com/news/business/money-report/a-digital-handshake-for-the-planet-how-one-asset-management-firm-adopted-a-new-framework-for-esg/3725694/,nbcphiladelphia.com,20231219T203000Z,English,United States
restoration of vegetated coastal ecosystems,blue carbon,Dreaming of a less wasteful holiday,https://www.nytimes.com/2023/12/19/climate/dreaming-of-a-less-wasteful-holiday.html,nytimes.com,20231219T201500Z,English,United States
restoration of vegetated coastal ecosystems,blue carbon,A  digital handshake  for the planet : How one asset management firm adopted a new framework for ESG – NBC Chicago,https://www.nbcchicago.com/news/business/money-report/a-digital-handshake-for-the-planet-how-one-asset-management-firm-adopted-a-new-framework-for-esg/3306955/,nbcchicago.com,20231219T194500Z,English,United States
restoration of vegetated coastal ecosystems,blue carbon,Blood Carbon : Kenyans are Being Erased so the UAE can Greenwash,https://www.counterpunch.org/2023/12/18/blood-carbon-kenyans-are-being-erased-so-the-uae-can-greenwash/,counterpunch.org,20231218T071500Z,English,United States
restoration of vegetated coastal ecosystems,blue carbon,Oil Jabber heard in Dubai : Our top ten reasons to dismiss the Conference of Polluters 28,https://www.cadtm.org/Oil-Jabber-heard-in-Dubai-Our-top-ten-reasons-to-dismiss-the-Conference-of,cadtm.org,20231216T170000Z,English,United States
restoration of vegetated coastal ecosystems,blue carbon,Blue Carbon Is One of Many Companies Inking Carbon Market Deals,https://www.nytimes.com/2023/12/16/climate/carbon-markets-global-warming.html,nytimes.com,20231216T114500Z,English,United States
restoration of vegetated coastal ecosystems,blue carbon,Africas Great Blue Wall,https://www.globalissues.org/news/2023/12/13/35588,globalissues.org,20231215T094500Z,English,United States
restoration of vegetated coastal ecosystems,blue carbon,Exodus Adventure Travels Announces  Exploration Without Boundaries  Grants,https://finance.yahoo.com/news/exodus-adventure-travels-announces-exploration-143000515.html,finance.yahoo.com,20231214T154500Z,English,United States
restoration of vegetated coastal ecosystems,blue carbon,Exodus Adventure Travels Announces  Exploration Without Boundaries  Grants,https://www.prnewswire.com/news-releases/exodus-adventure-travels-announces-exploration-without-boundaries-grants-302015204.html,prnewswire.com,20231214T144500Z,English,United States
restoration of vegetated coastal ecosystems,blue carbon,"From Gaza to Atlanta , There is No Climate Justice on Occupied Land",https://inthesetimes.com/article/gaza-to-atlanta-no-climate-justice-occupied-land-environment-green-colonialism,inthesetimes.com,20231213T203000Z,English,United States
restoration of vegetated coastal ecosystems,blue carbon,2024 BMW 5 Series Shows Its Design in Oxide Grey,https://www.bmwblog.com/2023/12/13/2024-bmw-5-series-oxide-grey/,bmwblog.com,20231213T180000Z,English,United States
restoration of vegetated coastal ecosystems,blue carbon,Africa Great Blue Wall | Inter Press Service,https://www.ipsnews.net/2023/12/africas-great-blue-wall/,ipsnews.net,20231213T074500Z,English,United States
restoration of vegetated coastal ecosystems,blue carbon,"World Economic Forum At COP28 : 12 High - Impact Business , Government And Civil Society Partnerships For Climate And Nature – Eurasia Review",https://www.eurasiareview.com/12122023-world-economic-forum-at-cop28-12-high-impact-business-government-and-civil-society-partnerships-for-climate-and-nature/,eurasiareview.com,20231212T184500Z,English,United States
restoration of vegetated coastal ecosystems,blue carbon,ICONIQ Impact Announces Up to $50M Collaborative Philanthropy Fund to Help Protect Our Ocean,https://www.streetinsider.com/PRNewswire/ICONIQ+Impact+Announces+Up+to+%2450M+Collaborative+Philanthropy+Fund+to+Help+Protect+Our+Ocean/22517916.html,streetinsider.com,20231212T163000Z,English,United States
restoration of vegetated coastal ecosystems,blue carbon,ICONIQ Impact Announces Up to $50M Collaborative Philanthropy Fund to Help Protect Our Ocean,https://www.streetinsider.com/PRNewswire/ICONIQ+Impact+Announces+Up+to+$50M+Collaborative+Philanthropy+Fund+to+Help+Protect+Our+Ocean/22517916.html,streetinsider.com,20231212T163000Z,English,United States
restoration of vegetated coastal ecosystems,blue carbon,ICONIQ Impact Announces Up to $50M Collaborative Philanthropy Fund to Help Protect Our Ocean,https://www.prnewswire.com/news-releases/iconiq-impact-announces-up-to-50m-collaborative-philanthropy-fund-to-help-protect-our-ocean-302012913.html,prnewswire.com,20231212T163000Z,English,United States
restoration of vegetated coastal ecosystems,blue carbon,Iconiq Capital Philanthropic Arm Launches Ocean Co - Lab to Tackle Climate Change,https://www.marketwatch.com/articles/iconiq-capitals-philanthropic-arm-launches-ocean-co-lab-to-tackle-climate-change-7db98779,marketwatch.com,20231212T151500Z,English,United States
restoration of vegetated coastal ecosystems,blue carbon,Unlocking the Future : Bitcoin Rally Signals New Crypto Cycle Amidst Growing Retail Investor Interest,https://www.shockya.com/news/2023/12/12/unlocking-the-future-bitcoins-rally-signals-new-crypto-cycle-amidst-growing-retail-investor-interest/,shockya.com,20231212T101500Z,English,United States
restoration of vegetated coastal ecosystems,blue carbon,"COP28 : Support for mangroves , marshes and seagrasses",https://www.miragenews.com/cop28-support-for-mangroves-marshes-and-1141825/,miragenews.com,20231212T043000Z,English,United States
restoration of vegetated coastal ecosystems,blue carbon,Blue carbon conservation on agenda at COP28,https://www.miragenews.com/blue-carbon-conservation-on-agenda-at-cop28-1141024/,miragenews.com,20231211T081500Z,English,United States
restoration of vegetated coastal ecosystems,blue carbon,"Amy Goodman and Denis Moynihan | Carbon colonialism , COP28 and the climate crisis",https://www.times-standard.com/2023/12/10/amy-goodman-and-denis-moynihan-carbon-colonialism-cop28-and-the-climate-crisis/,times-standard.com,20231210T150000Z,English,United States
restoration of vegetated coastal ecosystems,blue carbon,Asia Climate Solutions Design Grant Window,https://www2.fundsforngos.org/latest-funds-for-ngos/asia-climate-solutions-design-grant-window/,fundsforngos.org,20231208T090000Z,English,United States
restoration of vegetated coastal ecosystems,blue carbon,2023 Global Sourcebook : Côte dAzur Treatment | Engineering News - Record,https://www.enr.com/articles/57807-2023-global-sourcebook-cote-dazur-treatment,enr.com,20231207T223000Z,English,United States
restoration of vegetated coastal ecosystems,blue carbon,An Electrifying Approach to Carbon Capture,https://eos.org/articles/an-electrifying-approach-to-carbon-capture,eos.org,20231207T151500Z,English,United States
restoration of vegetated coastal ecosystems,blue carbon,Pertamina Hulu Rokan expounds on Wetlands Innovation at COP28,https://whatech.com/og/conferences/news/763877-pertamina-hulu-rokan-expounds-on-wetlands-innovation-at-cop28,whatech.com,20231206T161500Z,English,United States
restoration of vegetated coastal ecosystems,blue carbon,"UAE Business : Adnoc , Socar collaborate to develop low carbon energy tech",https://www.gdnonline.com/Details/1297646,gdnonline.com,20231206T100000Z,English,United States
restoration of vegetated coastal ecosystems,blue carbon,Little ray of hope : Carbon hot spots discovered near California coast,https://news.yahoo.com/little-ray-hope-carbon-hot-233605500.html,news.yahoo.com,20231206T010000Z,English,United States
restoration of vegetated coastal ecosystems,blue carbon,Carbon Hotspots discovered Near California Coast,https://www.latimes.com/california/story/2023-12-05/researchers-discover-carbon-hot-spots-near-california-coast,latimes.com,20231206T000000Z,English,United States
restoration of vegetated coastal ecosystems,blue carbon,"ADNOC , SOCAR form low - carbon partnership to explore hydrogen , carbon management , geothermal technologies",https://worldoil.com/news/2023/12/5/adnoc-socar-form-low-carbon-partnership-to-explore-hydrogen-carbon-management-geothermal-technologies/,worldoil.com,20231205T210000Z,English,United States
restoration of vegetated coastal ecosystems,blue carbon,"Previewing COP28 : Opportunities , Challenges and Anticipated Outcomes | Akin Gump Strauss Hauer & Feld LLP",https://www.jdsupra.com/legalnews/previewing-cop28-opportunities-7157871/,jdsupra.com,20231205T001500Z,English,United States
restoration of vegetated coastal ecosystems,blue carbon,CF Industries Completes Acquisition of Waggaman Ammonia Production Facility,https://www.tmcnet.com/usubmit/-cf-industries-completes-acquisition-waggaman-ammonia-production-facility-/2023/12/01/9926679.htm,tmcnet.com,20231201T160000Z,English,United States
restoration of vegetated coastal ecosystems,blue carbon,Tanzania signs major carbon credit deal covering national parks,https://news.yahoo.com/tanzania-signs-major-carbon-credit-104148031.html,news.yahoo.com,20231201T111500Z,English,United States
restoration of vegetated coastal ecosystems,blue carbon,Top - predator recovery abates geomorphic decline of a coastal ecosystem,https://www.nature.com/articles/s41586-023-06959-9,nature.com,20240201T191500Z,English,United States
restoration of vegetated coastal ecosystems,blue carbon,Tidal landscapes a greater carbon sink than previously thought,https://scienceblog.com/542146/tidal-landscapes-a-greater-carbon-sink-than-previously-thought/,scienceblog.com,20240201T190000Z,English,United States
restoration of vegetated coastal ecosystems,blue carbon,Tidal Landscapes Prove Greater Carbon Sink Than Expected,https://www.miragenews.com/tidal-landscapes-prove-greater-carbon-sink-than-1165586/,miragenews.com,20240201T064500Z,English,United States
restoration of vegetated coastal ecosystems,blue carbon,Tidal Landscapes Prove Bigger Carbon Sink Than Expected,https://www.miragenews.com/tidal-landscapes-prove-bigger-carbon-sink-than-1165594/,miragenews.com,20240201T064500Z,English,United States
restoration of vegetated coastal ecosystems,blue carbon,Google Crypto Ad Policy Update Sparks Excitement : SwissX XRP Token Pioneers Eco - Friendly Crypto Farming,https://www.shockya.com/news/2024/01/29/googles-crypto-ad-policy-update-sparks-excitement-swissx-xrp-token-pioneers-eco-friendly-crypto-farming/,shockya.com,20240130T061500Z,English,United States
restoration of vegetated coastal ecosystems,blue carbon,Eight Weird and Wondrous Discoveries From 2023,https://www.smithsonianmag.com/blogs/smithsonian-environmental-research-center/2024/01/26/eight-weird-and-wondrous-discoveries-from-2023/,smithsonianmag.com,20240126T233000Z,English,United States
restoration of vegetated coastal ecosystems,blue carbon,"Thunder Bay International Film Festival all weekend in Alpena | News , Sports , Jobs",https://www.thealpenanews.com/news/local-news/2024/01/thunder-bay-international-film-festival-all-weekend-in-alpena/,thealpenanews.com,20240126T074500Z,English,United States
restoration of vegetated coastal ecosystems,blue carbon,All 17 Bugatti Chiron Versions Ranked : We Found Special Editions You Never Knew Existed,https://www.autoevolution.com/news/all-17-bugatti-chiron-versions-ranked-we-found-special-editions-you-never-knew-existed-227909.html,autoevolution.com,20240120T184500Z,English,United States
restoration of vegetated coastal ecosystems,blue carbon,"Feet in the Mud , Head in the Sky : A Morning Among the Mangroves","https://www.streetinsider.com/Accesswire/Feet+in+the+Mud,+Head+in+the+Sky:+A+Morning+Among+the+Mangroves/22649311.html",streetinsider.com,20240119T134500Z,English,United States
restoration of vegetated coastal ecosystems,blue carbon,This Ferrari 488 Pista Has A Unique Spec List But Costs Almost Double The Original MSRP,https://www.carscoops.com/2024/01/this-ferrari-488-pista-has-a-unique-spec-list-but-costs-almost-double-the-original-msrp/,carscoops.com,20240117T194500Z,English,United States
restoration of vegetated coastal ecosystems,blue carbon,Hexagon R - evolution Launches Green Cubes - The American Surveyor,https://amerisurv.com/2024/01/16/hexagons-r-evolution-launches-green-cubes/,amerisurv.com,20240117T000000Z,English,United States
restoration of vegetated coastal ecosystems,blue carbon,Hexagon R - evolution launches Green Cubes : a digital revolution for rainforest conservation,https://www.webwire.com/ViewPressRel.asp?aId=316580,webwire.com,20240116T103000Z,English,United States
restoration of vegetated coastal ecosystems,blue carbon,ZERO13 and XTCC announce $100bn climate finance investment drive at Davos World Economic Forum,https://www.benzinga.com/pressreleases/24/01/g36634813/zero13-and-xtcc-announce-100bn-climate-finance-investment-drive-at-davos-world-economic-forum,benzinga.com,20240116T103000Z,English,United States
restoration of vegetated coastal ecosystems,blue carbon,ZERO13 and XTCC announce $100bn climate finance investment drive at Davos World Economic Forum,https://www.tmcnet.com/usubmit/2024/01/16/9946299.htm,tmcnet.com,20240116T081500Z,English,United States
restoration of vegetated coastal ecosystems,blue carbon,Saudi Arabia Acquires 5 Million Metric Tons of SWISSX REDD++ Carbon Credits,https://www.shockya.com/news/2024/01/09/saudi-arabia-acquires-5-million-metric-tons-of-swissx-redd-carbon-credits/,shockya.com,20240109T173000Z,English,United States
restoration of vegetated coastal ecosystems,blue carbon,Third Eye Blind to return to the Bay Area this summer,https://datebook.sfchronicle.com/music/third-eye-blind-summer-gods-18596240,datebook.sfchronicle.com,20240109T014500Z,English,United States
restoration of vegetated coastal ecosystems,blue carbon,Third Eye Blind and Yellowcard added to 2024 Walmart AMP lineup,https://fayettevilleflyer.com/2024/01/08/third-eye-blind-and-yellowcard-added-to-2024-walmart-amp-lineup/,fayettevilleflyer.com,20240108T181500Z,English,United States
restoration of vegetated coastal ecosystems,blue carbon,Significant Carbon Credit Agreement Between Certified Carbon Credits Limited and Mikoko Initiative C . B . O .,https://finance.yahoo.com/news/significant-carbon-credit-agreement-between-121700915.html,finance.yahoo.com,20240108T131500Z,English,United States
restoration of vegetated coastal ecosystems,blue carbon,Significant Carbon Credit Agreement Between Certified Carbon Credits Limited and Mikoko Initiative C . B . O .,https://www.streetinsider.com/Newsfile/Significant+Carbon+Credit+Agreement+Between+Certified+Carbon+Credits+Limited+and+Mikoko+Initiative+C.B.O./22604662.html,streetinsider.com,20240108T130000Z,English,United States
restoration of vegetated coastal ecosystems,blue carbon,Crypto Market Surges as Fox Business Hints at Spot Bitcoin ETF Approvals – Is This the Turning Point for Bitcoin and Altcoins ?,https://www.shockya.com/news/2024/01/06/crypto-market-surges-as-fox-business-hints-at-spot-bitcoin-etf-approvals-is-this-the-turning-point-for-bitcoin-and-altcoins/,shockya.com,20240106T231500Z,English,United States
restoration of vegetated coastal ecosystems,blue carbon,Tetra Tech to Support Conservation in Cambodia Under USAID Contract ; Dan Batrack Quoted,https://executivegov.com/2024/01/tetra-tech-to-support-conservation-in-cambodia-under-usaid-contract-dan-batrack-quoted/,executivegov.com,20240104T224500Z,English,United States
restoration of vegetated coastal ecosystems,blue carbon,Tetra Tech Wins $24 Million USAID Biodiversity and Ecosystem Conservation Contract,https://www.tmcnet.com/usubmit/2024/01/04/9940605.htm,tmcnet.com,20240104T173000Z,English,United States
restoration of vegetated coastal ecosystems,blue carbon,Skeptical Science New Research for Week # 1 2024,https://skepticalscience.com/new_research_2024_1.html,skepticalscience.com,20240104T121500Z,English,United States
restoration of vegetated coastal ecosystems,blue carbon,2024 Indian FTR X 100 % R Carbon Review : Rarity & Expense Dont Bring What Youd Expect,https://www.slashgear.com/1482753/2024-indian-ftr-x-100-r-carbon-review/,slashgear.com,20240102T180000Z,English,United States
restoration of vegetated coastal ecosystems,blue carbon,Global Cryptocurrency Market Experiences Mixed Sentiments : SwissX XRP Emerges as an Eco - Friendly Standout,https://www.shockya.com/news/2024/01/01/global-cryptocurrency-market-experiences-mixed-sentiments-swissx-xrp-emerges-as-an-eco-friendly-standout/,shockya.com,20240101T094500Z,English,United States
restoration of vegetated coastal ecosystems,blue carbon,Branching Out : The Ultimate Guide to Trees that Rock in Carbon Capture,https://www.industrytap.com/branching-out-the-ultimate-guide-to-trees-that-rock-in-carbon-capture/71598,industrytap.com,20240301T103000Z,English,United States
restoration of vegetated coastal ecosystems,blue carbon,Blue Carbon Academy launched,https://thefishsite.com/articles/blue-carbon-academy-launched,thefishsite.com,20240228T094500Z,English,United States
restoration of vegetated coastal ecosystems,blue carbon,The significance of Japan blue carbon calculations,https://thefishsite.com/articles/the-significance-of-japans-blue-carbon-calculations,thefishsite.com,20240228T094500Z,English,United States
restoration of vegetated coastal ecosystems,blue carbon,Green algal blues | The Fish Site,https://thefishsite.com/series/greens-algal-blues,thefishsite.com,20240228T094500Z,English,United States
restoration of vegetated coastal ecosystems,blue carbon,Feb . 29 issue : A variety of upcoming local and regional events,https://www.delmartimes.net/lifestyle/events/story/2024-02-27/feb-29-issue-a-variety-of-upcoming-local-and-regional-events,delmartimes.net,20240228T040000Z,English,United States
restoration of vegetated coastal ecosystems,blue carbon,"Microsoft to Acquire 10 , 000 Credits From Biochar Startup Bio - Logical -- OPIS",https://www.marketwatch.com/story/microsoft-to-acquire-10-000-credits-from-biochar-startup-bio-logical-opis-d65c7b76,marketwatch.com,20240227T214500Z,English,United States
restoration of vegetated coastal ecosystems,blue carbon,"The best pots , pans and cookware sets for 2024 , according to professional chefs",https://www.yahoo.com/lifestyle/best-cookware-set-182610028.html,yahoo.com,20240227T213000Z,English,United States
restoration of vegetated coastal ecosystems,blue carbon,2021 McLaren 765LT For Sale In Unique  MSO Light Pistachio  Color,https://news.dupontregistry.com/mclaren/mclaren-765lt-mso-light-pistachio/,news.dupontregistry.com,20240222T211500Z,English,United States
restoration of vegetated coastal ecosystems,blue carbon,Coastal Indigenous and Minority Women Driving Kenya Blue Forest Conservation Efforts Global Issues,https://www.globalissues.org/news/2024/02/22/36058,globalissues.org,20240222T194500Z,English,United States
restoration of vegetated coastal ecosystems,blue carbon,"WHRO - Virginia outlines ambitious new vision to decarbonize industries , move to clean energy",https://whro.org/news/local-news/45198-virginia-new-climate-action-plan,whro.org,20240222T180000Z,English,United States
restoration of vegetated coastal ecosystems,blue carbon,Carbon emissions from the destruction of mang,https://www.eurekalert.org/news-releases/1034805,eurekalert.org,20240222T101500Z,English,United States
restoration of vegetated coastal ecosystems,blue carbon,Indigenous and Minority Women Driving Kenya Blue Forest Conservation,https://www.ipsnews.net/2024/02/coastal-indigenous-and-minority-women-driving-kenyas-blue-forest-conservation-efforts/,ipsnews.net,20240222T101500Z,English,United States
restoration of vegetated coastal ecosystems,blue carbon,New England Aquarium showcases Maine eelgrass | newscentermaine . com,https://www.newscentermaine.com/article/news/special-reports/maines-changing-climate/maine-eelgrass-can-help-fight-climate-change-but-the-plant-is-in-danger/97-474c6355-6073-4293-af3a-b25ad1c9f077,newscentermaine.com,20240220T010000Z,English,United States
restoration of vegetated coastal ecosystems,blue carbon,TelePIX Unveils TetraPLEX : A Breakthrough High - Performance AI Processor for Satellites,https://www.tmcnet.com/usubmit/-telepix-unveils-tetraplex-breakthrough-high-performance-ai-processor-/2024/02/15/9963077.htm,tmcnet.com,20240215T183000Z,English,United States
restoration of vegetated coastal ecosystems,blue carbon,Singer Has Reimagined Its 300th Porsche 911,https://jalopnik.com/singer-has-reimagined-its-300th-porsche-911-1851258672,jalopnik.com,20240215T181500Z,English,United States
restoration of vegetated coastal ecosystems,blue carbon,Tesla Model 3 and Model Y Owners Can Now Order the Alpine Sound System Upgrade,https://www.autoevolution.com/news/tesla-model-3-and-model-y-owners-can-now-order-the-alpine-sound-system-upgrade-229266.html,autoevolution.com,20240215T023000Z,English,United States
restoration of vegetated coastal ecosystems,blue carbon,Kuva Space Details Plan to Target US Government Business in Expansion,https://www.satellitetoday.com/imagery-and-sensing/2024/02/14/kuva-space-details-plan-to-target-us-government-business-in-expansion/,satellitetoday.com,20240215T020000Z,English,United States
restoration of vegetated coastal ecosystems,blue carbon,How Much Carbon Does Ocean Trawling Put Into the Atmosphere ?,https://goodmenproject.com/featured-content/how-much-carbon-does-ocean-trawling-put-into-the-atmosphere/,goodmenproject.com,20240214T020000Z,English,United States
restoration of vegetated coastal ecosystems,blue carbon,What Taylor Swift Super Bowl flight reveals about carbon capture,https://grist.org/technology/taylor-swifts-super-bowl-flight-shows-whats-wrong-with-carbon-removal/,grist.org,20240213T103000Z,English,United States
restoration of vegetated coastal ecosystems,blue carbon,"No Cadillac Blackwing Magnesium Wheels Yet , Maybe In Future",https://gmauthority.com/blog/2024/02/cadillac-blackwing-magnesium-wheels-still-not-available-but-still-under-consideration/,gmauthority.com,20240211T083000Z,English,United States
restoration of vegetated coastal ecosystems,blue carbon,More Countries See Benefit of Coastal Wetlands in Fighting Climate Change,https://www.pewtrusts.org/en/research-and-analysis/articles/2024/02/09/more-countries-see-benefit-of-coastal-wetlands-in-fighting-climate-change,pewtrusts.org,20240209T223000Z,English,United States
restoration of vegetated coastal ecosystems,blue carbon,Wetlands are the Guardians of Our Planet and Support Livelihoods Too,https://www.onegreenplanet.org/environment/wetlands-are-the-guardians-of-our-planet-and-support-livelihoods-too/,onegreenplanet.org,20240209T163000Z,English,United States
restoration of vegetated coastal ecosystems,blue carbon,Blazing a trail for blue carbon,https://thefishsite.com/articles/blazing-a-trail-for-blue-carbon-running-tide,thefishsite.com,20240207T113000Z,English,United States
restoration of vegetated coastal ecosystems,blue carbon,Tidal landscapes : a more significant carbon sink than previously believed .,https://www.newswise.com/articles/tidal-landscapes-a-more-significant-carbon-sink-than-previously-believed,newswise.com,20240202T044500Z,English,United States
restoration of vegetated coastal ecosystems,blue carbon,Tidal landscapes : a more significant carbon sink than previously believed .,https://www.newswise.com/articles/tidal-landscapes-a-more-significant-carbon-sink-than-previously-believed/?ad2f=1&aid=806307,newswise.com,20240202T044500Z,English,United States
restoration of vegetated coastal ecosystems,blue carbon,Top - predator recovery abates geomorphic decline of a coastal ecosystem,https://www.nature.com/articles/s41586-023-06959-9,nature.com,20240201T191500Z,English,United States
restoration of vegetated coastal ecosystems,blue carbon,Tidal landscapes a greater carbon sink than previously thought,https://scienceblog.com/542146/tidal-landscapes-a-greater-carbon-sink-than-previously-thought/,scienceblog.com,20240201T190000Z,English,United States
restoration of vegetated coastal ecosystems,blue carbon,Tidal Landscapes Prove Greater Carbon Sink Than Expected,https://www.miragenews.com/tidal-landscapes-prove-greater-carbon-sink-than-1165586/,miragenews.com,20240201T064500Z,English,United States
restoration of vegetated coastal ecosystems,blue carbon,Tidal Landscapes Prove Bigger Carbon Sink Than Expected,https://www.miragenews.com/tidal-landscapes-prove-bigger-carbon-sink-than-1165594/,miragenews.com,20240201T064500Z,English,United States
restoration of vegetated coastal ecosystems,blue carbon,How tiger sharks wearing cameras revealed the world largest seagrass ecosystem,https://www.cbs58.com/news/how-tiger-sharks-wearing-cameras-revealed-the-world-s-largest-seagrass-ecosystem,cbs58.com,20240329T224500Z,English,United States
restoration of vegetated coastal ecosystems,blue carbon,How Much Can Wetlands Fight Climate Change ? A New Carbon Atlas Has The Answers .,https://www.smithsonianmag.com/blogs/smithsonian-environmental-research-center/2024/03/29/coastal-carbon-atlas/,smithsonianmag.com,20240329T103000Z,English,United States
restoration of vegetated coastal ecosystems,blue carbon,How tiger sharks wearing cameras revealed the world largest seagrass ecosystem - LocalNews8 . com,https://localnews8.com/life/animals/2024/03/28/how-tiger-sharks-wearing-cameras-revealed-the-worlds-largest-seagrass-ecosystem/,localnews8.com,20240328T193000Z,English,United States
restoration of vegetated coastal ecosystems,blue carbon,How tiger sharks wearing cameras revealed the world largest seagrass ecosystem - LocalNews8 . com,https://localnews8.com/news/national-world/cnn-world/2024/03/28/how-tiger-sharks-wearing-cameras-revealed-the-worlds-largest-seagrass-ecosystem/,localnews8.com,20240328T143000Z,English,United States
restoration of vegetated coastal ecosystems,blue carbon,How tiger sharks wearing cameras revealed the world largest seagrass ecosystem,http://edition.cnn.com/world/tiger-sharks-seagrass-ecosystem-climate-scn-c2e-spc/,edition.cnn.com,20240328T121500Z,English,United States
restoration of vegetated coastal ecosystems,blue carbon,How tiger sharks wearing cameras revealed the world largest seagrass ecosystem,https://keyt.com/news/national-world/cnn-world/2024/03/28/how-tiger-sharks-wearing-cameras-revealed-the-worlds-largest-seagrass-ecosystem/,keyt.com,20240328T101500Z,English,United States
restoration of vegetated coastal ecosystems,blue carbon,How tiger sharks wearing cameras revealed the world largest seagrass ecosystem,https://abc17news.com/news/national-world/cnn-world/2024/03/28/how-tiger-sharks-wearing-cameras-revealed-the-worlds-largest-seagrass-ecosystem/,abc17news.com,20240328T101500Z,English,United States
restoration of vegetated coastal ecosystems,blue carbon,Why water must be at the heart of climate action,https://phys.org/news/2024-03-heart-climate-action.html,phys.org,20240326T140000Z,English,United States
restoration of vegetated coastal ecosystems,blue carbon,IT News Online - Fujitsu Tech Leverages AI and Underwater Drone Data for  Ocean Digital Twin,https://www.itnewsonline.com/news/Fujitsu-Tech-Leverages-AI-and-Underwater-Drone-Data-for-aposOcean-Digital-Twinapos/21798,itnewsonline.com,20240326T083000Z,English,United States
restoration of vegetated coastal ecosystems,blue carbon,The Climate Crisis is a Water Crisis,https://www.colorado.edu/center/mortenson/2024/03/19/climate-crisis-water-crisis,colorado.edu,20240326T023000Z,English,United States
restoration of vegetated coastal ecosystems,blue carbon,10 Best Motorcycle Exhaust Designs In 2024,https://www.topspeed.com/best-motorcycle-exhaust-designs-in-2024/,topspeed.com,20240323T160000Z,English,United States
restoration of vegetated coastal ecosystems,blue carbon,"Four Rising Stars at 30th GILF showcasing industrial innovation , originality , and momentum",https://www.bignewsnetwork.com/news/274187681/four-rising-stars-at-30th-gilf-showcasing-industrial-innovation-originality-and-momentum,bignewsnetwork.com,20240321T081500Z,English,United States
restoration of vegetated coastal ecosystems,blue carbon,A 1 - of - 1 Tailor Made Ferrari 812 Superfast Joins The Ferrari Museum,https://news.dupontregistry.com/ferrari/a-1-of-1-tailor-made-ferrari-812-superfast-joins-the-ferrari-museum/,news.dupontregistry.com,20240320T214500Z,English,United States
restoration of vegetated coastal ecosystems,blue carbon,Blue Carbon : Nature Hidden Power Trailer : Jayda G Climate Doc,https://www.pastemagazine.com/movies/documentaries/blue-carbon-natures-hidden-power-trailer-exclusive-jayda-g-rza-seu-jorge,pastemagazine.com,20240320T184500Z,English,United States
restoration of vegetated coastal ecosystems,blue carbon,Overlooked Tidal Wetlands : Unsung Heroes of Blue Carbon,https://www.miragenews.com/overlooked-tidal-wetlands-unsung-heroes-of-blue-1197506/,miragenews.com,20240318T223000Z,English,United States
restoration of vegetated coastal ecosystems,blue carbon,"The World Most Sustainable Restaurant Exponential Impact On The Planet , Society And Local Economy",https://www.forbes.com/sites/michellegreenwald/2024/03/07/the-worlds-most-sustainable-restaurants-exponential-impact-on-the-planet-society-and-local-economy/,forbes.com,20240307T154500Z,English,United States
restoration of vegetated coastal ecosystems,blue carbon,NSW Govt and Producers Invest $23 . 8M to Reduce Carbon Emissions,https://www.miragenews.com/nsw-govt-and-producers-invest-23-8m-to-reduce-1189587/,miragenews.com,20240307T051500Z,English,United States
restoration of vegetated coastal ecosystems,blue carbon,Potential of Marine Habitats in Countering Climate Change,https://www.azocleantech.com/news.aspx?newsID=34670,azocleantech.com,20240305T164500Z,English,United States
restoration of vegetated coastal ecosystems,blue carbon,LatAm carbon markets continue to evolve | Latest Market News,https://www.argusmedia.com/en/news-and-insights/latest-market-news/2544266-latam-carbon-markets-continue-to-evolve,argusmedia.com,20240304T134500Z,English,United States
restoration of vegetated coastal ecosystems,blue carbon,Ancient Seaweed Bed Aids in Climate Change Battle,https://www.miragenews.com/ancient-seaweed-bed-aids-in-climate-change-1186637/,miragenews.com,20240304T130000Z,English,United States
restoration of vegetated coastal ecosystems,blue carbon,"CARICOM Statement on Crime and Public Safety , Climate Change and Matters Related to Financing for Development in the Region",https://grenadachronicle.com/caricom-statement-on-crime-and-public-safety-climate-change-and-matters-related-to-financing-for-development-in-the-region/,grenadachronicle.com,20240304T040000Z,English,United States
restoration of vegetated coastal ecosystems,blue carbon,Branching Out : The Ultimate Guide to Trees that Rock in Carbon Capture,https://www.industrytap.com/branching-out-the-ultimate-guide-to-trees-that-rock-in-carbon-capture/71598,industrytap.com,20240301T103000Z,English,United States
restoration of vegetated coastal ecosystems,blue carbon,"2024 Lexus RC F : A Comprehensive Guide On Features , Specs , And Pricing",https://www.topspeed.com/2024-lexus-rc-f-overview/,topspeed.com,20240429T213000Z,English,United States
restoration of vegetated coastal ecosystems,blue carbon,Japan is Using Seagrass to Combat Climate Change and Achieve Carbon Neutrality – One Green Planet,https://www.onegreenplanet.org/environment/japan-is-using-seagrass-to-combat-climate-change-and-achieve-carbon-neutrality/,onegreenplanet.org,20240429T184500Z,English,United States
restoration of vegetated coastal ecosystems,blue carbon,AquaHack workshop aims to boost sustainable blue economy in Hawaiʻi | University of Hawaiʻi System News,https://www.hawaii.edu/news/2024/04/25/aquahack-workshop/,hawaii.edu,20240426T023000Z,English,United States
restoration of vegetated coastal ecosystems,blue carbon,Worthplaying | Fanatec And Formula 1 Renew Licensing Partnership,https://worthplaying.com/article/2024/4/25/news/141739-fanatec-and-formula-1-renew-licensing-partnership/,worthplaying.com,20240425T210000Z,English,United States
restoration of vegetated coastal ecosystems,blue carbon,Genesis G80 Magma Hints At Performance Electric Sedan,https://www.carscoops.com/2024/04/genesis-g80-ev-magma-concept-debuts-in-china-previewing-an-electric-performance-sedan/,carscoops.com,20240425T133000Z,English,United States
restoration of vegetated coastal ecosystems,blue carbon,"Battling climate change , Japan looks to seagrass for carbon capture",https://wiky.com/2024/04/24/battling-climate-change-japan-looks-to-seagrass-for-carbon-capture/,wiky.com,20240425T064500Z,English,United States
restoration of vegetated coastal ecosystems,blue carbon,"Battling climate change , Japan looks to seagrass for carbon capture",https://hot96.com/2024/04/24/battling-climate-change-japan-looks-to-seagrass-for-carbon-capture/,hot96.com,20240425T060000Z,English,United States
restoration of vegetated coastal ecosystems,blue carbon,Per Capita : A few updates on past columns,https://www.davisenterprise.com/features/per-capita-a-few-updates-on-past-columns/article_f1b74592-01b9-11ef-90f7-7773cdccc1cb.html,davisenterprise.com,20240424T000000Z,English,United States
restoration of vegetated coastal ecosystems,blue carbon,Mangrove blue carbon at higher risk of microplastic pollution,https://phys.org/news/2024-04-mangrove-blue-carbon-higher-microplastic.html,phys.org,20240422T144500Z,English,United States
restoration of vegetated coastal ecosystems,blue carbon,Can this ocean - based carbon plant help save the world ? Some scientists are raising red flags,https://www.cnn.com/2024/04/21/climate/equatic-ocean-carbon-removal-plant-climate-intl/,cnn.com,20240421T094500Z,English,United States
restoration of vegetated coastal ecosystems,blue carbon,"The seabed needs to become a top priority , and the UN agrees",https://phys.org/news/2024-04-seabed-priority.html,phys.org,20240415T200000Z,English,United States
restoration of vegetated coastal ecosystems,blue carbon,"What to Watch : NCIS 1000th episode , RuPaul Drag Race finale",https://ew.com/what-to-watch-schedule-ncis-1000th-episode-rupauls-drag-race-finale-8629878,ew.com,20240415T131500Z,English,United States
restoration of vegetated coastal ecosystems,blue carbon,Fujitsu shaping tomorrow underwater world with pioneering technology,https://www.hydro-international.com/content/news/fujitsu-shaping-tomorrow-s-underwater-world-with-pioneering-technology,hydro-international.com,20240415T090000Z,English,United States
restoration of vegetated coastal ecosystems,blue carbon,"How tiger sharks wearing cameras revealed the world largest seagrass ecosystem - WSVN 7News | Miami News , Weather , Sports",https://wsvn.com/news/us-world/how-tiger-sharks-wearing-cameras-revealed-the-worlds-largest-seagrass-ecosystem/,wsvn.com,20240414T034500Z,English,United States
restoration of vegetated coastal ecosystems,blue carbon,Japan greenhouse gas emissions fall 2 . 5 % in FY22 / 23 to record low | 104 . 1 WIKY,https://wiky.com/2024/04/11/japans-greenhouse-gas-emissions-fall-2-5-in-fy22-23-to-record-low/,wiky.com,20240412T070000Z,English,United States
restoration of vegetated coastal ecosystems,blue carbon,Japan greenhouse gas emissions fall 2 . 5 % in FY22 / 23 to record low | WABX 107 . 5 | Evansville Classic Rock Station,https://wabx.net/2024/04/11/japans-greenhouse-gas-emissions-fall-2-5-in-fy22-23-to-record-low/,wabx.net,20240412T040000Z,English,United States
restoration of vegetated coastal ecosystems,blue carbon,Japan greenhouse gas emissions fall 2 . 5 % in FY22 / 23 to record low | WKZO | Everything Kalamazoo,https://wkzo.com/2024/04/11/japans-greenhouse-gas-emissions-fall-2-5-in-fy22-23-to-record-low/,wkzo.com,20240412T040000Z,English,United States
restoration of vegetated coastal ecosystems,blue carbon,Japan greenhouse gas emissions fall 2 . 5 % in FY22 / 23 to record low | WTAQ News Talk | 97 . 5 FM · 1360 AM,https://wtaq.com/2024/04/11/japans-greenhouse-gas-emissions-fall-2-5-in-fy22-23-to-record-low/,wtaq.com,20240412T034500Z,English,United States
restoration of vegetated coastal ecosystems,blue carbon,Japan greenhouse gas emissions fall 2 . 5 % in FY22 / 23 to record low,https://whbl.com/2024/04/11/japans-greenhouse-gas-emissions-fall-2-5-in-fy22-23-to-record-low/,whbl.com,20240412T034500Z,English,United States
restoration of vegetated coastal ecosystems,blue carbon,Journalist says a  land grab  in Tanzania is forcing the Maasai off their land,https://www.npr.org/transcripts/1244071519,npr.org,20240411T233000Z,English,United States
restoration of vegetated coastal ecosystems,blue carbon,Journalist says a  land grab  in Tanzania is forcing the Maasai off their land,https://www.wglt.org/2024-04-11/journalist-says-a-land-grab-in-tanzania-is-forcing-the-maasai-off-their-land,wglt.org,20240411T224500Z,English,United States
restoration of vegetated coastal ecosystems,blue carbon,Journalist says a  land grab  in Tanzania is forcing the Maasai off their land,https://www.klcc.org/npr-world-news/2024-04-11/journalist-says-a-land-grab-in-tanzania-is-forcing-the-maasai-off-their-land,klcc.org,20240411T221500Z,English,United States
restoration of vegetated coastal ecosystems,blue carbon,Journalist says a  land grab  in Tanzania is forcing the Maasai off their land,https://www.redriverradio.org/2024-04-11/journalist-says-a-land-grab-in-tanzania-is-forcing-the-maasai-off-their-land,redriverradio.org,20240411T221500Z,English,United States
restoration of vegetated coastal ecosystems,blue carbon,Journalist says a  land grab  in Tanzania is forcing the Maasai off their land,https://www.wcsufm.org/latest-from-npr/2024-04-11/journalist-says-a-land-grab-in-tanzania-is-forcing-the-maasai-off-their-land,wcsufm.org,20240411T220000Z,English,United States
restoration of vegetated coastal ecosystems,blue carbon,Journalist says a  land grab  in Tanzania is forcing the Maasai off their land,https://www.kasu.org/2024-04-11/journalist-says-a-land-grab-in-tanzania-is-forcing-the-maasai-off-their-land,kasu.org,20240411T220000Z,English,United States
restoration of vegetated coastal ecosystems,blue carbon,Journalist says a  land grab  in Tanzania is forcing the Maasai off their land,https://www.publicradioeast.org/2024-04-11/journalist-says-a-land-grab-in-tanzania-is-forcing-the-maasai-off-their-land,publicradioeast.org,20240411T213000Z,English,United States
restoration of vegetated coastal ecosystems,blue carbon,Is This the Peak of US - Japan Relations ? | WPR Daily Review,https://www.worldpoliticsreview.com/daily-review-us-japan-relations/,worldpoliticsreview.com,20240409T164500Z,English,United States
restoration of vegetated coastal ecosystems,blue carbon,The 60 best editor - approved kitchen gifts for home cooks,https://nypost.com/shopping/best-kitchen-gifts/,nypost.com,20240408T161500Z,English,United States
restoration of vegetated coastal ecosystems,blue carbon,Extraordinarily opaque : A Dubai energy company that only 2 years old has deals in place to acquire huge chunks of African land,https://fortune.com/2024/04/08/dubai-company-acquires-land-liberia-africa-blue-carbon/,fortune.com,20240408T153000Z,English,United States
restoration of vegetated coastal ecosystems,blue carbon,The Great Serengeti Land Grab - The Atlantic,https://www.theatlantic.com/magazine/archive/2024/05/maasai-tribe-tanzania-forced-land-evictions-serengeti/677835/,theatlantic.com,20240408T121500Z,English,United States
restoration of vegetated coastal ecosystems,blue carbon,A Dubai company staggering land deals in Africa raise fears about risks to Indigenous livelihoods,https://www.westhawaiitoday.com/2024/04/08/business/a-dubai-companys-staggering-land-deals-in-africa-raise-fears-about-risks-to-indigenous-livelihoods/,westhawaiitoday.com,20240408T110000Z,English,United States
restoration of vegetated coastal ecosystems,blue carbon,A Dubai Company Staggering Land Deals in Africa Raise Fears About Risks to Indigenous Livelihoods,https://www.usnews.com/news/world/articles/2024-04-07/a-dubai-companys-staggering-land-deals-in-africa-raise-fears-about-risks-to-indigenous-livelihoods,usnews.com,20240408T050000Z,English,United States
restoration of vegetated coastal ecosystems,blue carbon,A Dubai Company Staggering Land Deals in Africa Raise Fears about Risks to Indigenous Livelihoods,https://www.newsmax.com/world/globaltalk/carbon-credits-africa-communities-protests/2024/04/07/id/1160091/,newsmax.com,20240408T043000Z,English,United States
restoration of vegetated coastal ecosystems,blue carbon,A Dubai company staggering land deals in Africa raise fears about risks to Indigenous livelihoods – WSB - TV Channel 2,https://www.wsbtv.com/news/world/dubai-companys/TZNG7DQB4W2BKOSMV7GG7GVSAA/,wsbtv.com,20240408T011500Z,English,United States
restoration of vegetated coastal ecosystems,blue carbon,AP News Summary at 12 : 42 p . m . EDT,https://www.cadillacnews.com/ap/national/ap-news-summary-at-12-42-p-m-edt/article_fc78172b-07f9-597a-b695-1ea9cab59017.html,cadillacnews.com,20240407T203000Z,English,United States
restoration of vegetated coastal ecosystems,blue carbon,AP News Summary at 12 : 54 p . m . EDT,https://www.record-eagle.com/ap/national/ap-news-summary-at-12-54-p-m-edt/article_24547b40-6477-5697-9a25-37a4c4426f86.html,record-eagle.com,20240407T171500Z,English,United States
restoration of vegetated coastal ecosystems,blue carbon,AP News Summary at 11 : 31 a . m . EDT,https://www.dailyindependent.com/national/ap-news-summary-at-11-31-a-m-edt/article_b9f43f2d-9ebc-52b1-afc1-3bc3a83c3d55.html,dailyindependent.com,20240407T163000Z,English,United States
restoration of vegetated coastal ecosystems,blue carbon,Blue Carbon staggering land deals in Africa raise fears about risks to Indigenous livelihoods,https://www.washingtontimes.com/news/2024/apr/7/blue-carbons-staggering-land-deals-in-africa-raise/,washingtontimes.com,20240407T163000Z,English,United States
restoration of vegetated coastal ecosystems,blue carbon,AP News Summary at 8 : 20 a . m . EDT,https://www.greensburgdailynews.com/news/nation_world/ap-news-summary-at-8-20-a-m-edt/article_9f25828f-1bdd-53f2-a52a-e3e03a98832d.html,greensburgdailynews.com,20240407T144500Z,English,United States
restoration of vegetated coastal ecosystems,blue carbon,AP News in Brief at 6 : 04 a . m . EDT,https://www.crossville-chronicle.com/news/ap_news/ap-news-in-brief-at-6-04-a-m-edt/article_c24023d5-9f2f-5b46-a2c4-640a23a02f78.html,crossville-chronicle.com,20240407T144500Z,English,United States
restoration of vegetated coastal ecosystems,blue carbon,AP News in Brief at 6 : 04 a . m . EDT,https://www.bdtonline.com/news/nation_world/ap-news-in-brief-at-6-04-a-m-edt/article_a0980ea9-940f-5dd1-930f-ecf0d5bac6ec.html,bdtonline.com,20240407T144500Z,English,United States
restoration of vegetated coastal ecosystems,blue carbon,AP News in Brief at 6 : 04 a . m . EDT,https://www.woonsocketcall.com/news/national_and_world_news/ap-news-in-brief-at-6-04-a-m-edt/article_a61239a0-3821-5b89-a5e4-01e542982803.html,woonsocketcall.com,20240407T130000Z,English,United States
restoration of vegetated coastal ecosystems,blue carbon,A Dubai company staggering land deals in Africa raise fears about risks to Indigenous livelihoods,https://www.mymotherlode.com/news/africa/3336576/a-dubai-companys-staggering-land-deals-in-africa-raise-fears-about-risks-to-indigenous-livelihoods.html,mymotherlode.com,20240407T130000Z,English,United States
restoration of vegetated coastal ecosystems,blue carbon,A Dubai company staggering land deals in Africa raise fears about risks to Indigenous livelihoods,https://tribtown.com/2024/04/07/a-dubai-companys-staggering-land-deals-in-africa-raise-fears-about-risks-to-indigenous-livelihoods/,tribtown.com,20240407T124500Z,English,United States
restoration of vegetated coastal ecosystems,blue carbon,AP News in Brief at 6 : 04 a . m . EDT,https://www.cadillacnews.com/ap/national/ap-news-in-brief-at-6-04-a-m-edt/article_c98ef63b-2f62-52b5-ad2c-009ec546794f.html,cadillacnews.com,20240407T104500Z,English,United States
restoration of vegetated coastal ecosystems,blue carbon,AP News Summary at 6 : 21 a . m . EDT,https://www.corsicanadailysun.com/national/ap-news-summary-at-6-21-a-m-edt/article_d41c7eeb-5046-551a-8d23-740440e9cb67.html,corsicanadailysun.com,20240407T104500Z,English,United States
restoration of vegetated coastal ecosystems,blue carbon,A Dubai company staggering land deals in Africa raise fears about risks to Indigenous livelihoods,https://www.ksat.com/news/2024/04/07/a-dubai-companys-staggering-land-deals-in-africa-raise-fears-about-risks-to-indigenous-livelihoods/,ksat.com,20240407T104500Z,English,United States
restoration of vegetated coastal ecosystems,blue carbon,AP News Summary at 5 : 58 a . m . EDT,https://www.cadillacnews.com/ap/national/ap-news-summary-at-5-58-a-m-edt/article_fc78172b-07f9-597a-b695-1ea9cab59017.html,cadillacnews.com,20240407T104500Z,English,United States
restoration of vegetated coastal ecosystems,blue carbon,A Dubai company staggering land deals in Africa raise fears about risks to Indigenous livelihoods,https://keyt.com/news/2024/04/07/a-dubai-companys-staggering-land-deals-in-africa-raise-fears-about-risks-to-indigenous-livelihoods/,keyt.com,20240407T103000Z,English,United States
restoration of vegetated coastal ecosystems,blue carbon,A Dubai company staggering land deals in Africa raise fears about risks to Indigenous livelihoods,https://www.wsls.com/news/2024/04/07/a-dubai-companys-staggering-land-deals-in-africa-raise-fears-about-risks-to-indigenous-livelihoods/,wsls.com,20240407T100000Z,English,United States
restoration of vegetated coastal ecosystems,blue carbon,A Dubai company staggering land deals in Africa raise fears about risks to Indigenous livelihoods – The Durango Herald,https://www.durangoherald.com/articles/a-dubai-companys-staggering-land-deals-in-africa-raise-fears-about-risks-to-indigenous-livelihoods/,durangoherald.com,20240407T094500Z,English,United States
restoration of vegetated coastal ecosystems,blue carbon,A Dubai company staggering land deals in Africa raise fears about risks to Indigenous livelihoods,https://wtop.com/world/2024/04/a-dubai-companys-staggering-land-deals-in-africa-raise-fears-about-risks-to-indigenous-livelihoods/,wtop.com,20240407T094500Z,English,United States
restoration of vegetated coastal ecosystems,blue carbon,AP News Summary at 4 : 46 a . m . EDT,https://www.eagletribune.com/region/ap-news-summary-at-1-31-a-m-edt/article_e85ff7ea-7987-5a80-bf20-412ad4158fcb.html,eagletribune.com,20240407T094500Z,English,United States
restoration of vegetated coastal ecosystems,blue carbon,A Dubai company staggering land deals in Africa raise fears about risks to Indigenous livelihoods | World,https://www.the-messenger.com/news/world/article_7a0077df-1be9-5e36-af64-03fb980307c2.html,the-messenger.com,20240407T091500Z,English,United States
restoration of vegetated coastal ecosystems,blue carbon,A Dubai company staggering land deals in Africa raise fears about risks to Indigenous livelihoods,https://abcnews.go.com/International/wireStory/dubai-companys-staggering-land-deals-africa-raise-fears-108957426,abcnews.go.com,20240407T091500Z,English,United States
restoration of vegetated coastal ecosystems,blue carbon,A Dubai company staggering land deals in Africa raise fears about risks to Indigenous livelihoods,https://www.wdio.com/front-page/world-national/a-dubai-companys-staggering-land-deals-in-africa-raise-fears-about-risks-to-indigenous-livelihoods/,wdio.com,20240407T091500Z,English,United States
restoration of vegetated coastal ecosystems,blue carbon,AP News Summary at 4 : 46 a . m . EDT,https://www.bgdailynews.com/news/national/ap-news-summary-at-4-46-a-m-edt/article_e42faa0b-30b6-5f74-92c5-b9dfc92a2e99.html,bgdailynews.com,20240407T091500Z,English,United States
restoration of vegetated coastal ecosystems,blue carbon,A Dubai company staggering land deals in Africa raise fears about risks to Indigenous livelihoods | Business,https://www.smdailyjournal.com/business/a-dubai-company-s-staggering-land-deals-in-africa-raise-fears-about-risks-to-indigenous/article_d467cfd5-dd11-5ea9-aa53-2b83f9e98257.html,smdailyjournal.com,20240407T083000Z,English,United States
restoration of vegetated coastal ecosystems,blue carbon,A Dubai company staggering land deals in Africa raise fears about risks to Indigenous livelihoods | World News,https://santamariatimes.com/news/world/a-dubai-company-s-staggering-land-deals-in-africa-raise-fears-about-risks-to-indigenous/article_74a6e716-25ca-5040-9a1c-f29b48c31e4a.html,santamariatimes.com,20240407T083000Z,English,United States
restoration of vegetated coastal ecosystems,blue carbon,A Dubai company staggering land deals in Africa raise fears about risks to Indigenous livelihoods | National / World News,https://www.news-gazette.com/news/nation-world/a-dubai-company-s-staggering-land-deals-in-africa-raise-fears-about-risks-to-indigenous/article_73e260f6-83d6-5309-9f8b-ac6ba4c45d2f.html,news-gazette.com,20240407T083000Z,English,United States
restoration of vegetated coastal ecosystems,blue carbon,A Dubai company staggering land deals in Africa raise fears about risks to Indigenous livelihoods | Region,https://www.eagletribune.com/region/a-dubai-company-s-staggering-land-deals-in-africa-raise-fears-about-risks-to-indigenous/article_9ed29732-10a7-5a37-8068-baba082d73fc.html,eagletribune.com,20240407T081500Z,English,United States
restoration of vegetated coastal ecosystems,blue carbon,AP News Summary at 3 : 22 a . m . EDT,https://www.clintonherald.com/news/national_news/ap-news-summary-at-3-22-a-m-edt/article_fb20cc18-22bb-5040-9b9b-ea4448cba0c1.html,clintonherald.com,20240407T080000Z,English,United States
restoration of vegetated coastal ecosystems,blue carbon,Limo by Vidiamo – Multifunctional Stroller For Growing Families !,https://www.growingyourbaby.com/limo-by-vidiamo-multifunctional-stroller-for-growing-families/,growingyourbaby.com,20240404T043000Z,English,United States
restoration of vegetated coastal ecosystems,blue carbon,Ocean forests : How  floating  mangroves could provide a broad range of ecological and social benefits,https://phys.org/news/2024-04-ocean-forests-mangroves-broad-range.html,phys.org,20240402T180000Z,English,United States
restoration of vegetated coastal ecosystems,blue carbon,"The Best Carbon Steel Cookware , From Budget to Chef - Quality",https://vegnews.com/best-carbon-steel-cookware,vegnews.com,20240828T200000Z,English,United States
restoration of vegetated coastal ecosystems,blue carbon,Researchers study carbon capture in Upper Newport Bay salt marshes,https://phys.org/news/2024-08-carbon-capture-upper-newport-bay.html,phys.org,20240828T180000Z,English,United States
restoration of vegetated coastal ecosystems,blue carbon,Germany Vs . America : 2025 Audi RS3 Sedan vs Cadillac CT4 - V Blackwing,https://carbuzz.com/2025-audi-rs3-sedan-cadillac-ct4-v-blackwing-comparison/,carbuzz.com,20240825T163000Z,English,United States
restoration of vegetated coastal ecosystems,blue carbon,"Biodiversity , conservation focus of new Mass . Department of Fish and Game strategy",https://www.gloucestertimes.com/news/biodiversity-conservation-focus-of-new-mass-department-of-fish-and-game-strategy/article_ce499150-6ac0-57d9-9888-96374cde8478.html,gloucestertimes.com,20240824T203000Z,English,United States
restoration of vegetated coastal ecosystems,blue carbon,Carbon Streaming Announces Financial Results for the Three,https://www.globenewswire.com/news-release/2024/08/13/2928868/0/en/Carbon-Streaming-Announces-Financial-Results-for-the-Three-and-Six-Months-Ended-June-30-2024.html,globenewswire.com,20240813T020000Z,English,United States
restoration of vegetated coastal ecosystems,blue carbon,Laundering Carbon The Gulf  New Scramble for Africa  - International Viewpoint,https://internationalviewpoint.org/spip.php?article8636,internationalviewpoint.org,20240812T074500Z,English,United States
restoration of vegetated coastal ecosystems,blue carbon,Targeted News Service,https://targetednews.com/pr_disp.php?pr_id=8764119,targetednews.com,20240812T031500Z,English,United States
restoration of vegetated coastal ecosystems,blue carbon,Wood To Deliver Pre - FEED For Shell Pioneering Blue Hydrogen Project In Oman,https://fuelcellsworks.com/news/wood-to-deliver-pre-feed-for-shells-pioneering-blue-hydrogen-project-in-oman/,fuelcellsworks.com,20240807T181500Z,English,United States
restoration of vegetated coastal ecosystems,blue carbon,Exhibit By Bobbie Brooks Crow To Be At Grace Episcopal Church,https://www.chattanoogan.com/2024/8/2/490468/Exhibit-By-Bobbie-Brooks-Crow-To-Be.aspx,chattanoogan.com,20240803T070000Z,English,United States
restoration of vegetated coastal ecosystems,blue carbon,Public Input Sought on Revised Coastal Plan,https://www.miragenews.com/public-input-sought-on-revised-coastal-plan-1325911/,miragenews.com,20240927T054500Z,English,United States
restoration of vegetated coastal ecosystems,blue carbon,Atlantic Cooperation Ministerial Partnership Announced,https://www.miragenews.com/atlantic-cooperation-ministerial-partnership-1322576/,miragenews.com,20240923T220000Z,English,United States
restoration of vegetated coastal ecosystems,blue carbon,Antarctic Krill Store an Astonishing Amount of CO2 in the Deep Ocean,https://www.maritime-executive.com/editorials/antarctic-krill-store-an-astonishing-amount-of-co2-in-the-deep-ocean,maritime-executive.com,20240922T194500Z,English,United States
restoration of vegetated coastal ecosystems,blue carbon,I dont want to say goodbye to my Apple Watch Ultra,https://www.digitaltrends.com/mobile/i-dont-want-to-say-goodbye-to-my-apple-watch-ultra/,digitaltrends.com,20240922T123000Z,English,United States
restoration of vegetated coastal ecosystems,blue carbon,How a new map of the united kingdom blue carbon habitats could change how oceans are protected,http://www.econotimes.com/How-a-new-map-of-the-UKs-blue-carbon-habitats-could-change-how-oceans-are-protected-1687699,econotimes.com,20240920T071500Z,English,United States
restoration of vegetated coastal ecosystems,blue carbon,How a new map of the united kingdom blue carbon habitats could change how oceans are protected,https://article.wn.com/view/2024/09/19/How_a_new_map_of_the_UK_s_blue_carbon_habitats_could_change_/,article.wn.com,20240919T101500Z,English,United States
restoration of vegetated coastal ecosystems,blue carbon,Submissions open for The Liveability Challenge 2025,https://www2.fundsforngos.org/health/submissions-open-for-the-liveability-challenge-2025/,fundsforngos.org,20240919T100000Z,English,United States
restoration of vegetated coastal ecosystems,blue carbon,Reports offer unique insights into Britain blue carbon,https://thefishsite.com/articles/reports-offer-unique-insights-into-britains-blue-carbon,thefishsite.com,20240919T093000Z,English,United States
restoration of vegetated coastal ecosystems,blue carbon,CarbonEthics Raises US$2 . 1M in Seed Funding,https://www.finsmes.com/2024/09/carbonethics-raises-us2-1m-in-seed-funding.html,finsmes.com,20240918T104500Z,English,United States
restoration of vegetated coastal ecosystems,blue carbon,Antarctic Krill Can Lock Away Similar Levels Of Carbon As Seagrass And Mangroves,https://www.eurasiareview.com/18092024-antarctic-krill-can-lock-away-similar-levels-of-carbon-as-seagrass-and-mangroves/,eurasiareview.com,20240918T013000Z,English,United States
restoration of vegetated coastal ecosystems,blue carbon,Environmental News Network - Antarctic Krill Can Lock away Similar Levels of Carbon as Seagrass and Mangroves,https://www.enn.com/articles/75249-antarctic-krill-can-lock-away-similar-levels-of-carbon-as-seagrass-and-mangroves,enn.com,20240918T000000Z,English,United States
restoration of vegetated coastal ecosystems,blue carbon,"Antarctic krill can lock away similar levels of carbon as seagrass and mangroves , finds study",https://article.wn.com/view/2024/09/17/Antarctic_krill_can_lock_away_similar_levels_of_carbon_as_se/,article.wn.com,20240917T194500Z,English,United States
restoration of vegetated coastal ecosystems,blue carbon,"Development and rising seas threaten Maine salt marshes , a key carbon sink",https://www.wbur.org/news/2024/09/17/maine-salt-marsh-development-climate-change,wbur.org,20240917T123000Z,English,United States
restoration of vegetated coastal ecosystems,blue carbon,"Development and rising seas threaten Maine salt marshes , a key carbon sink",https://www.nhpr.org/2024-09-13/development-and-rising-seas-threaten-maines-salt-marshes-a-key-carbon-sink,nhpr.org,20240914T004500Z,English,United States
restoration of vegetated coastal ecosystems,blue carbon,"Development and rising seas threaten Maine salt marshes , a key carbon sink",https://www.mainepublic.org/environment-and-outdoors/2024-09-13/development-and-rising-seas-threaten-maines-salt-marshes-a-key-carbon-sink,mainepublic.org,20240913T210000Z,English,United States
restoration of vegetated coastal ecosystems,blue carbon,Ostrom Climate Appoints Tejinder Virk as Chief Executive Officer,https://www.tennesseedaily.com/news/274585265/ostrom-climate-appoints-tejinder-virk-as-chief-executive-officer,tennesseedaily.com,20240912T150000Z,English,United States
restoration of vegetated coastal ecosystems,blue carbon,Ostrom Climate Appoints Tejinder Virk as Chief Executive Officer,https://www.bignewsnetwork.com/news/274585265/ostrom-climate-appoints-tejinder-virk-as-chief-executive-officer,bignewsnetwork.com,20240912T130000Z,English,United States
restoration of vegetated coastal ecosystems,blue carbon,Skeptical Science New Research for Week # 37 2024,https://skepticalscience.com/new_research_2024_37.html,skepticalscience.com,20240912T111500Z,English,United States
restoration of vegetated coastal ecosystems,blue carbon,UAE : EAD highlights Abu Dhabi international best practices in conservation,https://www.gdnonline.com:443/Details/1332588,gdnonline.com,20240912T104500Z,English,United States
restoration of vegetated coastal ecosystems,blue carbon,XTCC Partners With Carbonmark To Democratise And Scale Carbon Credit Market,https://mondovisione.com/media-and-resources/news/xtcc-partners-with-carbonmark-to-democratise-and-scale-carbon-credit-market/,mondovisione.com,20240912T080000Z,English,United States
restoration of vegetated coastal ecosystems,blue carbon,Seagrasses and salt marshes can store more carbon than trees . Adding it up is easier said than done .,https://www.bostonglobe.com/2024/09/11/science/seagrasses-salt-marshes-can-store-more-carbon-than-trees-adding-it-up-is-easier-said-than-done/,bostonglobe.com,20240911T143000Z,English,United States
restoration of vegetated coastal ecosystems,blue carbon,2024 BMW XM Label review,https://www.wuwm.com/2024-09-08/2024-bmw-xm-label-review,wuwm.com,20240908T141500Z,English,United States
restoration of vegetated coastal ecosystems,blue carbon,XTCC Partners with FINMAAL DMCC to Offer Carbon Offset,https://www.globenewswire.com/news-release/2024/09/05/2941048/0/en/XTCC-Partners-with-FINMAAL-DMCC-to-Offer-Carbon-Offset-Opportunities-for-Financial-Services-Customers.html,globenewswire.com,20240905T070000Z,English,United States
restoration of vegetated coastal ecosystems,blue carbon,Aggressive Seagrass Species Discovered In Biscayne Bay,https://www.miragenews.com/aggressive-seagrass-species-discovered-in-1309692/,miragenews.com,20240904T221500Z,English,United States
restoration of vegetated coastal ecosystems,blue carbon,Aggressive seagrass species discovered in Biscayne Bay,https://news.fiu.edu/2024/aggressive-seagrass-species-discovered-in-biscayne-bay,news.fiu.edu,20240904T221500Z,English,United States
restoration of vegetated coastal ecosystems,blue carbon,"Braving sharks and hordes of urchins , Bay Area scientists are growing kelp one forest at a time",https://www.dailydemocrat.com/2024/10/31/braving-sharks-and-hordes-of-urchins-bay-area-scientists-are-growing-kelp-one-forest-at-a-time/,dailydemocrat.com,20241101T014500Z,English,United States
restoration of vegetated coastal ecosystems,blue carbon,"Australia reef fish must adapt , migrate or they might go extinct",https://www.bignewsnetwork.com/news/274739393/australia-reef-fish-must-adapt-migrate-or-they-might-go-extinct,bignewsnetwork.com,20241030T224500Z,English,United States
restoration of vegetated coastal ecosystems,blue carbon,The  Blue Economy  Myth : We Have to Stop Thinking the Ocean Can Be Run Like a Business,https://www.resilience.org/stories/2024-10-28/the-blue-economy-myth-we-have-to-stop-thinking-the-ocean-can-be-run-like-a-business/,resilience.org,20241028T183000Z,English,United States
restoration of vegetated coastal ecosystems,blue carbon,BRABUS Reveals Three New Custom Mercedes - AMG G 63 Configurations,https://news.dupontregistry.com/aftermarket/brabus-reveals-new-g-63/,news.dupontregistry.com,20241025T144500Z,English,United States
restoration of vegetated coastal ecosystems,blue carbon,Supporting Women In Ocean Sciences,https://www.miragenews.com/supporting-women-in-ocean-sciences-1343857/,miragenews.com,20241024T164500Z,English,United States
restoration of vegetated coastal ecosystems,blue carbon,CORRECTING AND REPLACING : Bermuda Carbon Commission Unveiled at Green Overseas Climate Finance Forum : Positioning Bermuda as a Global Leader in Climate Finance,https://www.saltlakecitysun.com/news/274732066/correcting-and-replacing-bermuda-carbon-commission-unveiled-at-green-overseas-climate-finance-forum-positioning-bermuda-as-a-global-leader-in-climate-finance,saltlakecitysun.com,20241024T141500Z,English,United States
restoration of vegetated coastal ecosystems,blue carbon,CORRECTING AND REPLACING : Bermuda Carbon Commission Debuts at Green ...,https://www.pr-inside.com/correcting-and-replacing-bermuda-carbon-commission-debuts-at-green-r5061159.htm,pr-inside.com,20241024T120000Z,English,United States
restoration of vegetated coastal ecosystems,blue carbon,A new invasive ecological threat - Naples Florida Weekly,https://naples.floridaweekly.com/articles/a-new-invasive-ecological-threat/,naples.floridaweekly.com,20241024T051500Z,English,United States
restoration of vegetated coastal ecosystems,blue carbon,Bermuda Carbon Commission Unveiled at Green Overseas Climate Finance ...,https://www.pr-inside.com/bermuda-carbon-commission-unveiled-at-green-overseas-climate-finance-r5060164.htm,pr-inside.com,20241021T171500Z,English,United States
restoration of vegetated coastal ecosystems,blue carbon,Bermuda Carbon Commission Debuts at Green Overseas Climate Finance Forum : Setting a Global Standard for Blue Carbon Innovation,https://www.saltlakecitysun.com/news/274724893/bermuda-carbon-commission-debuts-at-green-overseas-climate-finance-forum-setting-a-global-standard-for-blue-carbon-innovation,saltlakecitysun.com,20241019T010000Z,English,United States
restoration of vegetated coastal ecosystems,blue carbon,Bermuda Carbon Commission Debuts at Green Overseas Climate Finance Forum : Setting a Global Standard for Blue Carbon Innovation,https://www.tennesseedaily.com/news/274724893/bermuda-carbon-commission-debuts-at-green-overseas-climate-finance-forum-setting-a-global-standard-for-blue-carbon-innovation,tennesseedaily.com,20241018T230000Z,English,United States
restoration of vegetated coastal ecosystems,blue carbon,Bermuda Carbon Commission Debuts at Green Overseas Climate Finance ...,https://www.pr-inside.com/bermuda-carbon-commission-debuts-at-green-overseas-climate-finance-r5059703.htm,pr-inside.com,20241018T230000Z,English,United States
restoration of vegetated coastal ecosystems,blue carbon,IT News Online - HKVAX Pioneers Blue Economy Security Tokens : Signs Strategic MoU at Ocean Forum,https://www.itnewsonline.com/news/HKVAX-Pioneers-Blue-Economy-Security-Tokens-Signs-Strategic-MoU-at-Ocean-Forum/25785,itnewsonline.com,20241018T031500Z,English,United States
restoration of vegetated coastal ecosystems,blue carbon,Global mining firm Anglo American turning to Chilean farmed algae to offset carbon emissions,https://www.seafoodsource.com/news/environment-sustainability/global-mining-firm-anglo-american-turning-to-chilean-farmed-algae-to-lower-carbon-emissions,seafoodsource.com,20241017T121500Z,English,United States
restoration of vegetated coastal ecosystems,blue carbon,Alpine Unveils New 740HP Hydrogen Alpenglow HY6 Supercar,https://news.dupontregistry.com/alpine/alpine-unveils-hydrogen-alpenglow-hy6/,news.dupontregistry.com,20241014T214500Z,English,United States
restoration of vegetated coastal ecosystems,blue carbon,The Hottest Startups in London in 2024,https://www.wired.com/story/the-hottest-startups-in-london-in-2024/,wired.com,20241014T090000Z,English,United States
restoration of vegetated coastal ecosystems,blue carbon,The Coral Collective Ecology Advocate Opens in Santa Barbara | Good for Santa Barbara,https://www.noozhawk.com/the-coral-collective-ecology-advocate-opens-in-santa-barbara/,noozhawk.com,20241012T171500Z,English,United States
restoration of vegetated coastal ecosystems,blue carbon,Restoring Mangroves May Prove Cheap Way to Cool Climate,https://innovationtoronto.com/restoring-mangroves-may-prove-cheap-way-to-cool-climate/,innovationtoronto.com,20241011T180000Z,English,United States
restoration of vegetated coastal ecosystems,blue carbon,Ocean Dialogue Urges Stronger Ocean Action in Climate Plans,https://www.miragenews.com/ocean-dialogue-urges-stronger-ocean-action-in-1332485/,miragenews.com,20241008T101500Z,English,United States
restoration of vegetated coastal ecosystems,blue carbon,Asia Climate Solutions Design Grant Program 2024,https://www2.fundsforngos.org/latest-funds-for-ngos/asia-climate-solutions-design-grant-program-2024/,fundsforngos.org,20241008T054500Z,English,United States
restoration of vegetated coastal ecosystems,blue carbon,Meet the candidates vying to represent San Diego County in the State Assembly,https://www.yahoo.com/news/meet-candidates-vying-represent-san-150305548.html,yahoo.com,20241007T180000Z,English,United States
restoration of vegetated coastal ecosystems,blue carbon,2025 Aston Martin Vantage vs . Porsche 911 Turbo,https://www.caranddriver.com/reviews/comparison-test/a62963613/2025-aston-martin-vantage-2024-porsche-911-turbo/,caranddriver.com,20241129T183000Z,English,United States
restoration of vegetated coastal ecosystems,blue carbon,Clean Ammonia Market : Key Developments and Future Outlook for 2024 – Cardinal Courier,https://cardinalcourieronline.com/business-news/clean-ammonia-market-key-developments-and-future-outlook-for-2024/7552/,cardinalcourieronline.com,20241127T024500Z,English,United States
restoration of vegetated coastal ecosystems,blue carbon,adidas Lightblaze Moc Release Info,https://hypebeast.com/2024/11/adidas-debuts-lightblaze-moc-in-two-colorways,hypebeast.com,20241126T104500Z,English,United States
restoration of vegetated coastal ecosystems,blue carbon,Bugatti is selling a limited - edition pool table -,https://www.gamereactor.eu/bugatti-is-selling-a-limited-edition-pool-table-1459103/,gamereactor.eu,20241125T203000Z,English,United States
restoration of vegetated coastal ecosystems,blue carbon,International Climate Initiative Thematic Call Funding Programme,https://www2.fundsforngos.org/latest-funds-for-ngos/international-climate-initiatives-thematic-call-funding-programme/,fundsforngos.org,20241121T070000Z,English,United States
restoration of vegetated coastal ecosystems,blue carbon,COP29 Spotlight : Partnership Breakthrough Opens Global Carbon Markets To Middle East Projects,https://www.forbes.com/sites/mariannelehnis/2024/11/20/cop29-spotlight-partnership-breakthrough-opens-global-carbon-markets-to-middle-east-projects/,forbes.com,20241120T141500Z,English,United States
restoration of vegetated coastal ecosystems,blue carbon,Man - Earth System problems and solutions - Part 2 Nature and Water,https://energycentral.com/c/ec/man-earth-system-problems-and-solutions-part-2-nature-and-water,energycentral.com,20241119T204500Z,English,United States
restoration of vegetated coastal ecosystems,blue carbon,Made In Cookware Biggest Sale of the Year Is Hot and Fresh Out of the Oven,https://www.vice.com/en/article/made-in-cookware-early-black-friday-deals/,vice.com,20241119T200000Z,English,United States
restoration of vegetated coastal ecosystems,blue carbon,The World Depends on a Healthy Southern Ocean,https://www.ipsnews.net/2024/11/world-depends-healthy-southern-ocean/,ipsnews.net,20241118T090000Z,English,United States
restoration of vegetated coastal ecosystems,blue carbon,"Braving sharks , urchins , Bay Area scientists nurture kelp forests",https://www.marinij.com/2024/11/14/braving-sharks-and-hordes-of-urchins-bay-area-scientists-are-growing-kelp-one-forest-at-a-time/,marinij.com,20241115T011500Z,English,United States
restoration of vegetated coastal ecosystems,blue carbon,South Australia Registers First Blue Carbon Project,https://www.miragenews.com/south-australia-registers-first-blue-carbon-1356032/,miragenews.com,20241113T041500Z,English,United States
restoration of vegetated coastal ecosystems,blue carbon,"New report :  An Ocean of Potential  exists for Blue Carbon finance , an essential yet largely untapped climate mitigation strategy",https://www.ecosystemmarketplace.com/articles/an-ocean-of-potential/,ecosystemmarketplace.com,20241112T010000Z,English,United States
restoration of vegetated coastal ecosystems,blue carbon,IT News Online - Home of Fujitsu joint conservation project designated as first Nationally Certified Sustainably Managed Natural Site in Okinawa,https://www.itnewsonline.com/news/Home-of-Fujitsu-joint-conservation-project-designated-as-first-Nationally-Certified-Sustainably-Managed-Natural-Site-in-Okinawa/26161,itnewsonline.com,20241107T093000Z,English,United States
restoration of vegetated coastal ecosystems,blue carbon,"Braving sharks and hordes of urchins , scientists are growing kelp one forest at a time",https://phys.org/news/2024-11-braving-sharks-hordes-urchins-scientists.html,phys.org,20241106T151500Z,English,United States
restoration of vegetated coastal ecosystems,blue carbon,Bright Tide Delivers The Wright Approach To Regenerative Farming,https://www.forbes.com/sites/daphneewingchow/2024/11/06/bright-tide-delivers-the-wright-approach-to-regenerative-farming/,forbes.com,20241106T111500Z,English,United States
restoration of vegetated coastal ecosystems,blue carbon,How Blue Carbon Ecosystems are Saving the Philippine Sinking Islands,https://www.ipsnews.net/2024/11/blue-carbon-ecosystems-saving-philippines-sinking-islands/,ipsnews.net,20241106T103000Z,English,United States
restoration of vegetated coastal ecosystems,blue carbon,In the Business of  Thriving  with a Cambridge Pracademic,https://www.resilience.org/stories/2024-11-04/in-the-business-of-thriving-with-a-cambridge-pracademic/,resilience.org,20241104T154500Z,English,United States
restoration of vegetated coastal ecosystems,blue carbon,"Braving sharks and hordes of urchins , Bay Area scientists are growing kelp one forest at a time",https://www.dailydemocrat.com/2024/10/31/braving-sharks-and-hordes-of-urchins-bay-area-scientists-are-growing-kelp-one-forest-at-a-time/,dailydemocrat.com,20241101T014500Z,English,United States
restoration of vegetated coastal ecosystems,blue carbon,"Pakistani government establishes first - of - its - kind program to reinvent its economy :  Meet global compliance and drive real , measurable ... benefits",https://www.yahoo.com/news/pakistani-government-establishes-first-kind-110000072.html,yahoo.com,20250101T124500Z,English,United States
restoration of vegetated coastal ecosystems,blue carbon,"Top Crypto Gainers Today Dec 25 - Turbo , JasmyCoin , SushiSwap , Axelar",https://insidebitcoins.com/news/top-crypto-gainers-today-dec-25-turbo-jasmycoin-sushiswap-axelar,insidebitcoins.com,20241225T170000Z,English,United States
restoration of vegetated coastal ecosystems,blue carbon,"Antarctic Krill Store Massive Amounts of Carbon in the Deep Ocean , Researchers Find",https://goodmenproject.com/featured-content/antarctic-krill-store-massive-amounts-of-carbon-in-the-deep-ocean-researchers-find/,goodmenproject.com,20241224T084500Z,English,United States
restoration of vegetated coastal ecosystems,blue carbon,"Tracey Weiss , Our Ocean Backyard | Reflecting on progress , potential and the many ways to support nature",https://www.santacruzsentinel.com/2024/12/21/tracey-weiss-our-ocean-backyard-reflecting-on-progress-potential-and-the-many-ways-to-support-nature/,santacruzsentinel.com,20241222T020000Z,English,United States
restoration of vegetated coastal ecosystems,blue carbon,Comprehensive analysis reveals hidden genomic evolution of brown algae,https://phys.org/news/2024-12-comprehensive-analysis-reveals-hidden-genomic.html,phys.org,20241218T224500Z,English,United States
restoration of vegetated coastal ecosystems,blue carbon,How sulfur affects the carbon cycle of subtropical seagrass meadows : New findings from Florida Bay,https://phys.org/news/2024-12-sulfur-affects-carbon-subtropical-seagrass.html,phys.org,20241212T184500Z,English,United States
restoration of vegetated coastal ecosystems,blue carbon,India Decarbonization Gets a Push as Govt Awards Incentives to New Era Cleantech & Coal India JVs for Coal Gasification,https://www.bignewsnetwork.com/news/274847918/india-decarbonization-gets-a-push-as-govt-awards-incentives-to-new-era-cleantech--coal-india-jvs-for-coal-gasification,bignewsnetwork.com,20241212T134500Z,English,United States
restoration of vegetated coastal ecosystems,blue carbon,"CIFF Celebrates Successful Event Connecting Audiences , Filmmakers , and Stories of All Kinds",https://www.coronadonewsca.com/news/coronado_island_news/ciff-celebrates-successful-event-connecting-audiences-filmmakers-and-stories-of-all-kinds/article_6b64ff02-b690-11ef-8053-c37979587573.html,coronadonewsca.com,20241210T034500Z,English,United States
restoration of vegetated coastal ecosystems,blue carbon,Skeptical Science New Research for Week # 49 2024,https://skepticalscience.com/new_research_2024_49.html,skepticalscience.com,20241205T081500Z,English,United States
restoration of vegetated coastal ecosystems,blue carbon,"After Gaps in UN Agreement , National Laws Must Step Up To Protect Community Land Rights",https://www.globalissues.org/news/2024/12/04/38506,globalissues.org,20241205T023000Z,English,United States
restoration of vegetated coastal ecosystems,blue carbon,Rebecca Iwerks | IPS Inter Press Service | News Agency | Journalism & Communication for Global Change,https://www.ipsnews.net/author/rebecca-iwerks/,ipsnews.net,20241204T193000Z,English,United States
restoration of vegetated coastal ecosystems,blue carbon,"Carbon Markets - After Gaps in UN Agreement , National Laws Must Step Up To Protect Community Land Rights",https://www.ipsnews.net/2024/12/gaps-un-agreement-national-laws-must-step-protect-community-land-rights/,ipsnews.net,20241204T193000Z,English,United States
restoration of vegetated coastal ecosystems,blue carbon,Alain Frechette | IPS Inter Press Service | News Agency | Journalism & Communication for Global Change,https://www.ipsnews.net/author/alain-frechette/,ipsnews.net,20241204T193000Z,English,United States
restoration of vegetated coastal ecosystems,blue carbon,IT News Online - Fujitsu entrepreneurship program spins out first start - up company,https://www.itnewsonline.com/news/Fujitsu-entrepreneurship-program-spins-out-first-start-up-company/26790,itnewsonline.com,20241203T043000Z,English,United States
restoration of vegetated coastal ecosystems,blue carbon,"2025 Mercedes - Benz G 580 Review , Specs , Price , Performance And Range",https://www.slashgear.com/1724615/2025-mercedes-benz-g580-electric-g-wagen-review-specs-pricing-off-road-performance/,slashgear.com,20241202T190000Z,English,United States
restoration of vegetated coastal ecosystems,blue carbon,WA Innovators Get $730K Government Funding Boost,https://www.miragenews.com/wa-innovators-get-730k-government-funding-boost-1368895/,miragenews.com,20241202T081500Z,English,United States
restoration of vegetated coastal ecosystems,blue carbon,Geologic Hydrogen : A Game - Changer or Another Energy Mirage ?,https://wattsupwiththat.com/2025/02/27/geologic-hydrogen-a-game-changer-or-another-energy-mirage/,wattsupwiththat.com,20250227T201500Z,English,United States
restoration of vegetated coastal ecosystems,blue carbon,"New England Salt Marshes Store 10 Million Car Worth of Carbon and Add Another 15 , 000 - Worth Every Year : UMass Amherst",https://www.umass.edu/news/article/new-englands-salt-marshes-store-10-million-cars-worth-carbon-and-add-another-15000,umass.edu,20250226T203000Z,English,United States
restoration of vegetated coastal ecosystems,blue carbon,Can methanol decarbonize fuels ?,https://cen.acs.org/environment/greenhouse-gases/methanol-decarbonize-fuels/103/i5,cen.acs.org,20250222T204500Z,English,United States
restoration of vegetated coastal ecosystems,blue carbon,The Rising Tide Of Sand Mining : A Growing Threat To Marine Life,https://www.eurasiareview.com/22022025-the-rising-tide-of-sand-mining-a-growing-threat-to-marine-life/,eurasiareview.com,20250222T050000Z,English,United States
restoration of vegetated coastal ecosystems,blue carbon,The rising tide of sand mining : A growing threat to marine life,https://www.sciencedaily.com/releases/2025/02/250221125245.htm,sciencedaily.com,20250222T020000Z,English,United States
restoration of vegetated coastal ecosystems,blue carbon,The rising tide of sand mining : A growing threat to marine life,https://phys.org/news/2025-02-tide-sand-threat-marine-life.html,phys.org,20250221T170000Z,English,United States
restoration of vegetated coastal ecosystems,blue carbon,Corporates to focus on blue carbon in Tokyo,https://thefishsite.com/articles/corporates-to-focus-on-blue-carbon-in-tokyo,thefishsite.com,20250221T083000Z,English,United States
restoration of vegetated coastal ecosystems,blue carbon,Timothée Chalamet Next Fashion Frontier ? Cargo Pants,https://www.gq.com/story/timothee-chalamet-true-religion-cargo-pants,gq.com,20250220T234500Z,English,United States
restoration of vegetated coastal ecosystems,blue carbon,The World First Last W16 Engines Are Headed To America,https://carbuzz.com/bugatti-w16-mistral-deliveries-begin-america/,carbuzz.com,20250219T123000Z,English,United States
restoration of vegetated coastal ecosystems,blue carbon,South Australia Marks Coastal Restoration Milestone,https://www.miragenews.com/south-australia-marks-coastal-restoration-1406834/,miragenews.com,20250212T013000Z,English,United States
restoration of vegetated coastal ecosystems,blue carbon,This Blue Singer DLS Could Sell For More Than A Koenigsegg Jesko,https://www.carscoops.com/2025/02/a-blue-singer-dls-could-sell-for-more-than-a-koenigsegg-jesko/,carscoops.com,20250211T214500Z,English,United States
restoration of vegetated coastal ecosystems,blue carbon,What is the Difference Between Carbon Storage and Sequestration ?,https://www.azocleantech.com/article.aspx?ArticleID=1942,azocleantech.com,20250211T164500Z,English,United States
restoration of vegetated coastal ecosystems,blue carbon,This One - Off Pagani Huayra Is Inspired By The Ocean ( And Bad Taste ),https://carbuzz.com/one-off-pagani-huayra-inspired-by-ocean-bad-taste/,carbuzz.com,20250210T230000Z,English,United States
restoration of vegetated coastal ecosystems,blue carbon,All - Women Science Team Explores Blue Carbon Solutions,https://www.miragenews.com/all-women-science-team-explores-blue-carbon-1405859/,miragenews.com,20250210T223000Z,English,United States
restoration of vegetated coastal ecosystems,blue carbon,Go For An Awesome POV Ride In A Pagani Zonda R Revo At COTA,https://www.carscoops.com/2025/02/go-for-an-awesome-pov-ride-in-a-pagani-zonda-r-revo-at-cota/,carscoops.com,20250210T213000Z,English,United States
restoration of vegetated coastal ecosystems,blue carbon,Fugro strengthens capabilities with EOMAP acquisition,https://www.hydro-international.com/content/news/fugro-strengthens-capabilities-with-eomap-acquisition,hydro-international.com,20250205T183000Z,English,United States
restoration of vegetated coastal ecosystems,blue carbon,Ocean - Themed Pagani Huayra On Bring A Trailer Is What Happens When Tacky People Have Too Much Money,https://jalopnik.com/ocean-themed-pagani-huayra-on-bring-a-trailer-is-what-h-1851754485,jalopnik.com,20250204T214500Z,English,United States
restoration of vegetated coastal ecosystems,blue carbon,Combating Climate Change with Ancient Aquaculture,https://oilprice.com/Energy/Energy-General/Combating-Climate-Change-with-Ancient-Aquaculture.html,oilprice.com,20250202T191500Z,English,United States
restoration of vegetated coastal ecosystems,blue carbon,Carbon Streaming Announces Financial Results for the Year,https://www.globenewswire.com/news-release/2025/04/01/3052943/0/en/Carbon-Streaming-Announces-Financial-Results-for-the-Year-Ended-December-31-2024.html,globenewswire.com,20250401T020000Z,English,United States
restoration of vegetated coastal ecosystems,blue carbon,Report questions climate benefits of LA hydrogen plant | Environment,https://www.theadvocate.com/baton_rouge/news/environment/louisiana-environment-hydrogen-carbon-capture-economy-climate/article_ee08a4fb-c469-5a94-a150-fc32e589cbcd.html,theadvocate.com,20250328T113000Z,English,United States
restoration of vegetated coastal ecosystems,blue carbon,Glow - in - the - dark Nike Air Foamposite One Pro Unreleased Sample,https://footwearnews.com/shoes/sneaker-news/nike-air-foamposite-one-pro-glow-dark-elephant-print-sample-1234784252/,footwearnews.com,20250320T180000Z,English,United States
restoration of vegetated coastal ecosystems,blue carbon,Skeptical Science New Research for Week # 12 2025,https://skepticalscience.com/new_research_2025_12.html,skepticalscience.com,20250320T073000Z,English,United States
restoration of vegetated coastal ecosystems,blue carbon,"NASA Researchers Study Coastal Wetlands , Champions of Carbon Capture",https://www.spacedaily.com/reports/NASA_Researchers_Study_Coastal_Wetlands_Champions_of_Carbon_Capture_999.html,spacedaily.com,20250317T150000Z,English,United States
restoration of vegetated coastal ecosystems,blue carbon,"NASA Researchers Study Coastal Wetlands , Champions of Carbon Capture",https://www.terradaily.com/reports/NASA_Researchers_Study_Coastal_Wetlands_Champions_of_Carbon_Capture_999.html,terradaily.com,20250314T121500Z,English,United States
restoration of vegetated coastal ecosystems,blue carbon,Bugatti Gives You a Porsche to Warm up Before Taking a Bolide on Track,https://robbreport.com/motors/cars/bugatti-bolide-porsche-911-gt3-track-1236359291/,robbreport.com,20250313T201500Z,English,United States
restoration of vegetated coastal ecosystems,blue carbon,"For $239 , 000 , You Can Own A Very Rare Range Rover",https://www.topspeed.com/range-rover-park-city-edition-for-239k/,topspeed.com,20250312T001500Z,English,United States
restoration of vegetated coastal ecosystems,blue carbon,Companion to Cranky Stepdad vs Hydrogen for Energy,https://cleantechnica.com/2025/03/06/companion-to-cranky-stepdad-vs-hydrogen-for-energy/,cleantechnica.com,20250307T054500Z,English,United States
restoration of vegetated coastal ecosystems,blue carbon,The einstein tile rocked mathematics . Meet its molecular cousin,https://www.sciencenews.org/article/einstein-tile-molecular-cousin-patterns,sciencenews.org,20250305T210000Z,English,United States
restoration of vegetated coastal ecosystems,blue carbon,BMW Launches 2025 3 Series Long Wheelbase Made In India,https://www.bmwblog.com/2025/03/02/2025-bmw-3-series-lwb-india/,bmwblog.com,20250302T130000Z,English,United States
restoration of vegetated coastal ecosystems,blue carbon,CoD : Warzone Season 03 Reloaded Changes Explained,https://screenrant.com/cod-warzone-season-03-reloadeds-changes-explained/,screenrant.com,20250501T221500Z,English,United States
restoration of vegetated coastal ecosystems,blue carbon,Pagani Unico Shows Off A 1 - of - 1 Exposed Blue Carbon Zonda Roadster,https://news.dupontregistry.com/pagani/pagani-unico-shows-off-a-1-of-1-exposed-blue-carbon-zonda-roadster/,news.dupontregistry.com,20250501T170000Z,English,United States
restoration of vegetated coastal ecosystems,blue carbon,"Our Ocean Conference : 10 Years of Progress , With More to Achieve",https://www.wri.org/update/our-ocean-conference-10-years-progress-more-achieve,wri.org,20250430T023000Z,English,United States
restoration of vegetated coastal ecosystems,blue carbon,"In Portsmouth : Kelp for the environment | EastBayRI . com - News , Opinion , Things to Do in the East Bay","https://www.eastbayri.com/stories/in-portsmouth-kelp-for-the-environment,130500",eastbayri.com,20250416T230000Z,English,United States
restoration of vegetated coastal ecosystems,blue carbon,Oceana Invests $1 . 5M in Seafood Innovation from Hatch Blue,https://www.perishablenews.com/seafood/oceana-invests-1-5m-in-seafood-innovation-from-hatch-blue/,perishablenews.com,20250416T223000Z,English,United States
restoration of vegetated coastal ecosystems,blue carbon,15 Kitchen Knife Myths Debunked By A Chef,https://www.thedailymeal.com/1828114/kitchen-knife-myths-debunked-by-chef/,thedailymeal.com,20250413T174500Z,English,United States
restoration of vegetated coastal ecosystems,blue carbon,Papua New Guinea lifts ban on forest carbon credits,https://www.terradaily.com/reports/Papua_New_Guinea_lifts_ban_on_forest_carbon_credits_999.html,terradaily.com,20250411T144500Z,English,United States
restoration of vegetated coastal ecosystems,blue carbon,Environmental News Network - Blue Carbon Project Will Create a Living Shoreline to Protect Coastal Ecosystems in Galveston Bay,https://www.enn.com/articles/76318-blue-carbon-project-will-create-a-living-shoreline-to-protect-coastal-ecosystems-in-galveston-bay,enn.com,20250410T201500Z,English,United States
restoration of vegetated coastal ecosystems,blue carbon,Papua New Guinea lifts ban on forest carbon credits,https://www.messenger-inquirer.com/news/national/papua-new-guinea-lifts-ban-on-forest-carbon-credits/article_62d2f73a-8d11-532a-b675-51476080d725.html,messenger-inquirer.com,20250410T173000Z,English,United States
restoration of vegetated coastal ecosystems,blue carbon,Skeptical Science New Research for Week # 15 2025,https://skepticalscience.com/new_research_2025_15.html,skepticalscience.com,20250410T120000Z,English,United States
restoration of vegetated coastal ecosystems,blue carbon,Papua New Guinea lifts ban on forest carbon credits,https://phys.org/news/2025-04-papua-guinea-forest-carbon-credits.html,phys.org,20250410T111500Z,English,United States
restoration of vegetated coastal ecosystems,blue carbon,Papua New Guinea lifts ban on forest carbon credits,https://www.terradaily.com/afp/250410044550.csb8mn0g.html,terradaily.com,20250410T094500Z,English,United States
restoration of vegetated coastal ecosystems,blue carbon,Papua New Guinea lifts ban on forest carbon credits,https://www.independentnews.com/news/national/papua-new-guinea-lifts-ban-on-forest-carbon-credits/article_5962313b-dbb5-5357-ac7b-ec16cfe63d9a.html,independentnews.com,20250410T061500Z,English,United States
restoration of vegetated coastal ecosystems,blue carbon,Papua New Guinea lifts ban on forest carbon credits,https://www.elpasoinc.com/news/national/papua-new-guinea-lifts-ban-on-forest-carbon-credits/article_0f0da54d-0d7c-5d9a-a0d6-439a3ce5578d.html,elpasoinc.com,20250410T061500Z,English,United States
restoration of vegetated coastal ecosystems,blue carbon,Papua New Guinea lifts ban on forest carbon credits,https://www.northwestsignal.net/news/article_44cfc155-e755-5884-a6b8-d44261161d3f.html,northwestsignal.net,20250410T054500Z,English,United States
restoration of vegetated coastal ecosystems,blue carbon,Papua New Guinea lifts ban on forest carbon credits,https://www.bryantimes.com/news/papua-new-guinea-lifts-ban-on-forest-carbon-credits/article_9e765f77-a0b2-5db0-97da-0c54d9a0a072.html,bryantimes.com,20250410T054500Z,English,United States
restoration of vegetated coastal ecosystems,blue carbon,Papua New Guinea Lifts Ban On Forest Carbon Credits,https://www.ibtimes.com/papua-new-guinea-lifts-ban-forest-carbon-credits-3769518,ibtimes.com,20250410T051500Z,English,United States
restoration of vegetated coastal ecosystems,blue carbon,Papua New Guinea lifts ban on forest carbon credits,https://www.yahoo.com/news/papua-guinea-lifts-ban-forest-044546087.html,yahoo.com,20250410T051500Z,English,United States
restoration of vegetated coastal ecosystems,blue carbon,Marine - Climate Projects Outpacing Governance : Caution Urged,https://www.miragenews.com/marine-climate-projects-outpacing-governance-1438705/,miragenews.com,20250403T214500Z,English,United States
restoration of vegetated coastal ecosystems,blue carbon,Proceed with caution : Emerging marine - climate projects outpacing effective governance,https://phys.org/news/2025-04-proceed-caution-emerging-marine-climate.html,phys.org,20250403T184500Z,English,United States
restoration of vegetated coastal ecosystems,blue carbon,Transforming the Canary in the Global Warming Coalmine into a Dove of Peace,https://energycentral.com/c/ec/transforming-canary-global-warming-coalmine-dove-peace,energycentral.com,20250402T033000Z,English,United States
restoration of vegetated coastal ecosystems,blue carbon,Carbon Streaming Announces Financial Results for the Year,https://www.globenewswire.com/news-release/2025/04/01/3052943/0/en/Carbon-Streaming-Announces-Financial-Results-for-the-Year-Ended-December-31-2024.html,globenewswire.com,20250401T020000Z,English,United States
restoration of vegetated coastal ecosystems,blue carbon,The Carbon - teel Pans That Replaced All My Nonstick Cookware,https://www.bonappetit.com/story/the-carbon-steel-pans-that-replaced-all-my-nonstick-cookware,bonappetit.com,20250613T004500Z,English,United States
restoration of vegetated coastal ecosystems,blue carbon,2026 Cadillac Optiq - V EV,https://uncrate.com/2026-cadillac-optiq-v-ev/,uncrate.com,20250611T050000Z,English,United States
restoration of vegetated coastal ecosystems,blue carbon,Ocean mud locks up much of the planet carbon were digging deep to map these ancient stores,https://phys.org/news/2025-06-ocean-mud-planet-carbon-deep.html,phys.org,20250609T153000Z,English,United States
restoration of vegetated coastal ecosystems,blue carbon,The 13 Watches Everybody Is Talking About Right Now,https://www.esquire.com/uk/watches/a64986905/the13-best-luxury-watches-in-the-world/,esquire.com,20250606T181500Z,English,United States
restoration of vegetated coastal ecosystems,blue carbon,Why we Must Put Ocean - Positive Solutions at the Heart of Global Development,https://www.ipsnews.net/2025/06/must-put-ocean-positive-solutions-heart-global-development/,ipsnews.net,20250606T051500Z,English,United States
restoration of vegetated coastal ecosystems,blue carbon,Why We Should Protect High Seas From Fishing Forever,https://www.miragenews.com/why-we-should-protect-high-seas-from-fishing-1473597/,miragenews.com,20250606T023000Z,English,United States
restoration of vegetated coastal ecosystems,blue carbon,Celebrating World Oceans Day : The Bahamas Leads the Way in,https://www.globenewswire.com/news-release/2025/06/05/3094637/0/en/Celebrating-World-Oceans-Day-The-Bahamas-Leads-the-Way-in-Sustainable-Tourism-for-a-Thriving-Marine-World.html,globenewswire.com,20250605T164500Z,English,United States
restoration of vegetated coastal ecosystems,blue carbon,EU eyes  leadership  role on oceans ahead of UN summit,https://www.terradaily.com/afp/250605121214.j6ti57ck.html,terradaily.com,20250605T143000Z,English,United States
restoration of vegetated coastal ecosystems,blue carbon,EU eyes  leadership  role on oceans ahead of UN summit,https://www.voiceofalexandria.com/news/national/eu-eyes-leadership-role-on-oceans-ahead-of-un-summit/article_73563e7f-1d8f-557e-af12-35792d28beaf.html,voiceofalexandria.com,20250605T063000Z,English,United States
restoration of vegetated coastal ecosystems,blue carbon,EU eyes  leadership  role on oceans ahead of UN summit,https://www.suncommercial.com/banner_graphic/news/national/article_e27d6975-8e03-58e1-8f3d-50d7a746705c.html,suncommercial.com,20250605T044500Z,English,United States
restoration of vegetated coastal ecosystems,blue carbon,Hydrogen Chicken - and - Egg Problem Persists as Buyers Hesitate,https://oilprice.com/Alternative-Energy/Fuel-Cells/Hydrogens-Chicken-and-Egg-Problem-Persists-as-Buyers-Hesitate.html,oilprice.com,20250603T231500Z,English,United States
restoration of vegetated coastal ecosystems,blue carbon,Issues to Watch at UN Ocean Conference | World Resources Institute,https://www.wri.org/insights/un-ocean-conference-key-issues,wri.org,20250603T153000Z,English,United States
restoration of vegetated coastal ecosystems,blue carbon,wild shores of singapore : Singapore seagrass meadows important for carbon storing,https://wildshores.blogspot.com/2025/06/singapores-seagrass-meadows-important.html,wildshores.blogspot.com,20250602T053000Z,English,United States
restoration of vegetated coastal ecosystems,blue carbon,13 Essential Kitchen Tools I Use For Precision and Finesse,https://www.foodandwine.com/essential-kitchen-tools-amazon-11782937,foodandwine.com,20250801T211500Z,English,United States
restoration of vegetated coastal ecosystems,blue carbon,2024 Chevrolet Corvette E - Ray,https://www.topspeed.com/chevrolet/corvette-e-ray/2024/,topspeed.com,20250730T031500Z,English,United States
restoration of vegetated coastal ecosystems,blue carbon,Paying the People : Liberia Novel Plan to Save Its Forests,https://e360.yale.edu:8443/features/liberia-forest-payment-scheme,e360.yale.edu,20250721T114500Z,English,United States
restoration of vegetated coastal ecosystems,blue carbon,New Board Members Join Environmental Protection Office,https://www.miragenews.com/new-board-members-join-environmental-protection-1498350/,miragenews.com,20250717T101500Z,English,United States
restoration of vegetated coastal ecosystems,blue carbon,Skeptical Science New Research for Week # 29 2025,https://skepticalscience.com/new_research_2025_29.html,skepticalscience.com,20250717T074500Z,English,United States
restoration of vegetated coastal ecosystems,blue carbon,Which Carbon Credits Work And Which Are Just Climate Placeholders ?,https://www.forbes.com/sites/dianneplummer/2025/07/07/which-carbon-credits-work-and-which-are-just-climate-placeholders/,forbes.com,20250708T011500Z,English,United States
restoration of vegetated coastal ecosystems,blue carbon,Brabus Rocket GTS Shooting Brake Deep Blue Now Available From $1 . 8 Million,https://carbuzz.com/brabus-rocket-gts-deep-blue-shooting-brake-1000-horsepower/,carbuzz.com,20250706T141500Z,English,United States
restoration of vegetated coastal ecosystems,blue carbon,Resonant frequencies reveal a map for optimizing single - atom catalysts,https://phys.org/news/2025-07-resonant-frequencies-reveal-optimizing-atom.html,phys.org,20250702T133000Z,English,United States
restoration of vegetated coastal ecosystems,blue carbon,Representatives from 25 countries discussed deep - sea tech,https://www.globenewswire.com/news-release/2025/10/31/3178487/0/en/Representatives-from-25-countries-discussed-deep-sea-tech-innovation-in-Sanya-China.html,globenewswire.com,20251031T161500Z,English,United States
restoration of vegetated coastal ecosystems,blue carbon,STATEMENT : Indonesia Submits Its National Climate Commitment With New Emissions Targets Ahead of COP30,https://www.wri.org/news/statement-indonesia-submits-its-national-climate-commitment-new-emissions-targets-ahead-cop30,wri.org,20251030T174500Z,English,United States
restoration of vegetated coastal ecosystems,blue carbon,These Bespoke Aston Martins Take Design Cues From a Luxe Superyacht,https://robbreport.com/motors/cars/aston-martin-above-beyond-bespoke-cars-1237329374/,robbreport.com,20251030T144500Z,English,United States
restoration of vegetated coastal ecosystems,blue carbon,Justine Johnson : The 100 Most Influential Climate Leaders of 2025,https://time.com/collections/time-100-climate-2025/7326545/justine-johnson/,time.com,20251030T120000Z,English,United States
restoration of vegetated coastal ecosystems,blue carbon,"Before The Celestiq , These Were The Most Expensive Cadillacs Ever Built",https://www.jalopnik.com/2005273/most-expensive-cadillacs-ever/,jalopnik.com,20251028T221500Z,English,United States
restoration of vegetated coastal ecosystems,blue carbon,Karbon - X Celebrates Major Milestone in Senegal Mangrove Restoration Project,http://www.hawaiitelegraph.com/news/278661044/karbon-x-celebrates-major-milestone-in-senegal-mangrove-restoration-project,hawaiitelegraph.com,20251028T133000Z,English,United States
restoration of vegetated coastal ecosystems,blue carbon,Karbon - X Celebrates Major Milestone in Senegal Mangrove Restoration Project,http://www.newjerseytelegraph.com/news/278661044/karbon-x-celebrates-major-milestone-in-senegal-mangrove-restoration-project,newjerseytelegraph.com,20251028T130000Z,English,United States
restoration of vegetated coastal ecosystems,blue carbon,Watch CNN live online,https://www.cnn.com/watch,cnn.com,20251028T034500Z,English,United States
restoration of vegetated coastal ecosystems,blue carbon,Tick - Talk : 2025 watch - buying advice from timepiece experts,https://nypost.com/2025/10/27/lifestyle/tick-talk-2025-watch-buying-advice-from-timepiece-experts/,nypost.com,20251027T121500Z,English,United States
restoration of vegetated coastal ecosystems,blue carbon,Mangrove research reveals major blue carbon and economic gain potential for the Philippines,https://www.terradaily.com/reports/Mangrove_research_reveals_major_blue_carbon_and_economic_gain_potential_for_the_Philippines_999.html,terradaily.com,20251026T041500Z,English,United States
restoration of vegetated coastal ecosystems,blue carbon,Cloud - Rendering Carbon - Offset Market Forecast 2025 – 2034 : Key Metrics and Strategic Insights,https://whatech.com/og/markets-research/it/995044-cloud-rendering-carbon-offset-market-forecast-2025-2034-key-metrics-and-strategic-insights.html,whatech.com,20251023T193000Z,English,United States
restoration of vegetated coastal ecosystems,blue carbon,Philippine Scientists Harness Mangrove Climate Power,https://www.miragenews.com/philippine-scientists-harness-mangroves-climate-1556071/,miragenews.com,20251023T000000Z,English,United States
restoration of vegetated coastal ecosystems,blue carbon,"Tech , Capital , and Playa : Turning Conservation into an Innovation Economy in South Florida",https://communitynewspapers.com/biscayne-bay/tech-capital-and-playa-turning-conservation-into-an-innovation-economy-in-south-florida/,communitynewspapers.com,20251021T201500Z,English,United States
restoration of vegetated coastal ecosystems,blue carbon,"Will Coral Reefs Be Gone by 2050 ? How Bleaching , Acidification , and Ocean Heating are Killing Coral Reefs",https://www.resilience.org/stories/2025-10-16/will-coral-reefs-be-gone-by-2050-how-bleaching-acidification-and-ocean-heating-are-killing-coral-reefs/,resilience.org,20251016T144500Z,English,United States
restoration of vegetated coastal ecosystems,blue carbon,Environment Agency - Abu Dhabi partners with TotalEnergies to launch seagrass restoration programme,http://www.bignewsnetwork.com/news/278639839/environment-agency-abu-dhabi-partners-with-totalenergies-to-launch-seagrass-restoration-programme,bignewsnetwork.com,20251016T130000Z,English,United States
restoration of vegetated coastal ecosystems,blue carbon,Algal Bloom Summer Plan Released,https://www.miragenews.com/algal-bloom-summer-plan-released-1550858/,miragenews.com,20251014T120000Z,English,United States
restoration of vegetated coastal ecosystems,blue carbon,FAB Deepens Blue Finance Footprint with $20M Bond,https://thearabianpost.com/fab-deepens-blue-finance-footprint-with-20m-bond/,thearabianpost.com,20251010T150000Z,English,United States
restoration of vegetated coastal ecosystems,blue carbon,Tanintharyi Mangrove Deforestation Amid Political Crisis – Analysis – Eurasia Review,https://www.eurasiareview.com/10102025-tanintharyis-mangrove-deforestation-amid-political-crisis-analysis/,eurasiareview.com,20251010T011500Z,English,United States
restoration of vegetated coastal ecosystems,blue carbon,Foundation awards $650K in binational grants for Tijuana River projects,https://timesofsandiego.com/life/2025/10/07/foundation-binational-grants-tijuana-river-sewage-projects/,timesofsandiego.com,20251008T004500Z,English,United States
restoration of vegetated coastal ecosystems,blue carbon,"IUCN World Conservation Congress 2025 to assemble 1 , 400+ member organisations in Abu Dhabi to shape international policy , collective action",http://www.bignewsnetwork.com/news/278622793/iucn-world-conservation-congress-2025-to-assemble-1400-member-organisations-in-abu-dhabi-to-shape-international-policy-collective-action,bignewsnetwork.com,20251007T191500Z,English,United States
restoration of vegetated coastal ecosystems,blue carbon,"United Nations Hosts Gaston Browne Love , Law & Reparations Agenda for Small Islands",https://www.shockya.com/news/2025/10/04/united-nations-hosts-gaston-brownes-love-law-reparations-agenda-for-small-islands/,shockya.com,20251004T144500Z,English,United States
restoration of vegetated coastal ecosystems,blue carbon,"Berkeley Talks : Long considered  too big to fail , the ocean needs a new narrative",https://news.berkeley.edu/2025/10/03/berkeley-talks-ocean-narrative/,news.berkeley.edu,20251004T004500Z,English,United States
restoration of vegetated coastal ecosystems,blue carbon,How One Dubai Investor Uses Renewable Energy to Redefine Gulf Capital,https://ceoworld.biz/2025/11/29/how-one-dubai-investor-uses-renewable-energy-to-redefine-gulf-capital/,ceoworld.biz,20251130T020000Z,English,United States
restoration of vegetated coastal ecosystems,blue carbon,Is Aquaculture a Carbon Source or Carbon Sink ?,https://www.newswise.com/articles/is-aquaculture-a-carbon-source-or-carbon-sink,newswise.com,20251128T170000Z,English,United States
restoration of vegetated coastal ecosystems,blue carbon,Applications open for Virtual Media Workshop ( Indonesia ),https://www2.fundsforngos.org/marketing/applications-open-for-virtual-media-workshop-indonesia/,fundsforngos.org,20251128T160000Z,English,United States
restoration of vegetated coastal ecosystems,blue carbon,From Access to Action Carbon Markets Can Turn Developing Countrie Ambitions into Realities Global Issues,https://www.globalissues.org/news/2025/11/26/41754,globalissues.org,20251127T044500Z,English,United States
restoration of vegetated coastal ecosystems,blue carbon,The case of Africa  vanishing  carbon deals,https://www.terradaily.com/afp/251126010105.yyzlwrpq.html,terradaily.com,20251126T024500Z,English,United States
restoration of vegetated coastal ecosystems,blue carbon,"From tides to precipitation swings , flux plays a crucial , changing role in ecosystems worldwide",https://phys.org/news/2025-11-tides-precipitation-flux-plays-crucial.html,phys.org,20251125T003000Z,English,United States
restoration of vegetated coastal ecosystems,blue carbon,Hunter Valley Blue Carbon Heads to Fiji Islands,https://www.miragenews.com/hunter-valley-blue-carbon-heads-to-fiji-islands-1576943/,miragenews.com,20251124T223000Z,English,United States
restoration of vegetated coastal ecosystems,blue carbon,ArtCap Strategies Announces Closing of Senior Secured Facility to Capitalize the Bahama National Blue Carbon Investment Fund,http://www.tennesseedaily.com/news/278720919/artcap-strategies-announces-closing-of-senior-secured-facility-to-capitalize-the-bahamas-national-blue-carbon-investment-fund,tennesseedaily.com,20251124T214500Z,English,United States
restoration of vegetated coastal ecosystems,blue carbon,ArtCap Strategies Announces Closing of Senior Secured Facility to Capitalize the Bahama National Blue Carbon Investment Fund,http://www.stlouisstar.com/news/278720919/artcap-strategies-announces-closing-of-senior-secured-facility-to-capitalize-the-bahamas-national-blue-carbon-investment-fund,stlouisstar.com,20251124T201500Z,English,United States
restoration of vegetated coastal ecosystems,blue carbon,ArtCap Strategies Announces Closing of Senior Secured Facility to Capitalize the Bahama National Blue Carbon Investment Fund,http://www.memphissun.com/news/278720919/artcap-strategies-announces-closing-of-senior-secured-facility-to-capitalize-the-bahamas-national-blue-carbon-investment-fund,memphissun.com,20251124T191500Z,English,United States
restoration of vegetated coastal ecosystems,blue carbon,ArtCap Strategies Announces Closing of Senior Secured Facility to Capitalize the Bahama National Blue Carbon Investment Fund,http://www.dallassun.com/news/278720919/artcap-strategies-announces-closing-of-senior-secured-facility-to-capitalize-the-bahamas-national-blue-carbon-investment-fund,dallassun.com,20251124T191500Z,English,United States
restoration of vegetated coastal ecosystems,blue carbon,ArtCap Strategies Announces Closing of Senior Secured Facility to Capitalize the Bahama National Blue Carbon Investment Fund,http://www.theusnews.com/news/278720919/artcap-strategies-announces-closing-of-senior-secured-facility-to-capitalize-the-bahamas-national-blue-carbon-investment-fund,theusnews.com,20251124T183000Z,English,United States
restoration of vegetated coastal ecosystems,blue carbon,ArtCap Strategies Announces Closing of Senior Secured Facility to Capitalize the Bahama National Blue Carbon Investment Fund,http://www.phoenixherald.com/news/278720919/artcap-strategies-announces-closing-of-senior-secured-facility-to-capitalize-the-bahamas-national-blue-carbon-investment-fund,phoenixherald.com,20251124T181500Z,English,United States
restoration of vegetated coastal ecosystems,blue carbon,"Understanding Flux , from the Wettest Ecosystems to the Driest",https://eos.org/research-spotlights/understanding-flux-from-the-wettest-ecosystems-to-the-driest,eos.org,20251124T174500Z,English,United States
restoration of vegetated coastal ecosystems,blue carbon,The case of Africa  vanishing  carbon deals,https://www.terradaily.com/reports/The_case_of_Africas_vanishing_carbon_deals_999.html,terradaily.com,20251123T101500Z,English,United States
restoration of vegetated coastal ecosystems,blue carbon,"Happy Friday , Now Please Enjoy These Sweet Audi R8 V10 Spyder Auction Photos",https://www.jalopnik.com/2031904/swee-audi-r8-v10-spyder-auction-photos/,jalopnik.com,20251121T211500Z,English,United States
restoration of vegetated coastal ecosystems,blue carbon,The case of Africa  vanishing  carbon deals,https://homenewshere.com/national/news/article_5ae964e5-38a1-5cfc-9eab-3ca898f62e69.html,homenewshere.com,20251121T010000Z,English,United States
restoration of vegetated coastal ecosystems,blue carbon,California fall colors : Here where to go for leaf - peeping in the Bay Area,https://www.mercurynews.com/2025/11/20/busting-the-myth-that-california-doesnt-have-cold-season-colors/,mercurynews.com,20251120T213000Z,English,United States
restoration of vegetated coastal ecosystems,blue carbon,California fall colors : Here where to go for leaf - peeping in the Bay Area,https://www.pressdemocrat.com/2025/11/20/busting-the-myth-that-california-doesnt-have-cold-season-colors/,pressdemocrat.com,20251120T164500Z,English,United States
restoration of vegetated coastal ecosystems,blue carbon,The case of Africa  vanishing  carbon deals,https://www.fairfieldsuntimes.com/news/national/the-case-of-africas-vanishing-carbon-deals/article_e7c4ba5d-1c55-575e-9705-33f9d59d913e.html,fairfieldsuntimes.com,20251120T110000Z,English,United States
restoration of vegetated coastal ecosystems,blue carbon,The case of Africa  vanishing  carbon deals,https://www.bransontrilakesnews.com/news/national/article_b64776ee-1af0-555b-b2b3-d12b39d5f819.html,bransontrilakesnews.com,20251120T101500Z,English,United States
restoration of vegetated coastal ecosystems,blue carbon,The case of Africa  vanishing  carbon deals,https://www.mtdemocrat.com/news/national/the-case-of-africas-vanishing-carbon-deals/article_7e30ea17-36fd-5094-9418-cb4d8f0ffe17.html,mtdemocrat.com,20251120T094500Z,English,United States
restoration of vegetated coastal ecosystems,blue carbon,The case of Africa  vanishing  carbon deals,https://www.suncommercial.com/news/national/article_ab78b66a-a620-5765-a9c9-494f22f4f7f3.html,suncommercial.com,20251120T093000Z,English,United States
restoration of vegetated coastal ecosystems,blue carbon,The case of Africa  vanishing  carbon deals,https://www.insidenova.com/news/national/the-case-of-africas-vanishing-carbon-deals/article_ec45ff8c-6a7f-51df-a513-bbc002b50ebe.html,insidenova.com,20251120T093000Z,English,United States
restoration of vegetated coastal ecosystems,blue carbon,The case of Africa  vanishing  carbon deals,https://www.rrdailyherald.com/news/national/the-case-of-africas-vanishing-carbon-deals/article_3788ff90-6ae1-509c-91b5-9e79af33128a.html,rrdailyherald.com,20251120T091500Z,English,United States
restoration of vegetated coastal ecosystems,blue carbon,The case of Africa  vanishing  carbon deals,https://carrollspaper.com/news/national/the-case-of-africas-vanishing-carbon-deals/article_ec7206d9-be18-5eae-8fea-d4eab93fa6be.html,carrollspaper.com,20251120T091500Z,English,United States
restoration of vegetated coastal ecosystems,blue carbon,The case of Africa  vanishing  carbon deals,https://www.wataugademocrat.com/news/national/the-case-of-africas-vanishing-carbon-deals/article_cc1f80d5-63ad-5973-b6fc-a5a6d0e095d1.html,wataugademocrat.com,20251120T090000Z,English,United States
restoration of vegetated coastal ecosystems,blue carbon,The case of Africa  vanishing  carbon deals,https://www.myleaderpaper.com/news/national/the-case-of-africas-vanishing-carbon-deals/article_7968a76a-6e21-599d-b97e-fee01d41010f.html,myleaderpaper.com,20251120T090000Z,English,United States
restoration of vegetated coastal ecosystems,blue carbon,The Outer Banks Voice - Science on the Sound Lecture Series :  Watching the Tides Roll : How Satellites Inform the Future of Coastal Communities,https://www.outerbanksvoice.com/2025/11/17/science-on-the-sound-lecture-series-watching-the-tides-roll-how-satellites-inform-the-future-of-coastal-communities/,outerbanksvoice.com,20251118T040000Z,English,United States
restoration of vegetated coastal ecosystems,blue carbon,Scientists map genetic distribution of maerl - forming algae across south - west Britain,https://phys.org/news/2025-11-scientists-genetic-maerl-algae-south.html,phys.org,20251117T204500Z,English,United States
restoration of vegetated coastal ecosystems,blue carbon,Snatching Victory From Jaws of Defeat Through Belém Mutirão Approach Global Issues,https://www.globalissues.org/news/2025/11/17/41646,globalissues.org,20251117T194500Z,English,United States
restoration of vegetated coastal ecosystems,blue carbon,Snatching Victory from Jaws of Defeat using the Mutirão Approach,https://www.ipsnews.net/2025/11/snatching-victory-from-jaws-of-defeat-through-belems-mutirao-approach/,ipsnews.net,20251117T154500Z,English,United States
restoration of vegetated coastal ecosystems,blue carbon,Scientists Chart Maerl Algae Genetics in South West,https://www.miragenews.com/scientists-chart-maerl-algae-genetics-in-south-1571733/,miragenews.com,20251117T100000Z,English,United States
restoration of vegetated coastal ecosystems,blue carbon,Mangrove Stems Found as Underrated Methane Source,https://www.miragenews.com/mangrove-stems-found-as-underrated-methane-1571477/,miragenews.com,20251117T031500Z,English,United States
restoration of vegetated coastal ecosystems,blue carbon,BMW Brings Back Beautiful Retro Colors On a Special M340i,https://www.motor1.com:443/news/779024/bmw-m340i-jahre-edition-special-colors/,motor1.com,20251116T151500Z,English,United States
restoration of vegetated coastal ecosystems,blue carbon,Jyll Bradley revisits her 1980s teenage bedroom in  Hot Frame,https://artdaily.com/news/187362/Jyll-Bradley-revisits-her-1980s-teenage-bedroom-in--Hot-Frame-,artdaily.com,20251116T034500Z,English,United States
restoration of vegetated coastal ecosystems,blue carbon,"Mangrove Trees Found as Key Methane Source , Reducing Blue Carbon Benefits",https://www.miragenews.com/mangrove-trees-found-as-key-methane-source-1570793/,miragenews.com,20251114T110000Z,English,United States
restoration of vegetated coastal ecosystems,blue carbon,The Las Vegas Concours Played Host to the Largest Bugatti Gathering Ever,https://www.roadandtrack.com/news/a69289535/las-vegas-concours-played-host-to-the-largest-bugatti-gathering-ever/,roadandtrack.com,20251107T214500Z,English,United States
restoration of vegetated coastal ecosystems,blue carbon,Karbon - X Expands Blue Carbon Leadership with New Restoration Project in Guinea,http://www.californiatelegraph.com/news/278680125/karbon-x-expands-blue-carbon-leadership-with-new-restoration-project-in-guinea,californiatelegraph.com,20251107T140000Z,English,United States
restoration of vegetated coastal ecosystems,blue carbon,CORVI : Measuring Multidimensional Climate Risks in Aruba • Stimson Center,https://www.stimson.org/2025/corvi-measuring-multidimensional-climate-risks-in-aruba/,stimson.org,20251104T020000Z,English,United States
restoration of vegetated coastal ecosystems,blue carbon,BMW Built A 3 Series Tribute Only Canadians Get,https://www.carscoops.com/2025/11/bmw-m340i-plays-the-nostalgia-card-with-cool-colors-in-limited-numbers/,carscoops.com,20251104T000000Z,English,United States
restoration of vegetated coastal ecosystems,blue carbon,"HMEI Faculty Seminar  Ocean Carbon : Facts , Fluxes and Fictions",https://www.princeton.edu/events/2025/hmei-faculty-seminar-ocean-carbon-facts-fluxes-and-fictions,princeton.edu,20251103T224500Z,English,United States
