domain,keyword,title,url,source_domain,seendate,language,country
restoration of vegetated coastal ecosystems,mangrove restoration,"MIT , Conservation International announce collaboration on climate adaptation and mitigation",http://news.mit.edu/2017/mit-conservation-international-collaboration-climate-adaptation-mitigation-0127,news.mit.edu,20170127T214500Z,English,United States
restoration of vegetated coastal ecosystems,mangrove restoration,MIT Massachusetts Institute of Technology,http://www.4-traders.com/news/MIT-Massachusetts-Institute-of-Technology-Conservation-International-announce-collaboration-on-c--23768517/,4-traders.com,20170127T194500Z,English,United States
restoration of vegetated coastal ecosystems,mangrove restoration,Communities come together to restore mangroves – SAT Press Releases,http://satprnews.com/2017/01/24/communities-come-together-to-restore-mangroves/,satprnews.com,20170124T170000Z,English,United States
restoration of vegetated coastal ecosystems,mangrove restoration,Communities come together to restore mangroves – Military Technologies,http://military-technologies.net/2017/01/24/communities-come-together-to-restore-mangroves/,military-technologies.net,20170124T170000Z,English,United States
restoration of vegetated coastal ecosystems,mangrove restoration,Communities come together to restore mangroves,http://www.worldwildlife.org/stories/communities-come-together-to-restore-mangroves,worldwildlife.org,20170124T163000Z,English,United States
restoration of vegetated coastal ecosystems,mangrove restoration,Communities come together to restore mangroves,https://www.worldwildlife.org/stories/communities-come-together-to-restore-mangroves,worldwildlife.org,20170124T163000Z,English,United States
restoration of vegetated coastal ecosystems,mangrove restoration,Martin Luther King Jr . Day Sparks A Day Of Service At FIU,http://wlrn.org/post/martin-luther-king-jr-day-sparks-day-service-fiu,wlrn.org,20170116T214500Z,English,United States
restoration of vegetated coastal ecosystems,mangrove restoration,India – Mangroves,http://coastalnewstoday.com/india-mangroves-protecting-coastlines-combating-climate-change-saving-corals/,coastalnewstoday.com,20170109T221500Z,English,United States
restoration of vegetated coastal ecosystems,mangrove restoration,Mass mangrove restoration : Driven by good intentions but offering limited results,https://garryrogers.com/2017/03/01/ecosystem-restoration/,garryrogers.com,20170301T224500Z,English,United States
restoration of vegetated coastal ecosystems,mangrove restoration,How Impact Investing Links Big Business And Small Farming,http://www.ecosystemmarketplace.com/articles/kenya3/,ecosystemmarketplace.com,20170224T130000Z,English,United States
restoration of vegetated coastal ecosystems,mangrove restoration,Mangroves mean life for coastal communities throughout the tropics,http://www.worldwildlife.org/stories/mangrove-photo-essay,worldwildlife.org,20170223T170000Z,English,United States
restoration of vegetated coastal ecosystems,mangrove restoration,Mangroves mean life for coastal communities throughout the tropics,https://www.worldwildlife.org/stories/mangrove-photo-essay,worldwildlife.org,20170223T164500Z,English,United States
restoration of vegetated coastal ecosystems,mangrove restoration,Cayman Islands Chamber of Commerce President report by Paul Pearson for 2016,http://www.ieyenews.com/wordpress/cayman-islands-chamber-of-commerce-presidents-report-by-paul-pearson-for-2016/,ieyenews.com,20170221T033000Z,English,United States
restoration of vegetated coastal ecosystems,mangrove restoration,ASBPA – Invest in our coastal infrastructure,http://coastalnewstoday.com/asbpa-invest-in-our-coastal-infrastructure/,coastalnewstoday.com,20170216T020000Z,English,United States
restoration of vegetated coastal ecosystems,mangrove restoration,Asia Regional Forestry Advisor,http://www.environmentguru.com/pages/elements/element.aspx?id=4504108,environmentguru.com,20170206T153000Z,English,United States
restoration of vegetated coastal ecosystems,mangrove restoration,wild shores of singapore : Celebrating World Wetlands Day at Pulau Ubin with RUM,http://wildshores.blogspot.com/2017/02/celebrating-world-wetlands-day-at-pulau.html,wildshores.blogspot.com,20170205T084500Z,English,United States
restoration of vegetated coastal ecosystems,mangrove restoration,How  jobless men managing the sea  restored a mangrove forest in Java,https://news.mongabay.com/2017/02/how-jobless-men-managing-the-sea-restored-a-mangrove-forest-in-java/,news.mongabay.com,20170203T151500Z,English,United States
restoration of vegetated coastal ecosystems,mangrove restoration,– Wetlands Protected Worldwide to Reduce Disaster Risks,http://ens-newswire.com/2017/02/02/wetlands-protected-worldwide-to-reduce-disaster-risks/,ens-newswire.com,20170202T224500Z,English,United States
restoration of vegetated coastal ecosystems,mangrove restoration,"wildsingapore news : As sea levels rise , Singapore prepares to stem the tide",http://wildsingaporenews.blogspot.com/2017/05/as-sea-levels-rise-singapore-prepares.html,wildsingaporenews.blogspot.com,20170528T121500Z,English,United States
restoration of vegetated coastal ecosystems,mangrove restoration,"As Senegal coast crumbles , residents ponder move to safer ground",http://reliefweb.int/report/senegal/senegals-coast-crumbles-residents-ponder-move-safer-ground,reliefweb.int,20170526T203000Z,English,United States
restoration of vegetated coastal ecosystems,mangrove restoration,"As Senegal coast crumbles , residents ponder move to safer ground",https://www.reuters.com/article/us-senegal-environment-coast-migration-idUSKBN18M0HO,reuters.com,20170526T151500Z,English,United States
restoration of vegetated coastal ecosystems,mangrove restoration,FEATURE,http://news.trust.org/item/20170526060059-ps8x6,news.trust.org,20170526T104500Z,English,United States
restoration of vegetated coastal ecosystems,mangrove restoration,"As Senegal coast crumbles , residents ponder move to safer ground",http://www.reuters.com/article/senegal-environment-coast-migration-idUSL8N1IK25E,reuters.com,20170526T104500Z,English,United States
restoration of vegetated coastal ecosystems,mangrove restoration,"As Senegal coast crumbles , residents ponder move to safer ground",http://www.reuters.com/article/us-senegal-environment-coast-migration-idUSKBN18M0HO,reuters.com,20170526T080000Z,English,United States
restoration of vegetated coastal ecosystems,mangrove restoration,FEATURE,http://in.reuters.com/article/senegal-environment-coast-migration-idINL8N1IK25E,in.reuters.com,20170526T063000Z,English,United States
restoration of vegetated coastal ecosystems,mangrove restoration,FEATURE,http://news.trust.org/item/20170526060059-ps8x6/,news.trust.org,20170526T063000Z,English,United States
restoration of vegetated coastal ecosystems,mangrove restoration,Alaska National Guard Hosts 24 Countries at Pacific Environmental Security Forum,http://alaska-native-news.com/alaska-national-guard-hosts-24-countries-at-pacific-environmental-security-forum-28551,alaska-native-news.com,20170525T203000Z,English,United States
restoration of vegetated coastal ecosystems,mangrove restoration,Communities band together to protect El Salvador last mangroves,https://news.mongabay.com/2017/05/communities-band-together-to-protect-el-salvadors-last-mangroves/,news.mongabay.com,20170524T024500Z,English,United States
restoration of vegetated coastal ecosystems,mangrove restoration,wild shores of singapore : Pesta Ubin 2017 report,http://wildshores.blogspot.com/2017/07/pesta-ubin-2017-report.html,wildshores.blogspot.com,20170731T113000Z,English,United States
restoration of vegetated coastal ecosystems,mangrove restoration,Climate concerns fuel more travel to fragile corners of the world,http://www.postbulletin.com/life/travel/climate-concerns-fuel-more-travel-to-fragile-corners-of-the/article_0d8d77ee-097a-5079-a53c-9dd5df2a86f2.html,postbulletin.com,20170729T193000Z,English,United States
restoration of vegetated coastal ecosystems,mangrove restoration,"On World Mangrove Day , a new strategy to protect the world ’ s most important ecosystem",http://blog.conservation.org/2017/07/on-world-mangrove-day-a-new-strategy-to-protect-the-worlds-most-important-ecosystem/,blog.conservation.org,20170726T230000Z,English,United States
restoration of vegetated coastal ecosystems,mangrove restoration,Climate concerns fuel more travel to fragile corners of the world,http://www.mypalmbeachpost.com/travel/climate-concerns-fuel-more-travel-fragile-corners-the-world/ZIXkJkVTM2AyNSFa1YJwWK/,mypalmbeachpost.com,20170726T111500Z,English,United States
restoration of vegetated coastal ecosystems,mangrove restoration,UNDP Report Reveals How Investment in Innovation is Helping Achieve SDGs,http://www.sustainablebrands.com/news_and_views/product_service_design_innovation/sustainable_brands/undp_report_reveals_how_investme,sustainablebrands.com,20170720T134500Z,English,United States
restoration of vegetated coastal ecosystems,mangrove restoration,Open Source GIS Tools Helping Save Mangrove Forests,https://www.directionsmag.com/article/1069,directionsmag.com,20170718T044500Z,English,United States
restoration of vegetated coastal ecosystems,mangrove restoration,wild shores of singapore : 22 Jul ( Sat ): Mangrove Speaks ! @ Sungei Buloh,http://wildshores.blogspot.com/2017/07/22-jul-sat-mangrove-speaks-sungei-buloh.html,wildshores.blogspot.com,20170717T074500Z,English,United States
restoration of vegetated coastal ecosystems,mangrove restoration,"What ’ s Happening in Jamaica : July 15 / 16 , 2017 – Petchary Blog",https://petchary.wordpress.com/2017/07/17/whats-happening-in-jamaica-july-1516-2017/,petchary.wordpress.com,20170717T040000Z,English,United States
restoration of vegetated coastal ecosystems,mangrove restoration,Communities step up to help save Jamaica forests climate change,http://www.ieyenews.com/wordpress/communities-step-up-to-help-save-jamaicas-forests-climate-change/,ieyenews.com,20170714T041500Z,English,United States
restoration of vegetated coastal ecosystems,mangrove restoration,Going under : mangrove restoration in low,https://news.mongabay.com/2017/07/going-under-mangrove-restoration-in-low-lying-guyana-a-vital-need-say-experts/,news.mongabay.com,20170713T234500Z,English,United States
restoration of vegetated coastal ecosystems,mangrove restoration,Going under : mangrove restoration in low,http://humanitariannews.org/20170714/going-under-mangrove-restoration-low-lying-guyana-vital-need-say-experts,humanitariannews.org,20170713T234500Z,English,United States
restoration of vegetated coastal ecosystems,mangrove restoration,Communities Step Up to Help Save Jamaica Forests,http://www.caribbean360.com/news/communities-step-help-save-jamaicas-forests,caribbean360.com,20170713T190000Z,English,United States
restoration of vegetated coastal ecosystems,mangrove restoration,Four trends in development innovation,http://www.undp.org/content/undp/en/home/blog/2017/7/12/Spark-Scale-Sustain.html,undp.org,20170712T210000Z,English,United States
restoration of vegetated coastal ecosystems,mangrove restoration,Four trends in development innovation,http://www.undp.org/content/undp/en/home/blog/2017/7/12/Spark-Scale-Sustain/,undp.org,20170712T184500Z,English,United States
restoration of vegetated coastal ecosystems,mangrove restoration,Communities Step Up to Help Save Jamaica Forests — Global Issues,http://www.globalissues.org/news/2017/07/12/23331,globalissues.org,20170712T153000Z,English,United States
restoration of vegetated coastal ecosystems,mangrove restoration,Open Source GIS Tools Helping Save Mangrove Forests,http://www.directionsmag.com/entry/open-source-gis-tools-helping-to-save-mangrove-forests/503447,directionsmag.com,20170712T151500Z,English,United States
restoration of vegetated coastal ecosystems,mangrove restoration,Communities Step Up to Help Save Jamaica Forests,http://www.ipsnews.net/2017/07/communities-step-help-save-jamaicas-forests/,ipsnews.net,20170712T130000Z,English,United States
restoration of vegetated coastal ecosystems,mangrove restoration,"wild shores of singapore : If you visit Ubin only once , come on 16 Jul ( Sun )!",http://wildshores.blogspot.com/2017/07/if-you-visit-ubin-only-once-come-on-16.html,wildshores.blogspot.com,20170710T010000Z,English,United States
restoration of vegetated coastal ecosystems,mangrove restoration,wildsingapore news : The volunteer lifeguards of Pulau Ubin : ‘ We won ’ t give up until the body is found ’,http://wildsingaporenews.blogspot.com/2017/07/the-volunteer-lifeguards-of-pulau-ubin.html,wildsingaporenews.blogspot.com,20170707T060000Z,English,United States
restoration of vegetated coastal ecosystems,mangrove restoration,The volunteer lifeguards of Pulau Ubin :  We wont give up until the body is found,http://www.channelnewsasia.com/news/singapore/the-volunteer-lifeguards-of-pulau-ubin-we-won-t-give-up-until-9008948,channelnewsasia.com,20170707T020000Z,English,United States
restoration of vegetated coastal ecosystems,mangrove restoration,"Connecting cities , vertical integration and sustainable finance in National Adaptation Plans",http://reliefweb.int/report/world/connecting-cities-vertical-integration-and-sustainable-finance-national-adaptation,reliefweb.int,20170705T220000Z,English,United States
restoration of vegetated coastal ecosystems,mangrove restoration,3 lessons from Equator Prize 2017 winners,http://www.undp.org/content/undp/en/home/blog/2017/6/29/3-lessons-from-Equator-Prize-2017-winners.html,undp.org,20170701T031500Z,English,United States
restoration of vegetated coastal ecosystems,mangrove restoration,"The Equator Prize 2017 winners announced for local innovative solutions tackling poverty , environment and climate challenges",http://www.undp.org/content/undp/en/home/presscenter/pressreleases/2017/06/29/equator-prize-2017-winners-announced-highlighting-outstanding-nature-based-solutions-for-local-sustainable-development.html,undp.org,20170701T031500Z,English,United States
restoration of vegetated coastal ecosystems,mangrove restoration,Satellite Beach intern sparks eco,http://www.floridatoday.com/story/news/2017/06/30/satellite-beach-intern-sparks-eco-sustainability-push/438766001/,floridatoday.com,20170701T030000Z,English,United States
restoration of vegetated coastal ecosystems,mangrove restoration,Science excursion to Costa Rica,http://www.codyenterprise.com/news/people/article_ec8f2dd8-8122-11e7-b81f-7fd929587993.html,codyenterprise.com,20170814T200000Z,English,United States
restoration of vegetated coastal ecosystems,mangrove restoration,Carinya Sharples,https://news.mongabay.com/by/carinya-sharples/,news.mongabay.com,20170802T194500Z,English,United States
restoration of vegetated coastal ecosystems,mangrove restoration,Leonardo DiCaprio foundation awards $20M in eco,http://www.businessinsider.com/ap-leonardo-dicaprio-foundation-awards-20m-in-eco-grants-2017-9,businessinsider.com,20170922T043000Z,English,United States
restoration of vegetated coastal ecosystems,mangrove restoration,Leonardo DiCaprio foundation awards $20M in eco,http://www.timesunion.com/entertainment/article/Leonardo-DiCaprio-foundation-awards-20M-in-12209999.php,timesunion.com,20170921T183000Z,English,United States
restoration of vegetated coastal ecosystems,mangrove restoration,Leonardo DiCaprio foundation awards $20M in eco,http://naplesherald.com/2017/09/20/leonardo-dicaprio-foundation-awards-20m-eco-grants/,naplesherald.com,20170920T150000Z,English,United States
restoration of vegetated coastal ecosystems,mangrove restoration,Leonardo DiCaprio Foundation Awards $20 Million in Eco,http://www.breitbart.com/big-hollywood/2017/09/20/leonardo-dicaprio-foundation-awards-20-million-eco-grants/,breitbart.com,20170920T140000Z,English,United States
restoration of vegetated coastal ecosystems,mangrove restoration,Leonardo DiCaprio Foundation Awards $20M in Eco,http://www.newsmax.com/US/US-People-Leonardo-DiCaprio/2017/09/20/id/814616/,newsmax.com,20170920T134500Z,English,United States
restoration of vegetated coastal ecosystems,mangrove restoration,Leonardo DiCaprio foundation awards $20M in eco,http://abc27.com/2017/09/20/leonardo-dicaprio-foundation-awards-20m-in-eco-grants/,abc27.com,20170920T104500Z,English,United States
restoration of vegetated coastal ecosystems,mangrove restoration,Leonardo DiCaprio foundation awards $20m in eco,http://gulfnews.com/life-style/celebrity/hollywood/leonardo-dicaprio-foundation-awards-20m-in-eco-grants-1.2093029,gulfnews.com,20170920T073000Z,English,United States
restoration of vegetated coastal ecosystems,mangrove restoration,Leonardo DiCaprio foundation awards $20M in grants to battle climate change,http://keprtv.com/news/entertainment/leonardo-dicaprio-foundation-awards-20m-in-eco-grants,keprtv.com,20170920T064500Z,English,United States
restoration of vegetated coastal ecosystems,mangrove restoration,Leonardo DiCaprio foundation awards $20M in grants to battle climate change,http://foxillinois.com/news/entertainment/leonardo-dicaprio-foundation-awards-20m-in-eco-grants,foxillinois.com,20170920T064500Z,English,United States
restoration of vegetated coastal ecosystems,mangrove restoration,Leonardo DiCaprio foundation awards $20M in grants to battle climate change,http://ktvl.com/news/entertainment/leonardo-dicaprio-foundation-awards-20m-in-eco-grants,ktvl.com,20170920T064500Z,English,United States
restoration of vegetated coastal ecosystems,mangrove restoration,Leonardo DiCaprio foundation awards $20M in grants to battle climate change,http://abcnews4.com/news/entertainment/leonardo-dicaprio-foundation-awards-20m-in-eco-grants,abcnews4.com,20170920T063000Z,English,United States
restoration of vegetated coastal ecosystems,mangrove restoration,Leonardo DiCaprio foundation awards $20M in grants to battle climate change,http://kcby.com/news/entertainment/leonardo-dicaprio-foundation-awards-20m-in-eco-grants,kcby.com,20170920T063000Z,English,United States
restoration of vegetated coastal ecosystems,mangrove restoration,Leonardo DiCaprio foundation awards $20M in grants to battle climate change,http://wset.com/news/entertainment/leonardo-dicaprio-foundation-awards-20m-in-eco-grants,wset.com,20170920T063000Z,English,United States
restoration of vegetated coastal ecosystems,mangrove restoration,Leonardo DiCaprio foundation awards $20M in grants to battle climate change,http://wfxl.com/news/entertainment/leonardo-dicaprio-foundation-awards-20m-in-eco-grants,wfxl.com,20170920T061500Z,English,United States
restoration of vegetated coastal ecosystems,mangrove restoration,Leonardo DiCaprio foundation awards $20M in grants to battle climate change,http://upnorthlive.com/news/entertainment/leonardo-dicaprio-foundation-awards-20m-in-eco-grants,upnorthlive.com,20170920T061500Z,English,United States
restoration of vegetated coastal ecosystems,mangrove restoration,Leonardo DiCaprio foundation awards $20M in grants to battle climate change,http://wvah.com/news/entertainment/leonardo-dicaprio-foundation-awards-20m-in-eco-grants,wvah.com,20170920T060000Z,English,United States
restoration of vegetated coastal ecosystems,mangrove restoration,Leonardo DiCaprio foundation awards $20M in grants to battle climate change,http://wlos.com/news/entertainment/leonardo-dicaprio-foundation-awards-20m-in-eco-grants,wlos.com,20170920T060000Z,English,United States
restoration of vegetated coastal ecosystems,mangrove restoration,Leonardo DiCaprio foundation awards $20M in grants to battle climate change,http://wach.com/news/entertainment/leonardo-dicaprio-foundation-awards-20m-in-eco-grants,wach.com,20170920T060000Z,English,United States
restoration of vegetated coastal ecosystems,mangrove restoration,Leonardo DiCaprio foundation awards $20M in grants to battle climate change,http://wwmt.com/news/entertainment/leonardo-dicaprio-foundation-awards-20m-in-eco-grants,wwmt.com,20170920T060000Z,English,United States
restoration of vegetated coastal ecosystems,mangrove restoration,Leonardo DiCaprio foundation awards $20M in grants to battle climate change,http://wpde.com/news/entertainment/leonardo-dicaprio-foundation-awards-20m-in-eco-grants,wpde.com,20170920T060000Z,English,United States
restoration of vegetated coastal ecosystems,mangrove restoration,Leonardo DiCaprio foundation awards $20M in grants to battle climate change,http://cnycentral.com/news/entertainment/leonardo-dicaprio-foundation-awards-20m-in-eco-grants,cnycentral.com,20170920T054500Z,English,United States
restoration of vegetated coastal ecosystems,mangrove restoration,Leonardo DiCaprio foundation awards $20M in grants to battle climate change,http://kmph.com/news/entertainment/leonardo-dicaprio-foundation-awards-20m-in-eco-grants,kmph.com,20170920T054500Z,English,United States
restoration of vegetated coastal ecosystems,mangrove restoration,Leonardo DiCaprio foundation awards $20M in grants to battle climate change,http://krcgtv.com/news/entertainment/leonardo-dicaprio-foundation-awards-20m-in-eco-grants,krcgtv.com,20170920T053000Z,English,United States
restoration of vegetated coastal ecosystems,mangrove restoration,Leonardo DiCaprio foundation awards $20M in grants to battle climate change,http://local21news.com/news/entertainment/leonardo-dicaprio-foundation-awards-20m-in-eco-grants,local21news.com,20170920T051500Z,English,United States
restoration of vegetated coastal ecosystems,mangrove restoration,Leonardo DiCaprio foundation awards $20M in grants to battle climate change,http://klewtv.com/news/entertainment/leonardo-dicaprio-foundation-awards-20m-in-eco-grants,klewtv.com,20170920T051500Z,English,United States
restoration of vegetated coastal ecosystems,mangrove restoration,Leonardo DiCaprio foundation awards $20M in grants to battle climate change,http://fox17.com/news/entertainment/leonardo-dicaprio-foundation-awards-20m-in-eco-grants,fox17.com,20170920T051500Z,English,United States
restoration of vegetated coastal ecosystems,mangrove restoration,Leonardo DiCaprio foundation awards $20M in grants to battle climate change,http://weartv.com/news/entertainment/leonardo-dicaprio-foundation-awards-20m-in-eco-grants,weartv.com,20170920T051500Z,English,United States
restoration of vegetated coastal ecosystems,mangrove restoration,Leonardo DiCaprio foundation awards $20M in grants to battle climate change,http://kpic.com/news/entertainment/leonardo-dicaprio-foundation-awards-20m-in-eco-grants,kpic.com,20170920T050000Z,English,United States
restoration of vegetated coastal ecosystems,mangrove restoration,Leonardo DiCaprio foundation awards $20M in grants to battle climate change,http://cbs12.com/news/entertainment/leonardo-dicaprio-foundation-awards-20m-in-eco-grants,cbs12.com,20170920T050000Z,English,United States
restoration of vegetated coastal ecosystems,mangrove restoration,Leonardo DiCaprio foundation awards $20M in grants to battle climate change,http://newschannel20.com/news/entertainment/leonardo-dicaprio-foundation-awards-20m-in-eco-grants,newschannel20.com,20170920T050000Z,English,United States
restoration of vegetated coastal ecosystems,mangrove restoration,Leonardo DiCaprio foundation awards $20M in grants to battle climate change,http://nbc24.com/news/entertainment/leonardo-dicaprio-foundation-awards-20m-in-eco-grants,nbc24.com,20170920T050000Z,English,United States
restoration of vegetated coastal ecosystems,mangrove restoration,Leonardo DiCaprio foundation awards $20M in grants to battle climate change,http://wjactv.com/news/entertainment/leonardo-dicaprio-foundation-awards-20m-in-eco-grants,wjactv.com,20170920T044500Z,English,United States
restoration of vegetated coastal ecosystems,mangrove restoration,Leonardo DiCaprio foundation awards $20M in grants to battle climate change,http://nbc25news.com/news/entertainment/leonardo-dicaprio-foundation-awards-20m-in-eco-grants,nbc25news.com,20170920T044500Z,English,United States
restoration of vegetated coastal ecosystems,mangrove restoration,Leonardo DiCaprio foundation awards $20M in grants to battle climate change,http://news4sanantonio.com/news/entertainment/leonardo-dicaprio-foundation-awards-20m-in-eco-grants,news4sanantonio.com,20170920T044500Z,English,United States
restoration of vegetated coastal ecosystems,mangrove restoration,Leonardo DiCaprio foundation awards $20M in grants to battle climate change,http://kimatv.com/news/entertainment/leonardo-dicaprio-foundation-awards-20m-in-eco-grants,kimatv.com,20170920T044500Z,English,United States
restoration of vegetated coastal ecosystems,mangrove restoration,Leonardo DiCaprio foundation awards $20M in grants to battle climate change,http://cbs4local.com/news/entertainment/leonardo-dicaprio-foundation-awards-20m-in-eco-grants,cbs4local.com,20170920T043000Z,English,United States
restoration of vegetated coastal ecosystems,mangrove restoration,Leonardo DiCaprio foundation awards $20M in grants to battle climate change,http://news3lv.com/news/entertainment/leonardo-dicaprio-foundation-awards-20m-in-eco-grants,news3lv.com,20170920T043000Z,English,United States
restoration of vegetated coastal ecosystems,mangrove restoration,Leonardo DiCaprio foundation awards $20M in grants to battle climate change,http://khqa.com/news/entertainment/leonardo-dicaprio-foundation-awards-20m-in-eco-grants,khqa.com,20170920T043000Z,English,United States
restoration of vegetated coastal ecosystems,mangrove restoration,Leonardo DiCaprio foundation awards $20M in grants to battle climate change,http://komonews.com/news/entertainment/leonardo-dicaprio-foundation-awards-20m-in-eco-grants,komonews.com,20170920T043000Z,English,United States
restoration of vegetated coastal ecosystems,mangrove restoration,Leonardo DiCaprio foundation awards $20M in grants to battle climate change,http://katu.com/news/entertainment/leonardo-dicaprio-foundation-awards-20m-in-eco-grants,katu.com,20170920T043000Z,English,United States
restoration of vegetated coastal ecosystems,mangrove restoration,Leonardo DiCaprio foundation awards $20M in grants to battle climate change,http://foxbaltimore.com/news/entertainment/leonardo-dicaprio-foundation-awards-20m-in-eco-grants,foxbaltimore.com,20170920T043000Z,English,United States
restoration of vegetated coastal ecosystems,mangrove restoration,Leonardo DiCaprio foundation awards $20M in grants to battle climate change,http://abc3340.com/news/entertainment/leonardo-dicaprio-foundation-awards-20m-in-eco-grants,abc3340.com,20170920T043000Z,English,United States
restoration of vegetated coastal ecosystems,mangrove restoration,Leonardo DiCaprio foundation awards $20M in grants to battle climate change,http://cbs2iowa.com/news/entertainment/leonardo-dicaprio-foundation-awards-20m-in-eco-grants,cbs2iowa.com,20170920T041500Z,English,United States
restoration of vegetated coastal ecosystems,mangrove restoration,Leonardo DiCaprio foundation awards $20M in grants to battle climate change,http://wsbt.com/news/entertainment/leonardo-dicaprio-foundation-awards-20m-in-eco-grants,wsbt.com,20170920T041500Z,English,United States
restoration of vegetated coastal ecosystems,mangrove restoration,Leonardo DiCaprio foundation awards $20M in grants to battle climate change,http://foxsanantonio.com/news/entertainment/leonardo-dicaprio-foundation-awards-20m-in-eco-grants,foxsanantonio.com,20170920T040000Z,English,United States
restoration of vegetated coastal ecosystems,mangrove restoration,Leonardo DiCaprio foundation awards $20M in eco,http://www.kctv5.com/story/36405222/leonardo-dicaprio-foundation-awards-20m-in-eco-grants,kctv5.com,20170920T040000Z,English,United States
restoration of vegetated coastal ecosystems,mangrove restoration,Leonardo DiCaprio foundation awards $20M in grants to battle climate change,http://wjla.com/news/entertainment/leonardo-dicaprio-foundation-awards-20m-in-eco-grants,wjla.com,20170920T040000Z,English,United States
restoration of vegetated coastal ecosystems,mangrove restoration,Leonardo DiCaprio foundation awards $20M in grants to battle climate change,http://newschannel9.com/news/entertainment/leonardo-dicaprio-foundation-awards-20m-in-eco-grants,newschannel9.com,20170920T040000Z,English,United States
restoration of vegetated coastal ecosystems,mangrove restoration,Leonardo DiCaprio foundation awards $20M in grants to battle climate change,http://ktul.com/news/entertainment/leonardo-dicaprio-foundation-awards-20m-in-eco-grants,ktul.com,20170920T040000Z,English,United States
restoration of vegetated coastal ecosystems,mangrove restoration,Leonardo DiCaprio foundation awards $20M in eco,http://www.mercedsunstar.com/entertainment/article174208101.html,mercedsunstar.com,20170920T034500Z,English,United States
restoration of vegetated coastal ecosystems,mangrove restoration,Leonardo DiCaprio foundation awards $20M in grants to battle climate change,http://local12.com/news/entertainment/leonardo-dicaprio-foundation-awards-20m-in-eco-grants,local12.com,20170920T034500Z,English,United States
restoration of vegetated coastal ecosystems,mangrove restoration,Leonardo DiCaprio foundation awards $20M in grants to battle climate change,http://foxreno.com/news/entertainment/leonardo-dicaprio-foundation-awards-20m-in-eco-grants,foxreno.com,20170920T034500Z,English,United States
restoration of vegetated coastal ecosystems,mangrove restoration,Leonardo DiCaprio foundation awards $20M in grants to battle climate change,http://wgme.com/news/entertainment/leonardo-dicaprio-foundation-awards-20m-in-eco-grants,wgme.com,20170920T034500Z,English,United States
restoration of vegetated coastal ecosystems,mangrove restoration,Leonardo DiCaprio foundation awards $20M in grants to battle climate change,http://foxrochester.com/news/entertainment/leonardo-dicaprio-foundation-awards-20m-in-eco-grants,foxrochester.com,20170920T034500Z,English,United States
restoration of vegetated coastal ecosystems,mangrove restoration,Leonardo DiCaprio foundation awards $20M in grants to battle climate change,http://abc22now.com/news/entertainment/leonardo-dicaprio-foundation-awards-20m-in-eco-grants,abc22now.com,20170920T033000Z,English,United States
restoration of vegetated coastal ecosystems,mangrove restoration,Leonardo DiCaprio foundation awards $20M in grants to battle climate change,http://okcfox.com/news/entertainment/leonardo-dicaprio-foundation-awards-20m-in-eco-grants,okcfox.com,20170920T033000Z,English,United States
restoration of vegetated coastal ecosystems,mangrove restoration,Leonardo DiCaprio foundation awards $20M in grants to battle climate change,http://kfoxtv.com/news/entertainment/leonardo-dicaprio-foundation-awards-20m-in-eco-grants,kfoxtv.com,20170920T031500Z,English,United States
restoration of vegetated coastal ecosystems,mangrove restoration,Leonardo DiCaprio foundation awards $20M in grants to battle climate change,http://13wham.com/news/entertainment/leonardo-dicaprio-foundation-awards-20m-in-eco-grants,13wham.com,20170920T031500Z,English,United States
restoration of vegetated coastal ecosystems,mangrove restoration,Leonardo DiCaprio foundation awards $20M in grants to battle climate change,http://abc6onyourside.com/news/entertainment/leonardo-dicaprio-foundation-awards-20m-in-eco-grants,abc6onyourside.com,20170920T030000Z,English,United States
restoration of vegetated coastal ecosystems,mangrove restoration,Leonardo DiCaprio foundation awards $20M in eco,http://lacrossetribune.com/entertainment/movies/leonardo-dicaprio-foundation-awards-m-in-eco-grants/article_76ce72aa-c8f3-5397-80a8-762a14553824.html,lacrossetribune.com,20170920T030000Z,English,United States
restoration of vegetated coastal ecosystems,mangrove restoration,Leonardo DiCaprio foundation awards $20M in eco,http://www.570news.com/2017/09/19/leonardo-dicaprio-foundation-awards-20m-in-eco-grants/,570news.com,20170920T030000Z,English,United States
restoration of vegetated coastal ecosystems,mangrove restoration,Leonardo DiCaprio foundation awards $20M in grants to battle climate change,http://wchstv.com/news/entertainment/leonardo-dicaprio-foundation-awards-20m-in-eco-grants,wchstv.com,20170920T030000Z,English,United States
restoration of vegetated coastal ecosystems,mangrove restoration,Leonardo DiCaprio foundation awards $20M in grants to battle climate change,http://abc7amarillo.com/news/entertainment/leonardo-dicaprio-foundation-awards-20m-in-eco-grants,abc7amarillo.com,20170920T030000Z,English,United States
restoration of vegetated coastal ecosystems,mangrove restoration,Leonardo DiCaprio foundation awards $20M in grants to battle climate change,http://myfox28columbus.com/news/entertainment/leonardo-dicaprio-foundation-awards-20m-in-eco-grants,myfox28columbus.com,20170920T030000Z,English,United States
restoration of vegetated coastal ecosystems,mangrove restoration,Leonardo DiCaprio foundation awards $20M in grants to battle climate change,http://bakersfieldnow.com/news/entertainment/leonardo-dicaprio-foundation-awards-20m-in-eco-grants,bakersfieldnow.com,20170920T030000Z,English,United States
restoration of vegetated coastal ecosystems,mangrove restoration,Leonardo DiCaprio foundation awards $20M in grants to battle climate change,http://cbs6albany.com/news/entertainment/leonardo-dicaprio-foundation-awards-20m-in-eco-grants,cbs6albany.com,20170920T030000Z,English,United States
restoration of vegetated coastal ecosystems,mangrove restoration,Leonardo DiCaprio foundation awards $20M in grants to battle climate change,http://fox42kptm.com/news/entertainment/leonardo-dicaprio-foundation-awards-20m-in-eco-grants,fox42kptm.com,20170920T024500Z,English,United States
restoration of vegetated coastal ecosystems,mangrove restoration,Leonardo DiCaprio foundation awards $20M in grants to battle climate change,http://fox11online.com/news/entertainment/leonardo-dicaprio-foundation-awards-20m-in-eco-grants,fox11online.com,20170920T024500Z,English,United States
restoration of vegetated coastal ecosystems,mangrove restoration,Leonardo DiCaprio foundation awards $20M in grants to battle climate change,http://ktvo.com/news/entertainment/leonardo-dicaprio-foundation-awards-20m-in-eco-grants,ktvo.com,20170920T024500Z,English,United States
restoration of vegetated coastal ecosystems,mangrove restoration,Leonardo DiCaprio foundation awards $20M in grants to battle climate change,http://wtov9.com/news/entertainment/leonardo-dicaprio-foundation-awards-20m-in-eco-grants,wtov9.com,20170920T024500Z,English,United States
restoration of vegetated coastal ecosystems,mangrove restoration,Leonardo DiCaprio foundation awards $20M in eco,http://www.kptv.com/story/36405222/leonardo-dicaprio-foundation-awards-20m-in-eco-grants,kptv.com,20170920T024500Z,English,United States
restoration of vegetated coastal ecosystems,mangrove restoration,Leonardo DiCaprio foundation awards $20M in grants to battle climate change,http://kval.com/news/entertainment/leonardo-dicaprio-foundation-awards-20m-in-eco-grants,kval.com,20170920T023000Z,English,United States
restoration of vegetated coastal ecosystems,mangrove restoration,Leonardo DiCaprio foundation awards $20M in grants to battle climate change,http://turnto10.com/features/national-entertainment/leonardo-dicaprio-foundation-awards-20m-in-eco-grants,turnto10.com,20170920T023000Z,English,United States
restoration of vegetated coastal ecosystems,mangrove restoration,Leonardo DiCaprio foundation awards $20M in grants to battle climate change,http://kfdm.com/news/entertainment/leonardo-dicaprio-foundation-awards-20m-in-eco-grants,kfdm.com,20170920T021500Z,English,United States
restoration of vegetated coastal ecosystems,mangrove restoration,Leonardo DiCaprio foundation awards $20M in grants to battle climate change,http://local15tv.com/news/entertainment/leonardo-dicaprio-foundation-awards-20m-in-eco-grants,local15tv.com,20170920T021500Z,English,United States
restoration of vegetated coastal ecosystems,mangrove restoration,Leonardo DiCaprio foundation awards $20M in eco,http://www.1310news.com/2017/09/19/leonardo-dicaprio-foundation-awards-20m-in-eco-grants/,1310news.com,20170920T021500Z,English,United States
restoration of vegetated coastal ecosystems,mangrove restoration,Review Times » Leonardo DiCaprio foundation awards $20M in eco,http://reviewtimes.com/entertainment/2017/09/19/leonardo-dicaprio-foundation-awards-20m-in-eco-grants/,reviewtimes.com,20170920T004500Z,English,United States
restoration of vegetated coastal ecosystems,mangrove restoration,Leonardo DiCaprio foundation awards $20M in eco,http://www.reflector.com/National-Entertainment/2017/09/19/Leonardo-DiCaprio-foundation-awards-20M-in-eco-grants.html,reflector.com,20170920T001500Z,English,United States
restoration of vegetated coastal ecosystems,mangrove restoration,Leonardo DiCaprio foundation awards $20M in eco,http://www.voiceofalexandria.com/entertainment/celebrity_news/leonardo-dicaprio-foundation-awards-m-in-eco-grants/article_d6b61a30-458c-5b13-aa87-5e9687d820fb.html,voiceofalexandria.com,20170920T000000Z,English,United States
restoration of vegetated coastal ecosystems,mangrove restoration,Leonardo DiCaprio foundation awards $20M in eco,http://livenewscentral.com/2017/09/19/leonardo-dicaprio-foundation-awards-20m-in-eco-grants/,livenewscentral.com,20170920T000000Z,English,United States
restoration of vegetated coastal ecosystems,mangrove restoration,Leonardo DiCaprio foundation awards $20M in eco,http://www.wthr.com/article/leonardo-dicaprio-foundation-awards-20m-in-eco-grants,wthr.com,20170920T000000Z,English,United States
restoration of vegetated coastal ecosystems,mangrove restoration,People :  Babe  actor James Cromwell charged in SeaWorld protest,http://www.providencejournal.com/news/20170919/people-babe-actor-james-cromwell-charged-in-seaworld-protest,providencejournal.com,20170919T233000Z,English,United States
restoration of vegetated coastal ecosystems,mangrove restoration,Leonardo DiCaprio foundation awards $20M in eco,http://www.latimes.com/sns-bc-us--people-leonardo-dicaprio-20170919-story.html,latimes.com,20170919T233000Z,English,United States
restoration of vegetated coastal ecosystems,mangrove restoration,Leonardo DiCaprio foundation awards $20M in eco,http://www.whig.com/article/20170919/AP/309199711,whig.com,20170919T233000Z,English,United States
restoration of vegetated coastal ecosystems,mangrove restoration,Leonardo DiCaprio foundation awards $20M in eco,http://www.news957.com/entertainment/2017/09/19/leonardo-dicaprio-foundation-awards-20m-in-eco-grants/,news957.com,20170919T233000Z,English,United States
restoration of vegetated coastal ecosystems,mangrove restoration,Leonardo DiCaprio foundation awards $20M in eco,http://www.oleantimesherald.com/lifestyle/entertainment/leonardo-dicaprio-foundation-awards-m-in-eco-grants/article_d2111e4d-d5f5-5eb4-9879-eba744b7a98f.html,oleantimesherald.com,20170919T231500Z,English,United States
restoration of vegetated coastal ecosystems,mangrove restoration,Leonardo DiCaprio foundation awards $20M in eco,http://www.westernmassnews.com/story/36405222/leonardo-dicaprio-foundation-awards-20m-in-eco-grants,westernmassnews.com,20170919T231500Z,English,United States
restoration of vegetated coastal ecosystems,mangrove restoration,Leonardo DiCaprio foundation awards $20M in eco,http://www.koaa.com/story/36405222/leonardo-dicaprio-foundation-awards-20m-in-eco-grants,koaa.com,20170919T230000Z,English,United States
restoration of vegetated coastal ecosystems,mangrove restoration,Leonardo DiCaprio foundation awards $20M in eco,http://www.bhpioneer.com/a_and_e/leonardo-dicaprio-foundation-awards-m-in-eco-grants/article_116fcab0-c97a-5785-93ea-8eb192e35f2a.html,bhpioneer.com,20170919T230000Z,English,United States
restoration of vegetated coastal ecosystems,mangrove restoration,Leonardo DiCaprio foundation awards $20M in eco,http://www.abc-7.com/story/36405222/leonardo-dicaprio-foundation-awards-20m-in-eco-grants,abc-7.com,20170919T230000Z,English,United States
restoration of vegetated coastal ecosystems,mangrove restoration,Leonardo DiCaprio foundation awards $20M in eco,http://herald-review.com/entertainment/movies/leonardo-dicaprio-foundation-awards-m-in-eco-grants/article_f61f479d-8759-5c16-b49b-7af60870b41c.html,herald-review.com,20170919T224500Z,English,United States
restoration of vegetated coastal ecosystems,mangrove restoration,Leonardo DiCaprio foundation awards $20M in eco,http://www.ourmidland.com/entertainment/article/Leonardo-DiCaprio-foundation-awards-20M-in-12209999.php,ourmidland.com,20170919T224500Z,English,United States
restoration of vegetated coastal ecosystems,mangrove restoration,Leonardo DiCaprio foundation awards $20M in eco,http://poststar.com/entertainment/leonardo-dicaprio-foundation-awards-m-in-eco-grants/article_b1da8218-d77f-50c4-b3f2-e7b5b54433ef.html,poststar.com,20170919T224500Z,English,United States
restoration of vegetated coastal ecosystems,mangrove restoration,Leonardo DiCaprio foundation awards $20M in eco,http://www.michigansthumb.com/entertainment/article/Leonardo-DiCaprio-foundation-awards-20M-in-12209999.php,michigansthumb.com,20170919T223000Z,English,United States
restoration of vegetated coastal ecosystems,mangrove restoration,"Leonardo DiCaprio attends conference at Yale , announces $20M in eco",http://www.myrecordjournal.com/news/latestnews/10889008-154/leonardo-dicaprio-attends-conference-at-yale-announces-20m-in-eco-grants.html,myrecordjournal.com,20170919T223000Z,English,United States
restoration of vegetated coastal ecosystems,mangrove restoration,Leonardo DiCaprio foundation awards $20M in eco,http://www.wfsb.com/story/36405222/leonardo-dicaprio-foundation-awards-20m-in-eco-grants,wfsb.com,20170919T223000Z,English,United States
restoration of vegetated coastal ecosystems,mangrove restoration,Leonardo DiCaprio foundation awards $20M in eco,http://www.wsbradio.com/entertainment/leonardo-dicaprio-foundation-awards-20m-eco-grants/ozpAFWNvz2wmZk66rB3OeJ/,wsbradio.com,20170919T221500Z,English,United States
restoration of vegetated coastal ecosystems,mangrove restoration,Leonardo DiCaprio foundation awards $20M in eco,http://www.beaumontenterprise.com/entertainment/article/Leonardo-DiCaprio-foundation-awards-20M-in-12209999.php,beaumontenterprise.com,20170919T221500Z,English,United States
restoration of vegetated coastal ecosystems,mangrove restoration,Leonardo DiCaprio foundation awards $20M in eco,http://www.tribtown.com/2017/09/19/us-people-leonardo-dicaprio/,tribtown.com,20170919T221500Z,English,United States
restoration of vegetated coastal ecosystems,mangrove restoration,Leonardo DiCaprio foundation awards $20M in eco,http://www.scnow.com/news/headlines/article_5ef93a12-c1dc-5968-8c2c-a8e7f4945ce9.html,scnow.com,20170919T221500Z,English,United States
restoration of vegetated coastal ecosystems,mangrove restoration,Leonardo DiCaprio foundation awards $20M in eco,http://www.newstimes.com/entertainment/article/Leonardo-DiCaprio-foundation-awards-20M-in-12209999.php,newstimes.com,20170919T221500Z,English,United States
restoration of vegetated coastal ecosystems,mangrove restoration,Leonardo DiCaprio foundation awards $20M in eco,http://www.nhregister.com/entertainment/article/Leonardo-DiCaprio-foundation-awards-20M-in-12209999.php,nhregister.com,20170919T221500Z,English,United States
restoration of vegetated coastal ecosystems,mangrove restoration,Leonardo DiCaprio foundation awards $20M in eco,http://www.chieftain.com/news/leonardo-dicaprio-foundation-awards-m-in-eco-grants/article_b5e0bc87-e62c-59cf-bfc3-1932e16f24b9.html,chieftain.com,20170919T221500Z,English,United States
restoration of vegetated coastal ecosystems,mangrove restoration,Leonardo DiCaprio foundation awards $20M in eco,http://newsok.com/leonardo-dicaprio-foundation-awards-20m-in-eco-grants/article/feed/1424996,newsok.com,20170919T220000Z,English,United States
restoration of vegetated coastal ecosystems,mangrove restoration,Leonardo DiCaprio foundation awards $20M in eco,http://accesswdun.com/article/2017/9/584709,accesswdun.com,20170919T220000Z,English,United States
restoration of vegetated coastal ecosystems,mangrove restoration,Leonardo DiCaprio foundation awards $20M in eco,http://www.bradfordera.com/lifestyle/entertainment/leonardo-dicaprio-foundation-awards-m-in-eco-grants/article_2db018d5-51fc-5cb2-93d1-550265f38653.html,bradfordera.com,20170919T220000Z,English,United States
restoration of vegetated coastal ecosystems,mangrove restoration,Leonardo DiCaprio foundation awards $20M in eco,http://kdhnews.com/living/ae/leonardo-dicaprio-foundation-awards-m-in-eco-grants/article_f5deb207-9026-54b5-9312-54edc16f54f7.html,kdhnews.com,20170919T214500Z,English,United States
restoration of vegetated coastal ecosystems,mangrove restoration,Leonardo DiCaprio foundation awards $20M in eco,http://www.fredericksburg.com/entertainment/entertainment-wire/leonardo-dicaprio-foundation-awards-m-in-eco-grants/article_6bb34705-53bd-58e3-806d-7e364b59b0d0.html,fredericksburg.com,20170919T214500Z,English,United States
restoration of vegetated coastal ecosystems,mangrove restoration,Leonardo DiCaprio foundation awards $20M in eco,http://www.lmtonline.com/entertainment/article/Leonardo-DiCaprio-foundation-awards-20M-in-12209999.php,lmtonline.com,20170919T214500Z,English,United States
restoration of vegetated coastal ecosystems,mangrove restoration,Leonardo DiCaprio foundation awards $20M in eco,http://www.seattlepi.com/entertainment/article/Leonardo-DiCaprio-foundation-awards-20M-in-12209999.php,seattlepi.com,20170919T214500Z,English,United States
restoration of vegetated coastal ecosystems,mangrove restoration,Leonardo DiCaprio foundation awards $20M in eco,http://www.nydailynews.com/newswires/entertainment/leonardo-dicaprio-foundation-awards-20m-eco-grants-article-1.3506988,nydailynews.com,20170919T214500Z,English,United States
restoration of vegetated coastal ecosystems,mangrove restoration,Leonardo DiCaprio foundation awards $20M in eco,http://www.scnow.com/entertainment/wire/article_5ef93a12-c1dc-5968-8c2c-a8e7f4945ce9.html,scnow.com,20170919T214500Z,English,United States
restoration of vegetated coastal ecosystems,mangrove restoration,Leonardo DiCaprio foundation awards $20M in eco,http://www.startribune.com/leonardo-dicaprio-foundation-awards-20m-in-eco-grants/445827923/,startribune.com,20170919T213000Z,English,United States
restoration of vegetated coastal ecosystems,mangrove restoration,News from The Associated Press,http://hosted.ap.org/dynamic/stories/U/US_PEOPLE_LEONARDO_DICAPRIO?SITE=AP&SECTION=HOME&TEMPLATE=DEFAULT&CTIME=2017-09-19-17-02-40,hosted.ap.org,20170919T213000Z,English,United States
restoration of vegetated coastal ecosystems,mangrove restoration,Leonardo DiCaprio foundation awards $20M in eco,http://fox21news.com/ap/leonardo-dicaprio-foundation-awards-20m-in-eco-grants/,fox21news.com,20170919T213000Z,English,United States
restoration of vegetated coastal ecosystems,mangrove restoration,Leonardo DiCaprio foundation awards $20M in eco,http://www.ctpost.com/entertainment/article/Leonardo-DiCaprio-foundation-awards-20M-in-12209999.php,ctpost.com,20170919T213000Z,English,United States
restoration of vegetated coastal ecosystems,mangrove restoration,Leonardo DiCaprio foundation awards $20M in eco,http://www.sfgate.com/entertainment/article/Leonardo-DiCaprio-foundation-awards-20M-in-12209999.php,sfgate.com,20170919T213000Z,English,United States
restoration of vegetated coastal ecosystems,mangrove restoration,Leonardo DiCaprio foundation awards $20M in eco,http://www.washingtontimes.com/news/2017/sep/19/leonardo-dicaprio-foundation-awards-20m-in-eco-gra/,washingtontimes.com,20170919T213000Z,English,United States
restoration of vegetated coastal ecosystems,mangrove restoration,Leonardo DiCaprio foundation awards $20M in eco,http://www.stamfordadvocate.com/entertainment/article/Leonardo-DiCaprio-foundation-awards-20M-in-12209999.php,stamfordadvocate.com,20170919T213000Z,English,United States
restoration of vegetated coastal ecosystems,mangrove restoration,Leonardo DiCaprio foundation awards $20M in eco,http://www.mysanantonio.com/entertainment/article/Leonardo-DiCaprio-foundation-awards-20M-in-12209999.php,mysanantonio.com,20170919T213000Z,English,United States
restoration of vegetated coastal ecosystems,mangrove restoration,Leonardo DiCaprio foundation awards $20M in eco,http://www.greenwichtime.com/entertainment/article/Leonardo-DiCaprio-foundation-awards-20M-in-12209999.php,greenwichtime.com,20170919T213000Z,English,United States
restoration of vegetated coastal ecosystems,mangrove restoration,Leonardo DiCaprio foundation awards $20M in eco,http://www.thehour.com/entertainment/article/Leonardo-DiCaprio-foundation-awards-20M-in-12209999.php,thehour.com,20170919T213000Z,English,United States
restoration of vegetated coastal ecosystems,mangrove restoration,Communities Can be Role Models for Sustainable Development,http://www.ipsnews.net/2017/09/communities-can-role-models-sustainable-development/,ipsnews.net,20170915T150000Z,English,United States
restoration of vegetated coastal ecosystems,mangrove restoration,Add new comment,http://blogs.worldbank.org/eastasiapacific/comment/reply/3532,blogs.worldbank.org,20170905T110000Z,English,United States
restoration of vegetated coastal ecosystems,mangrove restoration,Mighty Mangroves of the Philippines : Valuing Wetland Benefits for Risk Reduction & Conservation,http://blogs.worldbank.org/eastasiapacific/mighty-mangroves-of-the-hilippines-valuing-wetland-enefits-for-risk-reduction-conservation,blogs.worldbank.org,20170905T110000Z,English,United States
restoration of vegetated coastal ecosystems,mangrove restoration,Mighty Mangroves of the Philippines : Valuing Wetland Benefits for Risk Reduction & Conservation,https://www.environmentguru.com/pages/elements/element.aspx?id=5430449,environmentguru.com,20170905T104500Z,English,United States
restoration of vegetated coastal ecosystems,mangrove restoration,The fingerprints of coastal carbon sinks,https://www.eurekalert.org/pub_releases/2017-11/asoa-tfo103117.php,eurekalert.org,20171101T170000Z,English,United States
restoration of vegetated coastal ecosystems,mangrove restoration,The fingerprints of coastal carbon sinks,https://phys.org/news/2017-11-fingerprints-coastal-carbon.html,phys.org,20171101T161500Z,English,United States
restoration of vegetated coastal ecosystems,mangrove restoration,Grand Valley Lanthorn,http://www.lanthorn.com/article/2017/10/news-costa-rica-study-abroad-program,lanthorn.com,20171019T034500Z,English,United States
restoration of vegetated coastal ecosystems,mangrove restoration,Senegal : Jury still out on huge mangrove regeneration project in Senegal,http://humanitariannews.org/20171219/senegal-jury-still-out-huge-mangrove-regeneration-project-senegal,humanitariannews.org,20171219T133000Z,English,United States
restoration of vegetated coastal ecosystems,mangrove restoration,Jury still out on huge mangrove regeneration project in Senegal,https://reliefweb.int/report/senegal/jury-still-out-huge-mangrove-regeneration-project-senegal,reliefweb.int,20171219T123000Z,English,United States
restoration of vegetated coastal ecosystems,mangrove restoration,Finding International Solutions To Conservation Challenges,https://www.ammoland.com/2017/12/finding-international-solutions-conservation-challenges/,ammoland.com,20171213T220000Z,English,United States
restoration of vegetated coastal ecosystems,mangrove restoration,World Bank Blogs,http://blogs.worldbank.org/team/kseniya-lvovsky/rss.xml,blogs.worldbank.org,20171213T130000Z,English,United States
restoration of vegetated coastal ecosystems,mangrove restoration,World Bank Blogs,http://blogs.worldbank.org/team/saurabh-dani/rss.xml,blogs.worldbank.org,20171206T230000Z,English,United States
restoration of vegetated coastal ecosystems,mangrove restoration,Launch of a New Livelihoods Carbon Fund,http://www.sustainablebrands.com/press/launch_new_livelihoods_carbon_fund,sustainablebrands.com,20171205T213000Z,English,United States
restoration of vegetated coastal ecosystems,mangrove restoration,SK Innovation starts its global CSR project with its Mangrove restoration in Vietnam,http://markets.businessinsider.com/news/stocks/sk-innovation-starts-its-global-csr-project-with-its-mangrove-restoration-in-vietnam-1025589753,markets.businessinsider.com,20180528T121500Z,English,United States
restoration of vegetated coastal ecosystems,mangrove restoration,wild shores of singapore : Pesta Ubin begins this weekend for 5 weekends !,http://wildshores.blogspot.com/2018/05/pesta-ubin-begins-this-weekend-26-may.html,wildshores.blogspot.com,20180521T011500Z,English,United States
restoration of vegetated coastal ecosystems,mangrove restoration,Mt . Abram students near goal for new track,http://www.sunjournal.com/mt-abram-students-near-goal-for-new-track/,sunjournal.com,20180518T054500Z,English,United States
restoration of vegetated coastal ecosystems,mangrove restoration,The XV Collection : Effective Conservation Requires Science - Based Decisions,http://blogs.plos.org/biologue/2018/05/16/the-xv-collection-effective-conservation-requires-science-based-decisions/,blogs.plos.org,20180516T180000Z,English,United States
restoration of vegetated coastal ecosystems,mangrove restoration,Project MUSE,http://muse.jhu.edu/book/58907,muse.jhu.edu,20180513T104500Z,English,United States
restoration of vegetated coastal ecosystems,mangrove restoration,Eastern Caribbean PMs welcome Commonwealth collaboration,http://www.pressreleasepoint.com/eastern-caribbean-pms-welcome-commonwealth-collaboration,pressreleasepoint.com,20180503T211500Z,English,United States
restoration of vegetated coastal ecosystems,mangrove restoration,Barbuda sees a comeback of national bird after Hurricane Irma – Repeating Islands,https://repeatingislands.com/2018/06/25/barbuda-sees-a-comeback-of-national-bird-after-hurricane-irma/,repeatingislands.com,20180626T014500Z,English,United States
restoration of vegetated coastal ecosystems,mangrove restoration,PATA Pacific Asia Travel Association,http://www.4-traders.com/news/PATA-Pacific-Asia-Travel-Association-Travel-operators-and-villagers-unite-to-clean-up-island-on-Lo--26800759/,4-traders.com,20180621T050000Z,English,United States
restoration of vegetated coastal ecosystems,mangrove restoration,World Oceans Day 2018 : A Blue Charter for a blue planet,http://www.pressreleasepoint.com/world-oceans-day-2018-blue-charter-blue-planet,pressreleasepoint.com,20180609T143000Z,English,United States
restoration of vegetated coastal ecosystems,mangrove restoration,5 ocean success stories to chase away the blues,https://www.weforum.org/agenda/2018/06/5-ocean-success-stories-to-chase-away-the-blues/,weforum.org,20180608T193000Z,English,United States
restoration of vegetated coastal ecosystems,mangrove restoration,5 ocean success stories to chase away the blues,https://www.weforum.org/agenda/2018/06/5-ocean-success-stories-to-chase-away-the-blues,weforum.org,20180608T150000Z,English,United States
restoration of vegetated coastal ecosystems,mangrove restoration,Apple is investing in negative emissions,https://qz.com/1391782/apple-investing-in-negative-emissions-via-mangrove-restoration/,qz.com,20180916T210000Z,English,United States
restoration of vegetated coastal ecosystems,mangrove restoration,New Walls Aim to Hold Back Rising Seas off Tanzania,http://infosurhoy.com/cocoon/saii/xhtml/en_GB/top-stories/new-walls-aim-to-hold-back-rising-seas-off-tanzania/,infosurhoy.com,20180909T004500Z,English,United States
restoration of vegetated coastal ecosystems,mangrove restoration,New Walls Aim to Hold Back Rising Seas off Tanzania – Brinkwire,https://en.brinkwire.com/science/new-walls-aim-to-hold-back-rising-seas-off-tanzania/,en.brinkwire.com,20180907T231500Z,English,United States
restoration of vegetated coastal ecosystems,mangrove restoration,New Walls Aim to Hold Back Rising Seas Off Tanzania,https://www.scientificamerican.com/article/new-walls-aim-to-hold-back-rising-seas-off-tanzania/,scientificamerican.com,20180904T171500Z,English,United States
restoration of vegetated coastal ecosystems,mangrove restoration,Managing an MPA on the uncertain frontiers of climate change « CauseHub,http://www.causehub.com/blog/2018/10/24/managing-an-mpa-on-the-uncertain-frontiers-of-climate-change/,causehub.com,20181024T191500Z,English,United States
restoration of vegetated coastal ecosystems,mangrove restoration,Managing an MPA on the uncertain frontiers of climate change,https://mpanews.openchannels.org/news/mpa-news/managing-mpa-uncertain-frontiers-climate-change,mpanews.openchannels.org,20181023T203000Z,English,United States
restoration of vegetated coastal ecosystems,mangrove restoration,The ultimate guide to negative - emissions technologies Quartz,https://qz.com/1416481/the-ultimate-guide-to-negative-emission-technologies/,qz.com,20181008T063000Z,English,United States
restoration of vegetated coastal ecosystems,mangrove restoration,The ultimate guide to negative - emission technologies,https://www.msn.com/en-us/weather/topstories/the-ultimate-guide-to-negative-emission-technologies/ar-BBO5zuE,msn.com,20181008T061500Z,English,United States
restoration of vegetated coastal ecosystems,mangrove restoration,Mangroves can help countries mitigate their carbon emissions : Coastal environments are highly effective at capturing carbon,https://www.sciencedaily.com/releases/2018/11/181109101451.htm,sciencedaily.com,20181112T030000Z,English,United States
restoration of vegetated coastal ecosystems,mangrove restoration,Mangroves can help countries mitigate their carbon emissions,http://www.terradaily.com/reports/Mangroves_can_help_countries_mitigate_their_carbon_emissions_999.html,terradaily.com,20181111T100000Z,English,United States
restoration of vegetated coastal ecosystems,mangrove restoration,NUS study : Mangroves can help countries mitigate their carbon emissions,https://www.eurekalert.org/pub_releases/2018-11/nuos-nsm110918.php,eurekalert.org,20181109T153000Z,English,United States
restoration of vegetated coastal ecosystems,mangrove restoration,Mangroves can help countries mitigate their carbon emissions,https://phys.org/news/2018-11-mangroves-countries-mitigate-carbon-emissions.html,phys.org,20181109T143000Z,English,United States
restoration of vegetated coastal ecosystems,mangrove restoration,Restoring Ghana Mangroves and Depleted Fish Stock Global Issues,http://www.globalissues.org/news/2018/12/20/24835,globalissues.org,20181220T164500Z,English,United States
restoration of vegetated coastal ecosystems,mangrove restoration,Restoring Ghana Mangroves and Depleted Fish Stock,http://www.ipsnews.net/2018/12/restoring-ghanas-mangroves-depleted-fish-stock/,ipsnews.net,20181220T113000Z,English,United States
restoration of vegetated coastal ecosystems,mangrove restoration,New action on oceans to be revealed at Kenya conference,http://www.pressreleasepoint.com/new-action-oceans-be-revealed-kenya-conference,pressreleasepoint.com,20181220T001500Z,English,United States
restoration of vegetated coastal ecosystems,mangrove restoration,BTT Wraps - Up a Year of Historical Events 2018 - Fly Life Magazine,https://flylifemagazine.com/btt-wraps-up-a-year-of-historical-events-2018/,flylifemagazine.com,20181219T141500Z,English,United States
restoration of vegetated coastal ecosystems,mangrove restoration,"Panel decides what to do with first set of Code concerns - CaptivaSanibel . com | Island Reporter , Captiva Current , Sanibel - Captiva Islander",http://www.captivasanibel.com/page/content.detail/id/585857/Panel-decides-what-to-do-with-first-set-of-Code-concerns.html,captivasanibel.com,20181215T023000Z,English,United States
restoration of vegetated coastal ecosystems,mangrove restoration,"Panel decides what to do with first set of Code concerns - CaptivaSanibel . com | Island Reporter , Captiva Current , Sanibel - Captiva Islander",http://sanibel-captiva-islander.com/page/content.detail/id/585857/Panel-decides-what-to-do-with-first-set-of-Code-concerns.html,sanibel-captiva-islander.com,20181215T014500Z,English,United States
restoration of vegetated coastal ecosystems,mangrove restoration,"Panel decides what to do with first set of Code concerns - CaptivaSanibel . com | Island Reporter , Captiva Current , Sanibel - Captiva Islander",http://www.island-reporter.com/page/content.detail/id/585857/Panel-decides-what-to-do-with-first-set-of-Code-concerns.html,island-reporter.com,20181215T014500Z,English,United States
restoration of vegetated coastal ecosystems,mangrove restoration,Sparing vs Sharing : The Great Debate Over How to Protect Nature,https://e360.yale.edu/features/sparing-vs-sharing-the-great-debate-over-how-to-protect-nature,e360.yale.edu,20181203T140000Z,English,United States
restoration of vegetated coastal ecosystems,mangrove restoration,"As global advocates , athletes grab baton from flagging governments",https://news.yahoo.com/global-advocates-athletes-grab-baton-flagging-governments-160216467.html,news.yahoo.com,20190219T164500Z,English,United States
restoration of vegetated coastal ecosystems,mangrove restoration,"As global advocates , athletes grab baton from flagging governments",https://www.csmonitor.com/USA/Foreign-Policy/2019/0219/As-global-advocates-athletes-grab-baton-from-flagging-governments,csmonitor.com,20190219T163000Z,English,United States
restoration of vegetated coastal ecosystems,mangrove restoration,"NCSU researcher new tool could boost efforts to re - establish oyster beds , coastal habitats",https://www.wraltechwire.com/2019/02/19/ncsu-researchers-new-tool-could-boost-efforts-to-re-establish-oyster-beds-coastal-habitats/,wraltechwire.com,20190219T144500Z,English,United States
restoration of vegetated coastal ecosystems,mangrove restoration,Re - Establishing Oyster Beds To Maximize Their Ecological Benefits,http://www.eurasiareview.com/13022019-re-establishing-oyster-beds-to-maximize-their-ecological-benefits/,eurasiareview.com,20190213T043000Z,English,United States
restoration of vegetated coastal ecosystems,mangrove restoration,Tool Identifies Locations for Re - establishing Oyster Beds that Maximize Their Ecological Benefits,https://news.ncsu.edu/2019/02/oyster-bed-benefits/,news.ncsu.edu,20190211T200000Z,English,United States
restoration of vegetated coastal ecosystems,mangrove restoration,Re - establishing oyster beds to maximize their ecological benefits : New GIS - based tool identifies best locations,https://www.sciencedaily.com/releases/2019/02/190211131530.htm,sciencedaily.com,20190211T194500Z,English,United States
restoration of vegetated coastal ecosystems,mangrove restoration,Re - establishing oyster beds to maximize their ecological benefits,https://phys.org/news/2019-02-re-establishing-oyster-beds-maximize-ecological.html,phys.org,20190211T190000Z,English,United States
restoration of vegetated coastal ecosystems,mangrove restoration,Re - establishing oyster beds to maximize their ecological benefits,https://www.eurekalert.org/pub_releases/2019-02/ncsu-rob021119.php,eurekalert.org,20190211T190000Z,English,United States
restoration of vegetated coastal ecosystems,mangrove restoration,Charles & Margery Barancik Foundation Board approves $6 million in grants - News - Sarasota Herald - Tribune,https://www.heraldtribune.com/news/20190204/charles-amp-margery-barancik-foundation-board-approves-6-million-in-grants,heraldtribune.com,20190204T204500Z,English,United States
restoration of vegetated coastal ecosystems,mangrove restoration,Mangrove patches deserve greater recognition no matter the size,https://eurekalert.org/pub_releases/2019-01/zsol-mpd011819.php,eurekalert.org,20190203T144500Z,English,United States
restoration of vegetated coastal ecosystems,mangrove restoration,"Bonner County Daily Bee - Lifestyles , Bonner County Calendar",https://www.bonnercountydailybee.com/lifestyles/20190419/bonner_county_calendar_-_april_19_2019,bonnercountydailybee.com,20190419T133000Z,English,United States
restoration of vegetated coastal ecosystems,mangrove restoration,"Bonner County Daily Bee - Lifestyles , Bonner County Calendar",https://www.bonnercountydailybee.com/lifestyles/20190418/bonner_county_calendar_-_april_18_2019,bonnercountydailybee.com,20190418T140000Z,English,United States
restoration of vegetated coastal ecosystems,mangrove restoration,What if we could use nature to prevent disasters ?,https://blogs.worldbank.org/sustainablecities/comment/1844,blogs.worldbank.org,20190417T221500Z,English,United States
restoration of vegetated coastal ecosystems,mangrove restoration,What if we could use nature to prevent disasters ?,http://blogs.worldbank.org/sustainablecities/comment/1844,blogs.worldbank.org,20190417T210000Z,English,United States
restoration of vegetated coastal ecosystems,mangrove restoration,"Bonner County Daily Bee - Lifestyles , Bonner County Calendar",https://www.bonnercountydailybee.com/lifestyles/20190417/bonner_county_calendar_-_april_17_2019,bonnercountydailybee.com,20190417T153000Z,English,United States
restoration of vegetated coastal ecosystems,mangrove restoration,"Bonner County Daily Bee - Lifestyles , Bonner County Calendar",https://www.bonnercountydailybee.com/lifestyles/20190416/bonner_county_calendar_-_april_16_2019,bonnercountydailybee.com,20190416T151500Z,English,United States
restoration of vegetated coastal ecosystems,mangrove restoration,"Bonner County Daily Bee - Local News , Number of events on tap for Earth Week",https://www.bonnercountydailybee.com/local_news/20190414/number_of_events_on_tap_for_earth_week,bonnercountydailybee.com,20190414T154500Z,English,United States
restoration of vegetated coastal ecosystems,mangrove restoration,"Bonner County Daily Bee - Lifestyles , Bonner County Calendar",https://www.bonnercountydailybee.com/lifestyles/20190413/bonner_county_calendar_-_april_13_2019,bonnercountydailybee.com,20190413T161500Z,English,United States
restoration of vegetated coastal ecosystems,mangrove restoration,"Bonner County Daily Bee - Lifestyles , Bonner County Calendar",https://www.bonnercountydailybee.com/lifestyles/20190412/bonner_county_calendar_-_april_12_2019,bonnercountydailybee.com,20190412T123000Z,English,United States
restoration of vegetated coastal ecosystems,mangrove restoration,"Bonner County Daily Bee - Lifestyles , Bonner County Calendar",https://www.bonnercountydailybee.com/lifestyles/20190411/bonner_county_calendar_-_april_11_2019,bonnercountydailybee.com,20190411T140000Z,English,United States
restoration of vegetated coastal ecosystems,mangrove restoration,"Bonner County Daily Bee - Lifestyles , Bonner County Calendar",https://www.bonnercountydailybee.com/lifestyles/20190410/bonner_county_calendar_-_april_10_2019,bonnercountydailybee.com,20190410T150000Z,English,United States
restoration of vegetated coastal ecosystems,mangrove restoration,"Bonner County Daily Bee - Lifestyles , Bonner County Calendar",https://www.bonnercountydailybee.com/lifestyles/20190409/bonner_county_calendar_-_april_9_2019,bonnercountydailybee.com,20190409T161500Z,English,United States
restoration of vegetated coastal ecosystems,mangrove restoration,5 steps to changing the way we grow our food,https://www.weforum.org/agenda/2019/04/transforming-food-and-agriculture-to-achieve-the-sustainable-development-goals/,weforum.org,20190408T174500Z,English,United States
restoration of vegetated coastal ecosystems,mangrove restoration,"Bonner County Daily Bee - Lifestyles , Bonner County Calendar",https://www.bonnercountydailybee.com/lifestyles/20190407/bonner_county_calendar_-_april_7_2019,bonnercountydailybee.com,20190407T163000Z,English,United States
restoration of vegetated coastal ecosystems,mangrove restoration,"Bonner County Daily Bee - Lifestyles , Bonner County Calendar",https://www.bonnercountydailybee.com/lifestyles/20190406/bonner_county_calendar_-_april_6_2019,bonnercountydailybee.com,20190406T160000Z,English,United States
restoration of vegetated coastal ecosystems,mangrove restoration,Building with Nature : Demak Coastal Project on Display,https://www.dredgingtoday.com/2019/06/18/building-with-nature-demak-coastal-project-on-display/,dredgingtoday.com,20190618T104500Z,English,United States
restoration of vegetated coastal ecosystems,mangrove restoration,FLORIDA TEENS GO GREEN | Ecosystem – Florida Courier,http://flcourier.com/florida-teens-go-green/,flcourier.com,20190608T234500Z,English,United States
restoration of vegetated coastal ecosystems,mangrove restoration,Hope for Future of Ocean Governance - Commonwealth Blue Charter,https://www.disabled-world.com/disability/emergency/climate/wod.php,disabled-world.com,20190607T153000Z,English,United States
restoration of vegetated coastal ecosystems,mangrove restoration,"Iberostar New Coral Lab Opens for World Oceans Day , Offering Hope for the Future of Caribbean Reefs and Oceans Everywhere",https://www.hospitalitynet.org/news/4093719.html,hospitalitynet.org,20190607T050000Z,English,United States
restoration of vegetated coastal ecosystems,mangrove restoration,"Iberostar New Coral Lab Opens for World Oceans Day , Offering Hope for the Future of Caribbean Reefs and Oceans Everywhere",https://www.businesswire.com/news/home/20190606005899/en/,businesswire.com,20190607T010000Z,English,United States
restoration of vegetated coastal ecosystems,mangrove restoration,"Iberostar New Coral Lab Opens for World Oceans Day , Offering Hope for the Future of Caribbean Reefs and Oceans Everywhere",https://finance.yahoo.com/news/iberostar-coral-lab-opens-world-230400092.html,finance.yahoo.com,20190607T001500Z,English,United States
restoration of vegetated coastal ecosystems,mangrove restoration,"Iberostar New Coral Lab Opens for World Oceans Day , Offering Hope for the Future of Caribbean Reefs and Oceans Everywhere | Business",http://www.oleantimesherald.com/business/iberostar-s-new-coral-lab-opens-for-world-oceans-day/article_fbc53fc0-95f6-566a-b007-ff21f12eceb4.html,oleantimesherald.com,20190607T001500Z,English,United States
restoration of vegetated coastal ecosystems,mangrove restoration,"Iberostar New Coral Lab Opens for World Oceans Day , Offering Hope for the Future of Caribbean Reefs and Oceans Everywhere | Business",https://www.valdostadailytimes.com/news/business/iberostar-s-new-coral-lab-opens-for-world-oceans-day/article_5f0e04b7-ce84-5607-8bec-971575005139.html,valdostadailytimes.com,20190607T000000Z,English,United States
restoration of vegetated coastal ecosystems,mangrove restoration,"Iberostar New Coral Lab Opens for World Oceans Day , Offering Hope for the Future of Caribbean Reefs and Oceans Everywhere",https://www.tmcnet.com/usubmit/2019/06/06/8969633.htm,tmcnet.com,20190606T234500Z,English,United States
restoration of vegetated coastal ecosystems,mangrove restoration,"Iberostar New Coral Lab Opens for World Oceans Day , Offering Hope for the Future of Caribbean Reefs and Oceans Everywhere | Business",http://www.swiowanewssource.com/business/article_ca6e4b48-3f04-50ac-ab4b-6004e97f2a84.html,swiowanewssource.com,20190606T234500Z,English,United States
restoration of vegetated coastal ecosystems,mangrove restoration,"Iberostar New Coral Lab Opens for World Oceans Day , Offering Hope for the Future of Caribbean Reefs and Oceans Everywhere",https://www.tmcnet.com/usubmit/-iberostars-new-coral-lab-opens-world-oceans-day-/2019/06/06/8969633.htm,tmcnet.com,20190606T233000Z,English,United States
restoration of vegetated coastal ecosystems,mangrove restoration,More mangroves ? Economies recover faster after tropical cyclones,https://arstechnica.com/science/2019/06/more-mangroves-economies-recover-faster-after-tropical-cyclones/,arstechnica.com,20190604T190000Z,English,United States
restoration of vegetated coastal ecosystems,mangrove restoration,Green teens : Students find passion and purpose in learning about the environment,https://www.fltimes.com/news/nation/green-teens-students-find-passion-and-purpose-in-learning-about/article_411431b3-d677-5b3e-9ad9-b096a7f7083e.html,fltimes.com,20190604T170000Z,English,United States
restoration of vegetated coastal ecosystems,mangrove restoration,Green teens : Students find passion and purpose in learning about the environment,https://www.msn.com/en-us/lifestyle/lifestyle-buzz/green-teens-students-find-passion-and-purpose-in-learning-about-the-environment/ar-AACnCc9,msn.com,20190604T161500Z,English,United States
restoration of vegetated coastal ecosystems,mangrove restoration,Flight of the Gibbon Leading Eco - Tourism in Thailand,https://www.prweb.com/releases/flight_of_the_gibbon_leading_eco_tourism_in_thailand/prweb16472809.htm,prweb.com,20190801T220000Z,English,United States
restoration of vegetated coastal ecosystems,mangrove restoration,Cameroon conflict turns climate - stressed farmers into  food beggars,https://www.reuters.com/article/us-cameroon-conflict-environment/cameroon-conflict-turns-climate-stressed-farmers-into-food-beggars-idUSKCN1UP0KR,reuters.com,20190730T113000Z,English,United States
restoration of vegetated coastal ecosystems,mangrove restoration,Cameroon conflict turns climate - stressed farmers into  food beggars,https://www.reuters.com/article/us-cameroon-conflict-environment-idUSKCN1UP0KR,reuters.com,20190730T083000Z,English,United States
restoration of vegetated coastal ecosystems,mangrove restoration,Cameroon conflict turns climate - stressed farmers into  food ...,http://news.trust.org/item/20190730063859-9uxv7/,news.trust.org,20190730T080000Z,English,United States
restoration of vegetated coastal ecosystems,mangrove restoration,"Elephant numbers are rebounding in Mozambique , and more good news",https://www.csmonitor.com/World/2019/0719/Points-of-Progress-Refugees-are-getting-a-chance-to-shine-and-more,csmonitor.com,20190719T104500Z,English,United States
restoration of vegetated coastal ecosystems,mangrove restoration,Why Sustainable Forestry Is a Good Investment,https://www.wri.org/blog/2019/07/why-sustainable-forestry-good-investment,wri.org,20190711T144500Z,English,United States
restoration of vegetated coastal ecosystems,mangrove restoration,Conservation & Dive Master Intership - Indonesia,https://www.idealist.org/en/volunter-opportunity/e2767e648c1d4100b6eb5ac8910c48da-conservation-dive-master-intership-indonesia-indo-ocean-project-nusapenida,idealist.org,20190708T190000Z,English,United States
restoration of vegetated coastal ecosystems,mangrove restoration,Take the EarthEcho Water Challenge to Protect Local Waterways ! - Citizen Science Salon : Citizen Science Salon,http://blogs.discovermagazine.com/citizen-science-salon/2019/07/07/take-the-earthecho-water-challenge-to-protect-local-waterways/,blogs.discovermagazine.com,20190707T220000Z,English,United States
restoration of vegetated coastal ecosystems,mangrove restoration,First phase of FISH Preserve complete | Longboat Key News,http://www.lbknews.com/2011/09/11/first-phase-of-fish-preserve-complete/,lbknews.com,20190705T133000Z,English,United States
restoration of vegetated coastal ecosystems,mangrove restoration,"Leonardo DiCaprio helps create new environmental alliance | News , Sports , Jobs",https://www.minotdailynews.com/life/arts-entertainment/2019/07/leonardo-dicaprio-helps-create-new-environmental-alliance/,minotdailynews.com,20190704T071500Z,English,United States
restoration of vegetated coastal ecosystems,mangrove restoration,Leonardo DiCaprio helps create new environmental alliance,http://norfolkdailynews.com/news/national/people_national/leonardo-dicaprio-helps-create-new-environmental-alliance/article_d002d0b8-9d98-11e9-ace3-a3b989fd6a84.html,norfolkdailynews.com,20190703T151500Z,English,United States
restoration of vegetated coastal ecosystems,mangrove restoration,Leonardo DiCaprio helps create new environmental alliance,https://www.ktvn.com/story/40737025/leonardo-dicaprio-helps-create-new-environmental-alliance,ktvn.com,20190703T133000Z,English,United States
restoration of vegetated coastal ecosystems,mangrove restoration,People news : Leonardo DiCaprio ; Sterling Van Wagenen,http://www.telegraphherald.com/news/features/article_358d4bfd-d49e-5d94-81a4-68d5d2eda93b.html,telegraphherald.com,20190703T074500Z,English,United States
restoration of vegetated coastal ecosystems,mangrove restoration,Leonardo DiCaprio helps create new environmental alliance :: WRAL . com,https://www.wral.com/leonardo-dicaprio-helps-create-new-environmental-alliance/18487359/,wral.com,20190703T050000Z,English,United States
restoration of vegetated coastal ecosystems,mangrove restoration,Leonardo DiCaprio helps create new environmental alliance,https://www.staradvertiser.com/2019/07/02/news/leonardo-dicaprio-helps-create-new-environmental-alliance/,staradvertiser.com,20190703T031500Z,English,United States
restoration of vegetated coastal ecosystems,mangrove restoration,Leonardo DiCaprio helps create new environmental alliance,https://www.limaohio.com/top-stories/363215/leonardo-dicaprio-helps-create-new-environmental-alliance,limaohio.com,20190703T030000Z,English,United States
restoration of vegetated coastal ecosystems,mangrove restoration,Leonardo DiCaprio Helps Create New Environmental Alliance,https://etcanada.com/news/470591/leonardo-dicaprio-helps-create-new-environmental-alliance/,etcanada.com,20190703T021500Z,English,United States
restoration of vegetated coastal ecosystems,mangrove restoration,Leonardo DiCaprio helps create new environmental alliance,https://lethbridgeherald.com/entertainment/entertainment-news/2019/07/02/leonardo-dicaprio-helps-create-new-environmental-alliance/,lethbridgeherald.com,20190703T010000Z,English,United States
restoration of vegetated coastal ecosystems,mangrove restoration,Leonardo DiCaprio helps create new environmental alliance,https://www.newsday.com/entertainment/celebrities/leonardo-dicaprio-environmental-alliance-1.33301920,newsday.com,20190703T004500Z,English,United States
restoration of vegetated coastal ecosystems,mangrove restoration,Leonardo DiCaprio helps create new environmental alliance,https://www.rutlandherald.com/features/entertainment/leonardo-dicaprio-helps-create-new-environmental-alliance/article_a4a35519-e58d-5af1-adae-1e692db1efc0.html,rutlandherald.com,20190702T233000Z,English,United States
restoration of vegetated coastal ecosystems,mangrove restoration,Leonardo DiCaprio helps create new environmental alliance,https://www.hometownstations.com/news/entertainment/leonardo-dicaprio-helps-create-new-environmental-alliance/article_25962bab-89fc-5963-adf3-ea50e56693b7.html,hometownstations.com,20190702T224500Z,English,United States
restoration of vegetated coastal ecosystems,mangrove restoration,Leonardo DiCaprio helps create environmental alliance,https://www.pressherald.com/2019/07/02/leonardo-dicaprio-helps-create-environmental-alliance/,pressherald.com,20190702T224500Z,English,United States
restoration of vegetated coastal ecosystems,mangrove restoration,Leonardo DiCaprio helps create new environmental alliance,https://madison.com/entertainment/movies/leonardo-dicaprio-helps-create-new-environmental-alliance/article_791cfd40-edc6-500c-8f61-26e6f29f5cc7.html,madison.com,20190702T223000Z,English,United States
restoration of vegetated coastal ecosystems,mangrove restoration,Leonardo DiCaprio helps create new environmental alliance,https://www.bhpioneer.com/a_and_e/leonardo-dicaprio-helps-create-new-environmental-alliance/article_8b75aaf6-9163-5721-beb3-18a29fd23910.html,bhpioneer.com,20190702T221500Z,English,United States
restoration of vegetated coastal ecosystems,mangrove restoration,Leonardo DiCaprio helps create new environmental alliance,https://www.voiceofalexandria.com/entertainment/celebrity_news/leonardo-dicaprio-helps-create-new-environmental-alliance/article_1c6cbdf0-9fff-58a9-a36c-fa038e7f4b6c.html,voiceofalexandria.com,20190702T220000Z,English,United States
restoration of vegetated coastal ecosystems,mangrove restoration,Leonardo DiCaprio helps create new environmental alliance,https://www.gazettextra.com/entertainment/leonardo-dicaprio-helps-create-new-environmental-alliance/article_d850e14a-b4cb-5562-8866-05c65c397423.html,gazettextra.com,20190702T211500Z,English,United States
restoration of vegetated coastal ecosystems,mangrove restoration,Leonardo DiCaprio helps create new environmental alliance,https://www.kiro7.com/entertainment/leonardo-dicaprio-helps-create-new-environmental-alliance/963358210,kiro7.com,20190702T211500Z,English,United States
restoration of vegetated coastal ecosystems,mangrove restoration,Leonardo DiCaprio helps create new environmental alliance,https://www.1065thearch.com/2019/07/02/leonardo-dicaprio-helps-create-new-environmental-alliance/,1065thearch.com,20190702T211500Z,English,United States
restoration of vegetated coastal ecosystems,mangrove restoration,Leonardo DiCaprio helps create new environmental alliance to address climate change,https://www.bostonglobe.com/lifestyle/names/2019/07/02/leonardo-dicaprio-helps-create-new-environmental-alliance-address-climate-change/SaKkoOtrY87YhYeSF7Ia5L/story.html,bostonglobe.com,20190702T211500Z,English,United States
restoration of vegetated coastal ecosystems,mangrove restoration,Leonardo DiCaprio helps create new environmental alliance,https://www.dothaneagle.com/news/ap/entertainment/leonardo-dicaprio-helps-create-new-environmental-alliance/article_80717759-4b2e-5a4a-b401-d59b37368fef.html,dothaneagle.com,20190702T211500Z,English,United States
restoration of vegetated coastal ecosystems,mangrove restoration,Leo DiCaprio helping investors create new nonprofit,https://pagesix.com/2019/07/02/leo-dicaprio-helping-investors-create-new-environmental-nonprofit/,pagesix.com,20190702T211500Z,English,United States
restoration of vegetated coastal ecosystems,mangrove restoration,Leonardo DiCaprio helps create new environmental alliance,https://www.mrt.com/entertainment/article/Leonardo-DiCaprio-helps-create-new-environmental-14067332.php,mrt.com,20190702T210000Z,English,United States
restoration of vegetated coastal ecosystems,mangrove restoration,Leonardo DiCaprio helps create new environmental alliance,http://www.startribune.com/leonardo-dicaprio-helps-create-new-environmental-alliance/512123512/,startribune.com,20190702T210000Z,English,United States
restoration of vegetated coastal ecosystems,mangrove restoration,Leonardo DiCaprio helps create new environmental alliance,https://www.fox23.com/entertainment/leonardo-dicaprio-helps-create-new-environmental-alliance/963358163,fox23.com,20190702T210000Z,English,United States
restoration of vegetated coastal ecosystems,mangrove restoration,Leonardo DiCaprio helps create new environmental alliance - Medicine Hat NewsMedicine Hat News,https://medicinehatnews.com/entertainment/entertainment-news/2019/07/02/leonardo-dicaprio-helps-create-new-environmental-alliance/,medicinehatnews.com,20190702T210000Z,English,United States
restoration of vegetated coastal ecosystems,mangrove restoration,Leonardo DiCaprio helps create new environmental alliance,https://www.morganton.com/entertainment/ap/leonardo-dicaprio-helps-create-new-environmental-alliance/article_243dd64a-9e56-5158-bb15-34e93c0344c7.html,morganton.com,20190702T210000Z,English,United States
restoration of vegetated coastal ecosystems,mangrove restoration,Leonardo DiCaprio helps create new environmental alliance,https://www.greenwichtime.com/entertainment/article/Leonardo-DiCaprio-helps-create-new-environmental-14067332.php,greenwichtime.com,20190702T210000Z,English,United States
restoration of vegetated coastal ecosystems,mangrove restoration,Leonardo DiCaprio helps create new environmental alliance,https://www.pressofatlanticcity.com/news/ap/leonardo-dicaprio-helps-create-new-environmental-alliance/article_91aa252a-86db-5371-8240-794b1d9bc034.html,pressofatlanticcity.com,20190702T204500Z,English,United States
restoration of vegetated coastal ecosystems,mangrove restoration,Leonardo DiCaprio helps create new environmental alliance,https://www.mysanantonio.com/entertainment/article/Leonardo-DiCaprio-helps-create-new-environmental-14067332.php,mysanantonio.com,20190702T204500Z,English,United States
restoration of vegetated coastal ecosystems,mangrove restoration,Leonardo DiCaprio helps create new environmental alliance,https://www.stamfordadvocate.com/entertainment/article/Leonardo-DiCaprio-helps-create-new-environmental-14067332.php,stamfordadvocate.com,20190702T204500Z,English,United States
restoration of vegetated coastal ecosystems,mangrove restoration,Leonardo DiCaprio helps create new environmental alliance,https://www.thehour.com/entertainment/article/Leonardo-DiCaprio-helps-create-new-environmental-14067332.php,thehour.com,20190702T204500Z,English,United States
restoration of vegetated coastal ecosystems,mangrove restoration,Leonardo DiCaprio helps create new environmental alliance,https://www.beaumontenterprise.com/entertainment/article/Leonardo-DiCaprio-helps-create-new-environmental-14067332.php,beaumontenterprise.com,20190702T203000Z,English,United States
restoration of vegetated coastal ecosystems,mangrove restoration,Leonardo DiCaprio helps create new environmental alliance,https://www.ourmidland.com/entertainment/article/Leonardo-DiCaprio-helps-create-new-environmental-14067332.php,ourmidland.com,20190702T203000Z,English,United States
restoration of vegetated coastal ecosystems,mangrove restoration,Leonardo DiCaprio helps create new environmental alliance,https://www.oanow.com/corner/entertainment/movies_tv/leonardo-dicaprio-helps-create-new-environmental-alliance/article_780afdbc-eb75-54b5-b579-f47f0c989982.html,oanow.com,20190702T203000Z,English,United States
restoration of vegetated coastal ecosystems,mangrove restoration,Leonardo DiCaprio helps create new environmental alliance,https://www.scnow.com/news/headlines/article_e2c6c29f-fc93-55e6-b386-ce72c4de23ef.html,scnow.com,20190702T203000Z,English,United States
restoration of vegetated coastal ecosystems,mangrove restoration,Leonardo DiCaprio helps create new environmental alliance,https://www.wacotrib.com/news/ap_nation/headlines/leonardo-dicaprio-helps-create-new-environmental-alliance/article_f9c2f35a-100b-5808-a20e-64aaeeedc7c7.html,wacotrib.com,20190702T203000Z,English,United States
restoration of vegetated coastal ecosystems,mangrove restoration,Leonardo DiCaprio helps create new environmental alliance,https://www.1310news.com/2019/07/02/leonardo-dicaprio-helps-create-new-environmental-alliance/,1310news.com,20190702T203000Z,English,United States
restoration of vegetated coastal ecosystems,mangrove restoration,Leonardo DiCaprio helps create new environmental alliance,https://www.fbherald.com/news/leonardo-dicaprio-helps-create-new-environmental-alliance/article_aaa81a30-7f37-59b1-9eb6-feefd7662b0d.html,fbherald.com,20190702T203000Z,English,United States
restoration of vegetated coastal ecosystems,mangrove restoration,Leonardo DiCaprio helps create new environmental alliance,https://www.wsoctv.com/entertainment/leonardo-dicaprio-helps-create-new-environmental-alliance/963358022,wsoctv.com,20190702T203000Z,English,United States
restoration of vegetated coastal ecosystems,mangrove restoration,Leonardo DiCaprio helps create new environmental alliance,https://www.bdtonline.com/news/entertainment/leonardo-dicaprio-helps-create-new-environmental-alliance/article_b0b759e6-73d1-5866-af9c-6df64e5b7f6c.html,bdtonline.com,20190702T201500Z,English,United States
restoration of vegetated coastal ecosystems,mangrove restoration,Leonardo DiCaprio helps create new environmental alliance,https://www.ctpost.com/entertainment/article/Leonardo-DiCaprio-helps-create-new-environmental-14067332.php,ctpost.com,20190702T201500Z,English,United States
restoration of vegetated coastal ecosystems,mangrove restoration,Leonardo DiCaprio helps create new environmental alliance,https://www.lmtonline.com/entertainment/article/Leonardo-DiCaprio-helps-create-new-environmental-14067332.php,lmtonline.com,20190702T201500Z,English,United States
restoration of vegetated coastal ecosystems,mangrove restoration,Leonardo DiCaprio helps create new environmental alliance,https://www.fox13memphis.com/news/leonardo-dicaprio-helps-create-new-environmental-alliance/963359659,fox13memphis.com,20190702T201500Z,English,United States
restoration of vegetated coastal ecosystems,mangrove restoration,Leonardo DiCaprio helps create new environmental alliance,https://www.wpxi.com/entertainment/leonardo-dicaprio-helps-create-new-environmental-alliance/963358116,wpxi.com,20190702T201500Z,English,United States
restoration of vegetated coastal ecosystems,mangrove restoration,Leonardo DiCaprio helps create new environmental alliance,https://www.wftv.com/entertainment/leonardo-dicaprio-helps-create-new-environmental-alliance/963358257,wftv.com,20190702T201500Z,English,United States
restoration of vegetated coastal ecosystems,mangrove restoration,Leonardo DiCaprio helps create new environmental alliance,https://www.wsbtv.com/entertainment/leonardo-dicaprio-helps-create-new-environmental-alliance/963358304,wsbtv.com,20190702T201500Z,English,United States
restoration of vegetated coastal ecosystems,mangrove restoration,Leonardo DiCaprio helps create new environmental alliance,https://www.oanow.com/apwire/news/entertainment/leonardo-dicaprio-helps-create-new-environmental-alliance/article_780afdbc-eb75-54b5-b579-f47f0c989982.html,oanow.com,20190702T201500Z,English,United States
restoration of vegetated coastal ecosystems,mangrove restoration,Leonardo DiCaprio helps create new environmental alliance,https://www.newstimes.com/entertainment/article/Leonardo-DiCaprio-helps-create-new-environmental-14067332.php,newstimes.com,20190702T201500Z,English,United States
restoration of vegetated coastal ecosystems,mangrove restoration,Leonardo DiCaprio helps create new environmental alliance,https://www.seattlepi.com/entertainment/article/Leonardo-DiCaprio-helps-create-new-environmental-14067332.php,seattlepi.com,20190702T201500Z,English,United States
restoration of vegetated coastal ecosystems,mangrove restoration,Leonardo DiCaprio helps create new environmental alliance,https://www.sfgate.com/entertainment/article/Leonardo-DiCaprio-helps-create-new-environmental-14067332.php,sfgate.com,20190702T200000Z,English,United States
restoration of vegetated coastal ecosystems,mangrove restoration,Leonardo DiCaprio helps create new environmental alliance,https://www.actionnewsjax.com/entertainment/leonardo-dicaprio-helps-create-new-environmental-alliance/963358069,actionnewsjax.com,20190702T200000Z,English,United States
restoration of vegetated coastal ecosystems,mangrove restoration,Leonardo DiCaprio helps create new environmental alliance,https://www.chron.com/entertainment/article/Leonardo-DiCaprio-helps-create-new-environmental-14067332.php,chron.com,20190702T200000Z,English,United States
restoration of vegetated coastal ecosystems,mangrove restoration,Leonardo DiCaprio helps create new environmental alliance,https://www.thetelegraph.com/entertainment/article/Leonardo-DiCaprio-helps-create-new-environmental-14067332.php,thetelegraph.com,20190702T200000Z,English,United States
restoration of vegetated coastal ecosystems,mangrove restoration,Leonardo DiCaprio helps create new environmental alliance,https://www.the-messenger.com/arts_and_entertainment/article_68c8c5fa-c957-5d1e-b402-643bb7bcc400.html,the-messenger.com,20190702T200000Z,English,United States
restoration of vegetated coastal ecosystems,mangrove restoration,Leonardo DiCaprio helps create new environmental alliance,https://www.seattletimes.com/entertainment/leonardo-dicaprio-helps-create-new-environmental-alliance/,seattletimes.com,20190702T200000Z,English,United States
restoration of vegetated coastal ecosystems,mangrove restoration,Keeling Curve Prize Winners Hope to Clear the Air,https://www.publicnewsservice.org/2019-07-01/climate-change-air-quality/keeling-curve-prize-winners-hope-to-clear-the-air/a66950-1,publicnewsservice.org,20190702T093000Z,English,United States
restoration of vegetated coastal ecosystems,mangrove restoration,Commentary : Have Singaporeans been mollycoddled on climate change ?,https://www.channelnewsasia.com/news/commentary/commentary-have-singaporeans-been-mollycoddled-on-climate-change-11944442,channelnewsasia.com,20190927T233000Z,English,United States
restoration of vegetated coastal ecosystems,mangrove restoration,"From Indonesia to Gabon , countries turn to nature to cut climate risks",https://uk.reuters.com/article/climate-change-un-environment/from-indonesia-to-gabon-countries-turn-to-nature-to-cut-climate-risks-idUKL5N26D0MT,uk.reuters.com,20190924T021500Z,English,United States
restoration of vegetated coastal ecosystems,mangrove restoration,"From Indonesia to Gabon , countries turn to nature to cut climate risks",https://af.reuters.com/article/gabonNews/idAFL5N26D0MT,af.reuters.com,20190923T184500Z,English,United States
restoration of vegetated coastal ecosystems,mangrove restoration,"Benefits Of Investing In Climate Adaptation Far Outweigh Costs , Commission Says",https://popularresistance.org/benefits-of-investing-in-climate-adaptation-far-outweigh-costs-commission-says/,popularresistance.org,20190923T181500Z,English,United States
restoration of vegetated coastal ecosystems,mangrove restoration,"From Indonesia to Gabon , countries turn to nature to cut climate risks",https://www.reuters.com/article/us-climate-change-un-environment/from-indonesia-to-gabon-countries-turn-to-nature-to-cut-climate-risks-idUSKBN1W8115,reuters.com,20190923T123000Z,English,United States
restoration of vegetated coastal ecosystems,mangrove restoration,"From Indonesia to Gabon , countries turn to nature to cut climate risks",https://www.reuters.com/article/us-climate-change-un-environment-idUSKBN1W8115,reuters.com,20190923T113000Z,English,United States
restoration of vegetated coastal ecosystems,mangrove restoration,"From Indonesia to Gabon , countries turn to nature to cut climate risks - Agricultural Commodities",https://af.reuters.com/article/commoditiesNews/idAFL5N26D0MT,af.reuters.com,20190923T111500Z,English,United States
restoration of vegetated coastal ecosystems,mangrove restoration,"From Indonesia to Gabon , countries turn to nature to cut ...",http://news.trust.org/item/20190923102217-zuenh,news.trust.org,20190923T111500Z,English,United States
restoration of vegetated coastal ecosystems,mangrove restoration,"Benefits Of Investing In Climate Adaptation Far Outweigh Costs , Commission Says",https://www.wlrn.org/post/benefits-investing-climate-adaptation-far-outweigh-costs-commission-says,wlrn.org,20190911T144500Z,English,United States
restoration of vegetated coastal ecosystems,mangrove restoration,"Benefits of investing in climate adaptation far outweigh costs , commission says",http://www.sun-sentinel.com/news/florida/fl-ne-climate-adaptation-costs-investments-20190911-7et7elvpwjfphjda4zypzsdhmi-story.html,sun-sentinel.com,20190911T113000Z,English,United States
restoration of vegetated coastal ecosystems,mangrove restoration,4 Things to Know About the Global Adaptation Challenge,https://www.wri.org/blog/2019/09/4-things-know-about-global-adaptation-challenge,wri.org,20190910T193000Z,English,United States
restoration of vegetated coastal ecosystems,mangrove restoration,Benefits of investing in climate adaptation far outweigh costs,https://www.tampabay.com/news/environment/2019/09/10/benefits-of-investing-in-climate-adaptation-far-outweigh-costs-global-commission/,tampabay.com,20190910T151500Z,English,United States
restoration of vegetated coastal ecosystems,mangrove restoration,"Investing in Climate Adaptation Saves Lives and Money , Commission Says",https://insideclimatenews.org/news/09102019/climate-change-adaptation-benefits-costs-international-commission-un-wri-figueres-gates,insideclimatenews.org,20190910T101500Z,English,United States
restoration of vegetated coastal ecosystems,mangrove restoration,Global Leaders Call for Urgent Action on Climate Adaptation,https://www.wri.org/news/2019/09/global-leaders-call-urgent-action-climate-adaptation,wri.org,20190910T004500Z,English,United States
restoration of vegetated coastal ecosystems,mangrove restoration,The future of Blue Carbon science,https://www.nature.com/articles/s41467-019-11693-w,nature.com,20190905T100000Z,English,United States
restoration of vegetated coastal ecosystems,mangrove restoration,5 Paris Agreement All - Stars to Watch,https://www.goodnet.org/articles/5-paris-agreement-allstars-to-watch,goodnet.org,20191029T094500Z,English,United States
restoration of vegetated coastal ecosystems,mangrove restoration,Volunteerism or voluntourism ? The ethical questions of student volunteering trips,https://www.dailytarheel.com/article/2019/10/give-volunteering-1024,dailytarheel.com,20191024T010000Z,English,United States
restoration of vegetated coastal ecosystems,mangrove restoration,"Advancing Coastal Risk Reduction Science and Implementation by Accounting for Climate , Ecosystems , and People | OpenChannels : Sustainable Ocean Management and Conservation",https://www.openchannels.org/literature/25951,openchannels.org,20191010T000000Z,English,United States
restoration of vegetated coastal ecosystems,mangrove restoration,"Mangroves , Climate Change , and Mobilization",https://www.nakedcapitalism.com/2019/10/mangroves-climate-change-and-mobilization.html,nakedcapitalism.com,20191008T000000Z,English,United States
restoration of vegetated coastal ecosystems,mangrove restoration,Remember the Byrd mangrove case in Jupiter ? Their planted trees arent growing - and that an issue - News - The Palm Beach Post,https://www.palmbeachpost.com/news/20191005/remember-byrd-mangrove-case-in-jupiter-their-planted-trees-arenrsquot-growing---and-thatrsquos-issue,palmbeachpost.com,20191006T234500Z,English,United States
restoration of vegetated coastal ecosystems,mangrove restoration,"GEF SGP Malaysia Grant for Locally Registered NGOs , CBOs , and CSOs",https://www2.fundsforngos.org/latest-funds-for-ngos/undps-youth-climate-innovation-programme-for-ngos-cbos-csos-in-malaysia/,fundsforngos.org,20191004T114500Z,English,United States
restoration of vegetated coastal ecosystems,mangrove restoration,"Deforestation Threatens the Mekong , but New Trees Are Growing in Surprising Places",https://www.wri.org/blog/2019/10/deforestation-threatens-mekong-new-trees-are-growing-surprising-places,wri.org,20191002T171500Z,English,United States
restoration of vegetated coastal ecosystems,mangrove restoration,The Gambia faces tall order to reform and expand fisheries sector,https://www.seafoodsource.com/news/supply-trade/the-gambia-faces-tall-order-to-reform-and-expand-fisheries-sector,seafoodsource.com,20191129T083000Z,English,United States
restoration of vegetated coastal ecosystems,mangrove restoration,KUOW - Mangroves Help Fight The Effects Of Climate Change . So Why Is Mumbai Destroying Them ?,https://kuow.org/stories/mangroves-help-fight-the-effects-of-climate-change-so-why-is-mumbai-destroying-them,kuow.org,20191126T021500Z,English,United States
restoration of vegetated coastal ecosystems,mangrove restoration,Mangroves Help Fight The Effects Of Climate Change . So Why Is Mumbai Destroying Them ? . News,https://www.opb.org/news/article/npr-mangroves-help-fight-the-effects-of-climate-change-so-why-is-mumbai-destroying-them/,opb.org,20191125T224500Z,English,United States
restoration of vegetated coastal ecosystems,mangrove restoration,Mangroves Help Fight The Effects Of Climate Change . So Why Is Mumbai Destroying Them ?,https://www.ktep.org/post/mangroves-help-fight-effects-climate-change-so-why-mumbai-destroying-them,ktep.org,20191125T204500Z,English,United States
restoration of vegetated coastal ecosystems,mangrove restoration,Mangroves Help Fight The Effects Of Climate Change . So Why Is Mumbai Destroying Them ?,https://www.bpr.org/post/mangroves-help-fight-effects-climate-change-so-why-mumbai-destroying-them,bpr.org,20191125T203000Z,English,United States
restoration of vegetated coastal ecosystems,mangrove restoration,Mangroves Help Fight The Effects Of Climate Change . So Why Is Mumbai Destroying Them ? – Nation & World News,https://www.wuft.org/nation-world/2019/11/25/mangroves-help-fight-the-effects-of-climate-change-so-why-is-mumbai-destroying-them/,wuft.org,20191125T194500Z,English,United States
restoration of vegetated coastal ecosystems,mangrove restoration,Mangroves Help Fight The Effects Of Climate Change . So Why Is Mumbai Destroying Them ?,https://www.southcarolinapublicradio.org/post/mangroves-help-fight-effects-climate-change-so-why-mumbai-destroying-them,southcarolinapublicradio.org,20191125T193000Z,English,United States
restoration of vegetated coastal ecosystems,mangrove restoration,Mangroves Help Fight The Effects Of Climate Change . So Why Is Mumbai Destroying Them ?,http://www.capradio.org/news/npr/story?storyid=781990792,capradio.org,20191125T191500Z,English,United States
restoration of vegetated coastal ecosystems,mangrove restoration,Mangroves Help Fight The Effects Of Climate Change . So Why Is Mumbai Destroying Them ?,https://www.wfdd.org/story/mangroves-help-fight-effects-climate-change-so-why-mumbai-destroying-them,wfdd.org,20191125T191500Z,English,United States
restoration of vegetated coastal ecosystems,mangrove restoration,Mumbai Disappearing Mangroves : A Weapon Against Climate Change Is Under Threat : Goats and Soda : NPR,https://www.npr.org/sections/goatsandsoda/2019/11/25/781990792/mangroves-help-fight-the-effects-of-climate-change-so-why-is-mumbai-destroying-t,npr.org,20191125T174500Z,English,United States
restoration of vegetated coastal ecosystems,mangrove restoration,Forces of Nature : Coastal Resilience Benefits of Mangroves in Jamaica,https://www.worldbank.org/en/region/lac/publication/forces-of-nature-coastal-resilience-benefits-of-mangroves-in-jamaica,worldbank.org,20191120T181500Z,English,United States
restoration of vegetated coastal ecosystems,mangrove restoration,"The Launch to raise funds for island conservation initiatives - CaptivaSanibel . com | Island Reporter , Captiva Current , Sanibel - Captiva Islander",http://www.captivasanibel.com/page/content.detail/id/589661/The-Launch-to-raise-funds-for-island-conservation-initiatives.html,captivasanibel.com,20191113T210000Z,English,United States
restoration of vegetated coastal ecosystems,mangrove restoration,"The Launch to raise funds for island conservation initiatives - CaptivaSanibel . com | Island Reporter , Captiva Current , Sanibel - Captiva Islander",http://sanibel-captiva-islander.com/page/content.detail/id/589661/The-Launch-to-raise-funds-for-island-conservation-initiatives.html,sanibel-captiva-islander.com,20191113T203000Z,English,United States
restoration of vegetated coastal ecosystems,mangrove restoration,Healthy mangroves help coral reef fisheries under climate stress,https://www.eurekalert.org/pub_releases/2019-11/uoq-hmh111219.php,eurekalert.org,20191113T191500Z,English,United States
restoration of vegetated coastal ecosystems,mangrove restoration,"The Launch to raise funds for island conservation initiatives - CaptivaSanibel . com | Island Reporter , Captiva Current , Sanibel - Captiva Islander",http://www.island-reporter.com/page/content.detail/id/589661/The-Launch-to-raise-funds-for-island-conservation-initiatives.html,island-reporter.com,20191113T183000Z,English,United States
restoration of vegetated coastal ecosystems,mangrove restoration,Healthy mangroves help coral reef fisheries under climate stress,https://phys.org/news/2019-11-healthy-mangroves-coral-reef-fisheries.html,phys.org,20191113T154500Z,English,United States
restoration of vegetated coastal ecosystems,mangrove restoration,Healthy mangroves help coral reef fisheries under climate stress,https://www.sciencedaily.com/releases/2019/11/191113092557.htm,sciencedaily.com,20191113T151500Z,English,United States
restoration of vegetated coastal ecosystems,mangrove restoration,Healthy mangroves help coral reef fisheries under climate stress,https://eurekalert.org/pub_releases/2019-11/uoq-hmh111219.php,eurekalert.org,20191113T144500Z,English,United States
restoration of vegetated coastal ecosystems,mangrove restoration,Kevin Fitzsimmons : Myanmar aquaculture potential on par with Thailand,https://www.seafoodsource.com/news/aquaculture/kevin-fitzsimmons-myanmar-s-aquaculture-potential-on-par-with-thailand,seafoodsource.com,20191111T150000Z,English,United States
restoration of vegetated coastal ecosystems,mangrove restoration,Bringing oceans into the climate fight,https://www.devex.com/news/bringing-oceans-into-the-climate-fight-96200,devex.com,20191219T130000Z,English,United States
restoration of vegetated coastal ecosystems,mangrove restoration,5 Reasons Nature Will Help Solve the Global Climate Crisis,https://www.nrdc.org/experts/carolina-herrera/5-reasons-nature-will-help-solve-global-climate-crisis,nrdc.org,20191212T030000Z,English,United States
restoration of vegetated coastal ecosystems,mangrove restoration,Coastal News Today |  The storms destroy our homes most year - how a Caribbean island with just 500 residents is tackling climate change,https://www.coastalnewstoday.com/post/the-storms-destroy-our-homes-most-years-how-a-caribbean-island-with-just-500-residents-is-tackling-climate-change,coastalnewstoday.com,20191208T234500Z,English,United States
restoration of vegetated coastal ecosystems,mangrove restoration,3Returns Blog,https://www.texasguardian.com/news/264505125/3returns-blog,texasguardian.com,20200401T134500Z,English,United States
restoration of vegetated coastal ecosystems,mangrove restoration,3Returns Blog,https://www.newyorktelegraph.com/news/264505125/3returns-blog,newyorktelegraph.com,20200401T133000Z,English,United States
restoration of vegetated coastal ecosystems,mangrove restoration,3Returns Blog,https://www.sandiegosun.com/news/264505125/3returns-blog,sandiegosun.com,20200401T113000Z,English,United States
restoration of vegetated coastal ecosystems,mangrove restoration,PRESS RELEASE | IPS Inter Press Service | News Agency | Journalism & Communication for Global Change,https://www.ipsnews.net/author/press-release/,ipsnews.net,20200327T223000Z,English,United States
restoration of vegetated coastal ecosystems,mangrove restoration,3Returns Blog | Inter Press Service,http://www.ipsnews.net/2020/03/3returns-blog/,ipsnews.net,20200320T160000Z,English,United States
restoration of vegetated coastal ecosystems,mangrove restoration,Coastal Blue Carbon From Planted Mangroves Holds Promise,https://goodmenproject.com/environment-2/coastal-blue-carbon-from-planted-mangroves-holds-promise/,goodmenproject.com,20200318T110000Z,English,United States
restoration of vegetated coastal ecosystems,mangrove restoration,Coastal News Today | FL - Army Corps of Engineers plans for storm resilience,https://www.coastalnewstoday.com/post/fl-army-corps-of-engineers-plans-for-storm-resilience,coastalnewstoday.com,20200313T060000Z,English,United States
restoration of vegetated coastal ecosystems,mangrove restoration,Protecting mangroves can prevent billions of dollars in global flooding damage every year,https://www.nationofchange.org/2020/03/11/protecting-mangroves-can-prevent-billions-of-dollars-in-global-flooding-damage-every-year/,nationofchange.org,20200311T173000Z,English,United States
restoration of vegetated coastal ecosystems,mangrove restoration,Protecting mangroves can prevent billions of dollars in global flooding damage every year,https://www.mysanantonio.com/news/article/Protecting-mangroves-can-prevent-billions-of-15119695.php,mysanantonio.com,20200311T034500Z,English,United States
restoration of vegetated coastal ecosystems,mangrove restoration,Protecting mangroves can prevent billions of dollars in global flooding damage every year,https://www.houstonchronicle.com/news/article/Protecting-mangroves-can-prevent-billions-of-15119695.php,houstonchronicle.com,20200311T023000Z,English,United States
restoration of vegetated coastal ecosystems,mangrove restoration,Protecting mangroves can prevent billions of dollars in global flooding damage every year,https://www.myjournalcourier.com/news/article/Protecting-mangroves-can-prevent-billions-of-15119695.php,myjournalcourier.com,20200311T004500Z,English,United States
restoration of vegetated coastal ecosystems,mangrove restoration,Protecting mangroves can prevent billions of dollars in global flooding damage every year,https://www.seattlepi.com/news/article/Protecting-mangroves-can-prevent-billions-of-15119695.php,seattlepi.com,20200311T003000Z,English,United States
restoration of vegetated coastal ecosystems,mangrove restoration,Protecting mangroves can prevent billions of dollars in global flooding damage every year,https://www.idahopress.com/opinion/conversation/protecting-mangroves-can-prevent-billions-of-dollars-in-global-flooding/article_e864f448-9ecd-560d-9416-4466963fb5b6.html,idahopress.com,20200310T161500Z,English,United States
restoration of vegetated coastal ecosystems,mangrove restoration,Protecting mangroves can prevent billions of dollars in global flooding damage every year,https://www.timesunion.com/news/article/Protecting-mangroves-can-prevent-billions-of-15119695.php,timesunion.com,20200310T154500Z,English,United States
restoration of vegetated coastal ecosystems,mangrove restoration,Protecting mangroves can prevent billions of dollars in global flooding damage every year,https://www.sfgate.com/news/article/Protecting-mangroves-can-prevent-billions-of-15119695.php,sfgate.com,20200310T154500Z,English,United States
restoration of vegetated coastal ecosystems,mangrove restoration,Protecting mangroves can prevent billions of dollars in global flooding damage every year,https://www.chron.com/news/article/Protecting-mangroves-can-prevent-billions-of-15119695.php,chron.com,20200310T153000Z,English,United States
restoration of vegetated coastal ecosystems,mangrove restoration,Protecting mangroves can prevent billions of dollars in global flooding damage every year,https://www.msn.com/en-us/weather/topstories/protecting-mangroves-can-prevent-billions-of-dollars-in-global-flooding-damage-every-year/ar-BB10ZAaj,msn.com,20200310T150000Z,English,United States
restoration of vegetated coastal ecosystems,mangrove restoration,Weyes Blood on Why She Focused Her Attention on Saving Our Oceans,https://www.thetelegraph.com/entertainment/article/Weyes-Blood-on-Why-She-s-Focused-Her-Attention-15231804.php,thetelegraph.com,20200428T191500Z,English,United States
restoration of vegetated coastal ecosystems,mangrove restoration,Weyes Blood Message on Climate Change,https://www.rollingstone.com/culture/culture-news/weyes-blood-natalie-mering-climate-change-981789/,rollingstone.com,20200428T191500Z,English,United States
restoration of vegetated coastal ecosystems,mangrove restoration,Weyes Blood on Why She Focused Her Attention on Saving Our Oceans,https://www.sfgate.com/entertainment/article/Weyes-Blood-on-Why-She-s-Focused-Her-Attention-15231804.php,sfgate.com,20200428T184500Z,English,United States
restoration of vegetated coastal ecosystems,mangrove restoration,"Together , We Can Save the Mangroves",https://www.smithsonianmag.com/blogs/national-museum-of-natural-history/2020/04/22/together-we-can-save-mangroves/,smithsonianmag.com,20200422T110000Z,English,United States
restoration of vegetated coastal ecosystems,mangrove restoration,Coronavirus could delay major projects | Sarasota,https://www.yourobserver.com/article/coronavirus-the-bay-sarasota-selby-gardens,yourobserver.com,20200416T200000Z,English,United States
restoration of vegetated coastal ecosystems,mangrove restoration,Five trees or a latte ? Coastal communities seek crowdfunding for mangroves | Life,https://www.malaymail.com/news/life/2020/04/07/five-trees-or-a-latte-coastal-communities-seek-crowdfunding-for-mangroves/1854490,malaymail.com,20200407T164500Z,English,United States
restoration of vegetated coastal ecosystems,mangrove restoration,Five trees or a latte ? Coastal communities seek crowdfunding for mangroves,https://www.reuters.com/article/us-asia-environment-mangroves-trfn/five-trees-or-a-latte-coastal-communities-seek-crowdfunding-for-mangroves-idUSKBN21P1YX,reuters.com,20200407T144500Z,English,United States
restoration of vegetated coastal ecosystems,mangrove restoration,Alexandra Cousteau Oceans 2050 Announces Landmark Study Concluding That Marine Life Can Be Rebuilt By 2050 – Press Releases on CSRwire . com,https://www.csrwire.com/press_releases/44435-Alexandra-Cousteau-s-Oceans-2050-Announces-Landmark-Study-Concluding-That-Marine-Life-Can-Be-Rebuilt-By-2050,csrwire.com,20200403T213000Z,English,United States
restoration of vegetated coastal ecosystems,mangrove restoration,Why protecting soil carbon is a win - win for farmers and the planet,https://www.greenbiz.com/article/why-protecting-soil-carbon-win-win-farmers-and-planet,greenbiz.com,20200402T103000Z,English,United States
restoration of vegetated coastal ecosystems,mangrove restoration,Economy & Trade | IPS Inter Press Service | News Agency | Journalism & Communication for Global Change,https://www.ipsnews.net/news/economy-trade/,ipsnews.net,20200402T070000Z,English,United States
restoration of vegetated coastal ecosystems,mangrove restoration,3Returns Blog,https://www.texasguardian.com/news/264505125/3returns-blog,texasguardian.com,20200401T134500Z,English,United States
restoration of vegetated coastal ecosystems,mangrove restoration,3Returns Blog,https://www.newyorktelegraph.com/news/264505125/3returns-blog,newyorktelegraph.com,20200401T133000Z,English,United States
restoration of vegetated coastal ecosystems,mangrove restoration,3Returns Blog,https://www.sandiegosun.com/news/264505125/3returns-blog,sandiegosun.com,20200401T113000Z,English,United States
restoration of vegetated coastal ecosystems,mangrove restoration,3 Steps to Scaling Up Nature - Based Solutions for Climate Adaptation,https://thecityfix.com/blog/3-steps-scaling-nature-based-solutions-climate-adaptation-jonathan-cook/,thecityfix.com,20200526T081500Z,English,United States
restoration of vegetated coastal ecosystems,mangrove restoration,3 Steps to Scaling Up Nature - Based Solutions for Climate Adaptation,https://www.wri.org/blog/2020/05/3-steps-scaling-nature-based-solutions-climate-adaptation,wri.org,20200521T163000Z,English,United States
restoration of vegetated coastal ecosystems,mangrove restoration,Planting trees is no panacea for climate change,https://scienceblog.com/516253/planting-trees-is-no-panacea-for-climate-change/,scienceblog.com,20200511T183000Z,English,United States
restoration of vegetated coastal ecosystems,mangrove restoration,Can planting a trillion trees reverse the damage of climate change ?,https://www.treehugger.com/climate-change/can-planting-trillion-trees-reverse-damage-climate-change.html,treehugger.com,20200508T014500Z,English,United States
restoration of vegetated coastal ecosystems,mangrove restoration,Planting trees is no panacea for climate change : Campaigns to plant 1 trillion trees must be undertaken with care and a commitment to long - term management,https://www.sciencedaily.com/releases/2020/05/200507143008.htm,sciencedaily.com,20200508T011500Z,English,United States
restoration of vegetated coastal ecosystems,mangrove restoration,"Planting trees is no panacea for climate change , ecologist writes in Science commentary",https://phys.org/news/2020-05-trees-panacea-climate-ecologist-science.html,phys.org,20200507T190000Z,English,United States
restoration of vegetated coastal ecosystems,mangrove restoration,"Planting trees is no panacea for climate change , ecologist writes in Science commentary",https://www.eurekalert.org/pub_releases/2020-05/uoc--pti050120.php,eurekalert.org,20200507T183000Z,English,United States
restoration of vegetated coastal ecosystems,mangrove restoration,"3 keys for scaling nature - based solutions for climate adaptation | A Green Living Blog - Go Green , Green Home , Green Energy",http://agreenliving.org/3-keys-for-scaling-nature-based-solutions-for-climate-adaptation/,agreenliving.org,20200617T194500Z,English,United States
restoration of vegetated coastal ecosystems,mangrove restoration,3 keys for scaling nature - based solutions for climate adaptation,https://www.greenbiz.com/article/3-keys-scaling-nature-based-solutions-climate-adaptation,greenbiz.com,20200617T080000Z,English,United States
restoration of vegetated coastal ecosystems,mangrove restoration,Storm - Proofing Miami Could Cost 4 . 6 Billion Dollars,http://www.natureworldnews.com/articles/43926/20200616/storm-proofing-miami-cost-4-6-billion-dollars.htm,natureworldnews.com,20200616T163000Z,English,United States
restoration of vegetated coastal ecosystems,mangrove restoration,Florida City Hit with $2 . 1M Fine Over Sewage Spills,https://www.insurancejournal.com/news/southeast/2020/06/15/572284.htm,insurancejournal.com,20200615T184500Z,English,United States
restoration of vegetated coastal ecosystems,mangrove restoration,Fort Lauderdale to pay $2 . 1M fine after sewage spills,https://www.nbc-2.com/story/42246789/fort-lauderdale-to-pay-dollar21m-fine-after-sewage-spills,nbc-2.com,20200615T124500Z,English,United States
restoration of vegetated coastal ecosystems,mangrove restoration,Fort Lauderdale hit with $2 . 1M fine over sewage spills :: WRAL . com,https://www.wral.com/fort-lauderdale-hit-with-2-1m-fine-over-sewage-spills/19143448/,wral.com,20200614T103000Z,English,United States
restoration of vegetated coastal ecosystems,mangrove restoration,Fort Lauderdale hit with $2 . 1M fine over sewage spills,https://www.mrt.com/news/article/Fort-Lauderdale-hit-with-2-1M-fine-over-sewage-15338066.php,mrt.com,20200614T044500Z,English,United States
restoration of vegetated coastal ecosystems,mangrove restoration,Fort Lauderdale Hit With $2 . 1M Fine Over Sewage Spills,https://www.nbcmiami.com/news/local/fort-lauderdale-hit-with-2-1m-fine-over-sewage-spills/2248381/,nbcmiami.com,20200613T204500Z,English,United States
restoration of vegetated coastal ecosystems,mangrove restoration,Fort Lauderdale hit with $2 . 1M fine over sewage spills,https://www.clickorlando.com/news/florida/2020/06/13/fort-lauderdale-hit-with-21m-fine-over-sewage-spills/,clickorlando.com,20200613T201500Z,English,United States
restoration of vegetated coastal ecosystems,mangrove restoration,Fort Lauderdale hit with $2 . 1M fine over sewage spills,https://www.washingtontimes.com/news/2020/jun/13/fort-lauderdale-hit-with-21m-fine-over-sewage-spil/,washingtontimes.com,20200613T174500Z,English,United States
restoration of vegetated coastal ecosystems,mangrove restoration,Fort Lauderdale hit with $2 . 1M fine over sewage spills,https://www.chron.com/news/article/Fort-Lauderdale-hit-with-2-1M-fine-over-sewage-15338066.php,chron.com,20200613T174500Z,English,United States
restoration of vegetated coastal ecosystems,mangrove restoration,Fort Lauderdale hit with $2 . 1M fine over sewage spills,https://wsvn.com/news/local/fort-lauderdale-hit-with-2-1m-fine-over-sewage-spills/,wsvn.com,20200613T170000Z,English,United States
restoration of vegetated coastal ecosystems,mangrove restoration,Fort Lauderdale hit with $2 . 1M fine over sewage spills,https://www.sfgate.com/news/article/Fort-Lauderdale-hit-with-2-1M-fine-over-sewage-15338066.php,sfgate.com,20200613T170000Z,English,United States
restoration of vegetated coastal ecosystems,mangrove restoration,State increases sewage fine to Fort Lauderdale to $2 . 1 million the largest penalty in state history,http://www.orlandosentinel.com/news/florida/fl-ne-sewage-spill-florida-action-20200613-eqwnkaf6avcgjeacphtzrhht4y-story.html,orlandosentinel.com,20200613T143000Z,English,United States
restoration of vegetated coastal ecosystems,mangrove restoration,State increases sewage fine to Fort Lauderdale to $2 . 1 million the largest penalty in state history,http://www.sun-sentinel.com/local/broward/fort-lauderdale/fl-ne-sewage-spill-florida-action-20200612-eqwnkaf6avcgjeacphtzrhht4y-story.html,sun-sentinel.com,20200612T211500Z,English,United States
restoration of vegetated coastal ecosystems,mangrove restoration,The Environmental Crisis Is a Social Crisis : How Activism Is Made Sustainable,https://www.theinertia.com/environment/the-environmental-crisis-is-a-social-crisis-how-activism-is-made-sustainable/,theinertia.com,20200608T211500Z,English,United States
restoration of vegetated coastal ecosystems,mangrove restoration,Sandals Foundation Reaffirms Environmental Commitment - The St Kitts Nevis Observer,https://www.thestkittsnevisobserver.com/sandals-foundation-reaffirms-environmental-commitment/,thestkittsnevisobserver.com,20200608T120000Z,English,United States
restoration of vegetated coastal ecosystems,mangrove restoration,Mangroves Wont Survive Sea - Level Rise If Emissions Arent Cut,https://www.courthousenews.com/mangroves-wont-survive-sea-level-rise-if-emissions-arent-cut/,courthousenews.com,20200605T190000Z,English,United States
restoration of vegetated coastal ecosystems,mangrove restoration,Green teens : Students find passion and purpose in learning about the environment,https://www.msn.com/en-us/news/us/green-teens-students-find-passion-and-purpose-in-learning-about-the-environment/ar-BB154MXW,msn.com,20200605T101500Z,English,United States
restoration of vegetated coastal ecosystems,mangrove restoration,Wildlife Habitat Council Conservation certifies Argos Savannah and Martinsburg plants,https://www.worldcement.com/the-americas/01092020/wildlife-habitat-council-conservation-certifies-argos-savannah-and-martinsburg-plants/,worldcement.com,20200901T084500Z,English,United States
restoration of vegetated coastal ecosystems,mangrove restoration,WWF welcomes the 2020 class of conservation leaders,https://www.worldwildlife.org/stories/wwf-welcomes-the-2020-class-of-conservation-leaders,worldwildlife.org,20200827T140000Z,English,United States
restoration of vegetated coastal ecosystems,mangrove restoration,Keep Lee County Beautiful Aids in Mangrove Restoration,http://www.justmeans.com/blog/keep-lee-county-beautiful-aids-in-mangrove-restoration,justmeans.com,20200824T230000Z,English,United States
restoration of vegetated coastal ecosystems,mangrove restoration,Keep Lee County Beautiful Mangrove Restoration,https://www.3blmedia.com/News/Keep-Lee-County-Beautiful-Aids-Mangrove-Restoration,3blmedia.com,20200824T184500Z,English,United States
restoration of vegetated coastal ecosystems,mangrove restoration,Mesoamerican Reef Fund announces Belize Marine Fund,https://www2.fundsforngos.org/latest-funds-for-ngos/mesoamerican-reef-fund-announces-belize-marine-fund/,fundsforngos.org,20200819T124500Z,English,United States
restoration of vegetated coastal ecosystems,mangrove restoration,Urban Parks Can Increase Social Equity | World Resources Institute,https://www.wri.org/blog/2020/09/green-space-social-equity-cities,wri.org,20200929T201500Z,English,United States
restoration of vegetated coastal ecosystems,mangrove restoration,6 Keys to Turn Coastal Resilience Plans into Action,https://thecityfix.com/blog/6-keys-to-turn-coastal-resilience-plans-into-action-stefanie-tye-jacob-waslander-nadia-peimbert-rappaport/,thecityfix.com,20200929T093000Z,English,United States
restoration of vegetated coastal ecosystems,mangrove restoration,Saving People and Mangroves on Sierra Leone Coast,https://www.marketwatch.com/press-release/saving-people-and-mangroves-on-sierra-leones-coast-2020-09-23,marketwatch.com,20200925T213000Z,English,United States
restoration of vegetated coastal ecosystems,mangrove restoration,Frontiers | Blue Restoration – Building Confidence and Overcoming Barriers,https://www.frontiersin.org/articles/10.3389/fmars.2020.541700/full,frontiersin.org,20200925T084500Z,English,United States
restoration of vegetated coastal ecosystems,mangrove restoration,"Chanel ( Yes , That Chanel ) Is Bringing Solar Power to Low - Income Communities in California",https://www.instyle.com/news/chanel-sunrun-partnership-solar-energy-california,instyle.com,20200924T003000Z,English,United States
restoration of vegetated coastal ecosystems,mangrove restoration,Chanel Is Pledging $35 Million for Solar Power for Low - Income Communities in California,https://www.vogue.com/article/chanel-sunrun-solar-power-clean-energy-initiative-california,vogue.com,20200923T194500Z,English,United States
restoration of vegetated coastal ecosystems,mangrove restoration,Saving People and Mangroves on Sierra Leone Coast – Press Releases on CSRwire . com,https://www.csrwire.com/press_releases/45823-Saving-People-and-Mangroves-on-Sierra-Leone-s-Coast,csrwire.com,20200923T123000Z,English,United States
restoration of vegetated coastal ecosystems,mangrove restoration,Blue Recovery Post - COVID - 19 | World Resources Institute,https://www.wri.org/blog/2020/coronavirus-ocean-blue-recovery,wri.org,20200916T013000Z,English,United States
restoration of vegetated coastal ecosystems,mangrove restoration,6 Keys to Turn Coastal Resilience Plans into Action,https://www.wri.org/blog/2020/09/6-keys-turn-coastal-resilience-plans-action,wri.org,20200915T203000Z,English,United States
restoration of vegetated coastal ecosystems,mangrove restoration,U . N . says global goals to protect nature need women to succeed,https://www.reuters.com/article/us-global-nature-women-trfn/u-n-says-global-goals-to-protect-nature-need-women-to-succeed-idUSKBN266348,reuters.com,20200915T193000Z,English,United States
restoration of vegetated coastal ecosystems,mangrove restoration,U . N . says global goals to protect nature need women to succeed,https://www.msn.com/en-us/news/us/un-says-global-goals-to-protect-nature-need-women-to-succeed/ar-BB194jKb,msn.com,20200915T191500Z,English,United States
restoration of vegetated coastal ecosystems,mangrove restoration,wild shores of singapore : 26 Sep ( Sat ): Talk on  Working with nature to restore our mangroves,https://wildshores.blogspot.com/2020/09/26-sep-sat-talk-on-working-with-nature.html,wildshores.blogspot.com,20200914T044500Z,English,United States
restoration of vegetated coastal ecosystems,mangrove restoration,Martinez named to lead Virginia Natural Resources Conservation Service : Augusta Free Press,https://augustafreepress.com/martinez-named-to-lead-virginia-natural-resources-conservation-service/,augustafreepress.com,20200914T003000Z,English,United States
restoration of vegetated coastal ecosystems,mangrove restoration,What month is it ? Pandemic scrambles the travel calendar,http://www.orlandosentinel.com/travel/travel-news/sns-nyt-pandemic-scrambles-travel-calendar-20200912-ltfpevrjvvg4fb34uz24osnoui-story.html,orlandosentinel.com,20200913T061500Z,English,United States
restoration of vegetated coastal ecosystems,mangrove restoration,What month is it ? Pandemic scrambles the travel calendar,http://www.baltimoresun.com/travel/travel-news/sns-nyt-pandemic-scrambles-travel-calendar-20200912-ltfpevrjvvg4fb34uz24osnoui-story.html,baltimoresun.com,20200913T003000Z,English,United States
restoration of vegetated coastal ecosystems,mangrove restoration,What month is it ? Pandemic scrambles the travel calendar,http://www.chicagotribune.com/travel/sns-nyt-pandemic-scrambles-travel-calendar-20200912-ltfpevrjvvg4fb34uz24osnoui-story.html,chicagotribune.com,20200912T140000Z,English,United States
restoration of vegetated coastal ecosystems,mangrove restoration,What Month Is It ? Pandemic Scrambles the Travel Calendar,https://www.nytimes.com/2020/09/08/travel/fall-resorts-coronavirus.html,nytimes.com,20200908T100000Z,English,United States
restoration of vegetated coastal ecosystems,mangrove restoration,Offshore wind test turbines to power Apple data centre,https://www.windpowermonthly.com/article/1693703/offshore-wind-test-turbines-power-apple-data-centre,windpowermonthly.com,20200907T193000Z,English,United States
restoration of vegetated coastal ecosystems,mangrove restoration,Wildlife Habitat Council Conservation certifies Argos Savannah and Martinsburg plants,https://www.worldcement.com/the-americas/01092020/wildlife-habitat-council-conservation-certifies-argos-savannah-and-martinsburg-plants/,worldcement.com,20200901T084500Z,English,United States
restoration of vegetated coastal ecosystems,mangrove restoration,"Florida has plans to address coastal flooding , but they lack natural solutions",http://blogs.edf.org/growingreturns/2020/10/28/florida-plans-flooding-natural-solution-coasts/,blogs.edf.org,20201028T170000Z,English,United States
restoration of vegetated coastal ecosystems,mangrove restoration,"Selling carbon credits to fund MPAs , Part 2 : Could MPAs sell credits based on their fish stocks ?",https://mpanews.openchannels.org/news/mpa-news/selling-carbon-credits-fund-mpas-part-2-could-mpas-sell-credits-based-their-fish,mpanews.openchannels.org,20201007T164500Z,English,United States
restoration of vegetated coastal ecosystems,mangrove restoration,Urban Parks Can Increase Social Equity,https://thecityfix.com/blog/green-space-an-underestimated-tool-to-create-more-equal-cities/,thecityfix.com,20201005T081500Z,English,United States
restoration of vegetated coastal ecosystems,mangrove restoration,Environmental Coordinator Position in Beautiful Surf Town in Brazil ( + Free Internship Available ),https://www.idealist.org/en/volunter-opportunity/9df78237a9434df597f6805d0276a7c9-environmental-coordinator-position-in-beautiful-surf-town-in-brazil-free-internship-available-etiv-do-brasil-itacare,idealist.org,20201002T093000Z,English,United States
restoration of vegetated coastal ecosystems,mangrove restoration,Working With Nature Is The Best Way To Tackle The Impacts Of Climate Change,https://www.forbes.com/sites/mikescott/2020/12/24/working-with-nature-is-the-best-way-to-tackle-climate-change-impacts/,forbes.com,20201224T153000Z,English,United States
restoration of vegetated coastal ecosystems,mangrove restoration,"Coastal Watch launches new mangrove initiative | News , Sports , Jobs - SANIBEL - CAPTIVA - Island Reporter , Islander and Current",https://www.captivasanibel.com/2020/12/23/coastal-watch-launches-new-mangrove-initiative/,captivasanibel.com,20201223T183000Z,English,United States
restoration of vegetated coastal ecosystems,mangrove restoration,Minh Phu next big bet is on organic black tiger shrimp,https://www.seafoodsource.com/news/supply-trade/minh-phu-s-next-big-bet-is-on-organic-black-tiger-shrimp,seafoodsource.com,20201223T150000Z,English,United States
restoration of vegetated coastal ecosystems,mangrove restoration,BP invests and gets majority stake in US forest offset firm Finite Carbon,https://www.greenbiz.com/article/bp-invests-and-gets-majority-stake-us-forest-offset-firm-finite-carbon,greenbiz.com,20201222T101500Z,English,United States
restoration of vegetated coastal ecosystems,mangrove restoration,Colombia Cartagena seeks to clean up corruption blocking climate plans,https://uk.reuters.com/article/us-climate-change-colombia-hurricane-int/colombias-cartagena-seeks-to-clean-up-corruption-blocking-climate-plans-idUSKBN28B5XY,uk.reuters.com,20201216T094500Z,English,United States
restoration of vegetated coastal ecosystems,mangrove restoration,"Jamaica kicks off new climate plan , undeterred by pandemic and floods",https://www.reuters.com/article/climate-change-jamaica-politics-idUSKBN28L21K,reuters.com,20201211T191500Z,English,United States
restoration of vegetated coastal ecosystems,mangrove restoration,"Jamaica kicks off new climate plan , undeterred by pandemic and floods",https://www.reuters.com/article/climate-change-jamaica-politics/jamaica-kicks-off-new-climate-plan-undeterred-by-pandemic-and-floods-idUSKBN28L21K,reuters.com,20201211T181500Z,English,United States
restoration of vegetated coastal ecosystems,mangrove restoration,"FEATURE - Jamaica kicks off new climate plan , undeterred by pandemic and floods",https://in.reuters.com/article/climate-change-jamaica-politics/feature-jamaica-kicks-off-new-climate-plan-undeterred-by-pandemic-and-floods-idINL8N2IN25T,in.reuters.com,20201211T181500Z,English,United States
restoration of vegetated coastal ecosystems,mangrove restoration,Java Protective Mangroves Smothered by Plastic Waste,https://www.labmanager.com/news/javas-protective-mangroves-smothered-by-plastic-waste-24587,labmanager.com,20201208T154500Z,English,United States
restoration of vegetated coastal ecosystems,mangrove restoration,Java protective mangroves smothered by plastic waste,https://phys.org/news/2020-12-java-mangroves-smothered-plastic.html,phys.org,20201207T170000Z,English,United States
restoration of vegetated coastal ecosystems,mangrove restoration,Java protective mangroves smothered by plastic waste,https://www.eurekalert.org/pub_releases/2020-12/rnif-jpm120720.php,eurekalert.org,20201207T154500Z,English,United States
restoration of vegetated coastal ecosystems,mangrove restoration,Colombia Cartagena seeks to clean up corruption blocking climate plans,https://www.reuters.com/article/us-climate-change-colombia-hurricane-int-idUSKBN28B5XY,reuters.com,20201201T184500Z,English,United States
restoration of vegetated coastal ecosystems,mangrove restoration,INTERVIEW - Colombia Cartagena seeks to clean up corruption blocking climate plans,https://www.msn.com/en-us/news/world/interview-colombias-cartagena-seeks-to-clean-up-corruption-blocking-climate-plans/ar-BB1bx5zg,msn.com,20201201T181500Z,English,United States
restoration of vegetated coastal ecosystems,mangrove restoration,New U . N . Report Highlights Need to Step Up Climate Change Adaptation,https://blogs.ei.columbia.edu/2021/01/21/report-climate-change-adaptation/,blogs.ei.columbia.edu,20210121T174500Z,English,United States
restoration of vegetated coastal ecosystems,mangrove restoration,IMF - International Monetary Fund ( via Public ) / Remarks by Managing Director on Green Recovery at CELAC,http://www.publicnow.com/view/BBD8F418C22A733991357D730A6E9F753EB4AC62,publicnow.com,20210117T191500Z,English,United States
restoration of vegetated coastal ecosystems,mangrove restoration,New mangrove forest mapping tool puts conservation in reach of coastal communities,https://phys.org/news/2021-01-mangrove-forest-tool-coastal.html,phys.org,20210115T144500Z,English,United States
restoration of vegetated coastal ecosystems,mangrove restoration,"Little by little , India restores its lost mangroves",https://blogs.worldbank.org/endpovertyinsouthasia/little-little-india-restores-its-lost-mangroves,blogs.worldbank.org,20210112T030000Z,English,United States
restoration of vegetated coastal ecosystems,mangrove restoration,Commercial Bank of Ceylon plc ( via Public ) / ComBank wins 4 at Best Corporate Citizen Sustainability Awards,http://www.publicnow.com/view/B8490D136E6EB3A160C8CDE4245D74B78A125046,publicnow.com,20210331T050000Z,English,United States
restoration of vegetated coastal ecosystems,mangrove restoration,Coastal News Today | Indo - Four strategies for a blue economy in Indonesia : Reflections from the Oceans for Prosperity report,https://www.coastalnewstoday.com/post/indo-four-strategies-for-a-blue-economy-in-indonesia-reflections-from-the-oceans-for-prosperity-report,coastalnewstoday.com,20210327T070000Z,English,United States
restoration of vegetated coastal ecosystems,mangrove restoration,Four questions CEOs must ask and answer to reach net zero,https://www.weforum.org/agenda/2021/03/4-questions-ceos-must-ask-this-year-to-reach-net-zero/,weforum.org,20210325T134500Z,English,United States
restoration of vegetated coastal ecosystems,mangrove restoration,Four strategies for a blue economy in Indonesia : Reflections from the Oceans for Prosperity report,https://blogs.worldbank.org/eastasiapacific/four-strategies-blue-economy-indonesia-reflections-oceans-prosperity-report,blogs.worldbank.org,20210325T034500Z,English,United States
restoration of vegetated coastal ecosystems,mangrove restoration,"Coastal Watch celebrates successful initiative launch | News , Sports , Jobs - SANIBEL - CAPTIVA",https://www.captivasanibel.com/2021/03/24/coastal-watch-celebrates-successful-initiative-launch/,captivasanibel.com,20210324T201500Z,English,United States
restoration of vegetated coastal ecosystems,mangrove restoration,Commentary : Planting trees is a safe climate action but are its benefits inflated ?,https://www.channelnewsasia.com/news/commentary/planting-trees-safe-climate-change-action-benefits-environment-14288014,channelnewsasia.com,20210305T224500Z,English,United States
restoration of vegetated coastal ecosystems,mangrove restoration,"Registration open for  Back to Our Root workshop | News , Sports , Jobs - SANIBEL - CAPTIVA - Island Reporter , Islander and Current",https://www.captivasanibel.com/2021/03/03/registration-open-for-back-to-our-roots-workshop/,captivasanibel.com,20210303T213000Z,English,United States
restoration of vegetated coastal ecosystems,mangrove restoration,Rimba Raya Biodiversity Reserve Collaborates to Restore Mangrove Forests in Seruyan,http://enterpriseapps.itbusinessnet.com/2021/03/rimba-raya-biodiversity-reserve-collaborates-to-restore-mangrove-forests-in-seruyan-2/,enterpriseapps.itbusinessnet.com,20210301T064500Z,English,United States
restoration of vegetated coastal ecosystems,mangrove restoration,Rimba Raya Biodiversity Reserve Collaborates to Restore Mangrove Forests in Seruyan,http://enterpriseapps.itbusinessnet.com/2021/03/rimba-raya-biodiversity-reserve-collaborates-to-restore-mangrove-forests-in-seruyan/,enterpriseapps.itbusinessnet.com,20210301T064500Z,English,United States
restoration of vegetated coastal ecosystems,mangrove restoration,"ANALYSIS - Kindled by 2015 fires , Indonesia thinks big on forest protection",https://www.reuters.com/article/indonesia-climate-forests-idUSL4N2MK17W,reuters.com,20210430T013000Z,English,United States
restoration of vegetated coastal ecosystems,mangrove restoration,"ANALYSIS - Kindled by 2015 fires , Indonesia thinks big on forest protection",https://www.msn.com/en-us/news/world/analysis-kindled-by-2015-fires-indonesia-thinks-big-on-forest-protection/ar-BB1gciEm,msn.com,20210430T003000Z,English,United States
restoration of vegetated coastal ecosystems,mangrove restoration,"ANALYSIS - Kindled by 2015 fires , Indonesia thinks big on ...",https://news.trust.org/item/20210429225418-ahvod,news.trust.org,20210430T003000Z,English,United States
restoration of vegetated coastal ecosystems,mangrove restoration,Blue Carbon  credits can help restore ecosystems,https://www.wiredprnews.com/blue-carbon-credits-can-help-restore-ecosystems/,wiredprnews.com,20210424T154500Z,English,United States
restoration of vegetated coastal ecosystems,mangrove restoration,Protect biodiversity to fight climate change - The Washington Post,https://www.washingtonpost.com/climate-solutions/2021/04/22/earth-day-biodiversity/,washingtonpost.com,20210422T114500Z,English,United States
restoration of vegetated coastal ecosystems,mangrove restoration,Restoring natural habitat is critical,https://theeagle.com/opinion/columnists/restoring-natural-habitat-is-critical/article_65bfb1f0-a302-11eb-9283-4f43f7c2ae3f.html,theeagle.com,20210422T064500Z,English,United States
restoration of vegetated coastal ecosystems,mangrove restoration,These 10 amazing hotels have incredible conservation projects,https://www.10best.com/interests/hotels-resorts/10-amazing-hotels-conservation-projects-sustainable/,10best.com,20210422T044500Z,English,United States
restoration of vegetated coastal ecosystems,mangrove restoration,How to save beaches and coastlines from climate change disasters,https://phys.org/news/2021-04-beaches-coastlines-climate-disasters.html,phys.org,20210416T173000Z,English,United States
restoration of vegetated coastal ecosystems,mangrove restoration,How to save beaches and coastlines from climate change disasters,https://www.newsday.com/opinion/commentary/save-beaches-and-coastlines-climate-change-erosion-natural-defenses-coral-reefs-mangroves-storms-1.50215989,newsday.com,20210415T200000Z,English,United States
restoration of vegetated coastal ecosystems,mangrove restoration,How to Save the Coastlines from Climate Change Disasters,https://www.govtech.com/em/How-to-Save-the-Coastlines-from-Climate-Change-Disasters-.html,govtech.com,20210415T181500Z,English,United States
restoration of vegetated coastal ecosystems,mangrove restoration,Coastal News Today | united states - Op - Ed : How to save beaches and coastlines from climate change disasters,https://www.coastalnewstoday.com/post/usa-op-ed-how-to-save-beaches-and-coastlines-from-climate-change-disasters,coastalnewstoday.com,20210412T031500Z,English,United States
restoration of vegetated coastal ecosystems,mangrove restoration,Second Opinion : How to save coastlines and beaches from climate change disasters,https://www.msn.com/en-us/weather/topstories/second-opinion-how-to-save-coastlines-and-beaches-from-climate-change-disasters/ar-BB1fwOc1,msn.com,20210411T110000Z,English,United States
restoration of vegetated coastal ecosystems,mangrove restoration,Op - Ed : How to save coastlines from climate change disasters,https://www.latimes.com/opinion/story/2021-04-11/reefs-wetlands-mangrove-coastline-defense-restoration,latimes.com,20210411T104500Z,English,United States
restoration of vegetated coastal ecosystems,mangrove restoration,ComBank wins four at Best Corporate Citizen Sustainability Awards,https://www.msn.com/en-xl/asia/srilanka/combank-wins-four-at-best-corporate-citizen-sustainability-awards/ar-BB1frK1A,msn.com,20210408T231500Z,English,United States
restoration of vegetated coastal ecosystems,mangrove restoration,"With stories and puppets , environmentalist battles to save Indonesia mangroves",https://www.reuters.com/article/us-indonesia-environment-mangrove-idUKKBN2BS02N,reuters.com,20210405T094500Z,English,United States
restoration of vegetated coastal ecosystems,mangrove restoration,"With stories and puppets , environmentalist battles to save Indonesia mangroves",https://www.reuters.com/article/idUSKBN2BS02N,reuters.com,20210405T054500Z,English,United States
restoration of vegetated coastal ecosystems,mangrove restoration,"With stories and puppets , environmentalist battles to save Indonesia mangroves",https://www.reuters.com/article/indonesia-environment-mangrove/with-stories-and-puppets-environmentalist-battles-to-save-indonesias-mangroves-idUSL4N2LM22M,reuters.com,20210405T043000Z,English,United States
restoration of vegetated coastal ecosystems,mangrove restoration,"With stories and puppets , environmentalist battles to save Indonesia mangroves",https://www.metro.us/with-stories-and-puppets/,metro.us,20210405T041500Z,English,United States
restoration of vegetated coastal ecosystems,mangrove restoration,"With stories and puppets , environmentalist battles to save Indonesia mangroves",https://www.channelnewsasia.com/news/asia/indonesia-save-mangrove-environment-education-stories-puppets-14558740,channelnewsasia.com,20210405T041500Z,English,United States
restoration of vegetated coastal ecosystems,mangrove restoration,"With stories and puppets , environmentalist battles to save Indonesia mangroves | Life",https://www.malaymail.com/news/life/2021/04/05/with-stories-and-puppets-environmentalist-battles-to-save-indonesias-mangro/1963862,malaymail.com,20210405T040000Z,English,United States
restoration of vegetated coastal ecosystems,mangrove restoration,"With stories and puppets , environmentalist battles to save Indonesia mangroves | Kat Country 98 . 9",https://katcountry989.com/2021/04/04/with-stories-and-puppets-environmentalist-battles-to-save-indonesias-mangroves/,katcountry989.com,20210405T031500Z,English,United States
restoration of vegetated coastal ecosystems,mangrove restoration,"With stories and puppets , environmentalist battles to save Indonesia mangroves",http://www.msn.com/en-nz/news/world/with-stories-and-puppets-environmentalist-battles-to-save-indonesia-s-mangroves/ar-BB1fiQRE,msn.com,20210405T031500Z,English,United States
restoration of vegetated coastal ecosystems,mangrove restoration,"With stories and puppets , environmentalist battles to save Indonesia mangroves",https://www.reuters.com/www.reuters.com/article/us-indonesia-environment-mangrove/with-stories-and-puppets-environmentalist-battles-to-save-indonesias-mangroves-idUSKBN2BS02N,reuters.com,20210405T030000Z,English,United States
restoration of vegetated coastal ecosystems,mangrove restoration,"With stories and puppets , environmentalist battles to save Indonesia mangroves",https://www.reuters.com/article/us-indonesia-environment-mangrove/with-stories-and-puppets-environmentalist-battles-to-save-indonesias-mangroves-idUSKBN2BS02N,reuters.com,20210405T024500Z,English,United States
restoration of vegetated coastal ecosystems,mangrove restoration,"With stories and puppets , environmentalist battles to save ...",https://news.trust.org/item/20210404235518-0gwl4,news.trust.org,20210405T024500Z,English,United States
restoration of vegetated coastal ecosystems,mangrove restoration,"With stories and puppets , environmentalist battles to save Indonesia mangroves",https://wdsm710.com/2021/04/04/with-stories-and-puppets-environmentalist-battles-to-save-indonesias-mangroves/,wdsm710.com,20210405T023000Z,English,United States
restoration of vegetated coastal ecosystems,mangrove restoration,"With stories and puppets , environmentalist battles to save Indonesia mangroves",https://www.reuters.com/article/us-indonesia-environment-mangrove-idUSKBN2BS02N,reuters.com,20210405T020000Z,English,United States
restoration of vegetated coastal ecosystems,mangrove restoration,"With stories and puppets , environmentalist battles to save Indonesia mangroves",https://news.yahoo.com/stories-puppets-environmentalist-battles-save-011301658.html,news.yahoo.com,20210405T014500Z,English,United States
restoration of vegetated coastal ecosystems,mangrove restoration,Root and branch reform : Protecting and restoring the world mangrove forests,https://phys.org/news/2021-06-root-reform-world-mangrove-forests.html,phys.org,20210628T160000Z,English,United States
restoration of vegetated coastal ecosystems,mangrove restoration,Cloud spraying and hurricane slaying : could geoengineering fix the climate crisis ?,https://www.msn.com/en-gb/news/world/cloud-spraying-and-hurricane-slaying-could-geoengineering-fix-the-climate-crisis/ar-AALkOsY,msn.com,20210623T063000Z,English,United States
restoration of vegetated coastal ecosystems,mangrove restoration,Strengtheneed commitment to restore the nation,https://www.msn.com/en-xl/asia/srilanka/strengtheneed-commitment-to-restore-the-nation/ar-AALa8aY,msn.com,20210618T000000Z,English,United States
restoration of vegetated coastal ecosystems,mangrove restoration,A Sustainable Partnership : Philadelphia Eagles And The Ocean Conservancy Score A Win - Win For The Planet,https://www.forbes.com/sites/jefffromm/2021/06/17/a-sustainable-partnership-philadelphia-eagles-and-the-ocean-conservancy-score-a-win-win-for-the-planet/,forbes.com,20210617T144500Z,English,United States
restoration of vegetated coastal ecosystems,mangrove restoration,Opinion : Investments in community - led organizations,https://missoulian.com/opinion/columnists/opinion-investments-in-community-led-organizations/article_3b98342d-8420-57e2-8a7c-700c34e674d1.html,missoulian.com,20210613T153000Z,English,United States
restoration of vegetated coastal ecosystems,mangrove restoration,UN Scientists : Climate Change and Biodiversity Loss . Two Parts . One Problem .,https://www.ipsnews.net/2021/06/un-scientists-climate-change-and-biodiversity-loss-two-parts-one-problem/,ipsnews.net,20210611T113000Z,English,United States
restoration of vegetated coastal ecosystems,mangrove restoration,UN Scientists : Climate Change and Biodiversity Loss . Two Parts . One Problem .,http://www.ipsnews.net/2021/06/un-scientists-climate-change-and-biodiversity-loss-two-parts-one-problem/,ipsnews.net,20210611T091500Z,English,United States
restoration of vegetated coastal ecosystems,mangrove restoration,"As a decade of ecosystem restoration kicks off , dont forget the people",https://www.eurekalert.org/pub_releases/2021-06/taob-aad061021.php,eurekalert.org,20210610T160000Z,English,United States
restoration of vegetated coastal ecosystems,mangrove restoration,Middle schoolers plant mangroves at Anne Beach | Local News,https://www.keysnews.com/news/local/middle-schoolers-plant-mangroves-at-anne-s-beach/article_61c8cef6-c3a5-11eb-b593-53b4542dba87.html,keysnews.com,20210610T053000Z,English,United States
restoration of vegetated coastal ecosystems,mangrove restoration,Eagles News : Closer look at Jalen Hurt unique confidence,https://www.bleedinggreennation.com/2021/6/9/22525790/eagles-news-closer-look-jalen-hurts-unique-confidence-philadelphia-quarterback-alabama-starting-qb1,bleedinggreennation.com,20210609T133000Z,English,United States
restoration of vegetated coastal ecosystems,mangrove restoration,Indonesia : Managing oceans sustainably supports our livelihoods .,https://blogs.worldbank.org/eastasiapacific/indonesia-managing-oceans-sustainably-supports-our-livelihoods,blogs.worldbank.org,20210609T094500Z,English,United States
restoration of vegetated coastal ecosystems,mangrove restoration,Celebrate World Oceans Day 2021 All Year Long At These Sustainable Luxury Resorts,https://www.forbes.com/sites/alexandrakirkman/2021/06/08/celebrate-world-oceans-day-2021-all-year-long-at-these-sustainable-luxury-resorts/,forbes.com,20210608T180000Z,English,United States
restoration of vegetated coastal ecosystems,mangrove restoration,Southern Naval Command celebrates World Environment Day,https://www.bignewsnetwork.com/news/269770915/southern-naval-command-celebrates-world-environment-day,bignewsnetwork.com,20210605T154500Z,English,United States
restoration of vegetated coastal ecosystems,mangrove restoration,Hotels Making Waves with World Ocean Day Initiatives,https://www.luxurytravelmagazine.com/news-articles/hotels-making-waves-with-world-oceans-day-initiatives,luxurytravelmagazine.com,20210604T020000Z,English,United States
restoration of vegetated coastal ecosystems,mangrove restoration,Amanda Hearst | Sustainability Entrepreneur & Advocate,https://www.forbes.com/sites/angelachan/2021/06/02/amanda-hearst--sustainability-entrepreneur--advocate/,forbes.com,20210602T124500Z,English,United States
restoration of vegetated coastal ecosystems,mangrove restoration,Blue is the New Green,https://www.tradeonlytoday.com/post-type-feature/blue-is-the-new-green,tradeonlytoday.com,20210601T044500Z,English,United States
restoration of vegetated coastal ecosystems,mangrove restoration,We Just Hit a Disappointing Mark : Earth Overshoot Day,https://www.newser.com/story/309157/we-just-hit-a-disappointing-mark-earth-overshoot-day.html,newser.com,20210729T173000Z,English,United States
restoration of vegetated coastal ecosystems,mangrove restoration,Viet Nam : 2021 Risk Award recognizes Vietnamese women fighting climate change,http://humanitariannews.org/20210728/viet-nam-2021-risk-award-recognizes-vietnamese-women-fighting-climate-change,humanitariannews.org,20210728T150000Z,English,United States
restoration of vegetated coastal ecosystems,mangrove restoration,Caribbean Mangrove Forests May Serve as Coral Shelters,https://www.smithsonianmag.com/blogs/smithsonian-tropical-research-institute/2021/07/26/caribbean-mangrove-forests-may-serve-coral-shelters/,smithsonianmag.com,20210726T163000Z,English,United States
restoration of vegetated coastal ecosystems,mangrove restoration,Costa Rica Ensures Future for Its Mangrove Forests,https://www.pewtrusts.org/en/research-and-analysis/articles/2021/07/26/costa-rica-ensures-future-for-its-mangrove-forests,pewtrusts.org,20210726T083000Z,English,United States
restoration of vegetated coastal ecosystems,mangrove restoration,Costa Rica Ensures Future for Its Mangrove Forests,https://www.pewtrusts.org/da/research-and-analysis/articles/2021/07/26/costa-rica-ensures-future-for-its-mangrove-forests,pewtrusts.org,20210726T073000Z,English,United States
restoration of vegetated coastal ecosystems,mangrove restoration,Costa Rica Ensures Future for Its Mangrove Forests,https://www.pewtrusts.org/ja/research-and-analysis/articles/2021/07/26/costa-rica-ensures-future-for-its-mangrove-forests,pewtrusts.org,20210726T063000Z,English,United States
restoration of vegetated coastal ecosystems,mangrove restoration,Costa Rica Ensures Future for Its Mangrove Forests,https://www.pewtrusts.org/nb/research-and-analysis/articles/2021/07/26/costa-rica-ensures-future-for-its-mangrove-forests,pewtrusts.org,20210726T061500Z,English,United States
restoration of vegetated coastal ecosystems,mangrove restoration,Costa Rica Ensures Future for Its Mangrove Forests,https://www.pewtrusts.org/ru/research-and-analysis/articles/2021/07/26/costa-rica-ensures-future-for-its-mangrove-forests,pewtrusts.org,20210726T054500Z,English,United States
restoration of vegetated coastal ecosystems,mangrove restoration,Coastal News Today | FL - Building back Biscayne Bay : Do natural solutions hold hope ?,https://www.coastalnewstoday.com/post/fl-building-back-biscayne-bay-do-natural-solutions-hold-hope,coastalnewstoday.com,20210720T031500Z,English,United States
restoration of vegetated coastal ecosystems,mangrove restoration,"Commentary : Mangroves , a crown jewel of Singapore coastline",https://www.channelnewsasia.com/news/commentary/mangrove-sungei-buloh-park-climate-change-carbon-sea-rise-coast-15206224,channelnewsasia.com,20210717T223000Z,English,United States
restoration of vegetated coastal ecosystems,mangrove restoration,The Sight And Smell Of Dead Fish Around Tampa Bay Is Hard To Miss,https://wild941.com/2021/07/12/the-sight-and-smell-of-dead-fish-around-tampa-bay-is-hard-to-miss/,wild941.com,20210712T134500Z,English,United States
restoration of vegetated coastal ecosystems,mangrove restoration,Florida manatees : 2021 a record year for deaths due to seagrass loss,https://www.newsherald.com/story/news/local/indian-river-lagoon/2021/07/09/more-manatees-died-2021-deadliest-year-florida-history-seagrass-marine-mammal-pollution-algal-ocean/7625039002/,newsherald.com,20210712T014500Z,English,United States
restoration of vegetated coastal ecosystems,mangrove restoration,The sight and smell of dead fish around Tampa Bay is hard to miss,https://www.fox13news.com/news/the-sight-and-smell-of-dead-fish-around-tampa-bay-is-hard-to-miss,fox13news.com,20210711T043000Z,English,United States
restoration of vegetated coastal ecosystems,mangrove restoration,Florida manatees : 2021 a record year for deaths due to seagrass loss,https://www.tcpalm.com/story/news/local/indian-river-lagoon/2021/07/09/more-manatees-died-2021-deadliest-year-florida-history-seagrass-marine-mammal-pollution-algal-ocean/7625039002/,tcpalm.com,20210709T143000Z,English,United States
restoration of vegetated coastal ecosystems,mangrove restoration,wild shores of singapore : Talks on restoration of Singapore shores,https://wildshores.blogspot.com/2021/07/talks-on-restoration-of-singapores.html,wildshores.blogspot.com,20210703T014500Z,English,United States
restoration of vegetated coastal ecosystems,mangrove restoration,Coastal News Today | World - 2021 top ocean news stories ( commentary ),https://www.coastalnewstoday.com/post/world-2021s-top-ocean-news-stories-commentary,coastalnewstoday.com,20211230T100000Z,English,United States
restoration of vegetated coastal ecosystems,mangrove restoration,"Grandson of diving pioneer partners with Pennekamp , school to promote conservation",https://www.keysnews.com/news/local/grandson-of-diving-pioneer-partners-with-pennekamp-school-to-promote-conservation/article_97429ca2-5dd7-11ec-b69d-e32117fc44c8.html,keysnews.com,20211223T053000Z,English,United States
restoration of vegetated coastal ecosystems,mangrove restoration,To dye for : Indonesia carbon - rich mangroves in fashion with women weavers | Life,https://www.malaymail.com/news/life/2021/12/15/to-dye-for-indonesias-carbon-rich-mangroves-in-fashion-with-women-weavers/2028592,malaymail.com,20211215T143000Z,English,United States
restoration of vegetated coastal ecosystems,mangrove restoration,To dye for : Indonesia mangroves in fashion with women weavers,http://news.trust.org/item/20211215005731-t83vv/,news.trust.org,20211215T064500Z,English,United States
restoration of vegetated coastal ecosystems,mangrove restoration,Joint winners selected for environmental studies award,http://www.virginislandsdailynews.com/island_life/joint-winners-selected-for-environmental-studies-award/article_cc7cd30b-6667-5e55-bc9d-670ccfcc17a6.html,virginislandsdailynews.com,20211214T071500Z,English,United States
restoration of vegetated coastal ecosystems,mangrove restoration,"Apple , Conservation International introduce mangrove carbon credit",https://www.greenbiz.com/article/apple-conservation-international-introduce-mangrove-carbon-credit,greenbiz.com,20211210T004500Z,English,United States
restoration of vegetated coastal ecosystems,mangrove restoration,Saving Grand Bahama Mangrove Forest,https://gardenandgun.com/feature/saving-grand-bahamas-mangrove-forest/,gardenandgun.com,20211208T231500Z,English,United States
restoration of vegetated coastal ecosystems,mangrove restoration,Adapt Or Die : Nigeria Oil Industry Faces A Huge Challenge,https://oilprice.com/Energy/Crude-Oil/Adapt-Or-Die-Nigerias-Oil-Industry-Faces-A-Huge-Challenge.html,oilprice.com,20211206T193000Z,English,United States
restoration of vegetated coastal ecosystems,mangrove restoration,Loans keep women afloat as they plant fast - vanishing mangroves in Kenya,https://www.reuters.com/article/us-kenya-climate-change-mangroves-women/loans-keep-women-afloat-as-they-plant-fast-vanishing-mangroves-in-kenya-idUSKBN2IL02W,reuters.com,20211206T053000Z,English,United States
restoration of vegetated coastal ecosystems,mangrove restoration,FEATURE - Loans keep women afloat as they plant fast - vanishing ...,https://news.trust.org/item/20211206010922-r873q,news.trust.org,20211206T014500Z,English,United States
restoration of vegetated coastal ecosystems,mangrove restoration,Loans keep women afloat as they plant fast - vanishing mangroves in Kenya,https://www.reuters.com/business/cop/loans-keep-women-afloat-they-plant-fast-vanishing-mangroves-kenya-2021-12-06/,reuters.com,20211206T014500Z,English,United States
restoration of vegetated coastal ecosystems,mangrove restoration,"Sorry , carbon offsets still arent settled",https://www.greenbiz.com/article/sorry-carbon-offsets-still-arent-settled,greenbiz.com,20211201T120000Z,English,United States
restoration of vegetated coastal ecosystems,mangrove restoration,Waterway restoration works complete in Lake Macquarie,https://www.miragenews.com/waterway-restoration-works-complete-in-lake-684531/,miragenews.com,20211201T043000Z,English,United States
restoration of vegetated coastal ecosystems,mangrove restoration,Mendocino Bonterra Organic Vineyards goes carbon - neutral,https://www.pressdemocrat.com/article/lifestyle/mendocinos-bonterra-organic-vineyards-goes-carbon-neutral/,pressdemocrat.com,20220122T000000Z,English,United States
restoration of vegetated coastal ecosystems,mangrove restoration,Indonesia aims to get mangrove restoration back on track in 2022,http://news.trust.org/item/20220120065748-uvgv2/,news.trust.org,20220120T073000Z,English,United States
restoration of vegetated coastal ecosystems,mangrove restoration,Indonesia aims to get mangrove restoration back on track in 2022,https://www.msn.com/en-us/news/world/indonesia-aims-to-get-mangrove-restoration-back-on-track-in-2022/ar-AASXCAc,msn.com,20220120T073000Z,English,United States
restoration of vegetated coastal ecosystems,mangrove restoration,Carbon sequestration is crucial to check climate change : EAD chief,https://www.bignewsnetwork.com/news/272195480/carbon-sequestration-is-crucial-to-check-climate-change-ead-chief,bignewsnetwork.com,20220118T061500Z,English,United States
restoration of vegetated coastal ecosystems,mangrove restoration,Unique Traits Shouldnt be the Key Reason for Protecting a Species,https://www.earthisland.org/journal/index.php/articles/entry/unique-traits-shouldnt-be-the-key-reason-for-protecting-a-species,earthisland.org,20220112T174500Z,English,United States
restoration of vegetated coastal ecosystems,mangrove restoration,How Bonterra Winery Leapfrogged Ahead Of Other Businesses To Achieve Climate Neutral Certification In 2021,https://www.forbes.com/sites/lizthach/2022/01/12/how-bonterra-winery-leapfrogged-ahead-of-other-businesses-to-achieve-climate-neutral-certification-in-2021/,forbes.com,20220112T140000Z,English,United States
restoration of vegetated coastal ecosystems,mangrove restoration,2021 Was A Year Full of Environmental Victories,https://energycentral.com/c/ec/2021-was-year-full-environmental-victories,energycentral.com,20220104T234500Z,English,United States
restoration of vegetated coastal ecosystems,mangrove restoration,Mangroves as a solution to the climate crisis | Stories,https://www.worldwildlife.org/stories/mangroves-as-a-solution-to-the-climate-crisis,worldwildlife.org,20220104T150000Z,English,United States
restoration of vegetated coastal ecosystems,mangrove restoration,CARBON NEUTRAL ROYALTY ANNOUNCES LANDMARK GLOBAL PARTNERSHIP WITH WORLDVIEW INTERNATIONAL FOUNDATION,https://finance.yahoo.com/news/carbon-neutral-royalty-announces-landmark-152500342.html,finance.yahoo.com,20220301T163000Z,English,United States
restoration of vegetated coastal ecosystems,mangrove restoration,CARBON NEUTRAL ROYALTY ANNOUNCES LANDMARK GLOBAL PARTNERSHIP WITH WORLDVIEW INTERNATIONAL FOUNDATION,https://www.prnewswire.com:443/news-releases/carbon-neutral-royalty-announces-landmark-global-partnership-with-worldview-international-foundation-301492958.html,prnewswire.com,20220301T160000Z,English,United States
restoration of vegetated coastal ecosystems,mangrove restoration,CARBON NEUTRAL ROYALTY ANNOUNCES LANDMARK GLOBAL PARTNERSHIP WITH WORLDVIEW INTERNATIONAL FOUNDATION,https://www.prnewswire.com/news-releases/carbon-neutral-royalty-announces-landmark-global-partnership-with-worldview-international-foundation-301492958.html,prnewswire.com,20220301T154500Z,English,United States
restoration of vegetated coastal ecosystems,mangrove restoration,"6 Big Findings from the IPCC 2022 Report on Climate Impacts , Adaptation and Vulnerability",https://thecityfix.com/blog/6-big-findings-from-the-ipcc-2022-report-on-climate-impacts-adaptation-and-vulnerability/,thecityfix.com,20220228T201500Z,English,United States
restoration of vegetated coastal ecosystems,mangrove restoration,"TAQA , AQDAR , Blue Forest partner on UAE largest employee - led tree planting initiative to mark UAE 50th",https://www.bignewsnetwork.com/news/272317242/taqa-aqdar-blue-forest-partner-on-uae-largest-employee-led-tree-planting-initiative-to-mark-uae-50th,bignewsnetwork.com,20220220T114500Z,English,United States
restoration of vegetated coastal ecosystems,mangrove restoration,"Benedict Key mangrove restoration flourishing | News , Sports , Jobs - SANIBEL - CAPTIVA - Island Reporter , Islander and Current",https://www.captivasanibel.com/2022/02/16/benedict-key-mangrove-restoration-flourishing/,captivasanibel.com,20220216T204500Z,English,United States
restoration of vegetated coastal ecosystems,mangrove restoration,African Youth Are Getting Paid to Fight Climate Change by Restoring Mangrove Ecosystems,https://www.thedailybeast.com/african-youth-are-getting-paid-to-fight-climate-change-by-restoring-mangrove-ecosystems,thedailybeast.com,20220212T081500Z,English,United States
restoration of vegetated coastal ecosystems,mangrove restoration,"Khaled bin Mohamed bin Zayed , Prince William discuss sustainability agenda",https://www.bignewsnetwork.com/news/272283678/khaled-bin-mohamed-bin-zayed-prince-william-discuss-sustainability-agenda,bignewsnetwork.com,20220210T093000Z,English,United States
restoration of vegetated coastal ecosystems,mangrove restoration,Climate Change Is Stretching Mumbai to Its Limit,https://www.theatlantic.com/science/archive/2022/02/mumbai-flooding-climate-change/621471/,theatlantic.com,20220207T130000Z,English,United States
restoration of vegetated coastal ecosystems,mangrove restoration,"Friends , VINP officials paint picture of progress at Friends of VINP annual meeting",http://www.virginislandsdailynews.com/island_life/friends-vinp-officials-paint-picture-of-progress-at-friends-of-vinp-annual-meeting/article_5bfdf875-0fc7-558b-aacb-44df45395ffe.html,virginislandsdailynews.com,20220203T093000Z,English,United States
restoration of vegetated coastal ecosystems,mangrove restoration,"Friends , VINP officials paint picture of progress at Friends of VINP annual meeting",http://www.virginislandsdailynews.com/friends-vinp-officials-paint-picture-of-progress-at-friends-of-vinp-annual-meeting/article_5bfdf875-0fc7-558b-aacb-44df45395ffe.html,virginislandsdailynews.com,20220203T043000Z,English,United States
restoration of vegetated coastal ecosystems,mangrove restoration,Tools | Abt Associates,https://www.abtassociates.com/what-we-do/tools,abtassociates.com,20220401T180000Z,English,United States
restoration of vegetated coastal ecosystems,mangrove restoration,The Surprising Biodiversity Hidden in the World Fragile Mangrove Forests,https://goodmenproject.com/featured-content/the-surprising-biodiversity-hidden-in-the-worlds-fragile-mangrove-forests/,goodmenproject.com,20220328T073000Z,English,United States
restoration of vegetated coastal ecosystems,mangrove restoration,"$2M in funding awarded to climate and environmental justice projects from Canada , Mexico and the US",https://www.prnewswire.com:443/news-releases/2m-in-funding-awarded-to-climate-and-environmental-justice-projects-from-canada-mexico-and-the-us-301509879.html,prnewswire.com,20220324T121500Z,English,United States
restoration of vegetated coastal ecosystems,mangrove restoration,Career Switch : How One Scientist Went From Working on Wall Street to Protecting Mangroves,https://www.globalcitizen.org/en/content/stephanie-roe-wwf-climate-scientist/,globalcitizen.org,20220321T191500Z,English,United States
restoration of vegetated coastal ecosystems,mangrove restoration,CARBON NEUTRAL ROYALTY ANNOUNCES STRATEGIC BLUE CARBON PARTNERSHIP WITH MARIS LTD,https://www.wfmz.com/news/pr_newswire/pr_newswire_stocks/carbon-neutral-royalty-announces-strategic-blue-carbon-partnership-with-maris-ltd/article_05263232-c14f-50c3-9cec-5dee43a3c940.html,wfmz.com,20220321T093000Z,English,United States
restoration of vegetated coastal ecosystems,mangrove restoration,Microsoft among buyers of blue carbon credits from giant mangrove project,https://www.environmental-finance.com/content/news/microsoft-among-buyers-of-blue-carbon-credits-from-giant-mangrove-project.html,environmental-finance.com,20220315T130000Z,English,United States
restoration of vegetated coastal ecosystems,mangrove restoration,CARBON NEUTRAL ROYALTY ANNOUNCES STRATEGIC BLUE CARBON PARTNERSHIP WITH BIG BLUE OCEAN CLEAN UP,https://www.prnewswire.com/news-releases/carbon-neutral-royalty-announces-strategic-blue-carbon-partnership-with-big-blue-ocean-clean-up-301497834.html,prnewswire.com,20220311T094500Z,English,United States
restoration of vegetated coastal ecosystems,mangrove restoration,Coastal News Today | World - 12 blue carbon mangrove projects to watch,https://www.coastalnewstoday.com/post/world-12-blue-carbon-mangrove-projects-to-watch,coastalnewstoday.com,20220308T224500Z,English,United States
restoration of vegetated coastal ecosystems,mangrove restoration,CARBON NEUTRAL ROYALTY ANNOUNCES STRATEGIC BLUE CARBON PARTNERSHIP WITH BIG BLUE OCEAN CLEAN UP,https://www.prnewswire.com:443/news-releases/carbon-neutral-royalty-announces-strategic-blue-carbon-partnership-with-big-blue-ocean-clean-up-301497834.html,prnewswire.com,20220308T133000Z,English,United States
restoration of vegetated coastal ecosystems,mangrove restoration,CARBON NEUTRAL ROYALTY ANNOUNCES STRATEGIC BLUE CARBON PARTNERSHIP WITH MARIS LTD,https://www.prnewswire.com/news-releases/carbon-neutral-royalty-announces-strategic-blue-carbon-partnership-with-maris-ltd-301495059.html,prnewswire.com,20220303T154500Z,English,United States
restoration of vegetated coastal ecosystems,mangrove restoration,CARBON NEUTRAL ROYALTY ANNOUNCES LANDMARK GLOBAL PARTNERSHIP WITH WORLDVIEW INTERNATIONAL FOUNDATION,https://finance.yahoo.com/news/carbon-neutral-royalty-announces-landmark-152500342.html,finance.yahoo.com,20220301T163000Z,English,United States
restoration of vegetated coastal ecosystems,mangrove restoration,CARBON NEUTRAL ROYALTY ANNOUNCES LANDMARK GLOBAL PARTNERSHIP WITH WORLDVIEW INTERNATIONAL FOUNDATION,https://www.prnewswire.com:443/news-releases/carbon-neutral-royalty-announces-landmark-global-partnership-with-worldview-international-foundation-301492958.html,prnewswire.com,20220301T160000Z,English,United States
restoration of vegetated coastal ecosystems,mangrove restoration,CARBON NEUTRAL ROYALTY ANNOUNCES LANDMARK GLOBAL PARTNERSHIP WITH WORLDVIEW INTERNATIONAL FOUNDATION,https://www.prnewswire.com/news-releases/carbon-neutral-royalty-announces-landmark-global-partnership-with-worldview-international-foundation-301492958.html,prnewswire.com,20220301T154500Z,English,United States
restoration of vegetated coastal ecosystems,mangrove restoration,Could Blue Carbon Credits Be The Future Of Sustainable Financing ?,https://markets.businessinsider.com/news/stocks/could-blue-carbon-credits-be-the-future-of-sustainable-financing-1031503176,markets.businessinsider.com,20220601T194500Z,English,United States
restoration of vegetated coastal ecosystems,mangrove restoration,"In oil - rich Niger Delta , coastal erosion frustrates locals endlessly | Features",https://www.wiredprnews.com/in-oil-rich-niger-delta-coastal-erosion-frustrates-locals-endlessly-features/,wiredprnews.com,20220601T184500Z,English,United States
restoration of vegetated coastal ecosystems,mangrove restoration,Could Blue Carbon Credits Be The Future Of Sustainable Financing ?,https://oilprice.com/The-Environment/Global-Warming/Could-Blue-Carbon-Credits-Be-The-Future-Of-Sustainable-Financing.html,oilprice.com,20220601T183000Z,English,United States
restoration of vegetated coastal ecosystems,mangrove restoration,New global fund invests in nature to shore up climate fight,https://news.trust.org:443/item/20220601155416-qpzar/,news.trust.org,20220601T164500Z,English,United States
restoration of vegetated coastal ecosystems,mangrove restoration,"In oil - rich Niger Delta , coastal erosion frustrates locals endlessly",https://www.aljazeera.com/features/2022/6/1/in-oil-rich-niger-delta-coastal-erosion-is-outliving-residents,aljazeera.com,20220601T150000Z,English,United States
restoration of vegetated coastal ecosystems,mangrove restoration,"Blue Forest , Van Oord develop mangrove based engineering solutions",https://www.dredgingtoday.com/2022/05/30/blue-forest-van-oord-develop-mangrove-based-engineering-solutions/,dredgingtoday.com,20220530T110000Z,English,United States
restoration of vegetated coastal ecosystems,mangrove restoration,"Sanibel Sea School to host science - based summer camp for teens | News , Sports , Jobs - SANIBEL - CAPTIVA",https://www.captivasanibel.com/2022/05/25/sanibel-sea-school-to-host-science-based-summer-camp-for-teens/,captivasanibel.com,20220525T181500Z,English,United States
restoration of vegetated coastal ecosystems,mangrove restoration,Mangrove restoration learning exchange visits UVI restoration sites,http://www.virginislandsdailynews.com/print_only/mangrove-restoration-learning-exchange-visits-uvi-restoration-sites/article_4225906b-8c9b-52f0-915e-89aff9b88301.html,virginislandsdailynews.com,20220525T044500Z,English,United States
restoration of vegetated coastal ecosystems,mangrove restoration,Worldwide Drone Application 2022 Report : The Commercial Market is Expected to Generate Over $41 . 3 Billion by 2026,https://www.prnewswire.com:443/news-releases/worldwide-drone-application-2022-report-the-commercial-market-is-expected-to-generate-over-41-3-billion-by-2026--301546159.html,prnewswire.com,20220512T180000Z,English,United States
restoration of vegetated coastal ecosystems,mangrove restoration,Worldwide Drone Application 2022 Report : The Commercial Market is Expected to Generate Over $41 . 3 Billion by 2026,https://www.prnewswire.com/news-releases/worldwide-drone-application-2022-report-the-commercial-market-is-expected-to-generate-over-41-3-billion-by-2026--301546159.html,prnewswire.com,20220512T180000Z,English,United States
restoration of vegetated coastal ecosystems,mangrove restoration,Growing African mangrove forests aim to combat climate woes  - Los Angeles Sentinel,https://lasentinel.net/growing-african-mangrove-forests-aim-to-combat-climate-woes.html,lasentinel.net,20220512T074500Z,English,United States
restoration of vegetated coastal ecosystems,mangrove restoration,Growing mangrove forests to combat climate change,https://www.tdtnews.com/news/article_2a59a652-cf52-11ec-bad4-d7c9bd338f78.html,tdtnews.com,20220509T051500Z,English,United States
restoration of vegetated coastal ecosystems,mangrove restoration,Growing African mangrove forests aim to combat climate woes,https://www.postregister.com/features/growing-african-mangrove-forests-aim-to-combat-climate-woes/article_f5e76e21-221a-5a9b-bec8-cd3b4eee86bf.html,postregister.com,20220508T073000Z,English,United States
restoration of vegetated coastal ecosystems,mangrove restoration,Growing African Mangrove Forests Aim to Combat Climate Woes,https://www.longbeachstar.com/news/272542666/growing-african-mangrove-forests-aim-to-combat-climate-woes,longbeachstar.com,20220507T094500Z,English,United States
restoration of vegetated coastal ecosystems,mangrove restoration,Growing African Mangrove Forests Aim to Combat Climate Woes,https://www.bignewsnetwork.com/news/272542666/growing-african-mangrove-forests-aim-to-combat-climate-woes,bignewsnetwork.com,20220507T080000Z,English,United States
restoration of vegetated coastal ecosystems,mangrove restoration,Growing African Mangrove Forests Aim to Combat Climate Woes,https://www.voanews.com/a/6560465.html,voanews.com,20220507T073000Z,English,United States
restoration of vegetated coastal ecosystems,mangrove restoration,African nations plant mangroves to combat climate woes,https://www.latimes.com/world-nation/story/2022-05-06/african-nations-plant-mangroves-to-combat-climate-woes,latimes.com,20220506T221500Z,English,United States
restoration of vegetated coastal ecosystems,mangrove restoration,Growing African mangrove forests aim to combat climate woes,https://www.phillytrib.com/news/africa/growing-african-mangrove-forests-aim-to-combat-climate-woes/article_89285a90-b585-513b-9d6b-0d652f0ce4df.html,phillytrib.com,20220506T180000Z,English,United States
restoration of vegetated coastal ecosystems,mangrove restoration,Growing African mangrove forests aim to combat climate woes,https://www.washingtontimes.com/news/2022/may/6/growing-african-mangrove-forests-aim-to-combat-cli/,washingtontimes.com,20220506T180000Z,English,United States
restoration of vegetated coastal ecosystems,mangrove restoration,Growing African mangrove forests aim to combat climate woes - New Delhi Times - India Only International Newspaper,https://www.newdelhitimes.com/growing-african-mangrove-forests-aim-to-combat-climate-woes/,newdelhitimes.com,20220506T180000Z,English,United States
restoration of vegetated coastal ecosystems,mangrove restoration,Growing African mangrove forests aim to combat climate woes,https://www.aspendailynews.com/associated_press/growing-african-mangrove-forests-aim-to-combat-climate-woes/article_38962f99-234f-549a-ab0b-687752c5e250.html,aspendailynews.com,20220506T170000Z,English,United States
restoration of vegetated coastal ecosystems,mangrove restoration,Growing African mangrove forests aim to combat climate woes,https://www.goskagit.com/news/world/growing-african-mangrove-forests-aim-to-combat-climate-woes/article_8fb4ecce-be68-5493-86a3-a55432822b77.html,goskagit.com,20220506T163000Z,English,United States
restoration of vegetated coastal ecosystems,mangrove restoration,Growing African mangrove forests aim to combat climate woes,https://thegrio.com/2022/05/06/growing-african-mangrove-forests-combat-climate-woes/,thegrio.com,20220506T140000Z,English,United States
restoration of vegetated coastal ecosystems,mangrove restoration,African countries turning to mangrove forest projects to combat climate woes,https://www.msn.com/en-gb/news/uknews/african-countries-turning-to-mangrove-forest-projects-to-combat-climate-woes/ar-AAWZ84s,msn.com,20220506T123000Z,English,United States
restoration of vegetated coastal ecosystems,mangrove restoration,Growing African mangrove forests aim to combat climate woes,https://santamariatimes.com/news/world/growing-african-mangrove-forests-aim-to-combat-climate-woes/article_f146c465-a122-5f34-ada1-db53c95c6d05.html,santamariatimes.com,20220506T110000Z,English,United States
restoration of vegetated coastal ecosystems,mangrove restoration,Growing African mangrove forests aim to combat climate woes,https://www.startribune.com/growing-african-mangrove-forests-aim-to-combat-climate-woes/600170935/,startribune.com,20220506T103000Z,English,United States
restoration of vegetated coastal ecosystems,mangrove restoration,Growing African mangrove forests aim to combat climate woes,https://www.swoknews.com/ap/international/growing-african-mangrove-forests-aim-to-combat-climate-woes/article_91afcaf5-dd6a-5c2f-89a5-02aee8bf9efb.html,swoknews.com,20220506T094500Z,English,United States
restoration of vegetated coastal ecosystems,mangrove restoration,Growing African mangrove forests aim to combat climate woes,https://www.ifiberone.com/news/national_news/growing-african-mangrove-forests-aim-to-combat-climate-woes/article_2b041120-6dd1-586a-8457-35808cb68d92.html,ifiberone.com,20220506T094500Z,English,United States
restoration of vegetated coastal ecosystems,mangrove restoration,Growing African mangrove forests aim to combat climate woes,https://www.leadertelegram.com/news/world/growing-african-mangrove-forests-aim-to-combat-climate-woes/article_b3ccbcb0-299d-58a1-add0-e47059938984.html,leadertelegram.com,20220506T093000Z,English,United States
restoration of vegetated coastal ecosystems,mangrove restoration,Growing African mangrove forests aim to combat climate woes,https://www.sandiegouniontribune.com/news/nation-world/story/2022-05-05/growing-african-mangrove-forests-aim-to-combat-climate-woes,sandiegouniontribune.com,20220506T090000Z,English,United States
restoration of vegetated coastal ecosystems,mangrove restoration,Growing African mangrove forests aim to combat climate woes,https://www.reflector.com/news/world/growing-african-mangrove-forests-aim-to-combat-climate-woes/article_27b8908d-bd2e-5018-a704-9b176a654f07.html,reflector.com,20220506T090000Z,English,United States
restoration of vegetated coastal ecosystems,mangrove restoration,Growing African mangrove forests aim to combat climate woes,https://www.fbherald.com/news/growing-african-mangrove-forests-aim-to-combat-climate-woes/article_699890ba-9d7e-5afb-83e0-b2f5d2e4cf5c.html,fbherald.com,20220506T084500Z,English,United States
restoration of vegetated coastal ecosystems,mangrove restoration,Growing African mangrove forests aim to combat climate woes,https://isp.netscape.com/news/world/story/0001/20220506/55e9a9419fc3d2b9bb8bc33dae2d2174,isp.netscape.com,20220506T084500Z,English,United States
restoration of vegetated coastal ecosystems,mangrove restoration,Growing African mangrove forests aim to combat climate woes,https://www.dailyherald.com/article/20220506/news/305069984/,dailyherald.com,20220506T084500Z,English,United States
restoration of vegetated coastal ecosystems,mangrove restoration,Growing African mangrove forests aim to combat climate ...,https://accesswdun.com/article/2022/5/1100069,accesswdun.com,20220506T083000Z,English,United States
restoration of vegetated coastal ecosystems,mangrove restoration,Growing African mangrove forests aim to combat climate woes,https://www.the-messenger.com/news/world/article_ed80b389-ae15-5edd-9282-b778cd52048e.html,the-messenger.com,20220506T083000Z,English,United States
restoration of vegetated coastal ecosystems,mangrove restoration,Growing African mangrove forests aim to combat climate woes,https://lancasteronline.com/news/world/growing-african-mangrove-forests-aim-to-combat-climate-woes/article_f41607a4-04b3-5f7d-8f5e-5173e8cddd9e.html,lancasteronline.com,20220506T083000Z,English,United States
restoration of vegetated coastal ecosystems,mangrove restoration,Growing African mangrove forests aim to combat climate woes,https://www.the-journal.com/articles/growing-african-mangrove-forests-aim-to-combat-climate-woes/,the-journal.com,20220506T081500Z,English,United States
restoration of vegetated coastal ecosystems,mangrove restoration,Growing African mangrove forests aim to combat climate woes,https://www.greensburgdailynews.com/news/nation_world/growing-african-mangrove-forests-aim-to-combat-climate-woes/article_5ca1ce5c-dd86-534b-8c4d-90778d16ce29.html,greensburgdailynews.com,20220506T080000Z,English,United States
restoration of vegetated coastal ecosystems,mangrove restoration,Growing African mangrove forests aim to combat climate woes,https://www.idahopress.com/news/world/growing-african-mangrove-forests-aim-to-combat-climate-woes/article_b4c8fdb0-e5de-5f1e-b183-079c8074538a.html,idahopress.com,20220506T080000Z,English,United States
restoration of vegetated coastal ecosystems,mangrove restoration,Growing African mangrove forests aim to combat climate woes,https://www.heraldbulletin.com/news/nation_world/growing-african-mangrove-forests-aim-to-combat-climate-woes/article_e2cfa6bc-16e9-5518-9cef-7bac263ff4b9.html,heraldbulletin.com,20220506T080000Z,English,United States
restoration of vegetated coastal ecosystems,mangrove restoration,Growing African mangrove forests aim to combat climate woes,https://www.newspressnow.com/news/world_news/growing-african-mangrove-forests-aim-to-combat-climate-woes/article_2e1bc3a4-68d0-5c5c-8692-899062937815.html,newspressnow.com,20220506T080000Z,English,United States
restoration of vegetated coastal ecosystems,mangrove restoration,Growing African mangrove forests aim to combat climate woes,https://apnews.com/55e9a9419fc3d2b9bb8bc33dae2d2174,apnews.com,20220506T074500Z,English,United States
restoration of vegetated coastal ecosystems,mangrove restoration,Growing African mangrove forests aim to combat climate woes,https://www.news-gazette.com/news/nation-world/growing-african-mangrove-forests-aim-to-combat-climate-woes/article_f4f0c303-c815-5769-95cc-7240e263bd57.html,news-gazette.com,20220506T073000Z,English,United States
restoration of vegetated coastal ecosystems,mangrove restoration,Growing African mangrove forests aim to combat climate woes,https://www.oskaloosa.com/news/national_news/growing-african-mangrove-forests-aim-to-combat-climate-woes/article_0e992db5-86c9-5471-8326-127a068eb709.html,oskaloosa.com,20220506T073000Z,English,United States
restoration of vegetated coastal ecosystems,mangrove restoration,Growing African mangrove forests aim to combat climate woes,https://www.bozemandailychronicle.com/ap_news/international/growing-african-mangrove-forests-aim-to-combat-climate-woes/article_c0950c11-1935-58e4-8cbe-299a2bafcfcc.html,bozemandailychronicle.com,20220506T073000Z,English,United States
restoration of vegetated coastal ecosystems,mangrove restoration,Growing African mangrove forests aim to combat climate woes,https://www.hjnews.com/world/growing-african-mangrove-forests-aim-to-combat-climate-woes/article_9a294b9a-d663-54da-b2a2-3180056a3ec5.html,hjnews.com,20220506T071500Z,English,United States
restoration of vegetated coastal ecosystems,mangrove restoration,Growing African mangrove forests aim to combat climate woes,https://www.goshennews.com/news/national_news/growing-african-mangrove-forests-aim-to-combat-climate-woes/article_ee4b2b4f-cb73-5829-8882-d8594242c423.html,goshennews.com,20220506T071500Z,English,United States
restoration of vegetated coastal ecosystems,mangrove restoration,Growing African mangrove forests aim to combat climate woes,https://www.washingtonpost.com/world/growing-african-mangrove-forests-aim-to-combat-climate-woes/2022/05/06/d6cbba1c-cd02-11ec-b7ee-74f09d827ca6_story.html,washingtonpost.com,20220506T070000Z,English,United States
restoration of vegetated coastal ecosystems,mangrove restoration,Growing African mangrove forests aim to combat climate woes,https://www.seattlepi.com/news/article/Growing-African-mangrove-forests-aim-to-combat-17153185.php,seattlepi.com,20220506T070000Z,English,United States
restoration of vegetated coastal ecosystems,mangrove restoration,Growing African mangrove forests aim to combat climate woes,https://www.chron.com/news/article/Growing-African-mangrove-forests-aim-to-combat-17153185.php,chron.com,20220506T070000Z,English,United States
restoration of vegetated coastal ecosystems,mangrove restoration,Growing African mangrove forests aim to combat climate woes,https://www.bdtonline.com/news/nation_world/growing-african-mangrove-forests-aim-to-combat-climate-woes/article_3afa005c-054d-58bb-b003-2b15878694f6.html,bdtonline.com,20220506T064500Z,English,United States
restoration of vegetated coastal ecosystems,mangrove restoration,Growing African mangrove forests aim to combat climate woes,https://apnews.com/article/climate-business-forests-kenya-senegal-55e9a9419fc3d2b9bb8bc33dae2d2174,apnews.com,20220506T064500Z,English,United States
restoration of vegetated coastal ecosystems,mangrove restoration,Growing African mangrove forests aim to combat climate woes,https://www.union-bulletin.com/news/world/growing-african-mangrove-forests-aim-to-combat-climate-woes/article_c6b4600a-a574-5559-999d-e8e94e7e80df.html,union-bulletin.com,20220506T064500Z,English,United States
restoration of vegetated coastal ecosystems,mangrove restoration,Growing African mangrove forests aim to combat climate woes,https://www.sfgate.com/news/article/Growing-African-mangrove-forests-aim-to-combat-17153185.php,sfgate.com,20220506T063000Z,English,United States
restoration of vegetated coastal ecosystems,mangrove restoration,Stock Market | FinancialContent Business Page,https://markets.financialcontent.com/stocks/article/bizwire-2022-5-5-global-drone-application-report-2022-featuring-aerodyne-amkvo-cooper-copter-and-distant-imagery-among-others-researchandmarketscom,markets.financialcontent.com,20220505T160000Z,English,United States
restoration of vegetated coastal ecosystems,mangrove restoration,Climate Change AI Announces Winners of the 2021 - 2022 Innovation Grants Program,https://www.prweb.com/releases/2022/5/prweb18646620.htm,prweb.com,20220505T133000Z,English,United States
restoration of vegetated coastal ecosystems,mangrove restoration,How We Funded Africa Top 100 Land Restoration Projects and Enterprises,https://www.wri.org/update/terrafund-afr100-selection-process,wri.org,20220505T010000Z,English,United States
restoration of vegetated coastal ecosystems,mangrove restoration,"Refuge provides highlights of monthly biology activities | News , Sports , Jobs - SANIBEL - CAPTIVA",https://www.captivasanibel.com/2022/05/04/refuge-provides-highlights-of-monthly-biology-activities-2/,captivasanibel.com,20220504T181500Z,English,United States
restoration of vegetated coastal ecosystems,mangrove restoration,Marco longtime public works director resigns,https://www.marconews.com/story/news/2022/05/03/marcos-longtime-public-works-director-resigns/9607443002/,marconews.com,20220503T094500Z,English,United States
restoration of vegetated coastal ecosystems,mangrove restoration,Coastal News Today | FL - Why mangroves matter : Protecting coastal vegetation means weighing the demands of development against the needs of the environment,https://www.coastalnewstoday.com/post/fl-why-mangroves-matter-protecting-coastal-vegetation-means-weighing-the-demands-of-development-against-the-needs-of-the-environment,coastalnewstoday.com,20220502T031500Z,English,United States
restoration of vegetated coastal ecosystems,mangrove restoration,Coastal News Today | World - Mangroves and coral reefs : Two natural and cost - effective solutions to coastal floods,https://www.coastalnewstoday.com/post/world-mangroves-and-coral-reefs-two-natural-and-cost-effective-solutions-to-coastal-floods,coastalnewstoday.com,20220629T034500Z,English,United States
restoration of vegetated coastal ecosystems,mangrove restoration,"AP PHOTOS : In Kenya , nearly a decade of mangrove restoration",https://www.channel3000.com/i/ap-photos-in-kenya-nearly-a-decade-of-mangrove-restoration/,channel3000.com,20220628T091500Z,English,United States
restoration of vegetated coastal ecosystems,mangrove restoration,"AP PHOTOS : In Kenya , nearly a decade of mangrove restoration",https://www.news8000.com/i/ap-photos-in-kenya-nearly-a-decade-of-mangrove-restoration/,news8000.com,20220628T074500Z,English,United States
restoration of vegetated coastal ecosystems,mangrove restoration,"AP PHOTOS : In Kenya , nearly a decade of mangrove restoration",https://apnews.com/article/science-health-plants-kenya-mangroves-cc082c4f88472afd987d289b0664a62c,apnews.com,20220628T050000Z,English,United States
restoration of vegetated coastal ecosystems,mangrove restoration,"AP PHOTOS : In Kenya , nearly a decade of mangrove restoration",https://www.kxly.com/i/ap-photos-in-kenya-nearly-a-decade-of-mangrove-restoration/,kxly.com,20220628T044500Z,English,United States
restoration of vegetated coastal ecosystems,mangrove restoration,"Climate Change to Impact Carbon - Rich Ecosystem , Finds Study",https://www.azocleantech.com/news.aspx?newsID=31909,azocleantech.com,20220624T144500Z,English,United States
restoration of vegetated coastal ecosystems,mangrove restoration,Minecraft Mangrove Restoration Project map is all about activism,https://www.pcgamesn.com/minecraft/mangrove-restoration-project-map,pcgamesn.com,20220623T204500Z,English,United States
restoration of vegetated coastal ecosystems,mangrove restoration,The Miraculous Trees That Could Save Pakistan Largest City from Climate Disaster,https://www.yahoo.com/news/miraculous-trees-could-save-pakistans-110044755.html,yahoo.com,20220623T153000Z,English,United States
restoration of vegetated coastal ecosystems,mangrove restoration,Study reveals how climate change can significantly impact one of the world most important carbon - rich ecosystems,https://phys.org/news/2022-06-reveals-climate-significantly-impact-world.html,phys.org,20220623T091500Z,English,United States
restoration of vegetated coastal ecosystems,mangrove restoration,Study reveals how climate change can significantly impact carbon - rich ecosystem,https://www.miragenews.com/study-reveals-how-climate-change-can-806322/,miragenews.com,20220623T084500Z,English,United States
restoration of vegetated coastal ecosystems,mangrove restoration,Research finds how climate change can significantly impact one of world most important carbon - rich ecosystems,https://www.miragenews.com/research-finds-how-climate-change-can-806176/,miragenews.com,20220623T043000Z,English,United States
restoration of vegetated coastal ecosystems,mangrove restoration,"Mangroves and Coral Reefs Yield Positive Return on Investment for Flood Protection , Study Finds",https://www.ecowatch.com/coastal-flood-protection-mangroves-coral-reefs.html,ecowatch.com,20220620T200000Z,English,United States
restoration of vegetated coastal ecosystems,mangrove restoration,Unbelievable Before - After Pic Shows Barren Land Converted Into Dense Forest In Madagascar,https://www.msn.com/en-in/news/other/unbelievable-before-after-pic-shows-barren-land-converted-into-dense-forest-in-madagascar/ar-AAYEoub,msn.com,20220620T173000Z,English,United States
restoration of vegetated coastal ecosystems,mangrove restoration,Unbelievable Before - After Pic Shows Barren Land Converted Into Dense Forest In Madagascar,https://www.msn.com/en-in/news/trendingtopics/unbelievable-before-after-pic-shows-barren-land-converted-into-dense-forest-in-madagascar/ar-AAYEoub,msn.com,20220620T123000Z,English,United States
restoration of vegetated coastal ecosystems,mangrove restoration,Mangrove nursery takes root on St . Thomas,http://www.virginislandsdailynews.com/news/mangrove-nursery-takes-root-on-st-thomas/article_93d93794-0a27-595b-aca7-2a2b00534515.html,virginislandsdailynews.com,20220620T014500Z,English,United States
restoration of vegetated coastal ecosystems,mangrove restoration,Study shows mangrove and reef restoration delivers positive returns for flood protection,https://www.californiatelegraph.com/news/272590766/study-shows-mangrove-and-reef-restoration-delivers-positive-returns-for-flood-protection,californiatelegraph.com,20220619T040000Z,English,United States
restoration of vegetated coastal ecosystems,mangrove restoration,Study shows mangrove and reef restoration delivers positive returns for flood protection,https://www.caribbeanherald.com/news/272590766/study-shows-mangrove-and-reef-restoration-delivers-positive-returns-for-flood-protection,caribbeanherald.com,20220619T033000Z,English,United States
restoration of vegetated coastal ecosystems,mangrove restoration,Study shows mangrove and reef restoration delivers positive returns for flood protection,https://www.haitisun.com/news/272590766/study-shows-mangrove-and-reef-restoration-delivers-positive-returns-for-flood-protection,haitisun.com,20220619T024500Z,English,United States
restoration of vegetated coastal ecosystems,mangrove restoration,Research reveals mangrove and reef restoration yield positive returns on investment for flood protection,https://www.miragenews.com/research-reveals-mangrove-and-reef-restoration-803220/,miragenews.com,20220617T194500Z,English,United States
restoration of vegetated coastal ecosystems,mangrove restoration,Study shows mangrove and reef restoration yield positive returns on investment for flood protection,https://phys.org/news/2022-06-mangrove-reef-yield-positive-investment.html,phys.org,20220617T171500Z,English,United States
restoration of vegetated coastal ecosystems,mangrove restoration,"Hainan low carbon action , one kilowatt hour at a time",https://www.newjerseytelegraph.com/news/272587337/hainans-low-carbon-action-one-kilowatt-hour-at-a-time,newjerseytelegraph.com,20220616T040000Z,English,United States
restoration of vegetated coastal ecosystems,mangrove restoration,Environmental News Network - Cozying Up to the Mangrove,https://www.enn.com/articles/70557-cozying-up-to-the-mangrove,enn.com,20220615T233000Z,English,United States
restoration of vegetated coastal ecosystems,mangrove restoration,Co - existing mangrove - coral habitats have a new global classification system,https://phys.org/news/2022-06-co-existing-mangrove-coral-habitats-global-classification.html,phys.org,20220615T200000Z,English,United States
restoration of vegetated coastal ecosystems,mangrove restoration,"Hainan low carbon action , one kilowatt hour at a time",https://www.bignewsnetwork.com/news/272587337/hainans-low-carbon-action-one-kilowatt-hour-at-a-time,bignewsnetwork.com,20220615T171500Z,English,United States
restoration of vegetated coastal ecosystems,mangrove restoration,Mothering Mozambique Mangroves Back to Life,https://www.resilience.org/stories/2022-04-26/mothering-mozambiques-mangroves-back-to-life/,resilience.org,20220613T223000Z,English,United States
restoration of vegetated coastal ecosystems,mangrove restoration,Sanibel Island  Last Stand Against Rising Seas - The Washington Post,https://www.washingtonpost.com/business/sanibel-islandslast-stand-against-rising-seas/2022/06/12/63fd10d8-ea50-11ec-9f90-79df1fb28296_story.html,washingtonpost.com,20220612T154500Z,English,United States
restoration of vegetated coastal ecosystems,mangrove restoration,Why Rotary is committed to mangroves,https://www.rotary.org/en/why-rotary-is-committed-mangroves,rotary.org,20220612T050000Z,English,United States
restoration of vegetated coastal ecosystems,mangrove restoration,New global fund invests in nature to shore up climate fight,https://news.trust.org/item/20220601155416-qpzar/,news.trust.org,20220607T170000Z,English,United States
restoration of vegetated coastal ecosystems,mangrove restoration,"More than 40 % of Earth land surface must be conserved to stop the biodiversity crisis , report warns",https://krdo.com/news/national-world/cnn-world/2022/06/03/more-than-40-of-earths-land-surface-must-be-conserved-to-stop-the-biodiversity-crisis-report-warns/,krdo.com,20220603T181500Z,English,United States
restoration of vegetated coastal ecosystems,mangrove restoration,"More than 40 % of Earth land surface must be conserved to stop the biodiversity crisis , report warns",https://localnews8.com/news/national-world/2022/06/03/more-than-40-of-earths-land-surface-must-be-conserved-to-stop-the-biodiversity-crisis-report-warns/,localnews8.com,20220603T174500Z,English,United States
restoration of vegetated coastal ecosystems,mangrove restoration,"More than 40 % of Earth land surface must be conserved to stop the biodiversity crisis , report warns",https://ktvz.com/news/national-world/cnn-world/2022/06/03/more-than-40-of-earths-land-surface-must-be-conserved-to-stop-the-biodiversity-crisis-report-warns/,ktvz.com,20220603T154500Z,English,United States
restoration of vegetated coastal ecosystems,mangrove restoration,"More than 40 % of Earth land surface must be conserved to stop the biodiversity crisis , report warns",https://kvia.com/news/us-world/cnn-world/2022/06/03/more-than-40-of-earths-land-surface-must-be-conserved-to-stop-the-biodiversity-crisis-report-warns/,kvia.com,20220603T140000Z,English,United States
restoration of vegetated coastal ecosystems,mangrove restoration,"More than 40 % of Earth land surface must be conserved to stop the biodiversity crisis , report warns",https://localnews8.com/news/national-world/cnn-world/2022/06/03/more-than-40-of-earths-land-surface-must-be-conserved-to-stop-the-biodiversity-crisis-report-warns/,localnews8.com,20220603T131500Z,English,United States
restoration of vegetated coastal ecosystems,mangrove restoration,"More than 40 % of Earth land surface must be conserved to stop the biodiversity crisis , report warns",https://kesq.com/news/national-world/cnn-world/2022/06/03/more-than-40-of-earths-land-surface-must-be-conserved-to-stop-the-biodiversity-crisis-report-warns/,kesq.com,20220603T124500Z,English,United States
restoration of vegetated coastal ecosystems,mangrove restoration,"More than 40 % of Earth land surface must be conserved to stop the biodiversity crisis , report warns",https://www.cnn.com/2022/06/03/world/earth-conservation-report-intl-hnk-scn/,cnn.com,20220603T124500Z,English,United States
restoration of vegetated coastal ecosystems,mangrove restoration,"More than 40 % of Earth land surface must be conserved to stop the biodiversity crisis , report warns",https://www.news-daily.com/news/more-than-40-of-earths-land-surface-must-be-conserved-to-stop-the-biodiversity-crisis/article_eda19fbd-3977-59f2-a038-3155398f8b14.html,news-daily.com,20220603T123000Z,English,United States
restoration of vegetated coastal ecosystems,mangrove restoration,"More than 40 % of Earth land surface must be conserved to stop the biodiversity crisis , report warns",https://www.henryherald.com/news/more-than-40-of-earths-land-surface-must-be-conserved-to-stop-the-biodiversity-crisis/article_1b007b7f-b192-5261-8e73-cc5fa9270c69.html,henryherald.com,20220603T121500Z,English,United States
restoration of vegetated coastal ecosystems,mangrove restoration,"More than 40 % of Earth land surface must be conserved to stop the biodiversity crisis , report warns",https://www.albanyherald.com/news/more-than-40-of-earths-land-surface-must-be-conserved-to-stop-the-biodiversity-crisis/article_3a846035-fce1-5c2e-8f7e-e66d5548692b.html,albanyherald.com,20220603T120000Z,English,United States
restoration of vegetated coastal ecosystems,mangrove restoration,"More than 40 % of Earth land surface must be conserved to stop the biodiversity crisis , report warns",https://www.jacksonprogress-argus.com/news/more-than-40-of-earths-land-surface-must-be-conserved-to-stop-the-biodiversity-crisis/article_2e08c131-e7ba-5481-9b8a-7e04065d9a52.html,jacksonprogress-argus.com,20220603T111500Z,English,United States
restoration of vegetated coastal ecosystems,mangrove restoration,"More than 40 % of Earth land surface must be conserved to stop the biodiversity crisis , report warns",https://www.rockdalenewtoncitizen.com/news/more-than-40-of-earths-land-surface-must-be-conserved-to-stop-the-biodiversity-crisis/article_87c52cae-ee3d-55e1-9b84-08d5611d5fc4.html,rockdalenewtoncitizen.com,20220603T111500Z,English,United States
restoration of vegetated coastal ecosystems,mangrove restoration,"More than 40 % of Earth land surface must be conserved to stop the biodiversity crisis , report warns",https://abc17news.com/news/national-world/cnn-world/2022/06/03/more-than-40-of-earths-land-surface-must-be-conserved-to-stop-the-biodiversity-crisis-report-warns/,abc17news.com,20220603T104500Z,English,United States
restoration of vegetated coastal ecosystems,mangrove restoration,"More than 40 % of Earth land surface must be conserved to stop the biodiversity crisis , report warns",https://www.gwinnettdailypost.com/news/more-than-40-of-earths-land-surface-must-be-conserved-to-stop-the-biodiversity-crisis/article_df6cff40-3dd1-5380-85bb-a420337ae12c.html,gwinnettdailypost.com,20220603T100000Z,English,United States
restoration of vegetated coastal ecosystems,mangrove restoration,EAD  Blue Carbon Project  selected among 12 UpLink Ocean Top Innovations,https://www.bignewsnetwork.com/news/272573263/ead-blue-carbon-project-selected-among-12-uplink-ocean-top-innovations,bignewsnetwork.com,20220602T084500Z,English,United States
restoration of vegetated coastal ecosystems,mangrove restoration,Could Blue Carbon Credits Be The Future Of Sustainable Financing ?,https://markets.businessinsider.com/news/stocks/could-blue-carbon-credits-be-the-future-of-sustainable-financing-1031503176,markets.businessinsider.com,20220601T194500Z,English,United States
restoration of vegetated coastal ecosystems,mangrove restoration,"In oil - rich Niger Delta , coastal erosion frustrates locals endlessly | Features",https://www.wiredprnews.com/in-oil-rich-niger-delta-coastal-erosion-frustrates-locals-endlessly-features/,wiredprnews.com,20220601T184500Z,English,United States
restoration of vegetated coastal ecosystems,mangrove restoration,Could Blue Carbon Credits Be The Future Of Sustainable Financing ?,https://oilprice.com/The-Environment/Global-Warming/Could-Blue-Carbon-Credits-Be-The-Future-Of-Sustainable-Financing.html,oilprice.com,20220601T183000Z,English,United States
restoration of vegetated coastal ecosystems,mangrove restoration,New global fund invests in nature to shore up climate fight,https://news.trust.org:443/item/20220601155416-qpzar/,news.trust.org,20220601T164500Z,English,United States
restoration of vegetated coastal ecosystems,mangrove restoration,"In oil - rich Niger Delta , coastal erosion frustrates locals endlessly",https://www.aljazeera.com/features/2022/6/1/in-oil-rich-niger-delta-coastal-erosion-is-outliving-residents,aljazeera.com,20220601T150000Z,English,United States
restoration of vegetated coastal ecosystems,mangrove restoration,Brevard commissioners OK grants for 10 Indian River Lagoon projects,https://www.floridatoday.com/story/news/local/environment/lagoon/2022/08/31/brevard-commissioners-ok-grants-10-indian-river-lagoon-projects/7940127001/,floridatoday.com,20220831T151500Z,English,United States
restoration of vegetated coastal ecosystems,mangrove restoration,Minecraft map explores the world of Nobel Peace Prize Laureates,https://www.pcgamesn.com/minecraft/map-nobel-peace,pcgamesn.com,20220831T150000Z,English,United States
restoration of vegetated coastal ecosystems,mangrove restoration,Are mangroves the answer to climate change ? West Palm growers say yes,https://www.palmbeachpost.com/story/news/local/2022/08/31/mangroves-climate-change-west-palm-beach-florida-growers/7496573001/,palmbeachpost.com,20220831T114500Z,English,United States
restoration of vegetated coastal ecosystems,mangrove restoration,Can mangrove plants tackle climate change ? These West Palm Beach growers say they can,https://news.yahoo.com/mangrove-plants-tackle-climate-change-090004621.html,news.yahoo.com,20220831T094500Z,English,United States
restoration of vegetated coastal ecosystems,mangrove restoration,"A climate strategy for Malaysia : Pressure global big polluters , reduce local climate vulnerabilities Yin Shao Loong",https://www.malaymail.com/news/what-you-think/2022/08/29/a-climate-strategy-for-malaysia-pressure-global-big-polluters-reduce-local-climate-vulnerabilities-yin-shao-loong/25379,malaymail.com,20220829T090000Z,English,United States
restoration of vegetated coastal ecosystems,mangrove restoration,"For clean energy , financial growth , Africa looks to UN talks",https://www.eagletribune.com/news/world/for-clean-energy-financial-growth-africa-looks-to-un-talks/article_ce8c1b32-aab1-5cf8-bf98-6b4f7a337931.html,eagletribune.com,20220827T083000Z,English,United States
restoration of vegetated coastal ecosystems,mangrove restoration,Campus news,https://www.thelandmark.com/story/news/education/campus/2022/08/25/campus-news/7767810001/,thelandmark.com,20220825T140000Z,English,United States
restoration of vegetated coastal ecosystems,mangrove restoration,"For clean energy , financial growth , Africa looks to UN talks",https://www.ivpressonline.com/news/world/for-clean-energy-financial-growth-africa-looks-to-un-talks/article_9d5c73d6-a14e-5ea9-929f-362690279168.html,ivpressonline.com,20220824T220000Z,English,United States
restoration of vegetated coastal ecosystems,mangrove restoration,"For clean energy , financial growth , Africa looks to UN talks",https://www.smdailyjournal.com/news/world/for-clean-energy-financial-growth-africa-looks-to-un-talks/article_0b0f08bd-d078-5137-9b98-463219b32809.html,smdailyjournal.com,20220824T141500Z,English,United States
restoration of vegetated coastal ecosystems,mangrove restoration,"For clean energy , financial growth , Africa looks to UN talks",https://www.bozemandailychronicle.com/ap_news/international/for-clean-energy-financial-growth-africa-looks-to-un-talks/article_7b401cae-55a2-5e2c-9ba0-a370c1e894b6.html,bozemandailychronicle.com,20220824T124500Z,English,United States
restoration of vegetated coastal ecosystems,mangrove restoration,"For clean energy , financial growth , Africa looks to UN talks",https://www.union-bulletin.com/news/world/for-clean-energy-financial-growth-africa-looks-to-un-talks/article_8b354e30-a8aa-5147-818a-6cf9d8a15e14.html,union-bulletin.com,20220824T120000Z,English,United States
restoration of vegetated coastal ecosystems,mangrove restoration,"For clean energy , financial growth , Africa looks to UN talks",https://www.wdtimes.com/news/world/for-clean-energy-financial-growth-africa-looks-to-un-talks/article_cc4d1666-bcbd-5848-a462-d75b19f4a2d7.html,wdtimes.com,20220824T120000Z,English,United States
restoration of vegetated coastal ecosystems,mangrove restoration,"For clean energy , financial growth , Africa looks to UN talks",https://www.ifiberone.com/news/national_news/for-clean-energy-financial-growth-africa-looks-to-un-talks/article_b48def1a-baf8-5723-94c1-462ab02f92eb.html,ifiberone.com,20220824T111500Z,English,United States
restoration of vegetated coastal ecosystems,mangrove restoration,"For clean energy , financial growth , Africa looks to UN talks",https://www.news-gazette.com/news/nation-world/for-clean-energy-financial-growth-africa-looks-to-un-talks/article_59ab0199-9363-5814-8347-2e1024cd67e6.html,news-gazette.com,20220824T101500Z,English,United States
restoration of vegetated coastal ecosystems,mangrove restoration,"For clean energy , financial growth , Africa looks to UN talks",https://www.dailyadvance.com/news/world/for-clean-energy-financial-growth-africa-looks-to-un-talks/article_10660496-c09f-502a-9341-69833901f1c1.html,dailyadvance.com,20220824T101500Z,English,United States
restoration of vegetated coastal ecosystems,mangrove restoration,"For clean energy , financial growth , Africa looks to UN talks",https://www.hjnews.com/world/for-clean-energy-financial-growth-africa-looks-to-un-talks/article_eed89a38-74c9-5871-80d2-dbe631fc5ba2.html,hjnews.com,20220824T090000Z,English,United States
restoration of vegetated coastal ecosystems,mangrove restoration,"For clean energy , financial growth , Africa looks to UN talks",https://www.idahopress.com/news/world/for-clean-energy-financial-growth-africa-looks-to-un-talks/article_e7f19521-0c5d-50ef-9eb2-dbe150ac3e7e.html,idahopress.com,20220824T090000Z,English,United States
restoration of vegetated coastal ecosystems,mangrove restoration,"For clean energy , financial growth , Africa looks to UN talks",https://www.thesunchronicle.com/news/nation_world/for-clean-energy-financial-growth-africa-looks-to-un-talks/article_3dd5d4a0-e9bc-53b1-8d95-ac6653611306.html,thesunchronicle.com,20220824T084500Z,English,United States
restoration of vegetated coastal ecosystems,mangrove restoration,"For clean energy , financial growth , Africa looks to UN talks",https://wtmj.com/national/2022/08/24/for-clean-energy-financial-growth-africa-looks-to-un-talks/,wtmj.com,20220824T084500Z,English,United States
restoration of vegetated coastal ecosystems,mangrove restoration,"For clean energy , financial growth , Africa looks to UN talks",https://santamariatimes.com/news/world/for-clean-energy-financial-growth-africa-looks-to-un-talks/article_00814206-6ea4-5346-bd51-106402eb29ec.html,santamariatimes.com,20220824T084500Z,English,United States
restoration of vegetated coastal ecosystems,mangrove restoration,"For clean energy , financial growth , Africa looks to UN talks",https://www.corsicanadailysun.com/national/for-clean-energy-financial-growth-africa-looks-to-un-talks/article_b24462bc-3a67-5260-9a1f-208ed2412b30.html,corsicanadailysun.com,20220824T081500Z,English,United States
restoration of vegetated coastal ecosystems,mangrove restoration,"For clean energy , financial growth , Africa looks to UN talks",https://www.timesunion.com/news/article/For-clean-energy-financial-growth-Africa-looks-17394300.php,timesunion.com,20220824T080000Z,English,United States
restoration of vegetated coastal ecosystems,mangrove restoration,"For clean energy , financial growth , Africa looks to UN talks",https://apnews.com/article/africa-united-nations-kenya-african-union-5fd8e1019463cc90ae26ca0d38161287,apnews.com,20220824T080000Z,English,United States
restoration of vegetated coastal ecosystems,mangrove restoration,"For clean energy , financial growth , Africa looks to UN talks",https://www.the-messenger.com/news/world/article_41031131-764e-507f-989f-c45e86605ef9.html,the-messenger.com,20220824T080000Z,English,United States
restoration of vegetated coastal ecosystems,mangrove restoration,"For clean energy , financial growth , Africa looks to UN talks",https://www.wfmz.com/news/for-clean-energy-financial-growth-africa-looks-to-un-talks/article_436e36d2-791e-5173-8a82-3ed1561069f1.html,wfmz.com,20220824T080000Z,English,United States
restoration of vegetated coastal ecosystems,mangrove restoration,"For clean energy , financial growth , Africa looks to UN talks",https://www.lmtonline.com/news/article/For-clean-energy-financial-growth-Africa-looks-17394300.php,lmtonline.com,20220824T080000Z,English,United States
restoration of vegetated coastal ecosystems,mangrove restoration,"For clean energy , financial growth , Africa looks to UN talks",https://www.houstonchronicle.com/news/article/For-clean-energy-financial-growth-Africa-looks-17394300.php,houstonchronicle.com,20220824T074500Z,English,United States
restoration of vegetated coastal ecosystems,mangrove restoration,"For clean energy , financial growth , Africa looks to UN talks",http://www.msn.com/en-us/news/world/for-clean-energy-financial-growth-africa-looks-to-un-talks/ar-AA1120cJ,msn.com,20220824T074500Z,English,United States
restoration of vegetated coastal ecosystems,mangrove restoration,"For clean energy , financial growth , Africa looks to UN talks",https://www.kob.com/news/us-and-world-news/for-clean-energy-financial-growth-africa-looks-to-un-talks/,kob.com,20220824T074500Z,English,United States
restoration of vegetated coastal ecosystems,mangrove restoration,"For clean energy , financial growth , Africa looks to UN talks",https://www.sfgate.com/news/article/For-clean-energy-financial-growth-Africa-looks-17394300.php,sfgate.com,20220824T074500Z,English,United States
restoration of vegetated coastal ecosystems,mangrove restoration,"For clean energy , financial growth , Africa looks to UN talks",https://www.thetelegraph.com/news/article/For-clean-energy-financial-growth-Africa-looks-17394300.php,thetelegraph.com,20220824T073000Z,English,United States
restoration of vegetated coastal ecosystems,mangrove restoration,"For clean energy , financial growth , Africa looks to UN talks",https://www.wbal.com/article/580288/127/for-clean-energy-financial-growth-africa-looks-to-un-talks,wbal.com,20220824T073000Z,English,United States
restoration of vegetated coastal ecosystems,mangrove restoration,"For clean energy , financial growth , Africa looks to UN talks",https://www.chron.com/news/article/For-clean-energy-financial-growth-Africa-looks-17394300.php,chron.com,20220824T073000Z,English,United States
restoration of vegetated coastal ecosystems,mangrove restoration,"For clean energy , financial growth , Africa looks to UN talks",https://isp.netscape.com/news/world/story/0001/20220824/5fd8e1019463cc90ae26ca0d38161287,isp.netscape.com,20220824T073000Z,English,United States
restoration of vegetated coastal ecosystems,mangrove restoration,"For clean energy , financial growth , Africa looks to UN talks",https://www.washingtonpost.com/world/for-clean-energy-financial-growth-africa-looks-to-un-talks/2022/08/24/65e91d98-237a-11ed-a72f-1e7149072fbc_story.html,washingtonpost.com,20220824T073000Z,English,United States
restoration of vegetated coastal ecosystems,mangrove restoration,"For clean energy , financial growth , Africa looks to UN talks",https://www.swoknews.com/ap/international/for-clean-energy-financial-growth-africa-looks-to-un-talks/article_1638a61c-d8fa-5b03-9ca2-e8f53310d5c0.html,swoknews.com,20220824T073000Z,English,United States
restoration of vegetated coastal ecosystems,mangrove restoration,"For clean energy , financial growth , Africa looks to UN talks",https://apnews.com/5fd8e1019463cc90ae26ca0d38161287,apnews.com,20220824T073000Z,English,United States
restoration of vegetated coastal ecosystems,mangrove restoration,"For clean energy , financial growth , Africa looks to UN talks",https://www.sandiegouniontribune.com/news/nation-world/story/2022-08-24/for-clean-energy-financial-growth-africa-looks-to-un-talks,sandiegouniontribune.com,20220824T073000Z,English,United States
restoration of vegetated coastal ecosystems,mangrove restoration,Nina Jensen : REV Ocean Will Change Superyacht Industry,https://elitetraveler.com/cars-jets-and-yachts/yachts/nina-jensen-rev-superyacht,elitetraveler.com,20220811T100000Z,English,United States
restoration of vegetated coastal ecosystems,mangrove restoration,The Growing Importance of UM Environmental Law Program,https://news.miami.edu/law/stories/2022/08/the-growing-importance-of-ums-environmental-law-program.html,news.miami.edu,20220811T064500Z,English,United States
restoration of vegetated coastal ecosystems,mangrove restoration,2022 - 08 - 08 | Press Release | KLIMAT X PROVIDES CORPORATE UPDATE ON CARBON CREDIT PIPELINE AND GROWTH STRATEGY,https://stockhouse.com/news/press-releases/2022/08/08/klimat-x-provides-corporate-update-on-carbon-credit-pipeline-and-growth-strategy,stockhouse.com,20220810T094500Z,English,United States
restoration of vegetated coastal ecosystems,mangrove restoration,Nina Jensen on How REV Ocean Can Change the Superyacht Industry,https://elitetraveler.com/cars-jets-and-yachts/yachts/nina-jensen-rev-ocean-superyacht,elitetraveler.com,20220806T114500Z,English,United States
restoration of vegetated coastal ecosystems,mangrove restoration,Doubts Raised Over Conditions of Mexico Mangroves,https://www.ipsnews.net/2022/08/doubts-raised-conditions-mexicos-mangroves/,ipsnews.net,20220802T153000Z,English,United States
restoration of vegetated coastal ecosystems,mangrove restoration,Indonesia green belt – Protecting and restoring the country mangroves,https://blogs.worldbank.org/eastasiapacific/indonesias-green-belt-protecting-and-restoring-countrys-mangroves,blogs.worldbank.org,20220802T101500Z,English,United States
restoration of vegetated coastal ecosystems,mangrove restoration,What We Can Learn from the World Most Eco - Friendly Countries,https://www.msn.com/en-us/lifestyle/other/what-we-can-learn-from-the-world-e2-80-99s-most-eco-friendly-countries/ar-AAZOrsK,msn.com,20220802T063000Z,English,United States
restoration of vegetated coastal ecosystems,mangrove restoration,"With forests abound , Africa looks to grow its carbon market",https://kearneyhub.com/ap/international/with-forests-abound-africa-looks-to-grow-its-carbon-market/article_77a1244b-4cd7-5720-8e97-8a2fcfa34b36.html,kearneyhub.com,20221001T171500Z,English,United States
restoration of vegetated coastal ecosystems,mangrove restoration,"CARBON NEUTRAL ROYALTY CONFIRMS COMPLETION OF 1 , 500 HA OF PLANTING AT THE BOKEPYIN MANGROVE RESTORATION PROJECT",https://finance.yahoo.com/news/carbon-neutral-royalty-confirms-completion-070000244.html,finance.yahoo.com,20220928T224500Z,English,United States
restoration of vegetated coastal ecosystems,mangrove restoration,"CARBON NEUTRAL ROYALTY CONFIRMS COMPLETION OF 1 , 500 HA OF PLANTING AT THE BOKEPYIN MANGROVE RESTORATION PROJECT",https://www.prnewswire.com:443/news-releases/carbon-neutral-royalty-confirms-completion-of-1-500-ha-of-planting-at-the-bokepyin-mangrove-restoration-project-301635009.html,prnewswire.com,20220928T074500Z,English,United States
restoration of vegetated coastal ecosystems,mangrove restoration,This Eco - Friendly Sustainable Resort Doesnt Compromise On Luxury,https://www.forbes.com/sites/miriamporter/2022/09/23/this-eco-friendly-sustainable-resort-doesnt-compromise-on-luxury/,forbes.com,20220923T191500Z,English,United States
restoration of vegetated coastal ecosystems,mangrove restoration,Researchers will study how to best support Florida mangrove and coral reef ecosystems,https://news.wfsu.org/state-news/2022-09-23/researchers-will-study-how-to-best-support-florida-mangrove-and-coral-reef-ecosystems,news.wfsu.org,20220923T174500Z,English,United States
restoration of vegetated coastal ecosystems,mangrove restoration,Researchers will study how to best support Florida mangrove and coral reef ecosystems,https://www.wfit.org/environment-and-science/2022-09-23/researchers-will-study-how-to-best-support-florida-mangrove-and-coral-reef-ecosystems,wfit.org,20220923T120000Z,English,United States
restoration of vegetated coastal ecosystems,mangrove restoration,Researchers will study how to best support Florida mangrove and coral reef ecosystems,https://www.wuwf.org/florida-news/2022-09-22/researchers-will-study-how-to-best-support-florida-mangrove-and-coral-reef-ecosystems,wuwf.org,20220923T040000Z,English,United States
restoration of vegetated coastal ecosystems,mangrove restoration,Researchers will study how to best support Florida mangrove and coral reef ecosystems,https://wusfnews.wusf.usf.edu/environment/2022-09-22/researchers-study-support-florida-mangrove-coral-reef-ecosystems,wusfnews.wusf.usf.edu,20220922T210000Z,English,United States
restoration of vegetated coastal ecosystems,mangrove restoration,Minecraft map lets you explore our frozen planet,https://www.pcgamesn.com/minecraft/map-frozen-planet,pcgamesn.com,20220921T151500Z,English,United States
restoration of vegetated coastal ecosystems,mangrove restoration,Climate Solutions : How Eden Reforestation Projects Has Planted And Restored Nearly A Billion Trees – And Is Looking For Companies To Partner With,https://www.forbes.com/sites/afdhelaziz/2022/09/20/climate-solutions-how-eden-reforestation-projects-has-planted-and-restored-nearly-a-billion-trees--and-is-looking-for-companies-to-partner-with/,forbes.com,20220920T154500Z,English,United States
restoration of vegetated coastal ecosystems,mangrove restoration,"With forests abound , Africa looks to grow its carbon market",https://wnyt.com/us-news/with-forests-abound-africa-looks-to-grow-its-carbon-market/,wnyt.com,20220917T140000Z,English,United States
restoration of vegetated coastal ecosystems,mangrove restoration,"With forests abound , Africa looks to grow its carbon market",https://www.record-eagle.com/ap/international/with-forests-abound-africa-looks-to-grow-its-carbon-market/article_5e06342e-e89d-5b61-b669-758dc42486b4.html,record-eagle.com,20220916T140000Z,English,United States
restoration of vegetated coastal ecosystems,mangrove restoration,How Kenyans help themselves and the planet by saving mangrove trees,https://www.sciencenews.org/article/kenya-mangrove-trees-forest-carbon-storage-climate,sciencenews.org,20220914T113000Z,English,United States
restoration of vegetated coastal ecosystems,mangrove restoration,"With forests abound , Africa looks to grow its carbon market",https://www.newspressnow.com/with-forests-abound-africa-looks-to-grow-its-carbon-market/article_6987183e-33c8-11ed-bd4e-d3f465c34fe2.html,newspressnow.com,20220914T023000Z,English,United States
restoration of vegetated coastal ecosystems,mangrove restoration,Africa to Grow Carbon Market,https://www.eagletimes.com/africa-to-grow-carbon-market/article_3ce3463e-2f4c-567d-9c2a-68e63b106ba1.html,eagletimes.com,20220913T044500Z,English,United States
restoration of vegetated coastal ecosystems,mangrove restoration,Businesses invest in Africa to offset carbon dioxide emissions,https://journalrecord.com/2022/09/12/businesses-invest-in-africa-to-offset-carbon-dioxide-emissions/,journalrecord.com,20220912T233000Z,English,United States
restoration of vegetated coastal ecosystems,mangrove restoration,"With forests abound , Africa looks to grow its carbon market",https://thegrio.com/2022/09/12/with-forests-abound-africa-looks-to-grow-its-carbon-market/,thegrio.com,20220912T143000Z,English,United States
restoration of vegetated coastal ecosystems,mangrove restoration,Forests make a comeback as African governments look to grow their carbon market,https://www.pbs.org/newshour/world/forests-make-a-comeback-as-african-governments-look-to-grow-their-carbon-market,pbs.org,20220910T181500Z,English,United States
restoration of vegetated coastal ecosystems,mangrove restoration,"With forests abound , Africa looks to grow its carbon market",https://apnews.com/article/africa-forests-united-nations-kenya-climate-and-environment-383d3a3197b730cd37946ea1dda1d3d7,apnews.com,20220910T154500Z,English,United States
restoration of vegetated coastal ecosystems,mangrove restoration,"With forests abound , Africa looks to grow its carbon market",https://www.startribune.com/with-forests-abound-africa-looks-to-grow-its-carbon-market/600205518/,startribune.com,20220910T144500Z,English,United States
restoration of vegetated coastal ecosystems,mangrove restoration,"With forests abound , Africa looks to grow its carbon market",https://www.the-messenger.com/news/world/article_d3617556-c97b-5bba-9074-71caa68aee1a.html,the-messenger.com,20220910T133000Z,English,United States
restoration of vegetated coastal ecosystems,mangrove restoration,"With forests abound , Africa looks to grow its carbon market",https://www.wvnews.com/mineralnews/newsfeed/world/with-forests-abound-africa-looks-to-grow-its-carbon-market/article_b52517fe-47a7-52e0-9255-66b8a7b5df17.html,wvnews.com,20220910T124500Z,English,United States
restoration of vegetated coastal ecosystems,mangrove restoration,"With forests abound , Africa looks to grow its carbon market",https://www.ifiberone.com/south_sound/news/national_news/with-forests-abound-africa-looks-to-grow-its-carbon-market/article_c8d5f543-dfcd-5476-803b-42c93fd003cf.html,ifiberone.com,20220910T114500Z,English,United States
restoration of vegetated coastal ecosystems,mangrove restoration,"With forests abound , Africa looks to grow its carbon market",https://www.ifiberone.com/news/national_news/with-forests-abound-africa-looks-to-grow-its-carbon-market/article_c8d5f543-dfcd-5476-803b-42c93fd003cf.html,ifiberone.com,20220910T113000Z,English,United States
restoration of vegetated coastal ecosystems,mangrove restoration,"With forests abound , Africa looks to grow its carbon market",https://wtop.com/news/2022/09/with-forests-abound-africa-looks-to-grow-its-carbon-market/,wtop.com,20220910T113000Z,English,United States
restoration of vegetated coastal ecosystems,mangrove restoration,"With forests abound , Africa looks to grow its carbon market",https://www.union-bulletin.com/news/world/with-forests-abound-africa-looks-to-grow-its-carbon-market/article_750f26a5-fd61-5c3e-abb6-12007179ac49.html,union-bulletin.com,20220910T111500Z,English,United States
restoration of vegetated coastal ecosystems,mangrove restoration,"With forests abound , Africa looks to grow its carbon market",https://www.eagletribune.com/region/with-forests-abound-africa-looks-to-grow-its-carbon-market/article_6737008b-2079-59ad-a624-7154460fa7e3.html,eagletribune.com,20220910T111500Z,English,United States
restoration of vegetated coastal ecosystems,mangrove restoration,"With forests abound , Africa looks to grow its carbon market",https://www.goshennews.com/news/national_news/with-forests-abound-africa-looks-to-grow-its-carbon-market/article_b3c5b231-0ca4-5fb0-b705-e34446e5b2fb.html,goshennews.com,20220910T110000Z,English,United States
restoration of vegetated coastal ecosystems,mangrove restoration,"With forests abound , Africa looks to grow its carbon market",https://www.yakimaherald.com/ap/international/with-forests-abound-africa-looks-to-grow-its-carbon-market/article_9305fb31-f50f-55d8-a2f7-2fbcdd21f7b6.html,yakimaherald.com,20220910T110000Z,English,United States
restoration of vegetated coastal ecosystems,mangrove restoration,"With forests abound , Africa looks to grow its carbon market",https://www.dailyherald.com/article/20220910/news/309109979/,dailyherald.com,20220910T104500Z,English,United States
restoration of vegetated coastal ecosystems,mangrove restoration,"With forests abound , Africa looks to grow its carbon market",https://www.bakersfield.com/ap/national/with-forests-abound-africa-looks-to-grow-its-carbon-market/article_ce8e2dd9-8045-50d1-ba5c-f06a258870ea.html,bakersfield.com,20220910T101500Z,English,United States
restoration of vegetated coastal ecosystems,mangrove restoration,"With forests abound , Africa looks to grow its carbon market",https://www.wdio.com/front-page/world-national/with-forests-abound-africa-looks-to-grow-its-carbon-market/,wdio.com,20220910T101500Z,English,United States
restoration of vegetated coastal ecosystems,mangrove restoration,"With forests abound , Africa looks to grow its carbon market",https://www.aspendailynews.com/associated_press/with-forests-abound-africa-looks-to-grow-its-carbon-market/article_89d1b47c-03a7-54c4-8125-fa6ac0a84358.html,aspendailynews.com,20220910T100000Z,English,United States
restoration of vegetated coastal ecosystems,mangrove restoration,"With forests abound , Africa looks to grow its carbon market",https://www.corsicanadailysun.com/national/with-forests-abound-africa-looks-to-grow-its-carbon-market/article_3f3a91f0-3478-5fb7-bc56-49156efd5a9b.html,corsicanadailysun.com,20220910T094500Z,English,United States
restoration of vegetated coastal ecosystems,mangrove restoration,"With forests abound , Africa looks to grow its carbon market",https://santamariatimes.com/news/world/with-forests-abound-africa-looks-to-grow-its-carbon-market/article_1167fba6-5565-592f-ad00-766729f856bb.html,santamariatimes.com,20220910T094500Z,English,United States
restoration of vegetated coastal ecosystems,mangrove restoration,"With forests abound , Africa looks to grow its carbon market",https://www.greensburgdailynews.com/news/nation_world/with-forests-abound-africa-looks-to-grow-its-carbon-market/article_4feb0003-a878-594a-9b48-b56c425c198e.html,greensburgdailynews.com,20220910T094500Z,English,United States
restoration of vegetated coastal ecosystems,mangrove restoration,"With forests abound , Africa looks to grow its carbon market",https://www.news-gazette.com/news/nation-world/with-forests-abound-africa-looks-to-grow-its-carbon-market/article_55bece63-3a15-5561-875d-5f50e979f5a0.html,news-gazette.com,20220910T093000Z,English,United States
restoration of vegetated coastal ecosystems,mangrove restoration,"With forests abound , Africa looks to grow its carbon market",https://www.thesunchronicle.com/news/nation_world/with-forests-abound-africa-looks-to-grow-its-carbon-market/article_3a781383-4c0d-552f-9147-23c838475aed.html,thesunchronicle.com,20220910T091500Z,English,United States
restoration of vegetated coastal ecosystems,mangrove restoration,"With forests abound , Africa looks to grow its carbon market",https://www.dailyadvance.com/news/world/with-forests-abound-africa-looks-to-grow-its-carbon-market/article_15090e17-87ab-5a3c-aa57-5667db203df2.html,dailyadvance.com,20220910T091500Z,English,United States
restoration of vegetated coastal ecosystems,mangrove restoration,"With forests abound , Africa looks to grow its carbon market",https://www.bozemandailychronicle.com/ap_news/international/with-forests-abound-africa-looks-to-grow-its-carbon-market/article_f1fefe3c-f2e0-55bf-8897-847958c41905.html,bozemandailychronicle.com,20220910T090000Z,English,United States
restoration of vegetated coastal ecosystems,mangrove restoration,"With forests abound , Africa looks to grow its carbon market",https://www.idahopress.com/news/world/with-forests-abound-africa-looks-to-grow-its-carbon-market/article_32af1570-41ba-5964-b8f3-930ceb76bda0.html,idahopress.com,20220910T084500Z,English,United States
restoration of vegetated coastal ecosystems,mangrove restoration,"With forests abound , Africa looks to grow its carbon market",https://www.normantranscript.com/region/with-forests-abound-africa-looks-to-grow-its-carbon-market/article_7ec89e2e-a685-575d-8a1e-ff347637048f.html,normantranscript.com,20220910T084500Z,English,United States
restoration of vegetated coastal ecosystems,mangrove restoration,"With forests abound , Africa looks to grow its carbon market",https://www.wvnews.com/jacksonnewsnewsfeed/world/with-forests-abound-africa-looks-to-grow-its-carbon-market/article_b52517fe-47a7-52e0-9255-66b8a7b5df17.html,wvnews.com,20220910T083000Z,English,United States
restoration of vegetated coastal ecosystems,mangrove restoration,"With forests abound , Africa looks to grow its carbon market",https://kdhnews.com/news/world/with-forests-abound-africa-looks-to-grow-its-carbon-market/article_9dfefec4-b12d-51d1-b302-2cc5b1ec4346.html,kdhnews.com,20220910T083000Z,English,United States
restoration of vegetated coastal ecosystems,mangrove restoration,"With forests abound , Africa looks to grow its carbon market",https://wtmj.com/national/2022/09/10/with-forests-abound-africa-looks-to-grow-its-carbon-market/,wtmj.com,20220910T083000Z,English,United States
restoration of vegetated coastal ecosystems,mangrove restoration,"With forests abound , Africa looks to grow its carbon market",http://www.msn.com/en-us/news/us/with-forests-abound-africa-looks-to-grow-its-carbon-market/ar-AA11Fuu3,msn.com,20220910T081500Z,English,United States
restoration of vegetated coastal ecosystems,mangrove restoration,"With forests abound , Africa looks to grow its carbon market",https://www.whec.com/national-world/with-forests-abound-africa-looks-to-grow-its-carbon-market/,whec.com,20220910T081500Z,English,United States
restoration of vegetated coastal ecosystems,mangrove restoration,"With forests abound , Africa looks to grow its carbon market",https://www.sandiegouniontribune.com/news/nation-world/story/2022-09-10/with-forests-abound-africa-looks-to-grow-its-carbon-market,sandiegouniontribune.com,20220910T081500Z,English,United States
restoration of vegetated coastal ecosystems,mangrove restoration,"With forests abound , Africa looks to grow its carbon market",https://apnews.com/383d3a3197b730cd37946ea1dda1d3d7,apnews.com,20220910T081500Z,English,United States
restoration of vegetated coastal ecosystems,mangrove restoration,"With forests abound , Africa looks to grow its carbon market",https://news.yahoo.com/forests-abound-africa-looks-grow-073418407.html,news.yahoo.com,20220910T080000Z,English,United States
restoration of vegetated coastal ecosystems,mangrove restoration,"With forests abound , Africa looks to grow its carbon market",https://www.smdailyjournal.com/news/world/with-forests-abound-africa-looks-to-grow-its-carbon-market/article_f14e184c-678c-59f7-a316-2c140a6b34df.html,smdailyjournal.com,20220910T080000Z,English,United States
restoration of vegetated coastal ecosystems,mangrove restoration,"With forests abound , Africa looks to grow its carbon market",https://www.washingtonpost.com/world/with-forests-abound-africa-looks-to-grow-its-carbon-market/2022/09/10/1887ef16-30db-11ed-bcc6-0874b26ae296_story.html,washingtonpost.com,20220910T080000Z,English,United States
restoration of vegetated coastal ecosystems,mangrove restoration,"With forests abound , Africa looks to grow its carbon market",https://www.kob.com/news/us-and-world-news/with-forests-abound-africa-looks-to-grow-its-carbon-market/,kob.com,20220910T080000Z,English,United States
restoration of vegetated coastal ecosystems,mangrove restoration,How to Communicate Carbon Offsets to Clients,https://www.travelmarketreport.com/articles/How-to-Communicate-Carbon-Offsets-to-Clients,travelmarketreport.com,20220909T200000Z,English,United States
restoration of vegetated coastal ecosystems,mangrove restoration,USF awarded $20 million federal grant to protect coral reef and mangrove ecosystems,https://www.usf.edu/news/2022/usf-awarded-20-million-federal-grant-to-protect-coral-reef-and-mangrove-ecosystems.aspx,usf.edu,20220907T130000Z,English,United States
restoration of vegetated coastal ecosystems,mangrove restoration,USF awarded $20 million federal grant to protect coral reef and mangrove ecosystems,https://www.miragenews.com/usf-awarded-20-million-federal-grant-to-protect-850720/,miragenews.com,20220907T130000Z,English,United States
restoration of vegetated coastal ecosystems,mangrove restoration,How to Communicate Carbon Offsets to Clients,https://www.travelmarketreport.com/RetailStrategies/articles/How-to-Communicate-Carbon-Offsets-to-Clients,travelmarketreport.com,20220906T181500Z,English,United States
restoration of vegetated coastal ecosystems,mangrove restoration,How to Communicate Carbon Offsets to Clients,http://www.travelmarketreport.com/RetailStrategies/articles/How-to-Communicate-Carbon-Offsets-to-Clients,travelmarketreport.com,20220906T160000Z,English,United States
restoration of vegetated coastal ecosystems,mangrove restoration,Mallory Square redux,https://www.keysnews.com/living/columns/mallory-square-redux/article_2a9e5082-86ad-11ed-948e-1792ae1b5a32.html,keysnews.com,20221231T080000Z,English,United States
restoration of vegetated coastal ecosystems,mangrove restoration,Sustainable Business Solutions in Africa | World Resources Institute,https://www.wri.org/update/meet-16-african-businesses-restoring-land-and-making-money,wri.org,20221221T183000Z,English,United States
restoration of vegetated coastal ecosystems,mangrove restoration,AgroAmerica was awarded AMCHAM  Grand Prize  for Business Sustainability for the second consecutive year,https://www.tmcnet.com/usubmit/2022/12/13/9729939.htm,tmcnet.com,20221213T231500Z,English,United States
restoration of vegetated coastal ecosystems,mangrove restoration,An evolving voluntary carbon market - Environmental Finance,https://www.environmental-finance.com/content/awards/annual-market-rankings-2022/corporate-statements/an-evolving-voluntary-carbon-market.html,environmental-finance.com,20221213T154500Z,English,United States
restoration of vegetated coastal ecosystems,mangrove restoration,IPS Journalist Emilio Godoy Wins UNCA Gold Medal,https://www.ipsnews.net/2022/12/ips-journalist-emilio-godoy-wins-unca-gold-medal/,ipsnews.net,20221210T001500Z,English,United States
restoration of vegetated coastal ecosystems,mangrove restoration,What the Ocean Needs from COP15 | World Resources Institute,https://www.wri.org/insights/cop15-opportunity-healthier-ocean,wri.org,20221207T190000Z,English,United States
restoration of vegetated coastal ecosystems,mangrove restoration,"No biodiversity , no farmers , no food security",https://www.miragenews.com/no-biodiversity-no-farmers-no-food-security-909890/,miragenews.com,20221206T171500Z,English,United States
restoration of vegetated coastal ecosystems,mangrove restoration,El Salvador - a model for mangrove conservation ?,https://www.pressenza.com/2023/02/el-salvador-a-model-for-mangrove-conservation/,pressenza.com,20230224T183000Z,English,United States
restoration of vegetated coastal ecosystems,mangrove restoration,Restoring the Ciénaga Grande de Santa Marta : Reversing a Century of Colombian Tragedy,https://www.resilience.org/stories/2023-02-17/restoring-the-cienaga-grande-de-santa-marta-reversing-a-century-of-colombian-tragedy/,resilience.org,20230217T144500Z,English,United States
restoration of vegetated coastal ecosystems,mangrove restoration,"Solgaard Announces B Corp Certification , Increases Ocean Plastic Collection to 6lbs Per Purchase",https://www.prnewswire.com/news-releases/solgaard-announces-b-corp-certification-increases-ocean-plastic-collection-to-6lbs-per-purchase-301747209.html,prnewswire.com,20230215T131500Z,English,United States
restoration of vegetated coastal ecosystems,mangrove restoration,Calling all Climate Solution Innovators . Apply for the Keeling Curve Prize by Feb . 10th,https://brazilbusiness.einnews.com/pr_news/615910867/calling-all-climate-solution-innovators-apply-for-the-keeling-curve-prize-by-feb-10th,brazilbusiness.einnews.com,20230209T010000Z,English,United States
restoration of vegetated coastal ecosystems,mangrove restoration,"U . K . minister wraps up two - day visit , says little about constitution concerns",http://www.virginislandsdailynews.com/news/u-k-minister-wraps-up-two-day-visit-says-little-about-constitution-concerns/article_364d9593-e223-5f6f-9661-8dc1eebf8f98.html,virginislandsdailynews.com,20230207T180000Z,English,United States
restoration of vegetated coastal ecosystems,mangrove restoration,France Commits EUR3 Million Euros To OECS Mangrove Restoration on World Wetlands Day,https://grenadachronicle.com/france-commits-eur3-million-euros-to-oecs-mangrove-restoration-on-world-wetlands-day/,grenadachronicle.com,20230203T051500Z,English,United States
restoration of vegetated coastal ecosystems,mangrove restoration,France Commits EUR3 Million Euros To OECS Mangrove Restoration on World Wetlands Day,https://dominicanrepublicpost.com/france-commits-eur3-million-euros-to-oecs-mangrove-restoration-on-world-wetlands-day/,dominicanrepublicpost.com,20230203T033000Z,English,United States
restoration of vegetated coastal ecosystems,mangrove restoration,India finance minister announces new clean energy funds,https://www.ncnewsonline.com/news/national/indias-finance-minister-announces-new-clean-energy-funds/article_5955bc37-2d3c-5b4a-8224-f49d67b013c8.html,ncnewsonline.com,20230202T204500Z,English,United States
restoration of vegetated coastal ecosystems,mangrove restoration,Indian government announces fresh funds for clean energy initiatives : Biofuels Digest,https://www.biofuelsdigest.com/bdigest/2023/02/02/indian-government-announces-fresh-funds-for-clean-energy-initiatives/,biofuelsdigest.com,20230202T184500Z,English,United States
restoration of vegetated coastal ecosystems,mangrove restoration,India finance minister announces new clean energy funds – Metro US,http://www.metro.us/india-finance-minister-announces-new-clean-energy-funds/,metro.us,20230201T173000Z,English,United States
restoration of vegetated coastal ecosystems,mangrove restoration,India finance minister announces new clean energy funds,https://techxplore.com/news/2023-02-india-minister-energy-funds.html,techxplore.com,20230201T170000Z,English,United States
restoration of vegetated coastal ecosystems,mangrove restoration,India finance minister announces new clean energy funds – Metro US,https://www.metro.us/india-finance-minister-announces-new-clean-energy-funds/,metro.us,20230201T170000Z,English,United States
restoration of vegetated coastal ecosystems,mangrove restoration,India finance minister announces new clean energy funds,https://accesswdun.com/article/2023/2/1164542,accesswdun.com,20230201T141500Z,English,United States
restoration of vegetated coastal ecosystems,mangrove restoration,India finance minister announces new clean energy fun ...,https://accesswdun.com/article/2023/2/1164544,accesswdun.com,20230201T141500Z,English,United States
restoration of vegetated coastal ecosystems,mangrove restoration,India finance minister announces new clean energy funds,https://www.rockymounttelegram.com/news/world/indias-finance-minister-announces-new-clean-energy-funds/article_eb07ebfa-89b6-55ee-b5d5-ed73d37d07ff.html,rockymounttelegram.com,20230201T140000Z,English,United States
restoration of vegetated coastal ecosystems,mangrove restoration,India finance minister announces new clean energy funds,https://www.normantranscript.com/region/indias-finance-minister-announces-new-clean-energy-funds/article_d85505d8-4240-5811-8f83-2f0a1f151f9f.html,normantranscript.com,20230201T140000Z,English,United States
restoration of vegetated coastal ecosystems,mangrove restoration,India finance minister announces new clean energy funds,https://www.newspressnow.com/news/world_news/indias-finance-minister-announces-new-clean-energy-funds/article_1b8448c7-780d-57a8-9384-dc56ab0f99a0.html,newspressnow.com,20230201T134500Z,English,United States
restoration of vegetated coastal ecosystems,mangrove restoration,India finance minister announces new clean energy funds,https://www.washingtontimes.com/news/2023/feb/1/indias-finance-minister-announces-new-clean-energy/,washingtontimes.com,20230201T134500Z,English,United States
restoration of vegetated coastal ecosystems,mangrove restoration,India finance minister announces several new clean energy initiatives in annual federal budget speech,https://www.foxnews.com/world/indias-finance-minister-announces-several-new-clean-energy-initiatives-annual-federal-budget-speech,foxnews.com,20230201T133000Z,English,United States
restoration of vegetated coastal ecosystems,mangrove restoration,India finance minister announces new clean energy funds,https://www.dailyunion.com/news/nation_world/india-finance-minister-announces-new-clean-energy-funds/article_8455fac9-ed5a-5e46-b5de-3945b3c32b97.html,dailyunion.com,20230201T121500Z,English,United States
restoration of vegetated coastal ecosystems,mangrove restoration,India finance minister announces new clean energy funds,https://abcnews.go.com/Business/wireStory/india-finance-minister-announces-new-clean-energy-funds-96811576,abcnews.go.com,20230201T121500Z,English,United States
restoration of vegetated coastal ecosystems,mangrove restoration,India finance minister announces new clean energy funds,https://www.ifiberone.com/news/national_news/india-finance-minister-announces-new-clean-energy-funds/article_ee0a05df-442d-5447-98f1-cacc4e1ebd29.html,ifiberone.com,20230201T121500Z,English,United States
restoration of vegetated coastal ecosystems,mangrove restoration,India finance minister announces new clean energy funds,https://mynorthwest.com/3797978/india-finance-minister-announces-new-clean-energy-funds/,mynorthwest.com,20230201T120000Z,English,United States
restoration of vegetated coastal ecosystems,mangrove restoration,India finance minister announces new clean energy funds,https://www.wdtimes.com/news/world/india-finance-minister-announces-new-clean-energy-funds/article_57303f8e-cd5c-5c89-856f-eca013f2901f.html,wdtimes.com,20230201T114500Z,English,United States
restoration of vegetated coastal ecosystems,mangrove restoration,India finance minister announces new clean energy funds,https://abcnews.go.com/International/wireStory/india-finance-minister-announces-new-clean-energy-funds-96811574,abcnews.go.com,20230201T113000Z,English,United States
restoration of vegetated coastal ecosystems,mangrove restoration,India finance minister announces new clean energy funds,https://www.idahopress.com/news/world/india-finance-minister-announces-new-clean-energy-funds/article_5e88398e-1ec4-50ab-babf-dc34976f9fda.html,idahopress.com,20230201T111500Z,English,United States
restoration of vegetated coastal ecosystems,mangrove restoration,India finance minister announces new clean energy funds,https://apnews.com/article/india-government-business-climate-and-environment-renewable-energy-00827c7a9d5149368234b5b8a17a2384,apnews.com,20230201T111500Z,English,United States
restoration of vegetated coastal ecosystems,mangrove restoration,India finance minister announces new clean energy funds,https://www.beloitdailynews.com/news/national-news/indias-finance-minister-announces-new-clean-energy-funds/article_c39b5f29-3780-5421-ae43-a11e2e1e0c29.html,beloitdailynews.com,20230201T111500Z,English,United States
restoration of vegetated coastal ecosystems,mangrove restoration,India finance minister announces new clean energy funds,https://www.ottumwacourier.com/news/national_news/indias-finance-minister-announces-new-clean-energy-funds/article_49a496b9-cb08-5afb-8565-d360d0bcef3c.html,ottumwacourier.com,20230201T111500Z,English,United States
restoration of vegetated coastal ecosystems,mangrove restoration,India finance minister announces new clean energy funds,https://www.caledonianrecord.com/news/national/indias-finance-minister-announces-new-clean-energy-funds/article_e95d58db-1a29-5353-8983-ed9983c3cded.html,caledonianrecord.com,20230201T111500Z,English,United States
restoration of vegetated coastal ecosystems,mangrove restoration,India finance minister announces new clean energy funds,https://www.wfmz.com/news/ap/ap-business/indias-finance-minister-announces-new-clean-energy-funds/article_5e6c5420-5a0b-5640-8847-9b84e4758a65.html,wfmz.com,20230201T110000Z,English,United States
restoration of vegetated coastal ecosystems,mangrove restoration,India finance minister announces new clean energy funds,https://www.the-messenger.com/news/world/article_463064dc-8061-5044-a7b5-97b92948e636.html,the-messenger.com,20230201T110000Z,English,United States
restoration of vegetated coastal ecosystems,mangrove restoration,India finance minister announces new clean energy funds,https://www.ifiberone.com/south_sound/news/national_news/india-finance-minister-announces-new-clean-energy-funds/article_ee0a05df-442d-5447-98f1-cacc4e1ebd29.html,ifiberone.com,20230201T110000Z,English,United States
restoration of vegetated coastal ecosystems,mangrove restoration,India finance minister announces new clean energy funds,https://www.bozemandailychronicle.com/ap_news/business/indias-finance-minister-announces-new-clean-energy-funds/article_cf0c244d-002d-5ea0-b4ad-3f3d42a2b6ab.html,bozemandailychronicle.com,20230201T110000Z,English,United States
restoration of vegetated coastal ecosystems,mangrove restoration,India finance minister announces new clean energy funds,https://www.elpasoinc.com/india-finance-minister-announces-new-clean-energy-funds/article_4247c4e6-be17-5550-9270-8668752ecb1f.html,elpasoinc.com,20230201T104500Z,English,United States
restoration of vegetated coastal ecosystems,mangrove restoration,India finance minister announces new clean energy funds,https://www.swoknews.com/ap/business/indias-finance-minister-announces-new-clean-energy-funds/article_fe21426b-1d60-5cfa-ba52-ef0fc66389de.html,swoknews.com,20230201T104500Z,English,United States
restoration of vegetated coastal ecosystems,mangrove restoration,India finance minister announces new clean energy funds,https://www.newsitem.com/news/national/indias-finance-minister-announces-new-clean-energy-funds/article_ae7eb729-f41b-596b-b82d-75100cd8d071.html,newsitem.com,20230201T104500Z,English,United States
restoration of vegetated coastal ecosystems,mangrove restoration,India finance minister announces new clean energy funds,https://www.leadertelegram.com/news/nation-world/india-finance-minister-announces-new-clean-energy-funds/article_9f29b2f4-21af-5f2f-b20f-71e821a9b8ee.html,leadertelegram.com,20230201T103000Z,English,United States
restoration of vegetated coastal ecosystems,mangrove restoration,India finance minister announces new clean energy funds,https://www.dailyadvance.com/news/world/india-finance-minister-announces-new-clean-energy-funds/article_5d8a5d02-9a64-5c5b-b9c9-de42eae3a7f5.html,dailyadvance.com,20230201T103000Z,English,United States
restoration of vegetated coastal ecosystems,mangrove restoration,India finance minister announces new clean energy funds,https://www.wvnews.com/theet/newsfeed/world/india-finance-minister-announces-new-clean-energy-funds/article_c67081ce-5a0e-5ad6-b6f8-5d4357769111.html,wvnews.com,20230201T103000Z,English,United States
restoration of vegetated coastal ecosystems,mangrove restoration,India finance minister announces new clean energy funds,http://www.msn.com/en-us/news/world/india-finance-minister-announces-new-clean-energy-funds/ar-AA16YWXo,msn.com,20230201T103000Z,English,United States
restoration of vegetated coastal ecosystems,mangrove restoration,India finance minister announces new clean energy funds,https://www.goskagit.com/news/world/india-finance-minister-announces-new-clean-energy-funds/article_9c4cc5a3-98c0-5ae3-b74d-663457c3105d.html,goskagit.com,20230201T103000Z,English,United States
restoration of vegetated coastal ecosystems,mangrove restoration,Catholics in Nigeria are planting trees to combat the effects of climate change,https://www.americamagazine.org/politics-society/2023/06/01/climate-change-flooding-nigeria-245340,americamagazine.org,20230601T190000Z,English,United States
restoration of vegetated coastal ecosystems,mangrove restoration,Southeast Asia Needs Financial Tools for $200B Nature Restoration,https://www.miragenews.com/southeast-asia-needs-financial-tools-for-200b-1017536/,miragenews.com,20230531T173000Z,English,United States
restoration of vegetated coastal ecosystems,mangrove restoration,Coastal News Today | FL - Restoring a barrier island forest may be key to protecting Miami from storm surge,https://www.coastalnewstoday.com/post/fl-restoring-a-barrier-island-forest-may-be-key-to-protecting-miami-from-storm-surge,coastalnewstoday.com,20230526T070000Z,English,United States
restoration of vegetated coastal ecosystems,mangrove restoration,Restoring a barrier island forest may be key to protecting Miami from storm surge,https://phys.org/news/2023-05-barrier-island-forest-key-miami.html,phys.org,20230525T204500Z,English,United States
restoration of vegetated coastal ecosystems,mangrove restoration,Restoring a barrier island forest may be key to protecting Miami from storm surge,https://www.msn.com/en-us/news/us/restoring-a-barrier-island-forest-may-be-key-to-protecting-miami-from-storm-surge/ar-AA1bEYTL,msn.com,20230525T084500Z,English,United States
restoration of vegetated coastal ecosystems,mangrove restoration,"WFP , Iraq Build Mangrove Nursery for Sustainable Development",https://www.miragenews.com/wfp-iraq-build-mangrove-nursery-for-sustainable-1012040/,miragenews.com,20230523T154500Z,English,United States
restoration of vegetated coastal ecosystems,mangrove restoration,XpertSea teams with Conservation International to launch  climate - smart  shrimp pilot in Ecuador,https://www.seafoodsource.com/news/aquaculture/xpertsea-teams-with-conservation-international-to-launch-climate-smart-shrimp-pilot-in-ecuador,seafoodsource.com,20230523T134500Z,English,United States
restoration of vegetated coastal ecosystems,mangrove restoration,KLIMAT X DEVELOPMENTS PROVIDES UPDATED OUTLOOK FOR 2023,https://www.marketwatch.com/press-release/klimat-x-developments-provides-updated-outlook-for-2023-2023-05-10,marketwatch.com,20230511T054500Z,English,United States
restoration of vegetated coastal ecosystems,mangrove restoration,UK minister resigns accusing PM of being  uninterested  in environmental cases,https://www.bignewsnetwork.com/news/273885169/uk-minister-resigns-accusing-pm-of-being-uninterested-in-environmental-cases,bignewsnetwork.com,20230701T104500Z,English,United States
restoration of vegetated coastal ecosystems,mangrove restoration,"Go Dharmic  Dharma Forest : A Sustainable Initiative to Protect Wildlife , People and Our Planet - Brazil Business Today",https://brazilbusiness.einnews.com/pr_news/641969952/go-dharmic-s-dharma-forest-a-sustainable-initiative-to-protect-wildlife-people-and-our-planet,brazilbusiness.einnews.com,20230629T091500Z,English,United States
restoration of vegetated coastal ecosystems,mangrove restoration,The planet burning . Can the Global South save it ? | Features,https://www.aljazeera.com/features/2023/6/27/the-planets-burning-can-the-global-south-save-it,aljazeera.com,20230627T050000Z,English,United States
restoration of vegetated coastal ecosystems,mangrove restoration,June Ocean Dialogue Gathers Momentum for Blue Climate Action,https://www.miragenews.com/june-ocean-dialogue-gathers-momentum-for-blue-1034483/,miragenews.com,20230626T141500Z,English,United States
restoration of vegetated coastal ecosystems,mangrove restoration,"UAE : UAE looking to salty , muddy mangroves in climate change fight",https://www.gdnonline.com/Details/1254251,gdnonline.com,20230613T181500Z,English,United States
restoration of vegetated coastal ecosystems,mangrove restoration,"UAE looks to salty , muddy mangroves in climate change fight",http://www.msn.com/en-us/weather/topstories/uae-looks-to-salty-muddy-mangroves-in-climate-change-fight/ar-AA1ct0tV,msn.com,20230613T003000Z,English,United States
restoration of vegetated coastal ecosystems,mangrove restoration,"UAE looks to salty , muddy mangroves in climate change fight",https://www.msn.com/en-us/weather/topstories/uae-looks-to-salty-muddy-mangroves-in-climate-change-fight/ar-AA1csC1U,msn.com,20230612T233000Z,English,United States
restoration of vegetated coastal ecosystems,mangrove restoration,"UAE looks to salty , muddy mangroves in climate change fight",http://www.msn.com/en-us/weather/topstories/uae-looks-to-salty-muddy-mangroves-in-climate-change-fight/ar-AA1csC1U,msn.com,20230612T224500Z,English,United States
restoration of vegetated coastal ecosystems,mangrove restoration,"UAE looks to salty , muddy mangroves in climate change fight",https://www.msn.com/en-us/weather/topstories/uae-looks-to-salty-muddy-mangroves-in-climate-change-fight/ar-AA1cqe3M,msn.com,20230612T133000Z,English,United States
restoration of vegetated coastal ecosystems,mangrove restoration,"UAE looks to salty , muddy mangroves in climate change fight",https://www.reuters.com/world/middle-east/uae-looks-salty-muddy-mangroves-climate-change-fight-2023-06-12/,reuters.com,20230612T080000Z,English,United States
restoration of vegetated coastal ecosystems,mangrove restoration,Quantifying mangrove value as a climate solution and economic engine,https://yubanet.com/scitech/quantifying-mangroves-value-as-a-climate-solution-and-economic-engine/,yubanet.com,20230605T231500Z,English,United States
restoration of vegetated coastal ecosystems,mangrove restoration,"Peatlands , Indonesia carbon trove , are mostly unprotected , study finds",https://www.msn.com/en-us/news/world/peatlands-indonesia-s-carbon-trove-are-mostly-unprotected-study-finds/ar-AA1c9FrI,msn.com,20230605T151500Z,English,United States
restoration of vegetated coastal ecosystems,mangrove restoration,Quantifying mangrove value as a climate solution and economic engine : Findings hold lessons for coastal countries looking for ways to balance climate goals under the Paris Agreement with economic development .,https://www.sciencedaily.com/releases/2023/06/230601155954.htm,sciencedaily.com,20230604T230000Z,English,United States
restoration of vegetated coastal ecosystems,mangrove restoration,Quantifying Mangrove Value As A Climate Solution And Economic Engine – Eurasia Review,https://www.eurasiareview.com/02062023-quantifying-mangroves-value-as-a-climate-solution-and-economic-engine/,eurasiareview.com,20230603T000000Z,English,United States
restoration of vegetated coastal ecosystems,mangrove restoration,Calculating the Economic and Climatic Benefits of Mangroves,https://www.azocleantech.com/news.aspx?newsID=33493,azocleantech.com,20230602T144500Z,English,United States
restoration of vegetated coastal ecosystems,mangrove restoration,Catholics in Nigeria are planting trees to combat the effects of climate change,https://www.americamagazine.org/politics-society/2023/06/01/climate-change-flooding-nigeria-245340,americamagazine.org,20230601T190000Z,English,United States
restoration of vegetated coastal ecosystems,mangrove restoration,Turning Points : The Junior Fellow Compendium - Carnegie Endowment for International Peace,https://carnegieendowment.org/2023/07/25/turning-points-junior-fellows-compendium-pub-90248,carnegieendowment.org,20230731T184500Z,English,United States
restoration of vegetated coastal ecosystems,mangrove restoration,Using machine learning to integrate mangrove restoration with sustainable aquaculture intensification,https://thefishsite.com/articles/using-machine-learning-to-integrate-mangrove-restoration-with-sustainable-aquaculture-intensification,thefishsite.com,20230731T081500Z,English,United States
restoration of vegetated coastal ecosystems,mangrove restoration,AgroAmerica Presents Its 2022 Sustainability Report : A Future Built to Last,https://www.streetinsider.com/Business+Wire/AgroAmerica+Presents+Its+2022+Sustainability+Report:+A+Future+Built+to+Last/21918646.html,streetinsider.com,20230718T143000Z,English,United States
restoration of vegetated coastal ecosystems,mangrove restoration,Stock Market | FinancialContent Business Page,https://markets.financialcontent.com/stocks/article/bizwire-2023-7-18-agroamerica-presents-its-2022-sustainability-report-a-future-built-to-last,markets.financialcontent.com,20230718T143000Z,English,United States
restoration of vegetated coastal ecosystems,mangrove restoration,Marriott International releases Annual Serve 360 Report - TravelDailyNews International,https://www.traveldailynews.com/hotels-lodging/marriott-international-releases-annual-serve-360-report/,traveldailynews.com,20230713T074500Z,English,United States
restoration of vegetated coastal ecosystems,mangrove restoration,UK minister resigns accusing PM of being  uninterested  in environmental cases,https://www.bignewsnetwork.com/news/273885169/uk-minister-resigns-accusing-pm-of-being-uninterested-in-environmental-cases,bignewsnetwork.com,20230701T104500Z,English,United States
restoration of vegetated coastal ecosystems,mangrove restoration,Europe biggest oil company quietly shelves a radical plan to shrink its carbon footprint,https://www.pressherald.com/2023/08/31/europes-biggest-oil-company-quietly-shelves-a-radical-plan-to-shrink-its-carbon-footprint/,pressherald.com,20230831T214500Z,English,United States
restoration of vegetated coastal ecosystems,mangrove restoration,Europe Biggest Oil Company Quietly Shelves a Radical Plan to Shrink Its Carbon Footprint,https://finance.yahoo.com/news/europes-biggest-oil-company-quietly-000104402.html,finance.yahoo.com,20230831T010000Z,English,United States
restoration of vegetated coastal ecosystems,mangrove restoration,"Global water demand projected to increase by 20 - 25 % by 2050 , study finds",https://www.bignewsnetwork.com/news/273943808/global-water-demand-projected-to-increase-by-20-25-by-2050-study-finds,bignewsnetwork.com,20230825T181500Z,English,United States
restoration of vegetated coastal ecosystems,mangrove restoration,"Rubicon Carbon , Freepoint Commodities Join with Imperative Global to Drive Voluntary Carbon Market",https://www.environmentalleader.com/2023/08/rubicon-carbon-freepoint-commodities-join-with-imperative-global-to-drive-voluntary-carbon-market/,environmentalleader.com,20230825T144500Z,English,United States
restoration of vegetated coastal ecosystems,mangrove restoration,Southwest Airlines announces new tool to enable support of SAF,https://biodieselmagazine.com/articles/2518853/southwest-airlines-announces-new-tool-to-enable-support-of-saf,biodieselmagazine.com,20230818T053000Z,English,United States
restoration of vegetated coastal ecosystems,mangrove restoration,Southwest Airlines announces new tool to enable support of SAF,https://biomassmagazine.com/articles/20311/southwest-airlines-announces-new-tool-to-enable-support-of-saf,biomassmagazine.com,20230818T023000Z,English,United States
restoration of vegetated coastal ecosystems,mangrove restoration,New hope for Myanmar mangrove forests,https://www.webwire.com/ViewPressRel.asp?aId=309653,webwire.com,20230817T144500Z,English,United States
restoration of vegetated coastal ecosystems,mangrove restoration,Women Front and Center at High - Level UNGA and Climate Week Events,https://www.streetinsider.com/PRNewswire/Women+Front+and+Center+at+High-Level+UNGA+and+Climate+Week+Events/22203650.html,streetinsider.com,20230927T113000Z,English,United States
restoration of vegetated coastal ecosystems,mangrove restoration,Women Front and Center at High - Level UNGA and Climate Week Events,https://www.prnewswire.com/news-releases/women-front-and-center-at-high-level-unga-and-climate-week-events-301940223.html,prnewswire.com,20230927T113000Z,English,United States
restoration of vegetated coastal ecosystems,mangrove restoration,"Klimat X and Pomeroon , Participate in Ground - breaking Ceremony with His Excellency C . H . Santokhi , President of Suriname",https://finance.yahoo.com/news/klimat-x-pomeroon-participate-ground-100000045.html,finance.yahoo.com,20230927T103000Z,English,United States
restoration of vegetated coastal ecosystems,mangrove restoration,Meet Six Young Environmental Leaders Working for a Better World :: Earth Island Institute,https://www.earthisland.org/index.php/news/entry/meet-six-young-environmental-leaders-working-for-a-better-world,earthisland.org,20230914T231500Z,English,United States
restoration of vegetated coastal ecosystems,mangrove restoration,Hub and cluster aquaculture model readies for East African rollout,https://thefishsite.com/articles/hub-and-cluster-aquaculture-model-readies-for-east-african-rollout,thefishsite.com,20230904T084500Z,English,United States
restoration of vegetated coastal ecosystems,mangrove restoration,Weathering the Storm : Navigating Climate - Care Nexus in the Philippines,https://www.ipsnews.net/2023/12/weathering-storm-navigating-climate-care-nexus-philippines/,ipsnews.net,20231219T081500Z,English,United States
restoration of vegetated coastal ecosystems,mangrove restoration,Iconiq Capital Philanthropic Arm Launches Ocean Co - Lab to Tackle Climate Change,https://www.marketwatch.com/articles/iconiq-capitals-philanthropic-arm-launches-ocean-co-lab-to-tackle-climate-change-7db98779,marketwatch.com,20231212T151500Z,English,United States
restoration of vegetated coastal ecosystems,mangrove restoration,What Exactly Are  Nature - based Solutions ? | World Resources Institute,https://www.wri.org/insights/what-exactly-are-nature-based-solutions,wri.org,20231205T020000Z,English,United States
restoration of vegetated coastal ecosystems,mangrove restoration,Building a More Resilient Work Force to Meet Challenges of Tomorrow,https://www.globalissues.org/news/2024/01/30/35866,globalissues.org,20240130T124500Z,English,United States
restoration of vegetated coastal ecosystems,mangrove restoration,"Florida resort must pay $110k and restore clear - cut mangroves , in one of state largest penalties",https://www.bostonglobe.com/2024/01/29/metro/florida-resort-must-pay-110k-restore-clear-cut-mangroves-one-states-largest-penalties/,bostonglobe.com,20240129T230000Z,English,United States
restoration of vegetated coastal ecosystems,mangrove restoration,Youth climate activists descend on Florida Capitol to push for environment - friendly legislation,https://www.wuft.org/politics/2024-01-25/youth-climate-activists-descend-on-florida-capitol-to-push-for-environment-friendly-legislation,wuft.org,20240125T071500Z,English,United States
restoration of vegetated coastal ecosystems,mangrove restoration,Terra Natural Capital Launches to Invest in Scaling Carbon Projects and Natural Assets,https://www.streetinsider.com/Business+Wire/Terra+Natural+Capital+Launches+to+Invest+in+Scaling+Carbon+Projects+and+Natural+Assets/22637923.html,streetinsider.com,20240117T143000Z,English,United States
restoration of vegetated coastal ecosystems,mangrove restoration,Terra Natural Capital Launches Backed by Pala Investments and Bain Capital,https://www.themiddlemarket.com/latest-news/terra-natural-capital-launches-backed-by-pala-investments-and-bain-capital,themiddlemarket.com,20240117T143000Z,English,United States
restoration of vegetated coastal ecosystems,mangrove restoration,Charting the future of adaptation : Five key takeaways from Adaptation Futures 2023,https://latitude.plos.org/2024/01/charting-the-future-of-adaptation-five-key-takeaways-from-adaptation-futures-2023/,latitude.plos.org,20240114T173000Z,English,United States
restoration of vegetated coastal ecosystems,mangrove restoration,Klimat X Announces Receipt of Third Disbursement of Financing for Sierra Leone Rewilding Project,https://ca.finance.yahoo.com/news/klimat-x-announces-receipt-third-123700260.html,ca.finance.yahoo.com,20240108T194500Z,English,United States
restoration of vegetated coastal ecosystems,mangrove restoration,Significant Carbon Credit Agreement Between Certified Carbon Credits Limited and Mikoko Initiative C . B . O .,https://finance.yahoo.com/news/significant-carbon-credit-agreement-between-121700915.html,finance.yahoo.com,20240108T131500Z,English,United States
restoration of vegetated coastal ecosystems,mangrove restoration,Significant Carbon Credit Agreement Between Certified Carbon Credits Limited and Mikoko Initiative C . B . O .,https://www.streetinsider.com/Newsfile/Significant+Carbon+Credit+Agreement+Between+Certified+Carbon+Credits+Limited+and+Mikoko+Initiative+C.B.O./22604662.html,streetinsider.com,20240108T130000Z,English,United States
restoration of vegetated coastal ecosystems,mangrove restoration,URB to revive dubai coast with 100 million mangrove trees,https://www.designboom.com/architecture/urb-dubai-coast-100-million-mangroves-72-kilometers-04-30-2024/,designboom.com,20240430T181500Z,English,United States
restoration of vegetated coastal ecosystems,mangrove restoration,UAE Business : 72km Dubai Mangroves coastal project proposed,http://www.gdnonline.com/Details/1310998,gdnonline.com,20240430T081500Z,English,United States
restoration of vegetated coastal ecosystems,mangrove restoration,Satellite maps boost mangrove conservation in China,https://phys.org/news/2024-04-satellite-boost-mangrove-china.html,phys.org,20240429T204500Z,English,United States
restoration of vegetated coastal ecosystems,mangrove restoration,Satellite maps boost mangrove conservation in china,https://www.newswise.com/articles/satellite-maps-boost-mangrove-conservation-in-china,newswise.com,20240429T143000Z,English,United States
restoration of vegetated coastal ecosystems,mangrove restoration,Biden announces first tranche of Climate Corps jobs with hopes of segueing thousands into federal service,https://www.govexec.com/workforce/2024/04/biden-announces-first-tranche-climate-corps-jobs-hopes-segueing-thousands-federal-service/395960/,govexec.com,20240422T221500Z,English,United States
restoration of vegetated coastal ecosystems,mangrove restoration,Planning for healthy corals and communities,https://news.stanford.edu/2024/04/22/planning-healthy-corals-communities/,news.stanford.edu,20240422T201500Z,English,United States
restoration of vegetated coastal ecosystems,mangrove restoration,THE BAHAMAS TAKES ACTION TOWARDS SUSTAINABLE FUTURE,https://www.tmcnet.com/usubmit/2024/04/22/9998084.htm,tmcnet.com,20240422T180000Z,English,United States
restoration of vegetated coastal ecosystems,mangrove restoration,"Multi - Scale Planning Crucial for Coral , Community Health",https://www.miragenews.com/multi-scale-planning-crucial-for-coral-1219498/,miragenews.com,20240422T140000Z,English,United States
restoration of vegetated coastal ecosystems,mangrove restoration,White House announces $7B in Green Bank solar grants,https://www.washingtonexaminer.com/policy/energy-and-environment/2973623/white-house-announces-7b-in-green-bank-solar-grants/,washingtonexaminer.com,20240422T133000Z,English,United States
restoration of vegetated coastal ecosystems,mangrove restoration,Planning at multiple scales for healthy coral,https://www.eurekalert.org/news-releases/1041926,eurekalert.org,20240422T121500Z,English,United States
restoration of vegetated coastal ecosystems,mangrove restoration,The Bahamas Launches Earth Day Initiative,https://forimmediaterelease.net/the-bahamas-launches-earth-day-initiative/,forimmediaterelease.net,20240419T214500Z,English,United States
restoration of vegetated coastal ecosystems,mangrove restoration,The Bahamas Takes Action Towards Sustainable Future,https://eturbonews.com/the-bahamas-takes-action-towards-sustainable-future/,eturbonews.com,20240419T214500Z,English,United States
restoration of vegetated coastal ecosystems,mangrove restoration,Think twice about buying carbon offsets when you fly,https://www.startribune.com/think-twice-about-buying-carbon-offsets-when-you-fly/600359048/,startribune.com,20240417T181500Z,English,United States
restoration of vegetated coastal ecosystems,mangrove restoration,"The seabed needs to become a top priority , and the UN agrees",https://phys.org/news/2024-04-seabed-priority.html,phys.org,20240415T200000Z,English,United States
restoration of vegetated coastal ecosystems,mangrove restoration,Nairobi Programme Fosters Climate Change Adaptation,https://www.miragenews.com/nairobi-programme-fosters-climate-change-1213244/,miragenews.com,20240411T133000Z,English,United States
restoration of vegetated coastal ecosystems,mangrove restoration,San Diego veterinarian and author pens children book about America first female animal doctor,https://www.delmartimes.net/lifestyle/story/2024-04-07/san-diego-veterinarian-and-author-pens-childrens-book-about-americas-first-female-animal-doctor,delmartimes.net,20240407T184500Z,English,United States
restoration of vegetated coastal ecosystems,mangrove restoration,San Diego veterinarian and author pens children book about America first female animal doctor,https://www.sandiegouniontribune.com/lifestyle/people/story/2024-04-05/san-diego-veterinarian-and-author-pens-childrens-book-about-americas-first-female-animal-doctor,sandiegouniontribune.com,20240405T181500Z,English,United States
restoration of vegetated coastal ecosystems,mangrove restoration,A 2023 hurricane caught Mexico off guard : we must work together to prepare better,https://www.nature.com/articles/d41586-024-00904-0,nature.com,20240402T130000Z,English,United States
restoration of vegetated coastal ecosystems,mangrove restoration,"Watery , Peaceful , Wild : The Call of the Mangroves",https://www.virginislandsdailynews.com/ap/watery-peaceful-wild-the-call-of-the-mangroves/article_6f9e9ed5-2ccf-56ad-b4fa-d6f2b8095af9.html,virginislandsdailynews.com,20240531T094500Z,English,United States
restoration of vegetated coastal ecosystems,mangrove restoration,"Google , Meta , Microsoft , and Salesforce form carbon removal coalition",https://www.datacenterdynamics.com/en/news/google-meta-microsoft-and-salesforce-form-carbon-removal-coalition/,datacenterdynamics.com,20240523T111500Z,English,United States
restoration of vegetated coastal ecosystems,mangrove restoration,"Mangroves protect communities from storms . Half are at risk of collapse , report finds",https://www.kmxt.org/2024-05-22/mangroves-protect-communities-from-storms-half-are-at-risk-of-collapse-report-finds,kmxt.org,20240523T061500Z,English,United States
restoration of vegetated coastal ecosystems,mangrove restoration,"Mangroves protect communities from storms . Half are at risk of collapse , report finds",https://news.prairiepublic.org/news-from-npr/2024-05-22/mangroves-protect-communities-from-storms-half-are-at-risk-of-collapse-report-finds,news.prairiepublic.org,20240523T004500Z,English,United States
restoration of vegetated coastal ecosystems,mangrove restoration,"Mangroves protect communities from storms . Half are at risk of collapse , report finds",https://www.wprl.org/npr-news/2024-05-22/mangroves-protect-communities-from-storms-half-are-at-risk-of-collapse-report-finds,wprl.org,20240523T003000Z,English,United States
restoration of vegetated coastal ecosystems,mangrove restoration,"Mangroves protect communities from storms . Half are at risk of collapse , report finds",https://www.wncw.org/2024-05-22/mangroves-protect-communities-from-storms-half-are-at-risk-of-collapse-report-finds,wncw.org,20240523T001500Z,English,United States
restoration of vegetated coastal ecosystems,mangrove restoration,"Mangroves protect communities from storms . Half are at risk of collapse , report finds",https://www.wfae.org/2024-05-22/mangroves-protect-communities-from-storms-half-are-at-risk-of-collapse-report-finds,wfae.org,20240523T001500Z,English,United States
restoration of vegetated coastal ecosystems,mangrove restoration,"Mangroves protect communities from storms . Half are at risk of collapse , report finds",https://wysu.org/npr-national-news/2024-05-22/mangroves-protect-communities-from-storms-half-are-at-risk-of-collapse-report-finds,wysu.org,20240523T001500Z,English,United States
restoration of vegetated coastal ecosystems,mangrove restoration,"Mangroves protect communities from storms . Half are at risk of collapse , report finds",https://www.wglt.org/2024-05-22/mangroves-protect-communities-from-storms-half-are-at-risk-of-collapse-report-finds,wglt.org,20240522T234500Z,English,United States
restoration of vegetated coastal ecosystems,mangrove restoration,"Mangroves protect communities from storms . Half are at risk of collapse , report finds",https://www.kwit.org/2024-05-22/mangroves-protect-communities-from-storms-half-are-at-risk-of-collapse-report-finds,kwit.org,20240522T234500Z,English,United States
restoration of vegetated coastal ecosystems,mangrove restoration,"Mangroves protect communities from storms . Half are at risk of collapse , report finds",https://www.interlochenpublicradio.org/2024-05-22/mangroves-protect-communities-from-storms-half-are-at-risk-of-collapse-report-finds,interlochenpublicradio.org,20240522T234500Z,English,United States
restoration of vegetated coastal ecosystems,mangrove restoration,"Mangroves protect communities from storms . Half are at risk of collapse , report finds",https://www.kalw.org/npr-news/2024-05-22/mangroves-protect-communities-from-storms-half-are-at-risk-of-collapse-report-finds,kalw.org,20240522T234500Z,English,United States
restoration of vegetated coastal ecosystems,mangrove restoration,"Mangroves protect communities from storms . Half are at risk of collapse , report finds",https://www.krwg.org/national-news/2024-05-22/mangroves-protect-communities-from-storms-half-are-at-risk-of-collapse-report-finds,krwg.org,20240522T231500Z,English,United States
restoration of vegetated coastal ecosystems,mangrove restoration,"Mangroves protect communities from storms . Half are at risk of collapse , report finds",https://www.kpbs.org/news/environment/2024/05/22/mangroves-protect-communities-from-storms-half-are-at-risk-of-collapse-report-finds,kpbs.org,20240522T231500Z,English,United States
restoration of vegetated coastal ecosystems,mangrove restoration,"Mangroves protect communities from storms . Half are at risk of collapse , report finds",https://www.kdlg.org/as-heard-on-npr/2024-05-22/mangroves-protect-communities-from-storms-half-are-at-risk-of-collapse-report-finds,kdlg.org,20240522T231500Z,English,United States
restoration of vegetated coastal ecosystems,mangrove restoration,"Mangroves protect communities from storms . Half are at risk of collapse , report finds",https://www.wuft.org/2024-05-22/mangroves-protect-communities-from-storms-half-are-at-risk-of-collapse-report-finds,wuft.org,20240522T231500Z,English,United States
restoration of vegetated coastal ecosystems,mangrove restoration,"Mangroves protect communities from storms . Half are at risk of collapse , report finds",https://www.publicradiotulsa.org/npr-national-news/2024-05-22/mangroves-protect-communities-from-storms-half-are-at-risk-of-collapse-report-finds,publicradiotulsa.org,20240522T231500Z,English,United States
restoration of vegetated coastal ecosystems,mangrove restoration,"Mangroves protect communities from storms . Half are at risk of collapse , report finds",https://www.wkms.org/npr-news/2024-05-22/mangroves-protect-communities-from-storms-half-are-at-risk-of-collapse-report-finds,wkms.org,20240522T230000Z,English,United States
restoration of vegetated coastal ecosystems,mangrove restoration,"Mangroves protect communities from storms . Half are at risk of collapse , report finds",https://www.kmuw.org/2024-05-22/mangroves-protect-communities-from-storms-half-are-at-risk-of-collapse-report-finds,kmuw.org,20240522T230000Z,English,United States
restoration of vegetated coastal ecosystems,mangrove restoration,"Mangroves protect communities from storms . Half are at risk of collapse , report finds",https://www.ijpr.org/npr-news/2024-05-22/mangroves-protect-communities-from-storms-half-are-at-risk-of-collapse-report-finds,ijpr.org,20240522T230000Z,English,United States
restoration of vegetated coastal ecosystems,mangrove restoration,"Mangroves protect communities from storms . Half are at risk of collapse , report finds",https://www.wrkf.org/2024-05-22/mangroves-protect-communities-from-storms-half-are-at-risk-of-collapse-report-finds,wrkf.org,20240522T230000Z,English,United States
restoration of vegetated coastal ecosystems,mangrove restoration,"Mangroves protect communities from storms . Half are at risk of collapse , report finds",https://www.kvpr.org/npr-news/2024-05-22/mangroves-protect-communities-from-storms-half-are-at-risk-of-collapse-report-finds,kvpr.org,20240522T230000Z,English,United States
restoration of vegetated coastal ecosystems,mangrove restoration,"Mangroves protect communities from storms . Half are at risk of collapse , report finds",https://www.wfit.org/environment-and-science/2024-05-22/mangroves-protect-communities-from-storms-half-are-at-risk-of-collapse-report-finds,wfit.org,20240522T230000Z,English,United States
restoration of vegetated coastal ecosystems,mangrove restoration,"Mangroves protect communities from storms . Half are at risk of collapse , report finds",https://www.kyuk.org/2024-05-22/mangroves-protect-communities-from-storms-half-are-at-risk-of-collapse-report-finds,kyuk.org,20240522T224500Z,English,United States
restoration of vegetated coastal ecosystems,mangrove restoration,"Mangroves protect communities from storms . Half are at risk of collapse , report finds",https://www.wmot.org/2024-05-22/mangroves-protect-communities-from-storms-half-are-at-risk-of-collapse-report-finds,wmot.org,20240522T221500Z,English,United States
restoration of vegetated coastal ecosystems,mangrove restoration,"Mangroves protect communities from storms . Half are at risk of collapse , report finds",https://www.wemu.org/npr-national-news/2024-05-22/mangroves-protect-communities-from-storms-half-are-at-risk-of-collapse-report-finds,wemu.org,20240522T221500Z,English,United States
restoration of vegetated coastal ecosystems,mangrove restoration,"Mangroves protect communities from storms . Half are at risk of collapse , report finds",https://www.upr.org/npr-news/2024-05-22/mangroves-protect-communities-from-storms-half-are-at-risk-of-collapse-report-finds,upr.org,20240522T220000Z,English,United States
restoration of vegetated coastal ecosystems,mangrove restoration,"Mangroves protect communities from storms . Half are at risk of collapse , report finds",https://www.klcc.org/npr-science-environment/2024-05-22/mangroves-protect-communities-from-storms-half-are-at-risk-of-collapse-report-finds,klcc.org,20240522T220000Z,English,United States
restoration of vegetated coastal ecosystems,mangrove restoration,"Mangroves protect communities from storms . Half are at risk of collapse , report finds",https://knpr.org/npr/2024-05-22/mangroves-protect-communities-from-storms-half-are-at-risk-of-collapse-report-finds,knpr.org,20240522T220000Z,English,United States
restoration of vegetated coastal ecosystems,mangrove restoration,"Mangroves protect communities from storms . Half are at risk of collapse , report finds",https://www.tspr.org/npr-news/2024-05-22/mangroves-protect-communities-from-storms-half-are-at-risk-of-collapse-report-finds,tspr.org,20240522T220000Z,English,United States
restoration of vegetated coastal ecosystems,mangrove restoration,"Mangroves protect communities from storms . Half are at risk of collapse , report finds",https://www.apr.org/2024-05-22/mangroves-protect-communities-from-storms-half-are-at-risk-of-collapse-report-finds,apr.org,20240522T220000Z,English,United States
restoration of vegetated coastal ecosystems,mangrove restoration,"Mangroves protect communities from storms . Half are at risk of collapse , report finds",https://www.krvs.org/npr-news/2024-05-22/mangroves-protect-communities-from-storms-half-are-at-risk-of-collapse-report-finds,krvs.org,20240522T214500Z,English,United States
restoration of vegetated coastal ecosystems,mangrove restoration,"Mangroves protect communities from storms . Half are at risk of collapse , report finds",https://www.kios.org/2024-05-22/mangroves-protect-communities-from-storms-half-are-at-risk-of-collapse-report-finds,kios.org,20240522T214500Z,English,United States
restoration of vegetated coastal ecosystems,mangrove restoration,"Mangroves protect communities from storms . Half are at risk of collapse , report finds",https://www.wvxu.org/news-from-npr/2024-05-22/mangroves-protect-communities-from-storms-half-are-at-risk-of-collapse-report-finds,wvxu.org,20240522T213000Z,English,United States
restoration of vegetated coastal ecosystems,mangrove restoration,"Mangroves protect communities from storms . Half are at risk of collapse , report finds",https://www.wdiy.org/npr-news/2024-05-22/mangroves-protect-communities-from-storms-half-are-at-risk-of-collapse-report-finds,wdiy.org,20240522T213000Z,English,United States
restoration of vegetated coastal ecosystems,mangrove restoration,"Mangroves protect communities from storms . Half are at risk of collapse , report finds",https://www.kenw.org/npr-news/2024-05-22/mangroves-protect-communities-from-storms-half-are-at-risk-of-collapse-report-finds,kenw.org,20240522T213000Z,English,United States
restoration of vegetated coastal ecosystems,mangrove restoration,"Mangroves protect communities from storms . Half are at risk of collapse , report finds",https://www.kclu.org/environment/2024-05-22/mangroves-protect-communities-from-storms-half-are-at-risk-of-collapse-report-finds,kclu.org,20240522T211500Z,English,United States
restoration of vegetated coastal ecosystems,mangrove restoration,"Mangroves protect communities from storms . Half are at risk of collapse , report finds",https://www.wuwf.org/2024-05-22/mangroves-protect-communities-from-storms-half-are-at-risk-of-collapse-report-finds,wuwf.org,20240522T211500Z,English,United States
restoration of vegetated coastal ecosystems,mangrove restoration,"Mangroves protect communities from storms . Half are at risk of collapse , report finds",https://www.aspenpublicradio.org/2024-05-22/mangroves-protect-communities-from-storms-half-are-at-risk-of-collapse-report-finds,aspenpublicradio.org,20240522T211500Z,English,United States
restoration of vegetated coastal ecosystems,mangrove restoration,"Mangroves protect communities from storms . Half are at risk of collapse , report finds",https://www.wlrn.org/npr-breaking-news/2024-05-22/mangroves-protect-communities-from-storms-half-are-at-risk-of-collapse-report-finds,wlrn.org,20240522T211500Z,English,United States
restoration of vegetated coastal ecosystems,mangrove restoration,"Mangroves protect communities from storms . Half are at risk of collapse , report finds",https://www.wsiu.org/2024-05-22/mangroves-protect-communities-from-storms-half-are-at-risk-of-collapse-report-finds,wsiu.org,20240522T210000Z,English,United States
restoration of vegetated coastal ecosystems,mangrove restoration,"Mangroves protect communities from storms . Half are at risk of collapse , report finds",https://www.kacu.org/2024-05-22/mangroves-protect-communities-from-storms-half-are-at-risk-of-collapse-report-finds,kacu.org,20240522T210000Z,English,United States
restoration of vegetated coastal ecosystems,mangrove restoration,"Mangroves protect communities from storms . Half are at risk of collapse , report finds",https://www.wrvo.org/2024-05-22/mangroves-protect-communities-from-storms-half-are-at-risk-of-collapse-report-finds,wrvo.org,20240522T201500Z,English,United States
restoration of vegetated coastal ecosystems,mangrove restoration,The Bahamas Receives Caribbean Destination Resilience Award,https://eturbonews.com/the-bahamas-receives-caribbean-destination-resilience-award/,eturbonews.com,20240522T011500Z,English,United States
restoration of vegetated coastal ecosystems,mangrove restoration,"Reviving Sri Lanka Mangroves : Fusion of Science , Community",https://www.miragenews.com/reviving-sri-lankas-mangroves-fusion-of-science-1238581/,miragenews.com,20240520T123000Z,English,United States
restoration of vegetated coastal ecosystems,mangrove restoration,Explore what new at 4 South Florida parks,https://www.sun-sentinel.com/2024/05/14/explore-whats-new-at-4-south-florida-parks-theres-a-beachside-learning-trail-observation-pier-and-more/,sun-sentinel.com,20240514T221500Z,English,United States
restoration of vegetated coastal ecosystems,mangrove restoration,"In the Caribbean , Mangroves Draw Visitors in Search of Wildlife and Quiet",https://www.nytimes.com/2024/05/08/travel/curacao-mangrove-tourism.html,nytimes.com,20240508T103000Z,English,United States
restoration of vegetated coastal ecosystems,mangrove restoration,UNSW Launches Fiji Largest Ever Mangrove Regeneration Project,https://www.miragenews.com/unsw-launches-fijis-largest-ever-mangrove-1226565/,miragenews.com,20240502T004500Z,English,United States
restoration of vegetated coastal ecosystems,mangrove restoration,Navy looks to climate adaptation to protect Caribbean operations,https://www.eenews.net/articles/navy-looks-to-climate-adaptation-to-protect-caribbean-operations/,eenews.net,20240628T111500Z,English,United States
restoration of vegetated coastal ecosystems,mangrove restoration,Nigerians strive to bring mangrove forests back to life,https://www.terradaily.com/afp/240628060502.mpkq5vv3.html,terradaily.com,20240628T103000Z,English,United States
restoration of vegetated coastal ecosystems,mangrove restoration,Nigerians strive to bring mangrove forests back to life,https://www.sfweekly.com/news/national/nigerians-strive-to-bring-mangrove-forests-back-to-life/article_b92c9f72-a956-5329-9da2-c05616d6078d.html,sfweekly.com,20240628T090000Z,English,United States
restoration of vegetated coastal ecosystems,mangrove restoration,Nigerians strive to bring mangrove forests back to life,https://www.kpcnews.com/news/national/article_35bb197b-e8eb-5931-adeb-530e7d2774cd.html,kpcnews.com,20240628T083000Z,English,United States
restoration of vegetated coastal ecosystems,mangrove restoration,Nigerians strive to bring mangrove forests back to life,https://www.youralaskalink.com/news/national/nigerians-strive-to-bring-mangrove-forests-back-to-life/article_7c2b2866-1d93-542b-9cd3-a24a413baca7.html,youralaskalink.com,20240628T083000Z,English,United States
restoration of vegetated coastal ecosystems,mangrove restoration,Nigerians strive to bring mangrove forests back to life,https://www.voiceofalexandria.com/news/national/nigerians-strive-to-bring-mangrove-forests-back-to-life/article_f3fa7453-b017-555e-8fd3-278e1d2d9aca.html,voiceofalexandria.com,20240628T083000Z,English,United States
restoration of vegetated coastal ecosystems,mangrove restoration,Nigerians strive to bring mangrove forests back to life,https://www.foxbangor.com/news/national/nigerians-strive-to-bring-mangrove-forests-back-to-life/article_461d6120-9a7d-55ac-b2ec-5b1284ea773d.html,foxbangor.com,20240628T081500Z,English,United States
restoration of vegetated coastal ecosystems,mangrove restoration,Nigerians strive to bring mangrove forests back to life,https://www.sanfordherald.com/news/national/nigerians-strive-to-bring-mangrove-forests-back-to-life/article_16806e38-ffb8-513a-bd8d-2ddad99c162a.html,sanfordherald.com,20240628T074500Z,English,United States
restoration of vegetated coastal ecosystems,mangrove restoration,Nigerians strive to bring mangrove forests back to life,https://www.newsargus.com/news/national/nigerians-strive-to-bring-mangrove-forests-back-to-life/article_b4a442b7-19bf-5743-88b3-44c8670f3347.html,newsargus.com,20240628T073000Z,English,United States
restoration of vegetated coastal ecosystems,mangrove restoration,Nigerians strive to bring mangrove forests back to life,https://www.lebanondemocrat.com/news/national/nigerians-strive-to-bring-mangrove-forests-back-to-life/article_6ef9fe03-f2de-595c-b05d-948ef1c82c3c.html,lebanondemocrat.com,20240628T070000Z,English,United States
restoration of vegetated coastal ecosystems,mangrove restoration,Nigerians strive to bring mangrove forests back to life,https://www.dailygazette.com/hv360/news/national/nigerians-strive-to-bring-mangrove-forests-back-to-life/article_8964e79f-d4e4-53ce-92f3-8d9ced84a89e.html,dailygazette.com,20240628T070000Z,English,United States
restoration of vegetated coastal ecosystems,mangrove restoration,Nigerians strive to bring mangrove forests back to life,https://www.gjsentinel.com/news/national/nigerians-strive-to-bring-mangrove-forests-back-to-life/article_44c10514-8369-5a76-9b98-ef47028b79b8.html,gjsentinel.com,20240628T064500Z,English,United States
restoration of vegetated coastal ecosystems,mangrove restoration,Nigerians strive to bring mangrove forests back to life,https://www.yahoo.com/news/nigerians-strive-bring-mangrove-forests-060456649.html,yahoo.com,20240628T064500Z,English,United States
restoration of vegetated coastal ecosystems,mangrove restoration,"Humans Are Adapting to Climate Change , but the Bigger Picture Is Complicated",https://goodmenproject.com/featured-content/humans-are-adapting-to-climate-change-but-the-bigger-picture-is-complicated/,goodmenproject.com,20240627T180000Z,English,United States
restoration of vegetated coastal ecosystems,mangrove restoration,Beyond  Billions to Trillion : A Push for Fair and Effective Global Climate Finance • Stimson Center,https://www.stimson.org/2024/beyond-billions-to-trillions-a-push-for-fair-and-effective-global-climate-finance/,stimson.org,20240617T204500Z,English,United States
restoration of vegetated coastal ecosystems,mangrove restoration,2024 Election Climate Change Stakes : Ali Zaidi White House Interview,https://www.rollingstone.com/politics/politics-features/climate-stakes-2024-biden-trump-zaidi-1235039047/,rollingstone.com,20240613T161500Z,English,United States
restoration of vegetated coastal ecosystems,mangrove restoration,Leadership Matter : Why the Climate Stakes of 2024 Couldnt Be Higher,https://www.yahoo.com/news/leadership-matters-why-climate-stakes-140000093.html,yahoo.com,20240613T153000Z,English,United States
restoration of vegetated coastal ecosystems,mangrove restoration,"In Benin , the disappearance of mangroves is threatening human health",https://www.gavi.org/vaccineswork/benin-disappearance-mangroves-threatening-human-health,gavi.org,20240610T174500Z,English,United States
restoration of vegetated coastal ecosystems,mangrove restoration,TEAM JAPAN official sportswear and items to be provided to the Japanese delegation of the Olympic and Paralympic Games Paris 2024,https://www.webwire.com/ViewPressRel.asp?aId=322769,webwire.com,20240606T104500Z,English,United States
restoration of vegetated coastal ecosystems,mangrove restoration,Solving the Climate Crisis with Nature - Based Solutions,https://goodmenproject.com/featured-content/solving-the-climate-crisis-with-nature-based-solutions/,goodmenproject.com,20240821T071500Z,English,United States
restoration of vegetated coastal ecosystems,mangrove restoration,Restoring Marine Habitats And Port Decarbonization,https://www.marinetechnologynews.com/news/restoring-marine-habitats-decarbonization-638891,marinetechnologynews.com,20240809T164500Z,English,United States
restoration of vegetated coastal ecosystems,mangrove restoration,Jessica Hinojosa joins Microsoft carbon removal team from Shell,https://www.datacenterdynamics.com/en/news/jessica-hinojosa-joins-microsofts-carbon-removal-team-from-shell/,datacenterdynamics.com,20240927T163000Z,English,United States
restoration of vegetated coastal ecosystems,mangrove restoration,My mission to protect threatened mangroves,https://www.nature.com/articles/d41586-024-02901-9,nature.com,20240926T153000Z,English,United States
restoration of vegetated coastal ecosystems,mangrove restoration,Nature Focus to Deploy Hyphen Global Real - Time Greenhouse Gas Monitoring Solution Across 1 Million Acres & 12 Conservation Projects in the Americas and Asia,https://www.azocleantech.com/news.aspx?newsID=35185,azocleantech.com,20240925T081500Z,English,United States
restoration of vegetated coastal ecosystems,mangrove restoration,Hon . Prime Minister Philip Davis of The Bahamas to Address Climate Week NYC on the Island Nation Commitment to Sustainability,https://forimmediaterelease.net/hon-prime-minister-philip-davis-of-the-bahamas-to-address-climate-week-nyc-on-the-island-nations-commitment-to-sustainability/,forimmediaterelease.net,20240924T040000Z,English,United States
restoration of vegetated coastal ecosystems,mangrove restoration,The Bahamas PM Addresses Sustainability Commitment at Climate Week NYC,https://eturbonews.com/the-bahamas-pm-addresses-sustainability-commitment-at-climate-week-nyc/,eturbonews.com,20240924T020000Z,English,United States
restoration of vegetated coastal ecosystems,mangrove restoration,Submissions open for The Liveability Challenge 2025,https://www2.fundsforngos.org/health/submissions-open-for-the-liveability-challenge-2025/,fundsforngos.org,20240919T100000Z,English,United States
restoration of vegetated coastal ecosystems,mangrove restoration,UAE : EAD highlights Abu Dhabi international best practices in conservation,https://www.gdnonline.com:443/Details/1332588,gdnonline.com,20240912T104500Z,English,United States
restoration of vegetated coastal ecosystems,mangrove restoration,Mozambique okays Africa largest mangrove restoration project,https://www.terradaily.com/afp/240906073956.m38p6y9k.html,terradaily.com,20240906T094500Z,English,United States
restoration of vegetated coastal ecosystems,mangrove restoration,Mozambique okays Africa largest mangrove restoration project,https://www.terradaily.com/afp/240905162648.sbrawk3v.html,terradaily.com,20240905T193000Z,English,United States
restoration of vegetated coastal ecosystems,mangrove restoration,Over 15ha of mangroves planted under Temasek Foundation efforts in Indonesia,https://www.channelnewsasia.com/watch/over-15ha-mangroves-planted-under-temasek-foundations-efforts-indonesia-4589221,channelnewsasia.com,20240905T164500Z,English,United States
restoration of vegetated coastal ecosystems,mangrove restoration,US - Inferse . com,https://www.inferse.com/us/,inferse.com,20240902T181500Z,English,United States
restoration of vegetated coastal ecosystems,mangrove restoration,"Four Years After The Coup , Myanmar Remains On The Brink",https://www.eurasiareview.com/01022025-four-years-after-the-coup-myanmar-remains-on-the-brink/,eurasiareview.com,20250201T013000Z,English,United States
restoration of vegetated coastal ecosystems,mangrove restoration,Top 10 Grants for Climate Change Adaptation Projects,https://www2.fundsforngos.org/articles-searching-grants-and-donors/top-10-grants-for-climate-change-adaptation-projects/,fundsforngos.org,20250120T181500Z,English,United States
restoration of vegetated coastal ecosystems,mangrove restoration,Nonprofit promotes Louisiana power to capture carbon | Innovation,https://www.nola.com/news/business/innovation/blue-carbon-dioxide-louisiana-the-water-institute-beaux-jones-wetlands-capture-swamps/article_98efcdaa-cd54-11ef-b9cb-631441b735ec.html,nola.com,20250109T104500Z,English,United States
restoration of vegetated coastal ecosystems,mangrove restoration,Posible bang manalo ng mga nakakabaliw na panahon ?. situs sukses jitu . slot+pg+soft+demo+anti+lag - apk go win slot,https://www.wmxv1015.com/news/60b95398986.html,wmxv1015.com,20250106T171500Z,English,United States
restoration of vegetated coastal ecosystems,mangrove restoration,CSRWire - World Water Day 2025 : DP World Commitment to a Sustainable Water Future,https://www.csrwire.com/press_releases/819041-world-water-day-2025-dp-worlds-commitment-sustainable-water-future,csrwire.com,20250324T170000Z,English,United States
restoration of vegetated coastal ecosystems,mangrove restoration,"USAID slashes over 5 , 500 contracts , including scores of climate projects - Governor Wind Energy Coalition",https://governorswindenergycoalition.org/usaid-slashes-over-5500-contracts-including-scores-of-climate-projects/,governorswindenergycoalition.org,20250305T060000Z,English,United States
restoration of vegetated coastal ecosystems,mangrove restoration,Spotlight on Jan De Nul AquaForest project,https://www.dredgingtoday.com/2025/06/05/spotlight-on-jan-de-nuls-aquaforest-project/,dredgingtoday.com,20250605T114500Z,English,United States
restoration of vegetated coastal ecosystems,mangrove restoration,Two Visions Collide on Ocean Use : Nationalist Raptors and Multilateral Environmentalists,https://www.juancole.com/2025/06/multilateral-environmentalism-nationalist.html,juancole.com,20250603T074500Z,English,United States
restoration of vegetated coastal ecosystems,mangrove restoration,Earth Wetlands Are Disappearing and Global Efforts to Save Them Are Unraveling,https://insideclimatenews.org/news/29072025/convention-on-wetlands-gathers-to-save-critical-ecosystems/,insideclimatenews.org,20250729T180000Z,English,United States
restoration of vegetated coastal ecosystems,mangrove restoration,Town Shields Against Climate With Mangrove Defense,https://www.miragenews.com/town-shields-against-climate-with-mangrove-1503632/,miragenews.com,20250725T173000Z,English,United States
restoration of vegetated coastal ecosystems,mangrove restoration,Scientists will use a $1M grant to build a support system addressing sea level rise and flooding in South Florida,https://www.keysnews.com/news/state/scientists-will-use-a-1m-grant-to-build-a-support-system-addressing-sea-level-rise/article_960f9118-d7d4-4ec5-be79-81a90c1a2397.html,keysnews.com,20250724T084500Z,English,United States
restoration of vegetated coastal ecosystems,mangrove restoration,"Opinion - China Belt and Road 2 . 0 : Smaller projects , bigger influence",https://www.yahoo.com/news/opinion-china-belt-road-2-170000592.html,yahoo.com,20250714T201500Z,English,United States
restoration of vegetated coastal ecosystems,mangrove restoration,Boambee Creek Mangroves Restoration Underway,https://www.miragenews.com/boambee-creek-mangroves-restoration-underway-1493222/,miragenews.com,20250709T083000Z,English,United States
restoration of vegetated coastal ecosystems,mangrove restoration,Carbon Done Right Provides Board of Directors Update,https://www.globenewswire.com/news-release/2025/07/08/3112248/0/en/Carbon-Done-Right-Provides-Board-of-Directors-Update.html,globenewswire.com,20250708T220000Z,English,United States
restoration of vegetated coastal ecosystems,mangrove restoration,DP World Highlights Port Sustainability as New JP Morgan,https://www.3blmedia.com/news/dp-world-highlights-port-sustainability-new-jp-morgan-climate-report-raises-stakes,3blmedia.com,20250708T154500Z,English,United States
restoration of vegetated coastal ecosystems,mangrove restoration,Which Carbon Credits Work And Which Are Just Climate Placeholders ?,https://www.forbes.com/sites/dianneplummer/2025/07/07/which-carbon-credits-work-and-which-are-just-climate-placeholders/,forbes.com,20250708T011500Z,English,United States
restoration of vegetated coastal ecosystems,mangrove restoration,Hunter Valley Blue Carbon Heads to Fiji Islands,https://www.miragenews.com/hunter-valley-blue-carbon-heads-to-fiji-islands-1576943/,miragenews.com,20251124T223000Z,English,United States
restoration of vegetated coastal ecosystems,mangrove restoration,Five ways to make the ocean economy more sustainable and just,https://phys.org/news/2025-11-ways-ocean-economy-sustainable.html,phys.org,20251121T041500Z,English,United States
restoration of vegetated coastal ecosystems,mangrove restoration,"Help collect mangrove propagules - SANIBEL - CAPTIVA - Island Reporter , Islander and Current",https://www.captivasanibel.com/news/2025/11/help-collect-mangrove-propagules/,captivasanibel.com,20251118T170000Z,English,United States
restoration of vegetated coastal ecosystems,mangrove restoration,Qatar Sustainability Week highlights how local action aligns with national climate goals,https://www.euronews.com/business/2025/11/17/qatar-sustainability-week-highlights-how-local-action-aligns-with-national-climate-goals,euronews.com,20251117T170000Z,English,United States
restoration of vegetated coastal ecosystems,mangrove restoration,The 10 Places Most Vulnerable to Sea Level Rise and Flooding in Today Climate Risk Zones,http://www.natureworldnews.com/articles/72657/20251117/10-places-most-vulnerable-sea-level-rise-flooding-todays-climate-risk-zones.htm,natureworldnews.com,20251117T154500Z,English,United States
restoration of vegetated coastal ecosystems,mangrove restoration,"Grants for Strengthening Gender Equality , Women Empowerment and Leadership through CBRB ( Timor - Leste )",https://www2.fundsforngos.org/cat/grants-for-strengthening-gender-equality-womens-empowerment-and-leadership-through-cbrb-timor-leste/,fundsforngos.org,20251117T123000Z,English,United States
restoration of vegetated coastal ecosystems,mangrove restoration,"700 mangroves planted at restoration site - SANIBEL - CAPTIVA - Island Reporter , Islander and Current",https://www.captivasanibel.com/news/2025/11/700-mangroves-planted-at-restoration-site/,captivasanibel.com,20251113T214500Z,English,United States
restoration of vegetated coastal ecosystems,mangrove restoration,URBANICA Furniture Redefines Workspace Simplicity With,https://www.globenewswire.com/news-release/2025/11/08/3184032/0/en/URBANICA-Furniture-Redefines-Workspace-Simplicity-With-Modular-Eco-Adaptive-Designs.html,globenewswire.com,20251108T023000Z,English,United States
restoration of vegetated coastal ecosystems,mangrove restoration,Karbon - X Expands Blue Carbon Leadership with New Restoration Project in Guinea,http://www.californiatelegraph.com/news/278680125/karbon-x-expands-blue-carbon-leadership-with-new-restoration-project-in-guinea,californiatelegraph.com,20251107T140000Z,English,United States
restoration of vegetated coastal ecosystems,mangrove restoration,Embrace the Boricua spirit on a foodie tour of Puerto Rico,https://theweek.com/culture-life/food-drink/embrace-the-boricua-spirit-on-a-foodie-tour-of-puerto-rico,theweek.com,20251106T171500Z,English,United States
restoration of vegetated coastal ecosystems,mangrove restoration,CORVI : Measuring Multidimensional Climate Risks in Aruba • Stimson Center,https://www.stimson.org/2025/corvi-measuring-multidimensional-climate-risks-in-aruba/,stimson.org,20251104T020000Z,English,United States
restoration of vegetated coastal ecosystems,mangrove restoration,Residents take multibillion - dollar giant to court as their homes begin to vanish :  We are the ones suffering,https://www.yahoo.com/news/articles/residents-multibillion-dollar-giant-court-033000078.html,yahoo.com,20251221T014500Z,English,United States
restoration of vegetated coastal ecosystems,mangrove restoration,DP World in Canada 2025 Environmental and Community Impact,https://www.3blmedia.com/news/dp-worlds-canada-team-volunteers-more-750-hours-2025-advancing-community-resilience-and-our,3blmedia.com,20251218T143000Z,English,United States
restoration of vegetated coastal ecosystems,mangrove restoration,"CBM India Extends Relief Support to 2 , 000 Disaster - Affected Families in Punjab and Uttarakhand",http://www.laosnews.net/news/278761829/cbm-india-extends-relief-support-to-2000-disaster-affected-families-in-punjab-and-uttarakhand,laosnews.net,20251218T130000Z,English,United States
restoration of vegetated coastal ecosystems,mangrove restoration,"CBM India Extends Relief Support to 2 , 000 Disaster - Affected Families in Punjab and Uttarakhand",http://www.heraldglobe.com/news/278761829/cbm-india-extends-relief-support-to-2000-disaster-affected-families-in-punjab-and-uttarakhand,heraldglobe.com,20251218T123000Z,English,United States
restoration of vegetated coastal ecosystems,mangrove restoration,The Earth Lab and Tandem Global : Building on Years of,https://www.3blmedia.com/news/earth-lab-and-tandem-global-building-years-partnership-scale-climate-and-community-impact,3blmedia.com,20251216T201500Z,English,United States
restoration of vegetated coastal ecosystems,mangrove restoration,Tiger widow from the Sundarbans are restoring the big cat habitat,https://edition.cnn.com/world/asia/tiger-widows-india-habitat-restoration-c2e-spc,edition.cnn.com,20251216T061500Z,English,United States
restoration of vegetated coastal ecosystems,mangrove restoration,Tiger widow from the Sundarbans are restoring the big cat habitat,https://www.cnn.com/world/asia/tiger-widows-india-habitat-restoration-c2e-spc,cnn.com,20251216T044500Z,English,United States
restoration of vegetated coastal ecosystems,mangrove restoration,How Community Radio Is Powering Tanzania Climate Resilience,https://www.ipsnews.net/2025/12/how-community-radio-is-powering-tanzanias-climate-resilience/,ipsnews.net,20251210T091500Z,English,United States
restoration of vegetated coastal ecosystems,mangrove restoration,12 Endangered Species Facing Extinction and How Conservation Science Is Saving Them,http://www.natureworldnews.com/articles/72671/20251210/12-endangered-species-facing-extinction-how-conservation-science-saving-them.htm,natureworldnews.com,20251210T074500Z,English,United States
restoration of vegetated coastal ecosystems,mangrove restoration,IT News Online - Africa Green Economy Summit 2026 to unveil Africa premier pipeline of investment - ready green ventures making a difference toward net zero goals,https://www.itnewsonline.com/news/Africas-Green-Economy-Summit-2026-to-unveil-Africas-premier-pipeline-of-investment-ready-green-ventures-making-a-difference-toward-net-zero-goals/33549,itnewsonline.com,20251204T160000Z,English,United States
