domain,keyword,title,url,source_domain,seendate,language,country,date_parsed,dup_count
OAE,ocean alkalinity,Solar Dams and Their Ancillary Benefits,http://www.theenergycollective.com/jim-baird/2395511/solar-dams-and-their-ancillary-benefits,theenergycollective.com,20170103T163000Z,English,United States,2017-01-03 16:30:00,1
OAE,ocean alkalinity,Peter Smith : Of Hot Goblins and Hobgoblins,http://www.ruthfullyyours.com/2017/01/16/peter-smith-of-hot-goblins-and-hobgoblins/,ruthfullyyours.com,20170116T154500Z,English,United States,2017-01-16 15:45:00,1
OAE,ocean alkalinity,16,http://www.ruthfullyyours.com/2017/01/16/,ruthfullyyours.com,20170116T154500Z,English,United States,2017-01-16 15:45:00,1
OAE,ocean alkalinization,Moonshots ? Earth is the Most in Need of a Shot,http://www.theenergycollective.com/jim-baird/2396597/moonshots-earth-is-in-the-most-in-need-of-a-shot,theenergycollective.com,20170119T180000Z,English,United States,2017-01-19 18:00:00,1
OAE,marine CDR,Innovation and Determination Ashore,https://www.usni.org/magazines/navalhistory/2007-08/innovation-and-determination-ashore-0,usni.org,20170531T174500Z,English,United States,2017-05-31 17:45:00,1
OAE,ocean alkalinity,Climate Science Is Changing from Alarmism to Realism,https://townhall.com/columnists/vijayjayaraj/2017/10/27/climate-science-is-changing-from-alarmism-to-realism-n2400969,townhall.com,20171027T230000Z,English,United States,2017-10-27 23:00:00,1
OAE,ocean alkalinity,Greenhouse gases must be scrubbed from the air,https://www.economist.com/news/briefing/21731386-cutting-emissions-will-not-be-enough-keep-global-warming-check-greenhouse-gases-must-be,economist.com,20171116T181500Z,English,United States,2017-11-16 18:15:00,2
OAE,ocean alkalinity,The far,http://www.cnn.com/2017/11/29/world/climate-change-geoengineering/,cnn.com,20171129T184500Z,English,United States,2017-11-29 18:45:00,3
OAE,ocean alkalinity,Far,http://livenewscentral.com/2017/11/30/far-fetched-fixes-for-climate-change/,livenewscentral.com,20171130T154500Z,English,United States,2017-11-30 15:45:00,3
OAE,ocean alkalinity,Deflating the Fossil Bubble,https://www.environmentguru.com/pages/elements/element.aspx?id=6635348,environmentguru.com,20180606T001500Z,English,United States,2018-06-06 00:15:00,1
OAE,ocean-based climate solutions,Elevating Ocean - Based Climate Solutions - Center for American Progress,https://www.americanprogress.org/issues/green/reports/2018/08/16/454850/elevating-ocean-based-climate-solutions/,americanprogress.org,20180816T160000Z,English,United States,2018-08-16 16:00:00,1
OAE,ocean alkalinity enhancement,COLUMN : The US should stop derailing global climate change mitigation efforts,http://www.idsnews.com/article/2018/09/columnclimate091618,idsnews.com,20180916T220000Z,English,United States,2018-09-16 22:00:00,6
OAE,ocean alkalinity,Letters : Our climate,https://tdn.com/opinion/letters/letters-our-climate/article_a84e32ab-a517-5855-bcc8-e9d347d36a15.html,tdn.com,20181013T073000Z,English,United States,2018-10-13 07:30:00,1
OAE,ocean alkalinity,"New research , November 26 - December 2 , 2018",https://skepticalscience.com/new_research_20181126.html,skepticalscience.com,20181207T174500Z,English,United States,2018-12-07 17:45:00,1
OAE,marine carbon dioxide removal,Can we tweak marine chemistry to help stave off climate change ?,https://www.sfchronicle.com/news/article/Can-we-tweak-marine-chemistry-to-help-stave-off-13681419.php,sfchronicle.com,20190312T113000Z,English,United States,2019-03-12 11:30:00,16
OAE,marine carbon removal,GUEST COMMENTARY : Can we tweak ocean to hold back climate change ?,https://www.columbiamissourian.com/opinion/guest_commentaries/guest-commentary-can-we-tweak-ocean-to-hold-back-climate/article_7c183d3e-450b-11e9-a295-63edf616d1ce.html,columbiamissourian.com,20190313T143000Z,English,United States,2019-03-13 14:30:00,2
OAE,ocean-based climate solutions,How negative can carbontech entrepreneurs go ?,https://impactalpha.com/how-negative-can-carbontech-entrepreneurs-go/,impactalpha.com,20190403T111500Z,English,United States,2019-04-03 11:15:00,1
OAE,ocean alkalinity,"Climate engineering needs to look at the big picture , says researcher",https://www.eurekalert.org/pub_releases/2019-04/cu-cen041619.php,eurekalert.org,20190416T191500Z,English,United States,2019-04-16 19:15:00,8
OAE,ocean alkalinity enhancement,Potential effects of large - scale projects designed to offset Earth changing climate,https://www.sciencedaily.com/releases/2019/04/190416145219.htm,sciencedaily.com,20190416T203000Z,English,United States,2019-04-16 20:30:00,4
OAE,ocean-based climate solutions,Start - Ups Hoping to Fight Climate Change Struggle as Other Tech Firms Cash In,https://www.nytimes.com/2019/05/07/business/carbon-removal-technology-start-ups.html,nytimes.com,20190507T080000Z,English,United States,2019-05-07 08:00:00,1
OAE,ocean alkalinity,Air - sea disequilibrium enhances ocean carbon storage during glacial periods,https://advances.sciencemag.org/content/5/6/eaaw4981.full,advances.sciencemag.org,20190612T190000Z,English,United States,2019-06-12 19:00:00,1
OAE,ocean alkalinity,OSU study may solve mystery of low CO2 during ice ages,https://www.ktvz.com/news/osu-study-may-solve-mystery-of-low-co2-during-ice-ages/1085711308,ktvz.com,20190612T191500Z,English,United States,2019-06-12 19:15:00,1
OAE,ocean alkalinity,Solving the mystery of why atmospheric carbon dioxide was lower during ice ages,https://phys.org/news/2019-06-mystery-atmospheric-carbon-dioxide-ice.html,phys.org,20190613T123000Z,English,United States,2019-06-13 12:30:00,1
OAE,ocean alkalinity,Study may solve long - standing mystery of why atmospheric CO2 was lower during ice ages,https://theworldlink.com/lifestyles/go/study-may-solve-long-standing-mystery-of-why-atmospheric-co/article_fc07aba6-5b09-5990-af7b-3ec73ddd0192.html,theworldlink.com,20190616T200000Z,English,United States,2019-06-16 20:00:00,1
OAE,ocean alkalinity,Ocean temperature study may solve low atmospheric CO2 mystery,https://www.thenewsguard.com/news/ocean-temperature-study-may-solve-low-atmospheric-co-mystery/article_9d9ab80c-9384-11e9-893b-e7cc382ef4b7.html,thenewsguard.com,20190622T074500Z,English,United States,2019-06-22 07:45:00,1
OAE,ocean alkalinization,Bruce Melton : Tree planting : A diminishing part of the climate solution,http://www.theragblog.com/bruce-melton-tree-planting-a-diminishing-part-of-the-climate-solution/,theragblog.com,20190821T020000Z,English,United States,2019-08-21 02:00:00,1
OAE,ocean-based climate solutions,Turning the Tide : Ocean - Based Solutions Could Close Emission Gap by 21 %,https://www.wri.org/blog/2019/09/turning-tide-ocean-based-solutions-could-close-emission-gap-21-percent,wri.org,20190923T050000Z,English,United States,2019-09-23 05:00:00,1
OAE,ocean-based climate solutions,Look to the ocean for climate change solutions,https://www.cnn.com/2019/09/23/opinions/un-ocean-climate-change-solutions-solberg-remengesau/,cnn.com,20190923T130000Z,English,United States,2019-09-23 13:00:00,1
OAE,ocean-based climate solutions,RELEASE : Ocean - Based Climate Action Could Deliver a Fifth of Emissions Cuts Needed to Limit Temperature Rise to 1 . 5°C,https://www.wri.org/news/2019/09/release-ocean-based-climate-action-could-deliver-fifth-emissions-cuts-needed,wri.org,20190924T143000Z,English,United States,2019-09-24 14:30:00,1
OAE,ocean-based climate solutions,RELEASE : Ocean - Based Climate Action Could Deliver a Fifth of Emissions Cuts Needed to Limit Temperature Rise to 1 . 5C,https://www.pressreleasepoint.com/release-ocean-based-climate-action-could-deliver-fifth-emissions-cuts-needed-limit-temperature-rise,pressreleasepoint.com,20190924T224500Z,English,United States,2019-09-24 22:45:00,1
OAE,ocean alkalinity,The story behind these ubiquitous round worms,https://www.juneauempire.com/news/the-story-behind-these-ubiquitous-round-worms/,juneauempire.com,20191016T153000Z,English,United States,2019-10-16 15:30:00,1
OAE,ocean alkalinity enhancement,Benefits and risks for marine life from carbon dioxide removal approaches,https://phys.org/news/2019-12-benefits-marine-life-carbon-dioxide.html,phys.org,20191210T154500Z,English,United States,2019-12-10 15:45:00,3
OAE,ocean carbon removal,6 Ways to Remove Carbon Pollution from the Sky,https://www.wri.org/blog/2020/06/6-ways-remove-carbon-pollution-sky,wri.org,20200609T210000Z,English,United States,2020-06-09 21:00:00,1
OAE,ocean alkalinity,Public perceptions of carbon dioxide removal in the United States and the United Kingdom,https://www.nature.com/articles/s41558-020-0823-z,nature.com,20200706T154500Z,English,United States,2020-07-06 15:45:00,1
OAE,ocean alkalinity,Potential for large - scale CO 2 removal via enhanced rock weathering with croplands,https://www.nature.com/articles/s41586-020-2448-9,nature.com,20200708T191500Z,English,United States,2020-07-08 19:15:00,1
OAE,ocean alkalinity enhancement,We Have Just One Decade to Turn Back the Worst of Climate Change : Here How Philanthropy Can Lead ( Opinion ),https://www.philanthropy.com/article/We-Have-Just-One-Decade-to/249258,philanthropy.com,20200806T144500Z,English,United States,2020-08-06 14:45:00,4
OAE,alkalinity enhancement,Silicon Valley billionaires want to geoengineer the world oceans,https://www.newscientist.com/article/mg24732980-500-silicon-valley-billionaires-want-to-geoengineer-the-worlds-oceans/,newscientist.com,20200901T161500Z,English,United States,2020-09-01 16:15:00,8
OAE,ocean-based climate solutions,Our Ocean and Climate Change - Ocean Conservancy,https://oceanconservancy.org/blog/2020/09/23/ocean-climate-change-2/,oceanconservancy.org,20200923T124500Z,English,United States,2020-09-23 12:45:00,1
OAE,alkalinity enhancement,How the Ocean Can Help Absorb CO2 | World Resources Institute,https://www.wri.org/blog/2020/10/ocean-carbon-dioxide-sequestration,wri.org,20201008T221500Z,English,United States,2020-10-08 22:15:00,1
OAE,ocean-based climate solutions,Guest Column : Protect ocean habitats from climate change,https://www.dailyastorian.com/opinion/columns/guest-column-protect-ocean-habitats-from-climate-change/article_c96f3418-3413-11eb-a768-27c1beb74004.html,dailyastorian.com,20201203T134500Z,English,United States,2020-12-03 13:45:00,1
OAE,ocean-based climate solutions,Opinion | Biden Needs to Go Big on the Climate,https://www.politico.com/news/magazine/2020/12/08/biden-climate-unity-grijalva-443650,politico.com,20201208T191500Z,English,United States,2020-12-08 19:15:00,1
OAE,ocean-based climate solutions,Maritime Legislative Update | Blank Rome LLP,https://www.jdsupra.com/legalnews/maritime-legislative-update-16849/,jdsupra.com,20201209T170000Z,English,United States,2020-12-09 17:00:00,1
OAE,ocean-based climate solutions,Ocean Climate Action : Looking to the Ocean for Climate Solutions - Center for American Progress,https://www.americanprogress.org/events/2020/12/09/493633/ocean-climate-action-ocean-can-fight-climate-change/,americanprogress.org,20201210T181500Z,English,United States,2020-12-10 18:15:00,1
OAE,ocean-based climate solutions,Creating Safe Havens for Seabirds,https://www.audubon.org/news/creating-safe-havens-seabirds,audubon.org,20201214T204500Z,English,United States,2020-12-14 20:45:00,1
OAE,ocean-based climate solutions,6 Things Environmentally - Minded American Voters Can Focus On Post - Election,https://www.theinertia.com/environment/6-things-environmentally-minded-american-voters-can-focus-on-post-election/,theinertia.com,20201215T051500Z,English,United States,2020-12-15 05:15:00,1
OAE,ocean-based climate solutions,The ocean under Biden,http://www.msn.com/en-us/news/politics/the-ocean-under-biden/ar-BB1c0WZm,msn.com,20201217T170000Z,English,United States,2020-12-17 17:00:00,1
OAE,ocean-based climate solutions,The ocean heroic potential could be realized under Biden,https://www.bostonglobe.com/2020/12/21/opinion/oceans-heroic-potential-could-be-realized-under-biden/,bostonglobe.com,20201221T083000Z,English,United States,2020-12-21 08:30:00,1
OAE,ocean-based climate solutions,Coastal News Today | united states - Creating a More Just Climate Future for Those on the Front Lines,https://www.coastalnewstoday.com/post/usa-creating-a-more-just-climate-future-for-those-on-the-front-lines,coastalnewstoday.com,20201223T000000Z,English,United States,2020-12-23 00:00:00,1
OAE,ocean-based climate solutions,Commercial fishing associations demand voice in Biden conservation planning,https://www.seafoodsource.com/news/environment-sustainability/commercial-fishing-associations-demand-voice-in-biden-s-conservation-planning,seafoodsource.com,20210201T204500Z,English,United States,2021-02-01 20:45:00,1
OAE,ocean-based climate solutions,"New York energy secretary Lefton picked to run BOEM , bureau confirms",https://www.rechargenews.com/wind/new-york-energy-secretary-lefton-picked-to-run-boem-bureau-confirms/2-1-956013,rechargenews.com,20210203T000000Z,English,United States,2021-02-03 00:00:00,1
OAE,ocean-based climate solutions,Biden climate plan can work if it sea to shining sea,https://thehill.com/opinion/energy-environment/537322-bidens-climate-plan-can-work-if-its-sea-to-shining-sea,thehill.com,20210204T180000Z,English,United States,2021-02-04 18:00:00,2
OAE,ocean-based climate solutions,"Washington Governor Jay Inslee , alongside Congressmembers Karen Bass and Jared Huffman , to Kick Off The Marine Mammal Center Ocean Policy Webinar Series on February 9",https://www.tmcnet.com/usubmit/2021/02/05/9302999.htm,tmcnet.com,20210205T214500Z,English,United States,2021-02-05 21:45:00,1
OAE,ocean-based climate solutions,"Leading Ocean Scientists to Advise , Evaluate Running Tide Ocean - Based Climate Solution",https://www.prweb.com/releases/leading_ocean_scientists_to_advise_evaluate_running_tides_ocean_based_climate_solution/prweb17703679.htm,prweb.com,20210209T204500Z,English,United States,2021-02-09 20:45:00,1
OAE,ocean-based climate solutions,Grijalva hopes to work with Haaland to  repair  Interior,https://thehill.com/policy/energy-environment/538318-grijalva-hopes-to-work-with-haaland-to-repair-interior,thehill.com,20210211T121500Z,English,United States,2021-02-11 12:15:00,1
OAE,ocean-based climate solutions,OCEAN VISIONS TO ADVISE AND MONITOR AT - SEA CARBON REMOVAL EXPERIMENT,https://www.wicz.com/story/43334916/ocean-visions-to-advise-and-monitor-at-sea-carbon-removal-experiment,wicz.com,20210211T200000Z,English,United States,2021-02-11 20:00:00,2
OAE,ocean-based climate solutions,Setting Biden seafood policy table,http://www.msn.com/en-us/news/politics/setting-biden-s-seafood-policy-table/ar-BB1dJqB8,msn.com,20210216T161500Z,English,United States,2021-02-16 16:15:00,2
OAE,ocean-based climate solutions,Biden Administration Advances Climate Change Agenda,https://www.natlawreview.com/article/biden-administration-rapidly-advances-climate-change-agenda,natlawreview.com,20210217T151500Z,English,United States,2021-02-17 15:15:00,1
OAE,ocean-based climate solutions,Coastal News Today | united states - Setting Biden Seafood Policy Table,https://www.coastalnewstoday.com/post/usa-setting-bidens-seafood-policy-table,coastalnewstoday.com,20210218T063000Z,English,United States,2021-02-18 06:30:00,1
OAE,ocean carbon removal,ASPN | Upending Global Hydrogen with Dr . Greg Rau,https://www.coastalnewstoday.com/podcasts/upending-global-hydrogen-with-dr-greg-rau-changing-waters,coastalnewstoday.com,20210219T060000Z,English,United States,2021-02-19 06:00:00,1
OAE,ocean carbon removal,Why a net - zero future depends on the ocean ability to absorb carbon,https://www.bignewsnetwork.com/news/267911453/why-a-net-zero-future-depends-on-the-oceans-ability-to-absorb-carbon,bignewsnetwork.com,20210223T193000Z,English,United States,2021-02-23 19:30:00,2
OAE,ocean carbon removal,A Net - Zero Future Depends On The Ocean Ability To,https://www.marinetechnologynews.com/news/future-depends-ocean-ability-608601,marinetechnologynews.com,20210224T164500Z,English,United States,2021-02-24 16:45:00,1
OAE,ocean-based climate solutions,"Donald Lawson : If I can sail around the world , we can combat the climate crisis | COMMENTARY",http://www.capitalgazette.com/opinion/columns/ac-ce-column-donald-lawson-2021225-20210224-lgzlf6gcofe7dnfvdeiryctjby-story.html,capitalgazette.com,20210225T000000Z,English,United States,2021-02-25 00:00:00,1
OAE,ocean-based climate solutions,"Reduce , Reuse , Recycle : 5 Carbon Capture & Storage Startups Saving the World !",https://www.industryleadersmagazine.com/reduce-reuse-recycle-5-carbon-capture-storage-startups-saving-the-world/,industryleadersmagazine.com,20210302T130000Z,English,United States,2021-03-02 13:00:00,1
OAE,ocean-based climate solutions,"Outdoor Industry Association Supports President Biden Nominee for the Interior Secretary , Debra Haaland – Says An Interior Secretary the American People Deserve",https://goldrushcam.com/sierrasuntimes/index.php/news/local-news/28412-outdoor-industry-association-supports-president-biden-s-nominee-for-the-interior-secretary-debra-haaland-says-an-interior-secretary-the-american-people-deserve,goldrushcam.com,20210305T163000Z,English,United States,2021-03-05 16:30:00,1
OAE,ocean-based climate solutions,Coastal News Today | World - One ocean : At the intersection of green energy and a blue economy,https://www.coastalnewstoday.com/post/world-one-ocean-at-the-intersection-of-green-energy-and-a-blue-economy,coastalnewstoday.com,20210312T053000Z,English,United States,2021-03-12 05:30:00,1
OAE,ocean-based climate solutions,Leading Companies Start Taking Action on Shipping Emissions,https://www.triplepundit.com/story/2021/shipping-emissions/719776,triplepundit.com,20210318T074500Z,English,United States,2021-03-18 07:45:00,1
OAE,ocean-based climate solutions,Join the Virtual Capitol Hill Lobby Day for ocean climate action on April 14,https://vermontbiz.com/news/2021/april/11/join-virtual-capitol-hill-lobby-day-ocean-climate-action-april-14,vermontbiz.com,20210409T181500Z,English,United States,2021-04-09 18:15:00,1
OAE,ocean-based climate solutions,A Favorable Fetch For US Offshore Wind,https://www.marinelink.com/news/a-favorable-fetch-us-offshore-wind-486790,marinelink.com,20210412T213000Z,English,United States,2021-04-12 21:30:00,1
OAE,ocean-based climate solutions,Coastal News Today | AK - Harvesters to NOAA : Ecosystem - based solutions are needed,https://www.coastalnewstoday.com/post/ak-harvesters-to-noaa-ecosystem-based-solutions-are-needed,coastalnewstoday.com,20210413T074500Z,English,United States,2021-04-13 07:45:00,1
OAE,ocean-based climate solutions,The shipping industry needs to move in line with the Paris Agreement,https://thehill.com/opinion/energy-environment/548926-the-shipping-industry-needs-to-move-in-line-with-the-paris,thehill.com,20210419T130000Z,English,United States,2021-04-19 13:00:00,1
OAE,ocean-based climate solutions,Kerry : U . S . seeks IMO goal of zero emissions by 2050,https://www.marinelog.com/shipping/kerry-u-s-committed-to-imo-zero-emissions-goal/,marinelog.com,20210422T203000Z,English,United States,2021-04-22 20:30:00,1
OAE,ocean-based climate solutions,U . S . Announces Support for Islands - led Global Initiative for Climate Solutions,https://www.prnewswire.com:443/news-releases/us-announces-support-for-islands-led-global-initiative-for-climate-solutions-301276195.html,prnewswire.com,20210423T214500Z,English,United States,2021-04-23 21:45:00,2
OAE,ocean-based climate solutions,How Infrastructure Reform Can Prioritize Ocean Climate Action - Center for American Progress,https://www.americanprogress.org/issues/green/reports/2021/04/26/498695/infrastructure-reform-can-prioritize-ocean-climate-action/,americanprogress.org,20210426T133000Z,English,United States,2021-04-26 13:30:00,1
OAE,ocean-based climate solutions,Coastal News Today | US - How Infrastructure Reform Can Prioritize Ocean Climate Action,https://www.coastalnewstoday.com/post/us-how-infrastructure-reform-can-prioritize-ocean-climate-action,coastalnewstoday.com,20210427T030000Z,English,United States,2021-04-27 03:00:00,1
OAE,marine carbon removal,Carbon180 Unveils Carbon Removal Policy Roadmap for 2021,https://www.globenewswire.com/news-release/2021/05/13/2228898/0/en/Carbon180-Unveils-Carbon-Removal-Policy-Roadmap-for-2021-and-Beyond.html,globenewswire.com,20210513T201500Z,English,United States,2021-05-13 20:15:00,2
OAE,marine carbon removal,"Forget  net zero  emissions target U . S . must get to  net negative  ASAP , nonprofit argues",https://news.yahoo.com/forget-net-zero-emissions-target-110737422.html,news.yahoo.com,20210514T113000Z,English,United States,2021-05-14 11:30:00,1
OAE,ocean-based carbon removal,Ocean Visions Product Aims to Accelerate Development and Testing of Macroalgae - Based Carbon Sequestration,https://brazilbusiness.einnews.com/pr_news/541359475/ocean-visions-product-aims-to-accelerate-development-and-testing-of-macroalgae-based-carbon-sequestration,brazilbusiness.einnews.com,20210518T083000Z,English,United States,2021-05-18 08:30:00,1
OAE,ocean alkalinization,Projected acidification of the Great Barrier Reef could be offset by ten years,https://www.eurekalert.org/pub_releases/2021-06/ip-pao060421.php,eurekalert.org,20210608T091500Z,English,United States,2021-06-08 09:15:00,2
OAE,ocean alkalinization,Projected acidification of Great Barrier Reef could be offset by ten years,https://www.miragenews.com/projected-acidification-of-great-barrier-reef-573640/,miragenews.com,20210608T094500Z,English,United States,2021-06-08 09:45:00,1
OAE,ocean alkalinization,Ships releasing alkalinizing agents could buy time for Great Barrier Reef,https://newatlas.com/environment/acidification-great-barrier-reef-shipping/,newatlas.com,20210609T034500Z,English,United States,2021-06-09 03:45:00,1
OAE,ocean alkalinization,Environmental News Network - Projected Acidification of the Great Barrier Reef Could Be Offset by Ten Years,https://www.enn.com/articles/68003-projected-acidification-of-the-great-barrier-reef-could-be-offset-by-ten-years,enn.com,20210609T164500Z,English,United States,2021-06-09 16:45:00,1
OAE,ocean alkalinization,Artificial Ocean Alkalinization Could Offset the Acidification of the Great Barrier Reef,https://www.azocleantech.com/news.aspx?newsID=29585,azocleantech.com,20210609T173000Z,English,United States,2021-06-09 17:30:00,1
OAE,ocean alkalinity enhancement,Why We Shouldnt Buy Into the Idea of Engineering Our Way Out of the Climate Crisis,https://www.onegreenplanet.org/environment/why-we-shouldnt-buy-into-the-idea-of-engineering-our-way-out-of-the-climate-crisis/,onegreenplanet.org,20210610T170000Z,English,United States,2021-06-10 17:00:00,4
OAE,ocean alkalinity,"The Lowdown on CCS : Part 1 , Carbon Capture",https://energycentral.com/c/ec/lowdown-ccs-part-1-carbon-capture,energycentral.com,20210628T004500Z,English,United States,2021-06-28 00:45:00,1
OAE,ocean alkalinity,Capturing and Storing CO2 while Producing Hydrogen,https://www.azocleantech.com/article.aspx?ArticleID=1263,azocleantech.com,20210628T110000Z,English,United States,2021-06-28 11:00:00,1
OAE,ocean-based climate solutions,Americans Support Investing in Our Coasts Congress Should Too - Center for American Progress,https://www.americanprogress.org/issues/green/news/2021/07/02/501314/americans-support-investing-coasts-congress/,americanprogress.org,20210702T134500Z,English,United States,2021-07-02 13:45:00,1
OAE,ocean-based climate solutions,Coastal News Today | US - Americans Support Investing in Our Coasts Congress Should Too,https://www.coastalnewstoday.com/post/us-americans-support-investing-in-our-coasts-congress-should-too,coastalnewstoday.com,20210706T040000Z,English,United States,2021-07-06 04:00:00,1
OAE,ocean-based climate solutions,Commentary : Maine needs to better prepare for changing climate – and we cant do it alone,https://www.pressherald.com/2021/07/09/commentary-maine-needs-to-better-prepare-for-changing-climate-and-we-cant-do-it-alone/,pressherald.com,20210709T090000Z,English,United States,2021-07-09 09:00:00,1
OAE,ocean-based climate solutions,Franklin resident spending summer advocating for the environment,https://www.wickedlocal.com/story/journal-news-independent/2021/07/08/franklin-resident-spending-summer-advocating-environment/7901977002/,wickedlocal.com,20210712T064500Z,English,United States,2021-07-12 06:45:00,2
OAE,ocean-based climate solutions,Lincoln resident spending summer advocating for environment,https://www.wickedlocal.com/story/concord-journal/2021/07/13/lincoln-resident-spending-summer-advocating-environment/7937294002/,wickedlocal.com,20210713T174500Z,English,United States,2021-07-13 17:45:00,1
OAE,ocean-based climate solutions,Hearing | Committee Activity | The House Committee on Natural Resources,https://naturalresources.house.gov/hearings/remote-fc-markup-71421,naturalresources.house.gov,20210714T211500Z,English,United States,2021-07-14 21:15:00,1
OAE,ocean-based climate solutions,Collaborative Ocean - Based Solutions To Climate Change – Together We Can,https://emagazine.com/collaborative-ocean-based-solutions-to-climate-change-together-we-can/,emagazine.com,20210810T211500Z,English,United States,2021-08-10 21:15:00,1
OAE,ocean-based climate solutions,Let focus on the planet biggest infrastructure,https://thehill.com/opinion/energy-environment/567774-lets-focus-on-the-planets-biggest-infrastructure,thehill.com,20210814T134500Z,English,United States,2021-08-14 13:45:00,1
OAE,ocean-based climate solutions,We can save our coasts with a $10 billion investment,https://thehill.com/opinion/energy-environment/568557-we-can-save-our-coasts-with-a-10-billion-investment,thehill.com,20210819T211500Z,English,United States,2021-08-19 21:15:00,1
OAE,ocean-based climate solutions,Together We Can : Collaborative Ocean - Based Climate Solutions,https://goodmenproject.com/featured-content/together-we-can-collaborative-ocean-based-climate-solutions/,goodmenproject.com,20210829T090000Z,English,United States,2021-08-29 09:00:00,1
OAE,ocean alkalinity enhancement,"Monthly Review | Advance Release ! The Leaked IPCC Reports : Notes from the Editors , October 2021",https://monthlyreview.org/2021/09/08/mr-073-05-2021-09_0/,monthlyreview.org,20210908T144500Z,English,United States,2021-09-08 14:45:00,2
OAE,marine CDR,ASPN | Dr . Wil Burns Decodes the Wild Frontier Space of Carbon Removal,https://www.coastalnewstoday.com/podcasts/dr-wil-burns-decodes-the-wild-frontier-space-of-carbon-removal-changing-waters,coastalnewstoday.com,20210909T051500Z,English,United States,2021-09-09 05:15:00,1
OAE,ocean alkalinity,"To Harness the Power of the Ocean To Fight Climate Change , the Biden Administration Needs a Plan",https://www.americanprogress.org/issues/green/news/2021/09/10/503566/harness-power-ocean-fight-climate-change-biden-administration-needs-plan/,americanprogress.org,20210910T150000Z,English,United States,2021-09-10 15:00:00,3
OAE,ocean carbon removal,The House Ways and Means Build Back Better Bill is a First Step Toward a Fairer Tax Code,https://www.americanprogress.org/issues/economy/,americanprogress.org,20210921T170000Z,English,United States,2021-09-21 17:00:00,1
OAE,ocean-based climate solutions,Commentary : There only one sure way to keep Gullah / Geechee coast clear of oil,https://www.postandcourier.com/opinion/commentary/commentary-theres-only-one-sure-way-to-keep-gullah-geechee-coast-clear-of-oil/article_2866d642-162c-11ec-98d5-77d7698d9865.html,postandcourier.com,20210924T203000Z,English,United States,2021-09-24 20:30:00,1
OAE,ocean alkalinity,"Climate Change Impacts Require Action Not Only at a National Level but also at a Regional and Global Level , ECLAC Stresses | News | Economic Commission for Latin America and the Caribbean",https://www.cepal.org/en/news/climate-change-impacts-require-action-not-only-national-level-also-regional-and-global-level,cepal.org,20210925T050000Z,English,United States,2021-09-25 05:00:00,1
OAE,ocean alkalinity enhancement,"Monthly Review | Notes from the Editors , October 2021",https://monthlyreview.org/2021/10/01/mr-073-05-2021-09_0/,monthlyreview.org,20211001T044500Z,English,United States,2021-10-01 04:45:00,2
OAE,ocean carbon removal,UPDATED :  International Scientists Signal Significant Gap,https://www.globenewswire.com/news-release/2021/10/01/2307326/0/en/UPDATED-International-Scientists-Signal-Significant-Gap-In-Global-Climate-Target-Calculations.html,globenewswire.com,20211001T223000Z,English,United States,2021-10-01 22:30:00,1
OAE,ocean-based carbon removal,UW oceanographer will study how glacial particles remove CO2 from atmosphere,https://www.washington.edu/news/2021/10/29/glacial_particles_co2/,washington.edu,20211029T204500Z,English,United States,2021-10-29 20:45:00,3
OAE,ocean alkalinity enhancement,Climate Vault Launches Request for Proposal ( RFP ) to Support Carbon Dioxide Removal Technologies,https://www.valdostadailytimes.com/news/business/climate-vault-launches-request-for-proposal-rfp-to-support-carbon-dioxide-removal-technologies/article_0597cd14-fc69-5fb5-a1ba-632d7ae01837.html,valdostadailytimes.com,20211201T170000Z,English,United States,2021-12-01 17:00:00,10
OAE,ocean-based carbon removal,Guidance for Ocean - Based Carbon Dioxide Removal Project Report,https://www.aspeninstitute.org/publications/ocean-carbon-dioxide-removal/,aspeninstitute.org,20211208T044500Z,English,United States,2021-12-08 04:45:00,1
OAE,ocean carbon removal,"As climate change escalates , U . S . experts endorse research on storing carbon in the ocean",https://www.washingtonpost.com/climate-solutions/2021/12/08/climate-change-ocean-carbon-storage/,washingtonpost.com,20211208T164500Z,English,United States,2021-12-08 16:45:00,2
OAE,ocean alkalinity,Natural climate solutions cut a steady course through a sea of proposals for ocean carbon dioxide reduction,http://blogs.edf.org/edfish/2021/12/08/natural-climate-solutions-cut-a-steady-course-through-a-sea-of-proposals-for-ocean-carbon-dioxide-reduction/,blogs.edf.org,20211209T000000Z,English,United States,2021-12-09 00:00:00,3
OAE,ocean-based carbon removal,"Skeptical Science New Research for Week # 49 , 2021",https://skepticalscience.com/new_research_2021_49.html,skepticalscience.com,20211209T060000Z,English,United States,2021-12-09 06:00:00,1
OAE,ocean carbon removal,"Democrat climate provisions meet the  Byrd bath , as Manchin targets the methane fee",https://www.washingtonpost.com/politics/2021/12/09/democrats-climate-provisions-meet-byrd-bath-manchin-battles-methane-fee/,washingtonpost.com,20211209T134500Z,English,United States,2021-12-09 13:45:00,4
OAE,ocean-based carbon removal,Scientists say humans can move CO2 from air to oceans,https://www.eenews.net/articles/scientists-say-humans-can-move-co2-from-air-to-oceans/,eenews.net,20211209T143000Z,English,United States,2021-12-09 14:30:00,1
OAE,ocean-based carbon removal,Moving CO2 from Air to Oceans May Be Necessary to Slow Warming,https://www.scientificamerican.com/article/moving-co2-from-air-to-oceans-may-be-necessary-to-slow-warming/,scientificamerican.com,20211209T203000Z,English,United States,2021-12-09 20:30:00,1
OAE,ocean-based carbon removal,Scientists say humans can move CO2 from air to oceans - Governor Wind Energy Coalition,https://governorswindenergycoalition.org/scientists-say-humans-can-move-co2-from-air-to-oceans/,governorswindenergycoalition.org,20211210T093000Z,English,United States,2021-12-10 09:30:00,1
OAE,ocean alkalinity,"Oceans could be harnessed to remove carbon from air , say US science leaders",https://phys.org/news/2021-12-oceans-harnessed-carbon-air-science.html,phys.org,20211210T134500Z,English,United States,2021-12-10 13:45:00,4
OAE,ocean alkalinity enhancement,"Coastal News Today | World - Oceans Could Be Harnessed to Remove Carbon From Air , Say US Science Leaders",https://www.coastalnewstoday.com/post/world-oceans-could-be-harnessed-to-remove-carbon-from-air-say-us-science-leaders,coastalnewstoday.com,20211213T031500Z,English,United States,2021-12-13 03:15:00,3
OAE,ocean alkalinity enhancement,Geoengineering First It Was About Messing With The Atmosphere . Now It About Hacking The Ocean .,https://cleantechnica.com/2021/12/12/geoengineering-first-it-was-about-messing-with-the-atmosphere-now-its-about-hacking-the-ocean/,cleantechnica.com,20211213T044500Z,English,United States,2021-12-13 04:45:00,3
OAE,ocean carbon removal,"2021 , the year of carbon software",https://www.greenbiz.com/article/2021-year-carbon-software,greenbiz.com,20211215T154500Z,English,United States,2021-12-15 15:45:00,1
OAE,ocean alkalinity enhancement,"Skeptical Science New Research for Week # 50 , 2021",https://skepticalscience.com/new_research_2021_50.html,skepticalscience.com,20211216T083000Z,English,United States,2021-12-16 08:30:00,2
OAE,ocean alkalinity enhancement,Could crushed rocks absorb enough carbon to curb global warming ?,https://www.nationalgeographic.com/environment/article/could-crushed-rocks-absorb-enough-carbon-to-curb-global-warming,nationalgeographic.com,20211221T173000Z,English,United States,2021-12-21 17:30:00,5
OAE,ocean-based climate solutions,Opinion : Want to save the oceans from climate change ? Support this bill now .,https://www.sandiegouniontribune.com/opinion/commentary/story/2021-12-21/ocean-based-climate-solutions-act-2021,sandiegouniontribune.com,20211221T191500Z,English,United States,2021-12-21 19:15:00,1
OAE,ocean alkalinity enhancement,2 : 00PM Water Cooler 12 / 23 / 2021 | naked capitalism,https://www.nakedcapitalism.com/2021/12/200pm-water-cooler-12-23-2021.html,nakedcapitalism.com,20211223T194500Z,English,United States,2021-12-23 19:45:00,2
OAE,ocean carbon removal,"Oceans Could Be Harnessed to Remove Carbon From Air , Say U . S . Science Leaders",https://news.climate.columbia.edu/2021/12/09/oceans-could-be-harnessed-to-remove-carbon-from-air-say-u-s-science-leaders/,news.climate.columbia.edu,20220104T223000Z,English,United States,2022-01-04 22:30:00,4
OAE,ocean-based climate solutions,Commentary : The ocean needs our help now,http://www.msn.com/en-us/news/us/commentary-the-ocean-needs-our-help-now/ar-AASujib,msn.com,20220106T094500Z,English,United States,2022-01-06 09:45:00,2
OAE,ocean alkalinity,Coastal News Today | World - Could crushed rocks absorb enough carbon to curb global warming ?,https://www.coastalnewstoday.com/post/world-could-crushed-rocks-absorb-enough-carbon-to-curb-global-warming,coastalnewstoday.com,20220113T024500Z,English,United States,2022-01-13 02:45:00,3
OAE,ocean-based climate solutions,PNW Predictions : Renewable energy re - imagined - Puget Sound Business Journal,https://www.bizjournals.com/seattle/news/2021/12/22/pnw-predictions-renewable-energy-reimagined.html,bizjournals.com,20220120T023000Z,English,United States,2022-01-20 02:30:00,1
OAE,ocean-based climate solutions,30 Ways Science Educators Teach With The New York Times,https://www.nytimes.com/2022/02/03/learning/30-ways-science-educators-teach-with-the-new-york-times.html,nytimes.com,20220203T184500Z,English,United States,2022-02-03 18:45:00,1
OAE,ocean-based carbon removal,US Carbon Removal Technology & Initiatives | World Resources Institute,https://www.wri.org/insights/us-carbon-removal,wri.org,20220208T190000Z,English,United States,2022-02-08 19:00:00,1
OAE,ocean-based carbon removal,Economically and environmentally things wont look up until we start looking down !,https://energycentral.com/c/ec/economically-and-environmentally-things-won%E2%80%99t-look-until-we-start-looking-down,energycentral.com,20220209T193000Z,English,United States,2022-02-09 19:30:00,1
OAE,ocean alkalinity,Frontiers | The Dissolution of Olivine Added to Soil at 4°C : Implications for Enhanced Weathering in Cold Regions,https://www.frontiersin.org/articles/10.3389/fclim.2022.827698/full,frontiersin.org,20220210T074500Z,English,United States,2022-02-10 07:45:00,1
OAE,ocean-based climate solutions,"World Renowned Kelp Experts Answer Climate Distress Call , Join XPRIZE Carbon Removal Team Pull To Refresh",https://www.digitaljournal.com/pr/world-renowned-kelp-experts-answer-climate-distress-call-join-xprize-carbon-removal-team-pull-to-refresh,digitaljournal.com,20220211T183000Z,English,United States,2022-02-11 18:30:00,1
OAE,ocean-based carbon removal,Coastal News Today | World -  You Need a Yes on All of Those Level Experts Discuss the Future of Ocean - Based Carbon Removal Research,https://www.coastalnewstoday.com/post/world-you-need-a-yes-on-all-of-those-levels-experts-discuss-the-future-of-ocean-based-carbon-removal-research,coastalnewstoday.com,20220215T054500Z,English,United States,2022-02-15 05:45:00,1
OAE,ocean-based carbon removal,IPCC words matter and so does the ocean,https://thehill.com/opinion/energy-environment/596407-ipccs-words-matter-and-so-does-the-ocean,thehill.com,20220302T163000Z,English,United States,2022-03-02 16:30:00,1
OAE,ocean alkalinity enhancement,How the Ocean Could Be the Key to Carbon Capture Technologies to Fight Climate Change,https://www.thedailybeast.com/how-the-ocean-could-be-the-key-to-carbon-capture-technologies-to-fight-climate-change,thedailybeast.com,20220302T233000Z,English,United States,2022-03-02 23:30:00,3
OAE,ocean-based climate solutions,Surfrider Foundation to Meet with Congressional Leaders for Coastal Recreation Hill Day,https://www.prnewswire.com:443/news-releases/surfrider-foundation-to-meet-with-congressional-leaders-for-coastal-recreation-hill-day-301497279.html,prnewswire.com,20220308T023000Z,English,United States,2022-03-08 02:30:00,4
OAE,ocean-based climate solutions,"Carbon Dioxide Removal ( CDR ) ... To Clear The Air , Look",https://www.marinetechnologynews.com/news/carbon-dioxide-removal-clear-617987,marinetechnologynews.com,20220310T150000Z,English,United States,2022-03-10 15:00:00,1
OAE,ocean alkalinity,Coastal News Today | World - Policy brief : Deep ocean climate intervention impacts – ocean alkalinity enhancement Ocean acidification,https://www.coastalnewstoday.com/post/world-policy-brief-deep-ocean-climate-intervention-impacts-ocean-alkalinity-enhancement-ocean-acidification,coastalnewstoday.com,20220317T044500Z,English,United States,2022-03-17 04:45:00,3
OAE,ocean-based carbon removal,Carbon Removal & Climate Goals | World Resources Institute,https://www.wri.org/insights/carbon-removal-countries-climate-goals,wri.org,20220317T204500Z,English,United States,2022-03-17 20:45:00,1
OAE,ocean-based carbon removal,What to know about 5 big plans for U . S . carbon removal,https://www.greenbiz.com/article/what-know-about-5-big-plans-us-carbon-removal,greenbiz.com,20220326T193000Z,English,United States,2022-03-26 19:30:00,1
OAE,marine alkalinity,No longer a last resort : Pulling CO2 from the air,https://www.msn.com/en-us/weather/topstories/no-longer-a-last-resort-pulling-co2-from-the-air/ar-AAVKTiB,msn.com,20220401T184500Z,English,United States,2022-04-01 18:45:00,5
OAE,marine alkalinity,"Removing CO2 from air , sea no longer optional , says UN",https://www.msn.com/en-us/weather/topstories/removing-co2-from-air-sea-no-longer-optional-says-un/ar-AAVTbKu,msn.com,20220405T191500Z,English,United States,2022-04-05 19:15:00,2
OAE,ocean alkalinity,The Lowdown on CCS,https://energycentral.com/c/ec/lowdown-ccs,energycentral.com,20220408T083000Z,English,United States,2022-04-08 08:30:00,1
OAE,ocean carbon removal,Coastal News Today | World - Robot revolution : A new real - time accounting system for ocean carbon,https://www.coastalnewstoday.com/post/world-robot-revolution-a-new-real-time-accounting-system-for-ocean-carbon,coastalnewstoday.com,20220419T020000Z,English,United States,2022-04-19 02:00:00,1
OAE,ocean carbon removal,"Startup  antacid  enhances ocean carbon removal | A Green Living Blog - Go Green , Green Home , Green Energy",http://agreenliving.org/startups-antacid-enhances-ocean-carbon-removal/,agreenliving.org,20220427T120000Z,English,United States,2022-04-27 12:00:00,1
OAE,ocean carbon removal,Coastal News Today | united states - The IPCC Sixth Assessment Report and power future,https://www.coastalnewstoday.com/post/usa-the-ipcc-sixth-assessment-report-and-powers-future,coastalnewstoday.com,20220427T221500Z,English,United States,2022-04-27 22:15:00,1
OAE,ocean carbon removal,It Time We Admit That Carbon Offsetting Isnt Working,https://www.newsweek.com/its-time-we-admit-that-carbon-offsetting-isnt-working-opinion-1700647,newsweek.com,20220428T130000Z,English,United States,2022-04-28 13:00:00,1
OAE,ocean-based carbon removal,Frontiers | A Code of Conduct Is Imperative for Ocean Carbon Dioxide Removal Research,https://www.frontiersin.org/articles/10.3389/fmars.2022.872800/full,frontiersin.org,20220502T120000Z,English,United States,2022-05-02 12:00:00,4
OAE,alkalinity enhancement,Inside the secretive Silicon Valley startup trying to save the oceans with tech – TechCrunch,https://techcrunch.com/2022/05/02/inside-the-secretive-silicon-valley-startup-trying-to-save-the-oceans-with-tech/,techcrunch.com,20220502T180000Z,English,United States,2022-05-02 18:00:00,2
OAE,ocean-based carbon removal,The climate solution that can also restore our seas,https://www.msn.com/en-us/news/us/the-climate-solution-that-can-also-restore-our-seas/ar-AAX7Aqg,msn.com,20220510T201500Z,English,United States,2022-05-10 20:15:00,1
OAE,alkalinity enhancement,Coastal News Today | World - The birth of the carbon removal market,https://www.coastalnewstoday.com/post/world-the-birth-of-the-carbon-removal-market,coastalnewstoday.com,20220511T020000Z,English,United States,2022-05-11 02:00:00,1
OAE,ocean-based carbon removal,Microbial Responses to Climate Change in Three Major Ecosystems,https://www.azocleantech.com/article.aspx?ArticleID=1533,azocleantech.com,20220511T110000Z,English,United States,2022-05-11 11:00:00,1
OAE,ocean-based climate solutions,Oceans Conference Comes up With $16B in Pledges To Safeguard Marine Health,https://goodmenproject.com/featured-content/oceans-conference-comes-up-with-16b-in-pledges-to-safeguard-marine-health/,goodmenproject.com,20220518T050000Z,English,United States,2022-05-18 05:00:00,1
OAE,ocean-based carbon removal,Coastal News Today | World - The availability of limestone and other raw materials for ocean alkalinity enhancement,https://www.coastalnewstoday.com/post/world-the-availability-of-limestone-and-other-raw-materials-for-ocean-alkalinity-enhancement,coastalnewstoday.com,20220518T153000Z,English,United States,2022-05-18 15:30:00,1
OAE,marine carbon removal,Coastal News Today | WORLD - The Biggest Carbon Sink of All,https://www.coastalnewstoday.com/post/world-the-biggest-carbon-sink-of-all,coastalnewstoday.com,20220523T094500Z,English,United States,2022-05-23 09:45:00,2
OAE,ocean-based carbon removal,Department Of Energy Announces Significant Investment In Direct Air Capture - Climate Change,https://www.mondaq.com/unitedstates/climate-change/1195942/department-of-energy-announces-significant-investment-in-direct-air-capture,mondaq.com,20220525T110000Z,English,United States,2022-05-25 11:00:00,1
OAE,ocean-based carbon removal,Department of Energy Announces Significant Investment in Direct Air Capture | Brownstein Hyatt Farber Schreck,https://www.jdsupra.com/legalnews/department-of-energy-announces-3583842/,jdsupra.com,20220526T181500Z,English,United States,2022-05-26 18:15:00,1
OAE,ocean-based climate solutions,"Proclamation on National Ocean Month , 2022",https://www.miragenews.com/proclamation-on-national-ocean-month-2022-792217/,miragenews.com,20220531T191500Z,English,United States,2022-05-31 19:15:00,1
OAE,ocean carbon removal,Hawaii Startup Launches World First Ocean - Assisted Carbon Removal Plant,https://www.extremetech.com/extreme/336422-hawaii-startup-launches-worlds-first-ocean-assisted-carbon-removal-plant,extremetech.com,20220601T141500Z,English,United States,2022-06-01 14:15:00,1
OAE,ocean-based climate solutions,Turning the Tide for Ocean Climate Action : Unleashing the Climate Benefits of Our Blue Planet,https://climatecrisis.house.gov/committee-activity/hearings/turning-tide-ocean-climate-action-unleashing-climate-benefits-our-blue,climatecrisis.house.gov,20220603T000000Z,English,United States,2022-06-03 00:00:00,1
OAE,ocean-based climate solutions,Coastal News Today | united states - Our Best Defense Against Hurricanes Is to Modernize This Coastal Law,https://www.coastalnewstoday.com/post/usa-our-best-defense-against-hurricanes-is-to-modernize-this-coastal-law,coastalnewstoday.com,20220603T024500Z,English,United States,2022-06-03 02:45:00,1
OAE,ocean-based climate solutions,Oceana Canada : Fisheries Minister Joyce Murray failure to protect capelin risks the health of the ocean and the fisheries that depend on it,https://www.streetinsider.com/Globe+Newswire/Oceana+Canada:+Fisheries+Minister+Joyce+Murray%E2%80%99s+failure+to+protect+capelin+risks+the+health+of+the+ocean+and+the+fisheries+that+depend+on+it/20172972.html,streetinsider.com,20220603T173000Z,English,United States,2022-06-03 17:30:00,1
OAE,ocean alkalinity enhancement,Integrating the Ocean Into Climate Action - The Aspen Institute,https://www.aspeninstitute.org/blog-posts/integrating-ocean-climate-action/,aspeninstitute.org,20220608T160000Z,English,United States,2022-06-08 16:00:00,2
OAE,ocean-based climate solutions,World Ocean Day - United States Department of State,https://www.state.gov/world-ocean-day/,state.gov,20220608T200000Z,English,United States,2022-06-08 20:00:00,1
OAE,ocean-based climate solutions,World Ocean Day,https://it.usembassy.gov/world-ocean-day/,it.usembassy.gov,20220609T110000Z,English,United States,2022-06-09 11:00:00,2
OAE,ocean-based climate solutions,Celebrating World Ocean Day - Climate Change,https://www.mondaq.com/unitedstates/climate-change/1200370/celebrating-world-ocean-day,mondaq.com,20220609T153000Z,English,United States,2022-06-09 15:30:00,1
OAE,ocean-based climate solutions,Coastal News Today | united states - Lawmakers eye  blue carbon  as emissions reduction tool,https://www.coastalnewstoday.com/post/usa-lawmakers-eye-blue-carbon-as-emissions-reduction-tool,coastalnewstoday.com,20220613T050000Z,English,United States,2022-06-13 05:00:00,1
OAE,ocean carbon removal,Heimdal Launches Ocean - Assisted Carbon Removal Plant,https://www.airforce-technology.com/research-reports/heimdal-launches-ocean-assisted-carbon-removal-plant/,airforce-technology.com,20220613T124500Z,English,United States,2022-06-13 12:45:00,1
OAE,ocean-based carbon removal,"The ocean is a critical solution to climate change , groups tell Biden",https://www.washingtonpost.com/politics/2022/06/16/exclusive-ocean-is-critical-solution-climate-change-groups-tell-biden/,washingtonpost.com,20220616T131500Z,English,United States,2022-06-16 13:15:00,1
OAE,ocean-based climate solutions,National Ocean Month Highlights Global Climate Action,https://progressive.org/op-eds/national-ocean-month-climate-action-helvarg-220621/,progressive.org,20220621T214500Z,English,United States,2022-06-21 21:45:00,2
OAE,ocean-based climate solutions,Commentary : National Ocean Month highlights global climate action,https://auburnpub.com/opinion/columnists/commentary-national-ocean-month-highlights-global-climate-action/article_c01635fd-6c1a-5c91-8fb8-46ea316e5a59.html,auburnpub.com,20220623T110000Z,English,United States,2022-06-23 11:00:00,1
OAE,ocean-based climate solutions,Looking Ahead to the United Nations Ocean Conference,https://www.aspeninstitute.org/blog-posts/looking-ahead-to-the-united-nations-ocean-conference/,aspeninstitute.org,20220624T150000Z,English,United States,2022-06-24 15:00:00,1
OAE,ocean-based climate solutions,Mariam Almheiri highlights importance of ocean - based climate solutions at UN Ocean Conference in Portugal,https://www.bignewsnetwork.com/news/272604038/mariam-almheiri-highlights-importance-of-ocean-based-climate-solutions-at-un-ocean-conference-in-portugal,bignewsnetwork.com,20220629T124500Z,English,United States,2022-06-29 12:45:00,1
OAE,ocean carbon removal,Cultivating seaweed for carbon removal in California : Barriers and recommendations,https://phys.org/news/2022-06-cultivating-seaweed-carbon-california-barriers.html,phys.org,20220630T140000Z,English,United States,2022-06-30 14:00:00,3
OAE,ocean-based climate solutions,Stock Market | FinancialContent Business Page,https://markets.financialcontent.com/stocks/article/bizwire-2022-6-30-avangrid-affirms-commitment-to-protect-ocean-resources-signs-united-nations-sustainable-ocean-principles,markets.financialcontent.com,20220630T181500Z,English,United States,2022-06-30 18:15:00,2
OAE,ocean-based climate solutions,Stock Market | Daily Herald,https://finance.dailyherald.com/dailyherald/article/bizwire-2022-6-30-avangrid-affirms-commitment-to-protect-ocean-resources-signs-united-nations-sustainable-ocean-principles,finance.dailyherald.com,20220630T183000Z,English,United States,2022-06-30 18:30:00,1
OAE,ocean-based climate solutions,"AVANGRID Affirms Commitment to Protect Ocean Resources , Signs United Nations Sustainable Ocean Principles",https://www.businesswire.com/news/home/20220630005806/en/AVANGRID-Affirms-Commitment-to-Protect-Ocean-Resources-Signs-United-Nations-Sustainable-Ocean-Principles,businesswire.com,20220630T193000Z,English,United States,2022-06-30 19:30:00,1
OAE,ocean-based climate solutions,Seaing the Future at the UN Ocean Conference 2022 - United States Department of State,https://www.state.gov/un-ocean-conference-2022,state.gov,20220705T214500Z,English,United States,2022-07-05 21:45:00,1
OAE,ocean carbon removal,"Carbonfuture Announces Catalyst for Carbon Removal , Partnering With Heimdal , Lithos , Ucaneo",https://cleantechnica.com/2022/07/08/carbonfuture-announces-catalyst-for-carbon-removal-partnering-with-heimdal-lithos-ucaneo/,cleantechnica.com,20220708T223000Z,English,United States,2022-07-08 22:30:00,1
OAE,ocean-based climate solutions,"Reporting Ocean Stories Is Key to Blue Literacy , Planetary Health",https://www.sej.org/publications/special-reports/climate-solutions/ocean-and-climate-change-tipsheet,sej.org,20220713T170000Z,English,United States,2022-07-13 17:00:00,1
OAE,ocean carbon removal,Policy Director - Sustainable Business,https://www.sustainablebusiness.com/job/policy-director-3/,sustainablebusiness.com,20220721T221500Z,English,United States,2022-07-21 22:15:00,4
OAE,ocean-based climate solutions,Candidate Q & A : 1st Congressional District Ed Case,https://www.civilbeat.org/2022/07/candidate-qa-1st-congressional-district-ed-case/,civilbeat.org,20220722T104500Z,English,United States,2022-07-22 10:45:00,1
OAE,ocean-based climate solutions,"Climate change impacting Atlantic shellfish , and scientists predict it will only get worse",https://www.seafoodsource.com/news/environment-sustainability/climate-change-impacting-atlantic-shellfish-and-scientists-predict-it-will-only-get-worse,seafoodsource.com,20220722T231500Z,English,United States,2022-07-22 23:15:00,1
OAE,ocean carbon removal,Facebook Former CTO Mike Schroepfer Explains Why He Turning His Attention to Climate Change,https://www.nbcconnecticut.com/news/business/money-report/facebooks-former-cto-mike-schroepfer-explains-why-hes-turning-his-attention-to-climate-change/2842341/,nbcconnecticut.com,20220730T133000Z,English,United States,2022-07-30 13:30:00,3
OAE,ocean-based climate solutions,Bonamici hosts field hearing in Astoria on climate change,https://www.dailyastorian.com/news/local/bonamici-hosts-field-hearing-in-astoria-on-climate-change/article_d2492b64-146a-11ed-99b0-136139a8f9d8.html,dailyastorian.com,20220805T191500Z,English,United States,2022-08-05 19:15:00,2
OAE,alkalinity enhancement,From industry to ocean – deep impact from waste up,https://www.miragenews.com/from-industry-to-ocean-deep-impact-from-waste-up-834494/,miragenews.com,20220810T073000Z,English,United States,2022-08-10 07:30:00,2
OAE,ocean-based climate solutions,Scientific  Integrity,https://pjmedia.com/columns/john-stossel/2022/08/24/scientific-integrity-n1623655,pjmedia.com,20220824T053000Z,English,United States,2022-08-24 05:30:00,4
OAE,ocean-based climate solutions,John Stossel : Scientific  Integrity  | The Patriot Post,https://patriotpost.us/opinion/90754-scientific-integrity-2022-08-24,patriotpost.us,20220824T124500Z,English,United States,2022-08-24 12:45:00,1
OAE,ocean alkalinity,How to Reverse the Ocean - Climate Crisis,https://www.pewtrusts.org/en/trend/archive/winter-2022/how-to-reverse-the-ocean-climate-crisis,pewtrusts.org,20220825T151500Z,English,United States,2022-08-25 15:15:00,2
OAE,ocean carbon removal,"This Startup Is Enhancing the Ocean Ability to Store Carbon , Reversing Acidification - Sustainable Brands",https://sustainablebrands.com/read/product-service-design-innovation/this-startup-is-enhancing-the-ocean-s-ability-to-store-carbon-reversing-acidification,sustainablebrands.com,20220826T003000Z,English,United States,2022-08-26 00:30:00,1
OAE,ocean-based climate solutions,John Stossel : Scientific  integrity,https://www.unionleader.com/opinion/columnists/john-stossel-scientific-integrity/article_0d089bbe-5895-59ba-94a7-85f5537ff4dd.html,unionleader.com,20220826T054500Z,English,United States,2022-08-26 05:45:00,4
OAE,ocean-based climate solutions,Government Corrupts Science With Progressive Nonsense,https://newsbusters.org/blogs/nb/john-stossel/2022/08/26/government-corrupts-science-progressive-nonsense,newsbusters.org,20220826T201500Z,English,United States,2022-08-26 20:15:00,2
OAE,ocean-based climate solutions,Doubting science with good reason,https://www.journal-spectator.com/opinion/article_50ba1ef0-2586-11ed-a585-9fb39cb559b4.html,journal-spectator.com,20220826T223000Z,English,United States,2022-08-26 22:30:00,1
OAE,ocean-based climate solutions,Scientific  Integrity ?- The inevitable end result of  trusting the science .,https://freerepublic.com/focus/f-news/4089195/posts,freerepublic.com,20220829T160000Z,English,United States,2022-08-29 16:00:00,1
OAE,ocean carbon removal,"37 Most Promising Climate - Tech Startups of 2022 , According to Top VCs",https://www.businessinsider.com/most-promising-climate-tech-startups-picked-by-top-vcs-2022-8,businessinsider.com,20220830T123000Z,English,United States,2022-08-30 12:30:00,1
OAE,ocean carbon removal,UMaine researchers look into how to make kelp aquaculture a better carbon sink - UMaine News,https://umaine.edu/news/blog/2022/09/12/umaine-researchers-look-into-how-to-make-kelp-aquaculture-a-better-carbon-sink/,umaine.edu,20220912T214500Z,English,United States,2022-09-12 21:45:00,1
OAE,ocean carbon removal,How to make kelp aquaculture a better carbon sink,https://phys.org/news/2022-09-kelp-aquaculture-carbon.html,phys.org,20220913T164500Z,English,United States,2022-09-13 16:45:00,1
OAE,ocean carbon removal,Ocean - climate VC Propeller launches with $100M to fund  tomorrow narwhals,https://techcrunch.com/2022/10/20/propeller-vc-ocean-climate-startups-carbon/,techcrunch.com,20221020T133000Z,English,United States,2022-10-20 13:30:00,1
OAE,ocean carbon removal,Propeller Announces $100 Million Fund To Invest In Ocean - Climate Companies,https://www.azocleantech.com/news.aspx?newsID=32462,azocleantech.com,20221021T133000Z,English,United States,2022-10-21 13:30:00,1
OAE,ocean carbon removal,Using the ocean to fight climate change raises serious environmental justice and technical questions,https://phys.org/news/2022-10-ocean-climate-environmental-justice-technical.html,phys.org,20221025T154500Z,English,United States,2022-10-25 15:45:00,1
OAE,ocean carbon removal,Using the Ocean to Fight Climate Change Raises Serious Questions,https://www.earthisland.org/journal/index.php/articles/entry/using-the-ocean-to-fight-climate-change-raises-serious-environmental-justice-and-technical-questions,earthisland.org,20221025T164500Z,English,United States,2022-10-25 16:45:00,1
OAE,ocean carbon removal,Using The Ocean To Fight Climate Change Raises Serious,https://www.marinetechnologynews.com/news/using-ocean-fight-climate-623525,marinetechnologynews.com,20221026T061500Z,English,United States,2022-10-26 06:15:00,1
OAE,ocean carbon removal,Should We Alter the Ocean to Fight Climate Change ?,https://maritime-executive.com/editorials/should-we-alter-the-ocean-to-fight-climate-change,maritime-executive.com,20221030T234500Z,English,United States,2022-10-30 23:45:00,2
OAE,ocean carbon removal,Important Message of Hope  Made Through Re - Planting of Extinct Tree Species on Hawaii,https://www.goodnewsnetwork.org/important-message-of-hope-made-through-re-planting-of-extinct-tree-species-on-hawaii/,goodnewsnetwork.org,20221101T164500Z,English,United States,2022-11-01 16:45:00,2
OAE,ocean carbon removal,Carbon Capture : Can we use the ocean to fight climate change ? And SHOULD we ?,http://redgreenandblue.org/2022/10/25/carbon-capture-can-use-ocean-fight-climate-change/,redgreenandblue.org,20221102T074500Z,English,United States,2022-11-02 07:45:00,1
OAE,alkalinity enhancement,Can adding minerals to ocean curb climate change ? Elon Musk backs UM grad research,https://www.pressdemocrat.com/article/news/can-adding-minerals-to-ocean-curb-climate-change-elon-musk-backs-um-grads/,pressdemocrat.com,20221114T171500Z,English,United States,2022-11-14 17:15:00,6
OAE,ocean-based carbon removal,"Carbon Removal from the Ocean , Explained | World Resources Institute",https://www.wri.org/insights/ocean-based-carbon-dioxide-removal,wri.org,20221116T071500Z,English,United States,2022-11-16 07:15:00,3
OAE,alkalinity enhancement,Towards Responsible and Informed Ocean - Based Carbon Dioxide Removal : Research and Governance Priorities,https://www.wri.org/research/responsible-informed-ocean-based-carbon-dioxide-removal,wri.org,20221116T071500Z,English,United States,2022-11-16 07:15:00,3
OAE,ocean-based climate solutions,U . S . Announcements on Ocean - Climate Action at COP27,https://www.miragenews.com/us-announcements-on-ocean-climate-action-at-897333/,miragenews.com,20221116T173000Z,English,United States,2022-11-16 17:30:00,1
OAE,alkalinity enhancement,Can adding minerals to ocean curb climate change ?,https://www.mankatofreepress.com/can-adding-minerals-to-ocean-curb-climate-change/article_ac1e3ce2-65c6-11ed-b528-53e76ac29971.html,mankatofreepress.com,20221116T180000Z,English,United States,2022-11-16 18:00:00,2
OAE,ocean alkalinity,Orion Magazine - Future Air,https://orionmagazine.org/article/future-of-air-pollution/,orionmagazine.org,20221116T204500Z,English,United States,2022-11-16 20:45:00,1
OAE,alkalinity enhancement,How COP27 reached a deal that supports better monitoring of oceans to curb climate crisis,https://phys.org/news/2022-11-cop27-oceans-curb-climate-crisis.html,phys.org,20221117T181500Z,English,United States,2022-11-17 18:15:00,3
OAE,ocean alkalinity,Nicolas Rivero,https://www.wlrn.org/nicolas-rivero,wlrn.org,20221121T194500Z,English,United States,2022-11-21 19:45:00,2
OAE,ocean carbon removal,SoCalGas and Captura Begin Testing Innovative Direct Ocean Carbon Removal Technology,https://www.prnewswire.com:443/news-releases/socalgas-and-captura-begin-testing-innovative-direct-ocean-carbon-removal-technology-301684741.html,prnewswire.com,20221122T131500Z,English,United States,2022-11-22 13:15:00,3
OAE,ocean alkalinity,Can adding minerals to ocean curb climate change ? Elon Musk backs UM grad research – Orlando Sentinel,http://www.orlandosentinel.com/news/environment/fl-ne-um-grad-student-grant-carbon-removal-project-20221125-3v6tuatombdjbdesvysbjwsphq-story.html,orlandosentinel.com,20221125T143000Z,English,United States,2022-11-25 14:30:00,2
OAE,ocean alkalinity,Can adding minerals to ocean curb climate change ? Elon Musk backs UM grad research – Sun Sentinel,http://www.sun-sentinel.com/news/environment/fl-ne-um-grad-student-grant-carbon-removal-project-20221125-3v6tuatombdjbdesvysbjwsphq-story.html,sun-sentinel.com,20221125T174500Z,English,United States,2022-11-25 17:45:00,2
OAE,ocean carbon removal,"To Prevent the Collapse of Biodiversity , the World Needs a New Planetary Politics",https://carnegieendowment.org/2022/11/28/to-prevent-collapse-of-biodiversity-world-needs-new-planetary-politics-pub-88473,carnegieendowment.org,20221128T204500Z,English,United States,2022-11-28 20:45:00,2
OAE,ocean-based climate solutions,"GPB morning headlines for November 29 , 2022",https://www.gpb.org/news/2022/11/29/gpb-morning-headlines-for-november-29-2022,gpb.org,20221129T144500Z,English,United States,2022-11-29 14:45:00,1
OAE,ocean-based climate solutions,"To fight the climate crisis , we need to stop expanding offshore drilling for oil and gas",https://phys.org/news/2022-11-climate-crisis-offshore-drilling-oil.html,phys.org,20221129T181500Z,English,United States,2022-11-29 18:15:00,1
OAE,ocean-based climate solutions,Dave Matthews visits Cobb County as Georgia set a new single - day record for in - person early voting,https://www.gpb.org/news/2022/11/29/dave-matthews-visits-cobb-county-georgia-set-new-single-day-record-for-in-person,gpb.org,20221129T221500Z,English,United States,2022-11-29 22:15:00,1
OAE,ocean carbon removal,Meet Canada most investable cleantech ventures - the 2022 Foresight 50,https://www.streetinsider.com/Globe+Newswire/Meet+Canada%E2%80%99s+most+investable+cleantech+ventures+-+the+2022+Foresight+50/20922097.html,streetinsider.com,20221201T203000Z,English,United States,2022-12-01 20:30:00,2
OAE,ocean-based climate solutions,An international center focused on ocean - based climate solutions launched last month in Atlanta,https://www.gpb.org/news/2022/12/05/international-center-focused-on-ocean-based-climate-solutions-launched-last-month,gpb.org,20221205T163000Z,English,United States,2022-12-05 16:30:00,1
OAE,ocean-based climate solutions,7 opportunities to strengthen ocean - based action in climate strategies,https://www.greenbiz.com/article/7-opportunities-strengthen-ocean-based-action-climate-strategies,greenbiz.com,20221206T114500Z,English,United States,2022-12-06 11:45:00,1
OAE,ocean-based climate solutions,Harnessing Nature to Mitigate Climate Change,https://editorials.voa.gov/a/harnessing-nature-to-mitigate-climate-change/6872532.html,editorials.voa.gov,20221212T170000Z,English,United States,2022-12-12 17:00:00,1
OAE,ocean-based climate solutions,Can Seaweed Cultivation Help Fix the Climate Crisis ?,https://goodmenproject.com/featured-content/can-seaweed-cultivation-help-fix-the-climate-crisis/,goodmenproject.com,20221220T060000Z,English,United States,2022-12-20 06:00:00,1
OAE,alkalinity enhancement,"The oceans hold enormous carbon dioxide sequestration potential , making them an ally in the climate change fight",https://phys.org/news/2022-12-oceans-enormous-carbon-dioxide-sequestration.html,phys.org,20221221T164500Z,English,United States,2022-12-21 16:45:00,2
OAE,ocean carbon removal,This Startup Captures CO2 by Injecting it Straight into Volcanic Rock – Plentiful in Barren Part of Kenya,https://www.goodnewsnetwork.org/this-startup-captures-co2-by-injecting-it-straight-into-volcanic-rock-plentiful-in-barren-part-of-kenya/,goodnewsnetwork.org,20230106T104500Z,English,United States,2023-01-06 10:45:00,1
OAE,ocean alkalinity,"Malformed seashells , ancient sediment provide clues about Earth past",https://phys.org/news/2023-01-malformed-seashells-ancient-sediment-clues.html,phys.org,20230119T163000Z,English,United States,2023-01-19 16:30:00,6
OAE,ocean alkalinity enhancement,What Is Blue Carbon and How Can It Help Fight Climate Change ?,https://news.climate.columbia.edu/2023/01/25/what-is-blue-carbon-and-how-can-it-help-fight-climate-change/,news.climate.columbia.edu,20230125T154500Z,English,United States,2023-01-25 15:45:00,8
OAE,ocean-based climate solutions,Tracking 5 Key Ocean Issues in 2023 | World Resources Institute,https://www.wri.org/insights/5-ocean-moments-watch-2023,wri.org,20230131T201500Z,English,United States,2023-01-31 20:15:00,1
OAE,ocean carbon removal,The ocean twilight zone could store vast amounts of carbon captured from the atmosphere – but first we need to build a 4D system to track what going on down there,https://news.yahoo.com/ocean-twilight-zone-could-store-132459473.html,news.yahoo.com,20230201T143000Z,English,United States,2023-02-01 14:30:00,8
OAE,ocean-based climate solutions,NI Joins OCIA Consortium to Accelerate Solutions to Climate Change,https://www.tmcnet.com/usubmit/2023/02/01/9753178.htm,tmcnet.com,20230201T144500Z,English,United States,2023-02-01 14:45:00,4
OAE,alkalinity enhancement,A sea change for carbon capture,https://www.greenbiz.com/article/sea-change-carbon-capture,greenbiz.com,20230201T183000Z,English,United States,2023-02-01 18:30:00,3
OAE,ocean alkalinity,How Much Carbon Could The Ocean Store ?,https://gcaptain.com/how-much-carbon-could-the-ocean-store/,gcaptain.com,20230201T223000Z,English,United States,2023-02-01 22:30:00,7
OAE,ocean-based carbon removal,Meet Direct Ocean Capture,https://www.energyintel.com/00000186-087f-d963-a396-a8ff9c5d0000,energyintel.com,20230201T223000Z,English,United States,2023-02-01 22:30:00,2
OAE,alkalinity enhancement,The ocean twilight zone could eventually store vast amounts of carbon captured from the atmosphere,https://phys.org/news/2023-02-ocean-twilight-zone-eventually-vast.html,phys.org,20230202T183000Z,English,United States,2023-02-02 18:30:00,3
OAE,alkalinity enhancement,The Ocean Could Store Vast Amounts Of Captured Carbon –,https://www.marinetechnologynews.com/news/ocean-could-store-amounts-625707,marinetechnologynews.com,20230202T233000Z,English,United States,2023-02-02 23:30:00,3
OAE,ocean-based carbon removal,Can giving the ocean an antacid help curb climate change ?,https://www.nbcnews.com/news/can-giving-ocean-antacid-help-curb-climate-change-rcna57517,nbcnews.com,20230211T113000Z,English,United States,2023-02-11 11:30:00,5
OAE,alkalinity enhancement,How Seawater Might Soak Up More Carbon,https://nautil.us/how-seawater-might-soak-up-more-carbon-261446/,nautil.us,20230211T231500Z,English,United States,2023-02-11 23:15:00,3
OAE,ocean-based climate solutions,Ocean Visions Biennial Summit 2023 Will Advance Ocean - Climate Solutions,https://brazilbusiness.einnews.com/pr_news/617194602/ocean-visions-biennial-summit-2023-will-advance-ocean-climate-solutions,brazilbusiness.einnews.com,20230216T013000Z,English,United States,2023-02-16 01:30:00,1
OAE,marine carbon removal,ARPA - E to award up to $45M to support developing marine CO2 removal industry ; SEA CO2,https://www.greencarcongress.com/2023/02/20230217-seaco2.html,greencarcongress.com,20230217T113000Z,English,United States,2023-02-17 11:30:00,1
OAE,ocean-based climate solutions,5 ocean moments to watch in 2023,https://www.greenbiz.com/article/5-ocean-moments-watch-2023,greenbiz.com,20230220T111500Z,English,United States,2023-02-20 11:15:00,1
OAE,ocean-based climate solutions,Ocean Visions Creates Road Map to Advance Research and Development for Microalgae - Based Carbon Sequestration,https://brazilbusiness.einnews.com/pr_news/618414515/ocean-visions-creates-road-map-to-advance-research-and-development-for-microalgae-based-carbon-sequestration,brazilbusiness.einnews.com,20230222T160000Z,English,United States,2023-02-22 16:00:00,1
OAE,ocean-based carbon removal,Why are fossil fuels bad for the environment ? Here what they are and how they impact our environment .,https://news.yahoo.com/why-fossil-fuels-bad-environment-120006109.html,news.yahoo.com,20230223T124500Z,English,United States,2023-02-23 12:45:00,2
OAE,ocean-based carbon removal,Why is fossil fuel bad ? What it is and how it impacts our environment .,https://www.usatoday.com/story/news/2023/02/23/why-are-fossil-fuels-bad-environment-impact/10454327002/,usatoday.com,20230223T124500Z,English,United States,2023-02-23 12:45:00,1
OAE,ocean alkalinity enhancement,Making waves : Tech firm debuts ocean - based carbon removal protocol,https://www.greenbiz.com/article/making-waves-tech-firm-debuts-ocean-based-carbon-removal-protocol,greenbiz.com,20230228T164500Z,English,United States,2023-02-28 16:45:00,4
OAE,ocean-based climate solutions,"To fix the climate , these 10 investors are betting the house on the ocean",https://techcrunch.com/2023/03/02/to-fix-the-climate-these-10-investors-are-betting-the-house-on-the-ocean/,techcrunch.com,20230302T214500Z,English,United States,2023-03-02 21:45:00,1
OAE,ocean-based climate solutions,U . S Doubles Ocean Protection Pledge to $6 Billion USD,https://www.miragenews.com/us-doubles-ocean-protection-pledge-to-6-billion-959621/,miragenews.com,20230303T174500Z,English,United States,2023-03-03 17:45:00,1
OAE,ocean carbon removal,The High Seas Treaty Is an Extraordinary Diplomatic Achievement,https://carnegieendowment.org/publications/89228,carnegieendowment.org,20230308T190000Z,English,United States,2023-03-08 19:00:00,2
OAE,alkalinity enhancement,RUNNING TIDE BECOMES MICROSOFT FIRST OPEN OCEAN - BASED CARBON REMOVAL SUPPLIER,https://www.prnewswire.com/news-releases/running-tide-becomes-microsofts-first-open-ocean-based-carbon-removal-supplier-301768338.html,prnewswire.com,20230310T133000Z,English,United States,2023-03-10 13:30:00,15
OAE,ocean alkalinity enhancement,Microsoft bets on algae to mitigate its growing carbon footprint,https://news.yahoo.com/microsoft-bets-algae-mitigate-growing-011547307.html,news.yahoo.com,20230311T020000Z,English,United States,2023-03-11 02:00:00,8
OAE,alkalinity enhancement,"Microsoft Taps Ocean Algae to Tackle Carbon Pollution , How ?",https://www.techtimes.com/articles/288843/20230311/microsoft-taps-ocean-algae-tackle-carbon-pollution.htm,techtimes.com,20230311T193000Z,English,United States,2023-03-11 19:30:00,4
OAE,ocean alkalinity,Algae may be Microsoft newest weapon in the fight against its own carbon footprint,https://www.techspot.com/news/97901-algae-may-microsoft-newest-weapon-fight-against-own.html,techspot.com,20230312T164500Z,English,United States,2023-03-12 16:45:00,1
OAE,ocean carbon removal,A Portland company becomes Microsoft first open ocean - based carbon removal supplier,https://www.mainebiz.biz/article/a-portland-company-becomes-microsofts-first-open-ocean-based-carbon-removal-supplier,mainebiz.biz,20230313T174500Z,English,United States,2023-03-13 17:45:00,1
OAE,ocean carbon removal,"Microsoft pays Running Tide to remove 12 , 000 tons of CO2 by sinking biomass into the ocean",https://www.datacenterdynamics.com/en/news/microsoft-pays-running-tide-to-remove-12000-tons-of-co2-by-sinking-biomass-into-the-ocean/,datacenterdynamics.com,20230314T213000Z,English,United States,2023-03-14 21:30:00,2
OAE,ocean carbon removal,Brinc x PML Applications Commence Strategic Collaboration to Aid Ocean Carbon Dioxide Removal Startups,https://finance.yahoo.com/news/brinc-x-pml-applications-commence-010000863.html,finance.yahoo.com,20230315T014500Z,English,United States,2023-03-15 01:45:00,1
OAE,ocean carbon removal,6 Ways to Remove Carbon Pollution from the Atmosphere,https://www.wri.org/insights/6-ways-remove-carbon-pollution-sky,wri.org,20230317T211500Z,English,United States,2023-03-17 21:15:00,2
OAE,ocean alkalinity enhancement,How the Ocean Twilight Zone Could Store Vast Amounts of Carbon,https://www.maritime-executive.com/editorials/how-the-ocean-twilight-zone-could-store-vast-amounts-of-carbon,maritime-executive.com,20230320T010000Z,English,United States,2023-03-20 01:00:00,5
OAE,ocean alkalinity,Statement Before the U . S . Senate Committee on the Budget : Hearing on  Left Holding the Bag : The Cost of Oil Dependence in a Low - Carbon World  | American Enterprise Institute,https://www.aei.org/research-products/testimony/statement-before-the-u-s-senate-committee-on-the-budget-hearing-on-left-holding-the-bad-the-cost-of-oil-dependence-in-a-low-carbon-world/,aei.org,20230331T211500Z,English,United States,2023-03-31 21:15:00,1
OAE,ocean carbon removal,"Scientists envision an  internet of the ocean , with sensors and autonomous vehicles that can explore the deep sea and monitor its vital signs",https://www.chron.com/news/article/the-ocean-could-store-vast-amounts-of-carbon-17853774.php,chron.com,20230411T054500Z,English,United States,2023-04-11 05:45:00,8
OAE,ocean carbon removal,Can removing carbon from the ocean slow down climate change ?,https://www.latimes.com/environment/newsletter/2023-04-13/boiling-point-removing-carbon-from-ocean-climate-solution-boiling-point,latimes.com,20230413T133000Z,English,United States,2023-04-13 13:30:00,1
OAE,alkalinity enhancement,New faculty hit the ground running with carbon capture research,https://news.yale.edu/2023/04/19/new-faculty-hit-ground-running-carbon-capture-research,news.yale.edu,20230419T221500Z,English,United States,2023-04-19 22:15:00,3
OAE,ocean-based climate solutions,Biden - Harris Administration recommends $562 million investment to make communities resilient to climate impacts as part of Investing in America agenda,https://www.webwire.com/ViewPressRel.asp?aId=303910,webwire.com,20230422T031500Z,English,United States,2023-04-22 03:15:00,1
OAE,ocean-based climate solutions,Coastal News Today | united states - Biden - Harris Administration Recommends $562 Million To Make Communities Resilient To Climate Impacts,https://www.coastalnewstoday.com/post/usa-biden-harris-administration-recommends-562-million-to-make-communities-resilient-to-climate-impacts,coastalnewstoday.com,20230424T040000Z,English,United States,2023-04-24 04:00:00,1
OAE,ocean-based carbon removal,California researchers attempt ocean climate solution,https://journalstar.com/news/national/california-researchers-attempt-ocean-climate-solution/article_66f99347-db5d-5b33-bd8a-c748a502bdd6.html,journalstar.com,20230506T170000Z,English,United States,2023-05-06 17:00:00,3
OAE,alkalinity enhancement,Coastal News Today | World - Re - carbonizing the sea : Scientists to start testing a big ocean carbon idea,https://www.coastalnewstoday.com/post/world-re-carbonizing-the-sea-scientists-to-start-testing-a-big-ocean-carbon-idea,coastalnewstoday.com,20230519T054500Z,English,United States,2023-05-19 05:45:00,2
OAE,ocean alkalinity,Coastal Enhanced Weathering : A promising climate solution,https://coastalreview.org/2023/05/coastal-enhanced-weathering-a-promising-climate-solution/,coastalreview.org,20230524T090000Z,English,United States,2023-05-24 09:00:00,1
OAE,ocean alkalinity,Mitigating climate change through restoration,https://www.eurekalert.org/news-releases/990876,eurekalert.org,20230530T214500Z,English,United States,2023-05-30 21:45:00,2
OAE,alkalinity enhancement,Mitigating climate change through restoration of coastal ecosystems,https://www.sciencedaily.com/releases/2023/05/230530174257.htm,sciencedaily.com,20230531T051500Z,English,United States,2023-05-31 05:15:00,2
OAE,alkalinity enhancement,"Progressive Charlestown : Save the shore , save the planet",https://www.progressive-charlestown.com/2023/06/save-shore-save-planet.html,progressive-charlestown.com,20230602T223000Z,English,United States,2023-06-02 22:30:00,4
OAE,alkalinity enhancement,Inside CUR8 mission to scale carbon removals and help save the planet,https://thenextweb.com/news/inside-cur8s-mission-scale-carbon-removals-save-the-planet,thenextweb.com,20230607T120000Z,English,United States,2023-06-07 12:00:00,1
OAE,marine carbon dioxide removal,Coastal News Today | united states - NOAA Carbon Dioxide Removal Strategy Released : A path forward to meet NOAA climate goals,https://www.coastalnewstoday.com/post/usa-noaa-carbon-dioxide-removal-strategy-released-a-path-forward-to-meet-noaas-climate-goals,coastalnewstoday.com,20230612T073000Z,English,United States,2023-06-12 07:30:00,6
OAE,ocean-based climate solutions,Global Climate Leaders Aim to Create Climate Risk Solutions at Bermuda Climate Summit,https://www.streetinsider.com/Business+Wire/Global+Climate+Leaders+Aim+to+Create+Climate+Risk+Solutions+at+Bermuda+Climate+Summit/21794008.html,streetinsider.com,20230613T190000Z,English,United States,2023-06-13 19:00:00,1
OAE,ocean alkalinity enhancement,Ocean - based techniques and their carbon capture potential,https://www.bignewsnetwork.com/news/273865780/ocean-based-techniques-and-their-carbon-capture-potential,bignewsnetwork.com,20230614T234500Z,English,United States,2023-06-14 23:45:00,5
OAE,ocean-based carbon removal,Focused Research Organizations : A New Model for Scientific Research - Federation of American Scientists,https://fas.org/publication/focused-research-organizations-a-new-model-for-scientific-research/,fas.org,20230616T010000Z,English,United States,2023-06-16 01:00:00,1
OAE,marine carbon removal,Clearyst° Signs Carbon Removal Agreement with Lillianah Technologies,https://www.streetinsider.com/PRNewswire/Clearyst%C2%B0+Signs+Carbon+Removal+Agreement+with+Lillianah+Technologies/21845311.html,streetinsider.com,20230627T150000Z,English,United States,2023-06-27 15:00:00,4
OAE,ocean alkalinity enhancement,The impact of ocean alkalinity enhancement on marine biota offers hope for carbon dioxide removal,https://phys.org/news/2023-06-impact-ocean-alkalinity-marine-biota.html,phys.org,20230627T161500Z,English,United States,2023-06-27 16:15:00,5
OAE,ocean alkalinity enhancement,"Aspen nonprofit awards $500 , 000 to global climate change fighters",https://www.aspentimes.com/news/aspen-nonprofit-awards-500000-to-global-climate-change-fighters/,aspentimes.com,20230711T021500Z,English,United States,2023-07-11 02:15:00,2
OAE,marine carbon removal,"Coastal News Today | World - New research uncovers potential benefits , consequences of ocean iron fertilization",https://www.coastalnewstoday.com/post/world-new-research-uncovers-potential-benefits-consequences-of-ocean-iron-fertilization,coastalnewstoday.com,20230712T053000Z,English,United States,2023-07-12 05:30:00,2
OAE,ocean alkalinity enhancement,Isometric taps $25M to build a registry and science platform focused on carbon removal,https://www.yahoo.com/news/isometric-taps-25m-build-registry-232358117.html,yahoo.com,20230718T021500Z,English,United States,2023-07-18 02:15:00,2
OAE,ocean alkalinization,Carbon Dioxide Removal Market | Latest Trends and Future Opportunities Analysis to 2031,https://www.sandiegosun.com/news/273924512/carbon-dioxide-removal-market--latest-trends-and-future-opportunities-analysis-to-2031,sandiegosun.com,20230808T003000Z,English,United States,2023-08-08 00:30:00,1
OAE,ocean carbon removal,Climate - Focused Venture Capital Firm Turns to  Planetary Boundarie Model,https://www.bloomberg.com/news/articles/2023-08-09/climate-focused-venture-capital-firm-turns-to-planetary-boundaries-model,bloomberg.com,20230809T094500Z,English,United States,2023-08-09 09:45:00,1
OAE,ocean carbon removal,Shopify Receives Delivery of Carbon Credits From Ocean Startup Running Tide,https://www.bloomberg.com/news/articles/2023-08-09/shopify-receives-delivery-of-carbon-credits-from-ocean-startup-running-tide,bloomberg.com,20230809T123000Z,English,United States,2023-08-09 12:30:00,1
OAE,ocean alkalinity enhancement,This Week in Environment News : 12 Stories You Need to See,https://www.prnewswire.com/news-releases/this-week-in-environment-news-12-stories-you-need-to-see-301904143.html,prnewswire.com,20230818T110000Z,English,United States,2023-08-18 11:00:00,2
OAE,ocean alkalinity enhancement,EDAC Labs lands $3M seed round for unique carbon removal technology : The Daily Digest,https://www.biofuelsdigest.com/bdigest/2023/08/23/edac-labs-lands-3m-seed-round-for-unique-carbon-removal-technology/,biofuelsdigest.com,20230824T040000Z,English,United States,2023-08-24 04:00:00,2
OAE,marine carbon removal,Top Government Contracts Won by Advanced Research Projects Agency – Energy ( ARPA – E ) in 2023,https://executivebiz.com/articles/top-government-contracts-won-by-advanced-research-projects-agency-energy-arpa-e/,executivebiz.com,20230901T030000Z,English,United States,2023-09-01 03:00:00,2
OAE,ocean-based carbon removal,Scientists Find Success With New Direct Ocean Carbon Capture Technology,https://insideclimatenews.org/news/02092023/direct-ocean-carbon-capture-breakthrough/,insideclimatenews.org,20230902T114500Z,English,United States,2023-09-02 11:45:00,1
OAE,ocean carbon removal,Singapore to expand ocean CO2 removal project as scientists call for more research,https://wtvbam.com/2023/09/05/singapore-to-expand-ocean-co2-removal-project-as-scientists-call-for-more-research/,wtvbam.com,20230905T134500Z,English,United States,2023-09-05 13:45:00,4
OAE,ocean carbon removal,"UCLA in the News September 6 , 2023",https://newsroom.ucla.edu/in-the-news/ucla-in-the-news-september-6-2023,newsroom.ucla.edu,20230906T211500Z,English,United States,2023-09-06 21:15:00,1
OAE,ocean carbon removal,$4M for UH - led marine carbon removal projects | University of Hawaiʻi System News,https://www.hawaii.edu/news/2023/09/08/4m-marine-carbon-removal/,hawaii.edu,20230909T004500Z,English,United States,2023-09-09 00:45:00,6
OAE,marine carbon dioxide removal,Targeted News Service,https://targetednews.com/pr_disp.php?pr_id=8260486,targetednews.com,20230909T171500Z,English,United States,2023-09-09 17:15:00,2
OAE,marine carbon dioxide removal,Coastal News Today | WA - New system uses seawater to capture and store CO2,https://www.coastalnewstoday.com/post/wa-new-system-uses-seawater-to-capture-and-store-co2,coastalnewstoday.com,20230911T070000Z,English,United States,2023-09-11 07:00:00,2
OAE,ocean-based carbon removal,ONC Deep Sea Observatory Supporting Ocean - Based CO2,https://www.marinetechnologynews.com/news/observatory-supporting-ocean-based-630994,marinetechnologynews.com,20230911T183000Z,English,United States,2023-09-11 18:30:00,4
OAE,marine carbon removal,Our Evolving Understanding of Biological Carbon Export,https://eos.org/science-updates/our-evolving-understanding-of-biological-carbon-export,eos.org,20230912T153000Z,English,United States,2023-09-12 15:30:00,2
OAE,ocean carbon removal,No time to lose on ocean treaty as threats to high seas rise – Greenpeace,https://kfgo.com/2023/09/13/no-time-to-lose-on-ocean-treaty-as-threats-to-high-seas-rise-greenpeace/,kfgo.com,20230914T020000Z,English,United States,2023-09-14 02:00:00,5
OAE,alkalinity enhancement,"EDAC Labs Selected by Frontier for $500 , 000 of Carbon Removal Purchases Carbon Removal via Acid - Base Electrochemistry",https://www.prnewswire.com/news-releases/edac-labs-selected-by-frontier-for-500-000-of-carbon-removal-purchases-carbon-removal-via-acid-base-electrochemistry-301927495.html,prnewswire.com,20230914T130000Z,English,United States,2023-09-14 13:00:00,6
OAE,marine carbon dioxide removal,OSU researchers receive federal grants to study marine carbon dioxide removal solutions,https://ktvz.com/news/oregon-northwest/2023/09/18/osu-researchers-receive-federal-grants-to-study-marine-carbon-dioxide-removal-solutions/,ktvz.com,20230919T023000Z,English,United States,2023-09-19 02:30:00,6
OAE,alkalinity enhancement,Coastal News Today | OR - Oregon State University Scores Federal Carbon Removal Research Grants,https://www.coastalnewstoday.com/post/or-osu-scores-federal-carbon-removal-research-grants,coastalnewstoday.com,20230922T144500Z,English,United States,2023-09-22 14:45:00,4
OAE,alkalinity enhancement,OSU Grants : Researching marine carbon dioxide removal solutions,https://www.northcoastcitizen.com/news/osu-grants-researching-marine-carbon-dioxide-removal-solutions/article_0b903c66-b016-5e1b-a46c-2126d07150c7.html,northcoastcitizen.com,20230924T080000Z,English,United States,2023-09-24 08:00:00,6
OAE,ocean carbon removal,Marine Technology Society Awarded $3 . 9 Million For,https://www.marinetechnologynews.com/news/marine-technology-society-awarded-631342,marinetechnologynews.com,20230925T183000Z,English,United States,2023-09-25 18:30:00,1
OAE,ocean carbon removal,Coastal News Today | united states - Biden - Harris Administration invests $3 . 9 million for Ocean Enterprise engagement through Investing in America agenda,https://www.coastalnewstoday.com/post/usa-biden-harris-administration-invests-3-9-million-for-ocean-enterprise-engagement-through-investing-in-america-agenda,coastalnewstoday.com,20230927T034500Z,English,United States,2023-09-27 03:45:00,1
OAE,ocean-based climate solutions,Assistant Professorship in Oceans Stanford Doerr School of Sustainability | The Journal of Blacks in Higher Education,https://jbhe.com/jbhejobs/stanford-university-asst-professorship-oceans/,jbhe.com,20231010T220000Z,English,United States,2023-10-10 22:00:00,1
OAE,ocean-based carbon removal,Equatic Awarded  Best Invention of 2023  by TIME - Energy Industry Today,https://energy.einnews.com/pr_news/663773308/equatic-awarded-best-invention-of-2023-by-time,energy.einnews.com,20231025T050000Z,English,United States,2023-10-25 05:00:00,1
OAE,ocean carbon removal,Equinor and Captura partner to develop ocean carbon removal,https://www.tmcnet.com/usubmit/2023/11/01/9908891.htm,tmcnet.com,20231101T081500Z,English,United States,2023-11-01 08:15:00,1
OAE,ocean alkalinity,MIT startup has big plans to pull carbon from air,https://www.miragenews.com/mit-startup-has-big-plans-to-pull-carbon-from-1115502/,miragenews.com,20231101T210000Z,English,United States,2023-11-01 21:00:00,2
OAE,marine carbon dioxide removal,Deploying Sensor Nets To Measure Ocean CO2 And pH From The Surface To The Depths,https://www.eurasiareview.com/07112023-deploying-sensor-nets-to-measure-ocean-co2-and-ph-from-the-surface-to-the-depths/,eurasiareview.com,20231107T001500Z,English,United States,2023-11-07 00:15:00,3
OAE,ocean-based carbon removal,COP28 Dubai Ocean Declaration Recognizes the Critical Role of the Ocean in Regulating Climate Change,https://www.azocleantech.com/news.aspx?newsID=34291,azocleantech.com,20231121T140000Z,English,United States,2023-11-21 14:00:00,1
OAE,ocean carbon removal,Equatic Awarded Popular Science  Best of What New  - Energy Industry Today,https://energy.einnews.com/pr_news/671478346/equatic-awarded-popular-science-best-of-what-s-new,energy.einnews.com,20231129T173000Z,English,United States,2023-11-29 17:30:00,2
OAE,marine carbon dioxide removal,The Ocean Is Our Best Chance To Survive Climate Change,https://time.com/6341040/ocean-climate-change-cop-28/,time.com,20231130T191500Z,English,United States,2023-11-30 19:15:00,2
OAE,ocean alkalinity,An Electrifying Approach to Carbon Capture,https://eos.org/articles/an-electrifying-approach-to-carbon-capture,eos.org,20231207T151500Z,English,United States,2023-12-07 15:15:00,3
OAE,ocean alkalinity,Carbon Capture Is Confusing . Here Are 14 Terms to Help Understand It - Governor Wind Energy Coalition,https://governorswindenergycoalition.org/carbon-capture-is-confusing-here-are-14-terms-to-help-understand-it/,governorswindenergycoalition.org,20231208T023000Z,English,United States,2023-12-08 02:30:00,3
OAE,ocean alkalinity,Frontiers | Forty years of ocean acidification observations ( 1983 – 2023 ) in the Sargasso Sea at the Bermuda Atlantic Time - series Study site,https://www.frontiersin.org/articles/10.3389/fmars.2023.1289931/full,frontiersin.org,20231208T054500Z,English,United States,2023-12-08 05:45:00,1
OAE,alkalinity enhancement,ICONIQ Impact Announces Up to $50M Collaborative Philanthropy Fund to Help Protect Our Ocean,https://www.streetinsider.com/PRNewswire/ICONIQ+Impact+Announces+Up+to+%2450M+Collaborative+Philanthropy+Fund+to+Help+Protect+Our+Ocean/22517916.html,streetinsider.com,20231212T163000Z,English,United States,2023-12-12 16:30:00,12
OAE,ocean alkalinity,13 recent scientific breakthroughs,https://news.yahoo.com/12-recent-scientific-breakthroughs-092511325.html,news.yahoo.com,20231223T183000Z,English,United States,2023-12-23 18:30:00,1
OAE,ocean alkalinity,Voices Of CO2 Doom Dishonestly Alarm Unthinking Worshippers with Correlations – While Downplaying Proven Causations,https://floppingaces.net/most-wanted/voices-of-co2-doom-dishonestly-alarm-unthinking-worshippers-with-correlations-while-downplaying-proven-causations/,floppingaces.net,20231227T203000Z,English,United States,2023-12-27 20:30:00,1
OAE,ocean alkalinity,Skeptical Science New Research for Week # 2 2024,https://skepticalscience.com/new_research_2024_2.html,skepticalscience.com,20240111T113000Z,English,United States,2024-01-11 11:30:00,1
OAE,marine CDR,Focus on biological processes does not capture the whole picture,https://www.sciencedaily.com/releases/2024/01/240110120257.htm,sciencedaily.com,20240112T014500Z,English,United States,2024-01-12 01:45:00,1
OAE,ocean alkalinization,"Global Carbon Dioxide Removals ( CDR ) Industry Report 2024 : Historical Revenue Data for 2022 , Estimates for 2023 , and CAGR Forecasts through 2028",https://www.prnewswire.com/news-releases/global-carbon-dioxide-removals-cdr-industry-report-2024-historical-revenue-data-for-2022-estimates-for-2023-and-cagr-forecasts-through-2028-302038716.html,prnewswire.com,20240119T033000Z,English,United States,2024-01-19 03:30:00,1
OAE,marine carbon removal,The ocean – a climate champion ? How to boost marine carbon dioxide uptake,https://www.prleap.com/pr/294747/the-ocean-a-climate-champion-how-to-boost-marine-carbon-dioxide-uptake,prleap.com,20240124T084500Z,English,United States,2024-01-24 08:45:00,4
OAE,marine carbon removal,Buresh Blog : Just the beginning of the pollen season ... South Florida reefs ... NOAA coral mapping,https://news.yahoo.com/buresh-blog-just-beginning-pollen-230214007.html,news.yahoo.com,20240125T001500Z,English,United States,2024-01-25 00:15:00,1
OAE,ocean carbon removal,Running Tide oyster hatchery in Harpswell changes ownership,https://www.pressherald.com/2024/01/29/running-tide-oyster-hatchery-in-harpswell-changes-ownership/,pressherald.com,20240130T053000Z,English,United States,2024-01-30 05:30:00,1
OAE,ocean carbon removal,4 Key Takeaways | Trends in Carbon Capture Technologies and Tax Credits Under the Inflation Reduction Act,https://www.lexology.com/library/detail.aspx?g=f9ae6ae0-170a-4c14-ab05-da6729a79bb8,lexology.com,20240130T221500Z,English,United States,2024-01-30 22:15:00,1
OAE,ocean-based carbon removal,Can Ocean Energy Power Carbon Removal ?,https://cleantechnica.com/2024/02/01/can-ocean-energy-power-carbon-removal/,cleantechnica.com,20240202T010000Z,English,United States,2024-02-02 01:00:00,4
OAE,ocean alkalinity,Blazing a trail for blue carbon,https://thefishsite.com/articles/blazing-a-trail-for-blue-carbon-running-tide,thefishsite.com,20240207T113000Z,English,United States,2024-02-07 11:30:00,5
OAE,ocean carbon removal,A new carbon removal startup is powered by sunlight and seawater,https://www.bostonglobe.com/2024/02/17/business/new-carbon-removal-startup-is-powered-by-sunlight-seawater/,bostonglobe.com,20240217T163000Z,English,United States,2024-02-17 16:30:00,1
OAE,ocean alkalinity enhancement,Why oceans are the key to saving our planet from climate change,http://www.sfchronicle.com/opinion/openforum/article/oceans-climate-change-18672100.php,sfchronicle.com,20240221T164500Z,English,United States,2024-02-21 16:45:00,5
OAE,ocean alkalinity enhancement,Clean Energy and Climate Solutions Federal Funding Database - February 2024 | Wilson Sonsini Goodrich & Rosati,https://www.jdsupra.com/legalnews/clean-energy-and-climate-solutions-3019128/,jdsupra.com,20240221T204500Z,English,United States,2024-02-21 20:45:00,4
OAE,ocean carbon removal,Equatic unveils plans for largest ocean - based carbon removal plant,https://www.gasworld.com/story/equatic-unveils-plans-for-largest-ocean-based-carbon-removal-plant/2134731.article/,gasworld.com,20240227T140000Z,English,United States,2024-02-27 14:00:00,2
OAE,marine carbon dioxide removal,Gulf of Mexico seagrass is retreating as sea levels rise,https://www.futurity.org/gulf-of-mexico-seagrass-sea-level-rise-3185592/,futurity.org,20240227T213000Z,English,United States,2024-02-27 21:30:00,1
OAE,ocean alkalinity,"Global Biochar Market Analysis & Outlook 2024 - 2034 , with Profiles of 100+ Biochar Manufacturers and Developers Globally Including Production Capacities and Latest Expansions",https://www.tmcnet.com/usubmit/2024/02/28/9970057.htm,tmcnet.com,20240228T174500Z,English,United States,2024-02-28 17:45:00,4
OAE,ocean-based carbon removal,Can Ocean Carbon Removal Help the Climate ? Federal Scientists Want to Find Out,https://www.scientificamerican.com/article/can-ocean-carbon-removal-help-the-climate-federal-scientists-want-to-find/,scientificamerican.com,20240228T184500Z,English,United States,2024-02-28 18:45:00,3
OAE,ocean carbon removal,Singapore to Build World Largest Facility to Remove Carbon From the Ocean,https://time.com/6836259/singapore-equatic-ocean-carbon-dioxide-removal-facility-largest/,time.com,20240229T080000Z,English,United States,2024-02-29 08:00:00,1
OAE,ocean-based carbon removal,Singapore to Build World Largest Facility to Boost Carbon - Removal Power of the Ocean,https://www.yahoo.com/news/singapore-build-world-largest-facility-073503374.html,yahoo.com,20240301T024500Z,English,United States,2024-03-01 02:45:00,3
OAE,alkalinity enhancement,Capturing carbon from land - based algal blooms,https://thefishsite.com/articles/capturing-carbon-from-land-based-algal-blooms-brilliant-planet-blue-carbon,thefishsite.com,20240304T083000Z,English,United States,2024-03-04 08:30:00,2
OAE,ocean carbon removal,Schatz : Billions in federal funding released in first half of bipartisan appropriations bill : Maui Now,https://mauinow.com/2024/03/04/schatz-billions-in-federal-funding-released-in-first-half-of-bipartisan-appropriations-bill/,mauinow.com,20240305T001500Z,English,United States,2024-03-05 00:15:00,1
OAE,ocean carbon removal,"Sen . Schatz announces passage of appropriations deal , securing billions in new federal funding for state : Big Island Now",https://bigislandnow.com/2024/03/09/sen-schatz-announces-passage-of-appropriations-deal-securing-billions-in-new-federal-funding-for-state/,bigislandnow.com,20240310T011500Z,English,United States,2024-03-10 01:15:00,1
OAE,ocean-based climate solutions,Scientists propose ten key components to foster climate - smart marine spatial planning globally,https://phys.org/news/2024-03-scientists-ten-key-components-foster.html,phys.org,20240312T200000Z,English,United States,2024-03-12 20:00:00,1
OAE,ocean carbon removal,"Running Tide Delivers 21 , 000 Tonnes of Carbon Removal",https://www.tmcnet.com/usubmit/-running-tide-delivers-21000-tonnes-carbon-removal-/2024/03/19/9980457.htm,tmcnet.com,20240319T171500Z,English,United States,2024-03-19 17:15:00,3
OAE,ocean carbon removal,AltaSea invites public to May 29 ribbon - cutting festivities in San Pedro,https://www.dailybreeze.com/2024/03/21/altasea-invites-public-to-may-29-ribbon-cutting-festivities-in-san-pedro/,dailybreeze.com,20240321T163000Z,English,United States,2024-03-21 16:30:00,1
OAE,ocean carbon removal,"Electrochemical Innovation to Combat Ocean Acidification , CO2 Emissions",https://www.techtimes.com/articles/303109/20240401/electrochemical-innovation-combat-ocean-acidification-co2-emissions.htm,techtimes.com,20240401T060000Z,English,United States,2024-04-01 06:00:00,5
OAE,ocean carbon removal,Best Methods for Ocean - Based Carbon Removal Monitoring ?,https://www.miragenews.com/best-methods-for-ocean-based-carbon-removal-1209590/,miragenews.com,20240405T111500Z,English,United States,2024-04-05 11:15:00,3
OAE,ocean alkalinity,Comment Submitted To The State of Montana Public Service Commission | American Enterprise Institute,https://www.aei.org/research-products/testimony/comment-submitted-to-the-state-of-montana-public-service-commission/,aei.org,20240405T181500Z,English,United States,2024-04-05 18:15:00,1
OAE,marine carbon dioxide removal,"NOAA taps into $2 . 7M federal funding to help track ocean , climate changes",https://www.upi.com/Top_News/US/2024/04/10/NOAA-27-million-funding-Argo-ocean-measurements/7141712773139/,upi.com,20240410T191500Z,English,United States,2024-04-10 19:15:00,1
OAE,marine carbon dioxide removal,Company eyes Port Angeles for carbon capture pilot project,https://www.sequimgazette.com/business/company-eyes-port-angeles-for-carbon-capture-pilot-project/,sequimgazette.com,20240411T110000Z,English,United States,2024-04-11 11:00:00,1
OAE,ocean carbon removal,Seas the Future : Singapore Visionary Leap into Oceanic Carbon Capture | Mayer Brown,https://www.jdsupra.com/legalnews/seas-the-future-singapore-s-visionary-5396112/,jdsupra.com,20240415T190000Z,English,United States,2024-04-15 19:00:00,2
OAE,marine carbon dioxide removal,Skeptical Science New Research for Week # 16 2024,https://skepticalscience.com/new_research_2024_16.html,skepticalscience.com,20240418T104500Z,English,United States,2024-04-18 10:45:00,1
OAE,ocean-based carbon removal,Can this ocean - based carbon plant help save the world ? Some scientists are raising red flags,https://www.cnn.com/2024/04/21/climate/equatic-ocean-carbon-removal-plant-climate-intl/,cnn.com,20240421T094500Z,English,United States,2024-04-21 09:45:00,15
OAE,marine carbon dioxide removal,Apply To Join the Ocean Reporting Network ( ORN ),https://pulitzercenter.org/grants-fellowships/opportunities-journalists/apply-join-ocean-reporting-network-orn,pulitzercenter.org,20240424T224500Z,English,United States,2024-04-24 22:45:00,1
OAE,ocean carbon removal,Carbon Removal and Mariculture Legislation Moves Forward in California Assembly,https://www.tmcnet.com/usubmit/2024/04/26/10001240.htm,tmcnet.com,20240426T170000Z,English,United States,2024-04-26 17:00:00,1
OAE,ocean alkalinity,How ocean carbon dioxide removal could slow climate change,https://www.sciencenews.org/article/ocean-carbon-removal-climate-change,sciencenews.org,20240426T211500Z,English,United States,2024-04-26 21:15:00,2
OAE,marine carbon dioxide removal,Tenure - Track / Tenured Faculty Positions job with School of Sustainable Energy and Resources at Nanjing University,https://www.nature.com/naturecareers/job/12817420/tenure-track-tenured-faculty-positions/,nature.com,20240429T081500Z,English,United States,2024-04-29 08:15:00,3
OAE,ocean carbon removal,Clearing The Air : Why Carbon Storage Must Be Part Of The Solution,https://www.forbes.com/sites/forbestechcouncil/2024/05/15/clearing-the-air-why-carbon-storage-must-be-part-of-the-solution/,forbes.com,20240515T120000Z,English,United States,2024-05-15 12:00:00,1
OAE,ocean alkalinity,How mine pit lakes could help to tackle climate change - Is Butte Berkeley Pit a Candidate ?,https://matr.net/news/how-mine-pit-lakes-could-help-to-tackle-climate-change-is-buttes-berkeley-pit-a-candidate/,matr.net,20240521T214500Z,English,United States,2024-05-21 21:45:00,1
OAE,ocean carbon removal,Equatic Publishes Standard - Setting Methodology for Carbon,https://www.globenewswire.com/news-release/2024/05/23/2887615/0/en/Equatic-Publishes-Standard-Setting-Methodology-for-Carbon-Removal-Verification-with-EcoEngineers-and-the-International-Organization-for-Standardization.html,globenewswire.com,20240523T200000Z,English,United States,2024-05-23 20:00:00,1
OAE,ocean carbon removal,AltaSea celebrates significant milestone in creating a 35 - acre ocean research campus in San Pedro,https://www.presstelegram.com/2024/05/29/altasea-celebrates-significant-milestone-in-creating-a-35-acre-ocean-research-campus-in-san-pedro/,presstelegram.com,20240530T004500Z,English,United States,2024-05-30 00:45:00,2
OAE,ocean alkalinity,EPA permit could trigger wave of ocean carbon removal projects,https://www.eenews.net/articles/epa-permit-could-trigger-wave-of-ocean-carbon-removal-projects/,eenews.net,20240531T111500Z,English,United States,2024-05-31 11:15:00,1
OAE,marine carbon removal,Black & Veatch IgniteX Carbon Dioxide Removal Accelerator Program Selects 6 Startups,"http://www.morningsun.net/stories/black-veatch-ignitex-carbon-dioxide-removal-accelerator-program-selects-6-startups,133790",morningsun.net,20240603T193000Z,English,United States,2024-06-03 19:30:00,1
OAE,ocean alkalinity,Shape and depth of ocean floor profoundly influence how carbon is stored there,https://www.sciencedaily.com/releases/2024/06/240603172205.htm,sciencedaily.com,20240603T230000Z,English,United States,2024-06-03 23:00:00,1
OAE,marine carbon removal,Exploring three frontiers in marine biomass and blue carbon capture,https://phys.org/news/2024-06-exploring-frontiers-marine-biomass-blue.html,phys.org,20240604T170000Z,English,United States,2024-06-04 17:00:00,1
OAE,ocean alkalinity,Ocean Floor Topography Found to Significantly Impact Carbon Sequestration,https://www.terradaily.com/reports/Ocean_Floor_Topography_Found_to_Significantly_Impact_Carbon_Sequestration_999.html,terradaily.com,20240605T123000Z,English,United States,2024-06-05 12:30:00,1
OAE,marine carbon removal,Scientists question effectiveness of nature - based CO₂ removal using the ocean,https://phys.org/news/2024-06-scientists-effectiveness-nature-based-co8322.html,phys.org,20240606T000000Z,English,United States,2024-06-06 00:00:00,1
OAE,ocean-based climate solutions,World Ocean Day 8 June,https://www.miragenews.com/world-ocean-day-8-june-1252033/,miragenews.com,20240607T163000Z,English,United States,2024-06-07 16:30:00,1
OAE,ocean-based carbon removal,Equatic Welcomes Former Canadian Minister of Environment,https://www.globenewswire.com/news-release/2024/06/14/2899007/0/en/Equatic-Welcomes-Former-Canadian-Minister-of-Environment-and-Climate-Change-to-its-Growing-Industrial-Advisory-Board.html,globenewswire.com,20240614T133000Z,English,United States,2024-06-14 13:30:00,2
OAE,ocean carbon removal,"Portland startup that became global leader in capturing carbon shuts down , lays off all staff",https://www.pressherald.com/2024/06/15/portland-startup-that-became-global-leader-in-capturing-carbon-shuts-down-lays-off-all-staff/,pressherald.com,20240615T091500Z,English,United States,2024-06-15 09:15:00,1
OAE,ocean carbon removal,Latest Articles,https://freerepublic.com/tag/*/index?more=4244508,freerepublic.com,20240615T184500Z,English,United States,2024-06-15 18:45:00,1
OAE,ocean alkalinity,Ocean Microbe Appetite May Fuel Marine CO₂ Removal Tech,https://www.miragenews.com/ocean-microbes-appetite-may-fuel-marine-co-1256988/,miragenews.com,20240617T001500Z,English,United States,2024-06-17 00:15:00,4
OAE,ocean alkalinity enhancement,Marine CO₂ removal technologies could depend on the appetite of the ocean tiniest animals,https://phys.org/news/2024-06-marine-technologies-appetite-ocean-tiniest.html,phys.org,20240617T164500Z,English,United States,2024-06-17 16:45:00,4
OAE,ocean carbon removal,First ocean - based carbon removal plant planned in Canada,https://www.eenews.net/articles/first-ocean-based-carbon-removal-plant-planned-in-canada/,eenews.net,20240618T150000Z,English,United States,2024-06-18 15:00:00,1
OAE,alkalinity enhancement,"Astonishing  Discovery – 34 , 000 - Year - Old Inhabited Termite Mounds Discovered in South Africa",https://scitechdaily.com/astonishing-discovery-34000-year-old-inhabited-termite-mounds-discovered-in-south-africa/,scitechdaily.com,20240618T234500Z,English,United States,2024-06-18 23:45:00,4
OAE,ocean carbon removal,First ocean - based carbon removal plant planned in Canada - Governor Wind Energy Coalition,https://governorswindenergycoalition.org/first-ocean-based-carbon-removal-plant-planned-in-canada/,governorswindenergycoalition.org,20240619T204500Z,English,United States,2024-06-19 20:45:00,1
OAE,ocean-based climate solutions,Blue Technology Startups Turn Concept into Reality at UC San Diego | Scripps Institution of Oceanography,https://scripps.ucsd.edu/news/blue-technology-startups-turn-concept-reality-uc-san-diego,scripps.ucsd.edu,20240620T230000Z,English,United States,2024-06-20 23:00:00,1
OAE,ocean carbon removal,Equatic Pioneering Ocean Carbon Removal Plant To Halve Hydrogen Production Costs,https://fuelcellsworks.com/news/equatics-pioneering-ocean-carbon-removal-plant-to-halve-hydrogen-production-costs/,fuelcellsworks.com,20240624T164500Z,English,United States,2024-06-24 16:45:00,2
OAE,marine carbon removal,UH research leads ocean - based climate solutions in UN initiative | University of Hawaiʻi System News,https://www.hawaii.edu/news/2024/06/24/publication-un-initiative/,hawaii.edu,20240625T034500Z,English,United States,2024-06-25 03:45:00,1
OAE,marine CDR,"New Carbon Removal Plant to Absorb CO2 99 , 000 Faster Than Oceans",https://www.businessinsider.com/carbon-dioxide-removal-plant-equatic-commercial-scale-north-america-2024-6,businessinsider.com,20240626T171500Z,English,United States,2024-06-26 17:15:00,1
OAE,marine carbon removal,Presidential election seen as climate turning point as CO2 hits record,https://www.yahoo.com/news/presidential-election-seen-climate-turning-211224696.html,yahoo.com,20240626T221500Z,English,United States,2024-06-26 22:15:00,9
OAE,ocean alkalinity,Canopy 2024 Article - Getting to Net Zero | Yale School of the Environment,https://environment.yale.edu/canopy/2024/cover-story/getting-net-zero,environment.yale.edu,20240627T160000Z,English,United States,2024-06-27 16:00:00,1
OAE,ocean alkalinity enhancement,UN Climate Talks : Setting Sail to Plunder the Ocean,https://www.ipsnews.net/2024/06/un-climate-talks-setting-sail-plunder-ocean/,ipsnews.net,20240628T104500Z,English,United States,2024-06-28 10:45:00,5
OAE,ocean alkalinity,Researchers pioneer ocean carbon removal technique,https://thefishsite.com/articles/researchers-pioneer-ocean-carbon-removal-technique,thefishsite.com,20240702T133000Z,English,United States,2024-07-02 13:30:00,4
OAE,ocean-based carbon removal,"Deals with Microsoft , Shopify and Stripe fail to keep carbon removal startup alive",https://www.greenbiz.com/article/deals-microsoft-shopify-and-stripe-fail-keep-carbon-removal-startup-alive,greenbiz.com,20240706T060000Z,English,United States,2024-07-06 06:00:00,2
OAE,alkalinity enhancement,Inside the University of Chicago controversial solar geoengineering initiative,https://grist.org/science/inside-the-university-of-chicagos-controversial-solar-geoengineering-initiative/,grist.org,20240706T144500Z,English,United States,2024-07-06 14:45:00,3
OAE,ocean alkalinity enhancement,The WHOI Lye Dumping Experiment : A Reckless Attempt at Climate Mitigation,https://wattsupwiththat.com/2024/07/09/the-whoi-lye-dumping-experiment-a-reckless-attempt-at-climate-mitigation/,wattsupwiththat.com,20240710T051500Z,English,United States,2024-07-10 05:15:00,3
OAE,ocean alkalinity,Scientists Seeking Permit to Dump Chemical Into Ocean in Experiment to Fight Climate Change,https://www.yahoo.com/news/scientists-seeking-permit-dump-chemical-161246636.html,yahoo.com,20240715T170000Z,English,United States,2024-07-15 17:00:00,3
OAE,ocean alkalinity,Bad Idea : Scientists Proposing Dumping Lye in Ocean to Fight Climate Change,https://redstate.com/wardclark/2024/07/15/scientists-proposing-dumping-lye-in-ocean-to-fight-climate-change-n2176900,redstate.com,20240716T001500Z,English,United States,2024-07-16 00:15:00,3
OAE,alkalinity enhancement,Cape Cod scientists want to dump sodium hydroxide into ocean in climate change experiment,https://www.bostonherald.com/2024/07/16/cape-cod-scientists-want-to-dump-60000-gallons-of-sodium-hydroxide-into-ocean-in-climate-change-experiment/,bostonherald.com,20240716T113000Z,English,United States,2024-07-16 11:30:00,4
OAE,ocean-based carbon removal,ENR 2024 Top 500 Sourcebook : Plant To Test Ocean Carbon Dioxide Removal,https://www.enr.com/articles/58965-enr-2024-top-500-sourcebook-plant-to-test-ocean-carbon-dioxide-removal,enr.com,20240716T161500Z,English,United States,2024-07-16 16:15:00,1
OAE,ocean-based carbon removal,ENR 2024 Top 500 Sourcebook : Plant Tests Ocean Carbon Dioxide Removal,https://www.enr.com/articles/58965-enr-2024-top-500-sourcebook-plant-tests-ocean-carbon-dioxide-removal,enr.com,20240716T203000Z,English,United States,2024-07-16 20:30:00,1
OAE,ocean carbon removal,ENR 2024 Top Design Firms Sourcebook : Artificial Intelligence Ramps Up,https://www.enr.com/articles/58972-enr-2024-top-design-firms-sourcebook-artificial-intelligence-ramps-up,enr.com,20240716T203000Z,English,United States,2024-07-16 20:30:00,2
OAE,ocean alkalinity enhancement,Researchers Criticized for Plan to Dump 20 Tonnes of Lye off Cape Cod,https://maritime-executive.com/article/researchers-criticized-for-plan-to-dump-20-tonnes-of-lye-off-cape-cod,maritime-executive.com,20240717T011500Z,English,United States,2024-07-17 01:15:00,6
OAE,marine carbon removal,"Cape Cod scientists want to dump 60 , 000+ gallons of sodium hydroxide into ocean in climate change experiment",https://www.delcotimes.com/2024/07/17/cape-cod-scientists-want-to-dump-60000-gallons-of-sodium-hydroxide-into-ocean-in-climate-change-experiment/,delcotimes.com,20240717T211500Z,English,United States,2024-07-17 21:15:00,8
OAE,alkalinity enhancement,EPA is asked to halt permitting for offshore carbon sequestration study,https://www.eenews.net/articles/epa-is-asked-to-halt-permitting-for-offshore-carbon-sequestration-study/,eenews.net,20240723T193000Z,English,United States,2024-07-23 19:30:00,3
OAE,marine carbon removal,"Program Director , Marine Carbon Dioxide Removal - Sustainable Business",https://www.sustainablebusiness.com/job/program-director-marine-carbon-dioxide-removal/,sustainablebusiness.com,20240724T140000Z,English,United States,2024-07-24 14:00:00,1
OAE,alkalinity enhancement,"Yale carbon capture center takes next steps in leadership , research",https://news.yale.edu/2024/07/26/yale-carbon-capture-center-takes-next-steps-leadership-research,news.yale.edu,20240726T224500Z,English,United States,2024-07-26 22:45:00,3
OAE,ocean-based climate solutions,Construction Underway for Maritime Innovation Center in Seattle,http://www.maritimeprofessional.com/news/construction-underway-maritime-innovation-center-395455,maritimeprofessional.com,20240729T010000Z,English,United States,2024-07-29 01:00:00,1
OAE,ocean alkalinity,Observations on the Pomerleau New Argument for a Carbon Tax | American Enterprise Institute,https://www.aei.org/research-products/working-paper/observations-on-the-pomerleaus-new-argument-for-a-carbon-tax/,aei.org,20240731T011500Z,English,United States,2024-07-31 01:15:00,1
OAE,ocean alkalinity enhancement,Skeptical Science New Research for Week # 31 2024,https://skepticalscience.com/new_research_2024_31.html,skepticalscience.com,20240801T111500Z,English,United States,2024-08-01 11:15:00,7
OAE,alkalinity enhancement,New tech will trap CO2 from cargo ships and store it in the ocean,https://edition.cnn.com/travel/calcarea-trap-co2-cargo-ships-spc/,edition.cnn.com,20240806T090000Z,English,United States,2024-08-06 09:00:00,2
OAE,ocean-based climate solutions,Empowering Ocean Innovation : Seaworthy Collective Unveils Fifth Cohort,https://communitynewspapers.com/miami-beach-news/empowering-ocean-innovation-seaworthy-collective-unveils-fifth-cohort/,communitynewspapers.com,20240814T001500Z,English,United States,2024-08-14 00:15:00,1
OAE,alkalinity enhancement,Coastal climate change experiment postponed - The Martha Vineyard Times,https://www.mvtimes.com/2024/08/16/coastal-climate-change-experiment-postponed/,mvtimes.com,20240816T141500Z,English,United States,2024-08-16 14:15:00,1
OAE,alkalinity enhancement,Cape Cod scientists delay controversial climate change project after feds raise concern,https://www.bostonherald.com/2024/08/17/cape-cod-scientists-delay-controversial-climate-change-project-after-feds-raise-concern/,bostonherald.com,20240817T173000Z,English,United States,2024-08-17 17:30:00,2
OAE,alkalinity enhancement,The ocean turbulence expert modeling Earth climate with scientists around the globe,https://fas.yale.edu/news/ocean-turbulence-expert-modeling-earth-s-climate-scientists-around-globe,fas.yale.edu,20240823T001500Z,English,United States,2024-08-23 00:15:00,1
OAE,marine carbon removal,Marine carbon removal could be big help against climate emergency,https://www.sandiegouniontribune.com/2024/09/01/marine-carbon-removal-could-be-big-help-against-climate-emergency/,sandiegouniontribune.com,20240901T184500Z,English,United States,2024-09-01 18:45:00,2
OAE,marine carbon dioxide removal,Research Vessel Resilience Charts Course to the Future of Marine Research,https://www.newswise.com/doescience/research-vessel-resilience-charts-course-to-the-future-of-marine-research/?article_id=816545,newswise.com,20240906T004500Z,English,United States,2024-09-06 00:45:00,2
OAE,marine carbon dioxide removal,Research Vessel Resilience Charts Course to the Fu,https://www.newswise.com/articles/research-vessel-resilience-charts-course-to-the-future-of-marine-research/?ad2f=1&aid=816545,newswise.com,20240906T004500Z,English,United States,2024-09-06 00:45:00,2
OAE,ocean alkalinity,"Cloud Brightening Over Oceans May Stave off Climate Change , but With Risk",https://goodmenproject.com/featured-content/cloud-brightening-over-oceans-may-stave-off-climate-change-but-with-risk/,goodmenproject.com,20240906T093000Z,English,United States,2024-09-06 09:30:00,2
OAE,ocean alkalinity,Weekly Climate and Energy News Roundup # 611,https://wattsupwiththat.com/2024/09/09/weekly-climate-and-energy-news-roundup-611/,wattsupwiththat.com,20240909T130000Z,English,United States,2024-09-09 13:00:00,1
OAE,marine CDR,The case for adding iron to the ocean for carbon dioxide removal,https://phys.org/news/2024-09-case-adding-iron-ocean-carbon.html,phys.org,20240909T193000Z,English,United States,2024-09-09 19:30:00,3
OAE,marine carbon dioxide removal,Ocean Science Missions And Projects,https://www.miragenews.com/ocean-science-missions-and-projects-1318593/,miragenews.com,20240917T194500Z,English,United States,2024-09-17 19:45:00,2
OAE,marine carbon removal,Skeptical Science New Research for Week # 40 2024,https://skepticalscience.com/new_research_2024_40.html,skepticalscience.com,20241003T091500Z,English,United States,2024-10-03 09:15:00,2
OAE,marine carbon removal,Could adding iron to the ocean solve some climate change problems ? | University of Hawaiʻi System News,https://www.hawaii.edu/news/2024/10/08/adding-iron-to-ocean/,hawaii.edu,20241009T033000Z,English,United States,2024-10-09 03:30:00,2
OAE,ocean alkalinity enhancement,Skeptical Science New Research for Week # 41 2024,https://skepticalscience.com/new_research_2024_41.html,skepticalscience.com,20241010T113000Z,English,United States,2024-10-10 11:30:00,4
OAE,ocean carbon removal,At The Waterfront Of ESG And Environmental Responsibility,https://www.wateronline.com/doc/at-the-waterfront-of-esg-and-environmental-responsibility-0001,wateronline.com,20241021T094500Z,English,United States,2024-10-21 09:45:00,1
OAE,ocean alkalinity enhancement,Microsoft signs marine CO2 removal deal with Ebb Carbon,https://www.datacenterdynamics.com/en/news/microsoft-signs-marine-co2-removal-deal-with-ebb-carbon/,datacenterdynamics.com,20241026T124500Z,English,United States,2024-10-26 12:45:00,4
OAE,ocean carbon removal,Addressing Past Carbon Emissions To Meet Urgent Climate Targets,https://www.forbes.com/councils/forbestechcouncil/2024/10/31/why-net-zero-isnt-enough-addressing-past-carbon-emissions-to-meet-urgent-climate-targets/,forbes.com,20241031T114500Z,English,United States,2024-10-31 11:45:00,1
OAE,ocean alkalinity,Opinion | Geoengineering might save the planet,https://www.bostonglobe.com/2024/11/12/opinion/climate-change-geoengineering/,bostonglobe.com,20241112T211500Z,English,United States,2024-11-12 21:15:00,1
OAE,ocean-based carbon removal,Time names UCLA Gaurav Sant among 2024 top influential climate leaders,https://newsroom.ucla.edu/stories/gaurav-sant-time100-climate-list-of-most-influential-leaders,newsroom.ucla.edu,20241113T040000Z,English,United States,2024-11-13 04:00:00,2
OAE,alkalinity enhancement,Controversial Us Marine Geoengineering Test Delayed Until Next Year,https://goodmenproject.com/featured-content/controversial-us-marine-geoengineering-test-delayed-until-next-year/,goodmenproject.com,20241114T121500Z,English,United States,2024-11-14 12:15:00,3
OAE,ocean alkalinity,OPINION : More trees wont cancel out your SUV emissions,https://www.adn.com/opinions/2024/11/21/opinion-more-trees-wont-cancel-out-your-suv-emissions/,adn.com,20241122T004500Z,English,United States,2024-11-22 00:45:00,3
OAE,marine carbon removal,Funding Boost to Tackle Key Climate Challenges,https://www.miragenews.com/funding-boost-to-tackle-key-climate-challenges-1369541/,miragenews.com,20241203T014500Z,English,United States,2024-12-03 01:45:00,1
OAE,ocean-based carbon removal,2024 : UCLA year in review,https://newsroom.ucla.edu/stories/2024-year-end-reflections,newsroom.ucla.edu,20241203T194500Z,English,United States,2024-12-03 19:45:00,1
OAE,ocean alkalinity,Ocean Density Drives Plankton Carbon Capture,https://www.miragenews.com/ocean-density-drives-plankton-carbon-capture-1370490/,miragenews.com,20241204T004500Z,English,United States,2024-12-04 00:45:00,1
OAE,ocean alkalinity,Skeptical Science New Research for Week # 49 2024,https://skepticalscience.com/new_research_2024_49.html,skepticalscience.com,20241205T081500Z,English,United States,2024-12-05 08:15:00,4
OAE,ocean alkalinity,Ocean density impacts carbon capture efficiency in plankton,https://www.terradaily.com/reports/Ocean_density_impacts_carbon_capture_efficiency_in_plankton_999.html,terradaily.com,20241206T113000Z,English,United States,2024-12-06 11:30:00,1
OAE,ocean alkalinity,How do marine food webs respond to increasing alkalinity ?,https://www.sciencedaily.com/releases/2024/12/241206161911.htm,sciencedaily.com,20241208T004500Z,English,United States,2024-12-08 00:45:00,4
OAE,ocean-based carbon removal,3 engineering faculty named to National Academy of Inventors,https://newsroom.ucla.edu/releases/3-ucla-engineering-faculty-named-to-national-academy-of-inventors,newsroom.ucla.edu,20241210T201500Z,English,United States,2024-12-10 20:15:00,1
OAE,ocean alkalinity,UN Agreements On Oceanic Geoengineering Dont Cover Dominant Land - Based Systems,https://cleantechnica.com/2024/12/11/un-agreements-on-oceanic-geoengineering-dont-cover-dominant-land-based-systems/,cleantechnica.com,20241212T014500Z,English,United States,2024-12-12 01:45:00,6
OAE,ocean alkalinity enhancement,Skeptical Science New Research for Week # 50 2024,https://skepticalscience.com/new_research_2024_50.html,skepticalscience.com,20241212T074500Z,English,United States,2024-12-12 07:45:00,4
OAE,alkalinity enhancement,Microsoft announces unprecedented deal to save our oceans with innovative tech startup :  Setting a powerful example,https://www.yahoo.com/news/microsoft-announces-unprecedented-deal-save-110013503.html,yahoo.com,20241216T131500Z,English,United States,2024-12-16 13:15:00,6
OAE,marine carbon removal,Skeptical Science New Research for Week # 51 2024,https://skepticalscience.com/new_research_2024_51.html,skepticalscience.com,20241219T101500Z,English,United States,2024-12-19 10:15:00,1
OAE,ocean-based carbon removal,STATEMENT : U . S . Can Boost Ocean - based Carbon Dioxide Removal with Bipartisan ReSCUE Oceans Act,https://www.wri.org/news/statement-us-can-boost-ocean-based-carbon-dioxide-removal-bipartisan-rescue-oceans-act,wri.org,20241220T183000Z,English,United States,2024-12-20 18:30:00,1
OAE,marine carbon removal,"500 , 000 years of fossil records reveal climate change impacts on deep - sea ecosystems",https://phys.org/news/2024-12-years-fossil-reveal-climate-impacts.html,phys.org,20241223T180000Z,English,United States,2024-12-23 18:00:00,1
OAE,ocean alkalinity,Skeptical Science New Research for Week # 52 2024,https://skepticalscience.com/new_research_2024_52.html,skepticalscience.com,20241226T114500Z,English,United States,2024-12-26 11:45:00,4
OAE,ocean alkalinity,Ocean Carbon Removal : Captura marine carbon capture explained,https://spectrum.ieee.org/ocean-carbon-removal,spectrum.ieee.org,20241226T180000Z,English,United States,2024-12-26 18:00:00,5
OAE,ocean alkalinity,"Livermore scientists develop CO2 sequestration technique that produces  supergreen  hydrogen fuel , offsets ocean acidification",https://innovationtoronto.com/livermore-scientists-develop-co2-sequestration-technique-that-produces-supergreen-hydrogen-fuel-offsets-ocean-acidification/,innovationtoronto.com,20241229T203000Z,English,United States,2024-12-29 20:30:00,1
OAE,ocean carbon removal,What went wrong for carbon marketplace Nori ?,https://www.feednavigator.com/Article/2024/12/18/what-went-wrong-for-carbon-marketplace-nori/,feednavigator.com,20250102T111500Z,English,United States,2025-01-02 11:15:00,1
OAE,ocean alkalinity enhancement,Skeptical Science New Research for Week # 2 2025,https://skepticalscience.com/new_research_2025_2.html,skepticalscience.com,20250109T104500Z,English,United States,2025-01-09 10:45:00,2
OAE,ocean-based carbon removal,Director of Policy - Ocean - Sustainable Business,https://www.sustainablebusiness.com/job/director-of-policy-ocean/,sustainablebusiness.com,20250110T110000Z,English,United States,2025-01-10 11:00:00,1
OAE,ocean alkalinity enhancement,Skeptical Science New Research for Week # 5 2025,https://skepticalscience.com/new_research_2025_5.html,skepticalscience.com,20250130T093000Z,English,United States,2025-01-30 09:30:00,2
OAE,ocean alkalinity,Coastal climate change experiment pulled from Vineyard waters - The Martha Vineyard Times,https://www.mvtimes.com/2025/02/07/coastal-climate-change-experiment-pulled-vineyard-waters/,mvtimes.com,20250208T001500Z,English,United States,2025-02-08 00:15:00,2
OAE,ocean alkalinity,Skeptical Science New Research for Week # 7 2025,https://skepticalscience.com/new_research_2025_7.html,skepticalscience.com,20250213T081500Z,English,United States,2025-02-13 08:15:00,2
OAE,ocean-based carbon removal,Corporates to focus on blue carbon in Tokyo,https://thefishsite.com/articles/corporates-to-focus-on-blue-carbon-in-tokyo,thefishsite.com,20250221T083000Z,English,United States,2025-02-21 08:30:00,2
OAE,marine carbon dioxide removal,A leg up for STEM majors,https://news.mit.edu/2025/leg-stem-majors-political-science-0306,news.mit.edu,20250306T203000Z,English,United States,2025-03-06 20:30:00,2
OAE,alkalinity enhancement,Scientists will try to deacidify a tiny patch of the Gulf of Maine,https://www.bangordailynews.com/2025/03/10/portland/portland-environment/scientists-will-try-to-deacidify-a-tiny-patch-of-the-gulf-of-maine-joam40zk0w/,bangordailynews.com,20250310T063000Z,English,United States,2025-03-10 06:30:00,3
OAE,alkalinity enhancement,SXSW 2025 Festival Guide - At SXSW Reducing Carbon Comes in Many Flavors : Panelists share glimmers of hope for the climate - News,https://www.austinchronicle.com/news/2025-03-14/at-sxsw-reducing-carbon-comes-in-many-flavors/,austinchronicle.com,20250313T070000Z,English,United States,2025-03-13 07:00:00,3
OAE,ocean alkalinity,Skeptical Science New Research for Week # 12 2025,https://skepticalscience.com/new_research_2025_12.html,skepticalscience.com,20250320T073000Z,English,United States,2025-03-20 07:30:00,1
OAE,ocean carbon removal,Takeaways from Associated Press report on efforts to capture carbon in the ocean,https://www.yahoo.com/news/takeaways-associated-press-report-efforts-111135333.html,yahoo.com,20250321T120000Z,English,United States,2025-03-21 12:00:00,12
OAE,ocean-based carbon removal,Ocean dumping – or a climate solution ? A growing industry bets on the ocean to capture carbon,https://www.yahoo.com/news/ocean-dumping-climate-solution-growing-110525348.html,yahoo.com,20250321T120000Z,English,United States,2025-03-21 12:00:00,34
OAE,ocean carbon removal,Ocean dumping – or climate solution ? An industry bets on the ocean to capture carbon,https://abcnews.go.com/Technology/wireStory/ocean-dumping-climate-solution-growing-industry-bets-ocean-120016195,abcnews.go.com,20250321T121500Z,English,United States,2025-03-21 12:15:00,2
OAE,ocean-based carbon removal,Startup dumps magnesium into the ocean in bid to ease global warming,https://www.ktvb.com/article/news/nation-world/ocean-dumping-or-a-climate-solution-ocean-carbon-capture/507-02417892-720e-4450-94bc-a11fde8989e3,ktvb.com,20250321T131500Z,English,United States,2025-03-21 13:15:00,26
OAE,ocean carbon removal,The Nashville Ledger,http://www.tnledger.com/editorial/Article.aspx?id=188190,tnledger.com,20250321T154500Z,English,United States,2025-03-21 15:45:00,2
OAE,ocean carbon removal,Carbon capture industry sets sights on ocean,https://finance-commerce.com/2025/03/carbon-capture-industry-sets-sights-on-ocean/,finance-commerce.com,20250321T220000Z,English,United States,2025-03-21 22:00:00,2
OAE,ocean carbon removal,"Ocean dumping or a climate solution ? A growing industry bets on the ocean to capture carbon | News , Sports , Jobs",https://www.mariettatimes.com/news/2025/03/ocean-dumping-or-a-climate-solution-a-growing-industry-bets-on-the-ocean-to-capture-carbon/,mariettatimes.com,20250322T081500Z,English,United States,2025-03-22 08:15:00,2
OAE,ocean-based carbon removal,Ocean carbon capture : Healing the seas or harming them ? – NBC New York,https://www.nbcnewyork.com/news/national-international/ocean-dumping-or-a-climate-solution-a-growing-industry-bets-on-the-ocean-to-capture-carbon/6196821/,nbcnewyork.com,20250322T191500Z,English,United States,2025-03-22 19:15:00,2
OAE,ocean-based carbon removal,Ocean carbon capture : Healing the seas or harming them ? – NBC 5 Dallas - Fort Worth,https://www.nbcdfw.com/news/national-international/ocean-dumping-or-a-climate-solution-a-growing-industry-bets-on-the-ocean-to-capture-carbon/3798510/,nbcdfw.com,20250322T220000Z,English,United States,2025-03-22 22:00:00,2
OAE,marine CDR,2nd Advancing Marine CDR Summit,https://energycentral.com/event/2nd-advancing-marine-cdr-summit-1,energycentral.com,20250326T181500Z,English,United States,2025-03-26 18:15:00,1
OAE,alkalinity enhancement,Skeptical Science New Research for Week # 13 2025,https://skepticalscience.com/new_research_2025_13.html,skepticalscience.com,20250327T081500Z,English,United States,2025-03-27 08:15:00,7
OAE,marine carbon removal,Human activity disrupting ocean CO2 absorption : study,https://www.terradaily.com/afp/250328232547.ofuo4zt9.html,terradaily.com,20250329T033000Z,English,United States,2025-03-29 03:30:00,2
OAE,ocean alkalinity,Simulation shows trawling and dredging impact the processes behind natural ocean alkalinity production,https://phys.org/news/2025-03-simulation-trawling-dredging-impact-natural.html,phys.org,20250331T150000Z,English,United States,2025-03-31 15:00:00,1
OAE,marine carbon dioxide removal,Proceed with caution : Emerging marine - climate projects outpacing effective governance,https://phys.org/news/2025-04-proceed-caution-emerging-marine-climate.html,phys.org,20250403T184500Z,English,United States,2025-04-03 18:45:00,2
OAE,marine carbon dioxide removal,Marine - Climate Projects Outpacing Governance : Caution Urged,https://www.miragenews.com/marine-climate-projects-outpacing-governance-1438705/,miragenews.com,20250403T214500Z,English,United States,2025-04-03 21:45:00,2
OAE,marine carbon removal,Innovative CO₂ removal monitoring device earns student team $10K top prize | University of Hawaiʻi System News,https://www.hawaii.edu/news/2025/04/07/innovative-co2-removal-monitoring-device/,hawaii.edu,20250407T214500Z,English,United States,2025-04-07 21:45:00,2
OAE,ocean-based carbon removal,Solar geoengineering moves into the spotlight as climate concerns grow,https://www.sciencenews.org/article/solar-geoengineering-climate-concerns,sciencenews.org,20250408T153000Z,English,United States,2025-04-08 15:30:00,1
OAE,ocean alkalinity,Skeptical Science New Research for Week # 15 2025,https://skepticalscience.com/new_research_2025_15.html,skepticalscience.com,20250410T120000Z,English,United States,2025-04-10 12:00:00,4
OAE,marine carbon dioxide removal,CO₂ removal and storage : Which options are feasible and desirable ?,https://phys.org/news/2025-04-storage-options-feasible-desirable.html,phys.org,20250411T161500Z,English,United States,2025-04-11 16:15:00,4
OAE,alkalinity enhancement,Skeptical Science New Research for Week # 19 2025,https://skepticalscience.com/new_research_2025_19.html,skepticalscience.com,20250508T063000Z,English,United States,2025-05-08 06:30:00,2
OAE,marine carbon removal,First Purpose Built USVs for Marine Carbon Removal Deployed in Canada and Iceland,https://www.azorobotics.com/News.aspx?newsID=15941,azorobotics.com,20250511T073000Z,English,United States,2025-05-11 07:30:00,4
OAE,ocean alkalinity enhancement,Treating wastewater with alkaline minerals can improve CO₂ removal and storage,https://phys.org/news/2025-05-wastewater-alkaline-minerals-storage.html,phys.org,20250513T134500Z,English,United States,2025-05-13 13:45:00,2
OAE,marine carbon dioxide removal,Could Dumping Crop Waste in the Ocean Help Reduce CO2 ?,https://maritime-executive.com/editorials/could-dumping-crop-waste-in-the-ocean-help-reduce-co2,maritime-executive.com,20250518T220000Z,English,United States,2025-05-18 22:00:00,4
OAE,alkalinity enhancement,River alkalinization and ocean acidification face off in coastal waters,https://phys.org/news/2025-05-river-alkalinization-ocean-acidification-coastal.html,phys.org,20250521T171500Z,English,United States,2025-05-21 17:15:00,2
OAE,ocean alkalinity enhancement,ClimeFi & World Ocean Council Dive Into Marine Carbon Removal : A New Frontier in CDR,https://cleantechnica.com/2025/05/28/climefi-world-ocean-council-dive-into-marine-carbon-removal-a-new-frontier-in-cdr/,cleantechnica.com,20250528T180000Z,English,United States,2025-05-28 18:00:00,4
OAE,ocean-based climate solutions,Issues to Watch at UN Ocean Conference | World Resources Institute,https://www.wri.org/insights/un-ocean-conference-key-issues,wri.org,20250603T153000Z,English,United States,2025-06-03 15:30:00,1
OAE,ocean alkalinity enhancement,Former MIT Researchers Advance New Model For Innovation,https://www.miragenews.com/former-mit-researchers-advance-new-model-for-1473664/,miragenews.com,20250606T044500Z,English,United States,2025-06-06 04:45:00,4
OAE,ocean-based climate solutions,RELEASE : Brazil and France Launch New Global Challenge to Put the Ocean at the Center of Climate Action,https://www.wri.org/news/release-brazil-and-france-launch-new-global-challenge-put-ocean-center-climate-action,wri.org,20250610T020000Z,English,United States,2025-06-10 02:00:00,1
OAE,marine carbon removal,"Fugro , Ocean Visions Team Up For Ocean - Based Carbon",https://www.marinelink.com/news/fugro-ocean-visions-team-oceanbased-526664,marinelink.com,20250610T153000Z,English,United States,2025-06-10 15:30:00,1
OAE,ocean-based carbon removal,National and International News in Focus : July 3,https://www.wktv.com/news/national/national-and-international-news-in-focus-july-3/article_769748fb-dabf-5e6b-97aa-011ccc0961e7.html,wktv.com,20250703T173000Z,English,United States,2025-07-03 17:30:00,2
OAE,ocean alkalinity enhancement,Skeptical Science New Research for Week # 28 2025,https://skepticalscience.com/new_research_2025_28.html,skepticalscience.com,20250710T081500Z,English,United States,2025-07-10 08:15:00,3
OAE,ocean carbon removal,How a natural process can remove carbon from our atmosphere,https://www.wmtw.com/article/how-a-natural-process-can-remove-carbon-from-our-atmosphere/65454085,wmtw.com,20250719T161500Z,English,United States,2025-07-19 16:15:00,1
OAE,ocean alkalinity,"Climate Scientists Look to Fight Back Against DOE  Antiscientific ,  Deceptive  Climate Report",https://insideclimatenews.org/news/30072025/climate-scientists-fight-against-energy-department-report/,insideclimatenews.org,20250731T031500Z,English,United States,2025-07-31 03:15:00,1
OAE,ocean alkalinity,Judith Curry Take : New Climate Assessment Report from US DOE – Watts Up With That ?,https://wattsupwiththat.com/2025/07/30/judith-currys-take-new-climate-assessment-report-from-us-doe/,wattsupwiththat.com,20250731T040000Z,English,United States,2025-07-31 04:00:00,1
OAE,ocean alkalinity,Skeptical Science New Research for Week # 31 2025,https://skepticalscience.com/new_research_2025_31.html,skepticalscience.com,20250731T073000Z,English,United States,2025-07-31 07:30:00,3
OAE,ocean alkalinity,"Trump DOE Ditches 400 Climate Cultists , Taps 5 Experts for Balanced  Climate Assessment",https://legalinsurrection.com/2025/07/trumps-doe-ditches-400-climate-cultists-taps-5-experts-for-balanced-climate-assessment/,legalinsurrection.com,20250731T114500Z,English,United States,2025-07-31 11:45:00,1
OAE,marine carbon removal,Migrating zooplankton play key role in ocean carbon transport and storage,https://phys.org/news/2025-07-migrating-zooplankton-play-key-role.html,phys.org,20250731T143000Z,English,United States,2025-07-31 14:30:00,2
OAE,marine carbon removal,Can We Alter the Ocean to Counter Climate Change Faster ? This Experiment Aims to Find Out,https://insideclimatenews.org/news/10082025/ocean-carbon-removal-climate-change/,insideclimatenews.org,20250810T093000Z,English,United States,2025-08-10 09:30:00,3
OAE,ocean alkalinity enhancement,Woods Hole Tests Ocean Alkalinity Enhancement in Gulf of Maine for CO2 Capture,https://www.webpronews.com/woods-hole-tests-ocean-alkalinity-enhancement-in-gulf-of-maine-for-co2-capture/,webpronews.com,20250812T214500Z,English,United States,2025-08-12 21:45:00,1
OAE,marine carbon dioxide removal,Skeptical Science New Research for Week # 33 2025,https://skepticalscience.com/new_research_2025_33.html,skepticalscience.com,20250814T080000Z,English,United States,2025-08-14 08:00:00,2
OAE,ocean carbon removal,2025 SkS Weekly Climate Change & Global Warming News Roundup # 33,https://skepticalscience.com/2025-SkS-Weekly-News-Roundup_33.html,skepticalscience.com,20250817T121500Z,English,United States,2025-08-17 12:15:00,1
OAE,ocean alkalinity enhancement,Biomining  seaweed explored for critical minerals to improve domestic supply chains,https://phys.org/news/2025-08-biomining-seaweed-explored-critical-minerals.html,phys.org,20250820T153000Z,English,United States,2025-08-20 15:30:00,1
OAE,ocean alkalinity enhancement,Why Frontier Is Betting $31M On Ocean Alkalinity For Carbon Removal,https://www.forbes.com/sites/phildeluna/2025/08/27/why-frontier-is-betting-31m-on-ocean-alkalinity-for-carbon-removal/,forbes.com,20250827T191500Z,English,United States,2025-08-27 19:15:00,2
OAE,marine carbon removal,wild shores of singapore : Tuas facility to demo mCDR tech begins 2026,https://wildshores.blogspot.com/2025/09/tuas-facility-to-demo-mcdr-tech-begins.html,wildshores.blogspot.com,20250902T161500Z,English,United States,2025-09-02 16:15:00,4
OAE,alkalinity enhancement,Skeptical Science New Research for Week # 36 2025,https://skepticalscience.com/new_research_2025_36.html,skepticalscience.com,20250904T074500Z,English,United States,2025-09-04 07:45:00,4
OAE,ocean alkalinity enhancement,"Academy Urges : Meet Challenge , Maintain Targets",https://www.miragenews.com/academy-urges-meet-challenge-maintain-targets-1538594/,miragenews.com,20250923T031500Z,English,United States,2025-09-23 03:15:00,2
OAE,ocean carbon removal,Woods Hole Oceanographic Institution Ken Buesseler receives AGU Honor,https://www.newswise.com/articles/woods-hole-oceanographic-institution-s-ken-buesseler-receives-agu-honor,newswise.com,20250924T201500Z,English,United States,2025-09-24 20:15:00,1
OAE,ocean alkalinity,"Berkeley Talks : Long considered  too big to fail , the ocean needs a new narrative",https://news.berkeley.edu/2025/10/03/berkeley-talks-ocean-narrative/,news.berkeley.edu,20251004T004500Z,English,United States,2025-10-04 00:45:00,3
OAE,marine carbon dioxide removal,Ebb Carbon Project Macoma Begins Operations in Port Angeles,https://perishablenews.com/seafood/ebb-carbons-project-macoma-begins-operations-in-port-angeles/,perishablenews.com,20251007T193000Z,English,United States,2025-10-07 19:30:00,4
OAE,ocean alkalinity enhancement,Report Warns of Escalating Marine Geoengineering Experiments,https://foe.org/news/report-warns-of-escalating-marine-geoengineering/,foe.org,20251016T171500Z,English,United States,2025-10-16 17:15:00,3
OAE,ocean-based carbon removal,Skeptical Science New Research for Week # 43 2025,https://skepticalscience.com/new_research_2025_43.html,skepticalscience.com,20251023T081500Z,English,United States,2025-10-23 08:15:00,2
OAE,marine carbon removal,Pushing boundaries : Yale - affiliated projects are winners in climate solutions / AI challenge,https://news.yale.edu/2025/10/23/pushing-boundaries-yale-affiliated-projects-are-winners-climate-solutionsai-challenge,news.yale.edu,20251024T144500Z,English,United States,2025-10-24 14:45:00,1
OAE,ocean alkalinity,Environmental treaties are paralysed here how we can do better,https://www.nature.com/articles/d41586-025-03477-8,nature.com,20251028T113000Z,English,United States,2025-10-28 11:30:00,1
OAE,ocean alkalinity,"Tiny diatoms , big climate impact : How microscopic skeletons rapidly shape ocean chemistry",https://phys.org/news/2025-11-tiny-diatoms-big-climate-impact.html,phys.org,20251105T220000Z,English,United States,2025-11-05 22:00:00,1
OAE,marine carbon dioxide removal,Alaska coastal communities deserve a say in geoengineering of our oceans,"http://www.sitkasentinel.com/premium/stories/alaskas-coastal-communities-deserve-a-say-in-geoengineering-of-our-oceans,89630",sitkasentinel.com,20251107T094500Z,English,United States,2025-11-07 09:45:00,1
OAE,ocean alkalinity enhancement,Skeptical Science New Research for Week # 46 2025,https://skepticalscience.com/new_research_2025_46.html,skepticalscience.com,20251113T080000Z,English,United States,2025-11-13 08:00:00,3
OAE,marine carbon dioxide removal,Tapping Ocean Power for Carbon Capture,https://www.miragenews.com/tapping-oceans-power-for-carbon-capture-1571720/,miragenews.com,20251117T093000Z,English,United States,2025-11-17 09:30:00,1
OAE,marine carbon dioxide removal,EMB Unveils Future Science Brief on Marine CO2 Removal,https://www.miragenews.com/emb-unveils-future-science-brief-on-marine-co2-1571777/,miragenews.com,20251117T114500Z,English,United States,2025-11-17 11:45:00,1
OAE,marine carbon dioxide removal,Can we tap the ocean power to capture carbon ?,https://phys.org/news/2025-11-ocean-power-capture-carbon.html,phys.org,20251117T141500Z,English,United States,2025-11-17 14:15:00,2
OAE,marine carbon dioxide removal,Snatching Victory from Jaws of Defeat using the Mutirão Approach,https://www.ipsnews.net/2025/11/snatching-victory-from-jaws-of-defeat-through-belems-mutirao-approach/,ipsnews.net,20251117T154500Z,English,United States,2025-11-17 15:45:00,2
OAE,marine carbon dioxide removal,Snatching Victory From Jaws of Defeat Through Belém Mutirão Approach Global Issues,https://www.globalissues.org/news/2025/11/17/41646,globalissues.org,20251117T194500Z,English,United States,2025-11-17 19:45:00,2
OAE,marine carbon dioxide removal,Unlocking The Ocean Sink : Permitting And Deployment Of Marine Carbon Dioxide Removal Technologies ( Podcast ),https://www.mondaq.com:443/unitedstates/environmental-law/1706228/unlocking-the-ocean-sink-permitting-and-deployment-of-marine-carbon-dioxide-removal-technologies-podcast,mondaq.com,20251118T160000Z,English,United States,2025-11-18 16:00:00,1
OAE,marine carbon dioxide removal,Marine Scientists Call For Rules On Marine Carbon,https://www.marinetechnologynews.com/news/marine-scientists-rules-marine-655756,marinetechnologynews.com,20251120T021500Z,English,United States,2025-11-20 02:15:00,1
OAE,marine carbon dioxide removal,New standards needed to manage marine carbon removal efforts,https://www.terradaily.com/reports/New_standards_needed_to_manage_marine_carbon_removal_efforts_999.html,terradaily.com,20251120T153000Z,English,United States,2025-11-20 15:30:00,1
OAE,ocean-based climate solutions,The deep sea and the Arctic must be included in efforts to tackle climate change,https://phys.org/news/2025-11-deep-sea-arctic-efforts-tackle.html,phys.org,20251123T011500Z,English,United States,2025-11-23 01:15:00,1
OAE,alkalinity enhancement,Horizon – News and Trends in Sustainability Law - November 2025 | DLA Piper,https://www.jdsupra.com/legalnews/horizon-news-and-trends-in-8885448/,jdsupra.com,20251126T234500Z,English,United States,2025-11-26 23:45:00,3
OAE,marine carbon removal,Canada Marine Carbon Removal Opportunities Could Be,https://www.marinetechnologynews.com/news/canada-marine-carbon-removal-656079,marinetechnologynews.com,20251201T201500Z,English,United States,2025-12-01 20:15:00,2
OAE,ocean alkalinity,Skeptical Science New Research for Week # 49 2025,https://skepticalscience.com/new_research_2025_49.html,skepticalscience.com,20251204T081500Z,English,United States,2025-12-04 08:15:00,3
OAE,marine carbon removal,Can We Tap The Ocean Power To Capture Carbon ? – Eurasia Review,https://www.eurasiareview.com/08122025-can-we-tap-the-oceans-power-to-capture-carbon-2/,eurasiareview.com,20251208T021500Z,English,United States,2025-12-08 02:15:00,1
OAE,ocean carbon removal,Study : Marine Carbon Removal Needs More Thought Before Scaling Up,https://maritime-executive.com/editorials/study-marine-carbon-removal-needs-more-thought-before-scaling-up,maritime-executive.com,20251208T051500Z,English,United States,2025-12-08 05:15:00,5
OAE,ocean-based carbon removal,Fighting for a Livable Future : Exploring Frontier Climate Interventions,https://www.resilience.org/stories/2025-12-11/fighting-for-a-livable-future-exploring-frontier-climate-interventions/,resilience.org,20251211T124500Z,English,United States,2025-12-11 12:45:00,1
OAE,ocean-based climate solutions,The risks of turning the ocean into a carbon sink,https://www.diplomaticourier.com/posts/risks-of-turning-the-ocean-into-a-carbon-sink,diplomaticourier.com,20251212T133000Z,English,United States,2025-12-12 13:30:00,3
OAE,ocean-based carbon removal,Australia climate future : New model goes global,https://phys.org/news/2025-12-australia-climate-future-global.html,phys.org,20251216T070000Z,English,United States,2025-12-16 07:00:00,1
OAE,alkalinity enhancement,Mitsui O . S . K . Lines and Isometric announce strategic partnership on carbon removal,http://www.maritimeprofessional.com/news/mitsui-lines-isometric-announce-strategic-413583,maritimeprofessional.com,20251217T184500Z,English,United States,2025-12-17 18:45:00,3
OAE,alkalinity enhancement,"Mitsui O . S . K . Lines , Isometric Partner On Carbon",https://www.marinelink.com/news/mitsui-osk-lines-isometric-partner-carbon-533632,marinelink.com,20251218T010000Z,English,United States,2025-12-18 01:00:00,3
OAE,alkalinity enhancement,Skeptical Science New Research for Week # 51 2025,https://skepticalscience.com/new_research_2025_51.html,skepticalscience.com,20251218T101500Z,English,United States,2025-12-18 10:15:00,1
OAE,alkalinity enhancement,ESG Updates in Australia for November 2025,https://natlawreview.com/article/november-2025-esg-policy-update-australia,natlawreview.com,20251222T163000Z,English,United States,2025-12-22 16:30:00,3
OAE,ocean carbon removal,Major tech layoffs : An updated tracker,https://www.informationweek.com/it-leadership/tech-company-layoffs-the-covid-tech-bubble-bursts-sep-14,informationweek.com,20251223T150000Z,English,United States,2025-12-23 15:00:00,1
OAE,ocean alkalinity,Using AI To Accelerate Analysis Of The Effectiveness And Risks Of Promising CO<sub>2< / sub> Removal Methods,https://www.pollutiononline.com/doc/using-ai-to-accelerate-analysis-of-the-effectiveness-and-risks-of-promising-co-removal-methods-0001,pollutiononline.com,20251229T121500Z,English,United States,2025-12-29 12:15:00,3
OAE,ocean alkalinity enhancement,2025 Climate Tipping Points : Scientists Urge Drastic Emission Cuts,https://www.webpronews.com/2025-climate-tipping-points-scientists-urge-drastic-emission-cuts/,webpronews.com,20251229T201500Z,English,United States,2025-12-29 20:15:00,3
