domain,keyword,title,url,source_domain,seendate,language,country
BECCS,BECCS,"Robust , high",http://biotechnologyforbiofuels.biomedcentral.com/articles/10.1186/s13068-017-0769-1,biotechnologyforbiofuels.biomedcentral.com,20170329T201500Z,English,United States
BECCS,BECCS,Advanced BioFuels united states » Opportunities and Risks of Seaweed Biofuels in Aviation,http://advancedbiofuelsusa.info/opportunities-and-risks-of-seaweed-biofuels-in-aviation-2/,advancedbiofuelsusa.info,20170324T153000Z,English,United States
BECCS,BECCS,Global Warming : Climate Scientists Propose  Carbon Law  To Achieve Zero Emissions By 2050,http://www.ibtimes.com/global-warming-climate-scientists-propose-carbon-law-achieve-zero-emissions-2050-2514447,ibtimes.com,20170324T074500Z,English,United States
BECCS,BECCS,"Emerging threats , global warming , climate change , carbon emissions",http://www.homelandsecuritynewswire.com/dr20170324-carbon-law-modeled-after-moore-s-law-a-pathway-to-halve-emissions-every-decade,homelandsecuritynewswire.com,20170324T004500Z,English,United States
BECCS,BECCS,Washington Square News,http://www.nyunews.com/2017/03/20/concentus-music-marks-two-year-anniversary/,nyunews.com,20170320T123000Z,English,United States
BECCS,BECCS,Life,http://biotechnologyforbiofuels.biomedcentral.com/articles/10.1186/s13068-017-0739-7,biotechnologyforbiofuels.biomedcentral.com,20170314T050000Z,English,United States
BECCS,BECCS,"Ecosocialism is more than a strategy , it a project for civilization",http://climateandcapitalism.com/2017/03/13/ecosocialism-is-more-than-a-strategy-its-a-project-for-civilization/,climateandcapitalism.com,20170313T144500Z,English,United States
BECCS,BECCS,"Geoengineering : What is it , how does it work and is it good or bad ?",https://uk.news.yahoo.com/geoengineering-does-good-bad-104431965.html,uk.news.yahoo.com,20170313T143000Z,English,United States
BECCS,BECCS,"Ecosocialism is more than a strategy , it a project for Civilization",http://internationalviewpoint.org/spip.php?article4895,internationalviewpoint.org,20170313T101500Z,English,United States
BECCS,BECCS,A Deus ex Machina for the Climate Change Problem,http://www.theamericanconservative.com/articles/a-deus-ex-machina-for-the-climate-change-problem/,theamericanconservative.com,20170309T053000Z,English,United States
BECCS,BECCS,Advanced BioFuels united states » Opportunities and Risks of Seaweed Biofuels in Aviation,http://advancedbiofuelsusa.info/opportunities-and-risks-of-seaweed-biofuels-in-aviation/,advancedbiofuelsusa.info,20170307T194500Z,English,United States
BECCS,BECCS,Climate Ecoforestry,http://www.resilience.org/stories/2017-03-07/climate-ecoforestry/,resilience.org,20170307T181500Z,English,United States
BECCS,BECCS,Climate Ecoforestry,http://peakoil.com/enviroment/climate-ecoforestry/comment-page-1,peakoil.com,20170306T234500Z,English,United States
BECCS,BECCS,Climate Ecoforestry,http://peakoil.com/enviroment/climate-ecoforestry,peakoil.com,20170306T193000Z,English,United States
BECCS,BECCS,No country on Earth is taking the 2 degree climate target seriously,https://www.vox.com/2016/10/4/13118594/2-degrees-no-more-fossil-fuels,vox.com,20170501T114500Z,English,United States
BECCS,BECCS,A NEW BOOK ON THE CLIMATE CRISIS MAKES THE PERSUASIVE CASE THAT WE ’ RE NOT DOOMED,http://www.globalpossibilities.org/a-new-book-on-the-climate-crisis-makes-the-persuasive-case-that-were-not-doomed/,globalpossibilities.org,20170430T214500Z,English,United States
BECCS,BECCS,A New Book on the Climate Crisis Makes the Persuasive Case That Were Not Doomed,https://www.thenation.com/article/a-new-book-on-the-climate-crisis-makes-the-persuasive-case-that-were-not-doomed/,thenation.com,20170428T151500Z,English,United States
BECCS,BECCS,More Early March Than Late April,http://www.startribune.com/more-early-march-than-late-april-slushy-possibilities-spring-returns-in-1-week/420480473/,startribune.com,20170427T064500Z,English,United States
BECCS,BECCS,April Whine : Slushy Up North,http://www.startribune.com/april-whine-slushy-up-north-frost-risk-by-friday-am-snowy-lawns-on-may-1/420349933/,startribune.com,20170426T064500Z,English,United States
BECCS,BECCS,Can We Fight Climate Change with Trees and Grass ?,https://www.technologyreview.com/s/604260/can-we-fight-climate-change-with-trees-and-grass/,technologyreview.com,20170424T204500Z,English,United States
BECCS,BECCS,Uzbekistan accedes to Paris climate change agreement,http://prensariotiretail.com/2017/04/22/uzbekistan-accedes-to-paris-climate-change-agreement.html,prensariotiretail.com,20170422T114500Z,English,United States
BECCS,BECCS,A Cooler Future May Hinge on Removing CO2 From the Air,http://www.climatecentral.org/news/cooler-future-may-hinge-on-removing-co2-21368,climatecentral.org,20170420T180000Z,English,United States
BECCS,BECCS,Limits to Economic Growth ?,http://www.resilience.org/stories/2017-04-20/limits-to-economic-growth/,resilience.org,20170420T084500Z,English,United States
BECCS,BECCS,New Facility Captures Atmospheric Carbon and Stores it Underground,https://www.planetizen.com/node/92288/new-facility-captures-atmospheric-carbon-and-stores-it-underground,planetizen.com,20170417T203000Z,English,United States
BECCS,BECCS,Biofuel CCS Plant Inches Us Closer to Negative Carbon Emissions — NOVA Next,http://www.pbs.org/wgbh/nova/next/tech/biofuel-ccs-plant-inches-us-closer-to-negative-carbon-emissions/,pbs.org,20170416T060000Z,English,United States
BECCS,BECCS,KTBB . com,http://www.ktbb.com/post/?p=606492,ktbb.com,20170414T150000Z,English,United States
BECCS,BECCS,Advanced BioFuels united states » The Quest to Capture and Store Carbon,http://advancedbiofuelsusa.info/the-quest-to-capture-and-store-carbon-and-slow-climate-change-just-reached-a-new-milestone/,advancedbiofuelsusa.info,20170412T010000Z,English,United States
BECCS,BECCS,The quest to capture and store carbon,https://www.washingtonpost.com/news/energy-environment/wp/2017/04/10/the-quest-to-capture-and-store-carbon-and-slow-climate-change-just-reached-a-new-milestone/,washingtonpost.com,20170410T210000Z,English,United States
BECCS,BECCS,The Cool Lab,http://www.resilience.org/stories/2017-04-05/the-cool-lab/,resilience.org,20170405T113000Z,English,United States
BECCS,BECCS,"Weekly Music Agenda , Featuring The Refugee Orchestra Project With Gourmet Symphony",http://dcist.com/2017/04/weekly_music_agenda_featuring_the_r.php,dcist.com,20170404T200000Z,English,United States
BECCS,BECCS,"CCS should remain key option in united kingdom future energy system , says ETI",http://www.energy-business-review.com/news/carbon-capture-and-storage-needs-to-be-part-of-the-uks-future-energy-system-and-the-economic-prize-could-be-considerable-5777059,energy-business-review.com,20170404T130000Z,English,United States
BECCS,BECCS,The Cool Lab,http://peakoil.com/enviroment/the-cool-lab/comment-page-1,peakoil.com,20170403T233000Z,English,United States
BECCS,BECCS,The Cool Lab,http://peakoil.com/enviroment/the-cool-lab,peakoil.com,20170403T204500Z,English,United States
BECCS,BECCS,"Biopower , Part 3 : What Does the Future Hold ?",http://www.theenergycollective.com/benpaulos/2405462/biopower-part-3-future-hold,theenergycollective.com,20170529T161500Z,English,United States
BECCS,BECCS,Scientists skeptical about climate change carbon fix,http://www.heraldandnews.com/news/nation_world/scientists-skeptical-about-climate-change-carbon-fix/article_9050de94-4c9f-5b59-ac3b-caedb5a58a73.html,heraldandnews.com,20170523T144500Z,English,United States
BECCS,BECCS,"Stop hoping we can fix climate change by pulling carbon out of the air , scientists warn",http://www.sltrib.com/home/5319052-155/stop-hoping-we-can-fix-climate,sltrib.com,20170523T003000Z,English,United States
BECCS,BECCS,"Stop hoping we can fix climate change by pulling carbon out of the air , scientists warn",http://www.sltrib.com/home/5319052-155/story.html,sltrib.com,20170522T221500Z,English,United States
BECCS,BECCS,"Stop hoping we can fix climate change by pulling carbon out of the air , scientists warn",https://the-journal.com/articles/48879-stop-hoping-we-can-fix-climate-change-by-pulling-carbon-out-of-the-air-scientists-warn,the-journal.com,20170522T211500Z,English,United States
BECCS,BECCS,"Stop hoping we can fix climate change by pulling carbon out of the air , scientists warn",https://www.washingtonpost.com/news/energy-environment/wp/2017/05/22/stop-hoping-we-can-fix-climate-change-by-pulling-carbon-out-of-the-air-scientists-warn/,washingtonpost.com,20170522T193000Z,English,United States
BECCS,BECCS,Focus on carbon removal a  high,http://www.salon.com/2017/05/20/focus-on-carbon-removal-a-high-stakes-gamble_partner/,salon.com,20170520T110000Z,English,United States
BECCS,BECCS,Focus on Carbon Removal a  High,http://www.climatecentral.org/news/focus-on-carbon-removal-high-stakes-gamble-21456,climatecentral.org,20170518T233000Z,English,United States
BECCS,BECCS,Bachelor Nation Becca Tilley and Robert Graham Break Up,http://www.eonline.com/ca/news/854168/bachelor-nation-s-becca-tilley-and-robert-graham-break-up,eonline.com,20170518T211500Z,English,United States
BECCS,BECCS,Bachelor Nation Becca Tilley and Robert Graham Break Up,http://www.eonline.com/uk/news/854170/bachelor-nation-s-becca-tilley-and-robert-graham-break-up,eonline.com,20170518T204500Z,English,United States
BECCS,BECCS,Bachelor Nation Becca Tilley and Robert Graham Break Up,http://www.eonline.com/news/854162/bachelor-nation-s-becca-tilley-and-robert-graham-break-up,eonline.com,20170518T201500Z,English,United States
BECCS,BECCS,Negative CO2 Emissions : Making it Real,http://www.theenergycollective.com/munson/2404503/negative-co2-emissions-making-real,theenergycollective.com,20170517T173000Z,English,United States
BECCS,BECCS,Limits to Economic Growth,http://peakoil.com/enviroment/limits-to-economic-growth/comment-page-1,peakoil.com,20170512T161500Z,English,United States
BECCS,BECCS,Limits to Economic Growth,http://peakoil.com/enviroment/limits-to-economic-growth,peakoil.com,20170512T153000Z,English,United States
BECCS,BECCS,The World at 1℃ — April  17,http://www.resilience.org/stories/2017-05-11/the-world-at-1%E2%84%83%E2%80%8A-%E2%80%8Aapril-17/,resilience.org,20170511T123000Z,English,United States
BECCS,BECCS,No country on Earth is taking the 2 degree climate target seriously,https://www.vox.com/2016/10/4/13118594/2-degrees-no-more-fossil-fuels,vox.com,20170501T114500Z,English,United States
BECCS,BECCS,Cellulosic biofuel contributions to a sustainable energy future : Choices and outcomes,http://science.sciencemag.org/content/356/6345/eaal2324,science.sciencemag.org,20170629T184500Z,English,United States
BECCS,BECCS,Interview with Bio,http://www.theenergycollective.com/karelbeckman/2407088/interview-bio-energy-expert-andre-faaij-much-nonsense-told-high-time-real-story,theenergycollective.com,20170621T180000Z,English,United States
BECCS,BECCS,The World at 1°C — May  17,http://www.resilience.org/stories/2017-06-15/the-world-at-1c%E2%80%8A-%E2%80%8Amay-17/,resilience.org,20170615T141500Z,English,United States
BECCS,BECCS,Coal Is a Dinosaur and so is the Growth Economy,http://www.resilience.org/stories/2017-06-15/coal-dinosaur-growth-economy/,resilience.org,20170615T141500Z,English,United States
BECCS,BECCS,Meeting Paris Pledges would Prevent at least 1C of Global Warming,http://www.resilience.org/stories/2017-06-07/meeting-paris-pledges/,resilience.org,20170607T150000Z,English,United States
BECCS,BECCS,IEA : World Can Reach Net Zero Emissions by 2060 to Meet Paris Climate Goals,http://www.environmentguru.com/pages/elements/element.aspx?id=5009965,environmentguru.com,20170606T161500Z,English,United States
BECCS,BECCS,IEA : World Can Reach  Net Zero  Emissions by 2060 to Meet Paris Climate Goals,https://www.ecowatch.com/paris-agreement-climate-goals-2434559889.html,ecowatch.com,20170606T153000Z,English,United States
BECCS,BECCS,"Stop hoping we can fix climate change by pulling carbon out of the air , scientists warn",https://www.fredericknewspost.com/news/environment/stop-hoping-we-can-fix-climate-change-by-pulling-carbon/article_df054e52-e6bb-54c0-aec5-b220edaf005c.html,fredericknewspost.com,20170602T010000Z,English,United States
BECCS,BECCS,Weekly Climate and Energy News Roundup # 279,https://wattsupwiththat.com/2017/07/31/weekly-climate-and-energy-news-roundup-279/,wattsupwiththat.com,20170731T163000Z,English,United States
BECCS,BECCS,Weekly Climate and Energy News Roundup # 279,https://wattsupwiththat.com/2017/07/31/weekly-climate-and-energy-news-roundup-279/comment-page-1/,wattsupwiththat.com,20170731T163000Z,English,United States
BECCS,BECCS,"Young people ’ s burden : requirement of negative CO2 emissions –  A current narrative , that humanity has turned the corner and is moving toward solving the global warming problem , is wrong",http://www.desdemonadespair.net/2017/07/young-peoples-burden-requirement-of.html,desdemonadespair.net,20170729T213000Z,English,United States
BECCS,BECCS,"If we dont Dump Fossil Fuels * Now *, were Sticking our Kids with 0 Trillion in Debt",https://www.juancole.com/2017/07/fossil-sticking-trillion.html,juancole.com,20170723T050000Z,English,United States
BECCS,BECCS,How Much Will Climate Change Cost Future Generations ?,http://www.ibtimes.com/how-much-will-climate-change-cost-future-generations-2569149,ibtimes.com,20170722T023000Z,English,United States
BECCS,BECCS,Backdraft # 8 : Simon Nicholson on Climate Engineering,https://www.newsecuritybeat.org/2017/07/backdraft-8-simon-nicholson-climate-engineering/,newsecuritybeat.org,20170721T074500Z,English,United States
BECCS,BECCS,8 Ways to Sequester Carbon to Avoid Climate Catastrophe,https://www.ecowatch.com/carbon-sequestration-2461971411.html,ecowatch.com,20170719T201500Z,English,United States
BECCS,BECCS,Climate change will cost future generations trillions,http://www.businessinsider.com/climate-change-will-cost-future-generations-trillions-2017-7,businessinsider.com,20170718T181500Z,English,United States
BECCS,BECCS,Inaction on climate change risks leaving future generations $530 trillion in debt,http://theconversation.com/inaction-on-climate-change-risks-leaving-future-generations-530-trillion-in-debt-81134,theconversation.com,20170718T160000Z,English,United States
BECCS,BECCS,Increasing Ambition with Blue Carbon : Protecting Coastal Wetland Ecosystems as a Carbon Dioxide Removal Strategy to Meet the Paris Agreement Goals,https://www.environmentguru.com/pages/elements/element.aspx?id=5378843,environmentguru.com,20170825T211500Z,English,United States
BECCS,BECCS,"To Avoid Climate Catastrophe , Well Need to Remove CO2 From the Air",http://www.truth-out.org/news/item/41718-to-avoid-climate-catastrophe-we-ll-need-to-remove-co2-from-the-air,truth-out.org,20170825T174500Z,English,United States
BECCS,BECCS,Understanding Climate Engineering,http://carnegieendowment.org/publications/?fa=72846,carnegieendowment.org,20170821T204500Z,English,United States
BECCS,BECCS,Irish Sun,http://www.irishsun.com/news/254429603/world-has-missed-chance-to-avoid-dangerous-global-warming,irishsun.com,20170821T183000Z,English,United States
BECCS,BECCS,We have to bury gigatons of carbon to slow climate change . Were not even close to ready .,https://www.vox.com/energy-and-environment/2017/8/18/16166014/negative-emissions,vox.com,20170818T181500Z,English,United States
BECCS,BECCS,Bioenergy carbon capture and storage plants  should be inefficient,http://environmentalresearchweb.org/cws/article/news/69693,environmentalresearchweb.org,20170815T111500Z,English,United States
BECCS,BECCS,Chemical looping combustion for CO2,https://phys.org/news/2017-08-chemical-looping-combustion-co2-neutral-gas.html,phys.org,20170809T113000Z,English,United States
BECCS,BECCS,International Institute For Applied Systems Analysis,https://wn.com/International_Institute_for_Applied_Systems_Analysis,wn.com,20170919T014500Z,English,United States
BECCS,BECCS,environmentalresearchweb blog,http://blog.environmentalresearchweb.org/2017/09/09/bioenergy-new-blooms-but-also-prunings/,blog.environmentalresearchweb.org,20170911T040000Z,English,United States
BECCS,BECCS,The Beauty of Biomass,http://peakoil.com/alternative-energy/the-beauty-of-biomass/comment-page-1,peakoil.com,20170904T200000Z,English,United States
BECCS,BECCS,environmentalresearchweb blog,http://blog.environmentalresearchweb.org/2017/09/02/beccs-10-of-uk-energy-net-carbon-cuts/,blog.environmentalresearchweb.org,20170904T011500Z,English,United States
BECCS,BECCS,The Beauty of Biomass,http://peakoil.com/alternative-energy/the-beauty-of-biomass,peakoil.com,20170903T203000Z,English,United States
BECCS,BECCS,"What do you get when you mix Coffee , Water and Music ?",https://www.popdust.com/coffee-music-project-waterfall-songwriter-competition-2498069853.html,popdust.com,20171031T124500Z,English,United States
BECCS,BECCS,Why We Need Negative Emissions Technology — But It No Silver Bullet,https://singularityhub.com/2017/10/19/why-we-need-negative-emissions-tech-but-its-no-silver-bullet/,singularityhub.com,20171019T163000Z,English,United States
BECCS,BECCS,"Geoengineering : Will we Science our way out of climate change , or end up with a  Geostorm ?",http://redgreenandblue.org/2017/10/16/geoengineering-will-science-way-climate-change-end-geostorm/,redgreenandblue.org,20171016T234500Z,English,United States
BECCS,BECCS,Geo,https://cleantechnica.com/2017/10/16/geo-engineering-can-science-way-climate-catastrophe/,cleantechnica.com,20171016T164500Z,English,United States
BECCS,BECCS,Carbon,http://news.trust.org/item/20171010175429-zazqr/,news.trust.org,20171014T131500Z,English,United States
BECCS,BECCS,"UK releases Clean Growth Strategy , plans next CfD auction",http://biomassmagazine.com/articles/14749/uk-releases-clean-growth-strategy-plans-next-cfd-auction,biomassmagazine.com,20171013T091500Z,English,United States
BECCS,BECCS,"UK releases Clean Growth Strategy , plans next CfD auction",http://biomassmagazine.com/articles/14749/uk-releases-clean-growth-strategy-plans-next-cfd-auction/,biomassmagazine.com,20171013T030000Z,English,United States
BECCS,BECCS,Carbon,https://news.trust.org/item/20171010175429-zazqr,news.trust.org,20171012T201500Z,English,United States
BECCS,BECCS,"UK releases Clean Growth Strategy , plans next CfD auction",http://www.biomassmagazine.com/articles/14749/uk-releases-clean-growth-strategy-plans-next-cfd-auction,biomassmagazine.com,20171012T193000Z,English,United States
BECCS,BECCS,Plan B : Seven ways to engineer the climate,https://www.yahoo.com/news/plan-b-seven-ways-engineer-climate-112457921.html,yahoo.com,20171012T131500Z,English,United States
BECCS,BECCS,Carbon,https://af.reuters.com/article/energyOilNews/idAFL8N1ML59P,af.reuters.com,20171012T121500Z,English,United States
BECCS,BECCS,"Thomson Reuters Foundation :  World Needs  Carbon Sucking  Technology by 2030s , Scientists Warn",http://yaleglobal.yale.edu/content/thomson-reuters-foundation-world-needs-carbon-sucking-technology-2030s-scientists-warn,yaleglobal.yale.edu,20171011T181500Z,English,United States
BECCS,BECCS,Carbon,http://news.trust.org/item/20171010175429-zazqr,news.trust.org,20171011T181500Z,English,United States
BECCS,BECCS,Carbon,http://www.reuters.com/article/us-climatechange-geoengineering/carbon-sucking-technology-needed-by-2030s-scientists-warn-idUSKBN1CF2KY,reuters.com,20171011T181500Z,English,United States
BECCS,BECCS,Carbon,https://uk.reuters.com/article/climatechange-geoengineering/carbon-sucking-technology-needed-by-2030s-scientists-warn-idUKL8N1ML59P,uk.reuters.com,20171011T181500Z,English,United States
BECCS,BECCS,Plan B : Seven ways to engineer the climate Yahoo7 News,https://au.news.yahoo.com/world/a/37431579/plan-b-seven-ways-to-engineer-the-climate/,au.news.yahoo.com,20171011T141500Z,English,United States
BECCS,BECCS,Plan B : Seven ways to engineer the climate,https://phys.org/news/2017-10-ways-climate.html,phys.org,20171011T123000Z,English,United States
BECCS,BECCS,Plan B : Seven ways to engineer the climate,http://www.digitaljournal.com/news/world/plan-b-seven-ways-to-engineer-the-climate/article/504757,digitaljournal.com,20171011T123000Z,English,United States
BECCS,BECCS,Carbon,https://in.reuters.com/article/climatechange-geoengineering/carbon-sucking-technology-needed-by-2030s-scientists-warn-idINL8N1ML59P,in.reuters.com,20171011T090000Z,English,United States
BECCS,BECCS,Carbon,https://news.trust.org/item/20171010175429-zazqr/,news.trust.org,20171011T073000Z,English,United States
BECCS,BECCS,Carbon,https://www.reuters.com/article/us-climatechange-geoengineering/carbon-sucking-technology-needed-by-2030s-scientists-warn-idUSKBN1CF2KY,reuters.com,20171010T234500Z,English,United States
BECCS,BECCS,Carbon,http://in.reuters.com/article/climatechange-geoengineering/carbon-sucking-technology-needed-by-2030s-scientists-warn-idINL8N1ML59P,in.reuters.com,20171010T234500Z,English,United States
BECCS,BECCS,COP23 : From the Gap to the Precipice,http://internationalviewpoint.org/spip.php?article5308,internationalviewpoint.org,20171230T080000Z,English,United States
BECCS,BECCS,"Is the 2°C world a fantasy ? : Environment , Weather & Climate",http://peakoil.com/forums/viewtopic.php?p=1385697,peakoil.com,20171227T083000Z,English,United States
BECCS,BECCS,"Is the 2°C world a fantasy ? : Environment , Weather & Climate",http://peakoil.com/forums/viewtopic.php?p=1385185,peakoil.com,20171223T053000Z,English,United States
BECCS,BECCS,"Is the 2°C world a fantasy ? : Environment , Weather & Climate",http://peakoil.com/forums/viewtopic.php?p=1385167,peakoil.com,20171223T010000Z,English,United States
BECCS,BECCS,"Is the 2°C world a fantasy ? : Environment , Weather & Climate",http://peakoil.com/forums/viewtopic.php?p=1385129,peakoil.com,20171222T203000Z,English,United States
BECCS,BECCS,Human impacts on forests and grasslands much larger and older than previously assumed,https://phys.org/news/2017-12-human-impacts-forests-grasslands-larger.html,phys.org,20171221T131500Z,English,United States
BECCS,BECCS,In Defense of Degrowth,https://www.counterpunch.org/2017/12/21/in-defense-of-degrowth/,counterpunch.org,20171221T103000Z,English,United States
BECCS,BECCS,Scientists present a sweeping new estimate of how much humans have altered the planet,http://www.courant.com/nation-world/ct-science-humans-climate-planet-20171220-story.html,courant.com,20171221T034500Z,English,United States
BECCS,BECCS,Scientists present a sweeping new estimate of how much humans have altered the planet,http://www.carrollcountytimes.com/ct-science-humans-climate-planet-20171220-story.html,carrollcountytimes.com,20171221T024500Z,English,United States
BECCS,BECCS,Scientists present a sweeping new estimate of how much humans have altered the planet,http://www.baltimoresun.com/news/maryland/environment/ct-science-humans-climate-planet-20171220-story.html,baltimoresun.com,20171221T010000Z,English,United States
BECCS,BECCS,Scientists present a sweeping new estimate of how much humans have altered the planet,http://www.chicagotribune.com/news/nationworld/science/ct-science-humans-climate-planet-20171220-story.html,chicagotribune.com,20171221T010000Z,English,United States
BECCS,BECCS,Scientists present a sweeping new estimate of how much humans have altered the planet,http://www.sun-sentinel.com/news/nationworld/ct-science-humans-climate-planet-20171220-story.html,sun-sentinel.com,20171221T004500Z,English,United States
BECCS,BECCS,Scientists present a sweeping new estimate of how much humans have altered the planet,http://www.orlandosentinel.com/news/space/go-for-launch/ct-science-humans-climate-planet-20171220-story.html,orlandosentinel.com,20171221T001500Z,English,United States
BECCS,BECCS,Scientists just presented a sweeping new estimate of how much humans have altered the planet,https://www.washingtonpost.com/news/energy-environment/wp/2017/12/20/scientists-present-a-sweeping-new-estimate-of-how-much-humans-have-altered-the-planet/,washingtonpost.com,20171220T211500Z,English,United States
BECCS,BECCS,Scientists present a sweeping new estimate of how much humans have altered the planet,http://www.mysanantonio.com/news/article/Scientists-present-a-sweeping-new-estimate-of-how-12445124.php,mysanantonio.com,20171220T203000Z,English,United States
BECCS,BECCS,"Wales can tackle climate change while protecting industry , jobs and future generations",https://www.environmentguru.com/pages/elements/element.aspx?id=5886916,environmentguru.com,20171219T040000Z,English,United States
BECCS,BECCS,"The Christian Science Monitor Daily for December 12 , 2017",https://www.csmonitor.com/Daily/2017/20171212,csmonitor.com,20171213T023000Z,English,United States
BECCS,BECCS,After the pledge : Scientists scramble to make politician climate goals a reality,https://www.csmonitor.com/Environment/2017/1212/After-the-pledge-Scientists-scramble-to-make-politicians-climate-goals-a-reality,csmonitor.com,20171212T144500Z,English,United States
BECCS,BECCS,The Dirty Secret of the IPCC Plan to Avert Climate Disaster : BECCS ( Carbon Capture Technology ) Doesnt Yet Exist .,https://www.wired.com/story/the-dirty-secret-of-the-worlds-plan-to-avert-climate-disaster/,wired.com,20171210T130000Z,English,United States
BECCS,BECCS,Advanced BioFuels united states » Bioenergy and Biofuels Key to Low,https://advancedbiofuelsusa.info/bioenergy-and-biofuels-key-to-low-carbon-future-scientist-argues/,advancedbiofuelsusa.info,20171207T061500Z,English,United States
BECCS,BECCS,Why Branko Milanovic is Wrong about De,http://www.resilience.org/stories/2017-12-06/branko-milanovic-wrong-de-growth/,resilience.org,20171206T153000Z,English,United States
BECCS,BECCS,An Implementation Plan for CCS and CCU in Europe,https://worldview.stratfor.com/article/implementation-plan-ccs-and-ccu-europe,worldview.stratfor.com,20171205T093000Z,English,United States
BECCS,BECCS,NETs will not compensate for inadequate climate change mitigation efforts : EASAC report,https://www.eurekalert.org/pub_releases/2018-01/eas-nwn013118.php,eurekalert.org,20180131T234500Z,English,United States
BECCS,BECCS,"Climate - altering technology designed to sequester carbon dioxide could cause catastrophic destruction of life , scientists warn",https://www.naturalnews.com/2018-01-30-climate-altering-technology-carbon-dioxide-could-cause-catastrophic-destruction.html,naturalnews.com,20180130T213000Z,English,United States
BECCS,BECCS,The Energy 202 : Republicans love NASA . But why do they doubt its climate science ?,https://www.washingtonpost.com/news/powerpost/paloma/the-energy-202/2018/01/23/the-energy-202-republicans-love-nasa-but-why-do-they-doubt-its-climate-science/5a664e3930fb0469e88402eb/,washingtonpost.com,20180123T151500Z,English,United States
BECCS,BECCS,"A technology many hoped would fight climate change would cause even bigger environmental problems , scientists say",http://www.orlandosentinel.com/news/nationworld/ct-climate-change-technology-20180122-story.html,orlandosentinel.com,20180122T234500Z,English,United States
BECCS,BECCS,"A technology many hoped would fight climate change would cause even bigger environmental problems , scientists say",http://www.sandiegouniontribune.com/news/nation-world/ct-climate-change-technology-20180122-story.html,sandiegouniontribune.com,20180122T234500Z,English,United States
BECCS,BECCS,"A technology many hoped would fight climate change would cause even bigger environmental problems , scientists say",http://www.chicagotribune.com/news/nationworld/science/ct-climate-change-technology-20180122-story.html,chicagotribune.com,20180122T233000Z,English,United States
BECCS,BECCS,"A technology many hoped would fight climate change would cause even bigger environmental problems , scientists say",http://www.lmtonline.com/news/article/A-technology-many-hoped-would-fight-climate-12515915.php,lmtonline.com,20180122T220000Z,English,United States
BECCS,BECCS,"A technology many hoped would fight climate change would cause even bigger environmental problems , scientists say",https://www.washingtonpost.com/news/energy-environment/wp/2018/01/22/a-technology-many-hoped-would-fight-climate-change-would-cause-even-bigger-environmental-problems-scientists-say/,washingtonpost.com,20180122T210000Z,English,United States
BECCS,BECCS,"Geoengineering Carries  Large Risk for the Natural World , Studies Show",https://www.ecowatch.com/geoengineering-risks-2527748311.html,ecowatch.com,20180122T203000Z,English,United States
BECCS,BECCS,"International Climate Negotiations Pt . 2 ( merged ) : Environment , Weather & Climate - Page 23",http://peakoil.com/forums/viewtopic.php?p=1387846,peakoil.com,20180117T044500Z,English,United States
BECCS,BECCS,"International Climate Negotiations Pt . 2 ( merged ) : Environment , Weather & Climate - Page 23",http://peakoil.com/forums/viewtopic.php?p=1387810,peakoil.com,20180116T234500Z,English,United States
BECCS,BECCS,"International Climate Negotiations Pt . 2 ( merged ) : Environment , Weather & Climate - Page 23",http://peakoil.com/forums/viewtopic.php?p=1387762,peakoil.com,20180116T184500Z,English,United States
BECCS,BECCS,Bad Air to Better Oceans : 6 Environment and Development Stories to Watch in 2018,http://www.wri.org/blog/2018/01/bad-air-better-oceans-6-environment-and-development-stories-watch-2018,wri.org,20180116T183000Z,English,United States
BECCS,BECCS,Thinking ‘ outside the box on climate mitigation,https://wattsupwiththat.com/2018/01/15/thinking-outside-the-box-on-climate-mitigation/,wattsupwiththat.com,20180116T031500Z,English,United States
BECCS,BECCS,Thinking ‘ outside the box on climate mitigation,https://wattsupwiththat.com/2018/01/15/thinking-outside-the-box-on-climate-mitigation/comment-page-1/,wattsupwiththat.com,20180116T031500Z,English,United States
BECCS,BECCS,"International Climate Negotiations Pt . 2 ( merged ) : Environment , Weather & Climate - Page 23",http://peakoil.com/forums/viewtopic.php?p=1387710,peakoil.com,20180116T001500Z,English,United States
BECCS,BECCS,Thinking outside the box on climate mitigation,https://phys.org/news/2018-01-climate-mitigation.html,phys.org,20180115T113000Z,English,United States
BECCS,BECCS,Thinking outside the box on climate mitigation,https://eurekalert.org/pub_releases/2018-01/iifa-tot011218.php,eurekalert.org,20180113T000000Z,English,United States
BECCS,BECCS,Climate Change News : Thinking outside the box on climate mitigation,http://www.enn.com/climate/article/53644,enn.com,20180112T204500Z,English,United States
BECCS,BECCS,Technologies Addressing Climate Change : Atmostpheric Carbon Dioxide Removal – satPRnews,http://www.satprnews.com/2018/01/10/technologies-addressing-climate-change-atmostpheric-carbon-dioxide-removal/,satprnews.com,20180110T081500Z,English,United States
BECCS,BECCS,Technologies Addressing Climate Change : Atmostpheric Carbon Dioxide Removal – MilTech,http://www.military-technologies.net/2018/01/10/technologies-addressing-climate-change-atmostpheric-carbon-dioxide-removal/,military-technologies.net,20180110T020000Z,English,United States
BECCS,BECCS,"International Climate Negotiations Pt . 2 ( merged ) : Environment , Weather & Climate",http://peakoil.com/forums/viewtopic.php?p=1386435,peakoil.com,20180103T003000Z,English,United States
BECCS,BECCS,Shell Plan to Save Us From Climate Change Makes a Dangerous Assumption,https://www.popularmechanics.com/science/environment/a19609574/shell-carbon-capture-plan/,popularmechanics.com,20180327T224500Z,English,United States
BECCS,BECCS,How Bill Gates aims to clean up the planet | Environment / Nature,http://axisoflogic.com/artman/publish/Article_79200.shtml,axisoflogic.com,20180326T153000Z,English,United States
BECCS,BECCS,The Paris Climate Accords Are Starting to Look Like Fantasy,http://nymag.com/daily/intelligencer/2018/03/the-paris-climate-accords-are-starting-to-look-like-fantasy.html,nymag.com,20180326T011500Z,English,United States
BECCS,BECCS,Counterpoint : Standard needs reboot but shouldnt end - Opinion - Hendersonville Times - News,http://www.blueridgenow.com/opinion/20180325/counterpoint-standard-needs-reboot-but-shouldnt-end,blueridgenow.com,20180325T071500Z,English,United States
BECCS,BECCS,The 11 Best Things to Do in NYC This Weekend,https://www.metro.us/things-to-do/new-york/sex-ed-wine-free-carnival-rides-more-things-to-do-in-nyc,metro.us,20180321T204500Z,English,United States
BECCS,BECCS,"Extend renewable fuel standard with biomass instead of corn , says Michael E . Kraft | Their View",http://www.pressofatlanticcity.com/opinion/commentary/extend-renewable-fuel-standard-with-biomass-instead-of-corn-says/article_a498a064-d22d-5e50-a479-b76a6ac72c88.html,pressofatlanticcity.com,20180321T043000Z,English,United States
BECCS,BECCS,Taking Greenhouse Gases from the Sky : 7 Things to Know About Carbon Removal,http://www.wri.org/blog/2018/03/taking-greenhouse-gases-sky-7-things-know-about-carbon-removal,wri.org,20180319T161500Z,English,United States
BECCS,BECCS,2018 SkS Weekly Climate Change & Global Warming News Roundup Number 11,https://www.environmentguru.com/pages/elements/element.aspx?id=6289025,environmentguru.com,20180318T013000Z,English,United States
BECCS,BECCS,Keep revamped ethanol requirement | Columnists,http://www.theeagle.com/opinion/columnists/keep-revamped-ethanol-requirement/article_ed95762a-2955-11e8-9820-0f2b248566a0.html,theeagle.com,20180317T073000Z,English,United States
BECCS,BECCS,Advanced BioFuels united states » CON : Keep the Renewable Fuel Standard but Reboot It by Using Bio - Masses instead of Corn,https://advancedbiofuelsusa.info/con-keep-the-renewable-fuel-standard-but-reboot-it-by-using-bio-masses-instead-of-corn/,advancedbiofuelsusa.info,20180316T191500Z,English,United States
BECCS,BECCS,The Paris Agreement is deeply flawed - it time for a new deal | Environment,https://www.aljazeera.com/indepth/opinion/paris-agreement-deeply-flawed-time-deal-180316115219671.html,aljazeera.com,20180316T170000Z,English,United States
BECCS,BECCS,Is it time to end the renewable fuel standard that requires ethanol in gasoline ? | Columns,http://www.cecildaily.com/opinion/columns/is-it-time-to-end-the-renewable-fuel-standard-that/article_d71a77bf-c272-5ba4-a7af-d73c9ff9babb.html,cecildaily.com,20180316T091500Z,English,United States
BECCS,BECCS,"Pro - Con : Dont end renewable fuels ; update rules - Opinion - The Daily Telegram - Adrian , MI",http://www.lenconnect.com/opinion/20180315/pro-con-dont-end-renewable-fuels-update-rules,lenconnect.com,20180316T011500Z,English,United States
BECCS,BECCS,Pro - Con :  Is it time to end the renewable fuel standard that requires ethanol in gasoline ?,http://www.tri-cityherald.com/opinion/editorials/article205400704.html,tri-cityherald.com,20180315T231500Z,English,United States
BECCS,BECCS,New Scenarios Show How the World Could Limit Warming to 1 . 5C in 2100,http://www.theenergycollective.com/desmog/2428569/new-scenarios-show-world-limit-warming-1-5c-2100,theenergycollective.com,20180315T160000Z,English,United States
BECCS,BECCS,Tree Farms Will Not Save Us from Global Warming,https://www.scientificamerican.com/article/tree-farms-will-not-save-us-from-global-warming/,scientificamerican.com,20180313T174500Z,English,United States
BECCS,BECCS,"Climate change , global warming , public health , economy , human condition , climate migrants",http://www.homelandsecuritynewswire.com/dr20180313-several-ways-limit-global-temperature-rise-to-1-5-c,homelandsecuritynewswire.com,20180313T161500Z,English,United States
BECCS,BECCS,New scenarios show how the world could limit warming to 1 . 5C in 2100,https://skepticalscience.com/new-scenarios-how-world-limit-warming.html,skepticalscience.com,20180313T154500Z,English,United States
BECCS,BECCS,"GEOENGINEERING : Models assume well cover Earth in trees . That a problem -- Tuesday , March 13 , 2018",https://www.eenews.net/stories/1060076159,eenews.net,20180313T143000Z,English,United States
BECCS,BECCS,New Scenarios Show How the World Could Limit Warming to 1 . 5C in 2100,https://www.desmogblog.com/2018/03/13/new-scenarios-show-how-world-could-limit-warming-1-5c-2100,desmogblog.com,20180313T080000Z,English,United States
BECCS,BECCS,Setting expectations for negative - emission systems in U . S . to protect climate,https://energy.stanford.edu/news/setting-expectations-negative-emission-systems-us-protect-climate,energy.stanford.edu,20180313T003000Z,English,United States
BECCS,BECCS,Up in smoke : We need to pay more attention to disappearing trees,https://www.salon.com/2018/03/12/up-in-smoke_partner/,salon.com,20180312T153000Z,English,United States
BECCS,BECCS,Up in Smoke,http://www.resilience.org/stories/2018-03-09/up-in-smoke/,resilience.org,20180309T143000Z,English,United States
BECCS,BECCS,Models show how to limit global temperature rise to 1 . 5°C,https://www.sciencedaily.com/releases/2018/03/180305111539.htm,sciencedaily.com,20180305T221500Z,English,United States
BECCS,BECCS,Models show how to limit global temperature rise to 1 . 5°C,https://www.eurekalert.org/pub_releases/2018-03/iifa-msh030218.php,eurekalert.org,20180305T190000Z,English,United States
BECCS,BECCS,Models show how to limit global temperature rise to 1 . 5 C,https://phys.org/news/2018-03-limit-global-temperature.html,phys.org,20180305T180000Z,English,United States
BECCS,BECCS,"The Weekend Wonk : Enhanced Weathering – Rock Dust , Soils , and Climate",https://climatecrocks.com/2018/03/03/the-weekend-wonk-enhanced-weathering-rock-dust-soils-and-climate/,climatecrocks.com,20180303T201500Z,English,United States
BECCS,BECCS,Advanced BioFuels united states » Bioenergy with Carbon Capture and Storage ( BECCS ),https://advancedbiofuelsusa.info/tag/bioenergy-with-carbon-capture-and-storage-beccs/,advancedbiofuelsusa.info,20180428T154500Z,English,United States
BECCS,BECCS,microalgae Archives,http://www.innovationtoronto.com/category/microalgae/,innovationtoronto.com,20180427T141500Z,English,United States
BECCS,BECCS,Ethanol Producer Magazine,http://www.ethanolproducer.com/articles/15236/llnl-maps-out-deployment-of-ccs-for-ethanol-production,ethanolproducer.com,20180426T214500Z,English,United States
BECCS,BECCS,Advanced BioFuels united states » Carbon Capture Could Be a Financial Opportunity for US Biofuels,https://advancedbiofuelsusa.info/carbon-capture-could-be-a-financial-opportunity-for-us-biofuels/,advancedbiofuelsusa.info,20180425T160000Z,English,United States
BECCS,BECCS,Carbon capture could pay off for biofuel plants,https://www.futurity.org/carbon-capture-1739652/,futurity.org,20180425T134500Z,English,United States
BECCS,BECCS,Stanford researchers lead work on leveraging BECCS for ethanol producers,http://www.biofuelsdigest.com/bdigest/2018/04/24/stanford-researchers-lead-work-on-leveraging-beccs-for-ethanol-producers/,biofuelsdigest.com,20180425T021500Z,English,United States
BECCS,BECCS,How  Shared Socioeconomic Pathway Explore Future Climate Change,http://www.resilience.org/stories/2018-04-24/how-shared-socioeconomic-pathways-explore-future-climate-change/,resilience.org,20180424T143000Z,English,United States
BECCS,BECCS,Carbon capture could be a financial opportunity for US biofuels,https://eurekalert.org/pub_releases/2018-04/su-ccc041918.php,eurekalert.org,20180424T070000Z,English,United States
BECCS,BECCS,Carbon capture could be a financial opportunity for US biofuels,https://www.sciencedaily.com/releases/2018/04/180423155106.htm,sciencedaily.com,20180423T231500Z,English,United States
BECCS,BECCS,Carbon capture could be a financial opportunity for US biofuels,https://www.eurekalert.org/pub_releases/2018-04/su-ccc041918.php,eurekalert.org,20180423T210000Z,English,United States
BECCS,BECCS,The world needs to store billions of tons of carbon . It could start off in a surprising place .,https://www.sfgate.com/news/article/The-world-needs-to-store-billions-of-tons-of-12857873.php,sfgate.com,20180423T210000Z,English,United States
BECCS,BECCS,The world needs to store billions of tons of carbon . It could start off in a surprising place .,https://www.washingtonpost.com/news/energy-environment/wp/2018/04/23/the-world-needs-to-store-billions-of-tons-of-carbon-it-could-start-off-in-a-surprising-place/,washingtonpost.com,20180423T203000Z,English,United States
BECCS,BECCS,The world needs to store billions of tons of carbon . It could start off in a surprising place .,https://www.lmtonline.com/news/article/The-world-needs-to-store-billions-of-tons-of-12857873.php,lmtonline.com,20180423T203000Z,English,United States
BECCS,BECCS,Researchers find carbon capture a financial opportunity for U . S . biofuels,https://scienceblog.com/500487/researchers-find-carbon-capture-a-financial-opportunity-for-u-s-biofuels/,scienceblog.com,20180423T201500Z,English,United States
BECCS,BECCS,Carbon capture could be a financial opportunity for US biofuels,https://phys.org/news/2018-04-carbon-capture-financial-opportunity-biofuels.html,phys.org,20180423T200000Z,English,United States
BECCS,BECCS,Stanford University,http://www.4-traders.com/news/Stanford-University-New-credits-make-carbon-capture-profitable--26410499/,4-traders.com,20180423T200000Z,English,United States
BECCS,BECCS,Duke researchers find that algae could be used to combat climate change,http://www.dukechronicle.com/article/2018/04/duke-researchers-find-algae-could-be-used-to-combat-climate-change,dukechronicle.com,20180423T024500Z,English,United States
BECCS,BECCS,Advanced BioFuels united states » Algae with Bioenergy with Carbon Capture and Storage,https://advancedbiofuelsusa.info/algae-with-bioenergy-with-carbon-capture-and-storage/,advancedbiofuelsusa.info,20180417T050000Z,English,United States
BECCS,BECCS,Combining BECCS and microalgae production to solve world hunger and reduce CO2,http://www.innovationtoronto.com/2018/04/144267/,innovationtoronto.com,20180415T080000Z,English,United States
BECCS,BECCS,"Algae - Forestry , Bioenergy Mix May Help Make CO2 Vanish From Thin Air",https://www.enn.com/articles/54334-algae-forestry-bioenergy-mix-may-help-make-co2-vanish-from-thin-air,enn.com,20180413T180000Z,English,United States
BECCS,BECCS,Universiteit Utrecht,http://www.4-traders.com/news/Universiteit-Utrecht-The-1-5-C-target-can-also-be-met-using-less-negative-emissions--26336275/,4-traders.com,20180413T094500Z,English,United States
BECCS,BECCS,UH - Hilo algae study could lead to reducing CO2 emissions,http://www.hawaiitribune-herald.com/2018/04/12/hawaii-news/uh-hilo-algae-study-could-lead-to-reducing-co2-emissions/,hawaiitribune-herald.com,20180412T104500Z,English,United States
BECCS,BECCS,Paris Agreement : Achieving the Balance,http://theenergycollective.com/davidhone/2430840/paris-agreement-achieving-the-balance,theenergycollective.com,20180411T170000Z,English,United States
BECCS,BECCS,UH Hilo - led algae research could combat climate change – UH Hilo Stories,http://hilo.hawaii.edu/news/stories/2018/04/10/uh-hilo-led-algae-research-could-combat-climate-change/,hilo.hawaii.edu,20180411T044500Z,English,United States
BECCS,BECCS,UH Hilo led algae research may produce energy with negative CO2 emissions,https://www.hawaii247.com/2018/04/10/uh-hilo-led-algae-research-may-produce-energy-with-negative-co2-emissions/,hawaii247.com,20180411T004500Z,English,United States
BECCS,BECCS,"Algae - forestry , bioenergy mix may help make CO2 vanish from thin air",http://news.cornell.edu/stories/2018/04/algae-forestry-bioenergy-mix-may-help-make-co2-vanish-thin-air,news.cornell.edu,20180410T183000Z,English,United States
BECCS,BECCS,"1 . 5°C of Warming is Closer than We Imagine , Just a Decade Away",http://www.resilience.org/stories/2018-04-05/1-5c-of-warming-is-closer-than-we-imagine-just-a-decade-away/,resilience.org,20180405T153000Z,English,United States
BECCS,BECCS,Restricting global warming to 1 . 5C could  halve  risk of biodiversity loss,https://www.environmentguru.com/pages/elements/element.aspx?id=6620215,environmentguru.com,20180601T203000Z,English,United States
BECCS,BECCS,Decarbonising Heavy Industry,https://www.environmentguru.com/pages/elements/element.aspx?id=6617269,environmentguru.com,20180601T043000Z,English,United States
BECCS,BECCS,Decarbonising Heavy Industry,http://peakoil.com/consumption/decarbonising-heavy-industry/comment-page-1,peakoil.com,20180531T231500Z,English,United States
BECCS,BECCS,Decarbonising Heavy Industry,http://peakoil.com/consumption/decarbonising-heavy-industry,peakoil.com,20180531T231500Z,English,United States
BECCS,BECCS,Restricting global warming to 1 . 5C could  halve  risk of biodiversity loss,https://skepticalscience.com/restricting-15C-halve-biodiversity-loss.html,skepticalscience.com,20180531T173000Z,English,United States
BECCS,BECCS,UK government CCS team visits Drax Power Station,http://biomassmagazine.com/articles/15331/uk-government-ccs-team-visits-drax-power-station,biomassmagazine.com,20180531T020000Z,English,United States
BECCS,BECCS,UK government CCS team visits Drax Power Station,http://www.biomassmagazine.com/articles/15331/uk-government-ccs-team-visits-drax-power-station,biomassmagazine.com,20180530T011500Z,English,United States
BECCS,BECCS,2018 SkS Weekly Climate Change & Global Warming News Roundup Number 21,https://www.environmentguru.com/pages/elements/element.aspx?id=6596552,environmentguru.com,20180526T183000Z,English,United States
BECCS,BECCS,Drax commences pioneering carbon capture and storage project,https://www.powerengineeringint.com/articles/2018/05/drax-commences-pioneering-carbon-capture-and-storage-project.html,powerengineeringint.com,20180525T191500Z,English,United States
BECCS,BECCS,Drax : 25 May 2018 - Government Carbon Capture and Storage Team visits Drax Power Station,http://www.4-traders.com/DRAX-GROUP-PLC-4006894/news/Drax-25-May-2018-Government-Carbon-Capture-and-Storage-Team-visits-Drax-Power-Station-26654910/,4-traders.com,20180525T101500Z,English,United States
BECCS,BECCS,USGBC New York Chapter,http://www.4-traders.com/news/USGBC-New-York-Chapter-The-Case-for-Carbon-Removal--26641856/,4-traders.com,20180523T143000Z,English,United States
BECCS,BECCS,Panorama - Drax to Use C - Capture Technology in Europe ? s First BECCS Project,https://www.renewableenergymagazine.com/panorama/drax-to-use-ccapture-technology-in-europea-20180522,renewableenergymagazine.com,20180522T160000Z,English,United States
BECCS,BECCS,UK Drax to pilot new chemistry to capture CO2 from biomass – Kallanish Energy News,http://www.kallanishenergy.com/2018/05/22/uks-drax-to-pilot-new-chemistry-to-capture-co2-from-biomass/,kallanishenergy.com,20180522T074500Z,English,United States
BECCS,BECCS,Drax to pilot Europe first carbon capture storage project,http://biomassmagazine.com/articles/15321/drax-to-pilot-europeundefineds-first-carbon-capture-storage-project,biomassmagazine.com,20180521T233000Z,English,United States
BECCS,BECCS,Drax to pilot Europe first carbon capture storage project,http://www.biomassmagazine.com/articles/15321/drax-to-pilot-europeundefineds-first-carbon-capture-storage-project,biomassmagazine.com,20180521T233000Z,English,United States
BECCS,BECCS,Can We Burn Our Way To A Cleaner Planet ?,https://cleantechnica.com/2018/05/21/can-we-burn-our-way-to-a-cleaner-planet/,cleantechnica.com,20180521T233000Z,English,United States
BECCS,BECCS,European Markets Climbed As Trade War Concerns Ease,http://www.rttnews.com/2897138/european-markets-climbed-as-trade-war-concerns-ease.aspx,rttnews.com,20180521T220000Z,English,United States
BECCS,BECCS,Human race just 0 . 01 % of all life but has destroyed over 80 % of wild mammals - study,https://article.wn.com/view/2018/05/21/Human_race_just_001_of_all_life_but_has_destroyed_over_80_of/,article.wn.com,20180521T213000Z,English,United States
BECCS,BECCS,Drax to trial capturing carbon from biomass generation,https://renewablesnow.com/news/drax-to-trial-capturing-carbon-from-biomass-generation-613345/,renewablesnow.com,20180521T143000Z,English,United States
BECCS,BECCS,Futures Pointing To Initial Strength On Wall Street,http://www.rttnews.com/story.aspx?Id=2897091,rttnews.com,20180521T143000Z,English,United States
BECCS,BECCS,European Shares Rise As Trade War Fears Recede,http://www.rttnews.com/story.aspx?Id=2896966,rttnews.com,20180521T141500Z,English,United States
BECCS,BECCS,European Shares Rise As Trade War Fears Recede,http://www.rttnews.com/2896966/european-shares-rise-as-trade-war-fears-recede.aspx,rttnews.com,20180521T133000Z,English,United States
BECCS,BECCS,FTSE 100 Hits New Record High,http://www.rttnews.com/2896961/ftse-100-hits-new-record-high.aspx,rttnews.com,20180521T133000Z,English,United States
BECCS,BECCS,Drax power station will build a  negative emissions  plant Quartz,https://qz.com/1283166/drax-power-station-will-build-a-negative-emissions-plant/,qz.com,20180521T133000Z,English,United States
BECCS,BECCS,Futures Pointing To Initial Strength On Wall Street,http://www.rttnews.com/2897091/futures-pointing-to-initial-strength-on-wall-street.aspx,rttnews.com,20180521T133000Z,English,United States
BECCS,BECCS,First European trial for innovative carbon capture project,http://www.climateactionprogramme.org/news/first-european-trial-for-innovative-carbon-capture-project,climateactionprogramme.org,20180521T130000Z,English,United States
BECCS,BECCS,Drax pilots project that could result in carbon negative electricity,https://www.cnbc.com/2018/05/21/drax-pilots-project-that-could-result-in-carbon-negative-electricity.html,cnbc.com,20180521T121500Z,English,United States
BECCS,BECCS,IP : C - Capture Ltd - Drax to pilot Europe first carbon capture storage project,http://www.4-traders.com/IP-GROUP-PLC-38908802/news/IP-C-Capture-Ltd-Drax-to-pilot-Europe-rsquo-s-first-carbon-capture-storage-project-26625791/,4-traders.com,20180521T101500Z,English,United States
BECCS,BECCS,FTSE 100 Hits New Record High,http://www.rttnews.com/story.aspx?Id=2896961,rttnews.com,20180521T100000Z,English,United States
BECCS,BECCS,Drax to pilot Europe first carbon capture storage project | News,https://www.gasworld.com/drax-to-pilot-europes-first-carbon-capture-storage-project/2014737.article,gasworld.com,20180521T091500Z,English,United States
BECCS,BECCS,"Drax , C - Capture to pilot Europe first bioenergy carbon capture storage project",http://www.greencarcongress.com/2018/05/20180521-drax.html,greencarcongress.com,20180521T084500Z,English,United States
BECCS,BECCS,Drax : 21 May 2018 - Drax to pilot Europe first carbon capture storage project,http://www.4-traders.com/DRAX-GROUP-PLC-4006894/news/Drax-21-May-2018-Drax-to-pilot-Europe-rsquo-s-first-carbon-capture-storage-project-26623904/,4-traders.com,20180521T013000Z,English,United States
BECCS,BECCS,Britain Drax launches bioenergy carbon capture project | Energy & Oil,https://af.reuters.com/article/energyOilNews/idAFL5N1SP2UX,af.reuters.com,20180521T010000Z,English,United States
BECCS,BECCS,Drax launches bioenergy carbon capture project,https://uk.finance.yahoo.com/news/drax-launches-bioenergy-carbon-capture-project-232131686--finance.html,uk.finance.yahoo.com,20180521T010000Z,English,United States
BECCS,BECCS,Britain Drax launches bioenergy carbon capture project,https://uk.finance.yahoo.com/news/britains-drax-launches-bioenergy-carbon-230100541.html,uk.finance.yahoo.com,20180521T010000Z,English,United States
BECCS,BECCS,Drax launches bioenergy carbon capture project By Reuters,https://uk.investing.com/news/stock-market-news/drax-launches-bioenergy-carbon-capture-project-1179912,uk.investing.com,20180521T010000Z,English,United States
BECCS,BECCS,Britain Drax launches bioenergy carbon capture project | Agricultural Commodities,https://af.reuters.com/article/commoditiesNews/idAFL5N1SP2UX,af.reuters.com,20180521T010000Z,English,United States
BECCS,BECCS,Drax launches bioenergy carbon capture project,http://www.euronews.com/2018/05/21/drax-launches-bioenergy-carbon-capture-project,euronews.com,20180521T010000Z,English,United States
BECCS,BECCS,Britain Drax launches bioenergy carbon capture project,https://www.reuters.com/article/drax-group-bioenergy/britains-drax-launches-bioenergy-carbon-capture-project-idUSL5N1SP2UX,reuters.com,20180521T010000Z,English,United States
BECCS,BECCS,Britain Drax launches bioenergy carbon capture project,https://in.reuters.com/article/drax-group-bioenergy/britains-drax-launches-bioenergy-carbon-capture-project-idINL5N1SP2UX,in.reuters.com,20180521T010000Z,English,United States
BECCS,BECCS,Drax : launches bioenergy carbon capture project,http://www.4-traders.com/DRAX-GROUP-PLC-4006894/news/Drax-launches-bioenergy-carbon-capture-project-26623918/,4-traders.com,20180521T003000Z,English,United States
BECCS,BECCS,Drax launches bioenergy carbon capture project,https://uk.reuters.com/article/uk-drax-group-bioenergy/drax-launches-bioenergy-carbon-capture-project-idUKKCN1IL0X4,uk.reuters.com,20180521T000000Z,English,United States
BECCS,BECCS,"Carbon Capture , the Vacuum Cleaner the Climate Needs : QuickTake",https://www.washingtonpost.com/business/carbon-capture-the-vacuum-cleaner-the-climate-needs-quicktake/2018/05/18/93b0ad90-5a52-11e8-9889-07bcc1327f4b_story.html,washingtonpost.com,20180518T063000Z,English,United States
BECCS,BECCS,"Carbon Capture , the Vacuum Cleaner the Climate Needs",https://www.bloomberg.com/news/articles/2018-05-18/carbon-capture-the-vacuum-cleaner-the-climate-needs-quicktake,bloomberg.com,20180518T050000Z,English,United States
BECCS,BECCS,Hart Cunningham Announces Plans to Stop Climate Change,https://www.benzinga.com/pressreleases/18/05/p11717685/hart-cunningham-announces-plans-to-stop-climate-change,benzinga.com,20180516T003000Z,English,United States
BECCS,BECCS,Hart Cunningham Announces Plans to Stop Climate Change,http://www.prweb.com/releases/2018/05/prweb15488240.htm,prweb.com,20180515T191500Z,English,United States
BECCS,BECCS,Las Vegas Valley gymnastics coach a mom to many kids – Las Vegas Review - Journal,https://www.reviewjournal.com/local/local-las-vegas/las-vegas-valley-gymnastics-coach-a-mom-to-many-kids/,reviewjournal.com,20180513T074500Z,English,United States
BECCS,BECCS,The case for burning our way to a cleaner planet,https://www.popsci.com/biofuel-burning-algae-food,popsci.com,20180512T220000Z,English,United States
BECCS,BECCS,What Goes Up Must Come Down : It Time for a Carbon Drawdown Budget,http://www.resilience.org/stories/2018-05-11/goes-must-come-time-carbon-drawdown-budget/,resilience.org,20180511T130000Z,English,United States
BECCS,BECCS,EU Policy Must Wake Up to Carbon Dioxide Removal,http://www.theenergycollective.com/oliver-geden/2432857/eu-policy-must-wake-up-to-carbon-dioxide-removal,theenergycollective.com,20180510T134500Z,English,United States
BECCS,BECCS,Real ambition on global warming : what it would look like,https://www.vox.com/energy-and-environment/2018/5/7/17306008/global-warming-climate-change-scenarios-ambition,vox.com,20180507T173000Z,English,United States
BECCS,BECCS,Ethanol Producer Magazine,http://ethanolproducer.com/articles/15236/llnl-maps-out-deployment-of-ccs-for-ethanol-production,ethanolproducer.com,20180506T183000Z,English,United States
BECCS,BECCS,CO2 capture Archives,http://www.innovationtoronto.com/category/co2-capture/,innovationtoronto.com,20180506T051500Z,English,United States
BECCS,BECCS,"A View from the Air : Carbon Sequestration , Midwestern Farms and Biodiversity",http://www.resilience.org/stories/2018-05-02/a-view-from-the-air-carbon-sequestration-midwestern-farms-and-biodiversity/,resilience.org,20180502T140000Z,English,United States
BECCS,BECCS,Drax : 31 July 2018 - Drax signs 40 million contract with Siemens for turbine upgrades,http://www.4-traders.com/DRAX-GROUP-PLC-4006894/news/Drax-31-July-2018-Drax-signs-40-million-contract-with-Siemens-for-turbine-upgrades-27025603/,4-traders.com,20180731T094500Z,English,United States
BECCS,BECCS,Rain or shine,https://www.nationalaffairs.com/blog/detail/findings-a-daily-roundup/rain-or-shine,nationalaffairs.com,20180725T201500Z,English,United States
BECCS,BECCS,Who will get Becca final rose on this season of The Bachelorette | Katie Kruz,https://z104fm.iheart.com/featured/katie-kruz/content/2018-07-24-who-will-get-beccas-final-rose-on-this-season-of-the-bachelorette/,z104fm.iheart.com,20180724T144500Z,English,United States
BECCS,BECCS,Drax : 24 July 2018 - Half year results for the six months ended 30 June .,http://www.4-traders.com/DRAX-GROUP-PLC-4006894/news/Drax-24-July-2018-Half-year-results-for-the-six-months-ended-30-June-26980472/,4-traders.com,20180724T070000Z,English,United States
BECCS,BECCS,2018 SkS Weekly Climate Change & Global Warming Digest # 29,https://skepticalscience.com/news.php?n=4186,skepticalscience.com,20180722T163000Z,English,United States
BECCS,BECCS,2018 SkS Weekly Climate Change & Global Warming Digest # 29,https://skepticalscience.com/2018-SkS-Weekly-Digest_29.html,skepticalscience.com,20180722T160000Z,English,United States
BECCS,BECCS,"Climate Change Scenarios : An Updated Summary Of Climate Change , Seal Level Rise , & Carbon Bubble Predictions",https://cleantechnica.com/2018/07/17/climate-change-scenarios-an-updated-summary-of-climate-change-seal-level-rise-carbon-bubble-predictions/,cleantechnica.com,20180717T200000Z,English,United States
BECCS,BECCS,"Electrogeochemistry can capture carbon , produce fuel , and even offset ocean acidification",http://www.innovationtoronto.com/2018/07/electrogeochemistry-can-capture-carbon-produce-fuel-and-even-offset-ocean-acidification/,innovationtoronto.com,20180717T103000Z,English,United States
BECCS,BECCS,"Electrogeochemistry captures carbon , produces fuel , offsets ocean acidification",http://www.spacedaily.com/reports/Electrogeochemistry_captures_carbon_produces_fuel_offsets_ocean_acidification_999.html,spacedaily.com,20180710T084500Z,English,United States
BECCS,BECCS,Georgetown Public Policy Review / Can planting trees help us avoid climate disaster ?,http://gppreview.com/2018/07/09/can-planting-trees-save-us/,gppreview.com,20180709T204500Z,English,United States
BECCS,BECCS,Key Takeaways | Private Sector Investments in Climate Technologies : ROI & the New 2018 US Tax Credit for Carbon Oxide Capturing Technologies,https://www.lexology.com/library/detail.aspx?g=ffbd3b3c-a28b-4867-bc64-001842e115bc,lexology.com,20180927T190000Z,English,United States
BECCS,BECCS,"Somewhere , a Tiger Yawns  | Peak Oil News and Message Boards",https://peakoil.com/enviroment/somewhere-a-tiger-yawns/comment-page-1,peakoil.com,20180924T204500Z,English,United States
BECCS,BECCS,"Somewhere , a Tiger Yawns  | Peak Oil News and Message Boards",https://peakoil.com/enviroment/somewhere-a-tiger-yawns,peakoil.com,20180924T201500Z,English,United States
BECCS,BECCS,Forests cut warming better than technology – Brinkwire,https://en.brinkwire.com/science/forests-cut-warming-better-than-technology/,en.brinkwire.com,20180923T011500Z,English,United States
BECCS,BECCS,Forests cut warming better than technology,http://infosurhoy.com/cocoon/saii/xhtml/en_GB/science/forests-cut-warming-better-than-technology/,infosurhoy.com,20180921T193000Z,English,United States
BECCS,BECCS,No need for BECCS ?,http://infosurhoy.com/cocoon/saii/xhtml/en_GB/science/no-need-for-beccs/,infosurhoy.com,20180919T231500Z,English,United States
BECCS,BECCS,Cutting emissions still matters . But carbon capture rises as a battlefront .,https://www.csmonitor.com/Environment/2018/0919/Cutting-emissions-still-matters.-But-carbon-capture-rises-as-a-battlefront,csmonitor.com,20180919T230000Z,English,United States
BECCS,BECCS,No need for BECCS ? – Brinkwire,http://en.brinkwire.com/science/no-need-for-beccs/,en.brinkwire.com,20180919T174500Z,English,United States
BECCS,BECCS,No need for BECCS ? – Brinkwire,https://en.brinkwire.com/science/no-need-for-beccs/,en.brinkwire.com,20180919T174500Z,English,United States
BECCS,BECCS,Heinberg : What Will it Take to Avert Collapse ?  | Peak Oil News and Message Boards,https://peakoil.com/enviroment/heinberg-what-will-it-take-to-avert-collapse/comment-page-1,peakoil.com,20180919T174500Z,English,United States
BECCS,BECCS,Heinberg : What Will it Take to Avert Collapse ?  | Peak Oil News and Message Boards,https://peakoil.com/enviroment/heinberg-what-will-it-take-to-avert-collapse,peakoil.com,20180919T150000Z,English,United States
BECCS,BECCS,Apple is investing in negative emissions,https://qz.com/1391782/apple-investing-in-negative-emissions-via-mangrove-restoration/,qz.com,20180916T210000Z,English,United States
BECCS,BECCS,Science : Greenhouse gas removal could make united kingdom carbon neutral by 2050 [ Report ],http://infosurhoy.com/cocoon/saii/xhtml/en_GB/science/science-greenhouse-gas-removal-could-make-uk-carbon-neutral-by-2050-report/,infosurhoy.com,20180916T031500Z,English,United States
BECCS,BECCS,"Isolating CO2 from atmosphere for use wont cause global warming , says expert",http://infosurhoy.com/cocoon/saii/xhtml/en_GB/news/isolating-co2-from-atmosphere-for-use-wont-cause-global-warming-says-expert/,infosurhoy.com,20180915T214500Z,English,United States
BECCS,BECCS,Carbon Removal Is Not Enough to Save the Climate,https://www.truthdig.com/articles/carbon-removal-is-not-enough-to-save-the-climate/,truthdig.com,20180914T071500Z,English,United States
BECCS,BECCS,Jerry Brown plan for  negative  CO2 emissions based on  science fiction,http://truenorthreports.com/jerry-brown-plan-for-negative-co2-emissions-based-on-science-fiction,truenorthreports.com,20180913T220000Z,English,United States
BECCS,BECCS,We Absolutely Need To Suck Carbon Dioxide Out Of The Air But Were Going To Have To Be Very Careful,https://www.forbes.com/sites/michaelmarshalleurope/2018/09/12/we-absolutely-need-to-suck-carbon-dioxide-out-of-the-air-but-were-going-to-have-to-be-very-careful/,forbes.com,20180912T150000Z,English,United States
BECCS,BECCS,Greenhouse gas removal could make united kingdom carbon neutral by 2050,https://phys.org/wire-news/298200636/greenhouse-gas-removal-could-make-uk-carbon-neutral-by-2050.html,phys.org,20180912T141500Z,English,United States
BECCS,BECCS,The long goodbye to fossil fuel : what the best strategy for renewable energy ?,http://infosurhoy.com/cocoon/saii/xhtml/en_GB/science/the-long-goodbye-to-fossil-fuel-whats-the-best-strategy-for-renewable-energy/,infosurhoy.com,20180912T110000Z,English,United States
BECCS,BECCS,The long goodbye to fossil fuel : what the best strategy for renewable energy ?,https://infosurhoy.com/cocoon/saii/xhtml/en_GB/science/the-long-goodbye-to-fossil-fuel-whats-the-best-strategy-for-renewable-energy/,infosurhoy.com,20180912T110000Z,English,United States
BECCS,BECCS,The long goodbye to fossil fuel : what the best strategy for renewable energy ? – Brinkwire,https://en.brinkwire.com/science/the-long-goodbye-to-fossil-fuel-whats-the-best-strategy-for-renewable-energy/,en.brinkwire.com,20180912T110000Z,English,United States
BECCS,BECCS,Jerry Brown Opinion For  Negative  CO2 Emissions Is Based mostly completely mostly On  Science Fiction,https://newsline.com/2018/09/11/jerry-browns-opinion-for-negative-co2-emissions-is-based-mostly-completely-mostly-on-science-fiction/,newsline.com,20180912T094500Z,English,United States
BECCS,BECCS,Jerry Brown Plan For  Negative  CO2 Emissions Is Based On  Science Fiction,http://dailycaller.com/2018/09/11/jerry-brown-carbon-dioxide-emissions/,dailycaller.com,20180911T160000Z,English,United States
BECCS,BECCS,Jerry Brown Plan For  Negative  CO2 Emissions Is Based On  Science Fiction,https://dailycaller.com/2018/09/11/jerry-brown-carbon-dioxide-emissions/,dailycaller.com,20180911T154500Z,English,United States
BECCS,BECCS,6 Ways to Remove Carbon Pollution from the Sky | World Resources Institute,https://www.wri.org/blog/2018/09/6-ways-remove-carbon-pollution-sky,wri.org,20180910T134500Z,English,United States
BECCS,BECCS,Technological Carbon Removal in the United States | World Resources Institute,https://www.wri.org/publication/tech-carbon-removal-usa,wri.org,20180910T051500Z,English,United States
BECCS,BECCS,Carbon Removal in Forests and Farms in the United States | World Resources Institute,https://www.wri.org/publication/land-carbon-removal-usa,wri.org,20180910T051500Z,English,United States
BECCS,BECCS,Making War on the Planet,https://www.greanvillepost.com/2018/09/09/making-war-on-the-planet/,greanvillepost.com,20180910T003000Z,English,United States
BECCS,BECCS,2018 SkS Weekly Climate Change & Global Warming News Roundup Number 36,https://www.environmentguru.com/pages/elements/element.aspx?id=7782269,environmentguru.com,20180908T231500Z,English,United States
BECCS,BECCS,Negative carbon not on,http://infosurhoy.com/cocoon/saii/xhtml/en_GB/science/negative-carbon-not-on/,infosurhoy.com,20180908T150000Z,English,United States
BECCS,BECCS,Paris climate rules must go in the  right direction,http://news.trust.org/item/20180907074220-83oux/,news.trust.org,20180907T143000Z,English,United States
BECCS,BECCS,Paris climate rules must go in the  right direction,http://news.trust.org/item/20180907074220-83oux,news.trust.org,20180907T083000Z,English,United States
BECCS,BECCS,Negative carbon not on – Brinkwire,https://en.brinkwire.com/science/negative-carbon-not-on/,en.brinkwire.com,20180906T191500Z,English,United States
BECCS,BECCS,Whatever happened to carbon capture ? – Brinkwire,https://en.brinkwire.com/science/whatever-happened-to-carbon-capture/,en.brinkwire.com,20180906T181500Z,English,United States
BECCS,BECCS,Whatever happened to carbon capture ? – Brinkwire,http://en.brinkwire.com/science/whatever-happened-to-carbon-capture/,en.brinkwire.com,20180906T173000Z,English,United States
BECCS,BECCS,Whatever happened to carbon capture ?,http://infosurhoy.com/cocoon/saii/xhtml/en_GB/science/whatever-happened-to-carbon-capture/,infosurhoy.com,20180905T143000Z,English,United States
BECCS,BECCS,Dont Gamble the Planet Future on Unproven Technology,http://beaconhilltimes.com/2018/09/04/dont-gamble-the-planets-future-on-unproven-technology/,beaconhilltimes.com,20180904T124500Z,English,United States
BECCS,BECCS,Dont Gamble the Planet Future on Unproven Technology | Everett Independent – Everett Massachusetts Newspaper,http://www.everettindependent.com/2018/09/03/dont-gamble-the-planets-future-on-unproven-technology/,everettindependent.com,20180903T064500Z,English,United States
BECCS,BECCS,Dont Gamble the Planet Future on Unproven Technology | Revere Journal – Revere Massachusetts Newspaper,http://www.reverejournal.com/2018/09/02/dont-gamble-the-planets-future-on-unproven-technology/,reverejournal.com,20180902T111500Z,English,United States
BECCS,BECCS,Dont Gamble the Planet Future on Unproven Technology | Chelsea Record – Chelsea Massachusetts Newspaper,http://www.chelsearecord.com/2018/09/02/dont-gamble-the-planets-future-on-unproven-technology/,chelsearecord.com,20180902T104500Z,English,United States
BECCS,BECCS,Monthly Review | Making War on the Planet,https://monthlyreview.org/2018/09/01/making-war-on-the-planet/,monthlyreview.org,20180901T203000Z,English,United States
BECCS,BECCS,Reducing US coal emissions through biomass and carbon capture would boost employment,https://eurekalert.org/pub_releases/2018-11/cp-ruc102518.php,eurekalert.org,20181101T211500Z,English,United States
BECCS,BECCS,Reducing US coal emissions through biomass and carbon capture would boost employment,https://www.sciencedaily.com/releases/2018/11/181101133934.htm,sciencedaily.com,20181101T184500Z,English,United States
BECCS,BECCS,Reducing US coal emissions through biomass and carbon capture would boost employment,http://humanitariannews.org/20181101/reducing-us-coal-emissions-through-biomass-carbon-capture-would-boost-employment,humanitariannews.org,20181101T160000Z,English,United States
BECCS,BECCS,Studies show green energy would create more jobs than coal • Earth . com,https://www.earth.com/news/green-energy-create-jobs-coal/,earth.com,20181101T154500Z,English,United States
BECCS,BECCS,Reducing US coal emissions through biomass and carbon capture would boost employment,https://www.eurekalert.org/pub_releases/2018-11/cp-ruc102518.php,eurekalert.org,20181101T153000Z,English,United States
BECCS,BECCS,Reducing US coal emissions through biomass and carbon capture would boost employment,https://phys.org/news/2018-11-coal-emissions-biomass-carbon-capture.html,phys.org,20181101T153000Z,English,United States
BECCS,BECCS,Former UC Berkeley student Beccs Lee dies of brain cancer at 20,http://www.dailycal.org/2018/10/31/courage-and-determination-former-uc-berkeley-student-beccs-lee-dies-of-brain-cancer-at-20/,dailycal.org,20181101T053000Z,English,United States
BECCS,BECCS,"Mercury , the other geologically persistent planetary poison",http://www.realclimate.org/index.php/archives/2018/10/mercury-the-other-geologically-persistent-planetary-poison/,realclimate.org,20181029T174500Z,English,United States
BECCS,BECCS,Negative Emissions Wont Rescue Us From Climate Change,https://www.forbes.com/sites/andystone/2018/10/29/negative-emissions-wont-rescue-us-from-climate-change/,forbes.com,20181029T154500Z,English,United States
BECCS,BECCS,Carbon Capture Is Messy and Fraught But Might Be Essential,https://www.wired.com/story/carbon-capture-is-messy-and-fraughtbut-might-be-essential/,wired.com,20181029T111500Z,English,United States
BECCS,BECCS,The  Carbon Capture Syndrome  ( CCS ) Part - 2,https://canadafreepress.com/article/the-carbon-capture-syndrome-ccs-part-2,canadafreepress.com,20181028T130000Z,English,United States
BECCS,BECCS,Science : Report calls for more science to negate CO2 emissions [ Report ],http://infosurhoy.com/cocoon/saii/xhtml/en_GB/science/science-report-calls-for-more-science-to-negate-co2-emissions-report/,infosurhoy.com,20181027T123000Z,English,United States
BECCS,BECCS,Report calls for more science to negate CO2 emissions,https://newsline.com/2018/10/26/report-calls-for-more-science-to-negate-co2-emissions/,newsline.com,20181027T071500Z,English,United States
BECCS,BECCS,Alternative Fuels Home Grown Bioenergy Contributes to Forest Health and Rural Jobs Across America – Advanced BioFuels united states,https://advancedbiofuelsusa.info/alternative-fuels-home-grown-bioenergy-contributes-to-forest-health-and-rural-jobs-across-america/,advancedbiofuelsusa.info,20181026T224500Z,English,United States
BECCS,BECCS,2 : 00PM Water Cooler 10 / 26 / 2018 | naked capitalism,https://www.nakedcapitalism.com/2018/10/200pm-water-cooler-10-26-2018.html,nakedcapitalism.com,20181026T183000Z,English,United States
BECCS,BECCS,Report calls for more science to negate CO2 emissions,https://phys.org/news/2018-10-science-negate-co2-emissions.html,phys.org,20181026T121500Z,English,United States
BECCS,BECCS,"Report : Carbon - removal strategies , not just reduced emissions , are critical to fighting climate change | College of Agricultural Sciences | SOURCE",https://agsci.source.colostate.edu/report-carbon-removal-strategies-not-just-reduced-emissions-are-critical-to-fighting-climate-change/,agsci.source.colostate.edu,20181026T020000Z,English,United States
BECCS,BECCS,The debate is over : We need to start sucking carbon from the air,https://www.globalpossibilities.org/the-debate-is-over-we-need-to-start-sucking-carbon-from-the-air/,globalpossibilities.org,20181025T233000Z,English,United States
BECCS,BECCS,New report lays out a plan to suck carbon out of the sky,https://hotair.com/headlines/archives/2018/10/new-report-lays-plan-suck-carbon-sky/,hotair.com,20181025T221500Z,English,United States
BECCS,BECCS,Climate change : Five cheap ways to remove CO2 from the atmosphere,https://newsline.com/2018/10/25/climate-change-five-cheap-ways-to-remove-co2-from-the-atmosphere/,newsline.com,20181025T073000Z,English,United States
BECCS,BECCS,"Bioenergy contributes to forest health , rural jobs across America",http://biomassmagazine.com/articles/15701/bioenergy-contributes-to-forest-health-rural-jobs-across-america,biomassmagazine.com,20181025T071500Z,English,United States
BECCS,BECCS,The debate is over : We need to start sucking carbon from the air,https://grist.org/article/the-debate-is-over-we-need-to-start-sucking-carbon-from-the-air/,grist.org,20181025T010000Z,English,United States
BECCS,BECCS,"These Carbon - Capture Methods Are Ready to Fight Climate Change Today , Experts Say",https://www.voanews.com/a/these-carbon-capture-methods-are-ready-to-fight-climate-change-today-experts-say/4627971.html,voanews.com,20181025T000000Z,English,United States
BECCS,BECCS,"Bioenergy contributes to forest health , rural jobs across America",http://www.biomassmagazine.com/articles/15701/bioenergy-contributes-to-forest-health-rural-jobs-across-america,biomassmagazine.com,20181024T223000Z,English,United States
BECCS,BECCS,"Sucking CO2 out of the atmosphere , explained – Brinkwire",https://en.brinkwire.com/news/sucking-co2-out-of-the-atmosphere-explained/,en.brinkwire.com,20181024T170000Z,English,United States
BECCS,BECCS,New Report Lays Out a Plan to Suck Carbon Out of the Sky,https://earther.gizmodo.com/new-report-lays-out-a-plan-to-suck-carbon-out-of-the-sk-1829964861,earther.gizmodo.com,20181024T170000Z,English,United States
BECCS,BECCS,How CO2 removal can help clean up the climate mess,https://www.vox.com/energy-and-environment/2018/10/24/18001538/climate-change-co2-removal-negative-emissions-cdr-carbon-dioxide,vox.com,20181024T141500Z,English,United States
BECCS,BECCS,"Gordon , Throne agree on energy , griz hunt",https://www.jhnewsandguide.com/news/election/wyoming_statewide_races/article_d0ced3d5-5b22-5187-97c2-c709b2b23b2c.html,jhnewsandguide.com,20181024T140000Z,English,United States
BECCS,BECCS,Carbon capture : What we dont talk about when we talk about climate change,https://www.salon.com/2018/10/20/carbon-capture-what-we-do-not-talk-about-when-we-talk-about-climate-change_partner/,salon.com,20181020T200000Z,English,United States
BECCS,BECCS,Bioenergy carbon capture : climate snake oil or the 1 . 5 - degree panacea ?,http://www.econotimes.com/Bioenergy-carbon-capture-climate-snake-oil-or-the-15-degree-panacea-1445928,econotimes.com,20181020T094500Z,English,United States
BECCS,BECCS,Twelve More Years To Do Nothing  | Peak Oil News and Message Boards,https://peakoil.com/enviroment/twelve-more-years-to-do-nothing/comment-page-1,peakoil.com,20181019T171500Z,English,United States
BECCS,BECCS,More And More Scientists Embrace Forests As Bulwark Against Climate Change,https://www.forest-trends.org/ecosystem_marketplace/more-and-more-scientists-embrace-forests-as-bulwark-against-climate-change/,forest-trends.org,20181019T123000Z,English,United States
BECCS,BECCS,The Hope at the Heart of the Apocalyptic Climate Change Report,https://foreignpolicy.com/2018/10/18/the-hope-at-the-heart-of-the-apocalyptic-climate-change-report/,foreignpolicy.com,20181018T190000Z,English,United States
BECCS,BECCS,IPCC Climate Change Report – the joy of BECCS ?,https://www.drybulkmagazine.com/dry-bulk/17102018/ipcc-climate-change-report-the-joy-of-beccs/,drybulkmagazine.com,20181017T111500Z,English,United States
BECCS,BECCS,"Bioenergy with CCS is promising technology , says IPCC report",https://www.worldcoal.com/coal/17102018/bioenergy-with-ccs-is-promising-technology-says-ipcc-report/,worldcoal.com,20181017T111500Z,English,United States
BECCS,BECCS,Why we cant reverse climate change with  negative emission technologies,https://www.timesunion.com/news/article/Why-we-can-t-reverse-climate-change-with-13311092.php,timesunion.com,20181016T163000Z,English,United States
BECCS,BECCS,Carbon Capture : What We Dont Talk About When We Talk About Climate Change,https://truthout.org/articles/carbon-capture-what-we-dont-talk-about-when-we-talk-about-climate-change/,truthout.org,20181016T151500Z,English,United States
BECCS,BECCS,Protecting nature the best way to keep planet cool : report,http://www.terradaily.com/reports/Protecting_nature_the_best_way_to_keep_planet_cool_report_999.html,terradaily.com,20181016T144500Z,English,United States
BECCS,BECCS,New interactive scenario explorer for 1 . 5 degrees C pathways,https://phys.org/news/2018-10-interactive-scenario-explorer-degrees-pathways.html,phys.org,20181016T120000Z,English,United States
BECCS,BECCS,Science : Climate change : 1 . 5 C is worth striving for – but is it feasible ? [ Report ],http://infosurhoy.com/cocoon/saii/xhtml/en_GB/science/science-climate-change-1-5-c-is-worth-striving-for-but-is-it-feasible-report/,infosurhoy.com,20181015T230000Z,English,United States
BECCS,BECCS,New interactive scenario explorer for 1 . 5°C pathways,https://yubanet.com/world/new-interactive-scenario-explorer-for-1-5c-pathways/,yubanet.com,20181015T200000Z,English,United States
BECCS,BECCS,New interactive scenario explorer for 1 . 5 degrees C pathways,https://www.eurekalert.org/pub_releases/2018-10/iifa-nis101518.php,eurekalert.org,20181015T174500Z,English,United States
BECCS,BECCS,New interactive scenario explorer for 1 . 5 degrees C pathways,https://www.sciencedaily.com/releases/2018/10/181015113552.htm,sciencedaily.com,20181015T163000Z,English,United States
BECCS,BECCS,Protecting nature the best way to keep planet cool : report,https://www.yahoo.com/news/protecting-nature-best-way-keep-planet-cool-report-085148012.html,yahoo.com,20181015T110000Z,English,United States
BECCS,BECCS,Protecting nature the best way to keep planet cool : Report,https://www.channelnewsasia.com/news/world/protecting-nature-the-best-way-to-keep-planet-cool-report-10828742,channelnewsasia.com,20181015T074500Z,English,United States
BECCS,BECCS,Protecting nature the best way to keep planet cool : report,http://www.spacedaily.com/afp/181015042036.a075i8k3.html,spacedaily.com,20181015T073000Z,English,United States
BECCS,BECCS,Protecting nature the best way to keep planet cool : report,https://phys.org/news/2018-10-nature-planet-cool.html,phys.org,20181015T073000Z,English,United States
BECCS,BECCS,Protecting nature the best way to keep planet cool : report,http://www.digitaljournal.com/news/world/protecting-nature-the-best-way-to-keep-planet-cool-report/article/534626,digitaljournal.com,20181015T071500Z,English,United States
BECCS,BECCS,Protecting nature the best way to keep planet cool : report,https://au.news.yahoo.com/protecting-nature-best-way-keep-planet-cool-report-061503103--spt.html,au.news.yahoo.com,20181015T064500Z,English,United States
BECCS,BECCS,It Time For The Adults To Take Charge 100 Corporations Responsible For 71 % Of Carbon Emissions,https://cleantechnica.com/2018/10/14/its-time-for-the-adults-to-take-charge-100-corporations-responsible-for-71-of-carbon-emissions/,cleantechnica.com,20181015T034500Z,English,United States
BECCS,BECCS,Twelve More Years To Do Nothing  | Peak Oil News and Message Boards,https://peakoil.com/enviroment/twelve-more-years-to-do-nothing,peakoil.com,20181014T150000Z,English,United States
BECCS,BECCS,Why we cant reverse climate change with  negative emission technologies,http://www.sunjournal.com/why-we-cant-reverse-climate-change-with-negative-emissions-technologies/,sunjournal.com,20181014T060000Z,English,United States
BECCS,BECCS,Science : Why we cant reverse climate change with  negative emission technologies [ Report ],http://infosurhoy.com/cocoon/saii/xhtml/en_GB/science/science-why-we-cant-reverse-climate-change-with-negative-emissions-technologies-report/,infosurhoy.com,20181013T093000Z,English,United States
BECCS,BECCS,Climate change : 1 . 5 C is worth striving for – but is it feasible ?,https://phys.org/news/2018-10-climate-worth-feasible.html,phys.org,20181012T130000Z,English,United States
BECCS,BECCS,"Capturing CO2 From Air : To Keep Global Warming Under 1 . 5°C , Emissions Must Go Negative , IPCC Says",https://insideclimatenews.org/news/12102018/global-warming-solutions-negative-emissions-carbon-capture-technology-ipcc-climate-change-report,insideclimatenews.org,20181012T094500Z,English,United States
BECCS,BECCS,Why we cant reverse climate change with  negative emission technologies,https://www.greenbiz.com/article/why-we-cant-reverse-climate-change-negative-emissions-technologies,greenbiz.com,20181012T083000Z,English,United States
BECCS,BECCS,Do We Really Have the Time and the Tools to Fix Climate Change ?,https://www.globalpossibilities.org/do-we-really-have-the-time-and-the-tools-to-fix-climate-change/,globalpossibilities.org,20181011T204500Z,English,United States
BECCS,BECCS,Do We Really Have the Time and the Tools to Fix Climate Change ?,https://truthout.org/articles/do-we-really-have-the-time-and-the-tools-to-fix-climate-change/,truthout.org,20181011T140000Z,English,United States
BECCS,BECCS,IPCC Report : CO2 Capture Is Necessary to Avoid Perilous Climate Change,https://www.seeker.com/climate/ipcc-report-co2-capture-is-necessary-to-avoid-perilous-climate-change,seeker.com,20181011T121500Z,English,United States
BECCS,BECCS,Our Choices Matter More Than Ever Before  To Limit Climate Change Global Issues,http://www.globalissues.org/news/2018/10/10/24572,globalissues.org,20181010T164500Z,English,United States
BECCS,BECCS,Drax Group CEO responds to IPCC and IEA reports on climate change and renewable energy,https://www.worldcoal.com/coal/10102018/drax-group-ceo-responds-to-ipcc-and-iea-reports-on-climate-change-and-renewable-energy/,worldcoal.com,20181010T120000Z,English,United States
BECCS,BECCS,IPCC Report Says We Have 12 Years to Stop Climate Change . Can Bioenergy With Carbon Capture Save Us ?,https://www.thedailybeast.com/ipcc-report-says-we-have-12-years-to-stop-climate-change-can-bioenergy-with-carbon-capture-save-us,thedailybeast.com,20181010T111500Z,English,United States
BECCS,BECCS,Our Choices Matter More Than Ever Before  To Limit Climate Change,http://www.ipsnews.net/2018/10/choices-matter-ever-limit-climate-change/,ipsnews.net,20181010T091500Z,English,United States
BECCS,BECCS,"Limiting warming to 1 . 5°C possible , will save 420m people",http://androidevo.com/2018/10/10/limiting-warming-to-1-5-c-possible-will-save-420m-people.html,androidevo.com,20181010T080000Z,English,United States
BECCS,BECCS,The Most Important Insights from the IPCC 1 . 5 °C Report,https://www.energycentral.com/c/ec/quick-take-ipcc-15-%C2%B0c-report,energycentral.com,20181010T030000Z,English,United States
BECCS,BECCS,"Time Is Running Out To Control Climate Change , U . N . Report Says",http://www.wwno.org/post/time-running-out-control-climate-change-un-report-says,wwno.org,20181010T014500Z,English,United States
BECCS,BECCS,"Time Is Running Out To Control Climate Change , U . N . Report Says",http://radio.wpsu.org/post/time-running-out-control-climate-change-un-report-says,radio.wpsu.org,20181010T011500Z,English,United States
BECCS,BECCS,United Nations IPCC Solutions Report On Climate Change Is More Science Fiction Than Science Fact,https://freedomoutpost.com/united-nations-ipcc-solutions-report-on-climate-change-is-more-science-fiction-than-science-fact/,freedomoutpost.com,20181010T000000Z,English,United States
BECCS,BECCS,"Time Is Running Out To Control Climate Change , U . N . Report Says . News",https://www.opb.org/news/article/npr-time-is-running-out-to-control-climate-change-un-report-says/,opb.org,20181009T210000Z,English,United States
BECCS,BECCS,A climate change report calls for urgent action,https://www.economist.com/graphic-detail/2018/10/09/a-climate-change-report-calls-for-urgent-action,economist.com,20181009T204500Z,English,United States
BECCS,BECCS,Scientists say halting deforestation  just as urgent  as reducing emissions –  Our planet future climate is inextricably tied to the future of its forests,http://www.desdemonadespair.net/2018/10/scientists-say-halting-deforestation.html,desdemonadespair.net,20181009T200000Z,English,United States
BECCS,BECCS,UN climate change report : 4 big takeaways,https://www.vox.com/2018/10/9/17951924/climate-change-global-warming-un-ipcc-report-takeaways,vox.com,20181009T171500Z,English,United States
BECCS,BECCS,"Time Is Running Out To Control Climate Change , U . N . Report Says",http://www.wbur.org/onpoint/2018/10/09/climate-change-un,wbur.org,20181009T150000Z,English,United States
BECCS,BECCS,Why we cant reverse climate change with  negative emission technologies,https://phys.org/news/2018-10-reverse-climate-negative-emissions-technologies.html,phys.org,20181009T133000Z,English,United States
BECCS,BECCS,"Yes , We Can Rise To The IPCC Target To Keep Global Warming Within 1 . 5°C ( 2 . 7°F )",https://www.science20.com/robert_walker/yes_we_can_rise_to_ipcc_target_to_keep_global_warming_within_15degc_27degf-234620,science20.com,20181009T133000Z,English,United States
BECCS,BECCS,Why we cant reverse climate change with  negative emission technologies,http://www.nydailynews.com/sns-why-we-cant-reverse-climate-change-with-negative-emissions-technologies-103504-20181009-story.html,nydailynews.com,20181009T130000Z,English,United States
BECCS,BECCS,New York and London mayors call on cities to divest from fossil fuels,https://www.weforum.org/agenda/2018/10/new-york-london-mayors-cities-divest-carbon-fossil-fuels/,weforum.org,20181009T124500Z,English,United States
BECCS,BECCS,Why we cant reverse climate change with  negative emission technologies,https://www.middletownpress.com/news/article/Why-we-can-t-reverse-climate-change-with-13292250.php,middletownpress.com,20181009T120000Z,English,United States
BECCS,BECCS,Why we cant reverse climate change with  negative emission technologies,https://www.registercitizen.com/news/article/Why-we-can-t-reverse-climate-change-with-13292250.php,registercitizen.com,20181009T120000Z,English,United States
BECCS,BECCS,Why we cant reverse climate change with  negative emission technologies,https://www.timesunion.com/news/article/Why-we-can-t-reverse-climate-change-with-13292250.php,timesunion.com,20181009T120000Z,English,United States
BECCS,BECCS,Why we cant reverse climate change with  negative emission technologies,https://www.expressnews.com/news/article/Why-we-can-t-reverse-climate-change-with-13292250.php,expressnews.com,20181009T120000Z,English,United States
BECCS,BECCS,Why we cant reverse climate change with  negative emission technologies,https://www.fairfieldcitizenonline.com/news/article/Why-we-can-t-reverse-climate-change-with-13292250.php,fairfieldcitizenonline.com,20181009T120000Z,English,United States
BECCS,BECCS,Why we cant reverse climate change with  negative emission technologies,https://www.ourmidland.com/news/article/Why-we-can-t-reverse-climate-change-with-13292250.php,ourmidland.com,20181009T120000Z,English,United States
BECCS,BECCS,Why we cant reverse climate change with  negative emission technologies,https://www.thetelegraph.com/news/article/Why-we-can-t-reverse-climate-change-with-13292250.php,thetelegraph.com,20181009T120000Z,English,United States
BECCS,BECCS,Why we cant reverse climate change with  negative emission technologies,https://www.westport-news.com/news/article/Why-we-can-t-reverse-climate-change-with-13292250.php,westport-news.com,20181009T120000Z,English,United States
BECCS,BECCS,Why we cant reverse climate change with  negative emission technologies,https://www.theintelligencer.com/news/article/Why-we-can-t-reverse-climate-change-with-13292250.php,theintelligencer.com,20181009T120000Z,English,United States
BECCS,BECCS,Why we cant reverse climate change with  negative emission technologies,https://wtop.com/national/2018/10/why-we-cant-reverse-climate-change-with-negative-emissions-technologies/,wtop.com,20181009T120000Z,English,United States
BECCS,BECCS,Why we cant reverse climate change with  negative emission technologies,https://www.greenwichtime.com/news/article/Why-we-can-t-reverse-climate-change-with-13292250.php,greenwichtime.com,20181009T120000Z,English,United States
BECCS,BECCS,Why we cant reverse climate change with  negative emission technologies,https://www.ctpost.com/news/article/Why-we-can-t-reverse-climate-change-with-13292250.php,ctpost.com,20181009T120000Z,English,United States
BECCS,BECCS,Why we cant reverse climate change with  negative emission technologies,https://www.thehour.com/news/article/Why-we-can-t-reverse-climate-change-with-13292250.php,thehour.com,20181009T120000Z,English,United States
BECCS,BECCS,Why we cant reverse climate change with  negative emission technologies,https://www.lmtonline.com/news/article/Why-we-can-t-reverse-climate-change-with-13292250.php,lmtonline.com,20181009T120000Z,English,United States
BECCS,BECCS,Why we cant reverse climate change with  negative emission technologies,https://www.sfchronicle.com/news/article/Why-we-can-t-reverse-climate-change-with-13292250.php,sfchronicle.com,20181009T120000Z,English,United States
BECCS,BECCS,Why we cant reverse climate change with  negative emission technologies,https://www.michigansthumb.com/news/article/Why-we-can-t-reverse-climate-change-with-13292250.php,michigansthumb.com,20181009T120000Z,English,United States
BECCS,BECCS,Why we cant reverse climate change with  negative emission technologies,https://www.seattlepi.com/news/article/Why-we-can-t-reverse-climate-change-with-13292250.php,seattlepi.com,20181009T120000Z,English,United States
BECCS,BECCS,Why we cant reverse climate change with  negative emission technologies,https://www.beaumontenterprise.com/news/article/Why-we-can-t-reverse-climate-change-with-13292250.php,beaumontenterprise.com,20181009T120000Z,English,United States
BECCS,BECCS,Why we cant reverse climate change with  negative emission technologies,https://www.houstonchronicle.com/news/article/Why-we-can-t-reverse-climate-change-with-13292250.php,houstonchronicle.com,20181009T120000Z,English,United States
BECCS,BECCS,Why we cant reverse climate change with  negative emission technologies,https://www.myplainview.com/news/article/Why-we-can-t-reverse-climate-change-with-13292250.php,myplainview.com,20181009T120000Z,English,United States
BECCS,BECCS,Why we cant reverse climate change with  negative emission technologies,https://www.mrt.com/news/article/Why-we-can-t-reverse-climate-change-with-13292250.php,mrt.com,20181009T120000Z,English,United States
BECCS,BECCS,Why we cant reverse climate change with  negative emission technologies,https://www.myjournalcourier.com/news/article/Why-we-can-t-reverse-climate-change-with-13292250.php,myjournalcourier.com,20181009T120000Z,English,United States
BECCS,BECCS,Why we cant reverse climate change with  negative emission technologies,https://www.mysanantonio.com/news/article/Why-we-can-t-reverse-climate-change-with-13292250.php,mysanantonio.com,20181009T120000Z,English,United States
BECCS,BECCS,Why we cant reverse climate change with  negative emission technologies,https://www.sfgate.com/news/article/Why-we-can-t-reverse-climate-change-with-13292250.php,sfgate.com,20181009T120000Z,English,United States
BECCS,BECCS,Why we cant reverse climate change with  negative emission technologies,https://www.newstimes.com/news/article/Why-we-can-t-reverse-climate-change-with-13292250.php,newstimes.com,20181009T120000Z,English,United States
BECCS,BECCS,Why we cant reverse climate change with  negative emission technologies,https://www.nhregister.com/news/article/Why-we-can-t-reverse-climate-change-with-13292250.php,nhregister.com,20181009T120000Z,English,United States
BECCS,BECCS,Why we cant reverse climate change with  negative emission technologies,https://www.chron.com/news/article/Why-we-can-t-reverse-climate-change-with-13292250.php,chron.com,20181009T113000Z,English,United States
BECCS,BECCS,"Yes , We Can Rise To The IPCC Target To Keep Global Warming Within 1 . 5°C ( 2 . 7°F )",https://www.science20.com/robert_walker/yes_we_can_rise_to_ipcc_target_and_keep_global_warming_within_15degc_27degf-234620,science20.com,20181009T090000Z,English,United States
BECCS,BECCS,"Yes , We Can Rise To The IPCC Target To Keep Global Warming Within 1 . 5°C ( 2 . 7°F )",https://www.science20.com/robert_walker/yes_we_can_rise_to_the_ipcc_target_to_keep_global_warming_within_15degc_27degf-234620,science20.com,20181009T080000Z,English,United States
BECCS,BECCS,"Yes , We Can Rise To IPCC Target And Keep Global Warming Within 1 . 5°C ( 2 . 7°F )",https://www.science20.com/robert_walker/yes_we_can_rise_to_the_ipcc_challenge_to_stay_within_15degc_27degf_of_global_warming-234620,science20.com,20181009T071500Z,English,United States
BECCS,BECCS,We can limit global warming to 1 . 5 degrees with nature help | Human Nature - Conservation International Blog,https://blog.conservation.org/2018/10/we-can-limit-global-warming-to-1-5-degrees-with-natures-help/,blog.conservation.org,20181009T031500Z,English,United States
BECCS,BECCS,"IPCC : To Say Within 1 . 5°C ( 2 . 7°F ). Rapid Emission Cuts By 2040 , Or Burn Vast Quantities Of Biofuel And Store CO2",https://www.science20.com/robert_walker/ipcc_to_say_within_15degc_27degf_rapid_emission_cuts_by_2040_or_burn_vast_quantities_of_biofuel_and_store_co2,science20.com,20181009T031500Z,English,United States
BECCS,BECCS,"IPCC Report Recommends Target Of 1 . 5°C Not 2°C - Rapid Emission Cuts Before 2040 , Or Forests For Fuel And Storing CO2 After 2040",https://www.science20.com/robert_walker/ipcc_report_recommends_target_of_15degc_not_2degc_rapid_emission_cuts_before_2040_or_forests_for_fuel_and_storing,science20.com,20181009T023000Z,English,United States
BECCS,BECCS,Real ambition on global warming : what it would look like,https://www.vox.com/energy-and-environment/2018/5/7/17306008/climate-change-global-warming-scenarios-ambition,vox.com,20181008T194500Z,English,United States
BECCS,BECCS,Climate Economist Nordhaus Wins Nobel As Scientific Body Issues Urgent Call To Action,https://www.forest-trends.org/ecosystem_marketplace/climate-economist-nordhaus-wins-nobel-as-scientific-body-issues-call-for-desperate-action/,forest-trends.org,20181008T174500Z,English,United States
BECCS,BECCS,UN warns paradigm shift needed to avert global climate chaos,http://www.terradaily.com/reports/UN_warns_paradigm_shift_needed_to_avert_global_climate_chaos_999.html,terradaily.com,20181008T134500Z,English,United States
BECCS,BECCS,Avoiding climate chaos means  unprecedented  change : UN report,http://www.terradaily.com/reports/Avoiding_climate_chaos_means_unprecedented_change_UN_report_999.html,terradaily.com,20181008T134500Z,English,United States
BECCS,BECCS,Crisis management : Seven ways to engineer climate,http://www.terradaily.com/reports/Crisis_management_Seven_ways_to_engineer_climate_999.html,terradaily.com,20181008T134500Z,English,United States
BECCS,BECCS,Crisis management : Seven ways to engineer climate,http://www.spacedaily.com/reports/Crisis_management_Seven_ways_to_engineer_climate_999.html,spacedaily.com,20181008T130000Z,English,United States
BECCS,BECCS,Crisis management : Seven ways to engineer climate,https://phys.org/news/2018-10-crisis-ways-climate.html,phys.org,20181008T074500Z,English,United States
BECCS,BECCS,Can negative emissions really save the world ?,https://unearthed.greenpeace.org/2018/10/08/ipcc-climate-change-carbon-capture/,unearthed.greenpeace.org,20181008T070000Z,English,United States
BECCS,BECCS,The ultimate guide to negative - emissions technologies Quartz,https://qz.com/1416481/the-ultimate-guide-to-negative-emission-technologies/,qz.com,20181008T063000Z,English,United States
BECCS,BECCS,The ultimate guide to negative - emission technologies,https://www.msn.com/en-us/weather/topstories/the-ultimate-guide-to-negative-emission-technologies/ar-BBO5zuE,msn.com,20181008T061500Z,English,United States
BECCS,BECCS,"IPCC Report Says 1 . 5C Climate Target is Reachable , But Only With Rapid Fossil Fuel Phase Out",https://www.desmogblog.com/2018/10/07/ipcc-report-says-1-5c-climate-target-reachable-only-rapid-fossil-fuel-phase-out,desmogblog.com,20181008T060000Z,English,United States
BECCS,BECCS,Crisis management : Seven ways to engineer climate,https://www.yahoo.com/news/crisis-management-seven-ways-engineer-climate-042652680.html,yahoo.com,20181008T054500Z,English,United States
BECCS,BECCS,"According to New IPCC Report , the World Is on Track to Exceed its  Carbon Budget  in 12 Years",https://www.wri.org/blog/2018/10/according-new-ipcc-report-world-track-exceed-its-carbon-budget-12-years,wri.org,20181008T050000Z,English,United States
BECCS,BECCS,Crisis management : Seven ways to engineer climate,http://www.spacedaily.com/afp/181008011116.zzb825vg.html,spacedaily.com,20181008T034500Z,English,United States
BECCS,BECCS,"The world has barely 10 years to get climate change under control , U . N . scientists say",https://gazette.com/news/the-world-has-barely-years-to-get-climate-change-under/article_f3e02730-ca9c-11e8-be2e-efbce5aae921.html,gazette.com,20181008T030000Z,English,United States
BECCS,BECCS,"The world has barely 10 years to get climate change under control , U . N . scientists say",https://www.washingtonpost.com/energy-environment/2018/10/08/world-has-only-years-get-climate-change-under-control-un-scientists-say/,washingtonpost.com,20181008T013000Z,English,United States
BECCS,BECCS,Global warming : What so significant about 1 . 5C ?,https://uk.news.yahoo.com/global-warming-significant-1-5c-014554744.html,uk.news.yahoo.com,20181007T190000Z,English,United States
BECCS,BECCS,Global warming : What so significant about 1 . 5C ?,https://uk.news.yahoo.com/global-warming-significant-1-5c-095127107.html,uk.news.yahoo.com,20181007T090000Z,English,United States
BECCS,BECCS,Scientist urge international body to protect and regrow forests as a real climate issue,https://www.nationofchange.org/2018/10/06/scientists-urge-international-body-to-protect-and-regrow-forests-as-a-real-climate-issue/,nationofchange.org,20181006T210000Z,English,United States
BECCS,BECCS,Avoiding climate chaos means  unprecedented  change : UN report,https://www.rawstory.com/2018/10/avoiding-climate-chaos-means-unprecedented-change-un-report/,rawstory.com,20181006T143000Z,English,United States
BECCS,BECCS,Scientists champion forests as  unsung hero  of climate action,https://in.reuters.com/article/global-climatechange-forests/scientists-champion-forests-as-unsung-hero-of-climate-action-idINL8N1WL2VR,in.reuters.com,20181006T083000Z,English,United States
BECCS,BECCS,Avoiding climate chaos means  unprecedented  change : UN report,https://sg.news.yahoo.com/avoiding-climate-chaos-means-unprecedented-change-un-report-233116347.html,sg.news.yahoo.com,20181006T080000Z,English,United States
BECCS,BECCS,Avoiding climate chaos means  unprecedented  change : UN report,https://phys.org/news/2018-10-climate-chaos-unprecedented.html,phys.org,20181006T063000Z,English,United States
BECCS,BECCS,Scientists champion forests as  unsung hero  of climate action,https://uk.reuters.com/article/global-climatechange-forests/scientists-champion-forests-as-unsung-hero-of-climate-action-idUKL8N1WL2VR,uk.reuters.com,20181006T043000Z,English,United States
BECCS,BECCS,Avoiding climate chaos means  unprecedented  change : UN report,https://www.yahoo.com/news/avoiding-climate-chaos-means-unprecedented-change-un-report-233116323.html,yahoo.com,20181006T004500Z,English,United States
BECCS,BECCS,Avoiding climate chaos means  unprecedented  change : UN report,https://www.afp.com/en/news/2265/avoiding-climate-chaos-means-unprecedented-change-un-report-doc-19t3081,afp.com,20181006T004500Z,English,United States
BECCS,BECCS,Avoiding climate chaos means  unprecedented  change : UN report,http://www.digitaljournal.com/news/world/avoiding-climate-chaos-means-unprecedented-change-un-report/article/533880,digitaljournal.com,20181006T001500Z,English,United States
BECCS,BECCS,Avoiding climate chaos means  unprecedented  change : UN report,http://www.spacedaily.com/afp/181005214631.oxv37k37.html,spacedaily.com,20181006T000000Z,English,United States
BECCS,BECCS,Avoiding climate chaos means  unprecedented  change : UN report,https://www.channelnewsasia.com/news/world/avoiding-climate-chaos-means-unprecedented-change-un-report-10797470,channelnewsasia.com,20181005T230000Z,English,United States
BECCS,BECCS,Scientists champion forests as  unsung hero  of climate action,https://www.reuters.com/article/us-global-climatechange-forests/scientists-champion-forests-as-unsung-hero-of-climate-action-idUSKCN1MF1X4,reuters.com,20181005T230000Z,English,United States
BECCS,BECCS,Scientists champion forests as  unsung hero  of climate ...,http://news.trust.org/item/20181005141311-plm2o/,news.trust.org,20181005T174500Z,English,United States
BECCS,BECCS,Seven Things You Should Know About the IPCC 1 . 5°C Special Report and its Policy Implications,https://blog.ucsusa.org/rachel-cleetus/seven-things-ipcc2018,blog.ucsusa.org,20181005T174500Z,English,United States
BECCS,BECCS,Scientists champion forests as  unsung hero  of climate action | Agricultural Commodities,https://af.reuters.com/article/commoditiesNews/idAFL8N1WL2VR,af.reuters.com,20181005T174500Z,English,United States
BECCS,BECCS,Scientists champion forests as  unsung hero  of climate ...,http://news.trust.org/item/20181005141311-plm2o,news.trust.org,20181005T150000Z,English,United States
BECCS,BECCS,wildsingapore news : Scientists say halting deforestation  just as urgent  as reducing emissions,http://wildsingaporenews.blogspot.com/2018/10/scientists-say-halting-deforestation.html,wildsingaporenews.blogspot.com,20181005T030000Z,English,United States
BECCS,BECCS,Trump Admin . Officials Point Out  Major Problem  with UN Upcoming Climate Report,https://www.westernjournal.com/trump-officials-say-major-problem-uns-upcoming-climate-report/,westernjournal.com,20181004T053000Z,English,United States
BECCS,BECCS,"Trump Officials Say There  A Major Problem  With The UN Upcoming Climate Report , Leaked Comments Show",http://dailycaller.com/2018/10/03/trump-officials-un-climate-report/,dailycaller.com,20181003T171500Z,English,United States
BECCS,BECCS,"Trump Officials Say There  A Major Problem  With The UN Upcoming Climate Report , Leaked Comments Show",https://dailycaller.com/2018/10/03/trump-officials-un-climate-report/,dailycaller.com,20181003T163000Z,English,United States
BECCS,BECCS,Science : Can eradicating carbon from the environment save us from local weather disaster ? [ Report ],http://infosurhoy.com/cocoon/saii/xhtml/en_GB/science/science-can-eradicating-carbon-from-the-environment-save-us-from-local-weather-disaster-report/,infosurhoy.com,20181130T130000Z,English,United States
BECCS,BECCS,Betting on BECCS : Will Bio - Energy with Carbon Capture and Storage Help the Climate ?,https://www.nakedcapitalism.com/2018/11/betting-beccs-will-bio-energy-carbon-capture-storage-help-climate.html,nakedcapitalism.com,20181129T204500Z,English,United States
BECCS,BECCS,2 : 00PM Water Cooler 11 / 29 / 2018 | naked capitalism,https://www.nakedcapitalism.com/2018/11/200pm-water-cooler-11-29-2018.html,nakedcapitalism.com,20181129T204500Z,English,United States
BECCS,BECCS,UN Climate Change Panel IPCC SR15 Report Promotes Crimes Against …,http://virtual-strategy.com/2018/11/29/un-climate-change-panel-ipcc-sr15-report-promotes-crimes-against/,virtual-strategy.com,20181129T120000Z,English,United States
BECCS,BECCS,UN Climate Change Panel IPCC SR15 Report Promotes Crimes Against Humanity says Friends of Science Calling for its Retraction in an Open Letter,https://www.prweb.com/releases/un_climate_change_panel_ipcc_sr15_report_promotes_crimes_against_humanity_says_friends_of_science_calling_for_its_retraction_in_an_open_letter/prweb15956013.htm,prweb.com,20181129T104500Z,English,United States
BECCS,BECCS,UN Climate Change Panel IPCC SR15 Report Promotes Crimes Against Humanity says Friends of Science Calling for its Retraction in an Open Letter,https://www.ssuchronicle.com/2018/11/29/un-climate-change-panel-ipcc-sr15-report-promotes-crimes-against-humanity-says-friends-of-science-calling-for-its-retraction-in-an-open-letter/,ssuchronicle.com,20181129T091500Z,English,United States
BECCS,BECCS,UN Climate Change Panel IPCC SR15 Report Promotes Crimes Against Humanity says Friends of Science Calling for its Retraction in an Open Letter,https://www.benzinga.com/pressreleases/18/11/p12769890/un-climate-change-panel-ipcc-sr15-report-promotes-crimes-against-human,benzinga.com,20181129T090000Z,English,United States
BECCS,BECCS,Biomass united kingdom calls CCUS action plan  a strong step forward,http://www.biomassmagazine.com/articles/15786/biomass-uk-calls-ccus-action-plan-undefineda-strong-step-forwardundefined,biomassmagazine.com,20181128T234500Z,English,United States
BECCS,BECCS,Biomass united kingdom calls CCUS action plan  a strong step forward,http://biomassmagazine.com/articles/15786/biomass-uk-calls-ccus-action-plan-undefineda-strong-step-forwardundefined,biomassmagazine.com,20181128T231500Z,English,United States
BECCS,BECCS,2 : 00PM Water Cooler 11 / 28 / 2018 | naked capitalism,https://www.nakedcapitalism.com/2018/11/200pm-water-cooler-11-28-2018.html,nakedcapitalism.com,20181128T211500Z,English,United States
BECCS,BECCS,Can removing carbon from the atmosphere save us from climate catastrophe ?,https://phys.org/news/2018-11-carbon-atmosphere-climate-catastrophe.html,phys.org,20181127T174500Z,English,United States
BECCS,BECCS,Europe first bioenergy carbon capture and storage pilot now underway | News,https://www.gasworld.com/europes-first-bioenergy-carbon-capture-and-storage-pilot-now-underway/2015992.article,gasworld.com,20181127T141500Z,English,United States
BECCS,BECCS,Europe first bioenergy carbon capture and storage pilot underway at Drax Power Station,https://www.worldcoal.com/power/27112018/europes-first-bioenergy-carbon-capture-and-storage-pilot-underway-at-drax-power-station/,worldcoal.com,20181127T110000Z,English,United States
BECCS,BECCS,"Drax : Bioenergy carbon capture , storage pilot now underway",http://biomassmagazine.com/articles/15780/drax-bioenergy-carbon-capture-storage-pilot-now-underway,biomassmagazine.com,20181127T071500Z,English,United States
BECCS,BECCS,"Drax : Bioenergy carbon capture , storage pilot now underway",http://www.biomassmagazine.com/articles/15780/drax-bioenergy-carbon-capture-storage-pilot-now-underway,biomassmagazine.com,20181126T231500Z,English,United States
BECCS,BECCS,"Biomass - World ? s first CO2 negative fuel to be presented at the UN Climate Summit - Renewable Energy Magazine , at the heart of clean energy journalism",https://www.renewableenergymagazine.com/biomass/worlda-s-first-co2-negative-fuel-to-20181126,renewableenergymagazine.com,20181126T121500Z,English,United States
BECCS,BECCS,"Fundamental  agriculture reforms needed for United Kingdom to reach carbon neutrality , says CCC",http://cutenailsdesigns.net/2018/11/17/fundamental-agriculture-reforms-needed-for-united-kingdom.html,cutenailsdesigns.net,20181117T123000Z,English,United States
BECCS,BECCS,Fundamental reform  of United Kingdom land needed to combat climate change,http://infoplasticsurgeryworld.com/2018/11/fundamental-reform-of-united-kingdom-land-needed-to-combat/,infoplasticsurgeryworld.com,20181117T074500Z,English,United States
BECCS,BECCS,"Countryside must change to prepare for climate change , experts warn",http://alongtheboards.com/2018/11/17/countryside-must-change-to-prepare-for-climate-change.html,alongtheboards.com,20181117T070000Z,English,United States
BECCS,BECCS,Inside Geoengineer Risky Plan To Block Out the Sun,http://inthesetimes.com/features/geoengineering-climate-change-fossil-fuel-industry-srm-indigenous-activism.html,inthesetimes.com,20181115T150000Z,English,United States
BECCS,BECCS,Climate Solutions : Is It Possible to Remove Enough CO2 from the Air ?,https://e360.yale.edu/features/negative-emissions-is-it-feasible-to-remove-co2-from-the-air,e360.yale.edu,20181115T121500Z,English,United States
BECCS,BECCS,"Location , location , location : How to manage valuable landscapes for carbon sequestration",https://www.greenbiz.com/article/location-location-location-how-manage-valuable-landscapes-carbon-sequestration,greenbiz.com,20181115T111500Z,English,United States
BECCS,BECCS,"Burning to solve climate change : The BECCS paradox | A Green Living Blog - Go Green , Green Home , Green Energy",http://agreenliving.org/burning-to-solve-climate-change-the-beccs-paradox/,agreenliving.org,20181114T151500Z,English,United States
BECCS,BECCS,Burning to solve climate change : The BECCS paradox,https://www.greenbiz.com/article/burning-solve-climate-change-beccs-paradox,greenbiz.com,20181114T101500Z,English,United States
BECCS,BECCS,Researchers Develop Novel Technique of Electro Geochemistry to Capture Carbon Dioxide,http://www.coherentnews.com/researchers-develop-novel-technique-of-electro-geochemistry-to-capture-carbon-dioxide/,coherentnews.com,20181113T053000Z,English,United States
BECCS,BECCS,"Forest Digest : November 11 , 2018",https://www.environmentguru.com/pages/elements/element.aspx?id=8607810,environmentguru.com,20181112T040000Z,English,United States
BECCS,BECCS,Reducing U . S . Coal Emissions Through Biomass and Carbon Capture Would Boost Employment,https://www.manufacturing.net/news/2018/11/reducing-us-coal-emissions-through-biomass-and-carbon-capture-would-boost-employment,manufacturing.net,20181109T193000Z,English,United States
BECCS,BECCS,Can this carbon capture technology save us from climate change ?,https://edition.cnn.com/2018/11/09/health/bioenergy-carbon-capture-climate/,edition.cnn.com,20181109T193000Z,English,United States
BECCS,BECCS,Re - Imagining Energy : Catching Carbon | Penn State University,https://news.psu.edu/story/546160/2018/11/09/research/re-imagining-energy-catching-carbon,news.psu.edu,20181109T151500Z,English,United States
BECCS,BECCS,Can this carbon capture technology save us from climate change ?,https://www.cnn.com/2018/11/09/health/bioenergy-carbon-capture-climate/,cnn.com,20181109T124500Z,English,United States
BECCS,BECCS,Why Forests are the Best  Technology  to Fight Climate Change – The Greanville Post,https://www.greanvillepost.com/2018/11/08/why-forests-are-the-best-technology-to-fight-climate-change/,greanvillepost.com,20181108T224500Z,English,United States
BECCS,BECCS,We Must Remove Carbon from the Atmosphere to Limit Climate Change : Here How We Can Do It,https://www.newsweek.com/we-must-remove-carbon-atmosphere-limit-climate-change-1206971,newsweek.com,20181108T153000Z,English,United States
BECCS,BECCS,Why Forests are the Best  Technology  to Fight Climate Change,https://www.counterpunch.org/2018/11/08/why-forests-are-the-best-technology-to-fight-climate-change/,counterpunch.org,20181108T091500Z,English,United States
BECCS,BECCS,Climate Economist Nordhaus Wins Nobel As Scientific Body Calls For Price On Carbon,http://www.ecosystemmarketplace.com/articles/climate-economist-nordhaus-wins-nobel-as-scientific-body-calls-for-price-on-carbon/,ecosystemmarketplace.com,20181108T080000Z,English,United States
BECCS,BECCS,"Lowering coal emissions within the US would increase employment , declare specialists",http://infosurhoy.com/cocoon/saii/xhtml/en_GB/health/lowering-coal-emissions-within-the-us-would-increase-employment-declare-specialists/,infosurhoy.com,20181106T204500Z,English,United States
BECCS,BECCS,Why forests are the best  technology  to stop climate change,https://www.aljazeera.com/indepth/opinion/forests-technology-stop-climate-change-181105081303837.html,aljazeera.com,20181106T134500Z,English,United States
BECCS,BECCS,"Biomass - ETI recommends an increase in united kingdom biomass production - Renewable Energy Magazine , at the heart of clean energy journalism",https://www.renewableenergymagazine.com/biomass/seacat-sees-surging-demand-for-ctv-services-20181105-1,renewableenergymagazine.com,20181105T143000Z,English,United States
BECCS,BECCS,"Scientists List Four Ways to Capture Carbon , Limit Rising Temperatures",https://learningenglish.voanews.com/a/scientists-list-four-ways-to-capture-carbon-limit-rising-temperatures/4629244.html,learningenglish.voanews.com,20181103T223000Z,English,United States
BECCS,BECCS,Science : Decreasing US coal emissions by biomass and carbon seize would increase employment [ Report ],https://infosurhoy.com/cocoon/saii/xhtml/en_GB/science/science-decreasing-us-coal-emissions-by-biomass-and-carbon-seize-would-increase-employment-report/,infosurhoy.com,20181103T173000Z,English,United States
BECCS,BECCS,Science : Decreasing US coal emissions by biomass and carbon seize would increase employment [ Report ],http://infosurhoy.com/cocoon/saii/xhtml/en_GB/science/science-decreasing-us-coal-emissions-by-biomass-and-carbon-seize-would-increase-employment-report/,infosurhoy.com,20181103T173000Z,English,United States
BECCS,BECCS,2 : 00PM Water Cooler 11 / 2 / 2018 | naked capitalism,https://www.nakedcapitalism.com/2018/11/200pm-water-cooler-11-2-2018.html,nakedcapitalism.com,20181102T200000Z,English,United States
BECCS,BECCS,Reducing US coal emissions through biomass and carbon capture would boost employment,https://eurekalert.org/pub_releases/2018-11/cp-ruc102518.php,eurekalert.org,20181101T211500Z,English,United States
BECCS,BECCS,Reducing US coal emissions through biomass and carbon capture would boost employment,https://www.sciencedaily.com/releases/2018/11/181101133934.htm,sciencedaily.com,20181101T184500Z,English,United States
BECCS,BECCS,Reducing US coal emissions through biomass and carbon capture would boost employment,http://humanitariannews.org/20181101/reducing-us-coal-emissions-through-biomass-carbon-capture-would-boost-employment,humanitariannews.org,20181101T160000Z,English,United States
BECCS,BECCS,Studies show green energy would create more jobs than coal • Earth . com,https://www.earth.com/news/green-energy-create-jobs-coal/,earth.com,20181101T154500Z,English,United States
BECCS,BECCS,Reducing US coal emissions through biomass and carbon capture would boost employment,https://www.eurekalert.org/pub_releases/2018-11/cp-ruc102518.php,eurekalert.org,20181101T153000Z,English,United States
BECCS,BECCS,Reducing US coal emissions through biomass and carbon capture would boost employment,https://phys.org/news/2018-11-coal-emissions-biomass-carbon-capture.html,phys.org,20181101T153000Z,English,United States
BECCS,BECCS,Former UC Berkeley student Beccs Lee dies of brain cancer at 20,http://www.dailycal.org/2018/10/31/courage-and-determination-former-uc-berkeley-student-beccs-lee-dies-of-brain-cancer-at-20/,dailycal.org,20181101T053000Z,English,United States
BECCS,BECCS,Scientists say halting deforestation  just as urgent  as reducing emissions –  Our planet future climate is inextricably tied to the future of its forests,https://www.desdemonadespair.net/2018/10/scientists-say-halting-deforestation.html,desdemonadespair.net,20181231T234500Z,English,United States
BECCS,BECCS,New report examines key steps in removing carbon dioxide from air,https://phys.org/news/2018-12-key-carbon-dioxide-air.html,phys.org,20181221T144500Z,English,United States
BECCS,BECCS,New Report Examines Key Steps Forward in Removing Carbon Dioxide from Air,https://blogs.ei.columbia.edu/2018/12/20/new-report-removing-carbon-dioxide/,blogs.ei.columbia.edu,20181220T193000Z,English,United States
BECCS,BECCS,Explainer : Why some US Democrats want a  Green New Deal  to tackle climate change,https://skepticalscience.com/why-dems-want-green-new-deal.html,skepticalscience.com,20181217T191500Z,English,United States
BECCS,BECCS,"BECCS it , says the CCC | Infosurhoy",http://infosurhoy.com/cocoon/saii/xhtml/en_GB/top-stories/beccs-it-says-the-ccc/,infosurhoy.com,20181213T080000Z,English,United States
BECCS,BECCS,Denmark leads the way,https://www.gasworld.com/denmark-leads-the-way-/2016068.article,gasworld.com,20181206T164500Z,English,United States
BECCS,BECCS,Climate Gut Check,http://bostonreview.net/science-nature/troy-vettese-climate-gut-check,bostonreview.net,20181206T064500Z,English,United States
BECCS,BECCS,Comment : Why BECCS Will Be Critical to Deliver an Affordable Energy System Transition in the united kingdom – Advanced BioFuels united states,https://advancedbiofuelsusa.info/comment-why-beccs-will-be-critical-to-deliver-an-affordable-energy-system-transition-in-the-uk/,advancedbiofuelsusa.info,20181206T003000Z,English,United States
BECCS,BECCS,UK among top countries leading global energy revolution,https://www.worldcoal.com/power/05122018/uk-among-top-countries-leading-global-energy-revolution/,worldcoal.com,20181205T111500Z,English,United States
BECCS,BECCS,Environmental News For The Week Ending 02December 2018,http://econintersect.com/pages/contributors/contributor.php?post=201812042339,econintersect.com,20181205T063000Z,English,United States
BECCS,BECCS,Why Al Gore Still Thinks We Can Stop Climate Change,http://nymag.com/intelligencer/2018/12/why-al-gore-still-thinks-we-can-stop-climate-change.html,nymag.com,20181203T221500Z,English,United States
BECCS,BECCS,"Monthly Review | February 2019 ( Volume 70 , Number 9 )",https://monthlyreview.org/2019/02/01/mr-070-09-2019-02_0/,monthlyreview.org,20190201T234500Z,English,United States
BECCS,BECCS,"100 % Renewables , Land Restoration Can Meet 1 . 5°C Target Without  Unproven  Geoengineering Techniques",https://www.energycentral.com/c/ec/100-renewables-land-restoration-can-meet-15%C2%B0c-target-without-%E2%80%98unproven%E2%80%99,energycentral.com,20190129T003000Z,English,United States
BECCS,BECCS,A swansong from the Power Applied sciences Institute,http://infosurhoy.com/cocoon/saii/xhtml/en_GB/top-stories/a-swansong-from-the-power-applied-sciences-institute/,infosurhoy.com,20190113T054500Z,English,United States
BECCS,BECCS,A swansong from the Energy Technologies Institute – Brinkwire,http://en.brinkwire.com/science/a-swansong-from-the-energy-technologies-institute/,en.brinkwire.com,20190110T061500Z,English,United States
BECCS,BECCS,"Drax releases 2018 results , discusses plans to reduce pellet cost",http://biomassmagazine.com/articles/15979/drax-releases-2018-results-discusses-plans-to-reduce-pellet-cost/,biomassmagazine.com,20190227T090000Z,English,United States
BECCS,BECCS,"Drax releases 2018 results , discusses plans to reduce pellet cost",http://www.biomassmagazine.com/articles/15979/drax-releases-2018-results-discusses-plans-to-reduce-pellet-cost,biomassmagazine.com,20190227T024500Z,English,United States
BECCS,BECCS,"Drax releases 2018 results , discusses plans to reduce pellet cost",http://biomassmagazine.com/articles/15979/drax-releases-2018-results-discusses-plans-to-reduce-pellet-cost,biomassmagazine.com,20190227T023000Z,English,United States
BECCS,BECCS,"Drax releases 2018 results , discusses plans reduce pellet costs",http://www.biomassmagazine.com/articles/15979/drax-releases-2018-results-discusses-plans-reduce-pellet-costs,biomassmagazine.com,20190227T004500Z,English,United States
BECCS,BECCS,"Drax releases 2018 results , discusses plans reduce pellet costs",http://biomassmagazine.com/articles/15979/drax-releases-2018-results-discusses-plans-reduce-pellet-costs/,biomassmagazine.com,20190227T004500Z,English,United States
BECCS,BECCS,Why CO2 removal technologies are becoming more necessary • Earth . com,https://www.earth.com/news/co2-removal-technologies-necessary/,earth.com,20190220T203000Z,English,United States
BECCS,BECCS,Technologies for removing CO2 will need to be integrated into climate policy in 2019,https://www.sciencetimes.com/articles/18241/20190220/technologies-removing-co2-will-need-integrated-climate-policy-2019.htm,sciencetimes.com,20190220T193000Z,English,United States
BECCS,BECCS,Carbon Dioxide Now Being Captured in First of Its Kind BECCS Pilot – Advanced BioFuels united states,https://advancedbiofuelsusa.info/carbon-dioxide-now-being-captured-in-first-of-its-kind-beccs-pilot/,advancedbiofuelsusa.info,20190219T211500Z,English,United States
BECCS,BECCS,co – Advanced BioFuels united states,https://advancedbiofuelsusa.info/tag/co/,advancedbiofuelsusa.info,20190219T211500Z,English,United States
BECCS,BECCS,Technologies for removing CO2 will need to be integrated into climate policy in 2019,https://phys.org/wire-news/312037664/technologies-for-removing-co2-will-need-to-be-integrated-into-cl.html,phys.org,20190219T210000Z,English,United States
BECCS,BECCS,Technologies for removing CO2 will need to be integrated into climate policy in 2019,https://www.eurekalert.org/pub_releases/2019-02/easa-tfr021419.php,eurekalert.org,20190219T173000Z,English,United States
BECCS,BECCS,Drax BECCS pilot captures one ton of CO2 a day : Biofuels Digest,http://www.biofuelsdigest.com/bdigest/2019/02/18/drax-beccs-pilot-captures-one-ton-of-co2-a-day/,biofuelsdigest.com,20190219T040000Z,English,United States
BECCS,BECCS,Drax could help keep the fizz in the drinks sector,https://www.gasworld.com/drax-could-help-keep-the-fizz-in-the-drinks-sector/2016653.article,gasworld.com,20190218T130000Z,English,United States
BECCS,BECCS,Science : Carbon seize on energy stations burning woodchips isnt the inexperienced gamechanger many suppose it [ Report ],http://infosurhoy.com/cocoon/saii/xhtml/en_GB/science/science-carbon-seize-on-energy-stations-burning-woodchips-isnt-the-inexperienced-gamechanger-many-suppose-its-report/,infosurhoy.com,20190216T021500Z,English,United States
BECCS,BECCS,Carbon capture on power stations burning woodchips is not the green gamechanger many think it is,https://phys.org/news/2019-02-carbon-capture-power-stations-woodchips.html,phys.org,20190215T153000Z,English,United States
BECCS,BECCS,The Tiny Swiss Company That Thinks It Can Help Stop Climate Change,https://www.msn.com/en-gb/finance/other/the-tiny-swiss-company-that-thinks-it-can-help-stop-climate-change/ar-BBTC6LL,msn.com,20190215T033000Z,English,United States
BECCS,BECCS,"Biomass - Carbon Dioxide Being Captured in Innovative BECCS Pilot - Renewable Energy Magazine , at the heart of clean energy journalism",https://www.renewableenergymagazine.com/biomass/carbon-dioxide-being-captured-in-innovative-beccs-20190214,renewableenergymagazine.com,20190214T164500Z,English,United States
BECCS,BECCS,"Energy transition : Carbon capture is clean energy , too",https://www.utilitydive.com/news/energy-transition-carbon-capture-is-clean-energy-too/548401/,utilitydive.com,20190214T154500Z,English,United States
BECCS,BECCS,Perceptions of bioenergy with carbon capture and storage in different policy scenarios,https://www.nature.com/articles/s41467-019-08592-5,nature.com,20190214T103000Z,English,United States
BECCS,BECCS,The Tiny Swiss Company That Thinks It Can Help Stop Climate Change,http://www.msn.com/en-gb/news/world/the-tiny-swiss-company-that-thinks-it-can-help-stop-climate-change/ar-BBTz9yV,msn.com,20190214T064500Z,English,United States
BECCS,BECCS,New Report Warns Geoengineering the Climate Is a  Risky Distraction,https://www.desmogblog.com/2019/02/13/ciel-report-fossil-fuels-geoengineering-climate-risky-distraction,desmogblog.com,20190214T031500Z,English,United States
BECCS,BECCS,The Tiny Swiss Company That Thinks It Can Help Stop Climate Change,http://www.msn.com/en-us/money/smallbusiness/the-tiny-swiss-company-that-thinks-it-can-help-stop-climate-change/ar-BBTui6D,msn.com,20190214T013000Z,English,United States
BECCS,BECCS,The Tiny Swiss Company That Thinks It Can Help Stop Climate Change,https://www.nytimes.com/2019/02/12/magazine/climeworks-business-climate-change.html,nytimes.com,20190212T110000Z,English,United States
BECCS,BECCS,BECCS project at Drax begins capturing carbon dioxide,http://biomassmagazine.com/articles/15935/beccs-project-at-drax-begins-capturing-carbon-dioxide,biomassmagazine.com,20190212T083000Z,English,United States
BECCS,BECCS,BECCS project at Drax begins capturing carbon dioxide,http://www.biomassmagazine.com/articles/15935/beccs-project-at-drax-begins-capturing-carbon-dioxide,biomassmagazine.com,20190212T020000Z,English,United States
BECCS,BECCS,"C - Capture raises £3 . 5Min funding round led by BP , Drax and IP Group",https://www.greencarcongress.com/2019/02/20190211-ccapture.html,greencarcongress.com,20190211T123000Z,English,United States
BECCS,BECCS,Drax becomes first to capture CO2 from biomass plant » Kallanish Energy News,http://www.kallanishenergy.com/2019/02/11/drax-becomes-first-to-capture-co2-from-biomass-plant/,kallanishenergy.com,20190211T083000Z,English,United States
BECCS,BECCS,UK Drax Power Station begins carbon capture project,http://www.digitaljournal.com/tech-and-science/technology/uk-s-drax-power-station-begins-carbon-capture-project/article/542900,digitaljournal.com,20190210T193000Z,English,United States
BECCS,BECCS,World first : Drax pilot capturing CO2,https://www.gasworld.com/world-first-drax-pilot-capturing-co2/2016591.article,gasworld.com,20190208T144500Z,English,United States
BECCS,BECCS,CO2 removal expert C - Capture bags GBP 3 . 5m in funding,https://renewablesnow.com/news/co2-removal-expert-c-capture-bags-gbp-35m-in-funding-642035/,renewablesnow.com,20190207T031500Z,English,United States
BECCS,BECCS,2 : 00PM Water Cooler 2 / 6 / 2019 | naked capitalism,https://www.nakedcapitalism.com/2019/02/200pm-water-cooler-2-6-2019.html,nakedcapitalism.com,20190206T213000Z,English,United States
BECCS,BECCS,"C - Capture raises £3 . 5M in funding round led by BP , Drax , IP Group",http://www.biomassmagazine.com/articles/15923/c-capture-raises-l3-5m-in-funding-round-led-by-bp-drax-ip-group,biomassmagazine.com,20190206T031500Z,English,United States
BECCS,BECCS,"C - Capture raises £3 . 5M in funding round led by BP , Drax , IP Group",http://biomassmagazine.com/articles/15923/c-capture-raises-l3-5m-in-funding-round-led-by-bp-drax-ip-group,biomassmagazine.com,20190205T231500Z,English,United States
BECCS,BECCS,2 : 00PM Water Cooler 2 / 5 / 2019 | naked capitalism,https://www.nakedcapitalism.com/2019/02/200pm-water-cooler-2-5-2019.html,nakedcapitalism.com,20190205T204500Z,English,United States
BECCS,BECCS,C - Capture raises £3 . 5m in funding round,https://www.gasworld.com/c-capture-raises-35m-in-funding-round/2016482.article,gasworld.com,20190204T173000Z,English,United States
BECCS,BECCS,Book Excerpt : The Uninhabitable Earth by David Wallace - Wells,http://nymag.com/intelligencer/2019/02/book-excerpt-the-uninhabitable-earth-david-wallace-wells.html,nymag.com,20190204T113000Z,English,United States
BECCS,BECCS,"Monthly Review | February 2019 ( Volume 70 , Number 9 )",https://monthlyreview.org/2019/02/01/mr-070-09-2019-02_0/,monthlyreview.org,20190201T234500Z,English,United States
BECCS,BECCS,Can we tweak marine chemistry to help stave off climate change ?,https://www.greenbiz.com/article/can-we-tweak-marine-chemistry-help-stave-climate-change,greenbiz.com,20190327T100000Z,English,United States
BECCS,BECCS,GUEST COLUMN : A post - blizzard view from eastern El Paso County,https://gazette.com/opinion/columnists/guest-column-a-post-blizzard-view-from-eastern-el-paso/article_9b94311a-4b26-11e9-8a9b-8f3d5395c396.html,gazette.com,20190321T123000Z,English,United States
BECCS,BECCS,Can we tweak marine chemistry to help stave off climate change ?,https://www.theintelligencer.com/news/article/Can-we-tweak-marine-chemistry-to-help-stave-off-13681419.php,theintelligencer.com,20190319T053000Z,English,United States
BECCS,BECCS,Can we tweak marine chemistry to help stave off climate change ?,http://www.terradaily.com/reports/Can_we_tweak_marine_chemistry_to_help_stave_off_climate_change_999.html,terradaily.com,20190313T090000Z,English,United States
BECCS,BECCS,Can we tweak marine chemistry to help stave off climate change ?,https://phys.org/news/2019-03-tweak-marine-chemistry-stave-climate.html,phys.org,20190312T140000Z,English,United States
BECCS,BECCS,Can we tweak marine chemistry to help stave off climate change ?,https://wtop.com/national/2019/03/can-we-tweak-marine-chemistry-to-help-stave-off-climate-change/,wtop.com,20190312T123000Z,English,United States
BECCS,BECCS,Can we tweak marine chemistry to help stave off climate change ?,https://www.sfgate.com/news/article/Can-we-tweak-marine-chemistry-to-help-stave-off-13681419.php,sfgate.com,20190312T121500Z,English,United States
BECCS,BECCS,Can we tweak marine chemistry to help stave off climate change ?,https://www.chron.com/news/article/Can-we-tweak-marine-chemistry-to-help-stave-off-13681419.php,chron.com,20190312T120000Z,English,United States
BECCS,BECCS,Can we tweak marine chemistry to help stave off climate change ?,https://www.sfchronicle.com/news/article/Can-we-tweak-marine-chemistry-to-help-stave-off-13681419.php,sfchronicle.com,20190312T113000Z,English,United States
BECCS,BECCS,Facing Extinction  | Peak Oil News and Message Boards,https://peakoil.com/generalideas/facing-extinction/comment-page-1,peakoil.com,20190305T040000Z,English,United States
BECCS,BECCS,2 : 00PM Water Cooler 4 / 29 / 2019 | naked capitalism,https://www.nakedcapitalism.com/2019/04/200pm-water-cooler-4-29-2019.html,nakedcapitalism.com,20190429T183000Z,English,United States
BECCS,BECCS,Drax Group CEO : CCUS key to achieving climate targets,https://www.worldcoal.com/power/26042019/drax-group-ceo-ccus-key-to-achieving-climate-targets/,worldcoal.com,20190426T123000Z,English,United States
BECCS,BECCS,Research Shows Carbon - Negative Power Generation can Reduce Atmospheric CO2 Levels in China,https://www.azocleantech.com/news.aspx?newsID=26239,azocleantech.com,20190422T134500Z,English,United States
BECCS,BECCS,Can Climeworks Save the World from Climate Change ?,https://www.digitaltrends.com/cool-tech/climeworks-carbon-capture-technology/,digitaltrends.com,20190422T084500Z,English,United States
BECCS,BECCS,Meltdown | National Affairs,https://www.nationalaffairs.com/blog/detail/findings-a-daily-roundup/meltdown,nationalaffairs.com,20190417T190000Z,English,United States
BECCS,BECCS,IEA Challenged to Address Limits to Negative Emissions,https://www.forbes.com/sites/andystone/2019/04/15/iea-challenged-to-address-limits-of-negative-emissions/,forbes.com,20190415T230000Z,English,United States
BECCS,BECCS,Carbon - negative power generation for China,https://eurekalert.org/pub_releases/2019-04/hjap-cpg040819.php,eurekalert.org,20190413T010000Z,English,United States
BECCS,BECCS,No shortcuts : The climate revolution must be ecosocialist,https://climateandcapitalism.com/2019/04/12/no-shortcuts-the-climate-revolution-must-be-ecosocialist/,climateandcapitalism.com,20190412T143000Z,English,United States
BECCS,BECCS,George Monbiot Q + A – How rejuvenating nature could help fight climate change,https://scienceblogs.com/conversation/20190411/george-monbiot-q-how-rejuvenating-nature-could-help-fight-climate-change,scienceblogs.com,20190411T171500Z,English,United States
BECCS,BECCS,George Monbiot Q + A – How rejuvenating nature could help fight climate change,https://phys.org/news/2019-04-george-monbiot-rejuvenating-nature-climate.html,phys.org,20190411T143000Z,English,United States
BECCS,BECCS,Taiwanese Ambassador visits Drax power plant,https://www.worldcoal.com/power/10042019/taiwanese-ambassador-visits-drax-power-plant/,worldcoal.com,20190410T093000Z,English,United States
BECCS,BECCS,A carbon - negative power source could reduce CO2 concentrations and air pollution in China,http://www.innovationtoronto.com/2019/04/a-carbon-negative-power-source-could-reduce-co2-concentrations-and-air-pollution-in-china/,innovationtoronto.com,20190410T090000Z,English,United States
BECCS,BECCS,"Climate change  evil twin  Ocean Acidification ( and problem stepchild , Ocean Hypoxia )",https://dissidentvoice.org/2019/04/climate-changes-evil-twin-ocean-acidification-and-problem-stepchild-ocean-hypoxia/,dissidentvoice.org,20190409T044500Z,English,United States
BECCS,BECCS,Carbon - negative power generation for China | Harvard John A . Paulson School of Engineering and Applied Sciences,https://www.seas.harvard.edu/news/2019/04/carbon-negative-power-generation-for-china,seas.harvard.edu,20190409T033000Z,English,United States
BECCS,BECCS,Carbon - negative power generation for China : Reducing CO<sub>2< / sub> concretions and air pollution in the atmosphere,https://www.sciencedaily.com/releases/2019/04/190408161615.htm,sciencedaily.com,20190409T021500Z,English,United States
BECCS,BECCS,Carbon - negative power generation for China,https://www.eurekalert.org/pub_releases/2019-04/hjap-cpg040819.php,eurekalert.org,20190408T221500Z,English,United States
BECCS,BECCS,Carbon - negative power generation for China,https://phys.org/news/2019-04-carbon-negative-power-china.html,phys.org,20190408T201500Z,English,United States
BECCS,BECCS,Promises and perils of the Paris Agreement,https://science.sciencemag.org/content/364/6443/829,science.sciencemag.org,20190530T214500Z,English,United States
BECCS,BECCS,We can limit global warming to 1 . 5 degrees with nature help | Blog | Nature,http://www.pbs.org/wnet/nature/blog/we-can-limit-global-warming-to-1-5-degrees-with-natures-help/,pbs.org,20190530T121500Z,English,United States
BECCS,BECCS,Drax : Energy companies announce new zero - carbon united kingdom partnership,http://www.biomassmagazine.com/articles/16199/drax-energy-companies-announce-new-zero-carbon-uk-partnership,biomassmagazine.com,20190530T013000Z,English,United States
BECCS,BECCS,Drax : Energy companies announce new zero - carbon united kingdom partnership,http://biomassmagazine.com/articles/16199/drax-energy-companies-announce-new-zero-carbon-uk-partnership,biomassmagazine.com,20190529T234500Z,English,United States
BECCS,BECCS,Drax Group To Partner With Equinor & National Grid On united kingdom First Zero Carbon Cluster,https://cleantechnica.com/2019/05/29/drax-group-to-partner-with-equinor-national-grid-on-uks-first-zero-carbon-cluster/,cleantechnica.com,20190529T064500Z,English,United States
BECCS,BECCS,"Drax , Equinor and National Grid Ventures sign MoU",https://www.gasworld.com/drax-equinor-and-national-grid-ventures-sign-mou/2017247.article,gasworld.com,20190528T144500Z,English,United States
BECCS,BECCS,UK official visits bioenergy carbon capture project at Drax,http://biomassmagazine.com/articles/16180/uk-official-visits-bioenergy-carbon-capture-project-at-drax,biomassmagazine.com,20190526T104500Z,English,United States
BECCS,BECCS,Worker reflects 50 years on from building giant Drax power plant chimney,https://www.worldcoal.com/power/24052019/worker-reflects-50-years-on-from-building-giant-drax-power-plant-chimney/,worldcoal.com,20190524T120000Z,English,United States
BECCS,BECCS,UK official visits bioenergy carbon capture project at Drax,http://www.biomassmagazine.com/articles/16180/uk-official-visits-bioenergy-carbon-capture-project-at-drax,biomassmagazine.com,20190522T001500Z,English,United States
BECCS,BECCS,"The Simple , Yet Elusive , Key To Fighting The Climate Crisis",https://globalpossibilities.org/the-simple-yet-elusive-key-to-fighting-the-climate-crisis/,globalpossibilities.org,20190510T034500Z,English,United States
BECCS,BECCS,"The Simple , Yet Elusive , Key To Fighting The Climate Crisis",https://cleantechnica.com/2019/05/09/the-simple-yet-elusive-key-to-fighting-the-climate-crisis/,cleantechnica.com,20190509T221500Z,English,United States
BECCS,BECCS,UK Milestone : One Week Without Coal - Fired Generation,https://www.powermag.com/uk-milestone-one-week-without-coal-fired-generation/,powermag.com,20190508T173000Z,English,United States
BECCS,BECCS,"A million species risk extinction , are we one of them ?",http://www.terradaily.com/reports/A_million_species_risk_extinction_are_we_one_of_them_999.html,terradaily.com,20190507T120000Z,English,United States
BECCS,BECCS,"Save Nature to save ourselves , UN report pleads",http://www.terradaily.com/reports/Save_Nature_to_save_ourselves_UN_report_pleads_999.html,terradaily.com,20190507T120000Z,English,United States
BECCS,BECCS,"UK report targets net - zero GHG emissions , bioenergy can help",http://www.biomassmagazine.com/articles/16136/uk-report-targets-net-zero-ghg-emissions-bioenergy-can-help,biomassmagazine.com,20190507T001500Z,English,United States
BECCS,BECCS,"UK report targets net - zero GHG emissions , bioenergy can help",http://biomassmagazine.com/articles/16136/uk-report-targets-net-zero-ghg-emissions-bioenergy-can-help,biomassmagazine.com,20190506T233000Z,English,United States
BECCS,BECCS,"Nature under siege as a million species face extinction , UN warns",http://www.spacedaily.com/afp/190506164012.z1j91bes.html,spacedaily.com,20190506T174500Z,English,United States
BECCS,BECCS,"Nature under siege as a million species face extinction , UN warns",https://news.yahoo.com/nature-under-siege-million-species-face-extinction-un-163956809.html,news.yahoo.com,20190506T173000Z,English,United States
BECCS,BECCS,"Save Nature to save ourselves , UN report pleads",https://www.yahoo.com/news/million-species-risk-extinction-one-them-085309131.html,yahoo.com,20190506T154500Z,English,United States
BECCS,BECCS,"wildsingapore news : A million species risk extinction , are we one of them ?",https://wildsingaporenews.blogspot.com/2019/05/a-million-species-risk-extinction-are.html,wildsingaporenews.blogspot.com,20190506T133000Z,English,United States
BECCS,BECCS,"Save Nature to save ourselves , UN report pleads",http://www.spacedaily.com/afp/190506111753.2qpp45j9.html,spacedaily.com,20190506T121500Z,English,United States
BECCS,BECCS,"A million species risk extinction , are we one of them ?",https://www.rawstory.com/2019/05/a-million-species-risk-extinction-are-we-one-of-them/,rawstory.com,20190506T104500Z,English,United States
BECCS,BECCS,"A million species risk extinction , are we one of them ?",https://phys.org/news/2019-05-million-species-extinction.html,phys.org,20190506T103000Z,English,United States
BECCS,BECCS,"A million species risk extinction , are we one of them ?",https://www.afp.com/en/news/15/million-species-risk-extinction-are-we-one-them-doc-1g61qw1,afp.com,20190506T100000Z,English,United States
BECCS,BECCS,"A million species risk extinction , are we one of them ?",http://www.spacedaily.com/afp/190506085326.8j6asd9z.html,spacedaily.com,20190506T094500Z,English,United States
BECCS,BECCS,"A million species risk extinction , are we one of them ?",https://www.msn.com/en-us/news/technology/a-million-species-risk-extinction-are-we-one-of-them/ar-AAAXSye,msn.com,20190506T091500Z,English,United States
BECCS,BECCS,"A million species risk extinction , are we one of them ?",https://news.yahoo.com/million-species-risk-extinction-one-them-085309131.html,news.yahoo.com,20190506T091500Z,English,United States
BECCS,BECCS,UK Net - Zero Carbon Proposal for 2050 Sees Big Role for BECCS and Aviation Biofuel – Advanced BioFuels united states,https://advancedbiofuelsusa.info/uks-net-zero-carbon-proposal-for-2050-sees-big-role-for-beccs-and-aviation-biofuel/,advancedbiofuelsusa.info,20190503T190000Z,English,United States
BECCS,BECCS,A Red - Green Manifesto for the 21st Century - International Viewpoint,http://internationalviewpoint.org/spip.php?article6038,internationalviewpoint.org,20190503T013000Z,English,United States
BECCS,BECCS,UK net - zero carbon proposal for 2050 sees big role for BECCS and aviation biofuel : Biofuels Digest,http://www.biofuelsdigest.com/bdigest/2019/05/02/uks-net-zero-carbon-proposal-for-2050-sees-big-role-for-beccs-and-aviation-biofuel/,biofuelsdigest.com,20190503T000000Z,English,United States
BECCS,BECCS,The united kingdom net - zero target must address oil and gas extraction too,http://priceofoil.org/2019/05/02/the-uks-net-zero-target-must-address-oil-and-gas-extraction-too/,priceofoil.org,20190502T204500Z,English,United States
BECCS,BECCS,Enviro groups call on united kingdom to end subsidies for biomass,https://renewablesnow.com/news/enviro-groups-call-on-uk-to-end-subsidies-for-biomass-652657/,renewablesnow.com,20190502T133000Z,English,United States
BECCS,BECCS,What does net zero mean ?,https://www.greenbiz.com/article/what-does-net-zero-mean,greenbiz.com,20190502T100000Z,English,United States
BECCS,BECCS,"Can direct air capture technology save us from global warming ?  By the end of the century , DAC could require the equivalent of over half of today global energy needs  – Desdemona Despair",https://desdemonadespair.net/2019/07/can-direct-air-capture-technology-save-us-from-global-warming-by-the-end-of-the-century-dac-could-require-the-equivalent-of-over-half-of-todays-global-energy-needs.html,desdemonadespair.net,20190722T203000Z,English,United States
BECCS,BECCS,Carbon Removal Will This Technology Overcome the Funding Hurdle ?,https://www.lexology.com/library/detail.aspx?g=c829c8e6-4090-4046-a748-fe28bf1c9859,lexology.com,20190722T124500Z,English,United States
BECCS,BECCS,2 : 00PM Water Cooler 7 / 18 / 2019 | naked capitalism,https://www.nakedcapitalism.com/2019/07/200pm-water-cooler-7-18-2019.html,nakedcapitalism.com,20190718T203000Z,English,United States
BECCS,BECCS,A Massive Plan To Expand Forests - And Save The World,https://www.nrdc.org/experts/sasha-stashwick/massive-plan-expand-forests-and-save-world,nrdc.org,20190711T200000Z,English,United States
BECCS,BECCS,How Far Can Technology Go to Stave Off Climate Change ?,https://e360.yale.edu/features/how_far_can_technology_go_to_stave_off_climate_change,e360.yale.edu,20190709T190000Z,English,United States
BECCS,BECCS,C - Capture secures grant to scale up Drax carbon capture pilot,http://biomassmagazine.com/articles/16292/c-capture-secures-grant-to-scale-up-drax-carbon-capture-pilot,biomassmagazine.com,20190705T093000Z,English,United States
BECCS,BECCS,C - Capture secures grant to scale up Drax carbon capture pilot,http://www.biomassmagazine.com/articles/16292/c-capture-secures-grant-to-scale-up-drax-carbon-capture-pilot,biomassmagazine.com,20190703T234500Z,English,United States
BECCS,BECCS,FuelCell ( FCEL ) Surges on Deal with Drax Power Station – Wall Street Newscast,https://wallstreetnewscast.com/fcel-0702/,wallstreetnewscast.com,20190703T211500Z,English,United States
BECCS,BECCS,"As coal crumbles , Dem asks what about the miners ?",http://www.buffalobulletin.com/news/state/article_1b385894-9daa-11e9-94e5-5f324e02566b.html,buffalobulletin.com,20190703T191500Z,English,United States
BECCS,BECCS,"FROM WYOFILE : As coal crumbles , Dem asks what about the miners ?",https://www.gillettenewsrecord.com/news/wyoming/article_9c68510a-26ff-592b-bc6a-ea0f0a934cbf.html,gillettenewsrecord.com,20190703T183000Z,English,United States
BECCS,BECCS,The Real Climate Debate  | Peak Oil News and Message Boards,https://peakoil.com/publicpolicy/the-real-climate-debate/comment-page-2,peakoil.com,20190702T181500Z,English,United States
BECCS,BECCS,"As coal crumbles , Dem asks what about the miners ?",https://www.wyofile.com/as-coal-crumbles-dem-asks-what-about-the-miners/,wyofile.com,20190702T113000Z,English,United States
BECCS,BECCS,"FuelCell Energy , Inc . - FuelCell Energy Announces New Carbon Capture Project with Drax Power Station",https://electricenergyonline.com/article/energy/category/generation/52/777537/fuelcell-energy-announces-new-carbon-capture-project-with-drax-power-station.html,electricenergyonline.com,20190702T051500Z,English,United States
BECCS,BECCS,Warming delusion,https://craigmedred.news/2019/06/30/warmings-delusion/,craigmedred.news,20190701T071500Z,English,United States
BECCS,BECCS,POWER Digest [ July 2019 ],https://www.powermag.com/power-digest-july-2019/,powermag.com,20190701T041500Z,English,United States
BECCS,BECCS,Scientific Case for Wood Bioenergy Grows Stronger,http://www.biomassmagazine.com/articles/16487/scientific-case-for-wood-bioenergy-grows-stronger,biomassmagazine.com,20190927T184500Z,English,United States
BECCS,BECCS,Scientific Case for Wood Bioenergy Grows Stronger,http://biomassmagazine.com/articles/16487/scientific-case-for-wood-bioenergy-grows-stronger,biomassmagazine.com,20190927T163000Z,English,United States
BECCS,BECCS,Climate Change and Technology,https://www.counterpunch.org/2019/09/27/climate-change-and-technology/,counterpunch.org,20190927T093000Z,English,United States
BECCS,BECCS,The IEA Hidden Negative Emissions Gamble - Oil Change International,http://priceofoil.org/2019/09/24/iea-hidden-negative-emissions-gamble/,priceofoil.org,20190925T043000Z,English,United States
BECCS,BECCS,Task 40  Deployment of Biobased Value Chains  – Advanced BioFuels united states,https://advancedbiofuelsusa.info/task-40-deployment-of-biobased-value-chains/,advancedbiofuelsusa.info,20190919T231500Z,English,United States
BECCS,BECCS,The Best Way to Save Nature ? More Nature,https://news.yahoo.com/best-way-save-nature-more-111440061.html,news.yahoo.com,20190912T120000Z,English,United States
BECCS,BECCS,Can  Rewilding  Land Help Address Climate Change ?,https://time.com/5669025/rewild-land-europe/,time.com,20190912T114500Z,English,United States
BECCS,BECCS,Transforming Plastic : Common Bioplastics | MOTHER EARTH NEWS,https://www.motherearthnews.com/nature-and-environment/environmental-policy/common-bioplastics-ze0z1908zsta,motherearthnews.com,20190907T074500Z,English,United States
BECCS,BECCS,C - Capture partners with SINTEF,https://www.gasworld.com/c-capture-partners-with-sintef/2017733.article,gasworld.com,20190904T151500Z,English,United States
BECCS,BECCS,Decoding the IEA Scenario Spin : Real reform or more of the same ?,http://priceofoil.org/2019/11/01/decoding-the-ieas-scenario-spin-real-reform-or-more-of-the-same/,priceofoil.org,20191101T203000Z,English,United States
BECCS,BECCS,"How Forests , Farms , and Fields Can Become a Net Carbon Sink in 20 Years",https://www.ecosystemmarketplace.com/articles/19947/,ecosystemmarketplace.com,20191101T103000Z,English,United States
BECCS,BECCS,Monthly Review | On Fire This Time,https://monthlyreview.org/2019/11/01/on-fire-this-time/,monthlyreview.org,20191101T063000Z,English,United States
BECCS,BECCS,"With looming loss of European subsidy , wood pellet industry faces turning point",https://www.energycentral.com/c/pip/looming-loss-european-subsidy-wood-pellet-industry-faces-turning-point,energycentral.com,20191029T161500Z,English,United States
BECCS,BECCS,"With looming loss of European subsidy , wood pellet industry faces turning point",https://energynews.us/2019/10/29/southeast/with-looming-loss-of-european-subsidy-wood-pellet-industry-faces-turning-point/,energynews.us,20191029T131500Z,English,United States
BECCS,BECCS,Big Food is Betting on Regenerative Agriculture to Thwart Climate Change,https://civileats.com/2019/10/29/big-food-is-betting-on-regenerative-agriculture-to-thwart-climate-change/,civileats.com,20191029T093000Z,English,United States
BECCS,BECCS,"Climate engineering : International meeting reveals tensions : Lack of transparency impedes collaboration , excludes developing world",https://www.sciencedaily.com/releases/2019/10/191028164351.htm,sciencedaily.com,20191028T221500Z,English,United States
BECCS,BECCS,A Carbon - Neutral Land Sector by 2040 ? Here How to Get There,https://www.wri.org/blog/2019/10/carbon-neutral-land-sector-2040-heres-how-get-there,wri.org,20191028T201500Z,English,United States
BECCS,BECCS,Climate engineering : International meeting reveals tensions,https://www.eurekalert.org/pub_releases/2019-10/uoc--cei102819.php,eurekalert.org,20191028T193000Z,English,United States
BECCS,BECCS,Inside the new carbon economy,https://www.greenbiz.com/article/inside-new-carbon-economy,greenbiz.com,20191028T171500Z,English,United States
BECCS,BECCS,Debunked : Myth Of Green Growth - Financial Times - Annotated,https://www.science20.com/robert_walker/debunked_myth_of_green_growth_financial_times_annotated-243086,science20.com,20191027T013000Z,English,United States
BECCS,BECCS,A Roadmap to Make the Land Sector Carbon Neutral by 2040 – Advanced BioFuels united states,https://advancedbiofuelsusa.info/a-roadmap-to-make-the-land-sector-carbon-neutral-by-2040/,advancedbiofuelsusa.info,20191024T200000Z,English,United States
BECCS,BECCS,2 : 00PM Water Cooler 10 / 22 / 2019 | naked capitalism,https://www.nakedcapitalism.com/2019/10/200pm-water-cooler-10-22-2019-2.html,nakedcapitalism.com,20191023T191500Z,English,United States
BECCS,BECCS,A roadmap to make the land sector carbon neutral by 2040,https://www.sciencedaily.com/releases/2019/10/191023104624.htm,sciencedaily.com,20191023T184500Z,English,United States
BECCS,BECCS,A roadmap to make the land sector carbon neutral by 2040,https://www.eurekalert.org/pub_releases/2019-10/iifa-art102319.php,eurekalert.org,20191023T143000Z,English,United States
BECCS,BECCS,Environmental News Network - Assessing the Benefits and Risks of Land - Based Greenhouse Gas Removal,https://www.enn.com/articles/60370-assessing-the-benefits-and-risks-of-land-based-greenhouse-gas-removal,enn.com,20191022T170000Z,English,United States
BECCS,BECCS,Assessing the benefits and risks of land - based greenhouse gas removal,https://www.eurekalert.org/pub_releases/2019-10/iifa-atb101819.php,eurekalert.org,20191021T161500Z,English,United States
BECCS,BECCS,Assessing the benefits and risks of land - based greenhouse gas removal,https://www.sciencedaily.com/releases/2019/10/191021094004.htm,sciencedaily.com,20191021T150000Z,English,United States
BECCS,BECCS,Assessing the benefits and risks of land - based greenhouse gas removal,https://phys.org/news/2019-10-benefits-land-based-greenhouse-gas.html,phys.org,20191021T150000Z,English,United States
BECCS,BECCS,Assessing the benefits and risks of land - based greenhouse gas removal,https://www.newswise.com/articles/assessing-the-benefits-and-risks-of-land-based-greenhouse-gas-removal,newswise.com,20191018T131500Z,English,United States
BECCS,BECCS,Extinction Rebellion Give No Reasons For 2025 Zero Emissions Or Claim That Billions Will Die - What Would A Better Objective Be ?,https://www.science20.com/robert_walker/extinction_rebellion_have_no_reasons_for_2025_zero_emissions_or_claim_that_billions_will_die_what_would_a_better,science20.com,20191017T000000Z,English,United States
BECCS,BECCS,A Climate Silver Bullet ? |  Global Possibilities,https://globalpossibilities.org/a-climate-silver-bullet/,globalpossibilities.org,20191015T024500Z,English,United States
BECCS,BECCS,CCS to Become Central to Climate Change Mitigation,https://interestingengineering.com/tables-are-turning-for-carbon-capture-and-storage,interestingengineering.com,20191012T094500Z,English,United States
BECCS,BECCS,A 100 Percent Clean Future - Center for American Progress,https://www.americanprogress.org/issues/green/reports/2019/10/10/475605/100-percent-clean-future/,americanprogress.org,20191010T044500Z,English,United States
BECCS,BECCS,"Global Warming , Market Opportunity",http://bostonreview.net/science-nature/troy-vettese-global-warming-market-opportunity,bostonreview.net,20191009T131500Z,English,United States
BECCS,BECCS,"Global Warming , Market Opportunity",https://bostonreview.net/science-nature/troy-vettese-global-warming-market-opportunity,bostonreview.net,20191008T200000Z,English,United States
BECCS,BECCS,UK Government Climate Advisers Suggest a Pathway towards Net - Zero Aviation Emissions by 2050 – Advanced BioFuels united states,https://advancedbiofuelsusa.info/uk-governments-climate-advisers-suggest-a-pathway-towards-net-zero-aviation-emissions-by-2050/,advancedbiofuelsusa.info,20191007T230000Z,English,United States
BECCS,BECCS,THE MANUFACTURING OF GRETA THUNBERG – FOR CONSENT : THE POLITICAL ECONOMY OF THE NON - PROFIT INDUSTRIAL COMPLEX [ ACT I ],https://www.greanvillepost.com/2019/10/05/the-manufacturing-of-greta-thunberg-for-consent-the-political-economy-of-the-non-profit-industrial-complex-act-i/,greanvillepost.com,20191005T211500Z,English,United States
BECCS,BECCS,2 : 00PM Water Cooler 10 / 2 / 2019 | naked capitalism,https://www.nakedcapitalism.com/2019/10/200pm-water-cooler-10-2-2019.html,nakedcapitalism.com,20191002T181500Z,English,United States
BECCS,BECCS,BECCS to the Future : The Digest 2019 Multi - Slide Guide to ARPA Methane Fuel : Biofuels Digest,http://www.biofuelsdigest.com/bdigest/2019/11/27/beccs-to-the-future-the-digests-2019-multi-slide-guide-to-arpas-methane-fuel/,biofuelsdigest.com,20191128T023000Z,English,United States
BECCS,BECCS,UN Emissions Gap Report - How To Get To 1 . 5°C Path In Graphs - With Paris Pledges In 2020 And 2025,https://www.science20.com/robert_walker/un_emissions_gap_report_how_to_get_to_15degc_path_in_graphs_with_paris_pledges_in_2020_and_2025-243607,science20.com,20191127T073000Z,English,United States
BECCS,BECCS,"IEA Drives Fossil Growth , Climate Breakdown with Latest World Energy Outlook",https://www.energycentral.com/c/ec/iea-drives-fossil-growth-climate-breakdown-latest-world-energy-outlook,energycentral.com,20191118T153000Z,English,United States
BECCS,BECCS,Scientists create meat substitute  made out of air,https://news.yahoo.com/scientists-create-meat-substitute-made-out-of-air-205819021.html,news.yahoo.com,20191113T213000Z,English,United States
BECCS,BECCS,"The IEA and WEO 2019 : Still working for fossil fuels , not global climate goals",http://priceofoil.org/2019/11/13/iea-2019-weo-working-for-fossil-fuels-not-climate/,priceofoil.org,20191113T040000Z,English,United States
BECCS,BECCS,Links 11 / 6 / 19 | naked capitalism,https://www.nakedcapitalism.com/2019/11/links-11-6-19.html,nakedcapitalism.com,20191106T131500Z,English,United States
BECCS,BECCS,The long haul to getting aviation biofuel off the ground,https://www.environmentguru.com/pages/elements/element.aspx?id=26885818,environmentguru.com,20191105T233000Z,English,United States
BECCS,BECCS,Mobilize now against climate disaster - International Viewpoint - online socialist magazine,http://www.internationalviewpoint.org/spip.php?article6277,internationalviewpoint.org,20191105T114500Z,English,United States
BECCS,BECCS,Sustainable bioenergy for climate mitigation : developing drought - tolerant trees and grasses,http://humanitariannews.org/20191102/sustainable-bioenergy-climate-mitigation-developing-drought-tolerant-trees-grasses,humanitariannews.org,20191102T163000Z,English,United States
BECCS,BECCS,Decoding the IEA Scenario Spin : Real reform or more of the same ?,http://priceofoil.org/2019/11/01/decoding-the-ieas-scenario-spin-real-reform-or-more-of-the-same/,priceofoil.org,20191101T203000Z,English,United States
BECCS,BECCS,"How Forests , Farms , and Fields Can Become a Net Carbon Sink in 20 Years",https://www.ecosystemmarketplace.com/articles/19947/,ecosystemmarketplace.com,20191101T103000Z,English,United States
BECCS,BECCS,Monthly Review | On Fire This Time,https://monthlyreview.org/2019/11/01/on-fire-this-time/,monthlyreview.org,20191101T063000Z,English,United States
BECCS,BECCS,How Microsoft carbon - negative plan will test the climate economy,https://www.cnbc.com/2020/01/22/how-microsofts-carbon-negative-plan-will-test-the-climate-economy.html,cnbc.com,20200122T144500Z,English,United States
BECCS,BECCS,Carbon capture and storage : A lot of eggs in a potentially leaky basket | International Council on Clean Transportation,https://theicct.org/blog/staff/carbon-capture-storage-and-leakage,theicct.org,20200120T064500Z,English,United States
BECCS,BECCS,Microsoft Commits to Become Carbon Negative by 2030,https://www.causeartist.com/microsoft-commits-to-become-carbon-negative-by-2030/,causeartist.com,20200118T081500Z,English,United States
BECCS,BECCS,Microsoft promises to be carbon negative by 2030,https://www.datacenterdynamics.com/news/microsoft-promises-be-carbon-negative-2030/,datacenterdynamics.com,20200117T154500Z,English,United States
BECCS,BECCS,Microsoft to retroactively counteract its carbon footprint since 1975,https://www.pcgamesn.com/microsoft/carbon-footprint-2050-goal,pcgamesn.com,20200117T124500Z,English,United States
BECCS,BECCS,"Microsoft Will Spend $1B On  Climate Innovation , Sets  Carbon Negative  Goal",https://www.crn.com/news/cloud/microsoft-will-spend-1b-on-climate-innovation-sets-carbon-negative-goal,crn.com,20200116T214500Z,English,United States
BECCS,BECCS,Microsoft will be carbon negative by 2030 - The Official Microsoft Blog,https://blogs.microsoft.com/blog/2020/01/16/microsoft-will-be-carbon-negative-by-2030/,blogs.microsoft.com,20200116T201500Z,English,United States
BECCS,BECCS,Carbon Capture Technologies : Biomass Industry Unique Opportunity,http://biomassmagazine.com/articles/16698/carbon-capture-technologies-biomass-industryundefineds-unique-opportunity/,biomassmagazine.com,20200110T184500Z,English,United States
BECCS,BECCS,Negative carbon dioxide emissions,https://physicstoday.scitation.org/doi/full/10.1063/PT.3.4389,physicstoday.scitation.org,20200104T201500Z,English,United States
BECCS,BECCS,Negative carbon dioxide emissions,https://physicstoday.scitation.org/doi/10.1063/PT.3.4389,physicstoday.scitation.org,20200101T121500Z,English,United States
BECCS,BECCS,Bernie Sanders and the Socialism Question,https://www.greanvillepost.com/2020/02/29/bernie-sanders-and-the-socialism-question/,greanvillepost.com,20200229T233000Z,English,United States
BECCS,BECCS,Bernie Sanders and the Socialism Question - CounterPunch . org,https://www.counterpunch.org/2020/02/28/bernie-sanders-and-the-socialism-question/,counterpunch.org,20200228T111500Z,English,United States
BECCS,BECCS,Decarbonizing your ride for a more stable climate,https://phys.org/news/2020-02-decarbonizing-stable-climate.html,phys.org,20200227T140000Z,English,United States
BECCS,BECCS,Biomass electricity production sets record in Britain for 2019,http://www.biomassmagazine.com/articles/16838/biomass-electricity-production-sets-record-in-britain-for-2019,biomassmagazine.com,20200227T014500Z,English,United States
BECCS,BECCS,Biomass electricity production sets record in Britain for 2019,http://biomassmagazine.com/articles/16838/biomass-electricity-production-sets-record-in-britain-for-2019,biomassmagazine.com,20200226T234500Z,English,United States
BECCS,BECCS,New land use report urges increase of bioenergy crops in the united kingdom : Biofuels Digest,http://www.biofuelsdigest.com/bdigest/2020/02/23/new-land-use-report-urges-increase-of-bioenergy-crops-in-the-uk/,biofuelsdigest.com,20200223T223000Z,English,United States
BECCS,BECCS,Carbon Capture Technologies : Biomass Industry Unique Opportunity,http://biomassmagazine.com/articles/16698/carbon-capture-technologies-biomass-industryundefineds-unique-opportunity,biomassmagazine.com,20200214T211500Z,English,United States
BECCS,BECCS,Department of Energy Issues Request for Information for Biomass Co - Firing Emission Profiles and Impacts on Carbon Capture,https://www.energy.gov/fe/articles/department-energy-issues-request-information-biomass-co-firing-emission-profiles-and,energy.gov,20200211T181500Z,English,United States
BECCS,BECCS,Department of Energy Issues Request for Information for Biomass Co - Firing Emission Profiles and Impacts on Carbon Capture,https://www.einnews.com/pr_news/509451573/department-of-energy-issues-request-for-information-for-biomass-co-firing-emission-profiles-and-impacts-on-carbon-capture,einnews.com,20200211T154500Z,English,United States
BECCS,BECCS,Department of Energy Issues Request for Information for Biomass Co - Firing Emission Profiles and Impacts on Carbon Capture,https://energy.einnews.com/pr_news/509451573/department-of-energy-issues-request-for-information-for-biomass-co-firing-emission-profiles-and-impacts-on-carbon-capture,energy.einnews.com,20200211T154500Z,English,United States
BECCS,BECCS,"So - called  negative emission might actually work , at least in California",http://humanitariannews.org/20200211/so-called-negative-emissions-might-actually-work-least-california,humanitariannews.org,20200211T101500Z,English,United States
BECCS,BECCS,"So - called  negative emission might actually work , at least in California",https://grist.org/climate/so-called-negative-emissions-might-actually-work-at-least-in-california/,grist.org,20200211T093000Z,English,United States
BECCS,BECCS,Why coal use must plummet this decade to keep global warming below 1 . 5C,https://skepticalscience.com/coal-must-plummet-this-decade-for-15C.html,skepticalscience.com,20200210T084500Z,English,United States
BECCS,BECCS,Britain Is Getting Ready to Scale Up Negative - Emissions Technology,https://finance.yahoo.com/news/britain-getting-ready-scale-negative-050013580.html,finance.yahoo.com,20200207T150000Z,English,United States
BECCS,BECCS,Britain Is Getting Ready to Scale Up Negative - Emissions Technology,https://finance.yahoo.com/news/britain-getting-ready-scale-negative-050013900.html,finance.yahoo.com,20200207T141500Z,English,United States
BECCS,BECCS,OPINION : Why  net zero  is not good enough,http://news.trust.org/item/20200205160427-r1ydk/,news.trust.org,20200205T183000Z,English,United States
BECCS,BECCS,OPINION : Why  net zero  is not good enough,http://news.trust.org/item/20200205160427-r1ydk,news.trust.org,20200205T171500Z,English,United States
BECCS,BECCS,"Forests : Carbon sequestration , biomass energy , or both ?",https://advances.sciencemag.org/content/6/13/eaay6792,advances.sciencemag.org,20200325T220000Z,English,United States
BECCS,BECCS,Edited Transcript of DRX . L earnings conference call or presentation 27 - Feb - 20 9 : 00am GMT,https://finance.yahoo.com/news/edited-transcript-drx-l-earnings-214456270.html,finance.yahoo.com,20200323T233000Z,English,United States
BECCS,BECCS,Study : Biomass fuels can significantly mitigate global warming,https://www.aberdeennews.com/farm_forum/study-biomass-fuels-can-significantly-mitigate-global-warming/article_398310bc-648a-11ea-b384-330b0a898194.html,aberdeennews.com,20200317T141500Z,English,United States
BECCS,BECCS,Biomass fuels can significantly mitigate global warming,https://www.sciencedaily.com/releases/2020/03/200310094244.htm,sciencedaily.com,20200316T164500Z,English,United States
BECCS,BECCS,"Biofuels from grass  mitigates global warming , researchers reveal | Biofuels International Magazine",https://biofuels-news.com/news/biofuels-from-grass-mitigates-global-warming-researchers-reveal/,biofuels-news.com,20200316T104500Z,English,United States
BECCS,BECCS,Biomass Fuels Can Significantly Mitigate Global Warming,https://www.labmanager.com/news/biomass-fuels-can-significantly-mitigate-global-warming-21973,labmanager.com,20200313T161500Z,English,United States
BECCS,BECCS,UK government looks forward to 2030 ( and beyond ) with CfD consultation,https://www.lexology.com/library/detail.aspx?g=4d7ee155-c5e0-4c73-ada5-50916dbb4473,lexology.com,20200313T123000Z,English,United States
BECCS,BECCS,The Loopholes Lurking in BP New Climate Aims - Oil Change International,http://priceofoil.org/2020/03/11/the-loopholes-lurking-in-bps-new-climate-aims/,priceofoil.org,20200311T163000Z,English,United States
BECCS,BECCS,Biomass Fuels Can Significantly Mitigate Global Warming – Homeland Security Today,https://www.hstoday.us/subject-matter-areas/education-and-training/biomass-fuels-can-significantly-mitigate-global-warming/,hstoday.us,20200311T144500Z,English,United States
BECCS,BECCS,Study Tests Global Warming Mitigation Capacity of Biofuels from Various Crops,https://www.azocleantech.com/news.aspx?newsID=27082,azocleantech.com,20200311T144500Z,English,United States
BECCS,BECCS,Biomass fuels can significantly mitigate global warming,https://eurekalert.org/pub_releases/2020-03/aabu-bfc030920.php,eurekalert.org,20200310T234500Z,English,United States
BECCS,BECCS,Biofuels can greatly reduce carbon emissions : Study,https://www.coloradostar.com/news/264266795/biofuels-can-greatly-reduce-carbon-emissions-study,coloradostar.com,20200310T111500Z,English,United States
BECCS,BECCS,Biomass fuels can significantly mitigate global warming,https://phys.org/news/2020-03-biomass-fuels-significantly-mitigate-global.html,phys.org,20200310T080000Z,English,United States
BECCS,BECCS,Biomass fuels can significantly mitigate global warming,https://www.eurekalert.org/pub_releases/2020-03/aabu-bfc030920.php,eurekalert.org,20200310T043000Z,English,United States
BECCS,BECCS,A Preview Of Key Energy Challenges For The 2020s,https://www.forbes.com/sites/andystone/2020/03/02/a-preview-of-key-energy-challenges-for-the-2020s/,forbes.com,20200302T204500Z,English,United States
BECCS,BECCS,DCD>Energy Smart : Data centers will be vital in the fight against climate change,https://www.datacenterdynamics.com/en/news/dcdenergy-smart-data-centers-will-be-vital-fight-against-climate-change/,datacenterdynamics.com,20200427T113000Z,English,United States
BECCS,BECCS,"Taking the next steps : Stockholm , the Circular City",https://www.datacenterdynamics.com/en/analysis/taking-next-steps-stockholm-circular-city/,datacenterdynamics.com,20200424T123000Z,English,United States
BECCS,BECCS,"Data Centers Accelerate Their Focus on Sustainability , Green Power",https://datacenterfrontier.com/data-centers-accelerate-their-focus-on-sustainability-green-power/,datacenterfrontier.com,20200423T021500Z,English,United States
BECCS,BECCS,Stockholm Exergi pioneering their Bio - Energy Carbon Capture and Storage ( BECCS ) project and district heating,https://www.datacenterdynamics.com/en/event-news/stockholm-exergi-pioneering-their-bio-energy-carbon-capture-and-storage-beccs-project-and-district-heating/,datacenterdynamics.com,20200417T150000Z,English,United States
BECCS,BECCS,Climate Justice and the Ipcc Special Report on Land - The Good Men Project,https://goodmenproject.com/social-justice-2/climate-justice-and-the-ipcc-special-report-on-land/,goodmenproject.com,20200416T133000Z,English,United States
BECCS,BECCS,Biggest Middle Eastern Carbon Capture Plant Commissioned In Qatar,https://medium.com/@trendingresearchnews/biggest-middle-eastern-carbon-capture-plant-commissioned-in-qatar-60ab1c88fc28,medium.com,20200413T143000Z,English,United States
BECCS,BECCS,"Forests : Carbon sequestration , biomass energy , or both ?",https://advances.sciencemag.org/content/6/13/eaay6792.full,advances.sciencemag.org,20200412T143000Z,English,United States
BECCS,BECCS,"To advise on green stimulus , the IEA needs to upgrade its own climate toolbox",http://priceofoil.org/2020/04/09/green-stimulus-iea-needs-to-upgrade-own-climate-toolbox/,priceofoil.org,20200410T001500Z,English,United States
BECCS,BECCS,Governing sun : challenges of geoengineering,https://www.miragenews.com/governing-sun-challenges-of-geoengineering/,miragenews.com,20200406T104500Z,English,United States
BECCS,BECCS,"Report : Biomass , biofuels can help US meet net - zero goal",http://biomassmagazine.com/articles/17176/report-biomass-biofuels-can-help-us-meet-net-zero-goal,biomassmagazine.com,20200701T140000Z,English,United States
BECCS,BECCS,"Report : Biomass , biofuels can help US meet net - zero goal",http://www.biomassmagazine.com/articles/17176/report-biomass-biofuels-can-help-us-meet-net-zero-goal,biomassmagazine.com,20200630T231500Z,English,United States
BECCS,BECCS,Size matters for bioenergy with carbon capture and storage,https://www.sciencedaily.com/releases/2020/06/200629202014.htm,sciencedaily.com,20200630T151500Z,English,United States
BECCS,BECCS,Size matters for Bioenergy with Carbon Capture and Storage as we move to net zero,https://www.miragenews.com/size-matters-for-bioenergy-with-carbon-capture-and-storage-as-we-move-to-net-zero/,miragenews.com,20200630T100000Z,English,United States
BECCS,BECCS,Size matters for bioenergy with carbon capture and storage,https://phys.org/news/2020-06-size-bioenergy-carbon-capture-storage.html,phys.org,20200630T083000Z,English,United States
BECCS,BECCS,Britain Drax to pilot carbon capture with Mitsubishi Heavy Industries,https://www.reuters.com/article/us-drax-carboncapture/britains-drax-to-pilot-carbon-capture-with-mitsubishi-heavy-industries-idUSKBN23U3GT,reuters.com,20200630T081500Z,English,United States
BECCS,BECCS,Size matters for bioenergy with carbon capture and storage,https://www.eurekalert.org/pub_releases/2020-06/uos-smf062920.php,eurekalert.org,20200630T001500Z,English,United States
BECCS,BECCS,"Drax , Mitsubishi piloting bioenergy - carbon capture project in united kingdom",https://www.power-eng.com/2020/06/25/drax-mitsubishi-piloting-bioenergy-carbon-capture-project-in-uk/,power-eng.com,20200625T160000Z,English,United States
BECCS,BECCS,Drax pilots Mitsubishi carbon capture tech at united kingdom power plant,https://www.powerengineeringint.com/renewables/biomass/drax-pilots-mitsubishis-carbon-capture-tech-at-uk-power-plant/,powerengineeringint.com,20200625T111500Z,English,United States
BECCS,BECCS,New BECCS pilot project under development at Drax Power Station,http://www.biomassmagazine.com/articles/17159/new-beccs-pilot-project-under-development-at-drax-power-station,biomassmagazine.com,20200625T003000Z,English,United States
BECCS,BECCS,New BECCS pilot project under development at Drax Power Station,http://biomassmagazine.com/articles/17159/new-beccs-pilot-project-under-development-at-drax-power-station,biomassmagazine.com,20200625T003000Z,English,United States
BECCS,BECCS,Drax and Mitibushi partner on BECCS project,https://www.gasworld.com/drax-and-mitibushi-partner-on-beccs-project/2019367.article,gasworld.com,20200624T120000Z,English,United States
BECCS,BECCS,Britain Drax to pilot carbon capture with Mitsubishi Heavy Industries,https://uk.reuters.com/uk.reuters.com/article/us-drax-carboncapture/britains-drax-to-pilot-carbon-capture-with-mitsubishi-heavy-industries-idUKKBN23U3GT,uk.reuters.com,20200624T073000Z,English,United States
BECCS,BECCS,Negative Emissions Pioneer Drax and Leading Global Carbon Capture Company – Mitsubishi Heavy Industries Group – Announce New BECCS Pilot |,http://cloud.itbusinessnet.com/2020/06/negative-emissions-pioneer-drax-and-leading-global-carbon-capture-company-mitsubishi-heavy-industries-group-announce-new-beccs-pilot/,cloud.itbusinessnet.com,20200624T061500Z,English,United States
BECCS,BECCS,Negative Emissions Pioneer Drax and Leading Global Carbon Capture Company – Mitsubishi Heavy Industries Group – Announce New BECCS Pilot |,http://hardware.itbusinessnet.com/2020/06/negative-emissions-pioneer-drax-and-leading-global-carbon-capture-company-mitsubishi-heavy-industries-group-announce-new-beccs-pilot/,hardware.itbusinessnet.com,20200624T054500Z,English,United States
BECCS,BECCS,Negative Emissions Pioneer Drax and Leading Global Carbon Capture Company – Mitsubishi Heavy Industries Group – Announce New BECCS Pilot |,http://business.itbusinessnet.com/2020/06/negative-emissions-pioneer-drax-and-leading-global-carbon-capture-company-mitsubishi-heavy-industries-group-announce-new-beccs-pilot/,business.itbusinessnet.com,20200624T044500Z,English,United States
BECCS,BECCS,Negative Emissions Pioneer Drax and Leading Global Carbon Capture Company – Mitsubishi Heavy Industries Group – Announce New BECCS Pilot |,http://softwaredev.itbusinessnet.com/2020/06/negative-emissions-pioneer-drax-and-leading-global-carbon-capture-company-mitsubishi-heavy-industries-group-announce-new-beccs-pilot/,softwaredev.itbusinessnet.com,20200624T041500Z,English,United States
BECCS,BECCS,Negative Emissions Pioneer Drax and Leading Global Carbon Capture Company – Mitsubishi Heavy Industries Group – Announce New BECCS Pilot |,http://internet.itbusinessnet.com/2020/06/negative-emissions-pioneer-drax-and-leading-global-carbon-capture-company-mitsubishi-heavy-industries-group-announce-new-beccs-pilot/,internet.itbusinessnet.com,20200624T033000Z,English,United States
BECCS,BECCS,Britain Drax to pilot carbon capture with Mitsubishi Heavy Industries,https://www.agriculture.com/markets/newswire/britains-drax-to-pilot-carbon-capture-with-mitsubishi-heavy-industries,agriculture.com,20200624T023000Z,English,United States
BECCS,BECCS,Britain Drax to pilot carbon capture with Mitsubishi Heavy Industries,https://uk.finance.yahoo.com/news/britains-drax-pilot-carbon-capture-230450358.html,uk.finance.yahoo.com,20200624T001500Z,English,United States
BECCS,BECCS,Britain Drax to pilot carbon capture with Mitsubishi Heavy Industries,https://uk.reuters.com/article/us-drax-carboncapture/britains-drax-to-pilot-carbon-capture-with-mitsubishi-heavy-industries-idUKKBN23U3GT,uk.reuters.com,20200624T000000Z,English,United States
BECCS,BECCS,Britain Drax to pilot carbon capture with Mitsubishi Heavy Industries,https://www.reuters.com/article/us-drax-carboncapture-idUSKBN23U3GT,reuters.com,20200623T234500Z,English,United States
BECCS,BECCS,Global carbon capture and storage pipeline grows by 10 large - scale facilities,https://www.powerengineeringint.com/emissions-environment/global-carbon-capture-and-storage-pipeline-grows-by-10-large-scale-facilities/,powerengineeringint.com,20200617T074500Z,English,United States
BECCS,BECCS,"USIPA , REA criticize Ember report on carbon neutrality of biomass",http://biomassmagazine.com/articles/17142/usipa-rea-criticize-ember-report-on-carbon-neutrality-of-biomass,biomassmagazine.com,20200617T064500Z,English,United States
BECCS,BECCS,"USIPA , REA criticize Ember report on carbon neutrality of biomass",http://www.biomassmagazine.com/articles/17142/usipa-rea-criticize-ember-report-on-carbon-neutrality-of-biomass,biomassmagazine.com,20200617T000000Z,English,United States
BECCS,BECCS,A brief history of climate targets and technological promises,https://www.skepticalscience.com/history-climate-targets-tech-promises.html,skepticalscience.com,20200616T071500Z,English,United States
BECCS,BECCS,6 Ways to Remove Carbon Pollution from the Sky,https://www.wri.org/blog/2020/06/6-ways-remove-carbon-pollution-sky,wri.org,20200609T210000Z,English,United States
BECCS,BECCS,Global carbon capture and storage pipeline grows by 10 large - scale facilities,https://www.power-eng.com/2020/06/09/global-carbon-capture-and-storage-pipeline-grows-by-10-large-scale-facilities/,power-eng.com,20200609T164500Z,English,United States
BECCS,BECCS,Inside Microsoft Mission to Go Carbon Negative,https://ca.finance.yahoo.com/news/inside-microsoft-mission-carbon-negative-090011286.html,ca.finance.yahoo.com,20200609T094500Z,English,United States
BECCS,BECCS,Global CCS Institute adds 10 new projects to global database : Biofuels Digest,http://www.biofuelsdigest.com/bdigest/2020/06/08/global-ccs-institute-adds-10-new-projects-to-global-database/,biofuelsdigest.com,20200609T001500Z,English,United States
BECCS,BECCS,CCS pipeline grows by 10,https://www.gasworld.com/ccs-pipeline-grows-by-10/2019279.article,gasworld.com,20200608T101500Z,English,United States
BECCS,BECCS,Inside Microsoft Mission to Go Carbon Negative,https://finance.yahoo.com/news/inside-microsoft-mission-carbon-negative-090011286.html,finance.yahoo.com,20200608T010000Z,English,United States
BECCS,BECCS,Inside Microsoft mission to go carbon negative | Seattle Times,https://www.union-bulletin.com/seattle_times/inside-microsoft-s-mission-to-go-carbon-negative/article_81755c6c-36eb-51fd-bfbd-2f017e83b2cd.html,union-bulletin.com,20200607T124500Z,English,United States
BECCS,BECCS,Making sense of climate scenarios : Toolkit for decision - makers launched,https://phys.org/news/2020-06-climate-scenarios-toolkit-decision-makers.html,phys.org,20200605T133000Z,English,United States
BECCS,BECCS,Inside Microsoft Mission to Go Carbon Negative,https://finance.yahoo.com/news/inside-microsoft-mission-carbon-negative-090011910.html,finance.yahoo.com,20200605T014500Z,English,United States
BECCS,BECCS,Inside Microsoft Mission to Go Carbon Negative | Data Center Knowledge,https://www.datacenterknowledge.com:443/energy/inside-microsoft-s-mission-go-carbon-negative,datacenterknowledge.com,20200604T200000Z,English,United States
BECCS,BECCS,Inside Microsoft Mission to Go Carbon Negative,https://www.msn.com/en-us/finance/markets/inside-microsoft-e2-80-99s-mission-to-go-carbon-negative/ar-BB151mlT,msn.com,20200604T110000Z,English,United States
BECCS,BECCS,Making sense of climate scenarios : New toolkit available for decision makers,https://www.newswise.com/articles/making-sense-of-climate-scenarios-new-toolkit-available-for-decision-makers,newswise.com,20200603T123000Z,English,United States
BECCS,BECCS,Making sense of climate scenarios : New toolkit available for decision makers,https://www.miragenews.com/making-sense-of-climate-scenarios-new-toolkit-available-for-decision-makers/,miragenews.com,20200603T081500Z,English,United States
BECCS,BECCS,UK details plans for future of the CfD scheme | Biomassmagazine . com,http://biomassmagazine.com/articles/17551/uk-details-plans-for-future-of-the-cfd-scheme/,biomassmagazine.com,20201126T064500Z,English,United States
BECCS,BECCS,UK details plans for future of the CfD scheme | Biomassmagazine . com,http://www.biomassmagazine.com/articles/17551/uk-details-plans-for-future-of-the-cfd-scheme,biomassmagazine.com,20201126T010000Z,English,United States
BECCS,BECCS,Toshiba Starts Operation of Large - Scale Carbon Capture Facility,https://www.pressreleasepoint.com/toshiba-starts-operation-large-scale-carbon-capture-facility,pressreleasepoint.com,20201121T213000Z,English,United States
BECCS,BECCS,"UK 10 - point plan addresses SAF , move to zero - emissions vehicles",http://biomassmagazine.com/articles/17533/uk-10-point-plan-addresses-saf-move-to-zero-emissions-vehicles,biomassmagazine.com,20201121T111500Z,English,United States
BECCS,BECCS,Optimising Miscanthus for a Sustainable Bioeconomy – Advanced BioFuels united states,https://advancedbiofuelsusa.info/optimising-miscanthus-for-a-sustainable-bioeconomy/,advancedbiofuelsusa.info,20201120T181500Z,English,United States
BECCS,BECCS,"Miscanthus can contribute to united kingdom net zero targets via bioenergy , biofuels : Biofuels Digest",https://www.biofuelsdigest.com/bdigest/2020/11/19/miscanthus-can-contribute-to-uk-net-zero-targets-via-bioenergy-biofuels/,biofuelsdigest.com,20201120T040000Z,English,United States
BECCS,BECCS,Ethanol Producer Magazine – The Latest News and Data About Ethanol Production,http://www.ethanolproducer.com/articles/17748/uk-10-point-plan-addresses-saf-move-to-zero-emissions-vehicles,ethanolproducer.com,20201119T013000Z,English,United States
BECCS,BECCS,"UK 10 - point plan addresses SAF , move to zero - emissions vehicles",http://www.biomassmagazine.com/articles/17533/uk-10-point-plan-addresses-saf-move-to-zero-emissions-vehicles,biomassmagazine.com,20201119T013000Z,English,United States
BECCS,BECCS,Biodiesel Magazine - The Latest News and Data About Biodiesel Production,http://www.biodieselmagazine.com/articles/2517263/uk-10-point-plan-addresses-saf-move-to-zero-emissions-vehicles,biodieselmagazine.com,20201119T000000Z,English,United States
BECCS,BECCS,"Solar is now  cheapest electricity in history , confirms IEA",https://www.skepticalscience.com/solar-cheapest-in-history-iea.html,skepticalscience.com,20201110T090000Z,English,United States
BECCS,BECCS,Shell technology evaluated for carbon dioxide capture project,https://www.energyglobal.com/other-renewables/06112020/shell-technology-evaluated-for-carbon-dioxide-capture-project/,energyglobal.com,20201108T110000Z,English,United States
BECCS,BECCS,Shell Catalysts & Technologies inks deal with Drax Power,https://www.hydrocarbonengineering.com/the-environment/05112020/shell-catalysts-technologies-inks-deal-with-drax-power/,hydrocarbonengineering.com,20201105T113000Z,English,United States
BECCS,BECCS,The U . S . Is Now Officially Out of the Paris Agreement,https://newrepublic.com/article/160049/us-now-officially-paris-agreement,newrepublic.com,20201104T124500Z,English,United States
BECCS,BECCS,"Drax increases wood pellet production , reduces costs",http://biomassmagazine.com/articles/17766/drax-increases-wood-pellet-production-reduces-costs/,biomassmagazine.com,20210228T100000Z,English,United States
BECCS,BECCS,Drax Cancels Plan to Build Europe Largest Natural Gas Power Plant,https://www.greentechmedia.com/articles/read/plans-to-build-europes-largest-gas-plant-axed,greentechmedia.com,20210226T154500Z,English,United States
BECCS,BECCS,"Drax increases wood pellet production , reduces costs",http://biomassmagazine.com/articles/17766/drax-increases-wood-pellet-production-reduces-costs,biomassmagazine.com,20210226T060000Z,English,United States
BECCS,BECCS,ICEF 2020 Roadmap : Biomass Carbon Removal and Storage ( BiCRS ) – Advanced BioFuels united states,https://advancedbiofuelsusa.info/icef-2020-roadmap-biomass-carbon-removal-and-storage-bicrs/,advancedbiofuelsusa.info,20210226T034500Z,English,United States
BECCS,BECCS,"Drax increases wood pellet production , reduces costs",http://www.biomassmagazine.com/articles/17766/drax-increases-wood-pellet-production-reduces-costs,biomassmagazine.com,20210226T004500Z,English,United States
BECCS,BECCS,Power station scraps controversial plan to become Europe biggest gas - fired plant,https://www.msn.com/en-gb/news/world/power-station-scraps-controversial-plan-to-become-europes-biggest-gas-fired-plant/ar-BB1e0Qsb,msn.com,20210225T173000Z,English,United States
BECCS,BECCS,Drax scraps plan for Europe largest gas plant after climate protests,https://www.msn.com/en-gb/money/news/drax-scraps-plan-for-yorkshire-gas-plant-after-climate-protests/ar-BB1e0fWI?MSCC=1603201729,msn.com,20210225T104500Z,English,United States
BECCS,BECCS,Drax scraps plan for Europe largest gas plant after climate protests,https://www.msn.com/en-gb/money/news/drax-scraps-plan-for-yorkshire-gas-plant-after-climate-protests/ar-BB1e0fWI?MSCC=1604350566,msn.com,20210225T101500Z,English,United States
BECCS,BECCS,Drax scraps plan for Europe largest gas plant after climate protests,https://www.msn.com/en-gb/money/news/drax-scraps-plan-for-europe-s-largest-gas-plant-after-climate-protests/ar-BB1e0fWI?MSCC=1604527960,msn.com,20210225T101500Z,English,United States
BECCS,BECCS,Drax scraps plan for Yorkshire gas plant after climate protests,https://www.msn.com/en-gb/money/news/drax-scraps-plan-for-yorkshire-gas-plant-after-climate-protests/ar-BB1e0fWI,msn.com,20210225T091500Z,English,United States
BECCS,BECCS,"Enviva Partners , LP Reports Financial Results for the Fourth Quarter and Full Year of 2020 and Announces Commitment to  Net Zero  | Region",https://www.enidnews.com/region/enviva-partners-lp-reports-financial-results-for-the-fourth-quarter-and-full-year-of-2020/article_0815c9a1-2004-57d5-8b75-8a990e5c9f65.html,enidnews.com,20210225T024500Z,English,United States
BECCS,BECCS,A Sponge to Soak Up Carbon Dioxide in the Air,https://scienceblog.com/521221/a-sponge-to-soak-up-carbon-dioxide-in-the-air/,scienceblog.com,20210223T194500Z,English,United States
BECCS,BECCS,A sponge to soak up carbon dioxide in the air,https://phys.org/news/2021-02-sponge-carbon-dioxide-air.html,phys.org,20210223T144500Z,English,United States
BECCS,BECCS,A Sponge to Soak Up Carbon Dioxide in the Air,https://newscenter.lbl.gov/2021/02/22/a-sponge-to-soak-up-carbon-dioxide-in-the-air/,newscenter.lbl.gov,20210222T191500Z,English,United States
BECCS,BECCS,A Sponge to Soak Up Carbon Dioxide in Air,https://www.miragenews.com/a-sponge-to-soak-up-carbon-dioxide-in-517667/,miragenews.com,20210222T153000Z,English,United States
BECCS,BECCS,Drax signs agreement to acquire Pinnacle Renewable Energy,http://biomassmagazine.com/articles/17715/drax-signs-agreement-to-acquire-pinnacle-renewable-energy,biomassmagazine.com,20210222T090000Z,English,United States
BECCS,BECCS,New study helps policymakers combat global warming with negative - emissions technology,https://phys.org/news/2021-02-policymakers-combat-global-negative-emissions-technology.html,phys.org,20210218T164500Z,English,United States
BECCS,BECCS,From Tree Planting to CO2 - Sucking Machines : How Could  Negative Emission Help to Tackle the Climate Crisis ? – Advanced BioFuels united states,https://advancedbiofuelsusa.info/from-tree-planting-to-co2-sucking-machines-how-could-negative-emissions-help-to-tackle-the-climate-crisis/,advancedbiofuelsusa.info,20210217T231500Z,English,United States
BECCS,BECCS,Exclusive telecom discounts for low - carbon energy companies,https://energy.einnews.com/pr_news/535570987/exclusive-telecom-discounts-for-low-carbon-energy-companies,energy.einnews.com,20210216T231500Z,English,United States
BECCS,BECCS,Report : the Network for Greening the Financial System ( NGFS ) must revise its climate scenarios to drive decarbonization in the financial sector,http://priceofoil.org/2021/02/14/report-the-network-for-greening-the-financial-system-ngfs-must-revise-its-climate-scenarios-to-drive-decarbonization-in-the-financial-sector/,priceofoil.org,20210215T053000Z,English,United States
BECCS,BECCS,Drax to Acquire Pinnacle Renewable Energy – a Major Canada - Based International Supplier of Sustainable Biomass Fuel,https://www.globenewswire.com/news-release/2021/02/08/2171335/0/en/Drax-to-Acquire-Pinnacle-Renewable-Energy-a-Major-Canada-Based-International-Supplier-of-Sustainable-Biomass-Fuel.html,globenewswire.com,20210212T221500Z,English,United States
BECCS,BECCS,The push for standing forest protections in US climate policy,https://www.greenbiz.com/article/push-standing-forest-protections-us-climate-policy,greenbiz.com,20210211T101500Z,English,United States
BECCS,BECCS,Hydrogen and CCS – Building blocks for a low - carbon future,https://www.gasworld.com/hydrogen-and-ccs-building-blocks-for-a-low-carbon-future/2020507.article,gasworld.com,20210210T163000Z,English,United States
BECCS,BECCS,Drax signs agreement to acquire Pinnacle Renewable Energy,http://www.biomassmagazine.com/articles/17715/drax-signs-agreement-to-acquire-pinnacle-renewable-energy,biomassmagazine.com,20210209T014500Z,English,United States
BECCS,BECCS,"Biomass - Pinnacle Renewable Energy to be Acquired by Drax Group - Renewable Energy Magazine , at the heart of clean energy journalism",https://www.renewableenergymagazine.com/biomass/pinnacle-renewable-energy-to-be-acquired-by-20210208,renewableenergymagazine.com,20210209T010000Z,English,United States
BECCS,BECCS,Drax to Acquire Pinnacle Renewable Energy – a Major Canada - Based International Supplier of Sustainable Biomass Fuel,https://energy.einnews.com/pr_news/535335534/drax-to-acquire-pinnacle-renewable-energy-a-major-canada-based-international-supplier-of-sustainable-biomass-fuel,energy.einnews.com,20210208T180000Z,English,United States
BECCS,BECCS,Business Briefs | Biomassmagazine . com,http://www.biomassmagazine.com/articles/17695/business-briefs,biomassmagazine.com,20210208T110000Z,English,United States
BECCS,BECCS,PX Group  confident  in bid to kick - start Humber blue hydrogen scheme,https://www.upstreamonline.com/energy-transition/px-group-confident-in-bid-to-kick-start-humber-blue-hydrogen-scheme/2-1-958419,upstreamonline.com,20210208T034500Z,English,United States
BECCS,BECCS,Drax completes sale of natural gas - fueled assets,http://biomassmagazine.com/articles/17702/drax-completes-sale-of-natural-gas-fueled-assets,biomassmagazine.com,20210204T033000Z,English,United States
BECCS,BECCS,Drax completes sale of natural gas - fueled assets,http://www.biomassmagazine.com/articles/17702/drax-completes-sale-of-natural-gas-fueled-assets,biomassmagazine.com,20210201T231500Z,English,United States
BECCS,BECCS,The Net Zero Mirage,https://www.citywatchla.com/index.php/cw/los-angeles/21834-the-net-zero-mirage,citywatchla.com,20210601T041500Z,English,United States
BECCS,BECCS,USDA Report Notes Role of Biofuels in Carbon Reduction,https://energy.agwired.com/2021/05/21/usda-report-notes-role-of-biofuels-in-carbon-reduction/,energy.agwired.com,20210531T191500Z,English,United States
BECCS,BECCS,The Net Zero Mirage,https://www.bignewsnetwork.com/news/269679605/the-net-zero-mirage,bignewsnetwork.com,20210529T120000Z,English,United States
BECCS,BECCS,The Net Zero Mirage,https://www.pressenza.com/2021/05/the-net-zero-mirage/,pressenza.com,20210529T103000Z,English,United States
BECCS,BECCS,The Net Zero Mirage | Dissident Voice,https://dissidentvoice.org/2021/05/the-net-zero-mirage/,dissidentvoice.org,20210528T211500Z,English,United States
BECCS,BECCS,Report discusses role of BECCS in reaching net zero goal,http://www.biomassmagazine.com/articles/18036/report-discusses-role-of-beccs-in-reaching-net-zero-goal,biomassmagazine.com,20210527T221500Z,English,United States
BECCS,BECCS,Report discusses role of BECCS in reaching net zero goal,http://biomassmagazine.com/articles/18036/report-discusses-role-of-beccs-in-reaching-net-zero-goal,biomassmagazine.com,20210527T220000Z,English,United States
BECCS,BECCS,Report discusses role of BECCS in reaching net zero goal,http://biomassmagazine.com/articles/18036/report-discusses-role-of-beccs-in-reaching-net-zero-goal/,biomassmagazine.com,20210527T201500Z,English,United States
BECCS,BECCS,IDTechEx : Can direct air capture really help to fight climate change ?,https://www.hydrocarbonengineering.com/the-environment/27052021/idtechex-can-direct-air-capture-really-help-to-fight-climate-change/,hydrocarbonengineering.com,20210527T104500Z,English,United States
BECCS,BECCS,Do Biofuels Have a Role in Delivering Net Zero ? – Advanced BioFuels united states,https://advancedbiofuelsusa.info/do-biofuels-have-a-role-in-delivering-net-zero/,advancedbiofuelsusa.info,20210526T153000Z,English,United States
BECCS,BECCS,IDTechEx Discuss If Direct Air Capture Can Really Help in the Fight Against Climate Change,https://www.prnewswire.com:443/news-releases/idtechex-discuss-if-direct-air-capture-can-really-help-in-the-fight-against-climate-change-301300030.html,prnewswire.com,20210526T151500Z,English,United States
BECCS,BECCS,Spatially explicit analysis identifies significant potential for bioenergy with carbon capture and storage in China,https://www.nature.com/articles/s41467-021-23282-x,nature.com,20210526T100000Z,English,United States
BECCS,BECCS,Do biofuels have a role in delivering net zero ? : Biofuels Digest,https://www.biofuelsdigest.com/bdigest/2021/05/25/do-biofuels-have-a-role-in-delivering-net-zero/,biofuelsdigest.com,20210526T031500Z,English,United States
BECCS,BECCS,Carbon removal can and must be part of the climate justice agenda,https://thehill.com/opinion/energy-environment/555267-carbon-removal-can-and-must-be-part-of-the-climate-justice-agenda,thehill.com,20210525T190000Z,English,United States
BECCS,BECCS,Carbon removal can and must be part of the climate justice agenda,https://www.msn.com/en-us/news/politics/carbon-removal-can-and-must-be-part-of-the-climate-justice-agenda/ar-AAKmTsG,msn.com,20210525T170000Z,English,United States
BECCS,BECCS,Net - Zero Emissions : Winning Strategy or Destined for Failure ?,https://e360.yale.edu/features/net-zero-emissions-winning-strategy-or-destined-for-failure,e360.yale.edu,20210525T094500Z,English,United States
BECCS,BECCS,Peel NRE and BIG secure funding for Ince Bioenergy Carbon Capture and Storage project,https://www.energyglobal.com/special-reports/25052021/peel-nre-and-big-secure-funding-for-ince-bioenergy-carbon-capture-and-storage-project/,energyglobal.com,20210525T091500Z,English,United States
BECCS,BECCS,Are plans for a carbon - negative power plant too costly to be worth it ?,https://www.newscientist.com/article/2278434-are-plans-for-a-carbon-negative-power-plant-too-costly-to-be-worth-it/,newscientist.com,20210525T001500Z,English,United States
BECCS,BECCS,"Beavers , the Landscape , Carbon , Methane , and Climate Change",https://www.nakedcapitalism.com/2021/05/beavers-the-landscape-carbon-methane-and-climate-change.html,nakedcapitalism.com,20210523T221500Z,English,United States
BECCS,BECCS,"USDA issues progress report on climate smart ag , forestry",http://biomassmagazine.com/articles/18019/usda-issues-progress-report-on-climate-smart-ag-forestry,biomassmagazine.com,20210523T151500Z,English,United States
BECCS,BECCS,"USDA issues progress report on climate smart ag , forestry",http://biomassmagazine.com/articles/18019/usda-issues-progress-report-on-climate-smart-ag-forestry/,biomassmagazine.com,20210522T013000Z,English,United States
BECCS,BECCS,Ethanol Producer Magazine – The Latest News and Data About Ethanol Production,http://www.ethanolproducer.com/articles/18265/usda-issues-progress-report-on-climate-smart-ag-forestry,ethanolproducer.com,20210521T223000Z,English,United States
BECCS,BECCS,Biodiesel Magazine - The Latest News and Data About Biodiesel Production,http://www.biodieselmagazine.com/articles/2517571/usda-issues-progress-report-on-climate-smart-ag-forestry,biodieselmagazine.com,20210521T211500Z,English,United States
BECCS,BECCS,"USDA issues progress report on climate smart ag , forestry",http://www.biomassmagazine.com/articles/18019/usda-issues-progress-report-on-climate-smart-ag-forestry,biomassmagazine.com,20210521T211500Z,English,United States
BECCS,BECCS,USDA Releases 90 - Day Progress Report on Climate - Smart Agriculture and Forestry – Advanced BioFuels united states,https://advancedbiofuelsusa.info/usda-releases-90-day-progress-report-on-climate-smart-agriculture-and-forestry/,advancedbiofuelsusa.info,20210520T163000Z,English,United States
BECCS,BECCS,Half of the world emission reductions will require commercially unavailable technology,https://www.wiredprnews.com/half-of-the-worlds-emission-reductions-will-require-commercially-unavailable-technology/,wiredprnews.com,20210518T074500Z,English,United States
BECCS,BECCS,"Biomass - Drax to Kickstart Development of  Arkansas Pellet Plants - Renewable Energy Magazine , at the heart of clean energy journalism",https://www.renewableenergymagazine.com/biomass/drax-to-kickstart-development-of-arkansas-pellet-20210517,renewableenergymagazine.com,20210517T173000Z,English,United States
BECCS,BECCS,Carbon180 Unveils Carbon Removal Policy Roadmap for 2021,https://www.globenewswire.com/en/news-release/2021/05/13/2228898/0/en/Carbon180-Unveils-Carbon-Removal-Policy-Roadmap-for-2021-and-Beyond.html,globenewswire.com,20210517T023000Z,English,United States
BECCS,BECCS,Carbon180 Unveils Carbon Removal Policy Roadmap for 2021,https://www.globenewswire.com/news-release/2021/05/13/2228898/0/en/Carbon180-Unveils-Carbon-Removal-Policy-Roadmap-for-2021-and-Beyond.html,globenewswire.com,20210513T201500Z,English,United States
BECCS,BECCS,Environmental News For The Week Ending 09 May 2019,http://econintersect.com/pages/contributors/contributor.php?post=202105112359,econintersect.com,20210512T054500Z,English,United States
BECCS,BECCS,1 . 5° C degrowth scenarios suggest need for new mitigation pathways,https://phys.org/news/2021-05-degrowth-scenarios-mitigation-pathways.html,phys.org,20210511T161500Z,English,United States
BECCS,BECCS,Climate modelling shows  degrowth  less technologically risky,https://www.miragenews.com/climate-modelling-shows-degrowth-less-558171/,miragenews.com,20210511T150000Z,English,United States
BECCS,BECCS,1 . 5°C degrowth scenarios suggest need for new mitigation pathways : Research,https://www.eurekalert.org/pub_releases/2021-05/uos-1ds050721.php,eurekalert.org,20210511T093000Z,English,United States
BECCS,BECCS,Energy : What do we need to do to get to net - zero by 2050 ?,https://www.weforum.org/agenda/2021/05/net-zero-carbon-future-2050-irena-energy-transition/,weforum.org,20210510T173000Z,English,United States
BECCS,BECCS,Drax to construct pellet plants in Arkansas,https://www.energyglobal.com/bioenergy/10052021/drax-to-construct-pellet-plants-in-arkansas/,energyglobal.com,20210510T143000Z,English,United States
BECCS,BECCS,"Kelp , Trophic Cascades , and Climate | naked capitalism",https://www.nakedcapitalism.com/2021/05/kelp-tropic-cascades-and-climate.html,nakedcapitalism.com,20210509T221500Z,English,United States
BECCS,BECCS,Drax to kickstart development of 3 Arkansas pellet plants,http://www.biomassmagazine.com/articles/17978/drax-to-kickstart-development-of-3-arkansas-pellet-plants,biomassmagazine.com,20210507T013000Z,English,United States
BECCS,BECCS,"Drax Group will build three wood pellet plants in state , with first in Leola",http://www.magnoliareporter.com/news_and_business/local_business/article_757690e4-aea8-11eb-ba21-bb6195ea1ba0.html,magnoliareporter.com,20210506T234500Z,English,United States
BECCS,BECCS,Drax to kickstart development of 3 Arkansas pellet plants,http://biomassmagazine.com/articles/17978/drax-to-kickstart-development-of-3-arkansas-pellet-plants,biomassmagazine.com,20210506T223000Z,English,United States
BECCS,BECCS,Climate action potential in waste incineration plants,https://www.newswise.com/articles/climate-action-potential-in-waste-incineration-plants,newswise.com,20210505T020000Z,English,United States
BECCS,BECCS,Environmental News Network - Climate Action Potential In Waste Incineration Plants,https://www.enn.com/articles/67738-climate-action-potential-in-waste-incineration-plants,enn.com,20210504T191500Z,English,United States
BECCS,BECCS,Climate action potential in waste incineration plants,https://phys.org/news/2021-05-climate-action-potential-incineration.html,phys.org,20210504T120000Z,English,United States
BECCS,BECCS,Climate action potential in waste incineration plants,https://www.eurekalert.org/pub_releases/2021-05/ez-ca050321.php,eurekalert.org,20210504T043000Z,English,United States
BECCS,BECCS,Drax Group deploys Solace to improve its IT infrastructure,http://biomassmagazine.com/articles/17866/drax-group-deploys-solace-to-improve-its-it-infrastructure,biomassmagazine.com,20210503T070000Z,English,United States
BECCS,BECCS,Bechtel announces partnership for constructing more energy efficient data centers,https://www.utilitydive.com/news/bechtel-announces-partnership-for-constructing-more-energy-efficient-data-c/602529/,utilitydive.com,20210629T141500Z,English,United States
BECCS,BECCS,Bechtel announces partnership for constructing more efficient data centers,https://www.constructiondive.com/news/bechtel-announces-partnership-for-constructing-more-efficient-data-centers/601845/,constructiondive.com,20210623T184500Z,English,United States
BECCS,BECCS,CCUS : Big Opportunity and Hard Questions,https://www.powermag.com/ccus-big-opportunity-and-hard-questions/,powermag.com,20210622T220000Z,English,United States
BECCS,BECCS,"Bioenergy : How Sustainable , How Needed ? – Advanced BioFuels united states",https://advancedbiofuelsusa.info/bioenergy-how-sustainable-how-needed/,advancedbiofuelsusa.info,20210622T154500Z,English,United States
BECCS,BECCS,Phoenix BioPower explores next generation BECCS for Drax,http://www.biomassmagazine.com/articles/18089/phoenix-biopower-explores-next-generation-beccs-for-drax,biomassmagazine.com,20210622T013000Z,English,United States
BECCS,BECCS,Phoenix BioPower explores next generation BECCS for Drax,http://biomassmagazine.com/articles/18089/phoenix-biopower-explores-next-generation-beccs-for-drax,biomassmagazine.com,20210622T004500Z,English,United States
BECCS,BECCS,"Bioenergy : how sustainable , how needed ? : Biofuels Digest",https://www.biofuelsdigest.com/bdigest/2021/06/21/bioenergy-how-sustainable-how-needed/,biofuelsdigest.com,20210621T234500Z,English,United States
BECCS,BECCS,Drax and Phoenix BioPower explore next - gen BECCS tech,https://www.gasworld.com/drax-and-phoenix-biopower-explore-next-gen-beccs-tech/2021105.article,gasworld.com,20210618T194500Z,English,United States
BECCS,BECCS,Bechtel and Drax partner on bioenergy with carbon - capture projects - Chemical Engineering,https://chemengonline.com/bechtel-and-drax-partner-on-bioenergy-with-carbon-capture-projects/,chemengonline.com,20210616T110000Z,English,United States
BECCS,BECCS,FS Innovates with First BECCS ( Bioenergy with Carbon Capture and Storage ) Project in South America – Advanced BioFuels united states,https://advancedbiofuelsusa.info/fs-innovates-with-first-beccs-bioenergy-with-carbon-capture-and-storage-project-in-south-america/,advancedbiofuelsusa.info,20210615T171500Z,English,United States
BECCS,BECCS,FS to implement BECCS to become world first negative carbon biorefinery : Biofuels Digest,https://www.biofuelsdigest.com/bdigest/2021/06/14/fs-to-implement-beccs-to-become-worlds-first-negative-carbon-biorefinery/,biofuelsdigest.com,20210615T024500Z,English,United States
BECCS,BECCS,FS innovates with first BECCS carbon storage project | Biofuels International Magazine,https://biofuels-news.com/news/fs-innovates-with-first-beccs-carbon-storage-project/,biofuels-news.com,20210614T160000Z,English,United States
BECCS,BECCS,FS Innovates With First BECCS ( Bioenergy With Carbon Capture And Storage ) Project In South America,https://www.pollutiononline.com/doc/fs-innovates-with-first-beccs-bioenergy-with-carbon-capture-and-storage-project-in-south-america-0001,pollutiononline.com,20210614T123000Z,English,United States
BECCS,BECCS,Carbon offset prices set to increase tenfold by 2030,https://www.greenbiz.com/article/carbon-offset-prices-set-increase-tenfold-2030,greenbiz.com,20210614T110000Z,English,United States
BECCS,BECCS,FS innovates with first BECCS ( Bioenergy with Carbon Capture and Storage ) project in South America,https://www.prnewswire.com/news-releases/fs-innovates-with-first-beccs-bioenergy-with-carbon-capture-and-storage-project-in-south-america-301310511.html,prnewswire.com,20210611T154500Z,English,United States
BECCS,BECCS,FS innovates with first BECCS ( Bioenergy with Carbon Capture and Storage ) project in South America,https://www.tmcnet.com/usubmit/2021/06/11/9388916.htm,tmcnet.com,20210611T134500Z,English,United States
BECCS,BECCS,FS innovates with first BECCS ( Bioenergy with Carbon Capture and Storage ) project in South America,https://www.prnewswire.com:443/news-releases/fs-innovates-with-first-beccs-bioenergy-with-carbon-capture-and-storage-project-in-south-america-301310511.html,prnewswire.com,20210611T133000Z,English,United States
BECCS,BECCS,FS innovates with first BECCS ( Bioenergy with Carbon Capture and Storage ) project in South America,https://www.tmcnet.com/usubmit/-fs-innovates-with-first-beccs-bioenergy-with-carbon-/2021/06/11/9388916.htm,tmcnet.com,20210611T133000Z,English,United States
BECCS,BECCS,"Drax , Mitsubishi partner on BECCS project | Biomassmagazine . com",http://biomassmagazine.com/articles/18066/drax-mitsubishi-partner-on-beccs-project/,biomassmagazine.com,20210611T021500Z,English,United States
BECCS,BECCS,"Drax , Mitsubishi partner on BECCS project | Biomassmagazine . com",http://www.biomassmagazine.com/articles/18066/drax-mitsubishi-partner-on-beccs-project,biomassmagazine.com,20210611T013000Z,English,United States
BECCS,BECCS,"Drax , Mitsubishi partner on BECCS project | Biomassmagazine . com",http://biomassmagazine.com/articles/18066/drax-mitsubishi-partner-on-beccs-project,biomassmagazine.com,20210611T000000Z,English,United States
BECCS,BECCS,Why We Shouldnt Buy Into the Idea of Engineering Our Way Out of the Climate Crisis,https://www.onegreenplanet.org/environment/why-we-shouldnt-buy-into-the-idea-of-engineering-our-way-out-of-the-climate-crisis/,onegreenplanet.org,20210610T170000Z,English,United States
BECCS,BECCS,Drax and Mitsubishi sign pioneering CCUS power project deal,https://www.gasworld.com/drax-and-mitsubishi-sign-pioneering-ccus-power-project-deal/2021046.article,gasworld.com,20210610T130000Z,English,United States
BECCS,BECCS,UK Drax signs deal with Mitsubishi for negative - emissions capture technology,https://www.reuters.com/business/sustainable-business/uks-drax-signs-deal-with-mitsubishi-negative-emissions-capture-technology-2021-06-09/,reuters.com,20210610T000000Z,English,United States
BECCS,BECCS,Bechtel and Drax partner on bioenergy with carbon - capture projects - Chemical Engineering,https://www.chemengonline.com/bechtel-and-drax-partner-on-bioenergy-with-carbon-capture-projects/,chemengonline.com,20210608T220000Z,English,United States
BECCS,BECCS,"As A Proven And Flexible Technology , Carbon Capture Can Help Enable Net Zero – If We Support It",https://www.forbes.com/sites/mitsubishiheavyindustries/2021/06/08/as-a-proven-and-flexible-technology-carbon-capture-can-help-enable-net-zero--if-we-support-it/,forbes.com,20210608T181500Z,English,United States
BECCS,BECCS,"Bechtel , Drax partner to explore opportunities for BECCS",http://www.biomassmagazine.com/articles/18055/bechtel-drax-partner-to-explore-opportunities-for-beccs,biomassmagazine.com,20210608T023000Z,English,United States
BECCS,BECCS,"Bechtel , Drax partner to explore opportunities for BECCS",http://biomassmagazine.com/articles/18055/bechtel-drax-partner-to-explore-opportunities-for-beccs,biomassmagazine.com,20210608T021500Z,English,United States
BECCS,BECCS,Bechtel working with Drax to build biomass plants with carbon capture & storage,http://humanitariannews.org/20210607/bechtel-working-drax-build-biomass-plants-carbon-capture-storage,humanitariannews.org,20210607T154500Z,English,United States
BECCS,BECCS,Ten - fold increase in carbon offset cost predicted,https://phys.org/news/2021-06-ten-fold-carbon-offset.html,phys.org,20210604T171500Z,English,United States
BECCS,BECCS,Ten - fold increase in carbon offset cost predicted,https://www.eurekalert.org/pub_releases/2021-06/ucl-tii060421.php,eurekalert.org,20210604T163000Z,English,United States
BECCS,BECCS,"Drax , Bechtel team up to look into new bioenergy / carbon capture plants",https://www.reuters.com/business/sustainable-business/drax-bechtel-team-up-look-into-new-bioenergycarbon-capture-plants-2021-06-04/,reuters.com,20210604T153000Z,English,United States
BECCS,BECCS,Bechtel and Drax partner to explore global opportunities for new build Bioenergy with Carbon Capture and Storage ( BECCS ),https://www.tmcnet.com/usubmit/2021/06/04/9384296.htm,tmcnet.com,20210604T144500Z,English,United States
BECCS,BECCS,Bechtel and Drax partner to explore global opportunities for new build Bioenergy with Carbon Capture and Storage ( BECCS ),https://www.prnewswire.com/news-releases/bechtel-and-drax-partner-to-explore-global-opportunities-for-new-build-bioenergy-with-carbon-capture-and-storage-beccs-301306059.html,prnewswire.com,20210604T144500Z,English,United States
BECCS,BECCS,Bechtel and Drax partner to explore global opportunities for new build Bioenergy with Carbon Capture and Storage ( BECCS ),https://www.prnewswire.com:443/news-releases/bechtel-and-drax-partner-to-explore-global-opportunities-for-new-build-bioenergy-with-carbon-capture-and-storage-beccs-301306059.html,prnewswire.com,20210604T143000Z,English,United States
BECCS,BECCS,Nasdaq buys big stake in carbon removal marketplace,https://www.greenbiz.com/article/nasdaq-buys-big-stake-carbon-removal-marketplace,greenbiz.com,20210602T093000Z,English,United States
BECCS,BECCS,The Net Zero Mirage,https://www.citywatchla.com/index.php/cw/los-angeles/21834-the-net-zero-mirage,citywatchla.com,20210601T041500Z,English,United States
BECCS,BECCS,"Chevron , Partners Advance Groundbreaking Carbon Capture Project in California Central Valley",https://www.naturalgasintel.com/chevron-partners-advance-groundbreaking-carbon-capture-project-in-californias-central-valley/,naturalgasintel.com,20211231T061500Z,English,United States
BECCS,BECCS,Drax Group plc ( via Public ) / Powering a greener 2022 : Happy New Year from Drax,http://www.publicnow.com/view/DF5A8387B7B3136C67E0759DADD5B6C68F1FDFAB,publicnow.com,20211230T123000Z,English,United States
BECCS,BECCS,"Global Carbon Capture , Utilization and Storage ( CCUS )",https://www.globenewswire.com/news-release/2021/12/29/2358738/0/en/Global-Carbon-Capture-Utilization-and-Storage-CCUS-Growth-Opportunities.html,globenewswire.com,20211229T150000Z,English,United States
BECCS,BECCS,"Funding for  sustainable biomas a drop in the ocean compared with Drax subsidies , campaigners say",https://www.nationofchange.org/2021/12/24/funding-for-sustainable-biomass-a-drop-in-the-ocean-compared-with-drax-subsidies-campaigners-say/,nationofchange.org,20211224T210000Z,English,United States
BECCS,BECCS,Drax to invest £40M in next stage of BECCS project,http://www.biomassmagazine.com/articles/18574/drax-to-invest-l40m-in-next-stage-of-beccs-project,biomassmagazine.com,20211221T233000Z,English,United States
BECCS,BECCS,Many Hands Make Light Work : Widening the U . S . Path Forward from COP26,https://pubs.acs.org/doi/10.1021/acs.est.1c07965,pubs.acs.org,20211221T231500Z,English,United States
BECCS,BECCS,Carbon Pipelines in the Hawkeye State | naked capitalism,https://www.nakedcapitalism.com/2021/12/carbon-pipelines-in-the-hawkeye-state.html,nakedcapitalism.com,20211219T193000Z,English,United States
BECCS,BECCS,Meeting global challenges with regenerative agriculture producing food and energy,https://www.nature.com/articles/s41893-021-00827-y,nature.com,20211218T233000Z,English,United States
BECCS,BECCS,Drax Group plc ( via Public ) / Riverbend Elementary School awarded Drax  Classroom of the Month,http://www.publicnow.com/view/58D7525BA667CB1E142D158675166AA7F750227E,publicnow.com,20211216T184500Z,English,United States
BECCS,BECCS,"Biomass - Drax to Invest £40M in Next Stage of Carbon Capture Project - Renewable Energy Magazine , at the heart of clean energy journalism",https://www.renewableenergymagazine.com/biomass/drax-to-invest-40m-in-next-stage-20211216,renewableenergymagazine.com,20211216T160000Z,English,United States
BECCS,BECCS,Carbon Capture : The Vacuum the Climate May Depend On,https://www.washingtonpost.com/business/energy/carbon-capture-the-vacuum-the-climate-may-depend-on/2021/12/16/ade76634-5e65-11ec-b1ef-cb78be717f0e_story.html,washingtonpost.com,20211216T153000Z,English,United States
BECCS,BECCS,Drax to inject £40m in  world largest  carbon capture project | News,https://www.gasworld.com/drax-to-inject-40m-in-worlds-largest-carbon-capture-project/2022377.article,gasworld.com,20211216T151500Z,English,United States
BECCS,BECCS,Drax Group plc ( via Public ) / Drax to invest £40M in next stage of the world largest carbon capture project,http://www.publicnow.com/view/EBA6D066DA7FE3DAD0B729E8AB2C97DB4DE5AF74,publicnow.com,20211215T080000Z,English,United States
BECCS,BECCS,Build Back Better Act : Paving Way for Net - zero Emissions | World Resources Institute,https://www.wri.org/insights/build-back-better-us-net-zero-emissions,wri.org,20211215T060000Z,English,United States
BECCS,BECCS,Selby College to Develop BECCS Education Programme – Advanced BioFuels united states,https://advancedbiofuelsusa.info/selby-college-to-develop-beccs-education-programme/,advancedbiofuelsusa.info,20211214T221500Z,English,United States
BECCS,BECCS,Drax Group plc ( via Public ) / Primary School students learn about renewable energy,http://www.publicnow.com/view/CF321CEF43CC0BA33E98A186CCC9C869630681B9,publicnow.com,20211213T131500Z,English,United States
BECCS,BECCS,Global cooling induced by biophysical effects of bioenergy crop cultivation,https://www.nature.com/articles/s41467-021-27520-0,nature.com,20211213T123000Z,English,United States
BECCS,BECCS,Climate Vault Launches Request for Proposal ( RFP ) to Support Carbon Dioxide Removal Technologies,https://www.businesswire.com/news/home/20211201005673/en/Climate-Vault-Launches-Request-for-Proposal-RFP-to-Support-Carbon-Dioxide-Removal-Technologies,businesswire.com,20211207T130000Z,English,United States
BECCS,BECCS,Carbon Capture : The Vacuum the Climate May Depend On - Governor Wind Energy Coalition,https://governorswindenergycoalition.org/carbon-capture-the-vacuum-the-climate-may-depend-on/,governorswindenergycoalition.org,20211206T051500Z,English,United States
BECCS,BECCS,The cognitive dissidence of climate policy,https://energycentral.com/c/ec/cognitive-dissidence-climate-policy,energycentral.com,20211202T234500Z,English,United States
BECCS,BECCS,"Biomass - Drax Pushing to Increase Biomass Use - Renewable Energy Magazine , at the heart of clean energy journalism",https://www.renewableenergymagazine.com/biomass/drax-pusing-to-increase-biomass-use-20211202,renewableenergymagazine.com,20211202T170000Z,English,United States
BECCS,BECCS,Japan MHI to provide CO2 capture system for Hiroshima biomass plant | News,https://www.gasworld.com/japans-mhi-to-provide-co2-capture-system-for-hiroshima-biomass-plant/2022291.article,gasworld.com,20211202T144500Z,English,United States
BECCS,BECCS,Carbon Capture : The Vacuum the Climate May Depend On,https://www.washingtonpost.com/business/energy/carbon-capture-the-vacuum-the-climate-may-depend-on/2021/12/02/78992aae-5360-11ec-83d2-d9dab0e23b7e_story.html,washingtonpost.com,20211202T123000Z,English,United States
BECCS,BECCS,Argus Media Limited ( via Public ) / Japan MHI to fit CO2 capture unit at biomass plant,http://www.publicnow.com/view/51B3203AC7090EDE6C3582C05AA4D03E5D54F58C,publicnow.com,20211202T040000Z,English,United States
BECCS,BECCS,Climate Vault Launches Request for Proposal ( RFP ) to Support Carbon Dioxide Removal Technologies,https://www.bakersfield.com/ap/news/climate-vault-launches-request-for-proposal-rfp-to-support-carbon-dioxide-removal-technologies/article_da81775f-9449-5c95-9198-000849e165bb.html,bakersfield.com,20211202T024500Z,English,United States
BECCS,BECCS,Climate Vault Launches Request for Proposal ( RFP ) to Support Carbon Dioxide Removal Technologies,https://www.wsiltv.com/news/illinois/climate-vault-launches-request-for-proposal-rfp-to-support-carbon-dioxide-removal-technologies/article_77dda86a-9c13-5051-8f78-053d92cc738c.html,wsiltv.com,20211201T183000Z,English,United States
BECCS,BECCS,Climate Vault Launches Request for Proposal ( RFP ) to Support Carbon Dioxide Removal Technologies,https://www.valdostadailytimes.com/news/business/climate-vault-launches-request-for-proposal-rfp-to-support-carbon-dioxide-removal-technologies/article_0597cd14-fc69-5fb5-a1ba-632d7ae01837.html,valdostadailytimes.com,20211201T170000Z,English,United States
BECCS,BECCS,CCSA advances CCUS solutions as it welcomes two new members,https://www.gasworld.com/ccsa-advances-ccus-solutions-as-it-welcomes-two-new-members/2022601.article,gasworld.com,20220131T153000Z,English,United States
BECCS,BECCS,UK Government Announces £5 Million Scheme To Produce Hydrogen From Biomass And Waste - Environment,https://www.mondaq.com/uk/waste-management/1154092/uk-government-announces-5-million-scheme-to-produce-hydrogen-from-biomass-and-waste,mondaq.com,20220126T120000Z,English,United States
BECCS,BECCS,Government Launches New Scheme For Technologies Producing Hydrogen From Biomass,https://www.hydrocarbononline.com/doc/government-launches-new-scheme-producing-hydrogen-from-biomass-0001,hydrocarbononline.com,20220119T173000Z,English,United States
BECCS,BECCS,"The Future of Biomass : Today , Tomorrow and Beyond",https://www.greenbiz.com/article/future-biomass-today-tomorrow-and-beyond,greenbiz.com,20220119T130000Z,English,United States
BECCS,BECCS,UK Government Allocates £5m for Hydrogen - from - Biomass Projects – Advanced BioFuels united states,https://advancedbiofuelsusa.info/uk-government-allocates-5m-for-hydrogen-from-biomass-projects/,advancedbiofuelsusa.info,20220119T013000Z,English,United States
BECCS,BECCS,IP trends in 2022 : Cleantech and renewable energy,https://www.lexology.com/library/detail.aspx?g=b1431ea6-49e7-4cd0-8f6d-a51248e98e7d,lexology.com,20220117T144500Z,English,United States
BECCS,BECCS,The row over the united kingdom largest renewable power plant,https://www.msn.com/en-us/news/world/the-row-over-the-uk-s-largest-renewable-power-plant/ar-AASKPS8,msn.com,20220114T010000Z,English,United States
BECCS,BECCS,The row over the united kingdom largest renewable power plant,https://www.msn.com/en-us/money/markets/the-row-over-the-uk-s-largest-renewable-power-plant/ar-AASKPS8,msn.com,20220114T004500Z,English,United States
BECCS,BECCS,The row over the united kingdom largest renewable power plant,https://www.msn.com/en-us/money/markets/the-row-over-the-uks-largest-renewable-power-plant/ar-AASKPS8,msn.com,20220114T003000Z,English,United States
BECCS,BECCS,Government Launches New Scheme For Technologies Producing Hydrogen From Biomass,https://www.chemicalonline.com/doc/government-launches-new-scheme-producing-hydrogen-from-biomass-0001,chemicalonline.com,20220113T160000Z,English,United States
BECCS,BECCS,UK government launches Hydrogen BECCS Innovation Program,http://www.biomassmagazine.com/articles/18625/uk-government-launches-hydrogen-beccs-innovation-program,biomassmagazine.com,20220113T030000Z,English,United States
BECCS,BECCS,UK government launches Hydrogen BECCS Innovation Program,http://biomassmagazine.com/articles/18625/uk-government-launches-hydrogen-beccs-innovation-program/,biomassmagazine.com,20220113T023000Z,English,United States
BECCS,BECCS,UK government launches Hydrogen BECCS Innovation Program,http://biomassmagazine.com/articles/18625/uk-government-launches-hydrogen-beccs-innovation-program,biomassmagazine.com,20220113T003000Z,English,United States
BECCS,BECCS,"Biomass - united kingdom Government launches new scheme for technologies producing hydrogen from biomass - Renewable Energy Magazine , at the heart of clean energy journalism",https://www.renewableenergymagazine.com/biomass/uk-government-launches-new-scheme-for-technologies-20220112,renewableenergymagazine.com,20220112T220000Z,English,United States
BECCS,BECCS,UK Government to invest £5m in waste - to - energy hydrogen scheme,https://www.gasworld.com/uk-government-to-invest-5m-in-waste-to-energy-hydrogen-scheme/2022494.article,gasworld.com,20220112T163000Z,English,United States
BECCS,BECCS,"Hydrogen - united kingdom Government launches new scheme for technologies producing hydrogen from biomass - Renewable Energy Magazine , at the heart of clean energy journalism",https://www.renewableenergymagazine.com/hydrogen/uk-government-launches-new-scheme-for-technologies-20220112,renewableenergymagazine.com,20220112T150000Z,English,United States
BECCS,BECCS,Assessing the energy transition in China towards carbon neutrality with a probabilistic framework,https://www.nature.com/articles/s41467-021-27671-0,nature.com,20220112T054500Z,English,United States
BECCS,BECCS,"Global Carbon Capture , Utilization and Storage ( CCUS )",https://www.globenewswire.com/news-release/2022/01/05/2361438/28124/en/Global-Carbon-Capture-Utilization-and-Storage-CCUS-Markets-2021-2030-Revenue-Carbon-Capture-Capacity-Regional-Splits-Trends.html,globenewswire.com,20220110T150000Z,English,United States
BECCS,BECCS,UN Climate Panel : Emissions Must Fall Rapidly by 2030 to Prevent Catastrophic Climate Change,https://www.ecowatch.com/climate-change-ipcc-report-2610866229.html,ecowatch.com,20220109T174500Z,English,United States
BECCS,BECCS,"Global Carbon Capture , Utilization and Storage ( CCUS ) Market Report 2021 - 2030 : Opportunity in CCUS - as - a - Service for Addressing the Complete CO2 Value Chain",https://www.prnewswire.com/news-releases/global-carbon-capture-utilization-and-storage-ccus-market-report-2021-2030-opportunity-in-ccus-as-a-service-for-addressing-the-complete-co2-value-chain-301454592.html,prnewswire.com,20220105T181500Z,English,United States
BECCS,BECCS,"Global Carbon Capture , Utilization and Storage ( CCUS ) Market Report 2021 - 2030 : Opportunity in CCUS - as - a - Service for Addressing the Complete CO2 Value Chain",https://www.prnewswire.com:443/news-releases/global-carbon-capture-utilization-and-storage-ccus-market-report-2021-2030-opportunity-in-ccus-as-a-service-for-addressing-the-complete-co2-value-chain-301454592.html,prnewswire.com,20220105T181500Z,English,United States
BECCS,BECCS,"Global Carbon Capture , Utilization and Storage ( CCUS )",https://www.globenewswire.com/news-release/2022/01/05/2361438/0/en/Global-Carbon-Capture-Utilization-and-Storage-CCUS-Markets-2021-2030-Revenue-Carbon-Capture-Capacity-Regional-Splits-Trends.html,globenewswire.com,20220105T180000Z,English,United States
BECCS,BECCS,"Frontiers | Carbon Emission Trading Scheme , Carbon Emissions Reduction and Spatial Spillover Effects : Quasi - Experimental Evidence From China",https://www.frontiersin.org/articles/10.3389/fenvs.2021.824298/full,frontiersin.org,20220104T053000Z,English,United States
BECCS,BECCS,No longer a last resort : Pulling CO2 from the air,https://www.msn.com/en-au/weather/topstories/no-longer-a-last-resort-pulling-co2-from-the-air/ar-AAVKTiB,msn.com,20220401T190000Z,English,United States
BECCS,BECCS,No longer a last resort : Pulling CO2 from the air,https://www.msn.com/en-us/weather/topstories/no-longer-a-last-resort-pulling-co2-from-the-air/ar-AAVKTiB,msn.com,20220401T184500Z,English,United States
BECCS,BECCS,"B & W , Kiewit partner to deliver 200 MW biomass plant in Louisiana",http://www.biomassmagazine.com/articles/18852/bw-kiewit-partner-to-deliver-200-mw-biomass-plant-in-louisiana,biomassmagazine.com,20220401T001500Z,English,United States
BECCS,BECCS,"B & W , Kiewit partner to deliver 200 MW biomass plant in Louisiana",https://biomassmagazine.com/articles/18852/bw-kiewit-partner-to-deliver-200-mw-biomass-plant-in-louisiana/,biomassmagazine.com,20220401T000000Z,English,United States
BECCS,BECCS,EU Must Embrace a Diverse Mix of Technologies to Ensure Credible Trajectories to Net - Zero,https://www.azocleantech.com/news.aspx?newsID=31466,azocleantech.com,20220331T161500Z,English,United States
BECCS,BECCS,How Biomass Can Enable a Hydrogen Economy – Advanced BioFuels united states,https://advancedbiofuelsusa.info/how-biomass-can-enable-a-hydrogen-economy/,advancedbiofuelsusa.info,20220330T201500Z,English,United States
BECCS,BECCS,New modelling finds using mix of every low - carbon technology could save the EU ˜ €80 billion compared to renewables - only,https://www.wicz.com/story/46182973/new-modelling-finds-using-mix-of-every-low-carbon-technology-could-save-the-eu-80-billion-compared-to-renewables-only,wicz.com,20220330T071500Z,English,United States
BECCS,BECCS,New modelling finds using mix of every low - carbon technology could save the EU ≈ €80 billion compared to renewables - only,https://brazilbusiness.einnews.com/pr_news/566694898/new-modelling-finds-using-mix-of-every-low-carbon-technology-could-save-the-eu-80-billion-compared-to-renewables-only,brazilbusiness.einnews.com,20220330T050000Z,English,United States
BECCS,BECCS,New modelling finds using mix of every low - carbon technology could save the EU ≈ €80 billion compared to renewables - only,https://energy.einnews.com/pr_news/566694898/new-modelling-finds-using-mix-of-every-low-carbon-technology-could-save-the-eu-80-billion-compared-to-renewables-only,energy.einnews.com,20220330T044500Z,English,United States
BECCS,BECCS,"ACI European Carbon Capture and Storage Industry Summit September 14 - 15 , 2022 London , united kingdom – Advanced BioFuels united states",https://advancedbiofuelsusa.info/acis-european-carbon-capture-and-storage-industry-summit-september-14-15-2022-london-uk/,advancedbiofuelsusa.info,20220325T231500Z,English,United States
BECCS,BECCS,Thailand Energy Transition : BOI measures to promote deployment of carbon capture technologies in Thailand,https://www.lexology.com/library/detail.aspx?g=7bbd282f-52ac-4590-90b7-bf3cbe6edf91,lexology.com,20220320T194500Z,English,United States
BECCS,BECCS,"Carbon Capture And Storage Market - Growth , Trends ,",https://www.globenewswire.com/news-release/2022/03/18/2406078/0/en/Carbon-Capture-And-Storage-Market-Growth-Trends-COVID-19-Impact-and-Forecasts-2022-2027.html,globenewswire.com,20220318T173000Z,English,United States
BECCS,BECCS,Carbon Removal & Climate Goals | World Resources Institute,https://www.wri.org/insights/carbon-removal-countries-climate-goals,wri.org,20220317T204500Z,English,United States
BECCS,BECCS,Frontiers | A Review of National Monitoring Requirements to Support Offshore Carbon Capture and Storage,https://www.frontiersin.org/articles/10.3389/fmars.2022.838309/full,frontiersin.org,20220317T104500Z,English,United States
BECCS,BECCS,REDD+ ALERT : Are nature - based carbon offsets part of the climate problem ?,https://www.greenbiz.com/article/redd-alert-are-nature-based-carbon-offsets-part-climate-problem,greenbiz.com,20220316T104500Z,English,United States
BECCS,BECCS,LLNL Advising Microsoft On Removal of Carbon,https://www.independentnews.com/news/regional_and_ca/llnl-advising-microsoft-on-removal-of-carbon/article_c8ef23ca-a3a9-11ec-846e-2f4dfbb52924.html,independentnews.com,20220314T193000Z,English,United States
BECCS,BECCS,UK publishes biomass policy statement | Biomassmagazine . com,https://biomassmagazine.com/articles/18454/uk-publishes-biomass-policy-statement,biomassmagazine.com,20220310T193000Z,English,United States
BECCS,BECCS,How About 10 More Weeks of Winter ? | Biomassmagazine . com,http://biomassmagazine.com/articles/18733/how-about-10-more-weeks-of-winter,biomassmagazine.com,20220306T161500Z,English,United States
BECCS,BECCS,Now and Beyond 2027 | Biomassmagazine . com,https://biomassmagazine.com/articles/18729/now-and-beyond-2027,biomassmagazine.com,20220303T171500Z,English,United States
BECCS,BECCS,How About 10 More Weeks of Winter ? | Biomassmagazine . com,http://www.biomassmagazine.com/articles/18733/how-about-10-more-weeks-of-winter,biomassmagazine.com,20220303T160000Z,English,United States
BECCS,BECCS,Now and Beyond 2027 | Biomassmagazine . com,http://www.biomassmagazine.com/articles/18729/now-and-beyond-2027,biomassmagazine.com,20220303T160000Z,English,United States
BECCS,BECCS,LLNL Scientists Provide Input on Microsoft Pathway to Become Carbon - Negative by 2030,https://www.azocleantech.com/news.aspx?newsID=31237,azocleantech.com,20220301T144500Z,English,United States
BECCS,BECCS,Drax reports progress with expansion of pellet production,https://biomassmagazine.com/articles/18760/drax-reports-progress-with-expansion-of-pellet-production,biomassmagazine.com,20220301T064500Z,English,United States
BECCS,BECCS,Lawrence Livermore shares recommendations for Microsoft to reach carbon - negative goal,https://www.miragenews.com/lawrence-livermore-shares-recommendations-for-733878/,miragenews.com,20220301T020000Z,English,United States
BECCS,BECCS,Drax reports progress with expansion of pellet production,http://www.biomassmagazine.com/articles/18760/drax-reports-progress-with-expansion-of-pellet-production,biomassmagazine.com,20220301T020000Z,English,United States
BECCS,BECCS,Lawrence Livermore shares recommendations for Microsoft to reach carbon negative goal,https://www.newswise.com/articles/lawrence-livermore-shares-recommendations-for-microsoft-to-reach-carbon-negative-goal,newswise.com,20220301T004500Z,English,United States
BECCS,BECCS,Carbon capture landscape 2022 still too early to confidently fulfil promises,https://ieefa.org/resources/carbon-capture-landscape-2022-still-too-early-confidently-fulfil-promises,ieefa.org,20220729T231500Z,English,United States
BECCS,BECCS,Global CO2 Enhanced Oil Recovery market is projected to grow at a CAGR of 4 . 4 % by 2032 : Visiongain Reports Ltd,https://energy.einnews.com/pr_news/583405394/global-co2-enhanced-oil-recovery-market-is-projected-to-grow-at-a-cagr-of-4-4-by-2032-visiongain-reports-ltd,energy.einnews.com,20220728T133000Z,English,United States
BECCS,BECCS,Global CO2 Enhanced Oil Recovery market is projected to,https://www.globenewswire.com/news-release/2022/07/28/2487633/0/en/Global-CO2-Enhanced-Oil-Recovery-market-is-projected-to-grow-at-a-CAGR-of-4-4-by-2032-Visiongain-Reports-Ltd.html,globenewswire.com,20220728T131500Z,English,United States
BECCS,BECCS,"Stop Saying  Climate Emergency !? ( Until , Collectively , We Mean It ?)",https://goodmenproject.com/featured-content/stop-saying-climate-emergency-until-collectively-we-mean-it/,goodmenproject.com,20220727T103000Z,English,United States
BECCS,BECCS,Update on the Japanese Government Study Group Carbon Credit Report,https://www.lexology.com/library/detail.aspx?g=a8194e9e-27e3-4955-9ce4-3ea5088cee73,lexology.com,20220725T124500Z,English,United States
BECCS,BECCS,Drax Submits Plans to Build World Largest CCS Project – Advanced BioFuels united states,https://advancedbiofuelsusa.info/drax-submits-plans-to-build-worlds-largest-ccs-project/,advancedbiofuelsusa.info,20220719T204500Z,English,United States
BECCS,BECCS,IEEFA : Carbon capture landscape 2022 still too early to confidently fulfil promises,https://ieefa.org/resources/ieefa-carbon-capture-landscape-2022-still-too-early-confidently-fulfil-promises,ieefa.org,20220718T194500Z,English,United States
BECCS,BECCS,KEW Technology Secures Funding For Cutting Edge Carbon Capture And Hydrogen Production Technology In united kingdom,https://fuelcellsworks.com/news/kew-technology-secures-funding-for-cutting-edge-carbon-capture-and-hydrogen-production-technology-in-uk/,fuelcellsworks.com,20220714T161500Z,English,United States
BECCS,BECCS,Drax aims to be big in Japan as Tokyo office opens to launch Asia subsidiary,https://www.msn.com/en-gb/money/other/drax-aims-to-be-big-in-japan-as-tokyo-office-opens-to-launch-asia-subsidiary/ar-AAZyZCW,msn.com,20220714T111500Z,English,United States
BECCS,BECCS,MOL Drybulk And Drax Launched A Green Shipping Initiative,https://www.marineinsight.com/shipping-news/mol-drybulk-and-drax-launched-a-green-shipping-initiative/,marineinsight.com,20220712T140000Z,English,United States
BECCS,BECCS,MOL Drybulk and Drax Launch Green Shipping Initiative,https://www.vesselfinder.com/news/23938-MOL-Drybulk-and-Drax-Launch-Green-Shipping-Initiative,vesselfinder.com,20220712T121500Z,English,United States
BECCS,BECCS,Why Bioenergy Cant Play a Meaningful Role in Tackling the Environmental Emergency,https://www.onegreenplanet.org/environment/why-bioenergy-cant-play-a-meaningful-role-in-tackling-the-environmental-emergency/,onegreenplanet.org,20220711T143000Z,English,United States
BECCS,BECCS,UK to award £54M to 15 projects developing innovative carbon removal technology,https://www.greencarcongress.com/2022/07/20220710-uk.html,greencarcongress.com,20220710T120000Z,English,United States
BECCS,BECCS,AirCarbon Exchange Signs Collaboration Agreement with the Nairobi International Financial Centre and the Nairobi Securities Exchange,https://www.joplinglobe.com/region/national_business/aircarbon-exchange-signs-collaboration-agreement-with-the-nairobi-international-financial-centre-and-the-nairobi-securities/article_e152799f-2ce1-52a8-b070-f8a241a1a474.html,joplinglobe.com,20220708T224500Z,English,United States
BECCS,BECCS,AirCarbon Exchange Signs Collaboration Agreement with the Nairobi International Financial Centre and the Nairobi Securities Exchange,https://www.afp.com/en/news/1315/aircarbon-exchange-signs-collaboration-agreement-nairobi-international-financial-centre-and-nairobi-securities-exchange-202207070054031,afp.com,20220707T210000Z,English,United States
BECCS,BECCS,AirCarbon Exchange Signs Collaboration Agreement with the Nairobi International Financial Centre and the Nairobi Securities Exchange,https://www.bakersfield.com/ap/news/aircarbon-exchange-signs-collaboration-agreement-with-the-nairobi-international-financial-centre-and-the-nairobi-securities/article_a4055544-23bb-55fb-8ca5-0a798f5afc4a.html,bakersfield.com,20220707T183000Z,English,United States
BECCS,BECCS,AirCarbon Exchange Signs Collaboration Agreement with the Nairobi International Financial Centre and the Nairobi Securities Exchange,https://finance.yahoo.com/news/aircarbon-exchange-signs-collaboration-agreement-131400549.html,finance.yahoo.com,20220707T141500Z,English,United States
BECCS,BECCS,Stock Market | FinancialContent Business Page,https://markets.financialcontent.com/stocks/article/bizwire-2022-7-7-aircarbon-exchange-signs-collaboration-agreement-with-the-nairobi-international-financial-centre-and-the-nairobi-securities-exchange,markets.financialcontent.com,20220707T133000Z,English,United States
BECCS,BECCS,AirCarbon Exchange Signs Collaboration Agreement with the NIFC and the NSE,https://www.einnews.com/pr_news/579839874/aircarbon-exchange-signs-collaboration-agreement-with-the-nifc-and-the-nse,einnews.com,20220707T083000Z,English,United States
BECCS,BECCS,What is BECCS anyway ? – The Millbrook Independent,https://themillbrookindependent.com/?p=2273,themillbrookindependent.com,20220706T163000Z,English,United States
BECCS,BECCS,AirCarbon Exchange Signs Collaboration Agreement with the NIFC and the NSE,https://brazilbusiness.einnews.com/pr_news/579839874/aircarbon-exchange-signs-collaboration-agreement-with-the-nifc-and-the-nse,brazilbusiness.einnews.com,20220706T074500Z,English,United States
BECCS,BECCS,"Outlook on the Carbon Capture , Utilization and Storage",https://www.globenewswire.com/en/news-release/2022/06/14/2461955/28124/en/Outlook-on-the-Carbon-Capture-Utilization-and-Storage-Technologies-Global-Market-Market-Values-and-Forecasts-to-2040.html,globenewswire.com,20220704T034500Z,English,United States
BECCS,BECCS,How Does Carbon Capture Work ?,https://www.sierraclub.org/sierra/2022-2-summer/stress-test/how-does-carbon-capture-work,sierraclub.org,20220703T130000Z,English,United States
BECCS,BECCS,Davos Was a Case Study in How Not to Talk About Climate Change,https://www.nakedcapitalism.com/2022/07/davos-was-a-case-study-in-how-not-to-talk-about-climate-change.html,nakedcapitalism.com,20220703T113000Z,English,United States
BECCS,BECCS,Land use change and carbon emissions of a transformation to timber cities,https://www.nature.com/articles/s41467-022-32244-w,nature.com,20220830T224500Z,English,United States
BECCS,BECCS,Cranfield Awarded Funding to Research Clean Hydrogen Generation from Biomass – Advanced BioFuels united states,https://advancedbiofuelsusa.info/cranfield-awarded-funding-to-research-clean-hydrogen-generation-from-biomass-2/,advancedbiofuelsusa.info,20220830T211500Z,English,United States
BECCS,BECCS,Cranfield University - led team scores funding to study hydrogen production from biomass : Biofuels Digest,https://www.biofuelsdigest.com/bdigest/2022/08/29/cranfield-university-led-team-scores-funding-to-study-hydrogen-production-from-biomass/,biofuelsdigest.com,20220830T003000Z,English,United States
BECCS,BECCS,UK government opens BECCS funding opportunity : Biofuels Digest,https://www.biofuelsdigest.com/bdigest/2022/08/24/uk-government-opens-beccs-funding-opportunity/,biofuelsdigest.com,20220825T003000Z,English,United States
BECCS,BECCS,Cranfield Awarded Funding to Research Clean Hydrogen Generation from Biomass – Advanced BioFuels united states,https://advancedbiofuelsusa.info/cranfield-awarded-funding-to-research-clean-hydrogen-generation-from-biomass/,advancedbiofuelsusa.info,20220818T230000Z,English,United States
BECCS,BECCS,Hycap : united kingdom Waste - to - Hydrogen Sector Gets Government Funding Boost,https://fuelcellsworks.com/news/hycap-uk-waste-to-hydrogen-sector-gets-government-funding-boost/,fuelcellsworks.com,20220818T204500Z,English,United States
BECCS,BECCS,"Charles Payseur Reviews Short Fiction : GigaNotoSaurus , Cast of Wonders , and Flash Fiction Online",https://locusmag.com/2022/08/charles-payseur-reviews-short-fiction-giganotosaurus-cast-of-wonders-and-flash-fiction-online/,locusmag.com,20220818T193000Z,English,United States
BECCS,BECCS,Cranfield University gets funding to produce hydrogen from biomass : Biofuels Digest,https://www.biofuelsdigest.com/bdigest/2022/08/17/cranfield-university-gets-funding-to-produce-hydrogen-from-biomass/,biofuelsdigest.com,20220818T011500Z,English,United States
BECCS,BECCS,UK launches public consultation on BECCS business model : Biofuels Digest,https://www.biofuelsdigest.com/bdigest/2022/08/11/uk-launches-public-consultation-on-beccs-business-model/,biofuelsdigest.com,20220812T014500Z,English,United States
BECCS,BECCS,UK Government seeks to further improve diversity of energy supply by boosting biomass,https://www.miragenews.com/uk-government-seeks-to-further-improve-835352/,miragenews.com,20220811T101500Z,English,United States
BECCS,BECCS,Widespread Trials of Biomass Crop Cultivation to Launch in united kingdom – Advanced BioFuels united states,https://advancedbiofuelsusa.info/widespread-trials-of-biomass-crop-cultivation-to-launch-in-uk/,advancedbiofuelsusa.info,20220809T220000Z,English,United States
BECCS,BECCS,The Energy Transition | Public sector buildings to receive green upgrades and Energy Network Association flexibility consultation,https://www.lexology.com/library/detail.aspx?g=09c6e398-b219-4b1b-8a5c-8a156210c0d8,lexology.com,20220809T133000Z,English,United States
BECCS,BECCS,UK - Based Waste - to - Hydrogen Specialist Compact Syngas Solutions ( CSS ) Awarded €295k Funding To Perfect Carbon Capture Technology,https://fuelcellsworks.com/news/uk-based-waste-to-hydrogen-specialist-compact-syngas-solutions-css-awarded-e295k-funding-to-perfect-carbon-capture-technology/,fuelcellsworks.com,20220808T171500Z,English,United States
BECCS,BECCS,Renewable Energy Innovation Boosted by £37 Million Government Funding across the united kingdom – Advanced BioFuels united states,https://advancedbiofuelsusa.info/renewable-energy-innovation-boosted-by-37-million-government-funding-across-the-uk/,advancedbiofuelsusa.info,20220808T163000Z,English,United States
BECCS,BECCS,Investment risks of carbon capture and storage currently outweigh its potential,https://ieefa.org/articles/investment-risks-carbon-capture-and-storage-currently-outweigh-its-potential,ieefa.org,20220808T160000Z,English,United States
BECCS,BECCS,UK government announces funding for biomass projects : Biofuels Digest,https://www.biofuelsdigest.com/bdigest/2022/08/04/uk-government-announces-funding-for-biomass-projects/,biofuelsdigest.com,20220804T231500Z,English,United States
BECCS,BECCS,Renewable energy innovation boosted by £37 million government funding across united kingdom,https://www.miragenews.com/renewable-energy-innovation-boosted-by-37-831156/,miragenews.com,20220804T000000Z,English,United States
BECCS,BECCS,Waste biofuels to be  key driver  in energy transition | News,https://www.gasworld.com/waste-biofuels-to-be-key-driver-in-energy-transition/2023624.article,gasworld.com,20220923T224500Z,English,United States
BECCS,BECCS,Univerity of Hull Biohydrogen Research Focuses on Unlocking Potential of Biorefinery Waste Streams – Advanced BioFuels united states,https://advancedbiofuelsusa.info/univerity-of-hull-biohydrogen-research-focuses-on-unlocking-potential-of-biorefinery-waste-streams/,advancedbiofuelsusa.info,20220914T200000Z,English,United States
BECCS,BECCS,University of Hull scores funding to research hydrogen production from biorefinery waste : Biofuels Digest,https://www.biofuelsdigest.com/bdigest/2022/09/13/university-of-hull-scores-funding-to-research-hydrogen-production-from-biorefinery-waste/,biofuelsdigest.com,20220914T014500Z,English,United States
BECCS,BECCS,Carbon Removal Could Increase Climate Change and Food Security Risks,https://www.azocleantech.com/news.aspx?newsID=32212,azocleantech.com,20220908T154500Z,English,United States
BECCS,BECCS,Availability of Renewable Energy Sources At Risk,https://www.azocleantech.com/news.aspx?newsID=32216,azocleantech.com,20220908T154500Z,English,United States
BECCS,BECCS,Renewable Sources Availability Are Being at Risk Due to Climate Change,https://www.natureworldnews.com/articles/52976/20220908/renewable-sources-availability-being-risk-due-climate-change.htm,natureworldnews.com,20220908T133000Z,English,United States
BECCS,BECCS,"Newswire & Press Release / Yokogawa Selected by Grön Fuels as Preferred Supplier of Technology , Equipment , and Services for North America ... - Manufacturing / Robotics - Yokogawa Electric Corporation",https://www.newswiretoday.com/news/178424/Yokogawa-Selected-by-Grn-Fuels-as-Preferred-Supplier-of-Technology-Equipment-and-Services-for-North-Americas-Largest-Renewable-Fuels-Complex/,newswiretoday.com,20220907T203000Z,English,United States
BECCS,BECCS,"Newswire & Press Release / Yokogawa Selected by Grön Fuels as Preferred Supplier of Technology , Equipment , and Services for North America ... - Manufacturing / Robotics - Yokogawa Electric Corporation",https://www.newswiretoday.com/news/178424/,newswiretoday.com,20220907T203000Z,English,United States
BECCS,BECCS,Over - reliance on biomass - based carbon removal technologies could increase climate and food security risks,https://www.newswise.com/articles/over-reliance-on-biomass-based-carbon-removal-technologies-could-increase-climate-and-food-security-risks,newswise.com,20220907T200000Z,English,United States
BECCS,BECCS,Delayed use of bioenergy crops might threaten climate and food security,https://www.nature.com/articles/s41586-022-05055-8,nature.com,20220907T191500Z,English,United States
BECCS,BECCS,"Climate change puts availability of vital renewable energy source at risk , research reveals",https://phys.org/news/2022-09-climate-availability-vital-renewable-energy.html,phys.org,20220907T153000Z,English,United States
BECCS,BECCS,"Smart Carbon Market to Attain Value of US$ 12 Bn by 2031 , TMR Study",https://www.prnewswire.com/news-releases/smart-carbon-market-to-attain-value-of-us-12-bn-by-2031-tmr-study-301664460.html,prnewswire.com,20221101T140000Z,English,United States
BECCS,BECCS,"Smart Carbon Market to Attain Value of US$ 12 Bn by 2031 , TMR Study",https://www.prnewswire.com:443/news-releases/smart-carbon-market-to-attain-value-of-us-12-bn-by-2031-tmr-study-301664460.html,prnewswire.com,20221101T134500Z,English,United States
BECCS,BECCS,Green growth,https://www.resilience.org/stories/2022-11-01/green-growth/,resilience.org,20221101T130000Z,English,United States
BECCS,BECCS,Countrie climate pledges put unrealistic demands for land ahead of emissions reductions,https://www.miragenews.com/countries-climate-pledges-put-unrealistic-886323/,miragenews.com,20221101T124500Z,English,United States
BECCS,BECCS,"CCUS uptake needs to grow 120 times by 2050 , reports McKinsey",https://www.gasworld.com/story/ccus-uptake-needs-to-grow-120-times-by-2050-reports-mckinsey/2118322.article/,gasworld.com,20221031T160000Z,English,United States
BECCS,BECCS,"New fossil fuels  incompatible  with 1 . 5C goal , comprehensive analysis finds",https://www.resilience.org/stories/2022-10-26/new-fossil-fuels-incompatible-with-1-5c-goal-comprehensive-analysis-finds/,resilience.org,20221026T104500Z,English,United States
BECCS,BECCS,The Future of Renewable Energy [ Energy Watch Series ],https://www.thomasnet.com/insights/the-future-of-renewable-energy-energy-watch-series/,thomasnet.com,20221025T061500Z,English,United States
BECCS,BECCS,Lukas Kopacki : Vermont could be a leader in a carbon - capture system,https://vtdigger.org/2022/10/24/lukas-kopacki-vermont-could-be-a-leader-in-a-carbon-capture-system/,vtdigger.org,20221024T120000Z,English,United States
BECCS,BECCS,I need to watch things die from a distance .,https://www.resilience.org/stories/2022-10-19/i-need-to-watch-things-die-from-a-distance/,resilience.org,20221020T134500Z,English,United States
BECCS,BECCS,New IDTechEx Report Explores the Carbon Dioxide Removal ( CDR ) Market Potential,https://www.prnewswire.com/news-releases/new-idtechex-report-explores-the-carbon-dioxide-removal-cdr-market-potential-301644623.html,prnewswire.com,20221010T150000Z,English,United States
BECCS,BECCS,New IDTechEx Report Explores the Carbon Dioxide Removal ( CDR ) Market Potential,https://www.prnewswire.com:443/news-releases/new-idtechex-report-explores-the-carbon-dioxide-removal-cdr-market-potential-301644623.html,prnewswire.com,20221010T114500Z,English,United States
BECCS,BECCS,Global Carbon Capture and Storage market is projected to grow at a CAGR of 7 . 7 % By 2032 : Visiongain Reports Ltd,https://finance.yahoo.com/news/global-carbon-capture-storage-market-100000361.html,finance.yahoo.com,20221010T103000Z,English,United States
BECCS,BECCS,7 Ways Of Getting CO2 Out Of The Atmosphere,https://cleantechnica.com/2022/10/06/7-ways-of-getting-co2-out-of-the-atmosphere/,cleantechnica.com,20221007T000000Z,English,United States
BECCS,BECCS,"Haarslev and Grön Fuels Form Strategic Feedstock , Marketing , and Investment Alliance – Advanced BioFuels united states",https://advancedbiofuelsusa.info/haarslev-and-gron-fuels-form-strategic-feedstock-marketing-and-investment-alliance/,advancedbiofuelsusa.info,20221005T191500Z,English,United States
BECCS,BECCS,"Haarslev and Grön Fuels Form Strategic Feedstock , Marketing , and Investment Alliance",https://www.prnewswire.com/news-releases/haarslev-and-gron-fuels-form-strategic-feedstock-marketing-and-investment-alliance-301639665.html,prnewswire.com,20221004T163000Z,English,United States
BECCS,BECCS,"Haarslev and Grön Fuels Form Strategic Feedstock , Marketing , and Investment Alliance",https://www.galvnews.com/news_ap/business/article_e4183b58-ab94-5172-840b-4e25c371ae0f.html,galvnews.com,20221004T163000Z,English,United States
BECCS,BECCS,Drax waiting to be shortlisted for united kingdom  Track 1  BECCS power program : Biofuels Digest,https://www.biofuelsdigest.com/bdigest/2022/12/27/drax-waiting-to-be-shortlisted-for-uks-track-1-beccs-power-program/,biofuelsdigest.com,20221228T010000Z,English,United States
BECCS,BECCS,Drax £2billion plan to  capture  carbon emissions and pump them under the North Sea,https://uk.news.yahoo.com/draxs-2billion-plan-capture-carbon-050000214.html,uk.news.yahoo.com,20221227T090000Z,English,United States
BECCS,BECCS,New Study Confirms : Bioenergy from Forest Residues Has Significant Positive Impact on Climate Change Mitigation – Advanced BioFuels united states,https://advancedbiofuelsusa.info/new-study-confirms-bioenergy-from-forest-residues-has-significant-positive-impact-on-climate-change-mitigation/,advancedbiofuelsusa.info,20221223T171500Z,English,United States
BECCS,BECCS,UK Offers Funding for Hydrogen from BECCS Projects – Advanced BioFuels united states,https://advancedbiofuelsusa.info/uk-offers-funding-for-hydrogen-from-beccs-projects/,advancedbiofuelsusa.info,20221222T030000Z,English,United States
BECCS,BECCS,"Renewable Methanol Market to be Worth $20 . 68 Billion by 2030 : Grand View Research , Inc .",https://www.prnewswire.com:443/news-releases/renewable-methanol-market-to-be-worth-20-68-billion-by-2030-grand-view-research-inc-301707034.html,prnewswire.com,20221220T110000Z,English,United States
BECCS,BECCS,"Renewable Methanol Market to be Worth $20 . 68 Billion by 2030 : Grand View Research , Inc .",https://finance.yahoo.com/news/renewable-methanol-market-worth-20-103000136.html,finance.yahoo.com,20221220T110000Z,English,United States
BECCS,BECCS,The Hydrogen Stream : Green H2 to mitigate atmospheric methane,https://www.pv-magazine.com/2022/12/14/the-hydrogen-stream-green-h2-can-mitigate-atmospheric-methane-if-losses-are-below-12-say-princeton-researchers/,pv-magazine.com,20221214T150000Z,English,United States
BECCS,BECCS,UK government grants £25m to advance clean hydrogen technologies,https://www.gasworld.com/story/uk-government-grants-25m-to-advance-clean-hydrogen-technologies/2119561.article/,gasworld.com,20221214T013000Z,English,United States
BECCS,BECCS,UK Government Unveils £102 Million Plan For Nuclear And Hydrogen Innovation,https://fuelcellsworks.com/news/uk-government-unveils-102-million-plan-for-nuclear-and-hydrogen-innovation/,fuelcellsworks.com,20221213T194500Z,English,United States
BECCS,BECCS,"UK govt to Invest £102m in Nuclear , Hydrogen Tech",https://www.miragenews.com/uk-govt-to-invest-102m-in-nuclear-hydrogen-tech-914698/,miragenews.com,20221213T154500Z,English,United States
BECCS,BECCS,"Forget net - zero : Aim for net - negative to halt global warming , argues researcher",https://phys.org/news/2022-12-net-zero-aim-net-negative-halt-global.html,phys.org,20221212T184500Z,English,United States
BECCS,BECCS,New CSIRO report assesses Australia carbon sequestration potential,https://www.miragenews.com/new-csiro-report-assesses-australias-carbon-913309/,miragenews.com,20221211T193000Z,English,United States
BECCS,BECCS,JetBlue and Fidelis New Energy Sign Agreement for 92 Million Gallons of Sustainable Aviation Fuel – Advanced BioFuels united states,https://advancedbiofuelsusa.info/jetblue-and-fidelis-new-energy-sign-agreement-for-92-million-gallons-of-sustainable-aviation-fuel/,advancedbiofuelsusa.info,20221206T201500Z,English,United States
BECCS,BECCS,JetBlue and Fidelis New Energy agree to 92M gallon SAF offtake agreement from 2025 : Biofuels Digest,https://www.biofuelsdigest.com/bdigest/2022/12/05/jetblue-and-fidelis-new-energy-agree-to-92m-gallon-saf-offtake-agreement-from-2025/,biofuelsdigest.com,20221206T063000Z,English,United States
BECCS,BECCS,JetBlue and Fidelis New Energy Sign Agreement for 92 Million Gallons of Sustainable Aviation Fuel,https://www.bakersfield.com/ap/news/jetblue-and-fidelis-new-energy-sign-agreement-for-92-million-gallons-of-sustainable-aviation-fuel/article_f7969d62-caeb-5315-b58a-8799b1967df0.html,bakersfield.com,20221202T204500Z,English,United States
BECCS,BECCS,JetBlue and Fidelis New Energy Sign Agreement for 92 Million Gallons of Sustainable Aviation Fuel,http://www.justmeans.com/press-release/jetblue-and-fidelis-new-energy-sign-agreement-for-92-million-gallons-of-sustainable,justmeans.com,20221202T194500Z,English,United States
BECCS,BECCS,JetBlue and Fidelis New Energy Sign Agreement for 92 Million Gallons of Sustainable Aviation Fuel,https://www.tmcnet.com/usubmit/-jetblue-fidelis-new-energy-sign-agreement-92-million-/2022/12/02/9723696.htm,tmcnet.com,20221202T180000Z,English,United States
BECCS,BECCS,JetBlue and Fidelis New Energy Sign Agreement for 92 Million Gallons of Sustainable Aviation Fuel,https://www.businesswire.com/news/home/20221202005221/en/JetBlue-and-Fidelis-New-Energy-Sign-Agreement-for-92-Million-Gallons-of-Sustainable-Aviation-Fuel,businesswire.com,20221202T171500Z,English,United States
BECCS,BECCS,JetBlue and Fidelis New Energy Sign Agreement for 92 Million Gallons of Sustainable Aviation Fuel,https://www.tmcnet.com/usubmit/2022/12/02/9723696.htm,tmcnet.com,20221202T164500Z,English,United States
BECCS,BECCS,JetBlue and Fidelis New Energy Sign Agreement for 92 Million Gallons of Sustainable Aviation Fuel,https://www.joplinglobe.com/region/national_business/jetblue-and-fidelis-new-energy-sign-agreement-for-92-million-gallons-of-sustainable-aviation-fuel/article_8607e94d-4b52-5507-835d-89ac8bc6ea82.html,joplinglobe.com,20221202T163000Z,English,United States
BECCS,BECCS,UK delays action on large - scale BECCS projects | Biomassmagazine . com,https://biomassmagazine.com/articles/19891/uk-delays-action-on-large-scale-beccs-projects,biomassmagazine.com,20230331T020000Z,English,United States
BECCS,BECCS,Enviva Welcomes REDIII Agreement and Continued Recognition of Biomass as 100 % Renewable,https://www.valdostadailytimes.com/ap/business/enviva-welcomes-rediii-agreement-and-continued-recognition-of-biomass-as-100-renewable/article_9fe4dd3b-d892-506f-9dfb-0ca3d6db1c73.html,valdostadailytimes.com,20230330T223000Z,English,United States
BECCS,BECCS,Spanish inflation almost halves and German CPI falls as energy prices cool – as it happened,https://www.msn.com/en-gb/money/other/spanish-inflation-almost-halves-and-german-cpi-falls-as-energy-prices-cool-business-live/ar-AA19fMZr,msn.com,20230330T171500Z,English,United States
BECCS,BECCS,Drax scrambles to secure lifeline for £2bn carbon capture project,https://finance.yahoo.com/news/drax-scrambles-secure-lifeline-2bn-134120145.html,finance.yahoo.com,20230330T141500Z,English,United States
BECCS,BECCS,Spanish inflation almost halves ; signs of  green shoot in united kingdom economy – business live,https://www.msn.com/en-gb/money/other/spanish-inflation-almost-halves-signs-of-green-shoots-in-uk-economy-business-live/ar-AA19fMZr,msn.com,20230330T100000Z,English,United States
BECCS,BECCS,International Business : Britain sets out next steps to green its financial system,https://www.gdnonline.com/Details/1218089/Britain-sets-out-next-steps-to-green-its-financial-system,gdnonline.com,20230330T091500Z,English,United States
BECCS,BECCS,Top Findings from the IPCC Climate Change Report 2023 | World Resources Institute,https://www.wri.org/insights/2023-ipcc-ar6-synthesis-report-climate-change-findings,wri.org,20230328T203000Z,English,United States
BECCS,BECCS,Refining California Climate Plan | World Resources Institute,https://www.wri.org/insights/california-scoping-plan-climate-neutrality,wri.org,20230321T191500Z,English,United States
BECCS,BECCS,Degrowth in a Green - Growth World,https://www.resilience.org/stories/2023-03-21/degrowth-in-a-green-growth-world/,resilience.org,20230321T180000Z,English,United States
BECCS,BECCS,Bioenergy Europe : Net - Zero Industry Act  Lacks Strategic Vision  – Advanced BioFuels united states,https://advancedbiofuelsusa.info/bioenergy-europe-net-zero-industry-act-lacks-strategic-vision/,advancedbiofuelsusa.info,20230321T163000Z,English,United States
BECCS,BECCS,The united kingdom Will Face A Rising Risk Of Power Supply Shortfalls This Decade,https://oilprice.com/Latest-Energy-News/World-News/The-UK-Will-Face-A-Rising-Risk-Of-Power-Supply-Shortfalls-This-Decade.html,oilprice.com,20230321T130000Z,English,United States
BECCS,BECCS,CO2 storage plentiful but CCS deployment must accelerate warns IPCC,https://www.gasworld.com/story/co2-storage-plentiful-but-ccs-deployment-must-accelerate-warns-ipcc/2121998.article/,gasworld.com,20230321T120000Z,English,United States
BECCS,BECCS,GLE Commences Engineering on Carbon Capture at Marquis Industrial Complex – Advanced BioFuels united states,https://advancedbiofuelsusa.info/gle-commences-engineering-on-carbon-capture-at-marquis-industrial-complex/,advancedbiofuelsusa.info,20230320T214500Z,English,United States
BECCS,BECCS,Top Findings from the IPCC Climate Change Report 2023 | World Resources Institute,https://www.wri.org/insights/2023-ipcc-ar6-synthesis-report-climate-change-findings,wri.org,20230320T141500Z,English,United States
BECCS,BECCS,6 Ways to Remove Carbon Pollution from the Atmosphere,https://cleantechnica.com/2023/03/19/6-ways-to-remove-carbon-pollution-from-the-atmosphere/,cleantechnica.com,20230319T224500Z,English,United States
BECCS,BECCS,6 Ways to Remove Carbon Pollution from the Atmosphere,https://www.wri.org/insights/6-ways-remove-carbon-pollution-sky,wri.org,20230317T211500Z,English,United States
BECCS,BECCS,Comment : Emergency use of coal in U . K . isnt rebuke of net zero,https://www.heraldnet.com/opinion/comment-emergency-use-of-coal-in-u-k-isnt-rebuke-of-net-zero/,heraldnet.com,20230316T100000Z,English,United States
BECCS,BECCS,Work underway at Illinois bio - energy carbon capture and storage project,https://www.gasworld.com/story/work-underway-at-illinois-bio-energy-carbon-capture-and-storage-project/2121734.article/,gasworld.com,20230314T130000Z,English,United States
BECCS,BECCS,GLE engineers CCS at Marquis industrial complex,https://www.gasworld.com/story/gle-commences-engineering-on-ccs-at-marquis-industrial-complex/2121727.article/,gasworld.com,20230314T130000Z,English,United States
BECCS,BECCS,Carbon Dioxide Removal Global Market Report 2023 : Sector to Reach $2 . 08 Billion by 2031 at a CAGR of 18 . 2 %: Research and Markets,https://finance.yahoo.com/news/carbon-dioxide-removal-global-market-094500767.html,finance.yahoo.com,20230314T104500Z,English,United States
BECCS,BECCS,Carbon Dioxide Removal Global Market Report 2023 : Sector to Reach $2 . 08 Billion by 2031 at a CAGR of 18 . 2 %: Research and Markets,https://www.prnewswire.com/news-releases/carbon-dioxide-removal-global-market-report-2023-sector-to-reach-2-08-billion-by-2031-at-a-cagr-of-18-2-research-and-markets-301771305.html,prnewswire.com,20230314T100000Z,English,United States
BECCS,BECCS,Stock Market | FinancialContent Business Page,https://markets.financialcontent.com/stocks/article/bizwire-2023-3-14-carbon-dioxide-removal-global-market-report-2023-favorable-government-policies-drives-growth-researchandmarketscom,markets.financialcontent.com,20230314T100000Z,English,United States
BECCS,BECCS,Gas Liquids Engineering begins engineering on major CCS project for Marquis Energy : Biofuels Digest,https://www.biofuelsdigest.com/bdigest/2023/03/13/gas-liquids-engineering-begins-engineering-on-major-ccs-project-for-marquis-energy/,biofuelsdigest.com,20230314T023000Z,English,United States
BECCS,BECCS,GLE COMMENCES ENGINEERING ON CARBON CAPTURE AT MARQUIS INDUSTRIAL COMPLEX,https://www.prnewswire.com/news-releases/gle-commences-engineering-on-carbon-capture-at-marquis-industrial-complex-301769736.html,prnewswire.com,20230313T154500Z,English,United States
BECCS,BECCS,New research uses geothermal energy to slash emissions,https://techxplore.com/news/2023-03-geothermal-energy-slash-emissions.html,techxplore.com,20230310T203000Z,English,United States
BECCS,BECCS,UK Fears US May Snatch £2 Billion of Climate Cash With Biden Aid,https://news.yahoo.com/uk-fears-us-may-snatch-000100132.html,news.yahoo.com,20230310T013000Z,English,United States
BECCS,BECCS,UK Fears US May Lure £2 Billion of Climate Investment With Biden Green Subsidies,https://www.bloomberg.com/news/articles/2023-03-10/uk-fears-us-may-snatch-2-billion-of-climate-cash-with-biden-aid,bloomberg.com,20230310T011500Z,English,United States
BECCS,BECCS,Record 66 North America Carbon Capture Projects Announced in 2022 According to Decarbonfuse,https://www.prweb.com/releases/2023/03/prweb19209259.htm,prweb.com,20230309T153000Z,English,United States
BECCS,BECCS,Drax ends half a century of coal - fired power generation,https://biomassmagazine.com/articles/19963/drax-ends-half-a-century-of-coal-fired-power-generation,biomassmagazine.com,20230427T020000Z,English,United States
BECCS,BECCS,"Drax Ditches Coal , Shifts Focus To Biomass Generation",https://oilprice.com/Alternative-Energy/Biofuels/Drax-Ditches-Coal-Shifts-Focus-To-Biomass-Generation.html,oilprice.com,20230426T194500Z,English,United States
BECCS,BECCS,"Biden EPA Pushing New Power Plant Standards , Risking Already Strained Electric Grid",https://legalinsurrection.com/2023/04/biden-epa-pushing-new-power-plant-standards-risking-already-strained-electric-grid/,legalinsurrection.com,20230424T214500Z,English,United States
BECCS,BECCS,Shell admits 1 . 5C climate goal means immediate end to fossil fuel growth,https://www.resilience.org/stories/2023-04-24/shell-admits-1-5c-climate-goal-means-immediate-end-to-fossil-fuel-growth/,resilience.org,20230424T180000Z,English,United States
BECCS,BECCS,Drax pauses BECCS investment while waiting for government clarity,https://biomassmagazine.com/articles/19855/drax-pauses-beccs-investment-while-waiting-for-government-clarity,biomassmagazine.com,20230417T061500Z,English,United States
BECCS,BECCS,Aston University biomass expert calls for more exploration of power bioenergy with carbon capture and storage,https://www.spacedaily.com/reports/Aston_University_biomass_expert_calls_for_more_exploration_of_power_bioenergy_with_carbon_capture_and_storage_999.html,spacedaily.com,20230409T080000Z,English,United States
BECCS,BECCS,"Drax applauds Canada budget commitment to biomass , clean energy",https://biomassmagazine.com/articles/19909/drax-applauds-canadaundefineds-budget-commitment-to-biomass-clean-energy,biomassmagazine.com,20230406T231500Z,English,United States
BECCS,BECCS,Drax Applauds Canada Budget Commitment to Biomass and Clean Energy Investments,https://finance.yahoo.com/news/drax-applauds-canada-budget-commitment-183600893.html,finance.yahoo.com,20230406T191500Z,English,United States
BECCS,BECCS,Drax Applauds Canada Budget Commitment to Biomass and Clean Energy Investments,https://www.streetinsider.com/Globe+Newswire/Drax+Applauds+Canada%E2%80%99s+Budget+Commitment+to+Biomass+and+Clean+Energy+Investments/21479180.html,streetinsider.com,20230406T190000Z,English,United States
BECCS,BECCS,Babcock & Wilcox Awarded Contract To Study Bioenergy With Carbon Capture And Storage ( BECCS ) Conversion For Coal Power Plant In Michigan,https://www.poweronline.com/doc/babcock-amp-wilcox-awarded-contract-study-bioenergy-carbon-capture-storage-(beccs)-conversion-coal-powermichigan-0001,poweronline.com,20230731T120000Z,English,United States
BECCS,BECCS,The Hydrogen Stream : Germany to use hydrogen  in all sector – pv magazine International,https://www.pv-magazine.com/2023/07/28/the-hydrogen-stream-germany-to-use-hydrogen-in-all-sectors/,pv-magazine.com,20230728T134500Z,English,United States
BECCS,BECCS,"Busy Week : News and Notes from the Power Industry ( July 27 , 2023 )",https://www.powermag.com/busy-week-news-and-notes-from-the-power-industry-july-27-2023/,powermag.com,20230727T173000Z,English,United States
BECCS,BECCS,B & W Plans to Convert Michigan Coal Plant to Clean Power Generator,https://www.rigzone.com/news/bw_plans_to_convert_michigan_coal_plant_to_clean_power_generator-27-jul-2023-173459-article/,rigzone.com,20230727T121500Z,English,United States
BECCS,BECCS,Babcock & Wilcox Awarded Contract to Study Bioenergy with Carbon Capture and Storage ( BECCS ) Conversion for Coal Power Plant in Michigan - Babcock & Wilcox ( NYSE : BW ),https://www.benzinga.com/pressreleases/23/07/b33387517/babcock-wilcox-awarded-contract-to-study-bioenergy-with-carbon-capture-and-storage-beccs-conversio,benzinga.com,20230726T113000Z,English,United States
BECCS,BECCS,"Biogas - Sewage biogas in Manchester set to become sustainable feedstock for graphene and hydrogen production - Renewable Energy Magazine , at the heart of clean energy journalism",https://www.renewableenergymagazine.com/biogas/sewage-biogas-in-manchester-set-to-become-20230724,renewableenergymagazine.com,20230724T111500Z,English,United States
BECCS,BECCS,Drax issues formal response to  BECCS Done Well  report,https://biomassmagazine.com/articles/20227/drax-issues-formal-response-to-undefinedbeccs-done-wellundefined-report,biomassmagazine.com,20230720T020000Z,English,United States
BECCS,BECCS,Aker Carbon Capture to study feasibility of BECCS project,https://biomassmagazine.com/articles/20215/aker-carbon-capture-to-study-feasibility-of-beccs-project,biomassmagazine.com,20230718T024500Z,English,United States
BECCS,BECCS,Moniz :  Substantial Effort  on Bioenergy with Carbon Capture,https://www.rtoinsider.com/49528-moniz-carbon-capture-beccs/,rtoinsider.com,20230709T231500Z,English,United States
BECCS,BECCS,BECCS : Converting Wood To Energy In The 21st Century,https://www.forbes.com/sites/davidblackmon/2023/07/08/beccs-converting-wood-to-energy-in-the-21st-century/,forbes.com,20230708T130000Z,English,United States
BECCS,BECCS,KEW Technology Lands Funding to Propel Waste - to - Hydrogen Tech Forward ~ Hydrogen Fuel News,https://www.hydrogenfuelnews.com/waste-to-hydrogen-kew-technology/8559514/,hydrogenfuelnews.com,20230706T140000Z,English,United States
BECCS,BECCS,Proposed climate - friendly energy source continues to gain support,https://www.witn.com/2023/07/05/proposed-climate-friendly-energy-source-continues-gain-support/,witn.com,20230706T023000Z,English,United States
BECCS,BECCS,Monthly Review | On Technology and Degrowth,https://monthlyreview.org/2023/07/01/on-technology-and-degrowth/,monthlyreview.org,20230702T061500Z,English,United States
BECCS,BECCS,Monthly Review | Planned Degrowth : Ecosocialism and Sustainable Human Development An Introduction,https://monthlyreview.org/2023/07/01/planned-degrowth/,monthlyreview.org,20230702T013000Z,English,United States
BECCS,BECCS,Drax Announces the Appointment of Andrea Bertone to the Company Board of Directors,https://www.prnewswire.com/news-releases/drax-announces-the-appointment-of-andrea-bertone-to-the-companys-board-of-directors-301915158.html,prnewswire.com,20230831T174500Z,English,United States
BECCS,BECCS,Low Carbon Materials joins CCS+ initiative,https://www.cemnet.com/News/story/175456/low-carbon-materials-joins-ccs-initiative.html,cemnet.com,20230830T121500Z,English,United States
BECCS,BECCS,Drax Joins World Economic Forum First Movers Coalition,https://www.prnewswire.com/news-releases/drax-joins-world-economic-forums-first-movers-coalition-301912961.html,prnewswire.com,20230829T191500Z,English,United States
BECCS,BECCS,Evaluating carbon capture promise,https://www.datacenterdynamics.com/en/analysis/evaluating-carbon-captures-promise/,datacenterdynamics.com,20230824T173000Z,English,United States
BECCS,BECCS,Ocean GeoLoop announces 3000 - hour carbon capture milestone,https://www.gasworld.com/story/ocean-geoloop-announces-3000-hour-carbon-capture-milestone/2126762.article/,gasworld.com,20230823T151500Z,English,United States
BECCS,BECCS,Capsol Technologies reports  accelerating demand  for carbon capture technology,https://www.gasworld.com/story/capsol-technologies-reports-accelerating-demand-for-carbon-capture-technology/2126397.article/,gasworld.com,20230815T100000Z,English,United States
BECCS,BECCS,USIPA : united kingdom government reaffirms support for biomass,https://biomassmagazine.com/articles/20299/usipa-uk-government-reaffirms-support-for-biomass,biomassmagazine.com,20230815T030000Z,English,United States
BECCS,BECCS,How Carbon Capture Is Getting New Life With US Help - The Washington Post,https://www.washingtonpost.com/business/energy/2023/08/14/us-carbon-capture-efforts-challenges-and-impact-explained/d3d5848e-3aaf-11ee-aefd-40c039a855ba_story.html,washingtonpost.com,20230814T150000Z,English,United States
BECCS,BECCS,UK Biomass Strategy Wont Stop Destruction of North American Forests,https://cleantechnica.com/2023/08/13/uk-biomass-strategy-wont-stop-destruction-of-north-american-forests/,cleantechnica.com,20230813T190000Z,English,United States
BECCS,BECCS,"UK publishes Biomass Strategy , report on BECCS | Biomassmagazine . com",https://biomassmagazine.com/articles/20295/uk-publishes-biomass-strategy-report-on-beccs,biomassmagazine.com,20230810T233000Z,English,United States
BECCS,BECCS,"Global Carbon Capture Utilization and Storage ( CCUS ) Market Report 2023 - 2040 : Growth Accelerated by Regulatory Frameworks , Implementation of Negative Emission Technologies , and CO2 Utilization",https://www.prnewswire.com/news-releases/global-carbon-capture-utilization-and-storage-ccus-market-report-2023-2040-growth-accelerated-by-regulatory-frameworks-implementation-of-negative-emission-technologies-and-co2-utilization-301895834.html,prnewswire.com,20230809T020000Z,English,United States
BECCS,BECCS,The Global Market for Bioenergy 2023 to 2033 : Industry Developments and Investments,https://www.prnewswire.com/news-releases/the-global-market-for-bioenergy-2023-to-2033-industry-developments-and-investments-301892498.html,prnewswire.com,20230803T151500Z,English,United States
BECCS,BECCS,Enviva Reports 2Q 2023 Results and Provides Progress Update on Cost and Productivity Improvement Initiatives,https://itbusinessnet.com/2023/08/enviva-reports-2q-2023-results-and-provides-progress-update-on-cost-and-productivity-improvement-initiatives/,itbusinessnet.com,20230803T030000Z,English,United States
BECCS,BECCS,Carbon capture tech could drive £40bn investment in united kingdom economy by 2030,https://www.gasworld.com/story/carbon-capture-tech-could-drive-40bn-investment-in-uk-economy-by-2030/2128235.article/,gasworld.com,20230927T163000Z,English,United States
BECCS,BECCS,The world biggest carbon capture facility is being built in Texas . Will it work ?,https://grist.org/energy/the-worlds-biggest-carbon-capture-facility-is-being-built-in-texas-will-it-work/,grist.org,20230927T093000Z,English,United States
BECCS,BECCS,Drax joins the Carbon Business Council,https://www.gasworld.com/story/drax-joins-the-carbon-business-council/2127997.article/,gasworld.com,20230921T134500Z,English,United States
BECCS,BECCS,AstraZeneca advances united kingdom clean heat and energy efficiencies with £100m commitment,https://www.pharmiweb.com/press-release/2023-09-14/astrazeneca-advances-uk-clean-heat-and-energy-efficiencies-with-100m-commitment,pharmiweb.com,20230914T144500Z,English,United States
BECCS,BECCS,AstraZeneca advances united kingdom clean heat and energy efficiencies with £100m commitment,https://www.tmcnet.com/usubmit/2023/09/14/9880835.htm,tmcnet.com,20230914T070000Z,English,United States
BECCS,BECCS,Texas breaks ground on controversial Biden - backed carbon removal project,https://thebulletin.org/2023/09/texas-breaks-ground-on-controversial-biden-backed-carbon-removal-project/,thebulletin.org,20230913T224500Z,English,United States
BECCS,BECCS,Britain wind power capacity surpasses gas,https://renewablesnow.com/news/britains-wind-power-capacity-surpasses-gas-833821/,renewablesnow.com,20230913T201500Z,English,United States
BECCS,BECCS,"UK government must kick - start the construction of large - scale electricity storage or fail to meet legally binding net zero targets by 2050 , warns Royal Society report",https://www.webwire.com/ViewPressRel.asp?aId=310894,webwire.com,20230912T174500Z,English,United States
BECCS,BECCS,A new climate solution could involve cropland and volcanic rocks,https://www.popsci.com/environment/volcanic-rock-farm-carbon-sequestration/,popsci.com,20230908T174500Z,English,United States
BECCS,BECCS,SLB Announces Third - Quarter 2023 Results,http://www.itnewsonline.com/BusinessWire/SLB-Announces-Third-Quarter-2023-Results/32012,itnewsonline.com,20231020T144500Z,English,United States
BECCS,BECCS,Rayonier 2022 Sustainability Report : Land - Based Solutions,https://www.streetinsider.com/Accesswire/Rayonier+2022+Sustainability+Report:+Land-Based+Solutions/22270486.html,streetinsider.com,20231013T144500Z,English,United States
BECCS,BECCS,"Respira Announces Intention to Purchase up to 50 , 000 Carbon",https://www.globenewswire.com/news-release/2023/11/29/2788012/0/en/Respira-Announces-Intention-to-Purchase-up-to-50-000-Carbon-Removal-Credits-from-Capture6.html,globenewswire.com,20231129T181500Z,English,United States
BECCS,BECCS,Drax applauds the government of Canada commitment to biomass technologies as highlighted in the Fall Economic Statement - Energy Industry Today,https://energy.einnews.com/pr_news/670755273/drax-applauds-the-government-of-canada-s-commitment-to-biomass-technologies-as-highlighted-in-the-fall-economic-statement,energy.einnews.com,20231125T034500Z,English,United States
BECCS,BECCS,Drax applauds the government of Canada commitment to biomass technologies as highlighted in the Fall Economic Statement,https://markets.businessinsider.com/news/stocks/drax-applauds-the-government-of-canada-s-commitment-to-biomass-technologies-as-highlighted-in-the-fall-economic-statement-1032848878,markets.businessinsider.com,20231124T230000Z,English,United States
BECCS,BECCS,Drax applauds the government of Canada commitment to,https://www.globenewswire.com/news-release/2023/11/24/2785703/0/en/Drax-applauds-the-government-of-Canada-s-commitment-to-biomass-technologies-as-highlighted-in-the-Fall-Economic-Statement.html,globenewswire.com,20231124T221500Z,English,United States
BECCS,BECCS,"Drax Foundation Donates More Than $450 , 000 Aiding Canadian Organizations Focused on Supporting Indigenous Communities","https://www.streetinsider.com/Globe+Newswire/Drax+Foundation+Donates+More+Than+$450,000+Aiding+Canadian+Organizations+Focused+on+Supporting+Indigenous+Communities/22449164.html",streetinsider.com,20231122T223000Z,English,United States
BECCS,BECCS,Evero partners with Mitsubishi Heavy Industries on carbon capture technology for BECCS project in the united kingdom : The Daily Digest,https://www.biofuelsdigest.com/bdigest/2023/11/11/evero-partners-with-mitsubishi-heavy-industries-on-carbon-capture-technology-for-beccs-project-in-the-uk/,biofuelsdigest.com,20231112T004500Z,English,United States
BECCS,BECCS,Drax Partners with Patch to Enhance Carbon Credit Offering,https://www.streetinsider.com/PRNewswire/Drax+Partners+with+Patch+to+Enhance+Carbon+Credit+Offering/22380140.html,streetinsider.com,20231108T150000Z,English,United States
BECCS,BECCS,Is It Time To Embrace Geoengineering ?,https://oilprice.com/Energy/Energy-General/Is-It-Time-To-Embrace-Geoengineering.html,oilprice.com,20231219T101500Z,English,United States
BECCS,BECCS,Fossil takeover of the COPs - International Viewpoint - online socialist magazine,https://internationalviewpoint.org/spip.php?article8353,internationalviewpoint.org,20231219T001500Z,English,United States
BECCS,BECCS,COP28 : The scientific basis for a rapid fossil fuel phase out,https://www.massachusettssun.com/news/274059345/cop28-the-scientific-basis-for-a-rapid-fossil-fuel-phase-out,massachusettssun.com,20231209T000000Z,English,United States
BECCS,BECCS,COP28 : The scientific basis for a rapid fossil fuel phase out,https://www.bignewsnetwork.com/news/274059345/cop28-the-scientific-basis-for-a-rapid-fossil-fuel-phase-out,bignewsnetwork.com,20231208T233000Z,English,United States
BECCS,BECCS,Engineering Archives,https://www.powermag.com/category/engineering/,powermag.com,20240301T153000Z,English,United States
BECCS,BECCS,UK Drax Eyes U . S . for Bioenergy CCS Expansion Drive,https://www.powermag.com/uks-drax-eyes-u-s-for-bioenergy-ccs-expansion-drive/,powermag.com,20240301T153000Z,English,United States
BECCS,BECCS,"Global Biochar Market Analysis & Outlook 2024 - 2034 , with Profiles of 100+ Biochar Manufacturers and Developers Globally Including Production Capacities and Latest Expansions",https://www.tmcnet.com/usubmit/2024/02/28/9970057.htm,tmcnet.com,20240228T174500Z,English,United States
BECCS,BECCS,Using biomass to reach net zero could be a waste of taxpayer money,https://news.yahoo.com/using-biomass-reach-net-zero-201305930.html,news.yahoo.com,20240223T204500Z,English,United States
BECCS,BECCS,European Energy strikes biogenic CO2 deal to produce e - methanol in Texas,https://www.gasworld.com/story/european-energy-strikes-biogenic-co2-deal-to-produce-e-methanol-in-texas/2134146.article/,gasworld.com,20240215T163000Z,English,United States
BECCS,BECCS,Aker Carbon Capture awarded study for capturing biogenic CO2 in Sweden,https://www.worldcement.com/europe-cis/12022024/aker-carbon-capture-awarded-study-for-capturing-biogenic-co2-in-sweden/,worldcement.com,20240212T103000Z,English,United States
BECCS,BECCS,Japanese firm to partner on newly revised Louisiana renewables fuel project,https://www.ogj.com/energy-transition/article/14304936/japanese-firm-to-partner-on-newly-revised-louisiana-renewables-fuel-project,ogj.com,20240209T194500Z,English,United States
BECCS,BECCS,"Carbon Capture , Utilization , and Storage Market worth $12 . 9 billion in 2030 - Exclusive Report by MarketsandMarkets™",https://www.prnewswire.com/news-releases/carbon-capture-utilization-and-storage-market-worth-12-9-billion-in-2030--exclusive-report-by-marketsandmarkets-302057510.html,prnewswire.com,20240209T121500Z,English,United States
BECCS,BECCS,Replacing animal - based foods with alternative proteins would unlock land for carbon removal,https://www.sciencedaily.com/releases/2024/02/240207120533.htm,sciencedaily.com,20240208T134500Z,English,United States
BECCS,BECCS,Aker Carbon Capture awarded study for capturing biogenic CO2 in Sweden,https://www.tmcnet.com/usubmit/-aker-carbon-capture-awarded-study-capturing-biogenic-co2-/2024/02/08/9959472.htm,tmcnet.com,20240208T081500Z,English,United States
BECCS,BECCS,Aker Carbon Capture awarded study for capturing biogenic CO2 in Sweden,https://www.tmcnet.com/usubmit/2024/02/08/9959472.htm,tmcnet.com,20240208T073000Z,English,United States
BECCS,BECCS,Study warns of overreliance on carbon dioxide removal in climate strategies,https://www.terradaily.com/reports/Study_warns_of_overreliance_on_carbon_dioxide_removal_in_climate_strategies_999.html,terradaily.com,20240204T024500Z,English,United States
BECCS,BECCS,"Drax , Molpus Woodlands partner to fuel BECCS operations in the Southeast US",https://biomassmagazine.com/articles/drax-molpus-woodlands-partner-to-fuel-beccs-operations-in-the-southeast-us,biomassmagazine.com,20240202T023000Z,English,United States
BECCS,BECCS,Drax signs fibre supply deal with Molpus to fuel US - based BECCS operations,https://www.gasworld.com/story/drax-signs-fibre-supply-deal-with-molpus-to-fuel-us-based-beccs-operations/2133568.article/,gasworld.com,20240201T153000Z,English,United States
BECCS,BECCS,"Stop subsidizing Drax forest destruction , environmental injustices , and climate damage , say Dogwood Alliance and other environmental groups",https://www.tmcnet.com/usubmit/2024/04/25/10000705.htm,tmcnet.com,20240425T151500Z,English,United States
BECCS,BECCS,JX to join forces with Sumitomo at large scale SAF / BECCS project in Louisiana ( U . S .),http://www.hydrocarbonprocessing.com/news/2024/04/jx-to-join-forces-with-sumitomo-at-large-scale-safbeccs-project-in-louisiana-us/,hydrocarbonprocessing.com,20240424T194500Z,English,United States
BECCS,BECCS,Japan Mizuho Invests $3 . 64MM in Bison CCS Project in Alberta,https://www.rigzone.com/news/japans_mizuho_invests_364mm_in_bisons_ccs_project_in_alberta-15-apr-2024-176402-article/,rigzone.com,20240415T081500Z,English,United States
BECCS,BECCS,JX and Sumitomo Corporation join forces for large - scale SAF / BECCS project in Louisiana - Chemical Engineering,https://www.chemengonline.com/jx-and-sumitomo-corporation-join-forces-for-large-scale-saf-beccs-project-in-louisiana/,chemengonline.com,20240409T221500Z,English,United States
BECCS,BECCS,Net Zero | North West,https://energycentral.com/c/cp/net-zero-north-west-0,energycentral.com,20240405T223000Z,English,United States
BECCS,BECCS,Karbon - X and Drax Group Partner in Major Step for Carbon Removal Market ...,https://www.pr-inside.com/karbon-x-and-drax-group-partner-in-major-step-for-carbon-removal-market-r4997736.htm,pr-inside.com,20240405T140000Z,English,United States
BECCS,BECCS,Does  net zero  mean zero cows ? - Bulletin of the Atomic Scientists,https://thebulletin.org/premium/2024-05/does-net-zero-mean-zero-cows/,thebulletin.org,20240531T160000Z,English,United States
BECCS,BECCS,Capsol Technologies unveils plan to join Norway stock exchange | CCS,https://www.gasworld.com/story/capsol-technologies-unveils-plan-to-join-norways-stock-exchange/2139455.article/,gasworld.com,20240531T121500Z,English,United States
BECCS,BECCS,FS completes feasibility studies for BECCS project in Brazil : The Daily Digest,https://www.biofuelsdigest.com/bdigest/2024/05/29/fs-completes-feasibility-studies-for-beccs-project-in-brazil/,biofuelsdigest.com,20240530T023000Z,English,United States
BECCS,BECCS,Ørsted enters into new major agreement on carbon removal with Microsoft,https://www.ajot.com/news/rsted-enters-into-new-major-agreement-on-carbon-removal-with-microsoft,ajot.com,20240522T200000Z,English,United States
BECCS,BECCS,Researchers set out path for global warming reversal,https://innovationtoronto.com/researchers-set-out-path-for-global-warming-reversal/,innovationtoronto.com,20240522T063000Z,English,United States
BECCS,BECCS,"Electrogeochemistry can capture carbon , produce fuel , and even offset ocean acidification",https://innovationtoronto.com/electrogeochemistry-can-capture-carbon-produce-fuel-and-even-offset-ocean-acidification/,innovationtoronto.com,20240520T234500Z,English,United States
BECCS,BECCS,"Stockholm Exergi announces permanent carbon removal agreement with Microsoft , world largest to date",https://www.prnewswire.com/news-releases/stockholm-exergi-announces-permanent-carbon-removal-agreement-with-microsoft-worlds-largest-to-date-302136553.html,prnewswire.com,20240506T090000Z,English,United States
BECCS,BECCS,"Stockholm Exergi announces permanent carbon removal agreement with Microsoft , world largest to date",https://www.prnewswire.com/news-releases/stockholm-exergi-announces-permanent-carbon-removal-agreement-with-microsoft-worlds-largest-to-date-302136550.html,prnewswire.com,20240506T090000Z,English,United States
BECCS,BECCS,UN Climate Talks : Setting Sail to Plunder the Ocean,https://www.ipsnews.net/2024/06/un-climate-talks-setting-sail-plunder-ocean/,ipsnews.net,20240628T104500Z,English,United States
BECCS,BECCS,OnLocation U . S . Energy Horizons to 2050 Release : Reference and Advanced Technologies Scenarios for the U . S . Energy Sector,https://www.prnewswire.com/news-releases/onlocations-us-energy-horizons-to-2050-release-reference-and-advanced-technologies-scenarios-for-the-us-energy-sector-302183798.html,prnewswire.com,20240626T223000Z,English,United States
BECCS,BECCS,DNV gives greenlight to methodology for carbon removals delivered by BECCS,https://biomassmagazine.com/articles/dnv-gives-greenlight-to-methodology-for-carbon-removals-delivered-by-beccs,biomassmagazine.com,20240621T204500Z,English,United States
BECCS,BECCS,"Drax Donates More Than $291 , 000 to Non - Profits Focused on STEM Education and the Environment",https://www.tmcnet.com/usubmit/2024/06/18/10030431.htm,tmcnet.com,20240618T174500Z,English,United States
BECCS,BECCS,"Drax Donates More Than $291 , 000 to Non - Profits Focused on STEM Education and the Environment",https://www.prnewswire.com/news-releases/drax-donates-more-than-291-000-to-non-profits-focused-on-stem-education-and-the-environment-302175833.html,prnewswire.com,20240618T174500Z,English,United States
BECCS,BECCS,"UW - Madison : Faculty , students co - author landmark report on carbon dioxide removal",https://www.wisbusiness.com/2024/uw-madison-faculty-students-co-author-landmark-report-on-carbon-dioxide-removal/,wisbusiness.com,20240612T190000Z,English,United States
BECCS,BECCS,Carbon capture must quadruple by 2050 to meet climate targets : report,https://www.terradaily.com/reports/Carbon_capture_must_quadruple_by_2050_to_meet_climate_targets_report_999.html,terradaily.com,20240607T114500Z,English,United States
BECCS,BECCS,"Humans Need To Remove Four Times Carbon Dioxide In The Atmosphere BY 2050 To Counter Global Warming , Study Says",https://www.natureworldnews.com/articles/61895/20240606/humans-need-remove-four-times-carbon-dioxide-atmosphere-2050-counter.htm,natureworldnews.com,20240607T024500Z,English,United States
BECCS,BECCS,Carbon capture must quadruple by 2050 to meet climate targets : report,https://www.spacedaily.com/reports/Carbon_capture_must_quadruple_by_2050_to_meet_climate_targets_report_999.html,spacedaily.com,20240606T081500Z,English,United States
BECCS,BECCS,2024 CDR Report : Upscaling CO2 Removal to Achieve Paris Goals,https://www.miragenews.com/2024-cdr-report-upscaling-co2-removal-to-1249970/,miragenews.com,20240605T124500Z,English,United States
BECCS,BECCS,CO2 removal needs to  more than treble,https://www.gasworld.com/story/co2-removal-needs-to-more-than-treble/2139682.article/,gasworld.com,20240605T114500Z,English,United States
BECCS,BECCS,Carbon capture must quadruple by 2050 to meet climate targets : report,https://www.terradaily.com/afp/240604220348.qvbn1gf7.html,terradaily.com,20240605T024500Z,English,United States
BECCS,BECCS,Carbon capture must quadruple by 2050 to meet climate targets : report,https://www.terradaily.com/afp/240604181457.vlv2xtlm.html,terradaily.com,20240604T211500Z,English,United States
BECCS,BECCS,Babcock & Wilcox to begin work on BECCS project for NorthStar Clean Energy : The Daily Digest,https://www.biofuelsdigest.com/bdigest/2024/06/03/babcock-wilcox-to-begin-work-on-beccs-project-for-northstar-clean-energy/,biofuelsdigest.com,20240604T010000Z,English,United States
BECCS,BECCS,Japanese consortium to study BECCS in Indonesia with Pertamina : The Daily Digest,https://www.biofuelsdigest.com/bdigest/japanese-consortium-to-study-beccs-in-indonesia-with-pertamina/,biofuelsdigest.com,20240828T014500Z,English,United States
BECCS,BECCS,"Gibson , Partners Eye Waste - to - Energy Facility with Carbon Capture",https://www.rigzone.com/news/gibson_partners_eye_wastetoenergy_facility_with_carbon_capture-23-aug-2024-177864-article/,rigzone.com,20240823T164500Z,English,United States
BECCS,BECCS,"Climate Recovery After Overshooting 1 . 5°C Is a Dangerous Myth , Scientists Warn",https://www.sciencealert.com/climate-recovery-after-overshooting-1-5c-is-a-dangerous-myth-scientists-warn,sciencealert.com,20240823T043000Z,English,United States
BECCS,BECCS,Net Zero Carbon Removal Conundrum,https://www.insurancejournal.com/news/national/2024/08/19/788885.htm,insurancejournal.com,20240819T140000Z,English,United States
BECCS,BECCS,Ørsted to focus on green hydrogen after scrapping e - fuels project,https://www.gasworld.com/story/orsted-to-focus-on-green-hydrogen-after-scrapping-e-fuels-project/2142892.article/,gasworld.com,20240815T171500Z,English,United States
BECCS,BECCS,Skeptical Science New Research for Week # 31 2024,https://skepticalscience.com/new_research_2024_31.html,skepticalscience.com,20240801T111500Z,English,United States
BECCS,BECCS,Airfix and The Carbon Removers join forces to tackle Europe carbon emissions | CCS,https://www.gasworld.com/story/airfix-and-the-carbon-removers-join-forces-to-tackle-europes-carbon-emissions/2145689.article/,gasworld.com,20241022T171500Z,English,United States
BECCS,BECCS,"The future of feedstocks in SAF | Agri - Pulse Communications , Inc .",https://www.agri-pulse.com/articles/21780-the-future-of-feedstocks-in-saf,agri-pulse.com,20241016T153000Z,English,United States
BECCS,BECCS,FS Bioenergia to advance carbon capture negative - emission ethanol,https://www.gasworld.com/story/fs-bioenergia-to-advance-carbon-capture-negative-emission-ethanol/2145185.article/,gasworld.com,20241010T120000Z,English,United States
BECCS,BECCS,The U . K .  Clean  Power Company Polluting Small Towns Across the U . S,https://theintercept.com/2024/09/30/drax-wood-pellet-energy-air-pollution/,theintercept.com,20241002T181500Z,English,United States
BECCS,BECCS,"A letter from Rio de Janeiro , Charley Rattan | Brazil , CCS and Hydrogen",https://energycentral.com/c/og/letter-rio-de-janeiro-charley-rattan-brazil-ccs-and-hydrogen,energycentral.com,20241201T171500Z,English,United States
BECCS,BECCS,Interview With Carbon - Credit Procurement Platform CEEZER Founder Magnus Drewelies,https://cleantechnica.com/2024/11/22/interview-with-carbon-credit-procurement-platform-ceezer-founder-magnus-drewelies/,cleantechnica.com,20241122T180000Z,English,United States
BECCS,BECCS,B & W to Convert Coal Plant to Gas for AES Indiana,https://www.rigzone.com/news/bw_to_convert_coal_plant_to_gas_for_aes_indiana-22-nov-2024-178767-article/,rigzone.com,20241122T151500Z,English,United States
BECCS,BECCS,Graphene Goes Mainstream with the Launch of Levidian Second - Generation LOOP Decarbonization Technology,https://www.azonano.com/news.aspx?newsID=41164,azonano.com,20241121T113000Z,English,United States
BECCS,BECCS,"The climate and biodiversity crises are entwined , but we risk pitting one against the other",https://phys.org/news/2024-11-climate-biodiversity-crises-entwined-pitting.html,phys.org,20241119T004500Z,English,United States
BECCS,BECCS,Study show Brazilian second - crop corn ethanol production system in line with SDGs : The Daily Digest,https://www.biofuelsdigest.com/bdigest/study-shows-brazilian-second-crop-corn-ethanol-production-system-in-line-with-sdgs/,biofuelsdigest.com,20241114T201500Z,English,United States
BECCS,BECCS,CCSA appoints new united kingdom Director,https://www.gasworld.com/story/ccsa-appoints-new-uk-director/2146598.article/,gasworld.com,20241111T170000Z,English,United States
BECCS,BECCS,"EU expected to approve climate , energy commissioners",https://www.argusmedia.com/en/news-and-insights/latest-market-news/2625765-eu-expected-to-approve-climate-energy-commissioners,argusmedia.com,20241106T183000Z,English,United States
BECCS,BECCS,Scientists from 57 countries want to end siloed decision - making on climate,https://grist.org/solutions/ipbes-un-panel-biodiversity-ecosystem-services-nexus-report-namibia/,grist.org,20241218T131500Z,English,United States
BECCS,BECCS,Capsol Technologies to study EfW plant in France,https://www.gasworld.com/story/capsol-technologies-to-study-efw-plant-in-france/2147707.article/,gasworld.com,20241205T190000Z,English,United States
BECCS,BECCS,"A letter from Rio de Janeiro , Charley Rattan | Brazil , CCS and Hydrogen",https://energycentral.com/c/og/letter-rio-de-janeiro-charley-rattan-brazil-ccs-and-hydrogen,energycentral.com,20241201T171500Z,English,United States
BECCS,BECCS,Skeptical Science New Research for Week # 9 2025,https://skepticalscience.com/new_research_2025_9.html,skepticalscience.com,20250227T103000Z,English,United States
BECCS,BECCS,Little Scope for Large - Scale Climate Plantations Without Breaching Planetary Boundaries,https://www.terradaily.com/reports/Little_Scope_for_Large_Scale_Climate_Plantations_Without_Breaching_Planetary_Boundaries_999.html,terradaily.com,20250218T121500Z,English,United States
BECCS,BECCS,"Altitude Launches Ascent : World First 50 , 000 - Ton CDR Financing Fund",https://cleantechnica.com/2025/02/17/altitude-launches-ascent-worlds-first-50000-ton-cdr-financing-fund/,cleantechnica.com,20250217T213000Z,English,United States
BECCS,BECCS,Climate plantation strategy face hurdles : Study reveals limited carbon capture potential within safe limits,https://phys.org/news/2025-02-climate-plantations-strategy-hurdles-reveals.html,phys.org,20250212T221500Z,English,United States
BECCS,BECCS,"The Download : Google AI mission , and America reliance on natural gas",https://www.technologyreview.com/2025/05/21/1117249/the-download-googles-ai-mission-and-americas-reliance-on-natural-gas/,technologyreview.com,20250521T133000Z,English,United States
BECCS,BECCS,Climeworks signs carbon removal deal with shipping giant,https://www.gasworld.com/story/climeworks-signs-carbon-removal-deal-with-shipping-giant/2155830.article/,gasworld.com,20250507T200000Z,English,United States
BECCS,BECCS,Microsoft expands carbon removal agreement with Stockholm Exergi,https://www.datacenterdynamics.com/en/news/microsoft-expands-carbon-removal-agreement-with-stockholm-exergi/,datacenterdynamics.com,20250507T163000Z,English,United States
BECCS,BECCS,The Top 5 Ways of Reducing Carbon Emissions,https://www.azocleantech.com/article.aspx?ArticleID=1972,azocleantech.com,20250505T111500Z,English,United States
BECCS,BECCS,"CCS Capacity To Quadruple By 2030 , DNV Report Finds",https://www.marinelink.com/news/ccs-capacity-quadruple-dnv-report-finds-526819,marinelink.com,20250613T130000Z,English,United States
BECCS,BECCS,DNV report claims global CO2 capture and storage to quadruple by 2030,https://www.cemnet.com/News/story/179335/dnv-report-claims-global-co2-capture-and-storage-to-quadruple-by-2030.html,cemnet.com,20250613T111500Z,English,United States
BECCS,BECCS,"CCS at a Turning Point , Says DNV",https://www.worldcement.com/europe-cis/12062025/ccs-at-a-turning-point-says-dnv/,worldcement.com,20250612T104500Z,English,United States
BECCS,BECCS,Beyond the Hydrogen Mirage : A Candid Conversation with Joe Romm,https://cleantechnica.com/2025/06/03/beyond-the-hydrogen-mirage-a-candid-conversation-with-joe-romm/,cleantechnica.com,20250603T211500Z,English,United States
BECCS,BECCS,CNL and Partners Identified Three Canadian Locations to,https://www.globenewswire.com/news-release/2025/08/01/3126077/0/en/CNL-and-Partners-Identified-Three-Canadian-Locations-to-Advance-the-Design-of-Renewable-Diesel-Production-Facilities.html,globenewswire.com,20250801T193000Z,English,United States
BECCS,BECCS,Horizon - ESG Regulatory News and Trends - July 2025 | DLA Piper,https://www.jdsupra.com/legalnews/horizon-esg-regulatory-news-and-trends-4531688/,jdsupra.com,20250801T034500Z,English,United States
BECCS,BECCS,Elimini and HOFOR Sign Strategic Agreements for Landmark Danish BECCS Project To Permanently Remove CO2,https://www.prnewswire.com/news-releases/elimini-and-hofor-sign-strategic-agreements-for-landmark-danish-beccs-project-to-permanently-remove-co2-302514970.html,prnewswire.com,20250729T083000Z,English,United States
BECCS,BECCS,Coalition Invests $41 Million in Biomass Carbon Removal Project,https://www.renewableenergymagazine.com/biomass/coalition-invests-41-million-in-biomass-carbon-20250710,renewableenergymagazine.com,20250710T170000Z,English,United States
BECCS,BECCS,US carbon removal seen backsliding under Trump report - Governor Wind Energy Coalition,https://governorswindenergycoalition.org/us-carbon-removal-seen-backsliding-under-trump-report/,governorswindenergycoalition.org,20250710T004500Z,English,United States
BECCS,BECCS,US carbon removal seen backsliding under Trump report,https://www.eenews.net/articles/us-carbon-removal-seen-backsliding-under-trump-report/,eenews.net,20250709T151500Z,English,United States
BECCS,BECCS,Frontier is helping Arbor build a  vegetarian rocket engine  to power data centers,https://techcrunch.com/2025/07/08/frontier-is-helping-arbor-build-a-vegetarian-rocket-engine-to-power-data-centers/,techcrunch.com,20250708T151500Z,English,United States
BECCS,BECCS,eLTER Releases First Policy Brief On Scaling Carbon Removal For Climate Neutrality,https://www.eurasiareview.com/23102025-elter-releases-first-policy-brief-on-scaling-carbon-removal-for-climate-neutrality/,eurasiareview.com,20251023T001500Z,English,United States
BECCS,BECCS,Here the scoop on Big Tech multi - million dollar carbon removal climate bet,https://geneticliteracyproject.org/2025/10/17/heres-the-scoop-on-big-techs-multi-million-dollar-carbon-removal-climate-bet/,geneticliteracyproject.org,20251017T081500Z,English,United States
BECCS,BECCS,"The Download : Creating the perfect baby , and carbon removal lofty promises",https://www.technologyreview.com/2025/10/16/1125851/the-download-creating-the-perfect-baby-and-carbon-removals-lofty-promises/,technologyreview.com,20251016T133000Z,English,United States
BECCS,BECCS,USA BioEnergy plant in Bon Wier will include small nuclear generator,https://kfdm.com/news/local/usa-bioenergy-site-in-bon-wier-will-include-small-nuclear-plant,kfdm.com,20251015T194500Z,English,United States
BECCS,BECCS,Big Tech big bet on a controversial carbon removal tactic,https://www.technologyreview.com/2025/10/15/1125715/big-techs-big-bet-on-a-controversial-carbon-removal-tactic/,technologyreview.com,20251015T140000Z,English,United States
BECCS,BECCS,CATACARB® WINS CARBON REMOVER AWARD AT CARBON CAPTURE CANADA 2025,http://www.prnewswire.com/news-releases/catacarb-wins-carbon-remover-award-at-carbon-capture-canada-2025-302584418.html,prnewswire.com,20251015T101500Z,English,United States
BECCS,BECCS,"New Carbon Capture Legislation , Same Old Grift",https://thenewamerican.com/us/new-carbon-capture-legislation-same-old-grift/,thenewamerican.com,20251014T203000Z,English,United States
BECCS,BECCS,Canada |,https://beniciaindependent.com/tags/canada/,beniciaindependent.com,20251003T193000Z,English,United States
BECCS,BECCS,Moore bipartisan bill would establish commission to study biomass conversion technology,https://riponadvance.com/stories/moores-bipartisan-bill-would-establish-commission-to-study-biomass-conversion-technology/,riponadvance.com,20251002T233000Z,English,United States
BECCS,BECCS,UW researcher calls on G20 for more carbon dioxide removal,https://www.wpr.org/news/wisconsin-madison-g20-carbon-dioxide-removal,wpr.org,20251121T234500Z,English,United States
BECCS,BECCS,2025 / 26 Climate Science : 10 Essential Insights,https://www.azocleantech.com/article.aspx?ArticleID=2053,azocleantech.com,20251120T160000Z,English,United States
BECCS,BECCS,"The Realistic Future Of Carbon Capture : Pure Streams , Right Locations , Smart Uses",https://cleantechnica.com/2025/11/06/the-realistic-future-of-carbon-capture-pure-streams-right-locations-smart-uses/,cleantechnica.com,20251106T221500Z,English,United States
BECCS,BECCS,"Global Waste to Energy Market Projected to Grow at 6 . 26 % During 2026 - 32 , Driven by Circular Economy Transition and Rising Global Waste Volumes",https://www.prnewswire.com/news-releases/global-waste-to-energy-market-projected-to-grow-at-6-26-during-2026-32--driven-by-circular-economy-transition-and-rising-global-waste-volumes--markntel-advisors-302607352.html,prnewswire.com,20251106T153000Z,English,United States
BECCS,BECCS,P2N0 - Edition 39 - News And Views On The Drive Towards Net - Zero GHG Emissions,https://www.mondaq.com:443/unitedstates/climate-change/1723494/p2n0-edition-39-news-and-views-on-the-drive-towards-net-zero-ghg-emissions,mondaq.com,20251224T060000Z,English,United States
BECCS,BECCS,Understanding The Pivot To Long - Term Carbon Removal Commitments,https://www.forbes.com/councils/forbesbusinesscouncil/2025/12/09/understanding-the-pivot-to-long-term-carbon-removal-commitments/,forbes.com,20251209T160000Z,English,United States
BECCS,Bioenergy with carbon capture and storage,Uncertainty and Complexity : Biomass Can Help on the Path to Deep Decarbonization,http://www.rand.org/blog/2017/02/uncertainty-and-complexity-biomass-can-help-on-the.html,rand.org,20170224T231500Z,English,United States
BECCS,Bioenergy with carbon capture and storage,"Robust , high",http://biotechnologyforbiofuels.biomedcentral.com/articles/10.1186/s13068-017-0769-1,biotechnologyforbiofuels.biomedcentral.com,20170329T201500Z,English,United States
BECCS,Bioenergy with carbon capture and storage,Life,http://biotechnologyforbiofuels.biomedcentral.com/articles/10.1186/s13068-017-0739-7,biotechnologyforbiofuels.biomedcentral.com,20170314T050000Z,English,United States
BECCS,Bioenergy with carbon capture and storage,"Climate Change This Week : CO2 Levels Zooming Faster , First Protest in Space , and More !",http://www.huffingtonpost.com/entry/climate-change-this-week-co2-levels-zooming-faster_us_58ff5934e4b0c13feaa5c843,huffingtonpost.com,20170425T183000Z,English,United States
BECCS,Bioenergy with carbon capture and storage,New Project Aims to Remove Greenhouse Gases to Counteract Global Warming,http://www.azocleantech.com/news.aspx?newsID=24026,azocleantech.com,20170424T130000Z,English,United States
BECCS,Bioenergy with carbon capture and storage,New Facility Captures Atmospheric Carbon and Stores it Underground,https://www.planetizen.com/node/92288/new-facility-captures-atmospheric-carbon-and-stores-it-underground,planetizen.com,20170417T203000Z,English,United States
BECCS,Bioenergy with carbon capture and storage,Biofuel CCS Plant Inches Us Closer to Negative Carbon Emissions — NOVA Next,http://www.pbs.org/wgbh/nova/next/tech/biofuel-ccs-plant-inches-us-closer-to-negative-carbon-emissions/,pbs.org,20170416T060000Z,English,United States
BECCS,Bioenergy with carbon capture and storage,Advanced BioFuels united states » The Quest to Capture and Store Carbon,http://advancedbiofuelsusa.info/the-quest-to-capture-and-store-carbon-and-slow-climate-change-just-reached-a-new-milestone/,advancedbiofuelsusa.info,20170412T010000Z,English,United States
BECCS,Bioenergy with carbon capture and storage,The quest to capture and store carbon,https://www.washingtonpost.com/news/energy-environment/wp/2017/04/10/the-quest-to-capture-and-store-carbon-and-slow-climate-change-just-reached-a-new-milestone/,washingtonpost.com,20170410T210000Z,English,United States
BECCS,Bioenergy with carbon capture and storage,Stop hoping we can fix global warming by pulling carbon out of the air – Scientists warn of  dire consequences for food production or the biosphere,http://www.desdemonadespair.net/2017/05/stop-hoping-we-can-fix-global-warming.html,desdemonadespair.net,20170531T000000Z,English,United States
BECCS,Bioenergy with carbon capture and storage,"In climate fight , carbon removal is still a risky path – The Exception Magazine",http://exceptionmag.com/107671/in-climate-fight-carbon-removal-is-still-a-risky-path/,exceptionmag.com,20170524T184500Z,English,United States
BECCS,Bioenergy with carbon capture and storage,"In climate fight , carbon removal is still a risky path",http://www.futurity.org/carbon-removal-risk-1439682/,futurity.org,20170524T153000Z,English,United States
BECCS,Bioenergy with carbon capture and storage,Assuming easy carbon removal from the atmosphere is a high,https://phys.org/news/2017-05-assuming-easy-carbon-atmosphere-high-stakes.html,phys.org,20170519T104500Z,English,United States
BECCS,Bioenergy with carbon capture and storage,The World at 1℃ — April  17,http://www.resilience.org/stories/2017-05-11/the-world-at-1%E2%84%83%E2%80%8A-%E2%80%8Aapril-17/,resilience.org,20170511T123000Z,English,United States
BECCS,Bioenergy with carbon capture and storage,Cellulosic biofuel contributions to a sustainable energy future : Choices and outcomes,http://science.sciencemag.org/content/356/6345/eaal2324,science.sciencemag.org,20170629T184500Z,English,United States
BECCS,Bioenergy with carbon capture and storage,Bitter scientific debate erupts over the future of America power grid,http://www.chicagotribune.com/business/ct-power-grid-debate-20170620-story.html,chicagotribune.com,20170620T173000Z,English,United States
BECCS,Bioenergy with carbon capture and storage,-- > Bitter scientific debate erupts over the future of America power grid,http://www.thegazette.com/subject/news/nation-and-world/bitter-scientific-debate-erupts-over-the-future-of-americas-power-grid-20170619,thegazette.com,20170620T001500Z,English,United States
BECCS,Bioenergy with carbon capture and storage,Charleston Gazette,http://www.wvgazettemail.com/news/20170619/scientists-are-arguing-about-how-much-power-us-can-get-from-renewables,wvgazettemail.com,20170619T221500Z,English,United States
BECCS,Bioenergy with carbon capture and storage,Bitter scientific debate erupts over the future of America power grid,http://www.lmtonline.com/news/article/Bitter-scientific-debate-erupts-over-the-future-11230870.php,lmtonline.com,20170619T211500Z,English,United States
BECCS,Bioenergy with carbon capture and storage,A bitter scientific debate just erupted over the future of America ’ s power grid,https://www.washingtonpost.com/news/energy-environment/wp/2017/06/19/a-bitter-scientific-debate-just-erupted-over-the-future-of-the-u-s-electric-grid/,washingtonpost.com,20170619T194500Z,English,United States
BECCS,Bioenergy with carbon capture and storage,Weekly Climate and Energy News Roundup # 279,https://wattsupwiththat.com/2017/07/31/weekly-climate-and-energy-news-roundup-279/,wattsupwiththat.com,20170731T163000Z,English,United States
BECCS,Bioenergy with carbon capture and storage,Weekly Climate and Energy News Roundup # 279,https://wattsupwiththat.com/2017/07/31/weekly-climate-and-energy-news-roundup-279/comment-page-1/,wattsupwiththat.com,20170731T163000Z,English,United States
BECCS,Bioenergy with carbon capture and storage,"Young people ’ s burden : requirement of negative CO2 emissions –  A current narrative , that humanity has turned the corner and is moving toward solving the global warming problem , is wrong",http://www.desdemonadespair.net/2017/07/young-peoples-burden-requirement-of.html,desdemonadespair.net,20170729T213000Z,English,United States
BECCS,Bioenergy with carbon capture and storage,Removing CO2 from the Air Required to Safeguard Children Future,http://alaska-native-news.com/removing-co2-from-the-air-required-to-safeguard-childrens-future-29589,alaska-native-news.com,20170719T033000Z,English,United States
BECCS,Bioenergy with carbon capture and storage,Removing CO2 from the air required to safeguard children future,https://phys.org/news/2017-07-co2-air-required-safeguard-children.html,phys.org,20170718T163000Z,English,United States
BECCS,Bioenergy with carbon capture and storage,Removing CO2 from the air required to safeguard children future,https://www.eurekalert.org/pub_releases/2017-07/egu-rcf071217.php,eurekalert.org,20170718T161500Z,English,United States
BECCS,Bioenergy with carbon capture and storage,Advanced BioFuels united states » carbon sequestration,https://advancedbiofuelsusa.info/tag/carbon-sequestration/,advancedbiofuelsusa.info,20170829T014500Z,English,United States
BECCS,Bioenergy with carbon capture and storage,Understanding Climate Engineering,http://carnegieendowment.org/publications/?fa=72846,carnegieendowment.org,20170821T204500Z,English,United States
BECCS,Bioenergy with carbon capture and storage,Irish Sun,http://www.irishsun.com/news/254429603/world-has-missed-chance-to-avoid-dangerous-global-warming,irishsun.com,20170821T183000Z,English,United States
BECCS,Bioenergy with carbon capture and storage,"UW receives grant to study biofuel , carbon capture – The UW Student Newspaper Online",http://www.uwbrandingiron.com/2017/10/25/uw-receives-grant-to-study-biofuel-carbon-capture/,uwbrandingiron.com,20171026T000000Z,English,United States
BECCS,Bioenergy with carbon capture and storage,Carbon,http://news.trust.org/item/20171010175429-zazqr/,news.trust.org,20171014T131500Z,English,United States
BECCS,Bioenergy with carbon capture and storage,Carbon,https://news.trust.org/item/20171010175429-zazqr,news.trust.org,20171012T201500Z,English,United States
BECCS,Bioenergy with carbon capture and storage,Plan B : Seven ways to engineer the climate,https://www.yahoo.com/news/plan-b-seven-ways-engineer-climate-112457921.html,yahoo.com,20171012T131500Z,English,United States
BECCS,Bioenergy with carbon capture and storage,Carbon,https://af.reuters.com/article/energyOilNews/idAFL8N1ML59P,af.reuters.com,20171012T121500Z,English,United States
BECCS,Bioenergy with carbon capture and storage,"Thomson Reuters Foundation :  World Needs  Carbon Sucking  Technology by 2030s , Scientists Warn",http://yaleglobal.yale.edu/content/thomson-reuters-foundation-world-needs-carbon-sucking-technology-2030s-scientists-warn,yaleglobal.yale.edu,20171011T181500Z,English,United States
BECCS,Bioenergy with carbon capture and storage,Carbon,http://news.trust.org/item/20171010175429-zazqr,news.trust.org,20171011T181500Z,English,United States
BECCS,Bioenergy with carbon capture and storage,Carbon,http://www.reuters.com/article/us-climatechange-geoengineering/carbon-sucking-technology-needed-by-2030s-scientists-warn-idUSKBN1CF2KY,reuters.com,20171011T181500Z,English,United States
BECCS,Bioenergy with carbon capture and storage,Carbon,https://uk.reuters.com/article/climatechange-geoengineering/carbon-sucking-technology-needed-by-2030s-scientists-warn-idUKL8N1ML59P,uk.reuters.com,20171011T181500Z,English,United States
BECCS,Bioenergy with carbon capture and storage,Plan B : Seven ways to engineer the climate Yahoo7 News,https://au.news.yahoo.com/world/a/37431579/plan-b-seven-ways-to-engineer-the-climate/,au.news.yahoo.com,20171011T141500Z,English,United States
BECCS,Bioenergy with carbon capture and storage,Plan B : Seven ways to engineer the climate,https://phys.org/news/2017-10-ways-climate.html,phys.org,20171011T123000Z,English,United States
BECCS,Bioenergy with carbon capture and storage,Plan B : Seven ways to engineer the climate,http://www.digitaljournal.com/news/world/plan-b-seven-ways-to-engineer-the-climate/article/504757,digitaljournal.com,20171011T123000Z,English,United States
BECCS,Bioenergy with carbon capture and storage,Carbon,https://in.reuters.com/article/climatechange-geoengineering/carbon-sucking-technology-needed-by-2030s-scientists-warn-idINL8N1ML59P,in.reuters.com,20171011T090000Z,English,United States
BECCS,Bioenergy with carbon capture and storage,Carbon,https://news.trust.org/item/20171010175429-zazqr/,news.trust.org,20171011T073000Z,English,United States
BECCS,Bioenergy with carbon capture and storage,Advanced BioFuels united states » Biofuels International Conference and Bioenergy Insight Conference Cover Range of Issues,https://advancedbiofuelsusa.info/biofuels-international-conference-and-bioenergy-insight-conference-cover-range-of-issues/,advancedbiofuelsusa.info,20171011T034500Z,English,United States
BECCS,Bioenergy with carbon capture and storage,Carbon Trust,http://www.4-traders.com/news/Carbon-Trust-Corporates-take-the-lead-in-delivering-on-Paris-Agreement-1-5-C-ambition--25259738/,4-traders.com,20171011T000000Z,English,United States
BECCS,Bioenergy with carbon capture and storage,Carbon,https://www.reuters.com/article/us-climatechange-geoengineering/carbon-sucking-technology-needed-by-2030s-scientists-warn-idUSKBN1CF2KY,reuters.com,20171010T234500Z,English,United States
BECCS,Bioenergy with carbon capture and storage,Carbon,http://in.reuters.com/article/climatechange-geoengineering/carbon-sucking-technology-needed-by-2030s-scientists-warn-idINL8N1ML59P,in.reuters.com,20171010T234500Z,English,United States
BECCS,Bioenergy with carbon capture and storage,Biofuels International conference and Bioenergy Insight conference cover range of issues,http://biofuels-news.com/display_news/12983/biofuels_international_conference_and_bioenergy_insight_conference_cover_range_of_issues/,biofuels-news.com,20171009T120000Z,English,United States
BECCS,Bioenergy with carbon capture and storage,Biofuels International conference and Bioenergy Insight conference cover range of issues,http://www.bioenergy-news.com/display_news/12983/biofuels_international_conference_and_bioenergy_insight_conference_cover_range_of_issues/,bioenergy-news.com,20171009T120000Z,English,United States
BECCS,Bioenergy with carbon capture and storage,Climate Change : The Complete Guide,https://www.wired.com/story/guide-climate-change/,wired.com,20180201T151500Z,English,United States
BECCS,Bioenergy with carbon capture and storage,NETs will not compensate for inadequate climate change mitigation efforts : EASAC report,https://www.eurekalert.org/pub_releases/2018-01/eas-nwn013118.php,eurekalert.org,20180131T234500Z,English,United States
BECCS,Bioenergy with carbon capture and storage,"Climate - altering technology designed to sequester carbon dioxide could cause catastrophic destruction of life , scientists warn",https://www.naturalnews.com/2018-01-30-climate-altering-technology-carbon-dioxide-could-cause-catastrophic-destruction.html,naturalnews.com,20180130T213000Z,English,United States
BECCS,Bioenergy with carbon capture and storage,"A technology many hoped would fight climate change would cause even bigger environmental problems , scientists say",http://www.orlandosentinel.com/news/nationworld/ct-climate-change-technology-20180122-story.html,orlandosentinel.com,20180122T234500Z,English,United States
BECCS,Bioenergy with carbon capture and storage,"A technology many hoped would fight climate change would cause even bigger environmental problems , scientists say",http://www.sandiegouniontribune.com/news/nation-world/ct-climate-change-technology-20180122-story.html,sandiegouniontribune.com,20180122T234500Z,English,United States
BECCS,Bioenergy with carbon capture and storage,"A technology many hoped would fight climate change would cause even bigger environmental problems , scientists say",http://www.chicagotribune.com/news/nationworld/science/ct-climate-change-technology-20180122-story.html,chicagotribune.com,20180122T233000Z,English,United States
BECCS,Bioenergy with carbon capture and storage,"A technology many hoped would fight climate change would cause even bigger environmental problems , scientists say",http://www.lmtonline.com/news/article/A-technology-many-hoped-would-fight-climate-12515915.php,lmtonline.com,20180122T220000Z,English,United States
BECCS,Bioenergy with carbon capture and storage,"A technology many hoped would fight climate change would cause even bigger environmental problems , scientists say",https://www.washingtonpost.com/news/energy-environment/wp/2018/01/22/a-technology-many-hoped-would-fight-climate-change-would-cause-even-bigger-environmental-problems-scientists-say/,washingtonpost.com,20180122T210000Z,English,United States
BECCS,Bioenergy with carbon capture and storage,"Geoengineering Carries  Large Risk for the Natural World , Studies Show",https://www.ecowatch.com/geoengineering-risks-2527748311.html,ecowatch.com,20180122T203000Z,English,United States
BECCS,Bioenergy with carbon capture and storage,Thinking ‘ outside the box on climate mitigation,https://wattsupwiththat.com/2018/01/15/thinking-outside-the-box-on-climate-mitigation/,wattsupwiththat.com,20180116T031500Z,English,United States
BECCS,Bioenergy with carbon capture and storage,Thinking ‘ outside the box on climate mitigation,https://wattsupwiththat.com/2018/01/15/thinking-outside-the-box-on-climate-mitigation/comment-page-1/,wattsupwiththat.com,20180116T031500Z,English,United States
BECCS,Bioenergy with carbon capture and storage,Thinking outside the box on climate mitigation,https://phys.org/news/2018-01-climate-mitigation.html,phys.org,20180115T113000Z,English,United States
BECCS,Bioenergy with carbon capture and storage,Thinking outside the box on climate mitigation,https://eurekalert.org/pub_releases/2018-01/iifa-tot011218.php,eurekalert.org,20180113T000000Z,English,United States
BECCS,Bioenergy with carbon capture and storage,Climate Change News : Thinking outside the box on climate mitigation,http://www.enn.com/climate/article/53644,enn.com,20180112T204500Z,English,United States
BECCS,Bioenergy with carbon capture and storage,10 Quick Facts About Cobalt,http://mentalfloss.com/article/519263/10-quick-facts-about-cobalt,mentalfloss.com,20180111T214500Z,English,United States
BECCS,Bioenergy with carbon capture and storage,Sit Down at a Periodic Table That Holds Samples of Every Element,http://mentalfloss.com/article/522776/sit-down-periodic-table-holds-samples-every-element,mentalfloss.com,20180103T151500Z,English,United States
BECCS,Bioenergy with carbon capture and storage,Can We Really Scrub Carbon Dioxide From the Atmosphere ?,https://www.nytimes.com/2018/02/28/climate/remove-co2-from-air.html,nytimes.com,20180228T210000Z,English,United States
BECCS,Bioenergy with carbon capture and storage,How Crushed Volcanic Rock in Farm Soil Could Help Slow Global Warming and Boost Crops,https://insideclimatenews.org/news/20022018/global-warming-solutions-carbon-storage-farm-soil-crushed-volcanic-rock-research,insideclimatenews.org,20180221T001500Z,English,United States
BECCS,Bioenergy with carbon capture and storage,"Forest Digest : February 18 , 2018",https://www.environmentguru.com/pages/elements/element.aspx?id=6146008,environmentguru.com,20180218T181500Z,English,United States
BECCS,Bioenergy with carbon capture and storage,The carbon harvest,http://science.sciencemag.org/content/359/6377/733,science.sciencemag.org,20180215T200000Z,English,United States
BECCS,Bioenergy with carbon capture and storage,Vast bioenergy plantations could stave off climate change and radically reshape the planet | Science,http://www.sciencemag.org/news/2018/02/vast-bioenergy-plantations-could-stave-climate-change-and-radically-reshape-planet,sciencemag.org,20180215T163000Z,English,United States
BECCS,Bioenergy with carbon capture and storage,Temperature - Resilient Crops Are Now an  Achievable Dream,https://www.azocleantech.com/news.aspx?newsID=25479,azocleantech.com,20180215T143000Z,English,United States
BECCS,Bioenergy with carbon capture and storage,2018 SkS Weekly Climate Change & Global Warming Digest # 6,https://skepticalscience.com/2018-SkS-Weekly-Digest_06.html,skepticalscience.com,20180211T183000Z,English,United States
BECCS,Bioenergy with carbon capture and storage,NETs will not compensate for inadequate climate change mitigation efforts : EASAC report,http://www.sciencecodex.com/nets-will-not-compensate-inadequate-climate-change-mitigation-efforts-easac-report-618724,sciencecodex.com,20180204T073000Z,English,United States
BECCS,Bioenergy with carbon capture and storage,NETs will not compensate for inadequate climate change mitigation efforts : EASAC report,https://eurekalert.org/pub_releases/2018-01/eas-nwn013118.php,eurekalert.org,20180202T070000Z,English,United States
BECCS,Bioenergy with carbon capture and storage,Climate Change : The Complete Guide,https://www.wired.com/story/guide-climate-change/,wired.com,20180201T151500Z,English,United States
BECCS,Bioenergy with carbon capture and storage,Advanced BioFuels united states » Bioenergy with Carbon Capture and Storage ( BECCS ),https://advancedbiofuelsusa.info/tag/bioenergy-with-carbon-capture-and-storage-beccs/,advancedbiofuelsusa.info,20180428T154500Z,English,United States
BECCS,Bioenergy with carbon capture and storage,microalgae Archives,http://www.innovationtoronto.com/category/microalgae/,innovationtoronto.com,20180427T141500Z,English,United States
BECCS,Bioenergy with carbon capture and storage,How  Shared Socioeconomic Pathway Explore Future Climate Change,http://www.resilience.org/stories/2018-04-24/how-shared-socioeconomic-pathways-explore-future-climate-change/,resilience.org,20180424T143000Z,English,United States
BECCS,Bioenergy with carbon capture and storage,Duke researchers find that algae could be used to combat climate change,http://www.dukechronicle.com/article/2018/04/duke-researchers-find-algae-could-be-used-to-combat-climate-change,dukechronicle.com,20180423T024500Z,English,United States
BECCS,Bioenergy with carbon capture and storage,Advanced BioFuels united states » Algae with Bioenergy with Carbon Capture and Storage,https://advancedbiofuelsusa.info/algae-with-bioenergy-with-carbon-capture-and-storage/,advancedbiofuelsusa.info,20180417T050000Z,English,United States
BECCS,Bioenergy with carbon capture and storage,Combining BECCS and microalgae production to solve world hunger and reduce CO2,http://www.innovationtoronto.com/2018/04/144267/,innovationtoronto.com,20180415T080000Z,English,United States
BECCS,Bioenergy with carbon capture and storage,"Algae - forestry , bioenergy mix could help make CO2 vanish from thin air",http://en.brinkwire.com/263446/algae-forestry-bioenergy-mix-could-help-make-co2-vanish-from-thin-air/,en.brinkwire.com,20180414T120000Z,English,United States
BECCS,Bioenergy with carbon capture and storage,"Algae - Forestry , Bioenergy Mix May Help Make CO2 Vanish From Thin Air",https://www.enn.com/articles/54334-algae-forestry-bioenergy-mix-may-help-make-co2-vanish-from-thin-air,enn.com,20180413T180000Z,English,United States
BECCS,Bioenergy with carbon capture and storage,"Algae - forestry , bioenergy mix could help make CO2 vanish from thin air",https://www.sciencedaily.com/releases/2018/04/180412154516.htm,sciencedaily.com,20180413T153000Z,English,United States
BECCS,Bioenergy with carbon capture and storage,"Algae - forestry , bioenergy mix could help make CO2 vanish from thin air",https://phys.org/news/2018-04-algae-forestry-bioenergy-co2-thin-air.html,phys.org,20180412T204500Z,English,United States
BECCS,Bioenergy with carbon capture and storage,"Algae - Forestry , Bioenergy Mix Could Help Make CO2 Vanish From Thin Air","https://www.newswise.com/articles/algae-forestry,-bioenergy-mix-could-help-make-co2-vanish-from-thin-air",newswise.com,20180412T194500Z,English,United States
BECCS,Bioenergy with carbon capture and storage,"Algae - Forestry , Bioenergy Mix Could Help Make CO2 Vanish From Thin Air","http://www.newswise.com/articles/algae-forestry,-bioenergy-mix-could-help-make-co2-vanish-from-thin-air",newswise.com,20180412T190000Z,English,United States
BECCS,Bioenergy with carbon capture and storage,"Algae - forestry , bioenergy mix could help make CO2 vanish from thin air",https://www.eurekalert.org/pub_releases/2018-04/cu-abm041218.php,eurekalert.org,20180412T190000Z,English,United States
BECCS,Bioenergy with carbon capture and storage,UH - Hilo algae study could lead to reducing CO2 emissions,http://www.hawaiitribune-herald.com/2018/04/12/hawaii-news/uh-hilo-algae-study-could-lead-to-reducing-co2-emissions/,hawaiitribune-herald.com,20180412T104500Z,English,United States
BECCS,Bioenergy with carbon capture and storage,University of Hawaii System,http://www.4-traders.com/news/University-of-Hawaii-System-UH-Hilo-led-algae-research-may-produce-energy-with-negative-CO2-emissi--26325021/,4-traders.com,20180411T204500Z,English,United States
BECCS,Bioenergy with carbon capture and storage,UH Hilo - led algae research could combat climate change – UH Hilo Stories,http://hilo.hawaii.edu/news/stories/2018/04/10/uh-hilo-led-algae-research-could-combat-climate-change/,hilo.hawaii.edu,20180411T044500Z,English,United States
BECCS,Bioenergy with carbon capture and storage,UH Hilo led algae research may produce energy with negative CO2 emissions,https://www.hawaii247.com/2018/04/10/uh-hilo-led-algae-research-may-produce-energy-with-negative-co2-emissions/,hawaii247.com,20180411T004500Z,English,United States
BECCS,Bioenergy with carbon capture and storage,"Algae - forestry , bioenergy mix may help make CO2 vanish from thin air",http://news.cornell.edu/stories/2018/04/algae-forestry-bioenergy-mix-may-help-make-co2-vanish-thin-air,news.cornell.edu,20180410T183000Z,English,United States
BECCS,Bioenergy with carbon capture and storage,Restricting global warming to 1 . 5C could  halve  risk of biodiversity loss,https://www.environmentguru.com/pages/elements/element.aspx?id=6620215,environmentguru.com,20180601T203000Z,English,United States
BECCS,Bioenergy with carbon capture and storage,Restricting global warming to 1 . 5C could  halve  risk of biodiversity loss,https://skepticalscience.com/restricting-15C-halve-biodiversity-loss.html,skepticalscience.com,20180531T173000Z,English,United States
BECCS,Bioenergy with carbon capture and storage,Can We Burn Our Way To A Cleaner Planet ?,https://cleantechnica.com/2018/05/21/can-we-burn-our-way-to-a-cleaner-planet/,cleantechnica.com,20180521T233000Z,English,United States
BECCS,Bioenergy with carbon capture and storage,Drax power station will build a  negative emissions  plant Quartz,https://qz.com/1283166/drax-power-station-will-build-a-negative-emissions-plant/,qz.com,20180521T133000Z,English,United States
BECCS,Bioenergy with carbon capture and storage,Hart Cunningham Announces Plans to Stop Climate Change,https://www.benzinga.com/pressreleases/18/05/p11717685/hart-cunningham-announces-plans-to-stop-climate-change,benzinga.com,20180516T003000Z,English,United States
BECCS,Bioenergy with carbon capture and storage,Hart Cunningham Announces Plans to Stop Climate Change,http://www.prweb.com/releases/2018/05/prweb15488240.htm,prweb.com,20180515T191500Z,English,United States
BECCS,Bioenergy with carbon capture and storage,The case for burning our way to a cleaner planet,https://www.popsci.com/biofuel-burning-algae-food,popsci.com,20180512T220000Z,English,United States
BECCS,Bioenergy with carbon capture and storage,CO2 capture Archives,http://www.innovationtoronto.com/category/co2-capture/,innovationtoronto.com,20180506T051500Z,English,United States
BECCS,Bioenergy with carbon capture and storage,2018 SkS Weekly Climate Change & Global Warming Digest Number 29,https://www.environmentguru.com/pages/elements/element.aspx?id=7352069,environmentguru.com,20180724T003000Z,English,United States
BECCS,Bioenergy with carbon capture and storage,View from the Academy : Engineering to mitigate climate change,https://www.environmentguru.com/pages/elements/element.aspx?id=7254422,environmentguru.com,20180714T051500Z,English,United States
BECCS,Bioenergy with carbon capture and storage,Georgetown Public Policy Review / Can planting trees help us avoid climate disaster ?,http://gppreview.com/2018/07/09/can-planting-trees-save-us/,gppreview.com,20180709T204500Z,English,United States
BECCS,Bioenergy with carbon capture and storage,Higher ambition needed to meet Paris climate targets,https://www.sciencedaily.com/releases/2018/07/180705114129.htm,sciencedaily.com,20180705T211500Z,English,United States
BECCS,Bioenergy with carbon capture and storage,Higher ambition needed to meet Paris climate targets,https://yubanet.com/world/higher-ambition-needed-to-meet-paris-climate-targets/,yubanet.com,20180705T190000Z,English,United States
BECCS,Bioenergy with carbon capture and storage,Higher ambition needed to meet Paris climate targets,https://www.eurekalert.org/pub_releases/2018-07/ecjr-han070418.php,eurekalert.org,20180705T160000Z,English,United States
BECCS,Bioenergy with carbon capture and storage,Experts : Agriculture in a Changing Climate,https://www.ucdavis.edu/news/experts-agriculture-changing-climate,ucdavis.edu,20180830T021500Z,English,United States
BECCS,Bioenergy with carbon capture and storage,The potential of agricultural land management to contribute to lower global surface temperatures,http://advances.sciencemag.org/content/4/8/eaaq0932,advances.sciencemag.org,20180829T183000Z,English,United States
BECCS,Bioenergy with carbon capture and storage,The potential of agricultural land management to contribute to lower global surface temperatures,http://advances.sciencemag.org/content/4/8/eaaq0932.full,advances.sciencemag.org,20180829T183000Z,English,United States
BECCS,Bioenergy with carbon capture and storage,Verso,https://www.versobooks.com/blogs/3962-geoengineering-and-environmental-capitalism-extractive-industries-in-the-era-of-climate-change,versobooks.com,20180821T210000Z,English,United States
BECCS,Bioenergy with carbon capture and storage,Europe mulls stripping carbon from the skies,https://www.politico.eu/article/geoengineering-co2-paris-agreement-carbon-europe-mulls-stripping-from-the-skies/,politico.eu,20180815T024500Z,English,United States
BECCS,Bioenergy with carbon capture and storage,Capturing carbon to fight climate change is dividing environmentalists,https://phys.org/news/2019-01-capturing-carbon-climate-environmentalists.html,phys.org,20190131T161500Z,English,United States
BECCS,Bioenergy with carbon capture and storage,Capturing carbon to fight climate change is dividing environmentalists,https://www.idahopress.com/opinion/conversation/capturing-carbon-to-fight-climate-change-is-dividing-environmentalists/article_9e5b4377-0254-541c-8b89-6885801ca6b4.html,idahopress.com,20190131T134500Z,English,United States
BECCS,Bioenergy with carbon capture and storage,Capturing carbon to fight climate change is dividing environmentalists,https://wtop.com/national/2019/01/capturing-carbon-to-fight-climate-change-is-dividing-environmentalists/,wtop.com,20190131T124500Z,English,United States
BECCS,Bioenergy with carbon capture and storage,Rural communities in the face of climate change,https://www.charlestonchronicle.net/2019/02/28/rural-communities-in-the-face-of-climate-change/,charlestonchronicle.net,20190228T233000Z,English,United States
BECCS,Bioenergy with carbon capture and storage,Why Arent We Using More Nature - Based Solutions to Fight Climate Change ?,https://psmag.com/environment/why-arent-we-using-nature-to-fight-climate-change,psmag.com,20190222T174500Z,English,United States
BECCS,Bioenergy with carbon capture and storage,Why CO2 removal technologies are becoming more necessary • Earth . com,https://www.earth.com/news/co2-removal-technologies-necessary/,earth.com,20190220T203000Z,English,United States
BECCS,Bioenergy with carbon capture and storage,Technologies for removing CO2 will need to be integrated into climate policy in 2019,https://www.sciencetimes.com/articles/18241/20190220/technologies-removing-co2-will-need-integrated-climate-policy-2019.htm,sciencetimes.com,20190220T193000Z,English,United States
BECCS,Bioenergy with carbon capture and storage,Technologies for removing CO2 will need to be integrated into climate policy in 2019,https://phys.org/wire-news/312037664/technologies-for-removing-co2-will-need-to-be-integrated-into-cl.html,phys.org,20190219T210000Z,English,United States
BECCS,Bioenergy with carbon capture and storage,Technologies for removing CO2 will need to be integrated into climate policy in 2019,https://www.eurekalert.org/pub_releases/2019-02/easa-tfr021419.php,eurekalert.org,20190219T173000Z,English,United States
BECCS,Bioenergy with carbon capture and storage,The Tiny Swiss Company That Thinks It Can Help Stop Climate Change,https://www.msn.com/en-gb/finance/other/the-tiny-swiss-company-that-thinks-it-can-help-stop-climate-change/ar-BBTC6LL,msn.com,20190215T033000Z,English,United States
BECCS,Bioenergy with carbon capture and storage,Rural communities in the face of climate change,http://www.newsbug.info/kankakee_valley_post_news/opinion/rural-communities-in-the-face-of-climate-change/article_dc42df2c-c5f2-5f1a-b38e-e24af99a10fb.html,newsbug.info,20190215T030000Z,English,United States
BECCS,Bioenergy with carbon capture and storage,The Tiny Swiss Company That Thinks It Can Help Stop Climate Change,http://www.msn.com/en-gb/news/world/the-tiny-swiss-company-that-thinks-it-can-help-stop-climate-change/ar-BBTz9yV,msn.com,20190214T064500Z,English,United States
BECCS,Bioenergy with carbon capture and storage,New Report Warns Geoengineering the Climate Is a  Risky Distraction,https://www.desmogblog.com/2019/02/13/ciel-report-fossil-fuels-geoengineering-climate-risky-distraction,desmogblog.com,20190214T031500Z,English,United States
BECCS,Bioenergy with carbon capture and storage,The Tiny Swiss Company That Thinks It Can Help Stop Climate Change,http://www.msn.com/en-us/money/smallbusiness/the-tiny-swiss-company-that-thinks-it-can-help-stop-climate-change/ar-BBTui6D,msn.com,20190214T013000Z,English,United States
BECCS,Bioenergy with carbon capture and storage,The Tiny Swiss Company That Thinks It Can Help Stop Climate Change,https://www.nytimes.com/2019/02/12/magazine/climeworks-business-climate-change.html,nytimes.com,20190212T110000Z,English,United States
BECCS,Bioenergy with carbon capture and storage,"The Western News - Letters to the Editor , Rural communities in the face of climate change",https://www.thewesternnews.com/letters_to_the_editor/20190208/rural_communities_in_the_face_of_climate_change,thewesternnews.com,20190208T200000Z,English,United States
BECCS,Bioenergy with carbon capture and storage,Capturing carbon to fight climate change is dividing environmentalists,https://www.greenbiz.com/article/capturing-carbon-fight-climate-change-dividing-environmentalists,greenbiz.com,20190208T123000Z,English,United States
BECCS,Bioenergy with carbon capture and storage,Green New Deal : Environmentalists divide over carbon capture,http://redgreenandblue.org/2019/02/04/green-new-deal-environmentalists-divide-carbon-capture/,redgreenandblue.org,20190204T204500Z,English,United States
BECCS,Bioenergy with carbon capture and storage,Book Excerpt : The Uninhabitable Earth by David Wallace - Wells,http://nymag.com/intelligencer/2019/02/book-excerpt-the-uninhabitable-earth-david-wallace-wells.html,nymag.com,20190204T113000Z,English,United States
BECCS,Bioenergy with carbon capture and storage,Can we tweak marine chemistry to help stave off climate change ?,https://www.greenbiz.com/article/can-we-tweak-marine-chemistry-help-stave-climate-change,greenbiz.com,20190327T100000Z,English,United States
BECCS,Bioenergy with carbon capture and storage,GUEST COLUMN : A post - blizzard view from eastern El Paso County,https://gazette.com/opinion/columnists/guest-column-a-post-blizzard-view-from-eastern-el-paso/article_9b94311a-4b26-11e9-8a9b-8f3d5395c396.html,gazette.com,20190321T123000Z,English,United States
BECCS,Bioenergy with carbon capture and storage,Can we tweak marine chemistry to help stave off climate change ?,https://www.theintelligencer.com/news/article/Can-we-tweak-marine-chemistry-to-help-stave-off-13681419.php,theintelligencer.com,20190319T053000Z,English,United States
BECCS,Bioenergy with carbon capture and storage,Can we tweak marine chemistry to help stave off climate change ?,http://www.terradaily.com/reports/Can_we_tweak_marine_chemistry_to_help_stave_off_climate_change_999.html,terradaily.com,20190313T090000Z,English,United States
BECCS,Bioenergy with carbon capture and storage,Can we tweak marine chemistry to help stave off climate change ?,https://phys.org/news/2019-03-tweak-marine-chemistry-stave-climate.html,phys.org,20190312T140000Z,English,United States
BECCS,Bioenergy with carbon capture and storage,Can we tweak marine chemistry to help stave off climate change ?,https://wtop.com/national/2019/03/can-we-tweak-marine-chemistry-to-help-stave-off-climate-change/,wtop.com,20190312T123000Z,English,United States
BECCS,Bioenergy with carbon capture and storage,Can we tweak marine chemistry to help stave off climate change ?,https://www.sfgate.com/news/article/Can-we-tweak-marine-chemistry-to-help-stave-off-13681419.php,sfgate.com,20190312T121500Z,English,United States
BECCS,Bioenergy with carbon capture and storage,Can we tweak marine chemistry to help stave off climate change ?,https://www.chron.com/news/article/Can-we-tweak-marine-chemistry-to-help-stave-off-13681419.php,chron.com,20190312T120000Z,English,United States
BECCS,Bioenergy with carbon capture and storage,Can we tweak marine chemistry to help stave off climate change ?,https://www.sfchronicle.com/news/article/Can-we-tweak-marine-chemistry-to-help-stave-off-13681419.php,sfchronicle.com,20190312T113000Z,English,United States
BECCS,Bioenergy with carbon capture and storage,Capturing carbon directly from the air – that has a future,http://www.chemeurope.com/en/news/1159900/capturing-carbon-directly-from-the-air-that-has-a-future.html,chemeurope.com,20190306T063000Z,English,United States
BECCS,Bioenergy with carbon capture and storage,"Rural areas must be part of climate change conversation , solutions",https://www.leadertelegram.com/country-today/opinions/guest-opinions/rural-areas-must-be-part-of-climate-change-conversation-solutions/article_70942be1-7873-5afc-9c90-c27bba89a7ee.html,leadertelegram.com,20190304T090000Z,English,United States
BECCS,Bioenergy with carbon capture and storage,Research Shows Carbon - Negative Power Generation can Reduce Atmospheric CO2 Levels in China,https://www.azocleantech.com/news.aspx?newsID=26239,azocleantech.com,20190422T134500Z,English,United States
BECCS,Bioenergy with carbon capture and storage,Can Climeworks Save the World from Climate Change ?,https://www.digitaltrends.com/cool-tech/climeworks-carbon-capture-technology/,digitaltrends.com,20190422T084500Z,English,United States
BECCS,Bioenergy with carbon capture and storage,Meltdown | National Affairs,https://www.nationalaffairs.com/blog/detail/findings-a-daily-roundup/meltdown,nationalaffairs.com,20190417T190000Z,English,United States
BECCS,Bioenergy with carbon capture and storage,IEA Challenged to Address Limits to Negative Emissions,https://www.forbes.com/sites/andystone/2019/04/15/iea-challenged-to-address-limits-of-negative-emissions/,forbes.com,20190415T230000Z,English,United States
BECCS,Bioenergy with carbon capture and storage,Carbon - negative power generation for China,https://eurekalert.org/pub_releases/2019-04/hjap-cpg040819.php,eurekalert.org,20190413T010000Z,English,United States
BECCS,Bioenergy with carbon capture and storage,No shortcuts : The climate revolution must be ecosocialist,https://climateandcapitalism.com/2019/04/12/no-shortcuts-the-climate-revolution-must-be-ecosocialist/,climateandcapitalism.com,20190412T143000Z,English,United States
BECCS,Bioenergy with carbon capture and storage,George Monbiot Q + A – How rejuvenating nature could help fight climate change,https://scienceblogs.com/conversation/20190411/george-monbiot-q-how-rejuvenating-nature-could-help-fight-climate-change,scienceblogs.com,20190411T171500Z,English,United States
BECCS,Bioenergy with carbon capture and storage,George Monbiot Q + A – How rejuvenating nature could help fight climate change,https://phys.org/news/2019-04-george-monbiot-rejuvenating-nature-climate.html,phys.org,20190411T143000Z,English,United States
BECCS,Bioenergy with carbon capture and storage,A carbon - negative power source could reduce CO2 concentrations and air pollution in China,http://www.innovationtoronto.com/2019/04/a-carbon-negative-power-source-could-reduce-co2-concentrations-and-air-pollution-in-china/,innovationtoronto.com,20190410T090000Z,English,United States
BECCS,Bioenergy with carbon capture and storage,"Climate change  evil twin  Ocean Acidification ( and problem stepchild , Ocean Hypoxia )",https://dissidentvoice.org/2019/04/climate-changes-evil-twin-ocean-acidification-and-problem-stepchild-ocean-hypoxia/,dissidentvoice.org,20190409T044500Z,English,United States
BECCS,Bioenergy with carbon capture and storage,Carbon - negative power generation for China | Harvard John A . Paulson School of Engineering and Applied Sciences,https://www.seas.harvard.edu/news/2019/04/carbon-negative-power-generation-for-china,seas.harvard.edu,20190409T033000Z,English,United States
BECCS,Bioenergy with carbon capture and storage,Carbon - negative power generation for China : Reducing CO<sub>2< / sub> concretions and air pollution in the atmosphere,https://www.sciencedaily.com/releases/2019/04/190408161615.htm,sciencedaily.com,20190409T021500Z,English,United States
BECCS,Bioenergy with carbon capture and storage,Carbon - negative power generation for China,https://www.eurekalert.org/pub_releases/2019-04/hjap-cpg040819.php,eurekalert.org,20190408T221500Z,English,United States
BECCS,Bioenergy with carbon capture and storage,Carbon - negative power generation for China,https://phys.org/news/2019-04-carbon-negative-power-china.html,phys.org,20190408T201500Z,English,United States
BECCS,Bioenergy with carbon capture and storage,The scandal of calling plantations  forest restoration  is putting climate targets at risk,https://uk.news.yahoo.com/scandal-calling-plantations-forest-restoration-140434392.html,uk.news.yahoo.com,20190405T174500Z,English,United States
BECCS,Bioenergy with carbon capture and storage,Promises and perils of the Paris Agreement,https://science.sciencemag.org/content/364/6443/829,science.sciencemag.org,20190530T214500Z,English,United States
BECCS,Bioenergy with carbon capture and storage,We can limit global warming to 1 . 5 degrees with nature help | Blog | Nature,http://www.pbs.org/wnet/nature/blog/we-can-limit-global-warming-to-1-5-degrees-with-natures-help/,pbs.org,20190530T121500Z,English,United States
BECCS,Bioenergy with carbon capture and storage,Net carbon - negative electricity source may offer economical alternative to China,https://news.psu.edu/story/575076/2019/05/20/research/net-carbon-negative-electricity-source-may-offer-economical,news.psu.edu,20190521T230000Z,English,United States
BECCS,Bioenergy with carbon capture and storage,Net carbon - negative electricity source may offer economical alternative | Newswise : News for Journalists,https://www.newswise.com/articles/view/713237/,newswise.com,20190521T163000Z,English,United States
BECCS,Bioenergy with carbon capture and storage,Net carbon - negative electricity source may offer economical alternative | Newswise : News for Journalists,https://www.newswise.com/articles/net-carbon-negative-electricity-source-may-offer-economical-alternative,newswise.com,20190521T154500Z,English,United States
BECCS,Bioenergy with carbon capture and storage,"The Simple , Yet Elusive , Key To Fighting The Climate Crisis",https://globalpossibilities.org/the-simple-yet-elusive-key-to-fighting-the-climate-crisis/,globalpossibilities.org,20190510T034500Z,English,United States
BECCS,Bioenergy with carbon capture and storage,"The Simple , Yet Elusive , Key To Fighting The Climate Crisis",https://cleantechnica.com/2019/05/09/the-simple-yet-elusive-key-to-fighting-the-climate-crisis/,cleantechnica.com,20190509T221500Z,English,United States
BECCS,Bioenergy with carbon capture and storage,A Red - Green Manifesto for the 21st Century - International Viewpoint,http://internationalviewpoint.org/spip.php?article6038,internationalviewpoint.org,20190503T013000Z,English,United States
BECCS,Bioenergy with carbon capture and storage,The united kingdom net - zero target must address oil and gas extraction too,http://priceofoil.org/2019/05/02/the-uks-net-zero-target-must-address-oil-and-gas-extraction-too/,priceofoil.org,20190502T204500Z,English,United States
BECCS,Bioenergy with carbon capture and storage,What does net zero mean ?,https://www.greenbiz.com/article/what-does-net-zero-mean,greenbiz.com,20190502T100000Z,English,United States
BECCS,Bioenergy with carbon capture and storage,Is Geoengineering the Answer to the Climate Crisis ?,https://www.nakedcapitalism.com/2019/06/is-geoengineering-the-answer-to-the-climate-crisis.html,nakedcapitalism.com,20190610T063000Z,English,United States
BECCS,Bioenergy with carbon capture and storage,Is geoengineering the answer to the climate crisis ?,https://grist.org/article/is-geoengineering-the-answer-to-the-climate-crisis/,grist.org,20190609T113000Z,English,United States
BECCS,Bioenergy with carbon capture and storage,The IEA Hidden Negative Emissions Gamble - Oil Change International,http://priceofoil.org/2019/09/24/iea-hidden-negative-emissions-gamble/,priceofoil.org,20190925T043000Z,English,United States
BECCS,Bioenergy with carbon capture and storage,A Tyranny of Time  | Peak Oil News and Message Boards,https://peakoil.com/enviroment/a-tyranny-of-time/comment-page-1,peakoil.com,20190922T163000Z,English,United States
BECCS,Bioenergy with carbon capture and storage,A Tyranny of Time  | Peak Oil News and Message Boards,https://peakoil.com/enviroment/a-tyranny-of-time,peakoil.com,20190922T143000Z,English,United States
BECCS,Bioenergy with carbon capture and storage,Task 40  Deployment of Biobased Value Chains  – Advanced BioFuels united states,https://advancedbiofuelsusa.info/task-40-deployment-of-biobased-value-chains/,advancedbiofuelsusa.info,20190919T231500Z,English,United States
BECCS,Bioenergy with carbon capture and storage,UK REA urges government to commit to 16 % bioenergy goal,http://biomassmagazine.com/articles/16452/uk-rea-urges-government-to-commit-to-16-bioenergy-goal,biomassmagazine.com,20190913T063000Z,English,United States
BECCS,Bioenergy with carbon capture and storage,UK National Farmers Union net - zero carbon strategy includes BECCS : Biofuels Digest,http://www.biofuelsdigest.com/bdigest/2019/09/11/uk-national-farmers-union-net-zero-carbon-strategy-includes-beccs/,biofuelsdigest.com,20190911T191500Z,English,United States
BECCS,Bioenergy with carbon capture and storage,UK REA urges government to commit to 16 % bioenergy goal,http://www.biomassmagazine.com/articles/16452/uk-rea-urges-government-to-commit-to-16-bioenergy-goal,biomassmagazine.com,20190909T223000Z,English,United States
BECCS,Bioenergy with carbon capture and storage,Decoding the IEA Scenario Spin : Real reform or more of the same ?,http://priceofoil.org/2019/11/01/decoding-the-ieas-scenario-spin-real-reform-or-more-of-the-same/,priceofoil.org,20191101T203000Z,English,United States
BECCS,Bioenergy with carbon capture and storage,"How Forests , Farms , and Fields Can Become a Net Carbon Sink in 20 Years",https://www.ecosystemmarketplace.com/articles/19947/,ecosystemmarketplace.com,20191101T103000Z,English,United States
BECCS,Bioenergy with carbon capture and storage,Monthly Review | On Fire This Time,https://monthlyreview.org/2019/11/01/on-fire-this-time/,monthlyreview.org,20191101T063000Z,English,United States
BECCS,Bioenergy with carbon capture and storage,"With looming loss of European subsidy , wood pellet industry faces turning point",https://www.energycentral.com/c/pip/looming-loss-european-subsidy-wood-pellet-industry-faces-turning-point,energycentral.com,20191029T161500Z,English,United States
BECCS,Bioenergy with carbon capture and storage,"With looming loss of European subsidy , wood pellet industry faces turning point",https://energynews.us/2019/10/29/southeast/with-looming-loss-of-european-subsidy-wood-pellet-industry-faces-turning-point/,energynews.us,20191029T131500Z,English,United States
BECCS,Bioenergy with carbon capture and storage,Big Food is Betting on Regenerative Agriculture to Thwart Climate Change,https://civileats.com/2019/10/29/big-food-is-betting-on-regenerative-agriculture-to-thwart-climate-change/,civileats.com,20191029T093000Z,English,United States
BECCS,Bioenergy with carbon capture and storage,A Carbon - Neutral Land Sector by 2040 ? Here How to Get There,https://www.wri.org/blog/2019/10/carbon-neutral-land-sector-2040-heres-how-get-there,wri.org,20191028T201500Z,English,United States
BECCS,Bioenergy with carbon capture and storage,A Roadmap to Make the Land Sector Carbon Neutral by 2040 – Advanced BioFuels united states,https://advancedbiofuelsusa.info/a-roadmap-to-make-the-land-sector-carbon-neutral-by-2040/,advancedbiofuelsusa.info,20191024T200000Z,English,United States
BECCS,Bioenergy with carbon capture and storage,Scientists publish strategy for carbon neutral land sector by 2040,https://www.upi.com/Science_News/2019/10/23/Scientists-publish-strategy-for-carbon-neutral-land-sector-by-2040/6001571848120/,upi.com,20191023T191500Z,English,United States
BECCS,Bioenergy with carbon capture and storage,A roadmap to make the land sector carbon neutral by 2040,https://www.sciencedaily.com/releases/2019/10/191023104624.htm,sciencedaily.com,20191023T184500Z,English,United States
BECCS,Bioenergy with carbon capture and storage,A roadmap to make the land sector carbon neutral by 2040,https://www.eurekalert.org/pub_releases/2019-10/iifa-art102319.php,eurekalert.org,20191023T143000Z,English,United States
BECCS,Bioenergy with carbon capture and storage,Environmental News Network - Assessing the Benefits and Risks of Land - Based Greenhouse Gas Removal,https://www.enn.com/articles/60370-assessing-the-benefits-and-risks-of-land-based-greenhouse-gas-removal,enn.com,20191022T170000Z,English,United States
BECCS,Bioenergy with carbon capture and storage,Assessing the benefits and risks of land - based greenhouse gas removal,https://www.eurekalert.org/pub_releases/2019-10/iifa-atb101819.php,eurekalert.org,20191021T161500Z,English,United States
BECCS,Bioenergy with carbon capture and storage,Assessing the benefits and risks of land - based greenhouse gas removal,https://www.sciencedaily.com/releases/2019/10/191021094004.htm,sciencedaily.com,20191021T150000Z,English,United States
BECCS,Bioenergy with carbon capture and storage,Assessing the benefits and risks of land - based greenhouse gas removal,https://phys.org/news/2019-10-benefits-land-based-greenhouse-gas.html,phys.org,20191021T150000Z,English,United States
BECCS,Bioenergy with carbon capture and storage,Drax strengthens biomass sustainability policy | Biomassmagazine . com,http://biomassmagazine.com/articles/16542/drax-strengthens-biomass-sustainability-policy/,biomassmagazine.com,20191020T163000Z,English,United States
BECCS,Bioenergy with carbon capture and storage,Assessing the benefits and risks of land - based greenhouse gas removal,https://www.newswise.com/articles/assessing-the-benefits-and-risks-of-land-based-greenhouse-gas-removal,newswise.com,20191018T131500Z,English,United States
BECCS,Bioenergy with carbon capture and storage,Drax strengthens biomass sustainability policy | Biomassmagazine . com,http://biomassmagazine.com/articles/16542/drax-strengthens-biomass-sustainability-policy,biomassmagazine.com,20191018T030000Z,English,United States
BECCS,Bioenergy with carbon capture and storage,Drax strengthens biomass sustainability policy | Biomassmagazine . com,http://www.biomassmagazine.com/articles/16542/drax-strengthens-biomass-sustainability-policy,biomassmagazine.com,20191017T223000Z,English,United States
BECCS,Bioenergy with carbon capture and storage,The Digest 2019 Multi - Slide Guide to Direct Air Capture – Advanced BioFuels united states,https://advancedbiofuelsusa.info/the-digests-2019-multi-slide-guide-to-direct-air-capture/,advancedbiofuelsusa.info,20191015T171500Z,English,United States
BECCS,Bioenergy with carbon capture and storage,The Digest 2019 Multi - Slide Guide to Direct Air Capture : Biofuels Digest,http://www.biofuelsdigest.com/bdigest/2019/10/14/the-digests-2019-multi-slide-guide-to-direct-air-capture/,biofuelsdigest.com,20191015T011500Z,English,United States
BECCS,Bioenergy with carbon capture and storage,CCS to Become Central to Climate Change Mitigation,https://interestingengineering.com/tables-are-turning-for-carbon-capture-and-storage,interestingengineering.com,20191012T094500Z,English,United States
BECCS,Bioenergy with carbon capture and storage,UK Government Climate Advisers Suggest a Pathway towards Net - Zero Aviation Emissions by 2050 – Advanced BioFuels united states,https://advancedbiofuelsusa.info/uk-governments-climate-advisers-suggest-a-pathway-towards-net-zero-aviation-emissions-by-2050/,advancedbiofuelsusa.info,20191007T230000Z,English,United States
BECCS,Bioenergy with carbon capture and storage,It Time To Talk About Solar Geoengineering,https://longreads.com/2019/10/04/its-time-to-talk-about-solar-geoengineering/,longreads.com,20191004T141500Z,English,United States
BECCS,Bioenergy with carbon capture and storage,"IEA Drives Fossil Growth , Climate Breakdown with Latest World Energy Outlook",https://www.energycentral.com/c/ec/iea-drives-fossil-growth-climate-breakdown-latest-world-energy-outlook,energycentral.com,20191118T153000Z,English,United States
BECCS,Bioenergy with carbon capture and storage,Scientists create meat substitute  made out of air,https://news.yahoo.com/scientists-create-meat-substitute-made-out-of-air-205819021.html,news.yahoo.com,20191113T213000Z,English,United States
BECCS,Bioenergy with carbon capture and storage,"The IEA and WEO 2019 : Still working for fossil fuels , not global climate goals",http://priceofoil.org/2019/11/13/iea-2019-weo-working-for-fossil-fuels-not-climate/,priceofoil.org,20191113T040000Z,English,United States
BECCS,Bioenergy with carbon capture and storage,The long haul to getting aviation biofuel off the ground,https://www.environmentguru.com/pages/elements/element.aspx?id=26885818,environmentguru.com,20191105T233000Z,English,United States
BECCS,Bioenergy with carbon capture and storage,Sustainable bioenergy for climate mitigation : developing drought - tolerant trees and grasses,http://humanitariannews.org/20191102/sustainable-bioenergy-climate-mitigation-developing-drought-tolerant-trees-grasses,humanitariannews.org,20191102T163000Z,English,United States
BECCS,Bioenergy with carbon capture and storage,Decoding the IEA Scenario Spin : Real reform or more of the same ?,http://priceofoil.org/2019/11/01/decoding-the-ieas-scenario-spin-real-reform-or-more-of-the-same/,priceofoil.org,20191101T203000Z,English,United States
BECCS,Bioenergy with carbon capture and storage,"How Forests , Farms , and Fields Can Become a Net Carbon Sink in 20 Years",https://www.ecosystemmarketplace.com/articles/19947/,ecosystemmarketplace.com,20191101T103000Z,English,United States
BECCS,Bioenergy with carbon capture and storage,Monthly Review | On Fire This Time,https://monthlyreview.org/2019/11/01/on-fire-this-time/,monthlyreview.org,20191101T063000Z,English,United States
BECCS,Bioenergy with carbon capture and storage,Negative carbon dioxide emissions,https://physicstoday.scitation.org/doi/10.1063/PT.3.4389,physicstoday.scitation.org,20200101T121500Z,English,United States
BECCS,Bioenergy with carbon capture and storage,Carbon Capture Updates From the COP 25,https://www.lexology.com/library/detail.aspx?g=8988d701-285f-4362-8fa4-663a42f91331,lexology.com,20191231T100000Z,English,United States
BECCS,Bioenergy with carbon capture and storage,"IEA Drives Fossil Growth , Climate Breakdown with Latest World Energy Outlook",https://www.energycentral.com/c/ec/iea-drives-fossil-growth-climate-breakdown-latest-world-energy-outlook-0,energycentral.com,20191226T171500Z,English,United States
BECCS,Bioenergy with carbon capture and storage,Drax to become carbon negative by 2030,https://www.energyglobal.com/bioenergy/16122019/drax-to-become-carbon-negative-by-2030/,energyglobal.com,20191216T160000Z,English,United States
BECCS,Bioenergy with carbon capture and storage,Investorideas . com - Bubbling under - can the united kingdom tap into geothermal energy ?,https://www.investorideas.com/news/2019/renewable-energy/12132UK-GeothermalEnergy.asp,investorideas.com,20191213T161500Z,English,United States
BECCS,Bioenergy with carbon capture and storage,"A long , hard look underground is required to reach net zero , say experts",https://phys.org/news/2019-12-hard-underground-required-net-experts.html,phys.org,20191213T150000Z,English,United States
BECCS,Bioenergy with carbon capture and storage,Drax aims to become carbon negative by 2030 | Biomassmagazine . com,http://www.biomassmagazine.com/articles/16664/drax-aims-to-become-carbon-negative-by-2030,biomassmagazine.com,20191211T001500Z,English,United States
BECCS,Bioenergy with carbon capture and storage,Drax aims to become carbon negative by 2030 | Biomassmagazine . com,http://biomassmagazine.com/articles/16664/drax-aims-to-become-carbon-negative-by-2030,biomassmagazine.com,20191211T000000Z,English,United States
BECCS,Bioenergy with carbon capture and storage,Carbon capture could require 25 % of all global energy,http://energyskeptic.com/2019/carbon-capture-could-require-25-of-all-global-energy/,energyskeptic.com,20191208T140000Z,English,United States
BECCS,Bioenergy with carbon capture and storage,Researchers : Put a brake on bioenergy by 2050 to avoid negative climate impacts,https://www.sciencecodex.com/researchers-put-brake-bioenergy-2050-avoid-negative-climate-impacts-636267,sciencecodex.com,20191207T210000Z,English,United States
BECCS,Bioenergy with carbon capture and storage,Clearing the air - Climate policy needs negative carbon - dioxide emissions | Briefing,https://www.economist.com/briefing/2019/12/05/climate-policy-needs-negative-carbon-dioxide-emissions,economist.com,20191206T141500Z,English,United States
BECCS,Bioenergy with carbon capture and storage,Clearing the air - Climate policy needs negative carbon - dioxide emissions | Briefing,https://www.economist.com/briefing/2019/12/07/climate-policy-needs-negative-carbon-dioxide-emissions,economist.com,20191206T001500Z,English,United States
BECCS,Bioenergy with carbon capture and storage,Researchers : Put a brake on bioenergy by 2050 to avoid negative climate impacts,https://scienceblog.com/512507/researchers-put-a-brake-on-bioenergy-by-2050-to-avoid-negative-climate-impacts/,scienceblog.com,20191205T174500Z,English,United States
BECCS,Bioenergy with carbon capture and storage,Researchers : Put a brake on bioenergy by 2050 to avoid negative climate impacts,https://phys.org/news/2019-12-bioenergy-negative-climate-impacts.html,phys.org,20191205T101500Z,English,United States
BECCS,Bioenergy with carbon capture and storage,Researchers : Put a brake on bioenergy by 2050 to avoid negative climate impacts,https://www.eurekalert.org/pub_releases/2019-12/b-rho120219.php,eurekalert.org,20191205T094500Z,English,United States
BECCS,Bioenergy with carbon capture and storage,Researchers : Put a brake on bioenergy by 2050 to avoid negative climate impacts,https://eurekalert.org/pub_releases/2019-12/b-rho120219.php,eurekalert.org,20191205T093000Z,English,United States
BECCS,Bioenergy with carbon capture and storage,After Climate Despair - The New Atlantis,https://www.thenewatlantis.com/publications/after-climate-despair,thenewatlantis.com,20191204T190000Z,English,United States
BECCS,Bioenergy with carbon capture and storage,Microsoft Pledges $1 Billion to Become Carbon - Negative by 2030,https://www.energycentral.com/c/ec/microsoft-pledges-1-billion-become-carbon-negative-2030,energycentral.com,20200120T211500Z,English,United States
BECCS,Bioenergy with carbon capture and storage,Microsoft Commits to Become Carbon Negative by 2030,https://www.causeartist.com/microsoft-commits-to-become-carbon-negative-by-2030/,causeartist.com,20200118T081500Z,English,United States
BECCS,Bioenergy with carbon capture and storage,Microsoft pledges to remove more carbon than it emits by 2030,https://www.oilandgas360.com/microsoft-pledges-to-remove-more-carbon-than-it-emits-by-2030/,oilandgas360.com,20200117T213000Z,English,United States
BECCS,Bioenergy with carbon capture and storage,"Microsoft goes green , and then some",https://grist.org/beacon/microsoft-goes-green-and-then-some/,grist.org,20200117T184500Z,English,United States
BECCS,Bioenergy with carbon capture and storage,Microsoft promises to be carbon negative by 2030,https://www.datacenterdynamics.com/news/microsoft-promises-be-carbon-negative-2030/,datacenterdynamics.com,20200117T154500Z,English,United States
BECCS,Bioenergy with carbon capture and storage,The Energy 202 : Trump wants to make dishwashers great again . The Energy Department has a new rule for that .,https://www.washingtonpost.com/news/powerpost/paloma/the-energy-202/2020/01/17/the-energy-202-trump-wants-to-make-dishwashers-great-again-the-energy-department-has-a-new-rule-for-that/5e20afca602ff14e66054301/,washingtonpost.com,20200117T140000Z,English,United States
BECCS,Bioenergy with carbon capture and storage,Microsoft to retroactively counteract its carbon footprint since 1975,https://www.pcgamesn.com/microsoft/carbon-footprint-2050-goal,pcgamesn.com,20200117T124500Z,English,United States
BECCS,Bioenergy with carbon capture and storage,Microsoft pledges to remove more carbon than it emits by 2030,https://www.beaumontenterprise.com/business/energy/article/Microsoft-pledges-to-remove-more-carbon-than-it-14980919.php,beaumontenterprise.com,20200117T080000Z,English,United States
BECCS,Bioenergy with carbon capture and storage,Microsoft quest to go  carbon negative  inspires $1B fund,https://www.greenbiz.com/article/microsofts-quest-go-carbon-negative-inspires-1b-fund,greenbiz.com,20200117T034500Z,English,United States
BECCS,Bioenergy with carbon capture and storage,Microsoft pledges to remove more carbon than it emits by 2030,https://www.houstonchronicle.com/business/energy/article/Microsoft-pledges-to-remove-more-carbon-than-it-14980919.php,houstonchronicle.com,20200116T223000Z,English,United States
BECCS,Bioenergy with carbon capture and storage,Microsoft pledges to remove more carbon than it emits by 2030,https://www.unionleader.com/news/business/microsoft-pledges-to-remove-more-carbon-than-it-emits-by/article_b8647c15-b105-5167-962c-47ded7821665.html,unionleader.com,20200116T223000Z,English,United States
BECCS,Bioenergy with carbon capture and storage,"Microsoft Will Spend $1B On  Climate Innovation , Sets  Carbon Negative  Goal",https://www.crn.com/news/cloud/microsoft-will-spend-1b-on-climate-innovation-sets-carbon-negative-goal,crn.com,20200116T214500Z,English,United States
BECCS,Bioenergy with carbon capture and storage,Microsoft will invest $1 billion into carbon reduction and removal technologies,https://www.technologyreview.com/s/615066/microsoft-will-invest-1-billion-into-carbon-reduction-and-removal-technologies/,technologyreview.com,20200116T214500Z,English,United States
BECCS,Bioenergy with carbon capture and storage,Microsoft will be carbon negative by 2030 - The Official Microsoft Blog,https://blogs.microsoft.com/blog/2020/01/16/microsoft-will-be-carbon-negative-by-2030/,blogs.microsoft.com,20200116T201500Z,English,United States
BECCS,Bioenergy with carbon capture and storage,Microsoft pledges to remove more carbon than it emits by 2030,https://www.mrt.com/business/energy/article/Microsoft-pledges-to-remove-more-carbon-than-it-14980919.php,mrt.com,20200116T201500Z,English,United States
BECCS,Bioenergy with carbon capture and storage,Microsoft pledges to remove more carbon than it emits by 2030,https://www.sfchronicle.com/business/article/Microsoft-pledges-to-remove-more-carbon-than-it-14980831.php,sfchronicle.com,20200116T193000Z,English,United States
BECCS,Bioenergy with carbon capture and storage,Microsoft pledges to remove more carbon than it emits by 2030,https://www.chron.com/neighborhood/business/energy/article/Microsoft-pledges-to-remove-more-carbon-than-it-14980919.php,chron.com,20200116T191500Z,English,United States
BECCS,Bioenergy with carbon capture and storage,Microsoft pledges to remove more carbon than it emits by 2030,https://www.mysanantonio.com/business/energy/article/Microsoft-pledges-to-remove-more-carbon-than-it-14980919.php,mysanantonio.com,20200116T190000Z,English,United States
BECCS,Bioenergy with carbon capture and storage,Microsoft pledges to remove more carbon than it emits by 2030,https://www.chron.com/business/energy/article/Microsoft-pledges-to-remove-more-carbon-than-it-14980919.php,chron.com,20200116T190000Z,English,United States
BECCS,Bioenergy with carbon capture and storage,Microsoft pledges to remove more carbon than it emits by 2030,https://www.sfgate.com/news/article/Microsoft-pledges-to-remove-more-carbon-than-it-14980872.php,sfgate.com,20200116T183000Z,English,United States
BECCS,Bioenergy with carbon capture and storage,Microsoft makes new climate change pledge - The Washington Post,https://www.washingtonpost.com/technology/2020/01/16/microsoft-climate-change-pledge/,washingtonpost.com,20200116T180000Z,English,United States
BECCS,Bioenergy with carbon capture and storage,Carbon Capture Technologies : Biomass Industry Unique Opportunity,http://biomassmagazine.com/articles/16698/carbon-capture-technologies-biomass-industryundefineds-unique-opportunity/,biomassmagazine.com,20200110T184500Z,English,United States
BECCS,Bioenergy with carbon capture and storage,Negative carbon dioxide emissions,https://physicstoday.scitation.org/doi/full/10.1063/PT.3.4389,physicstoday.scitation.org,20200104T201500Z,English,United States
BECCS,Bioenergy with carbon capture and storage,Negative carbon dioxide emissions,https://physicstoday.scitation.org/doi/10.1063/PT.3.4389,physicstoday.scitation.org,20200101T121500Z,English,United States
BECCS,Bioenergy with carbon capture and storage,Biomass electricity production sets record in Britain for 2019,http://www.biomassmagazine.com/articles/16838/biomass-electricity-production-sets-record-in-britain-for-2019,biomassmagazine.com,20200227T014500Z,English,United States
BECCS,Bioenergy with carbon capture and storage,Biomass electricity production sets record in Britain for 2019,http://biomassmagazine.com/articles/16838/biomass-electricity-production-sets-record-in-britain-for-2019,biomassmagazine.com,20200226T234500Z,English,United States
BECCS,Bioenergy with carbon capture and storage,New land use report urges increase of bioenergy crops in the united kingdom : Biofuels Digest,http://www.biofuelsdigest.com/bdigest/2020/02/23/new-land-use-report-urges-increase-of-bioenergy-crops-in-the-uk/,biofuelsdigest.com,20200223T223000Z,English,United States
BECCS,Bioenergy with carbon capture and storage,Carbon Capture Technologies : Biomass Industry Unique Opportunity,http://biomassmagazine.com/articles/16698/carbon-capture-technologies-biomass-industryundefineds-unique-opportunity,biomassmagazine.com,20200214T211500Z,English,United States
BECCS,Bioenergy with carbon capture and storage,The Paris Agreement Set an Unrealistic Target for Global Warming . Now What ?,https://www.nakedcapitalism.com/2020/02/the-paris-agreement-set-an-unrealistic-target-for-global-warming-now-what.html,nakedcapitalism.com,20200214T104500Z,English,United States
BECCS,Bioenergy with carbon capture and storage,The Paris Agreement set an unrealistic target for global warming . Now what ?,https://www.salon.com/2020/02/13/the-paris-agreement-set-an-unrealistic-target-for-global-warming-now-what_partner/,salon.com,20200213T173000Z,English,United States
BECCS,Bioenergy with carbon capture and storage,The Paris Agreement set an unrealistic target for global warming . Now what ?,https://www.salon.com/control/2020/02/13/the-paris-agreement-set-an-unrealistic-target-for-global-warming-now-what_partner/,salon.com,20200213T151500Z,English,United States
BECCS,Bioenergy with carbon capture and storage,The Paris Agreement set an unrealistic target for global warming . Now what ?,https://grist.org/climate/the-paris-agreement-set-an-unrealistic-target-for-global-warming-now-what/,grist.org,20200212T104500Z,English,United States
BECCS,Bioenergy with carbon capture and storage,Department of Energy Issues Request for Information for Biomass Co - Firing Emission Profiles and Impacts on Carbon Capture,https://www.energy.gov/fe/articles/department-energy-issues-request-information-biomass-co-firing-emission-profiles-and,energy.gov,20200211T181500Z,English,United States
BECCS,Bioenergy with carbon capture and storage,Department of Energy Issues Request for Information for Biomass Co - Firing Emission Profiles and Impacts on Carbon Capture,https://www.einnews.com/pr_news/509451573/department-of-energy-issues-request-for-information-for-biomass-co-firing-emission-profiles-and-impacts-on-carbon-capture,einnews.com,20200211T154500Z,English,United States
BECCS,Bioenergy with carbon capture and storage,Department of Energy Issues Request for Information for Biomass Co - Firing Emission Profiles and Impacts on Carbon Capture,https://energy.einnews.com/pr_news/509451573/department-of-energy-issues-request-for-information-for-biomass-co-firing-emission-profiles-and-impacts-on-carbon-capture,energy.einnews.com,20200211T154500Z,English,United States
BECCS,Bioenergy with carbon capture and storage,"So - called  negative emission might actually work , at least in California",https://grist.org/climate/so-called-negative-emissions-might-actually-work-at-least-in-california/,grist.org,20200211T093000Z,English,United States
BECCS,Bioenergy with carbon capture and storage,Why coal use must plummet this decade to keep global warming below 1 . 5C,https://skepticalscience.com/coal-must-plummet-this-decade-for-15C.html,skepticalscience.com,20200210T084500Z,English,United States
BECCS,Bioenergy with carbon capture and storage,Britain Is Getting Ready to Scale Up Negative - Emissions Technology,https://finance.yahoo.com/news/britain-getting-ready-scale-negative-050013580.html,finance.yahoo.com,20200207T150000Z,English,United States
BECCS,Bioenergy with carbon capture and storage,Britain Is Getting Ready to Scale Up Negative - Emissions Technology,https://finance.yahoo.com/news/britain-getting-ready-scale-negative-050013900.html,finance.yahoo.com,20200207T141500Z,English,United States
BECCS,Bioenergy with carbon capture and storage,OPINION : Why  net zero  is not good enough,http://news.trust.org/item/20200205160427-r1ydk/,news.trust.org,20200205T183000Z,English,United States
BECCS,Bioenergy with carbon capture and storage,OPINION : Why  net zero  is not good enough,http://news.trust.org/item/20200205160427-r1ydk,news.trust.org,20200205T171500Z,English,United States
BECCS,Bioenergy with carbon capture and storage,The Loopholes Lurking in BP New Climate Aims - Oil Change International,http://priceofoil.org/2020/03/11/the-loopholes-lurking-in-bps-new-climate-aims/,priceofoil.org,20200311T163000Z,English,United States
BECCS,Bioenergy with carbon capture and storage,"To Unlock the Potential of Direct Air Capture , We Must Invest Now",https://www.wri.org/blog/2020/03/to-unlock-the-potential-of-direct-air-capture-we-must-invest-now,wri.org,20200310T181500Z,English,United States
BECCS,Bioenergy with carbon capture and storage,A Preview Of Key Energy Challenges For The 2020s,https://www.forbes.com/sites/andystone/2020/03/02/a-preview-of-key-energy-challenges-for-the-2020s/,forbes.com,20200302T204500Z,English,United States
BECCS,Bioenergy with carbon capture and storage,"Data Centers Accelerate Their Focus on Sustainability , Green Power",https://datacenterfrontier.com/data-centers-accelerate-their-focus-on-sustainability-green-power/,datacenterfrontier.com,20200423T021500Z,English,United States
BECCS,Bioenergy with carbon capture and storage,"To advise on green stimulus , the IEA needs to upgrade its own climate toolbox",http://priceofoil.org/2020/04/09/green-stimulus-iea-needs-to-upgrade-own-climate-toolbox/,priceofoil.org,20200410T001500Z,English,United States
BECCS,Bioenergy with carbon capture and storage,IEA report misses the mark on  Sustainable Recovery  by sidelining 1 . 5°C,http://priceofoil.org/2020/07/01/iea-report-misses-the-mark-on-sustainable-recovery-by-sidelining-1-5c/,priceofoil.org,20200701T211500Z,English,United States
BECCS,Bioenergy with carbon capture and storage,"Report : Biomass , biofuels can help US meet net - zero goal",http://biomassmagazine.com/articles/17176/report-biomass-biofuels-can-help-us-meet-net-zero-goal,biomassmagazine.com,20200701T140000Z,English,United States
BECCS,Bioenergy with carbon capture and storage,"Report : Biomass , biofuels can help US meet net - zero goal",http://www.biomassmagazine.com/articles/17176/report-biomass-biofuels-can-help-us-meet-net-zero-goal,biomassmagazine.com,20200630T231500Z,English,United States
BECCS,Bioenergy with carbon capture and storage,What New and Noteworthy in Today Congressional Report on Climate Change,https://blogs.ei.columbia.edu/2020/06/30/congressional-report-climate-change/,blogs.ei.columbia.edu,20200630T210000Z,English,United States
BECCS,Bioenergy with carbon capture and storage,Size matters for bioenergy with carbon capture and storage,https://www.sciencedaily.com/releases/2020/06/200629202014.htm,sciencedaily.com,20200630T151500Z,English,United States
BECCS,Bioenergy with carbon capture and storage,Size matters for Bioenergy with Carbon Capture and Storage as we move to net zero,https://www.miragenews.com/size-matters-for-bioenergy-with-carbon-capture-and-storage-as-we-move-to-net-zero/,miragenews.com,20200630T100000Z,English,United States
BECCS,Bioenergy with carbon capture and storage,Size matters for bioenergy with carbon capture and storage,https://phys.org/news/2020-06-size-bioenergy-carbon-capture-storage.html,phys.org,20200630T083000Z,English,United States
BECCS,Bioenergy with carbon capture and storage,Size matters for bioenergy with carbon capture and storage,https://www.eurekalert.org/pub_releases/2020-06/uos-smf062920.php,eurekalert.org,20200630T001500Z,English,United States
BECCS,Bioenergy with carbon capture and storage,"Drax , Mitsubishi piloting bioenergy - carbon capture project in united kingdom",https://www.power-eng.com/2020/06/25/drax-mitsubishi-piloting-bioenergy-carbon-capture-project-in-uk/,power-eng.com,20200625T160000Z,English,United States
BECCS,Bioenergy with carbon capture and storage,Drax pilots Mitsubishi carbon capture tech at united kingdom power plant,https://www.powerengineeringint.com/renewables/biomass/drax-pilots-mitsubishis-carbon-capture-tech-at-uk-power-plant/,powerengineeringint.com,20200625T111500Z,English,United States
BECCS,Bioenergy with carbon capture and storage,New BECCS pilot project under development at Drax Power Station,http://www.biomassmagazine.com/articles/17159/new-beccs-pilot-project-under-development-at-drax-power-station,biomassmagazine.com,20200625T003000Z,English,United States
BECCS,Bioenergy with carbon capture and storage,New BECCS pilot project under development at Drax Power Station,http://biomassmagazine.com/articles/17159/new-beccs-pilot-project-under-development-at-drax-power-station,biomassmagazine.com,20200625T003000Z,English,United States
BECCS,Bioenergy with carbon capture and storage,Negative Emissions Pioneer Drax and Leading Global Carbon Capture Company – Mitsubishi Heavy Industries Group – Announce New BECCS Pilot |,http://cloud.itbusinessnet.com/2020/06/negative-emissions-pioneer-drax-and-leading-global-carbon-capture-company-mitsubishi-heavy-industries-group-announce-new-beccs-pilot/,cloud.itbusinessnet.com,20200624T061500Z,English,United States
BECCS,Bioenergy with carbon capture and storage,Negative Emissions Pioneer Drax and Leading Global Carbon Capture Company – Mitsubishi Heavy Industries Group – Announce New BECCS Pilot |,http://hardware.itbusinessnet.com/2020/06/negative-emissions-pioneer-drax-and-leading-global-carbon-capture-company-mitsubishi-heavy-industries-group-announce-new-beccs-pilot/,hardware.itbusinessnet.com,20200624T054500Z,English,United States
BECCS,Bioenergy with carbon capture and storage,Negative Emissions Pioneer Drax and Leading Global Carbon Capture Company – Mitsubishi Heavy Industries Group – Announce New BECCS Pilot |,http://business.itbusinessnet.com/2020/06/negative-emissions-pioneer-drax-and-leading-global-carbon-capture-company-mitsubishi-heavy-industries-group-announce-new-beccs-pilot/,business.itbusinessnet.com,20200624T044500Z,English,United States
BECCS,Bioenergy with carbon capture and storage,Negative Emissions Pioneer Drax and Leading Global Carbon Capture Company – Mitsubishi Heavy Industries Group – Announce New BECCS Pilot |,http://softwaredev.itbusinessnet.com/2020/06/negative-emissions-pioneer-drax-and-leading-global-carbon-capture-company-mitsubishi-heavy-industries-group-announce-new-beccs-pilot/,softwaredev.itbusinessnet.com,20200624T041500Z,English,United States
BECCS,Bioenergy with carbon capture and storage,Negative Emissions Pioneer Drax and Leading Global Carbon Capture Company – Mitsubishi Heavy Industries Group – Announce New BECCS Pilot |,http://internet.itbusinessnet.com/2020/06/negative-emissions-pioneer-drax-and-leading-global-carbon-capture-company-mitsubishi-heavy-industries-group-announce-new-beccs-pilot/,internet.itbusinessnet.com,20200624T033000Z,English,United States
BECCS,Bioenergy with carbon capture and storage,Global carbon capture and storage pipeline grows by 10 large - scale facilities,https://www.powerengineeringint.com/emissions-environment/global-carbon-capture-and-storage-pipeline-grows-by-10-large-scale-facilities/,powerengineeringint.com,20200617T074500Z,English,United States
BECCS,Bioenergy with carbon capture and storage,"Could direct air capture of CO2 work ? IF so , we have to invest in carbon capture tech NOW",https://redgreenandblue.org/2020/06/11/direct-air-capture-co2-work-invest-carbon-capture-tech-now/,redgreenandblue.org,20200616T230000Z,English,United States
BECCS,Bioenergy with carbon capture and storage,"Could direct air capture of CO2 work ? IF so , we have to invest in carbon capture tech NOW",http://redgreenandblue.org/2020/06/11/direct-air-capture-co2-work-invest-carbon-capture-tech-now/,redgreenandblue.org,20200611T203000Z,English,United States
BECCS,Bioenergy with carbon capture and storage,Global carbon capture and storage pipeline grows by 10 large - scale facilities,https://www.power-eng.com/2020/06/09/global-carbon-capture-and-storage-pipeline-grows-by-10-large-scale-facilities/,power-eng.com,20200609T164500Z,English,United States
BECCS,Bioenergy with carbon capture and storage,Inside Microsoft Mission to Go Carbon Negative,https://ca.finance.yahoo.com/news/inside-microsoft-mission-carbon-negative-090011286.html,ca.finance.yahoo.com,20200609T094500Z,English,United States
BECCS,Bioenergy with carbon capture and storage,Global CCS Institute adds 10 new projects to global database : Biofuels Digest,http://www.biofuelsdigest.com/bdigest/2020/06/08/global-ccs-institute-adds-10-new-projects-to-global-database/,biofuelsdigest.com,20200609T001500Z,English,United States
BECCS,Bioenergy with carbon capture and storage,CCS pipeline grows by 10,https://www.gasworld.com/ccs-pipeline-grows-by-10/2019279.article,gasworld.com,20200608T101500Z,English,United States
BECCS,Bioenergy with carbon capture and storage,Inside Microsoft Mission to Go Carbon Negative,https://finance.yahoo.com/news/inside-microsoft-mission-carbon-negative-090011286.html,finance.yahoo.com,20200608T010000Z,English,United States
BECCS,Bioenergy with carbon capture and storage,Inside Microsoft mission to go carbon negative | Seattle Times,https://www.union-bulletin.com/seattle_times/inside-microsoft-s-mission-to-go-carbon-negative/article_81755c6c-36eb-51fd-bfbd-2f017e83b2cd.html,union-bulletin.com,20200607T124500Z,English,United States
BECCS,Bioenergy with carbon capture and storage,Making sense of climate scenarios : Toolkit for decision - makers launched,https://phys.org/news/2020-06-climate-scenarios-toolkit-decision-makers.html,phys.org,20200605T133000Z,English,United States
BECCS,Bioenergy with carbon capture and storage,Inside Microsoft Mission to Go Carbon Negative,https://finance.yahoo.com/news/inside-microsoft-mission-carbon-negative-090011910.html,finance.yahoo.com,20200605T014500Z,English,United States
BECCS,Bioenergy with carbon capture and storage,Inside Microsoft Mission to Go Carbon Negative | Data Center Knowledge,https://www.datacenterknowledge.com:443/energy/inside-microsoft-s-mission-go-carbon-negative,datacenterknowledge.com,20200604T200000Z,English,United States
BECCS,Bioenergy with carbon capture and storage,Inside Microsoft Mission to Go Carbon Negative,https://www.msn.com/en-us/finance/markets/inside-microsoft-e2-80-99s-mission-to-go-carbon-negative/ar-BB151mlT,msn.com,20200604T110000Z,English,United States
BECCS,Bioenergy with carbon capture and storage,Making sense of climate scenarios : New toolkit available for decision makers,https://www.newswise.com/articles/making-sense-of-climate-scenarios-new-toolkit-available-for-decision-makers,newswise.com,20200603T123000Z,English,United States
BECCS,Bioenergy with carbon capture and storage,Making sense of climate scenarios : New toolkit available for decision makers,https://www.miragenews.com/making-sense-of-climate-scenarios-new-toolkit-available-for-decision-makers/,miragenews.com,20200603T081500Z,English,United States
BECCS,Bioenergy with carbon capture and storage,Human Rights Dimensions of Bioenergy With Carbon Capture and Storage : A Framework for Climate Justice in the Realm of Climate Geoengineering,https://energycentral.com/c/ec/human-rights-dimensions-bioenergy-carbon-capture-and-storage-framework-climate,energycentral.com,20200901T171500Z,English,United States
BECCS,Bioenergy with carbon capture and storage,Geoengineering the oceans : an emerging frontier in international climate change governance,https://energycentral.com/c/ec/geoengineering-oceans-emerging-frontier-international-climate-change-governance,energycentral.com,20200901T121500Z,English,United States
BECCS,Bioenergy with carbon capture and storage,Carbon marketplace hawks credits in businesses that store CO2 with their products | A Green Living Blog,http://agreenliving.org/carbon-marketplace-hawks-credits-in-businesses-that-store-co2-with-their-products/,agreenliving.org,20200831T164500Z,English,United States
BECCS,Bioenergy with carbon capture and storage,Carbon marketplace hawks credits in businesses that store CO2 with their products,https://www.greenbiz.com/article/carbon-marketplace-hawks-credits-businesses-store-co2-their-products,greenbiz.com,20200831T150000Z,English,United States
BECCS,Bioenergy with carbon capture and storage,"Dont Bet on It Before Examining Costs , Researchers Say",https://www.miragenews.com/don-t-bet-on-it-before-examining-costs-researchers-say/,miragenews.com,20200826T050000Z,English,United States
BECCS,Bioenergy with carbon capture and storage,"Remove CO2 From Air ? Dont Bet on It Before Examining Costs , Researchers Say",https://www.miragenews.com/remove-co2-from-air-don-t-bet-on-it-before-examining-costs-researchers-say/,miragenews.com,20200825T201500Z,English,United States
BECCS,Bioenergy with carbon capture and storage,Potential of achieving climate target with bioenergy is limited,https://phys.org/news/2020-08-potential-climate-bioenergy-limited.html,phys.org,20200825T133000Z,English,United States
BECCS,Bioenergy with carbon capture and storage,UVA - Led Research Team Finds Reliance on Negative Emissions Technologies to solve Climate Crisis is Risky,https://finance.yahoo.com/news/uva-led-research-team-finds-210600068.html,finance.yahoo.com,20200825T071500Z,English,United States
BECCS,Bioenergy with carbon capture and storage,UVA - led team warns negative emissions technologies may not solve climate crisis,https://www.sciencecodex.com/uva-led-team-warns-negative-emissions-technologies-may-not-solve-climate-crisis-654897,sciencecodex.com,20200825T071500Z,English,United States
BECCS,Bioenergy with carbon capture and storage,UVA - Led Research Team Finds Reliance on Negative Emissions Technologies to solve Climate Crisis is Risky,https://www.globenewswire.com/news-release/2020/08/24/2082907/0/en/UVA-Led-Research-Team-Finds-Reliance-on-Negative-Emissions-Technologies-to-solve-Climate-Crisis-is-Risky.html,globenewswire.com,20200824T220000Z,English,United States
BECCS,Bioenergy with carbon capture and storage,Environmental News Network - UVA - Led Research Team Finds World Reliance on Negative Emissions Technologies to Solve Climate Crisis Is Risky,https://www.enn.com/articles/65017-uva-led-research-team-finds-world-s-reliance-on-negative-emissions-technologies-to-solve-climate-crisis-is-risky,enn.com,20200824T204500Z,English,United States
BECCS,Bioenergy with carbon capture and storage,Team warns negative emissions technologies may not solve climate crisis,https://phys.org/news/2020-08-team-negative-emissions-technologies-climate.html,phys.org,20200824T163000Z,English,United States
BECCS,Bioenergy with carbon capture and storage,UVA - led team warns negative emissions technologies may not solve climate crisis,https://www.eurekalert.org/pub_releases/2020-08/uovs-utw082420.php,eurekalert.org,20200824T154500Z,English,United States
BECCS,Bioenergy with carbon capture and storage,Climate change : Removing CO2 could spark big rise in food prices,https://news.yahoo.com/climate-change-removing-co2-could-150147531.html,news.yahoo.com,20200824T153000Z,English,United States
BECCS,Bioenergy with carbon capture and storage,4 Questions About China New Climate Commitments,https://www.wri.org/blog/2020/09/4-questions-about-chinas-new-climate-commitments,wri.org,20200930T180000Z,English,United States
BECCS,Bioenergy with carbon capture and storage,Worley Secures Contract For Ground - Breaking Carbon Capture Project,https://www.chemicalonline.com/doc/worley-secures-contract-for-ground-breaking-carbon-capture-project-0001,chemicalonline.com,20200928T110000Z,English,United States
BECCS,Bioenergy with carbon capture and storage,Worley secures contract for ground - breaking carbon capture project - Chemical Engineering,https://www.chemengonline.com/worley-secures-contract-for-ground-breaking-carbon-capture-project/,chemengonline.com,20200924T111500Z,English,United States
BECCS,Bioenergy with carbon capture and storage,Worley and Drax sign carbon capture contract,https://www.energyglobal.com/special-reports/23092020/worley-and-drax-sign-carbon-capture-contract/,energyglobal.com,20200923T153000Z,English,United States
BECCS,Bioenergy with carbon capture and storage,Drax awards services contract to Worley,https://www.gasworld.com/drax-awards-services-contract-to-worley/2019835.article,gasworld.com,20200922T201500Z,English,United States
BECCS,Bioenergy with carbon capture and storage,Environmental groups warn Scottish government against biomass power with BECCS : Biofuels Digest,https://www.biofuelsdigest.com/bdigest/2020/09/21/environmental-groups-warn-scottish-government-against-biomass-power-with-beccs/,biofuelsdigest.com,20200922T034500Z,English,United States
BECCS,Bioenergy with carbon capture and storage,"RELEASE : Urgent investments in carbon dioxide removal offer big returns for climate , jobs and post - COVID - 19 recovery , says Economist Intelligence Unit research synthesis",https://www.wri.org/news/2020/09/release-urgent-investments-carbon-dioxide-removal-offer-big-returns-climate-jobs-and,wri.org,20200922T023000Z,English,United States
BECCS,Bioenergy with carbon capture and storage,Biofuels are a controversial climate solution . Could they still help save the planet ?,https://globalpossibilities.org/biofuels-are-a-controversial-climate-solution-could-they-still-help-save-the-planet/,globalpossibilities.org,20200916T230000Z,English,United States
BECCS,Bioenergy with carbon capture and storage,Coastal News Today | united states - Carbon Capture and Sequestration : Can Big Oil Save Money AND the Environment ?,https://www.coastalnewstoday.com/post/usa-carbon-capture-and-sequestration-can-big-oil-save-money-and-the-environment,coastalnewstoday.com,20200913T221500Z,English,United States
BECCS,Bioenergy with carbon capture and storage,"News - Cut Carbon Dioxide , Cause Misery | Heartland Institute",https://www.heartland.org/news-opinion/news/cut-carbon-dioxide-cause-misery,heartland.org,20200912T213000Z,English,United States
BECCS,Bioenergy with carbon capture and storage,Carbon Capture and Sequestration : Can Big Oil Save Money AND the Environment ? | Baker Donelson,https://www.jdsupra.com/legalnews/carbon-capture-and-sequestration-can-74716/,jdsupra.com,20200911T200000Z,English,United States
BECCS,Bioenergy with carbon capture and storage,"Removing Carbon from Air , Which Increases Water Use , Is No Simple Climate Fix",https://www.circleofblue.org/2020/world/removing-carbon-from-air-which-increases-water-use-is-no-simple-climate-fix/,circleofblue.org,20200910T010000Z,English,United States
BECCS,Bioenergy with carbon capture and storage,"Eating nuts and beans instead of meat  could save 16 years of fossil fuel emissions , researchers say",https://news.yahoo.com/nuts-beans-climate-change-172154075.html,news.yahoo.com,20200908T180000Z,English,United States
BECCS,Bioenergy with carbon capture and storage,"Eating nuts and beans instead of meat  could save 16 years of fossil fuel emissions , researchers say",https://uk.news.yahoo.com/nuts-beans-climate-change-172154075.html,uk.news.yahoo.com,20200908T180000Z,English,United States
BECCS,Bioenergy with carbon capture and storage,Human Rights Dimensions of Bioenergy With Carbon Capture and Storage : A Framework for Climate Justice in the Realm of Climate Geoengineering,https://energycentral.com/c/ec/human-rights-dimensions-bioenergy-carbon-capture-and-storage-framework-climate,energycentral.com,20200901T171500Z,English,United States
BECCS,Bioenergy with carbon capture and storage,Geoengineering the oceans : an emerging frontier in international climate change governance,https://energycentral.com/c/ec/geoengineering-oceans-emerging-frontier-international-climate-change-governance,energycentral.com,20200901T121500Z,English,United States
BECCS,Bioenergy with carbon capture and storage,UNEP : Net - zero pledges provide an  opening  to close growing emissions  gap,https://skepticalscience.com/UNEP_Net-Zero-Pledges_Carbon-Brief.html,skepticalscience.com,20201225T204500Z,English,United States
BECCS,Bioenergy with carbon capture and storage,Carbon Capture Is Not a Climate Savior,https://newrepublic.com/article/160754/carbon-capture-not-climate-savior,newrepublic.com,20201224T120000Z,English,United States
BECCS,Bioenergy with carbon capture and storage,Op - ed : A trillion trees to fight climate change sounds nice . Here what it misses .,https://www.msn.com/en-us/news/politics/op-ed-a-trillion-trees-to-fight-climate-change-sounds-nice-heres-what-it-misses/ar-BB1c541o,msn.com,20201220T130000Z,English,United States
BECCS,Bioenergy with carbon capture and storage,The most popular Physics Today articles of 2020,https://physicstoday.scitation.org/do/10.1063/PT.6.3.20201218a/full/,physicstoday.scitation.org,20201218T194500Z,English,United States
BECCS,Bioenergy with carbon capture and storage,"UK white paper says BECCS , RNG will help meet net zero goal",http://www.biomassmagazine.com/articles/17591/uk-white-paper-says-beccs-rng-will-help-meet-net-zero-goal,biomassmagazine.com,20201215T021500Z,English,United States
BECCS,Bioenergy with carbon capture and storage,"UK white paper says BECCS , RNG will help meet net zero goal",http://biomassmagazine.com/articles/17591/uk-white-paper-says-beccs-rng-will-help-meet-net-zero-goal,biomassmagazine.com,20201215T010000Z,English,United States
BECCS,Bioenergy with carbon capture and storage,Carbon capture will play strong role  for some time,https://www.houstonchronicle.com/business/oil/article/Carbon-capture-will-play-strong-role-for-some-15797631.php,houstonchronicle.com,20201213T181500Z,English,United States
BECCS,Bioenergy with carbon capture and storage,Carbon capture will play strong role  for some time  - Midland Reporter - Telegram,https://www.mrt.com/business/oil/article/Carbon-capture-will-play-strong-role-for-some-15797631.php,mrt.com,20201213T043000Z,English,United States
BECCS,Bioenergy with carbon capture and storage,CCC Sixth Carbon Budget shows BECCS needed to achieve net zero,http://www.biomassmagazine.com/articles/17582/cccundefineds-sixth-carbon-budget-shows-beccs-needed-to-achieve-net-zero,biomassmagazine.com,20201210T023000Z,English,United States
BECCS,Bioenergy with carbon capture and storage,CCC Sixth Carbon Budget shows BECCS needed to achieve net zero,http://biomassmagazine.com/articles/17582/cccundefineds-sixth-carbon-budget-shows-beccs-needed-to-achieve-net-zero,biomassmagazine.com,20201210T013000Z,English,United States
BECCS,Bioenergy with carbon capture and storage,Climate Change Policy Isnt Worth Its High Cost,https://www.infowars.com/posts/climate-change-policy-isnt-worth-its-high-cost/,infowars.com,20201207T214500Z,English,United States
BECCS,Bioenergy with carbon capture and storage,"Energy Central Power Perspectives™ : Welcome Wil Burns , New Expert in The Energy Collective",https://energycentral.com/c/ec/energy-central-power-perspectives%E2%84%A2-welcome-wil-burns-new-expert-energy-collective,energycentral.com,20201203T134500Z,English,United States
BECCS,Bioenergy with carbon capture and storage,Drax Cancels Plan to Build Europe Largest Natural Gas Power Plant,https://www.greentechmedia.com/articles/read/plans-to-build-europes-largest-gas-plant-axed,greentechmedia.com,20210226T154500Z,English,United States
BECCS,Bioenergy with carbon capture and storage,Enviva Partners ( EVA ) Q4 2020 Earnings Call Transcript,https://www.fool.com/earnings/call-transcripts/2021/02/26/enviva-partners-eva-q4-2020-earnings-call-transcri/?source=iedfolrf0000001,fool.com,20210226T074500Z,English,United States
BECCS,Bioenergy with carbon capture and storage,Enviva Partners ( EVA ) Q4 2020 Earnings Call Transcript,https://www.msn.com/en-us/money/companies/enviva-partners-eva-q4-2020-earnings-call-transcript/ar-BB1e1YTx,msn.com,20210226T063000Z,English,United States
BECCS,Bioenergy with carbon capture and storage,ICEF 2020 Roadmap : Biomass Carbon Removal and Storage ( BiCRS ) – Advanced BioFuels united states,https://advancedbiofuelsusa.info/icef-2020-roadmap-biomass-carbon-removal-and-storage-bicrs/,advancedbiofuelsusa.info,20210226T034500Z,English,United States
BECCS,Bioenergy with carbon capture and storage,Power station scraps controversial plan to become Europe biggest gas - fired plant,https://www.msn.com/en-gb/news/world/power-station-scraps-controversial-plan-to-become-europes-biggest-gas-fired-plant/ar-BB1e0Qsb,msn.com,20210225T173000Z,English,United States
BECCS,Bioenergy with carbon capture and storage,Drax scraps plan for Europe largest gas plant after climate protests,https://www.msn.com/en-gb/money/news/drax-scraps-plan-for-yorkshire-gas-plant-after-climate-protests/ar-BB1e0fWI?MSCC=1603201729,msn.com,20210225T104500Z,English,United States
BECCS,Bioenergy with carbon capture and storage,Drax scraps plan for Europe largest gas plant after climate protests,https://www.msn.com/en-gb/money/news/drax-scraps-plan-for-yorkshire-gas-plant-after-climate-protests/ar-BB1e0fWI?MSCC=1604350566,msn.com,20210225T101500Z,English,United States
BECCS,Bioenergy with carbon capture and storage,Drax scraps plan for Europe largest gas plant after climate protests,https://www.msn.com/en-gb/money/news/drax-scraps-plan-for-europe-s-largest-gas-plant-after-climate-protests/ar-BB1e0fWI?MSCC=1604527960,msn.com,20210225T101500Z,English,United States
BECCS,Bioenergy with carbon capture and storage,Drax scraps plan for Yorkshire gas plant after climate protests,https://www.msn.com/en-gb/money/news/drax-scraps-plan-for-yorkshire-gas-plant-after-climate-protests/ar-BB1e0fWI,msn.com,20210225T091500Z,English,United States
BECCS,Bioenergy with carbon capture and storage,"Enviva Partners , LP Reports Financial Results for the Fourth Quarter and Full Year of 2020 and Announces Commitment to  Net Zero  | Region",https://www.enidnews.com/region/enviva-partners-lp-reports-financial-results-for-the-fourth-quarter-and-full-year-of-2020/article_0815c9a1-2004-57d5-8b75-8a990e5c9f65.html,enidnews.com,20210225T024500Z,English,United States
BECCS,Bioenergy with carbon capture and storage,A Sponge to Soak Up Carbon Dioxide in the Air,https://scienceblog.com/521221/a-sponge-to-soak-up-carbon-dioxide-in-the-air/,scienceblog.com,20210223T194500Z,English,United States
BECCS,Bioenergy with carbon capture and storage,A sponge to soak up carbon dioxide in the air,https://phys.org/news/2021-02-sponge-carbon-dioxide-air.html,phys.org,20210223T144500Z,English,United States
BECCS,Bioenergy with carbon capture and storage,A Sponge to Soak Up Carbon Dioxide in the Air,https://newscenter.lbl.gov/2021/02/22/a-sponge-to-soak-up-carbon-dioxide-in-the-air/,newscenter.lbl.gov,20210222T191500Z,English,United States
BECCS,Bioenergy with carbon capture and storage,A Sponge to Soak Up Carbon Dioxide in Air,https://www.miragenews.com/a-sponge-to-soak-up-carbon-dioxide-in-517667/,miragenews.com,20210222T153000Z,English,United States
BECCS,Bioenergy with carbon capture and storage,Drax signs agreement to acquire Pinnacle Renewable Energy,http://biomassmagazine.com/articles/17715/drax-signs-agreement-to-acquire-pinnacle-renewable-energy,biomassmagazine.com,20210222T090000Z,English,United States
BECCS,Bioenergy with carbon capture and storage,From Tree Planting to CO2 - Sucking Machines : How Could  Negative Emission Help to Tackle the Climate Crisis ? – Advanced BioFuels united states,https://advancedbiofuelsusa.info/from-tree-planting-to-co2-sucking-machines-how-could-negative-emissions-help-to-tackle-the-climate-crisis/,advancedbiofuelsusa.info,20210217T231500Z,English,United States
BECCS,Bioenergy with carbon capture and storage,Drax to Acquire Pinnacle Renewable Energy – a Major Canada - Based International Supplier of Sustainable Biomass Fuel,https://www.globenewswire.com/news-release/2021/02/08/2171335/0/en/Drax-to-Acquire-Pinnacle-Renewable-Energy-a-Major-Canada-Based-International-Supplier-of-Sustainable-Biomass-Fuel.html,globenewswire.com,20210212T221500Z,English,United States
BECCS,Bioenergy with carbon capture and storage,ArcelorMittal reports fourth quarter 2020 and twelve months 2020 results,https://energy.einnews.com/pr_news/535434800/arcelormittal-reports-fourth-quarter-2020-and-twelve-months-2020-results,energy.einnews.com,20210211T110000Z,English,United States
BECCS,Bioenergy with carbon capture and storage,The push for standing forest protections in US climate policy,https://www.greenbiz.com/article/push-standing-forest-protections-us-climate-policy,greenbiz.com,20210211T101500Z,English,United States
BECCS,Bioenergy with carbon capture and storage,ArcelorMittal reports fourth quarter 2020 and twelve months 2020 results,https://www.marketwatch.com/press-release/arcelormittal-reports-fourth-quarter-2020-and-twelve-months-2020-results-2021-02-11,marketwatch.com,20210211T093000Z,English,United States
BECCS,Bioenergy with carbon capture and storage,Drax signs agreement to acquire Pinnacle Renewable Energy,http://www.biomassmagazine.com/articles/17715/drax-signs-agreement-to-acquire-pinnacle-renewable-energy,biomassmagazine.com,20210209T014500Z,English,United States
BECCS,Bioenergy with carbon capture and storage,Drax to Acquire Pinnacle Renewable Energy – a Major Canada - Based International Supplier of Sustainable Biomass Fuel,https://energy.einnews.com/pr_news/535335534/drax-to-acquire-pinnacle-renewable-energy-a-major-canada-based-international-supplier-of-sustainable-biomass-fuel,energy.einnews.com,20210208T180000Z,English,United States
BECCS,Bioenergy with carbon capture and storage,PX Group  confident  in bid to kick - start Humber blue hydrogen scheme,https://www.upstreamonline.com/energy-transition/px-group-confident-in-bid-to-kick-start-humber-blue-hydrogen-scheme/2-1-958419,upstreamonline.com,20210208T034500Z,English,United States
BECCS,Bioenergy with carbon capture and storage,A net - zero strategy for Biden to lead the U . S . on climate action,https://thehill.com/opinion/energy-environment/544915-a-net-zero-strategy-for-biden-to-lead-the-us-on-climate-action,thehill.com,20210325T190000Z,English,United States
BECCS,Bioenergy with carbon capture and storage,Biomass leaders discuss policy priorities and sustainability,http://www.biomassmagazine.com/articles/17807/biomass-leaders-discuss-policy-priorities-and-sustainability,biomassmagazine.com,20210317T020000Z,English,United States
BECCS,Bioenergy with carbon capture and storage,Biomass leaders discuss policy priorities and sustainability,http://biomassmagazine.com/articles/17807/biomass-leaders-discuss-policy-priorities-and-sustainability,biomassmagazine.com,20210317T004500Z,English,United States
BECCS,Bioenergy with carbon capture and storage,UPDATE 1 - UK Drax considers selling four gas projects,https://www.reuters.com/article/drax-group-gas/update-1-uks-drax-considers-selling-four-gas-projects-idUSL1N2L90Y2,reuters.com,20210311T150000Z,English,United States
BECCS,Bioenergy with carbon capture and storage,Press Release : REFILE - UK Drax considers selling four gas projects,https://www.agriculture.com/markets/newswire/press-release-refile-uks-drax-considers-selling-four-gas-projects,agriculture.com,20210311T121500Z,English,United States
BECCS,Bioenergy with carbon capture and storage,Press Release : united kingdom Drax considers selling four gas projects,https://www.agriculture.com/markets/newswire/press-release-uks-drax-considers-selling-four-gas-projects,agriculture.com,20210311T121500Z,English,United States
BECCS,Bioenergy with carbon capture and storage,"Skeptical Science New Research for Week # 10 , 2021",https://skepticalscience.com/new_research_2021_10.html,skepticalscience.com,20210310T081500Z,English,United States
BECCS,Bioenergy with carbon capture and storage,Limiting water stress risks,https://www.haitisun.com/news/268047112/limiting-water-stress-risks,haitisun.com,20210308T201500Z,English,United States
BECCS,Bioenergy with carbon capture and storage,Limiting water stress risks,https://www.caribbeanherald.com/news/268047112/limiting-water-stress-risks,caribbeanherald.com,20210308T184500Z,English,United States
BECCS,Bioenergy with carbon capture and storage,"Biomass - Sustainable Water Management Key to Scaling up Bioenergy Production - Renewable Energy Magazine , at the heart of clean energy journalism",https://www.renewableenergymagazine.com/biomass/sustainable-water-management-key-to-scaling-up-20210308,renewableenergymagazine.com,20210308T161500Z,English,United States
BECCS,Bioenergy with carbon capture and storage,Irrigation management key for bioenergy production to mitigate climate change,https://phys.org/news/2021-03-irrigation-key-bioenergy-production-mitigate.html,phys.org,20210308T151500Z,English,United States
BECCS,Bioenergy with carbon capture and storage,Carbon - negative crops may mean water shortages for 4 . 5 billion people,https://www.newscientist.com/article/2270227-carbon-negative-crops-may-mean-water-shortages-for-4-5-billion-people/,newscientist.com,20210308T114500Z,English,United States
BECCS,Bioenergy with carbon capture and storage,Irrigation management key for bioenergy production to mitigate climate change,https://www.eurekalert.org/pub_releases/2021-03/pifc-imk030421.php,eurekalert.org,20210308T104500Z,English,United States
BECCS,Bioenergy with carbon capture and storage,Irrigation management key for bioenergy production to mitigate climate change,https://eurekalert.org/pub_releases/2021-03/pifc-imk030421.php,eurekalert.org,20210308T103000Z,English,United States
BECCS,Bioenergy with carbon capture and storage,Drax opens public consultation on BECCS proposals,http://biomassmagazine.com/articles/17775/drax-opens-public-consultation-on-beccs-proposals,biomassmagazine.com,20210303T224500Z,English,United States
BECCS,Bioenergy with carbon capture and storage,How Not To Commit To  Net Zero : 5 Common Carbon Strategy Mistakes,https://www.forbes.com/sites/jessibaker/2021/03/03/how-not-to-commit-to-net-zero-5-common-carbon-strategy-mistakes/,forbes.com,20210303T170000Z,English,United States
BECCS,Bioenergy with carbon capture and storage,Drax opens public consultation on BECCS proposals,http://biomassmagazine.com/articles/17775/drax-opens-public-consultation-on-beccs-proposals/,biomassmagazine.com,20210303T034500Z,English,United States
BECCS,Bioenergy with carbon capture and storage,Drax opens public consultation on BECCS proposals,http://www.biomassmagazine.com/articles/17775/drax-opens-public-consultation-on-beccs-proposals,biomassmagazine.com,20210303T003000Z,English,United States
BECCS,Bioenergy with carbon capture and storage,Geoengineering :  Plan B  for the planet,https://phys.org/news/2021-04-geoengineering-planet.html,phys.org,20210429T163000Z,English,United States
BECCS,Bioenergy with carbon capture and storage,"Enviva Partners Announces 23rd Consecutive Quarterly Distribution Increase , Reports First Quarter 2021 Results , and Reaffirms Full - Year Guidance – IT Business Net",http://cloud.itbusinessnet.com/2021/04/enviva-partners-announces-23rd-consecutive-quarterly-distribution-increase-reports-first-quarter-2021-results-and-reaffirms-full-year-guidance/,cloud.itbusinessnet.com,20210429T044500Z,English,United States
BECCS,Bioenergy with carbon capture and storage,"Enviva Partners Announces 23rd Consecutive Quarterly Distribution Increase , Reports First Quarter 2021 Results , and Reaffirms Full - Year Guidance – IT Business Net",http://business.itbusinessnet.com/2021/04/enviva-partners-announces-23rd-consecutive-quarterly-distribution-increase-reports-first-quarter-2021-results-and-reaffirms-full-year-guidance/,business.itbusinessnet.com,20210429T033000Z,English,United States
BECCS,Bioenergy with carbon capture and storage,"Enviva Partners Announces 23rd Consecutive Quarterly Distribution Increase , Reports First Quarter 2021 Results , and Reaffirms Full - Year Guidance – IT Business Net",http://hardware.itbusinessnet.com/2021/04/enviva-partners-announces-23rd-consecutive-quarterly-distribution-increase-reports-first-quarter-2021-results-and-reaffirms-full-year-guidance/,hardware.itbusinessnet.com,20210429T020000Z,English,United States
BECCS,Bioenergy with carbon capture and storage,"Enviva Partners Announces 23rd Consecutive Quarterly Distribution Increase , Reports First Quarter 2021 Results , and Reaffirms Full - Year Guidance",https://www.businesswire.com/news/home/20210428006166/en/Enviva-Partners-Announces-23rd-Consecutive-Quarterly-Distribution-Increase-Reports-First-Quarter-2021-Results-and-Reaffirms-Full-Year-Guidance,businesswire.com,20210429T020000Z,English,United States
BECCS,Bioenergy with carbon capture and storage,UK Seeks Comments on Role of Biomass in Achieving Net - Zero Goal – Advanced BioFuels united states,https://advancedbiofuelsusa.info/uk-seeks-comments-on-role-of-biomass-in-achieving-net-zero-goal/,advancedbiofuelsusa.info,20210422T033000Z,English,United States
BECCS,Bioenergy with carbon capture and storage,Drax reports progress with its biomass strategy,http://biomassmagazine.com/articles/17918/drax-reports-progress-with-its-biomass-strategy/,biomassmagazine.com,20210422T013000Z,English,United States
BECCS,Bioenergy with carbon capture and storage,Drax reports progress with its biomass strategy,http://www.biomassmagazine.com/articles/17918/drax-reports-progress-with-its-biomass-strategy,biomassmagazine.com,20210422T010000Z,English,United States
BECCS,Bioenergy with carbon capture and storage,Drax reports progress with its biomass strategy,http://biomassmagazine.com/articles/17918/drax-reports-progress-with-its-biomass-strategy,biomassmagazine.com,20210421T221500Z,English,United States
BECCS,Bioenergy with carbon capture and storage,UK seeks comments on role of biomass in achieving net - zero goal,http://www.biomassmagazine.com/articles/17913/uk-seeks-comments-on-role-of-biomass-in-achieving-net-zero-goal,biomassmagazine.com,20210421T013000Z,English,United States
BECCS,Bioenergy with carbon capture and storage,UK seeks comments on role of biomass in achieving net - zero goal,http://biomassmagazine.com/articles/17913/uk-seeks-comments-on-role-of-biomass-in-achieving-net-zero-goal,biomassmagazine.com,20210421T003000Z,English,United States
BECCS,Bioenergy with carbon capture and storage,The Greenwashing Files : Fossil fuel giants accused of  deceptive  advertising,https://www.nationofchange.org/2021/04/20/the-greenwashing-files-fossil-fuel-giants-accused-of-deceptive-advertising/,nationofchange.org,20210420T221500Z,English,United States
BECCS,Bioenergy with carbon capture and storage,Drax : BECCS offers less expensive way to meet united kingdom climate goals,http://biomassmagazine.com/articles/17869/drax-beccs-offers-less-expensive-way-to-meet-uk-climate-goals,biomassmagazine.com,20210420T113000Z,English,United States
BECCS,Bioenergy with carbon capture and storage,Medical Xpress - Harvard School of Public Health (... continued page 6 ),https://medicalxpress.com/partners/harvard-school-of-public-health/sort/rank/all/page6.html,medicalxpress.com,20210419T123000Z,English,United States
BECCS,Bioenergy with carbon capture and storage,"Climate change , global warming , natural disasters , geoengineering , mitigation",http://www.homelandsecuritynewswire.com/dr20210415-the-right-carbon-price-path-makes-excessive-co2-removal-unnecessary,homelandsecuritynewswire.com,20210415T204500Z,English,United States
BECCS,Bioenergy with carbon capture and storage,"With the right price path , there is no need for excessive carbon dioxide removal",https://phys.org/news/2021-04-price-path-excessive-carbon-dioxide.html,phys.org,20210415T133000Z,English,United States
BECCS,Bioenergy with carbon capture and storage,Drax acquires Pinnacle Renewable Energy Inc .,https://www.energyglobal.com/bioenergy/15042021/drax-acquires-pinnacle-renewable-energy-inc/,energyglobal.com,20210415T124500Z,English,United States
BECCS,Bioenergy with carbon capture and storage,With the right carbon price path there is no need for excessive CO2 removal,https://www.eurekalert.org/pub_releases/2021-04/pifc-wtr041421.php,eurekalert.org,20210415T121500Z,English,United States
BECCS,Bioenergy with carbon capture and storage,"Climate change , global warming , natural disasters , bioenergy , storage",http://www.homelandsecuritynewswire.com/dr20210414-negative-emissions-positive-economy,homelandsecuritynewswire.com,20210414T231500Z,English,United States
BECCS,Bioenergy with carbon capture and storage,"Negative emissions , positive economy",https://phys.org/news/2021-04-negative-emissions-positive-economy.html,phys.org,20210414T154500Z,English,United States
BECCS,Bioenergy with carbon capture and storage,Bioenergy with carbon capture could help stabilize climate without breaking the bank,https://scienceblog.com/522273/bioenergy-with-carbon-capture-could-help-stabilize-climate-without-breaking-the-bank/,scienceblog.com,20210414T151500Z,English,United States
BECCS,Bioenergy with carbon capture and storage,"Negative emissions , positive economy",https://news.mit.edu/2021/negative-emissions-positive-economy-0413,news.mit.edu,20210413T223000Z,English,United States
BECCS,Bioenergy with carbon capture and storage,Drax Completes Acquisition of Pinnacle Renewable Energy Inc,https://www.globenewswire.com/news-release/2021/04/13/2209296/0/en/Drax-Completes-Acquisition-of-Pinnacle-Renewable-Energy-Inc.html,globenewswire.com,20210413T184500Z,English,United States
BECCS,Bioenergy with carbon capture and storage,Drax Completes Acquisition of Pinnacle Renewable Energy Inc,https://energy.einnews.com/pr_news/538533380/drax-completes-acquisition-of-pinnacle-renewable-energy-inc,energy.einnews.com,20210413T170000Z,English,United States
BECCS,Bioenergy with carbon capture and storage,Drax Completes Acquisition of Pinnacle Renewable Energy Inc - Press Release,http://www.digitaljournal.com/pr/5036887,digitaljournal.com,20210413T143000Z,English,United States
BECCS,Bioenergy with carbon capture and storage,Drax : BECCS offers less expensive way to meet united kingdom climate goals,http://biomassmagazine.com/articles/17869/drax-beccs-offers-less-expensive-way-to-meet-uk-climate-goals/,biomassmagazine.com,20210413T053000Z,English,United States
BECCS,Bioenergy with carbon capture and storage,Drax : BECCS offers less expensive way to meet united kingdom climate goals,http://www.biomassmagazine.com/articles/17869/drax-beccs-offers-less-expensive-way-to-meet-uk-climate-goals,biomassmagazine.com,20210413T001500Z,English,United States
BECCS,Bioenergy with carbon capture and storage,Drax Group deploys Solace to improve its IT infrastructure,http://biomassmagazine.com/articles/17866/drax-group-deploys-solace-to-improve-its-it-infrastructure/,biomassmagazine.com,20210409T204500Z,English,United States
BECCS,Bioenergy with carbon capture and storage,Drax Group deploys Solace to improve its IT infrastructure,http://www.biomassmagazine.com/articles/17866/drax-group-deploys-solace-to-improve-its-it-infrastructure,biomassmagazine.com,20210409T194500Z,English,United States
BECCS,Bioenergy with carbon capture and storage,Earth Day Series Day 9 : Biomass and Carbon Sequestration – Advanced BioFuels united states,https://advancedbiofuelsusa.info/earth-day-series-day-9-biomass-and-carbon-sequestration/,advancedbiofuelsusa.info,20210409T050000Z,English,United States
BECCS,Bioenergy with carbon capture and storage,UK 2050 Net - Zero Carbon Goals Mean Deeper Investments in Renewable Energy Sources and Increased Competition,https://www.businessinsider.com/uk-2050-net-zero-carbon-goals-investment-renewable-energy-sources-increased-competition-2021-4,businessinsider.com,20210408T200000Z,English,United States
BECCS,Bioenergy with carbon capture and storage,Drax Group deploys Solace to improve its IT infrastructure,https://www.tmcnet.com/usubmit/2021/04/08/9341783.htm,tmcnet.com,20210408T090000Z,English,United States
BECCS,Bioenergy with carbon capture and storage,Drax Group deploys Solace to improve its IT infrastructure,https://www.prnewswire.com/news-releases/drax-group-deploys-solace-to-improve-its-it-infrastructure-301264725.html,prnewswire.com,20210408T083000Z,English,United States
BECCS,Bioenergy with carbon capture and storage,Drax Group deploys Solace to improve its IT infrastructure,https://www.prnewswire.com:443/news-releases/drax-group-deploys-solace-to-improve-its-it-infrastructure-301264725.html,prnewswire.com,20210408T083000Z,English,United States
BECCS,Bioenergy with carbon capture and storage,Drax Group deploys Solace to improve its IT infrastructure,https://www.tmcnet.com/usubmit/-drax-group-deploys-solace-improve-its-it-infrastructure-/2021/04/08/9341783.htm,tmcnet.com,20210408T083000Z,English,United States
BECCS,Bioenergy with carbon capture and storage,"CEO of Drax Shares How the Company , Formerly 100 % Reliant on Coal , Reduced Its Carbon Emissions by 85 %",https://www.businessinsider.com/ceo-of-drax-shares-how-the-company-reduced-its-carbon-emissions-by-85-percent-2021-4,businessinsider.com,20210405T150000Z,English,United States
BECCS,Bioenergy with carbon capture and storage,Report discusses role of BECCS in reaching net zero goal,http://www.biomassmagazine.com/articles/18036/report-discusses-role-of-beccs-in-reaching-net-zero-goal,biomassmagazine.com,20210527T221500Z,English,United States
BECCS,Bioenergy with carbon capture and storage,Report discusses role of BECCS in reaching net zero goal,http://biomassmagazine.com/articles/18036/report-discusses-role-of-beccs-in-reaching-net-zero-goal,biomassmagazine.com,20210527T220000Z,English,United States
BECCS,Bioenergy with carbon capture and storage,Report discusses role of BECCS in reaching net zero goal,http://biomassmagazine.com/articles/18036/report-discusses-role-of-beccs-in-reaching-net-zero-goal/,biomassmagazine.com,20210527T201500Z,English,United States
BECCS,Bioenergy with carbon capture and storage,IDTechEx : Can direct air capture really help to fight climate change ?,https://www.hydrocarbonengineering.com/the-environment/27052021/idtechex-can-direct-air-capture-really-help-to-fight-climate-change/,hydrocarbonengineering.com,20210527T104500Z,English,United States
BECCS,Bioenergy with carbon capture and storage,IDTechEx Discuss If Direct Air Capture Can Really Help in the Fight Against Climate Change,https://www.prnewswire.com:443/news-releases/idtechex-discuss-if-direct-air-capture-can-really-help-in-the-fight-against-climate-change-301300030.html,prnewswire.com,20210526T151500Z,English,United States
BECCS,Bioenergy with carbon capture and storage,Carbon removal can and must be part of the climate justice agenda,https://thehill.com/opinion/energy-environment/555267-carbon-removal-can-and-must-be-part-of-the-climate-justice-agenda,thehill.com,20210525T190000Z,English,United States
BECCS,Bioenergy with carbon capture and storage,Carbon removal can and must be part of the climate justice agenda,https://www.msn.com/en-us/news/politics/carbon-removal-can-and-must-be-part-of-the-climate-justice-agenda/ar-AAKmTsG,msn.com,20210525T170000Z,English,United States
BECCS,Bioenergy with carbon capture and storage,Net - Zero Emissions : Winning Strategy or Destined for Failure ?,https://e360.yale.edu/features/net-zero-emissions-winning-strategy-or-destined-for-failure,e360.yale.edu,20210525T094500Z,English,United States
BECCS,Bioenergy with carbon capture and storage,Peel NRE and BIG secure funding for Ince Bioenergy Carbon Capture and Storage project,https://www.energyglobal.com/special-reports/25052021/peel-nre-and-big-secure-funding-for-ince-bioenergy-carbon-capture-and-storage-project/,energyglobal.com,20210525T091500Z,English,United States
BECCS,Bioenergy with carbon capture and storage,Are plans for a carbon - negative power plant too costly to be worth it ?,https://www.newscientist.com/article/2278434-are-plans-for-a-carbon-negative-power-plant-too-costly-to-be-worth-it/,newscientist.com,20210525T001500Z,English,United States
BECCS,Bioenergy with carbon capture and storage,England Trees Action Plan omits bioenergy | Biomassmagazine . com,http://biomassmagazine.com/articles/18018/england-trees-action-plan-omits-bioenergy,biomassmagazine.com,20210522T013000Z,English,United States
BECCS,Bioenergy with carbon capture and storage,England Trees Action Plan omits bioenergy | Biomassmagazine . com,http://www.biomassmagazine.com/articles/18018/england-trees-action-plan-omits-bioenergy,biomassmagazine.com,20210521T211500Z,English,United States
BECCS,Bioenergy with carbon capture and storage,"Biomass - Drax to Kickstart Development of  Arkansas Pellet Plants - Renewable Energy Magazine , at the heart of clean energy journalism",https://www.renewableenergymagazine.com/biomass/drax-to-kickstart-development-of-arkansas-pellet-20210517,renewableenergymagazine.com,20210517T173000Z,English,United States
BECCS,Bioenergy with carbon capture and storage,Carbon180 Unveils Carbon Removal Policy Roadmap for 2021,https://www.globenewswire.com/en/news-release/2021/05/13/2228898/0/en/Carbon180-Unveils-Carbon-Removal-Policy-Roadmap-for-2021-and-Beyond.html,globenewswire.com,20210517T023000Z,English,United States
BECCS,Bioenergy with carbon capture and storage,Carbon180 Unveils Carbon Removal Policy Roadmap for 2021,https://www.globenewswire.com/news-release/2021/05/13/2228898/0/en/Carbon180-Unveils-Carbon-Removal-Policy-Roadmap-for-2021-and-Beyond.html,globenewswire.com,20210513T201500Z,English,United States
BECCS,Bioenergy with carbon capture and storage,Environmental News For The Week Ending 09 May 2019,http://econintersect.com/pages/contributors/contributor.php?post=202105112359,econintersect.com,20210512T054500Z,English,United States
BECCS,Bioenergy with carbon capture and storage,Biomass Firm Invests $40M to Build 3 Wood Pellet Plants,https://www.powderbulksolids.com/wood-paper-products/biomass-firm-invests-40m-build-3-wood-pellet-plants,powderbulksolids.com,20210511T180000Z,English,United States
BECCS,Bioenergy with carbon capture and storage,Drax Energy to invest $40M to construct three pellet plants,https://www.woodworkingnetwork.com/news/woodworking-industry-news/drax-energy-invest-40m-construct-three-pellet-plants,woodworkingnetwork.com,20210511T033000Z,English,United States
BECCS,Bioenergy with carbon capture and storage,"Drax Group Plans Leola , Arkansas , Biomass Pellet Manufacturing Plant",https://www.areadevelopment.com/newsitems/5-10-2021/drax-group-leola-arkansas.shtml,areadevelopment.com,20210510T174500Z,English,United States
BECCS,Bioenergy with carbon capture and storage,Drax to construct pellet plants in Arkansas,https://www.energyglobal.com/bioenergy/10052021/drax-to-construct-pellet-plants-in-arkansas/,energyglobal.com,20210510T143000Z,English,United States
BECCS,Bioenergy with carbon capture and storage,Drax to kickstart development of 3 Arkansas pellet plants,http://www.biomassmagazine.com/articles/17978/drax-to-kickstart-development-of-3-arkansas-pellet-plants,biomassmagazine.com,20210507T013000Z,English,United States
BECCS,Bioenergy with carbon capture and storage,"Drax Group will build three wood pellet plants in state , with first in Leola",http://www.magnoliareporter.com/news_and_business/local_business/article_757690e4-aea8-11eb-ba21-bb6195ea1ba0.html,magnoliareporter.com,20210506T234500Z,English,United States
BECCS,Bioenergy with carbon capture and storage,Drax to kickstart development of 3 Arkansas pellet plants,http://biomassmagazine.com/articles/17978/drax-to-kickstart-development-of-3-arkansas-pellet-plants,biomassmagazine.com,20210506T223000Z,English,United States
BECCS,Bioenergy with carbon capture and storage,Renewable Energy Company To Invest $40 Million To Build Three Arkansas Plants,https://www.ualrpublicradio.org/post/renewable-energy-company-invest-40-million-build-three-arkansas-plants,ualrpublicradio.org,20210506T213000Z,English,United States
BECCS,Bioenergy with carbon capture and storage,"Drax Group to Invest $40M in 3 New Plants , Create 30 Jobs",https://www.arkansasbusiness.com/article/135747/drax-group-to-invest-40m-in-three-new-plants-create-30-jobs,arkansasbusiness.com,20210506T170000Z,English,United States
BECCS,Bioenergy with carbon capture and storage,Climate action potential in waste incineration plants,https://www.newswise.com/articles/climate-action-potential-in-waste-incineration-plants,newswise.com,20210505T020000Z,English,United States
BECCS,Bioenergy with carbon capture and storage,Environmental News Network - Climate Action Potential In Waste Incineration Plants,https://www.enn.com/articles/67738-climate-action-potential-in-waste-incineration-plants,enn.com,20210504T191500Z,English,United States
BECCS,Bioenergy with carbon capture and storage,Climate action potential in waste incineration plants,https://phys.org/news/2021-05-climate-action-potential-incineration.html,phys.org,20210504T120000Z,English,United States
BECCS,Bioenergy with carbon capture and storage,Climate action potential in waste incineration plants,https://www.eurekalert.org/pub_releases/2021-05/ez-ca050321.php,eurekalert.org,20210504T043000Z,English,United States
BECCS,Bioenergy with carbon capture and storage,Drax Group deploys Solace to improve its IT infrastructure,http://biomassmagazine.com/articles/17866/drax-group-deploys-solace-to-improve-its-it-infrastructure,biomassmagazine.com,20210503T070000Z,English,United States
BECCS,Bioenergy with carbon capture and storage,Bechtel announces partnership for constructing more energy efficient data centers,https://www.utilitydive.com/news/bechtel-announces-partnership-for-constructing-more-energy-efficient-data-c/602529/,utilitydive.com,20210629T141500Z,English,United States
BECCS,Bioenergy with carbon capture and storage,Bechtel announces partnership for constructing more efficient data centers,https://www.constructiondive.com/news/bechtel-announces-partnership-for-constructing-more-efficient-data-centers/601845/,constructiondive.com,20210623T184500Z,English,United States
BECCS,Bioenergy with carbon capture and storage,CCUS : Big Opportunity and Hard Questions,https://www.powermag.com/ccus-big-opportunity-and-hard-questions/,powermag.com,20210622T220000Z,English,United States
BECCS,Bioenergy with carbon capture and storage,"Bioenergy : How Sustainable , How Needed ? – Advanced BioFuels united states",https://advancedbiofuelsusa.info/bioenergy-how-sustainable-how-needed/,advancedbiofuelsusa.info,20210622T154500Z,English,United States
BECCS,Bioenergy with carbon capture and storage,Phoenix BioPower explores next generation BECCS for Drax,http://www.biomassmagazine.com/articles/18089/phoenix-biopower-explores-next-generation-beccs-for-drax,biomassmagazine.com,20210622T013000Z,English,United States
BECCS,Bioenergy with carbon capture and storage,Phoenix BioPower explores next generation BECCS for Drax,http://biomassmagazine.com/articles/18089/phoenix-biopower-explores-next-generation-beccs-for-drax,biomassmagazine.com,20210622T004500Z,English,United States
BECCS,Bioenergy with carbon capture and storage,"Bioenergy : how sustainable , how needed ? : Biofuels Digest",https://www.biofuelsdigest.com/bdigest/2021/06/21/bioenergy-how-sustainable-how-needed/,biofuelsdigest.com,20210621T234500Z,English,United States
BECCS,Bioenergy with carbon capture and storage,Bechtel and Drax partner on bioenergy with carbon - capture projects - Chemical Engineering,https://chemengonline.com/bechtel-and-drax-partner-on-bioenergy-with-carbon-capture-projects/,chemengonline.com,20210616T110000Z,English,United States
BECCS,Bioenergy with carbon capture and storage,FS Innovates with First BECCS ( Bioenergy with Carbon Capture and Storage ) Project in South America – Advanced BioFuels united states,https://advancedbiofuelsusa.info/fs-innovates-with-first-beccs-bioenergy-with-carbon-capture-and-storage-project-in-south-america/,advancedbiofuelsusa.info,20210615T171500Z,English,United States
BECCS,Bioenergy with carbon capture and storage,FS to implement BECCS to become world first negative carbon biorefinery : Biofuels Digest,https://www.biofuelsdigest.com/bdigest/2021/06/14/fs-to-implement-beccs-to-become-worlds-first-negative-carbon-biorefinery/,biofuelsdigest.com,20210615T024500Z,English,United States
BECCS,Bioenergy with carbon capture and storage,FS innovates with first BECCS carbon storage project | Biofuels International Magazine,https://biofuels-news.com/news/fs-innovates-with-first-beccs-carbon-storage-project/,biofuels-news.com,20210614T160000Z,English,United States
BECCS,Bioenergy with carbon capture and storage,FS Innovates With First BECCS ( Bioenergy With Carbon Capture And Storage ) Project In South America,https://www.pollutiononline.com/doc/fs-innovates-with-first-beccs-bioenergy-with-carbon-capture-and-storage-project-in-south-america-0001,pollutiononline.com,20210614T123000Z,English,United States
BECCS,Bioenergy with carbon capture and storage,FS innovates with first BECCS ( Bioenergy with Carbon Capture and Storage ) project in South America,https://www.prnewswire.com/news-releases/fs-innovates-with-first-beccs-bioenergy-with-carbon-capture-and-storage-project-in-south-america-301310511.html,prnewswire.com,20210611T154500Z,English,United States
BECCS,Bioenergy with carbon capture and storage,FS innovates with first BECCS ( Bioenergy with Carbon Capture and Storage ) project in South America,https://www.tmcnet.com/usubmit/2021/06/11/9388916.htm,tmcnet.com,20210611T134500Z,English,United States
BECCS,Bioenergy with carbon capture and storage,FS innovates with first BECCS ( Bioenergy with Carbon Capture and Storage ) project in South America,https://www.prnewswire.com:443/news-releases/fs-innovates-with-first-beccs-bioenergy-with-carbon-capture-and-storage-project-in-south-america-301310511.html,prnewswire.com,20210611T133000Z,English,United States
BECCS,Bioenergy with carbon capture and storage,FS innovates with first BECCS ( Bioenergy with Carbon Capture and Storage ) project in South America,https://www.tmcnet.com/usubmit/-fs-innovates-with-first-beccs-bioenergy-with-carbon-/2021/06/11/9388916.htm,tmcnet.com,20210611T133000Z,English,United States
BECCS,Bioenergy with carbon capture and storage,Why We Shouldnt Buy Into the Idea of Engineering Our Way Out of the Climate Crisis,https://www.onegreenplanet.org/environment/why-we-shouldnt-buy-into-the-idea-of-engineering-our-way-out-of-the-climate-crisis/,onegreenplanet.org,20210610T170000Z,English,United States
BECCS,Bioenergy with carbon capture and storage,Drax and Mitsubishi sign pioneering CCUS power project deal,https://www.gasworld.com/drax-and-mitsubishi-sign-pioneering-ccus-power-project-deal/2021046.article,gasworld.com,20210610T130000Z,English,United States
BECCS,Bioenergy with carbon capture and storage,UK Drax signs deal with Mitsubishi for negative - emissions capture technology,https://www.reuters.com/business/sustainable-business/uks-drax-signs-deal-with-mitsubishi-negative-emissions-capture-technology-2021-06-09/,reuters.com,20210610T000000Z,English,United States
BECCS,Bioenergy with carbon capture and storage,Bechtel and Drax partner on bioenergy with carbon - capture projects - Chemical Engineering,https://www.chemengonline.com/bechtel-and-drax-partner-on-bioenergy-with-carbon-capture-projects/,chemengonline.com,20210608T220000Z,English,United States
BECCS,Bioenergy with carbon capture and storage,"As A Proven And Flexible Technology , Carbon Capture Can Help Enable Net Zero – If We Support It",https://www.forbes.com/sites/mitsubishiheavyindustries/2021/06/08/as-a-proven-and-flexible-technology-carbon-capture-can-help-enable-net-zero--if-we-support-it/,forbes.com,20210608T181500Z,English,United States
BECCS,Bioenergy with carbon capture and storage,Bank of England ( via Public ) / Key elements of the 2021 Biennial Exploratory Scenario : Financial risks from climate change,http://www.publicnow.com/view/3EF93D82E2356070EEDCFF3BECFBC36AD03C9D98,publicnow.com,20210608T090000Z,English,United States
BECCS,Bioenergy with carbon capture and storage,"Bechtel , Drax partner to explore opportunities for BECCS",http://www.biomassmagazine.com/articles/18055/bechtel-drax-partner-to-explore-opportunities-for-beccs,biomassmagazine.com,20210608T023000Z,English,United States
BECCS,Bioenergy with carbon capture and storage,"Bechtel , Drax partner to explore opportunities for BECCS",http://biomassmagazine.com/articles/18055/bechtel-drax-partner-to-explore-opportunities-for-beccs,biomassmagazine.com,20210608T021500Z,English,United States
BECCS,Bioenergy with carbon capture and storage,Bechtel working with Drax to build biomass plants with carbon capture & storage,http://humanitariannews.org/20210607/bechtel-working-drax-build-biomass-plants-carbon-capture-storage,humanitariannews.org,20210607T154500Z,English,United States
BECCS,Bioenergy with carbon capture and storage,"Drax , Bechtel team up to look into new bioenergy / carbon capture plants",https://www.reuters.com/business/sustainable-business/drax-bechtel-team-up-look-into-new-bioenergycarbon-capture-plants-2021-06-04/,reuters.com,20210604T153000Z,English,United States
BECCS,Bioenergy with carbon capture and storage,Bechtel and Drax partner to explore global opportunities for new build Bioenergy with Carbon Capture and Storage ( BECCS ),https://www.tmcnet.com/usubmit/2021/06/04/9384296.htm,tmcnet.com,20210604T144500Z,English,United States
BECCS,Bioenergy with carbon capture and storage,Bechtel and Drax partner to explore global opportunities for new build Bioenergy with Carbon Capture and Storage ( BECCS ),https://www.prnewswire.com/news-releases/bechtel-and-drax-partner-to-explore-global-opportunities-for-new-build-bioenergy-with-carbon-capture-and-storage-beccs-301306059.html,prnewswire.com,20210604T144500Z,English,United States
BECCS,Bioenergy with carbon capture and storage,Bechtel and Drax partner to explore global opportunities for new build Bioenergy with Carbon Capture and Storage ( BECCS ),https://www.prnewswire.com:443/news-releases/bechtel-and-drax-partner-to-explore-global-opportunities-for-new-build-bioenergy-with-carbon-capture-and-storage-beccs-301306059.html,prnewswire.com,20210604T143000Z,English,United States
BECCS,Bioenergy with carbon capture and storage,Carbon Removal and the Dangers of Extractivism – Advanced BioFuels united states,https://advancedbiofuelsusa.info/carbon-removal-and-the-dangers-of-extractivism/,advancedbiofuelsusa.info,20210603T003000Z,English,United States
BECCS,Bioenergy with carbon capture and storage,Nasdaq buys big stake in carbon removal marketplace,https://www.greenbiz.com/article/nasdaq-buys-big-stake-carbon-removal-marketplace,greenbiz.com,20210602T093000Z,English,United States
BECCS,Bioenergy with carbon capture and storage,Drax reduces carbon emission by more than 90 % | Biomassmagazine . com,http://www.biomassmagazine.com/articles/18201/drax-reduces-carbon-emission-by-more-than-90,biomassmagazine.com,20210730T001500Z,English,United States
BECCS,Bioenergy with carbon capture and storage,"Enviva Partners Announces 24th Consecutive Quarterly Distribution Increase , Reports Second - Quarter 2021 Results , and Reaffirms Guidance",https://www.businesswire.com/news/home/20210728006074/en/Enviva-Partners-Announces-24th-Consecutive-Quarterly-Distribution-Increase-Reports-Second-Quarter-2021-Results-and-Reaffirms-Guidance,businesswire.com,20210729T181500Z,English,United States
BECCS,Bioenergy with carbon capture and storage,"Enviva Partners Announces 24th Consecutive Quarterly Distribution Increase , Reports Second - Quarter 2021 Results , and Reaffirms Guidance",https://www.galvnews.com/news_ap/business/article_4d7c0257-2f7a-59e8-bbbc-5a0d3605aeb5.html,galvnews.com,20210728T234500Z,English,United States
BECCS,Bioenergy with carbon capture and storage,This Bioenergy Plant Will Convert CO₂ Emissions Into Sustainable Fish Food [ Infographic ],https://www.forbes.com/sites/mitsubishiheavyindustries/2021/07/28/this-bioenergy-plant-will-convert-co-emissions-into-sustainable-fish-food-infographic/,forbes.com,20210728T143000Z,English,United States
BECCS,Bioenergy with carbon capture and storage,Five Strategies To Make The Transition To Net Zero Today,https://www.forbes.com/sites/forbesbusinesscouncil/2021/07/26/five-strategies-to-make-the-transition-to-net-zero-today/,forbes.com,20210726T113000Z,English,United States
BECCS,Bioenergy with carbon capture and storage,Half of the IPCC Scenarios to Limit Warming Dont Work,https://eos.org/articles/half-of-the-ipcc-scenarios-to-limit-warming-dont-work,eos.org,20210725T054500Z,English,United States
BECCS,Bioenergy with carbon capture and storage,FS to Develop BECCS Project at Brazilian Biorefinery – Advanced BioFuels united states,https://advancedbiofuelsusa.info/fs-to-develop-beccs-project-at-brazilian-biorefinery/,advancedbiofuelsusa.info,20210713T234500Z,English,United States
BECCS,Bioenergy with carbon capture and storage,National Grid says united kingdom could need 13GW of energy storage by 2030 to enable net zero future,https://www.energy-storage.news/news/national-grid-says-uk-could-need-13gw-of-energy-storage-by-2030-to-enable-n,energy-storage.news,20210713T081500Z,English,United States
BECCS,Bioenergy with carbon capture and storage,IRENA : Innovation needed to drive the energy transition,https://www.energyglobal.com/special-reports/12072021/irena-innovation-needed-to-drive-the-energy-transition/,energyglobal.com,20210712T150000Z,English,United States
BECCS,Bioenergy with carbon capture and storage,"Brazilian ethanol , DDG producer aiming to be carbon negative",https://www.feednavigator.com/Article/2021/07/09/Brazilian-ethanol-DDG-producer-aiming-to-be-carbon-negative,feednavigator.com,20210709T134500Z,English,United States
BECCS,Bioenergy with carbon capture and storage,Ethanol Producer Magazine – The Latest News and Data About Ethanol Production,http://www.ethanolproducer.com/articles/18401/fs-to-develop-beccs-project-at-brazilian-biorefinery,ethanolproducer.com,20210708T224500Z,English,United States
BECCS,Bioenergy with carbon capture and storage,Ethanol Producer Magazine – The Latest News and Data About Ethanol Production,http://ethanolproducer.com/articles/18401/fs-to-develop-beccs-project-at-brazilian-biorefinery,ethanolproducer.com,20210708T204500Z,English,United States
BECCS,Bioenergy with carbon capture and storage,The rush to get rid of carbon is becoming a dangerous focus,https://www.wiredprnews.com/the-rush-to-get-rid-of-carbon-is-becoming-a-dangerous-focus/,wiredprnews.com,20210708T141500Z,English,United States
BECCS,Bioenergy with carbon capture and storage,Delivering on renewable energy with sustainably sourced biomass,https://www.worldfinance.com/strategy/delivering-on-renewable-energy-with-sustainably-sourced-biomass,worldfinance.com,20210707T043000Z,English,United States
BECCS,Bioenergy with carbon capture and storage,Carbon capture is a no - brainer solution for companies facing net - zero policy goals : Biofuels Digest,https://www.biofuelsdigest.com/bdigest/2021/07/06/carbon-capture-is-a-no-brainer-solution-for-companies-facing-net-zero-policy-goals/,biofuelsdigest.com,20210707T020000Z,English,United States
BECCS,Bioenergy with carbon capture and storage,Environmental News Network - Global BECCS Potential Is Largely Constrained by Sustainable Irrigation,https://www.enn.com/articles/68177-global-beccs-potential-is-largely-constrained-by-sustainable-irrigation,enn.com,20210705T183000Z,English,United States
BECCS,Bioenergy with carbon capture and storage,Global BECCS potential is largely constrained by sustainable irrigation,https://www.eurekalert.org/pub_releases/2021-07/nife-gbp070121.php,eurekalert.org,20210705T160000Z,English,United States
BECCS,Bioenergy with carbon capture and storage,Global BECCS potential is largely constrained by sustainable irrigation,https://phys.org/news/2021-07-global-beccs-potential-largely-constrained.html,phys.org,20210705T154500Z,English,United States
BECCS,Bioenergy with carbon capture and storage,Drax Group plc ( via Public ) / Powering a greener 2022 : Happy New Year from Drax,http://www.publicnow.com/view/DF5A8387B7B3136C67E0759DADD5B6C68F1FDFAB,publicnow.com,20211230T123000Z,English,United States
BECCS,Bioenergy with carbon capture and storage,Inegalitarian growth or just degrowth : the IPCC has opened the debate - International Viewpoint,https://internationalviewpoint.org/spip.php?article7451,internationalviewpoint.org,20211227T113000Z,English,United States
BECCS,Bioenergy with carbon capture and storage,Drax to invest £40M in next stage of BECCS project,http://www.biomassmagazine.com/articles/18574/drax-to-invest-l40m-in-next-stage-of-beccs-project,biomassmagazine.com,20211221T233000Z,English,United States
BECCS,Bioenergy with carbon capture and storage,Drax Group plc ( via Public ) / Riverbend Elementary School awarded Drax  Classroom of the Month,http://www.publicnow.com/view/58D7525BA667CB1E142D158675166AA7F750227E,publicnow.com,20211216T184500Z,English,United States
BECCS,Bioenergy with carbon capture and storage,"Biomass - Drax to Invest £40M in Next Stage of Carbon Capture Project - Renewable Energy Magazine , at the heart of clean energy journalism",https://www.renewableenergymagazine.com/biomass/drax-to-invest-40m-in-next-stage-20211216,renewableenergymagazine.com,20211216T160000Z,English,United States
BECCS,Bioenergy with carbon capture and storage,Carbon Capture : The Vacuum the Climate May Depend On,https://www.washingtonpost.com/business/energy/carbon-capture-the-vacuum-the-climate-may-depend-on/2021/12/16/ade76634-5e65-11ec-b1ef-cb78be717f0e_story.html,washingtonpost.com,20211216T153000Z,English,United States
BECCS,Bioenergy with carbon capture and storage,Drax Group plc ( via Public ) / Drax to invest £40M in next stage of the world largest carbon capture project,http://www.publicnow.com/view/EBA6D066DA7FE3DAD0B729E8AB2C97DB4DE5AF74,publicnow.com,20211215T080000Z,English,United States
BECCS,Bioenergy with carbon capture and storage,Drax Group plc ( via Public ) / Primary School students learn about renewable energy,http://www.publicnow.com/view/CF321CEF43CC0BA33E98A186CCC9C869630681B9,publicnow.com,20211213T131500Z,English,United States
BECCS,Bioenergy with carbon capture and storage,Global cooling induced by biophysical effects of bioenergy crop cultivation,https://www.nature.com/articles/s41467-021-27520-0,nature.com,20211213T123000Z,English,United States
BECCS,Bioenergy with carbon capture and storage,Climate Vault Launches Request for Proposal ( RFP ) to Support Carbon Dioxide Removal Technologies,https://www.businesswire.com/news/home/20211201005673/en/Climate-Vault-Launches-Request-for-Proposal-RFP-to-Support-Carbon-Dioxide-Removal-Technologies,businesswire.com,20211207T130000Z,English,United States
BECCS,Bioenergy with carbon capture and storage,Carbon Capture : The Vacuum the Climate May Depend On - Governor Wind Energy Coalition,https://governorswindenergycoalition.org/carbon-capture-the-vacuum-the-climate-may-depend-on/,governorswindenergycoalition.org,20211206T051500Z,English,United States
BECCS,Bioenergy with carbon capture and storage,The cognitive dissidence of climate policy,https://energycentral.com/c/ec/cognitive-dissidence-climate-policy,energycentral.com,20211202T234500Z,English,United States
BECCS,Bioenergy with carbon capture and storage,"Biomass - Drax Pushing to Increase Biomass Use - Renewable Energy Magazine , at the heart of clean energy journalism",https://www.renewableenergymagazine.com/biomass/drax-pusing-to-increase-biomass-use-20211202,renewableenergymagazine.com,20211202T170000Z,English,United States
BECCS,Bioenergy with carbon capture and storage,Japan MHI to provide CO2 capture system for Hiroshima biomass plant | News,https://www.gasworld.com/japans-mhi-to-provide-co2-capture-system-for-hiroshima-biomass-plant/2022291.article,gasworld.com,20211202T144500Z,English,United States
BECCS,Bioenergy with carbon capture and storage,Carbon Capture : The Vacuum the Climate May Depend On,https://www.washingtonpost.com/business/energy/carbon-capture-the-vacuum-the-climate-may-depend-on/2021/12/02/78992aae-5360-11ec-83d2-d9dab0e23b7e_story.html,washingtonpost.com,20211202T123000Z,English,United States
BECCS,Bioenergy with carbon capture and storage,Argus Media Limited ( via Public ) / Japan MHI to fit CO2 capture unit at biomass plant,http://www.publicnow.com/view/51B3203AC7090EDE6C3582C05AA4D03E5D54F58C,publicnow.com,20211202T040000Z,English,United States
BECCS,Bioenergy with carbon capture and storage,Climate Vault Launches Request for Proposal ( RFP ) to Support Carbon Dioxide Removal Technologies,https://www.bakersfield.com/ap/news/climate-vault-launches-request-for-proposal-rfp-to-support-carbon-dioxide-removal-technologies/article_da81775f-9449-5c95-9198-000849e165bb.html,bakersfield.com,20211202T024500Z,English,United States
BECCS,Bioenergy with carbon capture and storage,Climate Vault Launches Request for Proposal ( RFP ) to Support Carbon Dioxide Removal Technologies,https://www.wsiltv.com/news/illinois/climate-vault-launches-request-for-proposal-rfp-to-support-carbon-dioxide-removal-technologies/article_77dda86a-9c13-5051-8f78-053d92cc738c.html,wsiltv.com,20211201T183000Z,English,United States
BECCS,Bioenergy with carbon capture and storage,Climate Vault Launches Request for Proposal ( RFP ) to Support Carbon Dioxide Removal Technologies,https://www.valdostadailytimes.com/news/business/climate-vault-launches-request-for-proposal-rfp-to-support-carbon-dioxide-removal-technologies/article_0597cd14-fc69-5fb5-a1ba-632d7ae01837.html,valdostadailytimes.com,20211201T170000Z,English,United States
BECCS,Bioenergy with carbon capture and storage,UK Government Announces £5 Million Scheme To Produce Hydrogen From Biomass And Waste - Environment,https://www.mondaq.com/uk/waste-management/1154092/uk-government-announces-5-million-scheme-to-produce-hydrogen-from-biomass-and-waste,mondaq.com,20220126T120000Z,English,United States
BECCS,Bioenergy with carbon capture and storage,Government Launches New Scheme For Technologies Producing Hydrogen From Biomass,https://www.hydrocarbononline.com/doc/government-launches-new-scheme-producing-hydrogen-from-biomass-0001,hydrocarbononline.com,20220119T173000Z,English,United States
BECCS,Bioenergy with carbon capture and storage,UK Government Allocates £5m for Hydrogen - from - Biomass Projects – Advanced BioFuels united states,https://advancedbiofuelsusa.info/uk-government-allocates-5m-for-hydrogen-from-biomass-projects/,advancedbiofuelsusa.info,20220119T013000Z,English,United States
BECCS,Bioenergy with carbon capture and storage,The row over the united kingdom largest renewable power plant,https://www.msn.com/en-us/news/world/the-row-over-the-uk-s-largest-renewable-power-plant/ar-AASKPS8,msn.com,20220114T010000Z,English,United States
BECCS,Bioenergy with carbon capture and storage,The row over the united kingdom largest renewable power plant,https://www.msn.com/en-us/money/markets/the-row-over-the-uk-s-largest-renewable-power-plant/ar-AASKPS8,msn.com,20220114T004500Z,English,United States
BECCS,Bioenergy with carbon capture and storage,The row over the united kingdom largest renewable power plant,https://www.msn.com/en-us/money/markets/the-row-over-the-uks-largest-renewable-power-plant/ar-AASKPS8,msn.com,20220114T003000Z,English,United States
BECCS,Bioenergy with carbon capture and storage,Government Launches New Scheme For Technologies Producing Hydrogen From Biomass,https://www.chemicalonline.com/doc/government-launches-new-scheme-producing-hydrogen-from-biomass-0001,chemicalonline.com,20220113T160000Z,English,United States
BECCS,Bioenergy with carbon capture and storage,"Biomass - united kingdom Government launches new scheme for technologies producing hydrogen from biomass - Renewable Energy Magazine , at the heart of clean energy journalism",https://www.renewableenergymagazine.com/biomass/uk-government-launches-new-scheme-for-technologies-20220112,renewableenergymagazine.com,20220112T220000Z,English,United States
BECCS,Bioenergy with carbon capture and storage,UK Government to invest £5m in waste - to - energy hydrogen scheme,https://www.gasworld.com/uk-government-to-invest-5m-in-waste-to-energy-hydrogen-scheme/2022494.article,gasworld.com,20220112T163000Z,English,United States
BECCS,Bioenergy with carbon capture and storage,"Hydrogen - united kingdom Government launches new scheme for technologies producing hydrogen from biomass - Renewable Energy Magazine , at the heart of clean energy journalism",https://www.renewableenergymagazine.com/hydrogen/uk-government-launches-new-scheme-for-technologies-20220112,renewableenergymagazine.com,20220112T150000Z,English,United States
BECCS,Bioenergy with carbon capture and storage,Assessing the energy transition in China towards carbon neutrality with a probabilistic framework,https://www.nature.com/articles/s41467-021-27671-0,nature.com,20220112T054500Z,English,United States
BECCS,Bioenergy with carbon capture and storage,UN Climate Panel : Emissions Must Fall Rapidly by 2030 to Prevent Catastrophic Climate Change,https://www.ecowatch.com/climate-change-ipcc-report-2610866229.html,ecowatch.com,20220109T174500Z,English,United States
BECCS,Bioenergy with carbon capture and storage,"Frontiers | Carbon Emission Trading Scheme , Carbon Emissions Reduction and Spatial Spillover Effects : Quasi - Experimental Evidence From China",https://www.frontiersin.org/articles/10.3389/fenvs.2021.824298/full,frontiersin.org,20220104T053000Z,English,United States
BECCS,Bioenergy with carbon capture and storage,Carbon Capture from Bio - Oil Steam Reforming,https://www.azocleantech.com/article.aspx?ArticleID=1554,azocleantech.com,20220527T140000Z,English,United States
BECCS,Bioenergy with carbon capture and storage,Moody improves F ESG rating score,https://apnews.com/press-release/pr-newswire/brazil-environment-c6e4a03bd60c8bae67a9fdaf907e45ff,apnews.com,20220523T150000Z,English,United States
BECCS,Bioenergy with carbon capture and storage,Moody improves F ESG rating score,https://www.prnewswire.com:443/news-releases/moodys-improves-fs-esg-rating-score-301552343.html,prnewswire.com,20220523T143000Z,English,United States
BECCS,Bioenergy with carbon capture and storage,"Drax discusses plans for new pellet projects , BECCS development",http://biomassmagazine.com/articles/18948/drax-discusses-plans-for-new-pellet-projects-beccs-development,biomassmagazine.com,20220521T060000Z,English,United States
BECCS,Bioenergy with carbon capture and storage,"Global Energy Transition ( O & G ) Market Opportunities / Analysis Report 2022 Featuring Shell , BP , TotalEnergies , Saudi Aramco , ExxonMobil , Chevron , Sinopec , Petronas , Ecopetrol , Lukoil",https://finance.yahoo.com/news/global-energy-transition-o-g-193000032.html,finance.yahoo.com,20220519T200000Z,English,United States
BECCS,Bioenergy with carbon capture and storage,"Global Energy Transition ( O & G ) Market Opportunities / Analysis Report 2022 Featuring Shell , BP , TotalEnergies , Saudi Aramco , ExxonMobil , Chevron , Sinopec , Petronas , Ecopetrol , Lukoil",https://www.prnewswire.com/news-releases/global-energy-transition-og-market-opportunitiesanalysis-report-2022-featuring-shell-bp-totalenergies-saudi-aramco-exxonmobil-chevron-sinopec-petronas-ecopetrol-lukoil-301551562.html,prnewswire.com,20220519T194500Z,English,United States
BECCS,Bioenergy with carbon capture and storage,America Growing Bioenergy Market Needs Clearer Monitoring And More Innovation,https://seekingalpha.com/article/4513213-americas-growing-bioenergy-market-needs-clearer-monitoring-and-more-innovation,seekingalpha.com,20220519T194500Z,English,United States
BECCS,Bioenergy with carbon capture and storage,"Global Energy Transition ( O & G ) Market Opportunities / Analysis Report 2022 Featuring Shell , BP , TotalEnergies , Saudi Aramco , ExxonMobil , Chevron , Sinopec , Petronas , Ecopetrol , Lukoil",https://www.prnewswire.com:443/news-releases/global-energy-transition-og-market-opportunitiesanalysis-report-2022-featuring-shell-bp-totalenergies-saudi-aramco-exxonmobil-chevron-sinopec-petronas-ecopetrol-lukoil-301551562.html,prnewswire.com,20220519T194500Z,English,United States
BECCS,Bioenergy with carbon capture and storage,How NZ could become a world leader in decarbonization using forestry and geothermal technology,https://techxplore.com/news/2022-05-nz-world-leader-decarbonization-forestry.html,techxplore.com,20220517T154500Z,English,United States
BECCS,Bioenergy with carbon capture and storage,How New Zealand could become a world leader in decarbonisation using forestry and geothermal technology,https://www.miragenews.com/how-new-zealand-could-become-a-world-leader-in-783026/,miragenews.com,20220517T001500Z,English,United States
BECCS,Bioenergy with carbon capture and storage,Global Energy Transition Market Opportunities / Analysis Report 2022 : Focus on Renewable Energy ; Hydrogen ; CCUS ; Electricity Utilities ; Energy Storage ; and Bioenergy - ResearchAndMarkets . com,https://www.businesswire.com/news/home/20220516005727/en/Global-Energy-Transition-Market-OpportunitiesAnalysis-Report-2022-Focus-on-Renewable-Energy-Hydrogen-CCUS-Electricity-Utilities-Energy-Storage-and-Bioenergy---ResearchAndMarkets.com,businesswire.com,20220516T174500Z,English,United States
BECCS,Bioenergy with carbon capture and storage,Stock Market | FinancialContent Business Page,https://markets.financialcontent.com/stocks/article/bizwire-2022-5-16-global-energy-transition-market-opportunitiesanalysis-report-2022-focus-on-renewable-energy-hydrogen-ccus-electricity-utilities-energy-storage-and-bioenergy-researchandmarketscom,markets.financialcontent.com,20220516T151500Z,English,United States
BECCS,Bioenergy with carbon capture and storage,Biomass Gasification and the Future of Hydrogen Fuel,https://www.azocleantech.com/article.aspx?ArticleID=1537,azocleantech.com,20220516T124500Z,English,United States
BECCS,Bioenergy with carbon capture and storage,Drax to pilot more pioneering new carbon capture technology,https://biomassmagazine.com/articles/18965/drax-to-pilot-more-pioneering-new-carbon-capture-technology,biomassmagazine.com,20220511T041500Z,English,United States
BECCS,Bioenergy with carbon capture and storage,Drax to pilot more pioneering new carbon capture technology,http://www.biomassmagazine.com/articles/18965/drax-to-pilot-more-pioneering-new-carbon-capture-technology,biomassmagazine.com,20220511T040000Z,English,United States
BECCS,Bioenergy with carbon capture and storage,Drax to pilot more pioneering new carbon capture technology,http://biomassmagazine.com/articles/18965/drax-to-pilot-more-pioneering-new-carbon-capture-technology,biomassmagazine.com,20220511T040000Z,English,United States
BECCS,Bioenergy with carbon capture and storage,The Dawn of Greater Energy Independence – Why Europe also needs to count on sustainable bioenergy : Biofuels Digest,https://www.biofuelsdigest.com/bdigest/2022/05/10/the-dawn-of-greater-energy-independence-why-europe-also-needs-to-count-on-sustainable-bioenergy/,biofuelsdigest.com,20220511T033000Z,English,United States
BECCS,Bioenergy with carbon capture and storage,Drax to pilot more pioneering new carbon capture technology,https://biomassmagazine.com/articles/18965/drax-to-pilot-more-pioneering-new-carbon-capture-technology/,biomassmagazine.com,20220511T033000Z,English,United States
BECCS,Bioenergy with carbon capture and storage,Coastal News Today | World - The birth of the carbon removal market,https://www.coastalnewstoday.com/post/world-the-birth-of-the-carbon-removal-market,coastalnewstoday.com,20220511T020000Z,English,United States
BECCS,Bioenergy with carbon capture and storage,Drax to pilot more pioneering new carbon capture technology,https://www.miragenews.com/drax-to-pilot-more-pioneering-new-carbon-778971/,miragenews.com,20220510T114500Z,English,United States
BECCS,Bioenergy with carbon capture and storage,Human and planetary health implications of negative emissions technologies,https://www.nature.com/articles/s41467-022-30136-7,nature.com,20220509T100000Z,English,United States
BECCS,Bioenergy with carbon capture and storage,University of Sheffield home to first of its kind low - carbon energy research rig,https://www.miragenews.com/university-of-sheffield-home-to-first-of-its-777216/,miragenews.com,20220506T103000Z,English,United States
BECCS,Bioenergy with carbon capture and storage,"Space Mirrors , Ocean Fertilization , Cloud Thinning : Weighing Geoengineering Risks",https://www.claimsjournal.com/news/national/2022/05/06/310302.htm,claimsjournal.com,20220506T091500Z,English,United States
BECCS,Bioenergy with carbon capture and storage,Vacuuming carbon from the air could help stop climate change . Not everyone agrees,https://www.tpr.org/environment/2022-05-05/vacuuming-carbon-from-the-air-could-help-stop-climate-change-not-everyone-agrees,tpr.org,20220505T150000Z,English,United States
BECCS,Bioenergy with carbon capture and storage,Environmental and health impacts of atmospheric CO2 removal by enhanced rock weathering depend on nation energy mix,https://www.nature.com/articles/s43247-022-00436-3,nature.com,20220505T134500Z,English,United States
BECCS,Bioenergy with carbon capture and storage,"Methods for Slowing Climate Change Bring Dangerous Risk Tradeoffs , Study Shows",https://www.azocleantech.com/news.aspx?newsID=31650,azocleantech.com,20220505T133000Z,English,United States
BECCS,Bioenergy with carbon capture and storage,"Enviva Reports First - Quarter 2022 Results , Updates Guidance , and Announces Inaugural Agreements with German Customers",https://www.businesswire.com/news/home/20220504006062/en/Enviva-Reports-First-Quarter-2022-Results-Updates-Guidance-and-Announces-Inaugural-Agreements-with-German-Customers/,businesswire.com,20220504T223000Z,English,United States
BECCS,Bioenergy with carbon capture and storage,What You Need To Know About Carbon Dioxide Removal,https://www.nakedcapitalism.com/2022/05/what-you-need-to-know-about-carbon-dioxide-removal.html,nakedcapitalism.com,20220504T150000Z,English,United States
BECCS,Bioenergy with carbon capture and storage,"Drax discusses plans for new pellet projects , BECCS development",http://www.biomassmagazine.com/articles/18947/drax-discusses-plans-for-new-pellet-projects-beccs-development,biomassmagazine.com,20220504T104500Z,English,United States
BECCS,Bioenergy with carbon capture and storage,"Drax discusses plans for new pellet projects , BECCS development",http://www.biomassmagazine.com/articles/18948/drax-discusses-plans-for-new-pellet-projects-beccs-development,biomassmagazine.com,20220504T001500Z,English,United States
BECCS,Bioenergy with carbon capture and storage,Vacuuming carbon from the air could help stop climate change . Not everyone agrees,https://woub.org/2022/05/02/vacuuming-carbon-from-the-air-could-help-stop-climate-change-not-everyone-agrees/,woub.org,20220503T091500Z,English,United States
BECCS,Bioenergy with carbon capture and storage,Vacuuming carbon from the air could help stop climate change . Not everyone agrees,https://www.knkx.org/environment/2022-05-02/vacuuming-carbon-from-the-air-could-help-stop-climate-change-not-everyone-agrees,knkx.org,20220502T230000Z,English,United States
BECCS,Bioenergy with carbon capture and storage,"With climate catastrophe looming , experts say world also needs carbon removal solutions",https://phys.org/news/2022-05-climate-catastrophe-looming-experts-world.html,phys.org,20220502T211500Z,English,United States
BECCS,Bioenergy with carbon capture and storage,Vacuuming carbon from the air could help stop climate change . Not everyone agrees,https://www.wcsufm.org/latest-from-npr/latest-from-npr/2022-05-02/vacuuming-carbon-from-the-air-could-help-stop-climate-change-not-everyone-agrees,wcsufm.org,20220502T210000Z,English,United States
BECCS,Bioenergy with carbon capture and storage,Vacuuming carbon from the air could help stop climate change . Not everyone agrees,https://www.kvpr.org/npr-news/npr-news/2022-05-02/vacuuming-carbon-from-the-air-could-help-stop-climate-change-not-everyone-agrees,kvpr.org,20220502T210000Z,English,United States
BECCS,Bioenergy with carbon capture and storage,Vacuuming carbon from the air could help stop climate change . Not everyone agrees,https://www.wfdd.org/story/vacuuming-carbon-air-could-help-stop-climate-change-not-everyone-agrees,wfdd.org,20220502T203000Z,English,United States
BECCS,Bioenergy with carbon capture and storage,Vacuuming carbon from the air could help stop climate change . Not everyone agrees,https://www.kunc.org/npr-news/npr-news/2022-05-02/vacuuming-carbon-from-the-air-could-help-stop-climate-change-not-everyone-agrees,kunc.org,20220502T203000Z,English,United States
BECCS,Bioenergy with carbon capture and storage,Vacuuming carbon from the air could help stop climate change . Not everyone agrees,https://www.krvs.org/npr-news/npr-news/2022-05-02/vacuuming-carbon-from-the-air-could-help-stop-climate-change-not-everyone-agrees,krvs.org,20220502T200000Z,English,United States
BECCS,Bioenergy with carbon capture and storage,Vacuuming carbon from the air could help stop climate change . Not everyone agrees,https://www.kasu.org/2022-05-02/vacuuming-carbon-from-the-air-could-help-stop-climate-change-not-everyone-agrees,kasu.org,20220502T194500Z,English,United States
BECCS,Bioenergy with carbon capture and storage,Vacuuming carbon from the air could help stop climate change . Not everyone agrees,https://www.wclk.com/2022-05-02/vacuuming-carbon-from-the-air-could-help-stop-climate-change-not-everyone-agrees,wclk.com,20220502T194500Z,English,United States
BECCS,Bioenergy with carbon capture and storage,Vacuuming carbon from the air could help stop climate change . Not everyone agrees,https://www.kios.org/2022-05-02/vacuuming-carbon-from-the-air-could-help-stop-climate-change-not-everyone-agrees,kios.org,20220502T193000Z,English,United States
BECCS,Bioenergy with carbon capture and storage,Vacuuming carbon from the air could help stop climate change . Not everyone agrees,https://www.upr.org/npr-news/npr-news/2022-05-02/vacuuming-carbon-from-the-air-could-help-stop-climate-change-not-everyone-agrees,upr.org,20220502T184500Z,English,United States
BECCS,Bioenergy with carbon capture and storage,Vacuuming carbon from the air could help stop climate change . Not everyone agrees,https://www.wbfo.org/2022-05-02/vacuuming-carbon-from-the-air-could-help-stop-climate-change-not-everyone-agrees,wbfo.org,20220502T183000Z,English,United States
BECCS,Bioenergy with carbon capture and storage,Vacuuming carbon from the air could help stop climate change . Not everyone agrees,https://www.wprl.org/npr-news/npr-news/2022-05-02/vacuuming-carbon-from-the-air-could-help-stop-climate-change-not-everyone-agrees,wprl.org,20220502T183000Z,English,United States
BECCS,Bioenergy with carbon capture and storage,Vacuuming carbon from the air could help stop climate change . Not everyone agrees,https://www.kedm.org/npr-news/npr-news/2022-05-02/vacuuming-carbon-from-the-air-could-help-stop-climate-change-not-everyone-agrees,kedm.org,20220502T181500Z,English,United States
BECCS,Bioenergy with carbon capture and storage,Vacuuming carbon from the air could help stop climate change . Not everyone agrees,https://www.klcc.org/npr-news/npr-news/2022-05-02/vacuuming-carbon-from-the-air-could-help-stop-climate-change-not-everyone-agrees,klcc.org,20220502T181500Z,English,United States
BECCS,Bioenergy with carbon capture and storage,Vacuuming carbon from the air could help stop climate change . Not everyone agrees,https://www.michiganradio.org/2022-05-02/vacuuming-carbon-from-the-air-could-help-stop-climate-change-not-everyone-agrees,michiganradio.org,20220502T180000Z,English,United States
BECCS,Bioenergy with carbon capture and storage,Vacuuming carbon from the air could help stop climate change . Not everyone agrees,https://www.kzyx.org/npr-news/npr-news/2022-05-02/vacuuming-carbon-from-the-air-could-help-stop-climate-change-not-everyone-agrees,kzyx.org,20220502T174500Z,English,United States
BECCS,Bioenergy with carbon capture and storage,Vacuuming carbon from the air could help stop climate change . Not everyone agrees,https://www.kacu.org/2022-05-02/vacuuming-carbon-from-the-air-could-help-stop-climate-change-not-everyone-agrees,kacu.org,20220502T174500Z,English,United States
BECCS,Bioenergy with carbon capture and storage,Vacuuming carbon from the air could help stop climate change . Not everyone agrees,https://www.kanw.com/npr-news/npr-news/2022-05-02/vacuuming-carbon-from-the-air-could-help-stop-climate-change-not-everyone-agrees,kanw.com,20220502T174500Z,English,United States
BECCS,Bioenergy with carbon capture and storage,Vacuuming carbon from the air could help stop climate change . Not everyone agrees,https://www.wvik.org/2022-05-02/vacuuming-carbon-from-the-air-could-help-stop-climate-change-not-everyone-agrees,wvik.org,20220502T174500Z,English,United States
BECCS,Bioenergy with carbon capture and storage,Vacuuming carbon from the air could help stop climate change . Not everyone agrees,https://www.wknofm.org/2022-05-02/vacuuming-carbon-from-the-air-could-help-stop-climate-change-not-everyone-agrees,wknofm.org,20220502T171500Z,English,United States
BECCS,Bioenergy with carbon capture and storage,Vacuuming carbon from the air could help stop climate change . Not everyone agrees,https://www.wncw.org/2022-05-02/vacuuming-carbon-from-the-air-could-help-stop-climate-change-not-everyone-agrees,wncw.org,20220502T171500Z,English,United States
BECCS,Bioenergy with carbon capture and storage,Vacuuming carbon from the air could help stop climate change . Not everyone agrees,https://www.wshu.org/npr-news/npr-news/2022-05-02/vacuuming-carbon-from-the-air-could-help-stop-climate-change-not-everyone-agrees,wshu.org,20220502T170000Z,English,United States
BECCS,Bioenergy with carbon capture and storage,Vacuuming carbon from the air could help stop climate change . Not everyone agrees,https://www.wfae.org/energy-environment/2022-05-02/vacuuming-carbon-from-the-air-could-help-stop-climate-change-not-everyone-agrees,wfae.org,20220502T170000Z,English,United States
BECCS,Bioenergy with carbon capture and storage,Vacuuming carbon from the air could help stop climate change . Not everyone agrees,https://www.wkms.org/npr-news/npr-news/2022-05-02/vacuuming-carbon-from-the-air-could-help-stop-climate-change-not-everyone-agrees,wkms.org,20220502T164500Z,English,United States
BECCS,Bioenergy with carbon capture and storage,Vacuuming carbon from the air could stop climate change . Not everyone likes the idea,https://www.wvxu.org/news-from-npr/2022-05-02/vacuuming-carbon-from-the-air-could-stop-climate-change-not-everyone-likes-the-idea,wvxu.org,20220502T161500Z,English,United States
BECCS,Bioenergy with carbon capture and storage,Vacuuming carbon from the air could stop climate change . Not everyone likes the idea,https://www.wamc.org/2022-05-02/vacuuming-carbon-from-the-air-could-stop-climate-change-not-everyone-likes-the-idea,wamc.org,20220502T161500Z,English,United States
BECCS,Bioenergy with carbon capture and storage,Vacuuming carbon from the air could stop climate change . Not everyone likes the idea,https://www.kvpr.org/npr-news/2022-05-02/vacuuming-carbon-from-the-air-could-stop-climate-change-not-everyone-likes-the-idea,kvpr.org,20220502T161500Z,English,United States
BECCS,Bioenergy with carbon capture and storage,Vacuuming carbon from the air could stop climate change . Not everyone likes the idea,https://www.wgbh.org/news/international-news/2022/05/02/vacuuming-carbon-from-the-air-could-stop-climate-change-not-everyone-likes-the-idea,wgbh.org,20220502T153000Z,English,United States
BECCS,Bioenergy with carbon capture and storage,Vacuuming carbon from the air could stop climate change . Not everyone likes the idea,https://health.wusf.usf.edu/2022-05-02/vacuuming-carbon-from-the-air-could-stop-climate-change-not-everyone-likes-the-idea,health.wusf.usf.edu,20220502T150000Z,English,United States
BECCS,Bioenergy with carbon capture and storage,Vacuuming carbon from the air could stop climate change . Not everyone likes the idea,https://www.kios.org/2022-05-02/vacuuming-carbon-from-the-air-could-stop-climate-change-not-everyone-likes-the-idea,kios.org,20220502T144500Z,English,United States
BECCS,Bioenergy with carbon capture and storage,Vacuuming carbon from the air could stop climate change . Not everyone likes the idea,https://news.wgcu.org/2022-05-02/vacuuming-carbon-from-the-air-could-stop-climate-change-not-everyone-likes-the-idea,news.wgcu.org,20220502T144500Z,English,United States
BECCS,Bioenergy with carbon capture and storage,Vacuuming carbon from the air could stop climate change . Not everyone likes the idea,https://www.wprl.org/npr-news/2022-05-02/vacuuming-carbon-from-the-air-could-stop-climate-change-not-everyone-likes-the-idea,wprl.org,20220502T140000Z,English,United States
BECCS,Bioenergy with carbon capture and storage,Vacuuming carbon from the air could stop climate change . Not everyone likes the idea,https://www.wrvo.org/2022-05-02/vacuuming-carbon-from-the-air-could-stop-climate-change-not-everyone-likes-the-idea,wrvo.org,20220502T140000Z,English,United States
BECCS,Bioenergy with carbon capture and storage,Vacuuming carbon from the air could stop climate change . Not everyone likes the idea,https://www.upr.org/npr-news/2022-05-02/vacuuming-carbon-from-the-air-could-stop-climate-change-not-everyone-likes-the-idea,upr.org,20220502T140000Z,English,United States
BECCS,Bioenergy with carbon capture and storage,Vacuuming carbon from the air could stop climate change . Not everyone likes the idea,https://www.wbfo.org/2022-05-02/vacuuming-carbon-from-the-air-could-stop-climate-change-not-everyone-likes-the-idea,wbfo.org,20220502T134500Z,English,United States
BECCS,Bioenergy with carbon capture and storage,Vacuuming carbon from the air could stop climate change . Not everyone likes the idea,https://news.wfsu.org/all-npr-news/2022-05-02/vacuuming-carbon-from-the-air-could-stop-climate-change-not-everyone-likes-the-idea,news.wfsu.org,20220502T133000Z,English,United States
BECCS,Bioenergy with carbon capture and storage,Vacuuming carbon from the air could stop climate change . Not everyone likes the idea,https://www.kzyx.org/npr-news/2022-05-02/vacuuming-carbon-from-the-air-could-stop-climate-change-not-everyone-likes-the-idea,kzyx.org,20220502T131500Z,English,United States
BECCS,Bioenergy with carbon capture and storage,Vacuuming carbon from the air could stop climate change . Not everyone likes the idea,https://www.klcc.org/npr-news/2022-05-02/vacuuming-carbon-from-the-air-could-stop-climate-change-not-everyone-likes-the-idea,klcc.org,20220502T131500Z,English,United States
BECCS,Bioenergy with carbon capture and storage,Vacuuming carbon from the air could stop climate change . Not everyone likes the idea,https://www.kacu.org/2022-05-02/vacuuming-carbon-from-the-air-could-stop-climate-change-not-everyone-likes-the-idea,kacu.org,20220502T130000Z,English,United States
BECCS,Bioenergy with carbon capture and storage,Vacuuming carbon from the air could stop climate change . Not everyone likes the idea,https://www.wvik.org/2022-05-02/vacuuming-carbon-from-the-air-could-stop-climate-change-not-everyone-likes-the-idea,wvik.org,20220502T124500Z,English,United States
BECCS,Bioenergy with carbon capture and storage,Vacuuming carbon from the air could stop climate change . Not everyone likes the idea,https://www.wlrn.org/news/2022-05-02/vacuuming-carbon-from-the-air-could-stop-climate-change-not-everyone-likes-the-idea,wlrn.org,20220502T124500Z,English,United States
BECCS,Bioenergy with carbon capture and storage,Vacuuming carbon from the air could stop climate change . Not everyone likes the idea,https://www.kanw.com/npr-news/2022-05-02/vacuuming-carbon-from-the-air-could-stop-climate-change-not-everyone-likes-the-idea,kanw.com,20220502T124500Z,English,United States
BECCS,Bioenergy with carbon capture and storage,Vacuuming carbon from the air could stop climate change . Not everyone likes the idea,https://www.northernpublicradio.org/2022-05-02/vacuuming-carbon-from-the-air-could-stop-climate-change-not-everyone-likes-the-idea,northernpublicradio.org,20220502T123000Z,English,United States
BECCS,Bioenergy with carbon capture and storage,Vacuuming carbon from the air could stop climate change . Not everyone likes the idea,https://www.wfae.org/2022-05-02/vacuuming-carbon-from-the-air-could-stop-climate-change-not-everyone-likes-the-idea,wfae.org,20220502T123000Z,English,United States
BECCS,Bioenergy with carbon capture and storage,Vacuuming carbon from the air could stop climate change . Not everyone likes the idea,https://www.wknofm.org/2022-05-02/vacuuming-carbon-from-the-air-could-stop-climate-change-not-everyone-likes-the-idea,wknofm.org,20220502T123000Z,English,United States
BECCS,Bioenergy with carbon capture and storage,Vacuuming carbon from the air could stop climate change . Not everyone likes the idea,https://www.wcsufm.org/latest-from-npr/2022-05-02/vacuuming-carbon-from-the-air-could-stop-climate-change-not-everyone-likes-the-idea,wcsufm.org,20220502T114500Z,English,United States
BECCS,Bioenergy with carbon capture and storage,Vacuuming carbon from the air could stop climate change . Not everyone likes the idea,https://www.kcbx.org/npr-top-news/2022-05-02/vacuuming-carbon-from-the-air-could-stop-climate-change-not-everyone-likes-the-idea,kcbx.org,20220502T114500Z,English,United States
BECCS,Bioenergy with carbon capture and storage,Vacuuming carbon from the air could stop climate change . Not everyone likes the idea,https://www.wkms.org/npr-news/2022-05-02/vacuuming-carbon-from-the-air-could-stop-climate-change-not-everyone-likes-the-idea,wkms.org,20220502T114500Z,English,United States
BECCS,Bioenergy with carbon capture and storage,Vacuuming carbon from the air could stop climate change . Not everyone likes the idea,https://www.wdiy.org/npr-news/2022-05-02/vacuuming-carbon-from-the-air-could-stop-climate-change-not-everyone-likes-the-idea,wdiy.org,20220502T111500Z,English,United States
BECCS,Bioenergy with carbon capture and storage,Vacuuming carbon from the air could stop climate change . Not everyone likes the idea,https://www.kazu.org/npr-news/2022-05-02/vacuuming-carbon-from-the-air-could-stop-climate-change-not-everyone-likes-the-idea,kazu.org,20220502T111500Z,English,United States
BECCS,Bioenergy with carbon capture and storage,Vacuuming carbon from the air could stop climate change . Not everyone likes the idea,https://www.gpb.org/news/2022/05/02/vacuuming-carbon-the-air-could-stop-climate-change-not-everyone-likes-the-idea,gpb.org,20220502T110000Z,English,United States
BECCS,Bioenergy with carbon capture and storage,Vacuuming carbon from the air could stop climate change . Not everyone likes the idea,https://www.hppr.org/2022-05-02/vacuuming-carbon-from-the-air-could-stop-climate-change-not-everyone-likes-the-idea,hppr.org,20220502T110000Z,English,United States
BECCS,Bioenergy with carbon capture and storage,Vacuuming carbon from the air could stop climate change . Not everyone likes the idea,https://www.kbia.org/2022-05-02/vacuuming-carbon-from-the-air-could-stop-climate-change-not-everyone-likes-the-idea,kbia.org,20220502T104500Z,English,United States
BECCS,Bioenergy with carbon capture and storage,Vacuuming carbon from the air could stop climate change . Not everyone likes the idea,https://www.wesa.fm/2022-05-02/vacuuming-carbon-from-the-air-could-stop-climate-change-not-everyone-likes-the-idea,wesa.fm,20220502T104500Z,English,United States
BECCS,Bioenergy with carbon capture and storage,Vacuuming carbon from the air could stop climate change . Not everyone likes the idea,https://www.apr.org/2022-05-02/vacuuming-carbon-from-the-air-could-stop-climate-change-not-everyone-likes-the-idea,apr.org,20220502T104500Z,English,United States
BECCS,Bioenergy with carbon capture and storage,Vacuuming carbon from the air could stop climate change . Not everyone likes the idea,https://wbhm.org/npr_story_post/2022/vacuuming-carbon-from-the-air-could-stop-climate-change-not-everyone-likes-the-idea/,wbhm.org,20220502T104500Z,English,United States
BECCS,Bioenergy with carbon capture and storage,Vacuuming carbon from the air could stop climate change . Not everyone likes the idea,https://www.wmot.org/2022-05-02/vacuuming-carbon-from-the-air-could-stop-climate-change-not-everyone-likes-the-idea,wmot.org,20220502T104500Z,English,United States
BECCS,Bioenergy with carbon capture and storage,Vacuuming carbon from the air could stop climate change . Not everyone likes the idea,https://www.kunc.org/npr-news/2022-05-02/vacuuming-carbon-from-the-air-could-stop-climate-change-not-everyone-likes-the-idea,kunc.org,20220502T104500Z,English,United States
BECCS,Bioenergy with carbon capture and storage,Vacuuming carbon from the air could stop climate change . Not everyone likes the idea,https://news.prairiepublic.org/news-from-npr/2022-05-02/vacuuming-carbon-from-the-air-could-stop-climate-change-not-everyone-likes-the-idea,news.prairiepublic.org,20220502T103000Z,English,United States
BECCS,Bioenergy with carbon capture and storage,Vacuuming carbon from the air could stop climate change . Not everyone likes the idea,https://www.krvs.org/npr-news/2022-05-02/vacuuming-carbon-from-the-air-could-stop-climate-change-not-everyone-likes-the-idea,krvs.org,20220502T103000Z,English,United States
BECCS,Bioenergy with carbon capture and storage,Vacuuming carbon from the air could stop climate change . Not everyone likes the idea,https://news.wsiu.org/2022-05-02/vacuuming-carbon-from-the-air-could-stop-climate-change-not-everyone-likes-the-idea,news.wsiu.org,20220502T103000Z,English,United States
BECCS,Bioenergy with carbon capture and storage,Vacuuming carbon from the air could stop climate change . Not everyone likes the idea,https://www.kasu.org/2022-05-02/vacuuming-carbon-from-the-air-could-stop-climate-change-not-everyone-likes-the-idea,kasu.org,20220502T103000Z,English,United States
BECCS,Bioenergy with carbon capture and storage,Vacuuming carbon from the air could stop climate change . Not everyone likes the idea,https://www.nprillinois.org/2022-05-02/vacuuming-carbon-from-the-air-could-stop-climate-change-not-everyone-likes-the-idea,nprillinois.org,20220502T101500Z,English,United States
BECCS,Bioenergy with carbon capture and storage,Vacuuming carbon from the air could stop climate change . Not everyone likes the idea,https://www.kedm.org/npr-news/2022-05-02/vacuuming-carbon-from-the-air-could-stop-climate-change-not-everyone-likes-the-idea,kedm.org,20220502T101500Z,English,United States
BECCS,Bioenergy with carbon capture and storage,Vacuuming carbon from the air could stop climate change . Not everyone likes the idea,https://www.wclk.com/2022-05-02/vacuuming-carbon-from-the-air-could-stop-climate-change-not-everyone-likes-the-idea,wclk.com,20220502T101500Z,English,United States
BECCS,Bioenergy with carbon capture and storage,Vacuuming carbon from the air could stop climate change . Not everyone likes the idea,https://www.wutc.org/2022-05-02/vacuuming-carbon-from-the-air-could-stop-climate-change-not-everyone-likes-the-idea,wutc.org,20220502T101500Z,English,United States
BECCS,Bioenergy with carbon capture and storage,Vacuuming carbon from the air could stop climate change . Not everyone likes the idea,https://www.kgou.org/science-technology-and-environment/2022-05-02/vacuuming-carbon-from-the-air-could-stop-climate-change-not-everyone-likes-the-idea,kgou.org,20220502T100000Z,English,United States
BECCS,Bioenergy with carbon capture and storage,Vacuuming carbon from the air could stop climate change . Not everyone likes the idea,https://www.kenw.org/npr-news/2022-05-02/vacuuming-carbon-from-the-air-could-stop-climate-change-not-everyone-likes-the-idea,kenw.org,20220502T100000Z,English,United States
BECCS,Bioenergy with carbon capture and storage,Vacuuming carbon from the air could stop climate change . Not everyone likes the idea,https://knpr.org/npr/2022-05/vacuuming-carbon-air-could-stop-climate-change-not-everyone-likes-idea,knpr.org,20220502T100000Z,English,United States
BECCS,Bioenergy with carbon capture and storage,Vacuuming carbon from the air could stop climate change . Not everyone likes the idea,https://www.capradio.org/news/npr/story?storyid=1095097566,capradio.org,20220502T094500Z,English,United States
BECCS,Bioenergy with carbon capture and storage,Stopping climate change could mean sucking carbon from the air : NPR,https://www.npr.org/2022/05/02/1095097566/carbon-dioxide-removal-climate-emissions,npr.org,20220502T094500Z,English,United States
BECCS,Bioenergy with carbon capture and storage,Carbon capture landscape 2022 still too early to confidently fulfil promises,https://ieefa.org/resources/carbon-capture-landscape-2022-still-too-early-confidently-fulfil-promises,ieefa.org,20220729T231500Z,English,United States
BECCS,Bioenergy with carbon capture and storage,"Stop Saying  Climate Emergency !? ( Until , Collectively , We Mean It ?)",https://goodmenproject.com/featured-content/stop-saying-climate-emergency-until-collectively-we-mean-it/,goodmenproject.com,20220727T103000Z,English,United States
BECCS,Bioenergy with carbon capture and storage,Drax Submits Plans to Build World Largest CCS Project – Advanced BioFuels united states,https://advancedbiofuelsusa.info/drax-submits-plans-to-build-worlds-largest-ccs-project/,advancedbiofuelsusa.info,20220719T204500Z,English,United States
BECCS,Bioenergy with carbon capture and storage,IEEFA : Carbon capture landscape 2022 still too early to confidently fulfil promises,https://ieefa.org/resources/ieefa-carbon-capture-landscape-2022-still-too-early-confidently-fulfil-promises,ieefa.org,20220718T194500Z,English,United States
BECCS,Bioenergy with carbon capture and storage,KEW Technology Secures Funding For Cutting Edge Carbon Capture And Hydrogen Production Technology In united kingdom,https://fuelcellsworks.com/news/kew-technology-secures-funding-for-cutting-edge-carbon-capture-and-hydrogen-production-technology-in-uk/,fuelcellsworks.com,20220714T161500Z,English,United States
BECCS,Bioenergy with carbon capture and storage,"Strategic Study on Bioenergy With Carbon Capture And Storage Market 2022 , Covers Detail Analysis ( Impact of Covid - 19 ), Share , Size , Future Opportunity to 2028",https://www.digitaljournal.com/pr/strategic-study-on-bioenergy-with-carbon-capture-and-storage-market-2022-covers-detail-analysis-impact-of-covid-19-share-size-future-opportunity-to-2028,digitaljournal.com,20220714T121500Z,English,United States
BECCS,Bioenergy with carbon capture and storage,Drax aims to be big in Japan as Tokyo office opens to launch Asia subsidiary,https://www.msn.com/en-gb/money/other/drax-aims-to-be-big-in-japan-as-tokyo-office-opens-to-launch-asia-subsidiary/ar-AAZyZCW,msn.com,20220714T111500Z,English,United States
BECCS,Bioenergy with carbon capture and storage,MOL Drybulk And Drax Launched A Green Shipping Initiative,https://www.marineinsight.com/shipping-news/mol-drybulk-and-drax-launched-a-green-shipping-initiative/,marineinsight.com,20220712T140000Z,English,United States
BECCS,Bioenergy with carbon capture and storage,MOL Drybulk and Drax Launch Green Shipping Initiative,https://www.vesselfinder.com/news/23938-MOL-Drybulk-and-Drax-Launch-Green-Shipping-Initiative,vesselfinder.com,20220712T121500Z,English,United States
BECCS,Bioenergy with carbon capture and storage,"Outlook on the Carbon Capture , Utilization and Storage",https://www.globenewswire.com/en/news-release/2022/06/14/2461955/28124/en/Outlook-on-the-Carbon-Capture-Utilization-and-Storage-Technologies-Global-Market-Market-Values-and-Forecasts-to-2040.html,globenewswire.com,20220704T034500Z,English,United States
BECCS,Bioenergy with carbon capture and storage,How Does Carbon Capture Work ?,https://www.sierraclub.org/sierra/2022-2-summer/stress-test/how-does-carbon-capture-work,sierraclub.org,20220703T130000Z,English,United States
BECCS,Bioenergy with carbon capture and storage,Davos Was a Case Study in How Not to Talk About Climate Change,https://www.nakedcapitalism.com/2022/07/davos-was-a-case-study-in-how-not-to-talk-about-climate-change.html,nakedcapitalism.com,20220703T113000Z,English,United States
BECCS,Bioenergy with carbon capture and storage,Cranfield Awarded Funding to Research Clean Hydrogen Generation from Biomass – Advanced BioFuels united states,https://advancedbiofuelsusa.info/cranfield-awarded-funding-to-research-clean-hydrogen-generation-from-biomass-2/,advancedbiofuelsusa.info,20220830T211500Z,English,United States
BECCS,Bioenergy with carbon capture and storage,Cranfield University - led team scores funding to study hydrogen production from biomass : Biofuels Digest,https://www.biofuelsdigest.com/bdigest/2022/08/29/cranfield-university-led-team-scores-funding-to-study-hydrogen-production-from-biomass/,biofuelsdigest.com,20220830T003000Z,English,United States
BECCS,Bioenergy with carbon capture and storage,UK government opens BECCS funding opportunity : Biofuels Digest,https://www.biofuelsdigest.com/bdigest/2022/08/24/uk-government-opens-beccs-funding-opportunity/,biofuelsdigest.com,20220825T003000Z,English,United States
BECCS,Bioenergy with carbon capture and storage,Cranfield Awarded Funding to Research Clean Hydrogen Generation from Biomass – Advanced BioFuels united states,https://advancedbiofuelsusa.info/cranfield-awarded-funding-to-research-clean-hydrogen-generation-from-biomass/,advancedbiofuelsusa.info,20220818T230000Z,English,United States
BECCS,Bioenergy with carbon capture and storage,Cranfield University gets funding to produce hydrogen from biomass : Biofuels Digest,https://www.biofuelsdigest.com/bdigest/2022/08/17/cranfield-university-gets-funding-to-produce-hydrogen-from-biomass/,biofuelsdigest.com,20220818T011500Z,English,United States
BECCS,Bioenergy with carbon capture and storage,UK Government seeks to further improve diversity of energy supply by boosting biomass,https://www.miragenews.com/uk-government-seeks-to-further-improve-835352/,miragenews.com,20220811T101500Z,English,United States
BECCS,Bioenergy with carbon capture and storage,Widespread Trials of Biomass Crop Cultivation to Launch in united kingdom – Advanced BioFuels united states,https://advancedbiofuelsusa.info/widespread-trials-of-biomass-crop-cultivation-to-launch-in-uk/,advancedbiofuelsusa.info,20220809T220000Z,English,United States
BECCS,Bioenergy with carbon capture and storage,UK - Based Waste - to - Hydrogen Specialist Compact Syngas Solutions ( CSS ) Awarded €295k Funding To Perfect Carbon Capture Technology,https://fuelcellsworks.com/news/uk-based-waste-to-hydrogen-specialist-compact-syngas-solutions-css-awarded-e295k-funding-to-perfect-carbon-capture-technology/,fuelcellsworks.com,20220808T171500Z,English,United States
BECCS,Bioenergy with carbon capture and storage,Renewable Energy Innovation Boosted by £37 Million Government Funding across the united kingdom – Advanced BioFuels united states,https://advancedbiofuelsusa.info/renewable-energy-innovation-boosted-by-37-million-government-funding-across-the-uk/,advancedbiofuelsusa.info,20220808T163000Z,English,United States
BECCS,Bioenergy with carbon capture and storage,Investment risks of carbon capture and storage currently outweigh its potential,https://ieefa.org/articles/investment-risks-carbon-capture-and-storage-currently-outweigh-its-potential,ieefa.org,20220808T160000Z,English,United States
BECCS,Bioenergy with carbon capture and storage,Renewable energy innovation boosted by £37 million government funding across united kingdom,https://www.miragenews.com/renewable-energy-innovation-boosted-by-37-831156/,miragenews.com,20220804T000000Z,English,United States
BECCS,Bioenergy with carbon capture and storage,Waste biofuels to be  key driver  in energy transition | News,https://www.gasworld.com/waste-biofuels-to-be-key-driver-in-energy-transition/2023624.article,gasworld.com,20220923T224500Z,English,United States
BECCS,Bioenergy with carbon capture and storage,Univerity of Hull Biohydrogen Research Focuses on Unlocking Potential of Biorefinery Waste Streams – Advanced BioFuels united states,https://advancedbiofuelsusa.info/univerity-of-hull-biohydrogen-research-focuses-on-unlocking-potential-of-biorefinery-waste-streams/,advancedbiofuelsusa.info,20220914T200000Z,English,United States
BECCS,Bioenergy with carbon capture and storage,University of Hull scores funding to research hydrogen production from biorefinery waste : Biofuels Digest,https://www.biofuelsdigest.com/bdigest/2022/09/13/university-of-hull-scores-funding-to-research-hydrogen-production-from-biorefinery-waste/,biofuelsdigest.com,20220914T014500Z,English,United States
BECCS,Bioenergy with carbon capture and storage,Global Bioenergy With Carbon Capture And Storage Market to Grow Significantly Through 2027,https://www.prnewswire.com/news-releases/global-bioenergy-with-carbon-capture-and-storage-market-to-grow-significantly-through-2027-301621094.html,prnewswire.com,20220909T220000Z,English,United States
BECCS,Bioenergy with carbon capture and storage,Global Bioenergy With Carbon Capture And Storage Market to Grow Significantly Through 2027,https://www.prnewswire.com:443/news-releases/global-bioenergy-with-carbon-capture-and-storage-market-to-grow-significantly-through-2027-301621094.html,prnewswire.com,20220909T151500Z,English,United States
BECCS,Bioenergy with carbon capture and storage,Noam Chomsky and Robert Pollin : Humanity Fate Isnt Sealed If We Act Now,https://truthout.org/articles/noam-chomsky-and-robert-pollin-humanitys-fate-isnt-sealed-if-we-act-now/,truthout.org,20220908T184500Z,English,United States
BECCS,Bioenergy with carbon capture and storage,Carbon Removal Could Increase Climate Change and Food Security Risks,https://www.azocleantech.com/news.aspx?newsID=32212,azocleantech.com,20220908T154500Z,English,United States
BECCS,Bioenergy with carbon capture and storage,Availability of Renewable Energy Sources At Risk,https://www.azocleantech.com/news.aspx?newsID=32216,azocleantech.com,20220908T154500Z,English,United States
BECCS,Bioenergy with carbon capture and storage,Renewable Sources Availability Are Being at Risk Due to Climate Change,https://www.natureworldnews.com/articles/52976/20220908/renewable-sources-availability-being-risk-due-climate-change.htm,natureworldnews.com,20220908T133000Z,English,United States
BECCS,Bioenergy with carbon capture and storage,Over - reliance on biomass - based carbon removal technologies could increase climate and food security risks,https://www.newswise.com/articles/over-reliance-on-biomass-based-carbon-removal-technologies-could-increase-climate-and-food-security-risks,newswise.com,20220907T200000Z,English,United States
BECCS,Bioenergy with carbon capture and storage,Delayed use of bioenergy crops might threaten climate and food security,https://www.nature.com/articles/s41586-022-05055-8,nature.com,20220907T191500Z,English,United States
BECCS,Bioenergy with carbon capture and storage,"Climate change puts availability of vital renewable energy source at risk , research reveals",https://phys.org/news/2022-09-climate-availability-vital-renewable-energy.html,phys.org,20220907T153000Z,English,United States
BECCS,Bioenergy with carbon capture and storage,"Global Bioenergy With Carbon Capture And Storage Market Report 2022 : Higher Demand for Power Generation , Environmental Degradation & Loss of Non - Renewable Resources Driving Growth - ResearchAndMarkets . com",https://thefacts.com/ap/business/article_e4ea834c-1990-5cda-81e9-8309b20fdf43.html,thefacts.com,20220906T141500Z,English,United States
BECCS,Bioenergy with carbon capture and storage,"Global Bioenergy With Carbon Capture And Storage Market Report 2022 : Higher Demand for Power Generation , Environmental Degradation & Loss of Non - Renewable Resources Driving Growth - ResearchAndMarkets . com",https://www.bakersfield.com/ap/news/global-bioenergy-with-carbon-capture-and-storage-market-report-2022-higher-demand-for-power-generation/article_9a72ab06-3504-560d-be95-00c21aaca96d.html,bakersfield.com,20220906T120000Z,English,United States
BECCS,Bioenergy with carbon capture and storage,Global Bioenergy With Carbon Capture And Storage Market,https://www.globenewswire.com/news-release/2022/09/06/2510083/0/en/Global-Bioenergy-With-Carbon-Capture-And-Storage-Market-Report-2022-Government-Support-for-R-D-Presents-Opportunities.html,globenewswire.com,20220906T101500Z,English,United States
BECCS,Bioenergy with carbon capture and storage,Global Bioenergy With Carbon Capture And Storage Market Report 2022 : Government Support for R & D Presents Opportunities,https://finance.yahoo.com/news/global-bioenergy-carbon-capture-storage-091800976.html,finance.yahoo.com,20220906T100000Z,English,United States
BECCS,Bioenergy with carbon capture and storage,"CCUS uptake needs to grow 120 times by 2050 , reports McKinsey",https://www.gasworld.com/story/ccus-uptake-needs-to-grow-120-times-by-2050-reports-mckinsey/2118322.article/,gasworld.com,20221031T160000Z,English,United States
BECCS,Bioenergy with carbon capture and storage,The Future of Renewable Energy [ Energy Watch Series ],https://www.thomasnet.com/insights/the-future-of-renewable-energy-energy-watch-series/,thomasnet.com,20221025T061500Z,English,United States
BECCS,Bioenergy with carbon capture and storage,Lukas Kopacki : Vermont could be a leader in a carbon - capture system,https://vtdigger.org/2022/10/24/lukas-kopacki-vermont-could-be-a-leader-in-a-carbon-capture-system/,vtdigger.org,20221024T120000Z,English,United States
BECCS,Bioenergy with carbon capture and storage,I need to watch things die from a distance .,https://www.resilience.org/stories/2022-10-19/i-need-to-watch-things-die-from-a-distance/,resilience.org,20221020T134500Z,English,United States
BECCS,Bioenergy with carbon capture and storage,Onshore algae farms could feed much of the world while reducing the environmental impact,https://www.zmescience.com/science/onshore-algae-farms-could-feed-the-world-while-reducing-environmental-impacts-10102022/,zmescience.com,20221010T180000Z,English,United States
BECCS,Bioenergy with carbon capture and storage,New IDTechEx Report Explores the Carbon Dioxide Removal ( CDR ) Market Potential,https://www.prnewswire.com/news-releases/new-idtechex-report-explores-the-carbon-dioxide-removal-cdr-market-potential-301644623.html,prnewswire.com,20221010T150000Z,English,United States
BECCS,Bioenergy with carbon capture and storage,New IDTechEx Report Explores the Carbon Dioxide Removal ( CDR ) Market Potential,https://www.prnewswire.com:443/news-releases/new-idtechex-report-explores-the-carbon-dioxide-removal-cdr-market-potential-301644623.html,prnewswire.com,20221010T114500Z,English,United States
BECCS,Bioenergy with carbon capture and storage,Global Carbon Capture and Storage market is projected to grow at a CAGR of 7 . 7 % By 2032 : Visiongain Reports Ltd,https://finance.yahoo.com/news/global-carbon-capture-storage-market-100000361.html,finance.yahoo.com,20221010T103000Z,English,United States
BECCS,Bioenergy with carbon capture and storage,"Broad Portfolio Approach Needed to Reach Affordable , Reliable Clean Energy : EPRI | American Public Power Association",https://www.publicpower.org/periodical/article/broad-portfolio-approach-needed-reach-affordable-reliable-clean-energy-epri,publicpower.org,20221008T200000Z,English,United States
BECCS,Bioenergy with carbon capture and storage,Living Cities : Carbon sucks in Stockholm Dutch cycling boost Urban climate migrants,https://www.politico.eu/newsletter/global-policy-lab/living-cities-carbon-sucks-in-stockholm-dutch-cycling-boost-urban-climate-migrants/,politico.eu,20221120T030000Z,English,United States
BECCS,Bioenergy with carbon capture and storage,How Scientists From  Global South  Are Sidelined at IPCC,https://theintercept.com/2022/11/17/climate-un-ipcc-inequality/,theintercept.com,20221117T233000Z,English,United States
BECCS,Bioenergy with carbon capture and storage,Stockholm bets on carbon capture to hit net zero,https://www.politico.eu/article/stockholm-bet-carbon-capture-hit-net-zero-target-climate-crisis/,politico.eu,20221117T134500Z,English,United States
BECCS,Bioenergy with carbon capture and storage,How we can unlock tech to decarbonize our skies,https://www.greenbiz.com/article/how-we-can-unlock-tech-decarbonize-our-skies,greenbiz.com,20221116T113000Z,English,United States
BECCS,Bioenergy with carbon capture and storage,"Biomass Electricity Market Growth , Global Survey , Analysis , Share , Company Profiles and Forecast by 2028",https://www.einnews.com/pr_news/601170063/biomass-electricity-market-growth-global-survey-analysis-share-company-profiles-and-forecast-by-2028,einnews.com,20221115T050000Z,English,United States
BECCS,Bioenergy with carbon capture and storage,"Biomass Electricity Market Growth , Global Survey , Analysis , Share , Company Profiles and Forecast by 2028",https://energy.einnews.com/pr_news/601170063/biomass-electricity-market-growth-global-survey-analysis-share-company-profiles-and-forecast-by-2028,energy.einnews.com,20221114T213000Z,English,United States
BECCS,Bioenergy with carbon capture and storage,Global Industrial Decarbonization Agenda Set,https://www.rigzone.com/news/global_industrial_decarbonization_agenda_set-14-nov-2022-171040-article/,rigzone.com,20221114T200000Z,English,United States
BECCS,Bioenergy with carbon capture and storage,Global Industrial Decarbonization Agenda Set,https://www.rigzone.com:443/news/global_industrial_decarbonization_agenda_set-14-nov-2022-171040-article/,rigzone.com,20221114T163000Z,English,United States
BECCS,Bioenergy with carbon capture and storage,10 Biggest Energy Companies in the united kingdom,https://www.yahoo.com/now/10-biggest-energy-companies-uk-181039300.html,yahoo.com,20221111T191500Z,English,United States
BECCS,Bioenergy with carbon capture and storage,10 Biggest Energy Companies in the united kingdom,https://news.yahoo.com/10-biggest-energy-companies-uk-181039300.html,news.yahoo.com,20221111T190000Z,English,United States
BECCS,Bioenergy with carbon capture and storage,Natural CO2 reduction implemented faster and with less risk than high - tech approaches,https://www.chemeurope.com/en/news/1178412/natural-co2-reduction-implemented-faster-and-with-less-risk-than-high-tech-approaches.html,chemeurope.com,20221110T023000Z,English,United States
BECCS,Bioenergy with carbon capture and storage,Scaling the CCUS Industry to Achieve Net - Zero Emissions – Advanced BioFuels united states,https://advancedbiofuelsusa.info/scaling-the-ccus-industry-to-achieve-net-zero-emissions/,advancedbiofuelsusa.info,20221107T051500Z,English,United States
BECCS,Bioenergy with carbon capture and storage,Global Biomass Electricity Market Growth Trajectory,https://www.einnews.com/pr_news/599507129/global-biomass-electricity-market-growth-trajectory,einnews.com,20221104T221500Z,English,United States
BECCS,Bioenergy with carbon capture and storage,Global Biomass Electricity Market Growth Trajectory,https://energy.einnews.com/pr_news/599507129/global-biomass-electricity-market-growth-trajectory,energy.einnews.com,20221104T171500Z,English,United States
BECCS,Bioenergy with carbon capture and storage,Enviva Partners ( EVA ) Reports Q3 Net Loss of $18 . 3M,https://www.streetinsider.com/Corporate+News/Enviva+Partners+(EVA)+Reports+Q3+Net+Loss+of+$18.3M/20789041.html,streetinsider.com,20221103T093000Z,English,United States
BECCS,Bioenergy with carbon capture and storage,Enviva Reports 3Q 2022 Results,https://www.businesswire.com/news/home/20221102006127/en/Enviva-Reports-3Q-2022-Results,businesswire.com,20221103T033000Z,English,United States
BECCS,Bioenergy with carbon capture and storage,Enviva Reports 3Q 2022 Results,https://www.streetinsider.com/Business+Wire/Enviva+Reports+3Q+2022+Results/20788422.html,streetinsider.com,20221102T234500Z,English,United States
BECCS,Bioenergy with carbon capture and storage,Stock Market | FinancialContent Business Page,https://markets.financialcontent.com/stocks/article/bizwire-2022-11-2-enviva-reports-3q-2022-results,markets.financialcontent.com,20221102T233000Z,English,United States
BECCS,Bioenergy with carbon capture and storage,Carbon capture  subsidy could let power station keep polluting atmosphere,https://www.resilience.org/stories/2022-11-02/carbon-capture-subsidy-could-let-power-station-keep-polluting-atmosphere/,resilience.org,20221102T153000Z,English,United States
BECCS,Bioenergy with carbon capture and storage,Drax waiting to be shortlisted for united kingdom  Track 1  BECCS power program : Biofuels Digest,https://www.biofuelsdigest.com/bdigest/2022/12/27/drax-waiting-to-be-shortlisted-for-uks-track-1-beccs-power-program/,biofuelsdigest.com,20221228T010000Z,English,United States
BECCS,Bioenergy with carbon capture and storage,Drax £2billion plan to  capture  carbon emissions and pump them under the North Sea,https://uk.news.yahoo.com/draxs-2billion-plan-capture-carbon-050000214.html,uk.news.yahoo.com,20221227T090000Z,English,United States
BECCS,Bioenergy with carbon capture and storage,Bioenergy With Carbon Capture And Storage Market,https://www.globenewswire.com/news-release/2022/12/22/2578613/0/en/Bioenergy-With-Carbon-Capture-And-Storage-Market-Global-Industry-Size-Share-Trends-Opportunity-and-Forecast-2017-2027.html,globenewswire.com,20221226T184500Z,English,United States
BECCS,Bioenergy with carbon capture and storage,New Study Confirms : Bioenergy from Forest Residues Has Significant Positive Impact on Climate Change Mitigation – Advanced BioFuels united states,https://advancedbiofuelsusa.info/new-study-confirms-bioenergy-from-forest-residues-has-significant-positive-impact-on-climate-change-mitigation/,advancedbiofuelsusa.info,20221223T171500Z,English,United States
BECCS,Bioenergy with carbon capture and storage,UK Offers Funding for Hydrogen from BECCS Projects – Advanced BioFuels united states,https://advancedbiofuelsusa.info/uk-offers-funding-for-hydrogen-from-beccs-projects/,advancedbiofuelsusa.info,20221222T030000Z,English,United States
BECCS,Bioenergy with carbon capture and storage,The Hydrogen Stream : Green H2 to mitigate atmospheric methane,https://www.pv-magazine.com/2022/12/14/the-hydrogen-stream-green-h2-can-mitigate-atmospheric-methane-if-losses-are-below-12-say-princeton-researchers/,pv-magazine.com,20221214T150000Z,English,United States
BECCS,Bioenergy with carbon capture and storage,UK government grants £25m to advance clean hydrogen technologies,https://www.gasworld.com/story/uk-government-grants-25m-to-advance-clean-hydrogen-technologies/2119561.article/,gasworld.com,20221214T013000Z,English,United States
BECCS,Bioenergy with carbon capture and storage,UK Government Unveils £102 Million Plan For Nuclear And Hydrogen Innovation,https://fuelcellsworks.com/news/uk-government-unveils-102-million-plan-for-nuclear-and-hydrogen-innovation/,fuelcellsworks.com,20221213T194500Z,English,United States
BECCS,Bioenergy with carbon capture and storage,"UK govt to Invest £102m in Nuclear , Hydrogen Tech",https://www.miragenews.com/uk-govt-to-invest-102m-in-nuclear-hydrogen-tech-914698/,miragenews.com,20221213T154500Z,English,United States
BECCS,Bioenergy with carbon capture and storage,"Forget net - zero : Aim for net - negative to halt global warming , argues researcher",https://phys.org/news/2022-12-net-zero-aim-net-negative-halt-global.html,phys.org,20221212T184500Z,English,United States
BECCS,Bioenergy with carbon capture and storage,New CSIRO report assesses Australia carbon sequestration potential,https://www.miragenews.com/new-csiro-report-assesses-australias-carbon-913309/,miragenews.com,20221211T193000Z,English,United States
BECCS,Bioenergy with carbon capture and storage,BP 2023 Energy Outlook Looks At Key Trends For Energy Transition,https://www.rigzone.com:443/news/bps_2023_energy_outlook_looks_at_key_trends_for_energy_transition-31-jan-2023-171925-article/,rigzone.com,20230131T193000Z,English,United States
BECCS,Bioenergy with carbon capture and storage,BP 2023 Energy Outlook Looks At Key Trends For Energy Transition,https://www.rigzone.com/news/bps_2023_energy_outlook_looks_at_key_trends_for_energy_transition-31-jan-2023-171925-article/,rigzone.com,20230131T191500Z,English,United States
BECCS,Bioenergy with carbon capture and storage,BP sees Inflation Reduction Act shaping energy transition,https://www.gasworld.com/story/bp-sees-inflation-reduction-act-shaping-energy-transition/2120558.article/,gasworld.com,20230130T174500Z,English,United States
BECCS,Bioenergy with carbon capture and storage,- bp Energy Outlook 2023 explores key ...,https://www.euro-petrole.com/bp-energy-outlook-2023-explores-key-trends-and-uncertainties-surrounding-the-energy-transition-n-i-25099,euro-petrole.com,20230130T110000Z,English,United States
BECCS,Bioenergy with carbon capture and storage,Carbon Removal Is Where Green Investment Should Go - The Washington Post,https://www.washingtonpost.com/business/energy/carbon-removal-is-where-green-investment-should-go/2023/01/27/15fc3b54-9e03-11ed-93e0-38551e88239c_story.html,washingtonpost.com,20230127T084500Z,English,United States
BECCS,Bioenergy with carbon capture and storage,Report : Britain generates record volume of renewable electricity,https://biomassmagazine.com/articles/19617/report-britain-generates-record-volume-of-renewable-electricity,biomassmagazine.com,20230126T041500Z,English,United States
BECCS,Bioenergy with carbon capture and storage,New report reveals  large gap  in carbon dioxide removal needed,https://www.chemeurope.com/en/news/1179260/new-report-reveals-large-gap-in-carbon-dioxide-removal-needed.html,chemeurope.com,20230124T101500Z,English,United States
BECCS,Bioenergy with carbon capture and storage,how does CO2 removal work ? - Business and Tech News - Report by AFR | Online Free Press release news distribution,https://news.topwirenews.com/2023/01/19/how-does-co2-removal-work-business-and-tech-news-report-by-afr/,news.topwirenews.com,20230119T193000Z,English,United States
BECCS,Bioenergy with carbon capture and storage,"CO2 removal is essential , along with emissions cuts , to limit global warming , says report",https://phys.org/news/2023-01-co2-essential-emissions-limit-global.html,phys.org,20230119T180000Z,English,United States
BECCS,Bioenergy with carbon capture and storage,Carbon capture : how does CO2 removal work ?,https://phys.org/news/2023-01-carbon-capture-co2.html,phys.org,20230119T164500Z,English,United States
BECCS,Bioenergy with carbon capture and storage,Scientists calculate how much CO2 is being removed from the atmosphere for the first time,http://www.euronews.com/green/2023/01/19/scientists-calculate-how-much-co2-is-being-removed-from-the-atmosphere-for-the-first-time,euronews.com,20230119T153000Z,English,United States
BECCS,Bioenergy with carbon capture and storage,Carbon capture : how does CO2 removal work ?,https://news.yahoo.com/carbon-capture-does-co2-removal-141022915.html,news.yahoo.com,20230119T150000Z,English,United States
BECCS,Bioenergy with carbon capture and storage,Global Carbon Capture and Storage market is projected to grow at a CAGR of 7 . 7 % By 2032 : Visiongain Reports Ltd,https://www.einnews.com/pr_news/611941759/global-carbon-capture-and-storage-market-is-projected-to-grow-at-a-cagr-of-7-7-by-2032-visiongain-reports-ltd,einnews.com,20230118T131500Z,English,United States
BECCS,Bioenergy with carbon capture and storage,Carbon Capture & Storage Market Predicted to Garner $ 6 . 3 Billion by 2023 - 2030 – Reports and Insights,https://www.digitaljournal.com/pr/carbon-capture-storage-market-predicted-to-garner-6-3-billion-by-2023-2030-reports-and-insights,digitaljournal.com,20230117T131500Z,English,United States
BECCS,Bioenergy with carbon capture and storage,"Global Carbon Capture , Utilization and Storage ( CCUS ) Technology Markets , 2022 - 2023 & 2040 : New Pathways to Use CO2 in the Production of Fuels , Chemicals and Building Materials Driving Global Interest",https://www.prnewswire.com/news-releases/global-carbon-capture-utilization-and-storage-ccus-technology-markets-2022-2023--2040-new-pathways-to-use-co2-in-the-production-of-fuels-chemicals-and-building-materials-driving-global-interest-301721007.html,prnewswire.com,20230113T130000Z,English,United States
BECCS,Bioenergy with carbon capture and storage,"Global Carbon Capture , Utilization and Storage ( CCUS ) Technology Markets , 2022 - 2023 & 2040 : New Pathways to Use CO2 in the Production of Fuels , Chemicals and Building Materials Driving Global Interest",https://www.prnewswire.com:443/news-releases/global-carbon-capture-utilization-and-storage-ccus-technology-markets-2022-2023--2040-new-pathways-to-use-co2-in-the-production-of-fuels-chemicals-and-building-materials-driving-global-interest-301721007.html,prnewswire.com,20230113T123000Z,English,United States
BECCS,Bioenergy with carbon capture and storage,Mapping out key sources of emissions for climate change mitigation,https://phys.org/news/2023-01-key-sources-emissions-climate-mitigation.html,phys.org,20230111T231500Z,English,United States
BECCS,Bioenergy with carbon capture and storage,Solving the other half of the climate equation : Removing carbon,https://www.utilitydive.com/news/carbon-dioxide-removal-Mckinsey-greenhouse-gas-reduction/639429/,utilitydive.com,20230109T164500Z,English,United States
BECCS,Bioenergy with carbon capture and storage,"Global Carbon Capture , Utilization and Storage ( CCUS )",https://www.globenewswire.com/news-release/2023/01/06/2584438/0/en/Global-Carbon-Capture-Utilization-and-Storage-CCUS-Technology-Markets-Report-2023.html,globenewswire.com,20230106T134500Z,English,United States
BECCS,Bioenergy with carbon capture and storage,Drax ends half a century of coal - fired power generation,https://biomassmagazine.com/articles/19963/drax-ends-half-a-century-of-coal-fired-power-generation,biomassmagazine.com,20230427T020000Z,English,United States
BECCS,Bioenergy with carbon capture and storage,Hot Miss | National Affairs,https://www.nationalaffairs.com/blog/detail/findings-a-daily-roundup/hot-miss,nationalaffairs.com,20230426T173000Z,English,United States
BECCS,Bioenergy with carbon capture and storage,Tracking the Energy Transition : EPA Details $2 . 7B Greenhouse Gas Reduction Fund,https://jpt.spe.org/tracking-the-energy-transition-epa-details-2-7b-greenhouse-gas-reduction-fund,jpt.spe.org,20230424T214500Z,English,United States
BECCS,Bioenergy with carbon capture and storage,"Biden EPA Pushing New Power Plant Standards , Risking Already Strained Electric Grid",https://legalinsurrection.com/2023/04/biden-epa-pushing-new-power-plant-standards-risking-already-strained-electric-grid/,legalinsurrection.com,20230424T214500Z,English,United States
BECCS,Bioenergy with carbon capture and storage,Shell admits 1 . 5C climate goal means immediate end to fossil fuel growth,https://www.resilience.org/stories/2023-04-24/shell-admits-1-5c-climate-goal-means-immediate-end-to-fossil-fuel-growth/,resilience.org,20230424T180000Z,English,United States
BECCS,Bioenergy with carbon capture and storage,Drax pauses BECCS investment while waiting for government clarity,https://biomassmagazine.com/articles/19855/drax-pauses-beccs-investment-while-waiting-for-government-clarity,biomassmagazine.com,20230417T061500Z,English,United States
BECCS,Bioenergy with carbon capture and storage,Aston University biomass expert calls for more exploration of power bioenergy with carbon capture and storage,https://www.spacedaily.com/reports/Aston_University_biomass_expert_calls_for_more_exploration_of_power_bioenergy_with_carbon_capture_and_storage_999.html,spacedaily.com,20230409T080000Z,English,United States
BECCS,Bioenergy with carbon capture and storage,Drax Applauds Canada Budget Commitment to Biomass and Clean Energy Investments,https://www.streetinsider.com/Globe+Newswire/Drax+Applauds+Canada%E2%80%99s+Budget+Commitment+to+Biomass+and+Clean+Energy+Investments/21479180.html,streetinsider.com,20230406T190000Z,English,United States
BECCS,Bioenergy with carbon capture and storage,Drax selects Houston as headquarters for BECCS business,https://biomassmagazine.com/articles/20065/drax-selects-houston-as-headquarters-for-beccs-business,biomassmagazine.com,20230525T223000Z,English,United States
BECCS,Bioenergy with carbon capture and storage,"Panorama - Drax Selects Houston , Texas as Headquarters for Bioenergy Carbon Capture Business - Renewable Energy Magazine , at the heart of clean energy journalism",https://www.renewableenergymagazine.com/panorama/drax-selects-houston-texas-as-headquarters-for-20230525,renewableenergymagazine.com,20230525T173000Z,English,United States
BECCS,Bioenergy with carbon capture and storage,"Drax to open BECCS headquarters in Houston , Texas",https://www.gasworld.com/story/drax-to-open-beccs-headquarters-in-houston-texas/2123584.article/,gasworld.com,20230525T123000Z,English,United States
BECCS,Bioenergy with carbon capture and storage,"Drax Selects Houston , Texas as Headquarters for Bioenergy Carbon Capture Business",https://markets.businessinsider.com/news/stocks/drax-selects-houston-texas-as-headquarters-for-bioenergy-carbon-capture-business-1032349643,markets.businessinsider.com,20230524T201500Z,English,United States
BECCS,Bioenergy with carbon capture and storage,"Drax Selects Houston , Texas as Headquarters for Bioenergy Carbon Capture Business",https://www.tmcnet.com/usubmit/2023/05/24/9820725.htm,tmcnet.com,20230524T201500Z,English,United States
BECCS,Bioenergy with carbon capture and storage,Deal Announced by C - Zero and Drax for Carbon Removal,https://markets.businessinsider.com/news/stocks/deal-announced-by-c-zero-and-drax-for-carbon-removal-1032346860,markets.businessinsider.com,20230524T063000Z,English,United States
BECCS,Bioenergy with carbon capture and storage,Drax announces plans for 3 US BECSS projects | Biomassmagazine . com,https://biomassmagazine.com/articles/20057/drax-announces-plans-for-3-us-becss-projects,biomassmagazine.com,20230524T004500Z,English,United States
BECCS,Bioenergy with carbon capture and storage,"What is carbon capture ? Some say it will help save the world , for others it a dangerous distraction",https://kvia.com/news/us-world/cnn-world/2023/05/11/what-is-carbon-capture-some-say-it-will-help-save-the-world-for-others-its-a-dangerous-distraction/,kvia.com,20230511T214500Z,English,United States
BECCS,Bioenergy with carbon capture and storage,"What is carbon capture ? Some say it will help save the world , for others it a dangerous distraction",https://www.cnn.com/2023/05/11/world/carbon-capture-removal-pollution-climate-intl/,cnn.com,20230511T141500Z,English,United States
BECCS,Bioenergy with carbon capture and storage,"What is carbon capture ? Some say it will help save the world , for others it a dangerous distraction",https://us.cnn.com/2023/05/11/world/carbon-capture-removal-pollution-climate-intl/,us.cnn.com,20230511T131500Z,English,United States
BECCS,Bioenergy with carbon capture and storage,Stock Market,http://markets.buffalonews.com/buffnews/article/bizwire-2023-5-4-enviva-reports-first-quarter-2023-results-updates-2023-guidance-changes-capital-allocation-priorities-and-announces-new-contract,markets.buffalonews.com,20230504T013000Z,English,United States
BECCS,Bioenergy with carbon capture and storage,Critical climate solution  or  worse than co,https://www.eurekalert.org:443/news-releases/993826,eurekalert.org,20230628T211500Z,English,United States
BECCS,Bioenergy with carbon capture and storage,Hydrogen Fuel Innovator Compact Syngas Solutions Bags £4m Government Funding For Enhanced Carbon Capture Technology,https://fuelcellsworks.com/news/hydrogen-fuel-innovator-compact-syngas-solutions-bags-4m-government-funding-for-enhanced-carbon-capture-technology/,fuelcellsworks.com,20230628T184500Z,English,United States
BECCS,Bioenergy with carbon capture and storage,"BECCS : A divisive energy technology hailed as a  climate solution  by some , and  worse than coal  by others",https://www.earth.com/news/beccs-a-divisive-energy-technology-hailed-as-a-climate-solution-by-some-and-worse-than-coal-by-others/,earth.com,20230628T183000Z,English,United States
BECCS,Bioenergy with carbon capture and storage,UK waste - to - hydrogen company Compact Syngas Solutions secures £4m funding from DESNZ,https://www.gasworld.com/story/uk-waste-to-hydrogen-company-compact-syngas-solutions-secures-4m-funding-from-desnz/2124247.article/,gasworld.com,20230628T054500Z,English,United States
BECCS,Bioenergy with carbon capture and storage,Aker Carbon Capture AS - Aker Carbon Capture awarded study by Söderenergi in Sweden,https://electricenergyonline.com/article/energy/category/biofuel/83/1030019/aker-carbon-capture-awarded-study-by-soderenergi-in-sweden.html,electricenergyonline.com,20230627T050000Z,English,United States
BECCS,Bioenergy with carbon capture and storage,Aker Carbon Capture awarded study by Söderenergi in Sweden,https://www.prnewswire.com/news-releases/aker-carbon-capture-awarded-study-by-soderenergi-in-sweden-301862834.html,prnewswire.com,20230626T064500Z,English,United States
BECCS,Bioenergy with carbon capture and storage,STEM Education across Canada and in Indigenous Communities Gets Boost from Drax Foundation,https://finance.yahoo.com/news/stem-education-across-canada-indigenous-165600231.html,finance.yahoo.com,20230621T173000Z,English,United States
BECCS,Bioenergy with carbon capture and storage,The State of EU and united kingdom Hydrogen Regulations | Morgan Lewis,https://www.jdsupra.com/legalnews/the-state-of-eu-and-uk-hydrogen-3902552/,jdsupra.com,20230616T193000Z,English,United States
BECCS,Bioenergy with carbon capture and storage,UK agency opens public comment period on Drax BECCS application,https://biomassmagazine.com/articles/20092/uk-agency-opens-public-comment-period-on-drax-beccs-application,biomassmagazine.com,20230606T023000Z,English,United States
BECCS,Bioenergy with carbon capture and storage,Cisco Sustainability 101 : What Is Net Zero ? 2023 - 06 - 05,https://www.pr-inside.com/cisco-s-sustainability-101-what-is-net-zero-r4923520.htm,pr-inside.com,20230605T130000Z,English,United States
BECCS,Bioenergy with carbon capture and storage,Babcock & Wilcox Awarded Contract To Study Bioenergy With Carbon Capture And Storage ( BECCS ) Conversion For Coal Power Plant In Michigan,https://www.poweronline.com/doc/babcock-amp-wilcox-awarded-contract-study-bioenergy-carbon-capture-storage-(beccs)-conversion-coal-powermichigan-0001,poweronline.com,20230731T120000Z,English,United States
BECCS,Bioenergy with carbon capture and storage,"Busy Week : News and Notes from the Power Industry ( July 27 , 2023 )",https://www.powermag.com/busy-week-news-and-notes-from-the-power-industry-july-27-2023/,powermag.com,20230727T173000Z,English,United States
BECCS,Bioenergy with carbon capture and storage,B & W Plans to Convert Michigan Coal Plant to Clean Power Generator,https://www.rigzone.com/news/bw_plans_to_convert_michigan_coal_plant_to_clean_power_generator-27-jul-2023-173459-article/,rigzone.com,20230727T121500Z,English,United States
BECCS,Bioenergy with carbon capture and storage,Skeptical Science New Research for Week # 30 2023,https://skepticalscience.com/new_research_2023_30.html,skepticalscience.com,20230727T090000Z,English,United States
BECCS,Bioenergy with carbon capture and storage,Babcock & Wilcox Awarded Contract to Study Bioenergy with Carbon Capture and Storage ( BECCS ) Conversion for Coal Power Plant in Michigan - Babcock & Wilcox ( NYSE : BW ),https://www.benzinga.com/pressreleases/23/07/b33387517/babcock-wilcox-awarded-contract-to-study-bioenergy-with-carbon-capture-and-storage-beccs-conversio,benzinga.com,20230726T113000Z,English,United States
BECCS,Bioenergy with carbon capture and storage,Drax issues formal response to  BECCS Done Well  report,https://biomassmagazine.com/articles/20227/drax-issues-formal-response-to-undefinedbeccs-done-wellundefined-report,biomassmagazine.com,20230720T020000Z,English,United States
BECCS,Bioenergy with carbon capture and storage,Aker Carbon Capture to study feasibility of BECCS project,https://biomassmagazine.com/articles/20215/aker-carbon-capture-to-study-feasibility-of-beccs-project,biomassmagazine.com,20230718T024500Z,English,United States
BECCS,Bioenergy with carbon capture and storage,How to help forests fight climate change : Report,https://phys.org/news/2023-07-forests-climate.html,phys.org,20230714T203000Z,English,United States
BECCS,Bioenergy with carbon capture and storage,BECCS : Converting Wood To Energy In The 21st Century,https://www.forbes.com/sites/davidblackmon/2023/07/08/beccs-converting-wood-to-energy-in-the-21st-century/,forbes.com,20230708T130000Z,English,United States
BECCS,Bioenergy with carbon capture and storage,Proposed climate - friendly energy source continues to gain support,https://www.witn.com/2023/07/05/proposed-climate-friendly-energy-source-continues-gain-support/,witn.com,20230706T023000Z,English,United States
BECCS,Bioenergy with carbon capture and storage,Monthly Review | On Technology and Degrowth,https://monthlyreview.org/2023/07/01/on-technology-and-degrowth/,monthlyreview.org,20230702T061500Z,English,United States
BECCS,Bioenergy with carbon capture and storage,Drax Announces the Appointment of Andrea Bertone to the Company Board of Directors,https://www.prnewswire.com/news-releases/drax-announces-the-appointment-of-andrea-bertone-to-the-companys-board-of-directors-301915158.html,prnewswire.com,20230831T174500Z,English,United States
BECCS,Bioenergy with carbon capture and storage,LATAM and Airbus fund MIT study on options for decarbonizing aviation in Latin America,https://www.traveldailynews.com/aviation/latam-and-airbus-fund-mit-study-on-options-for-decarbonizing-aviation-in-latin-america/,traveldailynews.com,20230831T081500Z,English,United States
BECCS,Bioenergy with carbon capture and storage,Drax Joins World Economic Forum First Movers Coalition,https://www.prnewswire.com/news-releases/drax-joins-world-economic-forums-first-movers-coalition-301912961.html,prnewswire.com,20230829T191500Z,English,United States
BECCS,Bioenergy with carbon capture and storage,Brilliant Planet : Growing and burying algae in the Sahara is the latest solution for the climate crisis,https://us.cnn.com/2023/08/18/africa/brilliant-planet-algae-carbon-removal-climate-morocco-scn-spc-intl/,us.cnn.com,20230818T121500Z,English,United States
BECCS,Bioenergy with carbon capture and storage,Brilliant Planet : Growing and burying algae in the Sahara is the latest solution for the climate crisis,https://edition.cnn.com/2023/08/18/africa/brilliant-planet-algae-carbon-removal-climate-morocco-scn-spc-intl/,edition.cnn.com,20230818T121500Z,English,United States
BECCS,Bioenergy with carbon capture and storage,How Carbon Capture Is Getting New Life With US Help - The Washington Post,https://www.washingtonpost.com/business/energy/2023/08/14/us-carbon-capture-efforts-challenges-and-impact-explained/d3d5848e-3aaf-11ee-aefd-40c039a855ba_story.html,washingtonpost.com,20230814T150000Z,English,United States
BECCS,Bioenergy with carbon capture and storage,UK Biomass Strategy Wont Stop Destruction of North American Forests,https://cleantechnica.com/2023/08/13/uk-biomass-strategy-wont-stop-destruction-of-north-american-forests/,cleantechnica.com,20230813T190000Z,English,United States
BECCS,Bioenergy with carbon capture and storage,"UK publishes Biomass Strategy , report on BECCS | Biomassmagazine . com",https://biomassmagazine.com/articles/20295/uk-publishes-biomass-strategy-report-on-beccs,biomassmagazine.com,20230810T233000Z,English,United States
BECCS,Bioenergy with carbon capture and storage,Carbon Offset / Carbon Credit Market to witness promising growth by 2028,https://whatech.com/og/markets-research/industrial/753703-carbon-offset-carbon-credit-market-to-witness-promising-growth-by-2028,whatech.com,20230809T001500Z,English,United States
BECCS,Bioenergy with carbon capture and storage,The Global Market for Bioenergy 2023 to 2033 : Industry Developments and Investments,https://www.prnewswire.com/news-releases/the-global-market-for-bioenergy-2023-to-2033-industry-developments-and-investments-301892498.html,prnewswire.com,20230803T151500Z,English,United States
BECCS,Bioenergy with carbon capture and storage,Enviva Reports 2Q 2023 Results and Provides Progress Update on Cost and Productivity Improvement Initiatives,https://itbusinessnet.com/2023/08/enviva-reports-2q-2023-results-and-provides-progress-update-on-cost-and-productivity-improvement-initiatives/,itbusinessnet.com,20230803T030000Z,English,United States
BECCS,Bioenergy with carbon capture and storage,The world biggest carbon capture facility is being built in Texas . Will it work ?,https://grist.org/energy/the-worlds-biggest-carbon-capture-facility-is-being-built-in-texas-will-it-work/,grist.org,20230927T093000Z,English,United States
BECCS,Bioenergy with carbon capture and storage,Drax joins the Carbon Business Council,https://www.gasworld.com/story/drax-joins-the-carbon-business-council/2127997.article/,gasworld.com,20230921T134500Z,English,United States
BECCS,Bioenergy with carbon capture and storage,AstraZeneca advances united kingdom clean heat and energy efficiencies with £100m commitment,https://www.pharmiweb.com/press-release/2023-09-14/astrazeneca-advances-uk-clean-heat-and-energy-efficiencies-with-100m-commitment,pharmiweb.com,20230914T144500Z,English,United States
BECCS,Bioenergy with carbon capture and storage,AstraZeneca advances united kingdom clean heat and energy efficiencies with £100m commitment,https://www.tmcnet.com/usubmit/2023/09/14/9880835.htm,tmcnet.com,20230914T070000Z,English,United States
BECCS,Bioenergy with carbon capture and storage,Texas breaks ground on controversial Biden - backed carbon removal project,https://thebulletin.org/2023/09/texas-breaks-ground-on-controversial-biden-backed-carbon-removal-project/,thebulletin.org,20230913T224500Z,English,United States
BECCS,Bioenergy with carbon capture and storage,Britain wind power capacity surpasses gas,https://renewablesnow.com/news/britains-wind-power-capacity-surpasses-gas-833821/,renewablesnow.com,20230913T201500Z,English,United States
BECCS,Bioenergy with carbon capture and storage,A new climate solution could involve cropland and volcanic rocks,https://www.popsci.com/environment/volcanic-rock-farm-carbon-sequestration/,popsci.com,20230908T174500Z,English,United States
BECCS,Bioenergy with carbon capture and storage,Drax applauds the government of Canada commitment to biomass technologies as highlighted in the Fall Economic Statement - Energy Industry Today,https://energy.einnews.com/pr_news/670755273/drax-applauds-the-government-of-canada-s-commitment-to-biomass-technologies-as-highlighted-in-the-fall-economic-statement,energy.einnews.com,20231125T034500Z,English,United States
BECCS,Bioenergy with carbon capture and storage,Drax applauds the government of Canada commitment to biomass technologies as highlighted in the Fall Economic Statement,https://markets.businessinsider.com/news/stocks/drax-applauds-the-government-of-canada-s-commitment-to-biomass-technologies-as-highlighted-in-the-fall-economic-statement-1032848878,markets.businessinsider.com,20231124T230000Z,English,United States
BECCS,Bioenergy with carbon capture and storage,Drax applauds the government of Canada commitment to,https://www.globenewswire.com/news-release/2023/11/24/2785703/0/en/Drax-applauds-the-government-of-Canada-s-commitment-to-biomass-technologies-as-highlighted-in-the-Fall-Economic-Statement.html,globenewswire.com,20231124T221500Z,English,United States
BECCS,Bioenergy with carbon capture and storage,"Drax Foundation Donates More Than $450 , 000 Aiding Canadian Organizations Focused on Supporting Indigenous Communities","https://www.streetinsider.com/Globe+Newswire/Drax+Foundation+Donates+More+Than+$450,000+Aiding+Canadian+Organizations+Focused+on+Supporting+Indigenous+Communities/22449164.html",streetinsider.com,20231122T223000Z,English,United States
BECCS,Bioenergy with carbon capture and storage,Evero partners with Mitsubishi Heavy Industries on carbon capture technology for BECCS project in the united kingdom : The Daily Digest,https://www.biofuelsdigest.com/bdigest/2023/11/11/evero-partners-with-mitsubishi-heavy-industries-on-carbon-capture-technology-for-beccs-project-in-the-uk/,biofuelsdigest.com,20231112T004500Z,English,United States
BECCS,Bioenergy with carbon capture and storage,Drax Partners with Patch to Enhance Carbon Credit Offering,https://www.streetinsider.com/PRNewswire/Drax+Partners+with+Patch+to+Enhance+Carbon+Credit+Offering/22380140.html,streetinsider.com,20231108T150000Z,English,United States
BECCS,Bioenergy with carbon capture and storage,Is It Time To Embrace Geoengineering ?,https://oilprice.com/Energy/Energy-General/Is-It-Time-To-Embrace-Geoengineering.html,oilprice.com,20231219T101500Z,English,United States
BECCS,Bioenergy with carbon capture and storage,Engineering Archives,https://www.powermag.com/category/engineering/,powermag.com,20240301T153000Z,English,United States
BECCS,Bioenergy with carbon capture and storage,UK Drax Eyes U . S . for Bioenergy CCS Expansion Drive,https://www.powermag.com/uks-drax-eyes-u-s-for-bioenergy-ccs-expansion-drive/,powermag.com,20240301T153000Z,English,United States
BECCS,Bioenergy with carbon capture and storage,"Global Biochar Market Analysis & Outlook 2024 - 2034 , with Profiles of 100+ Biochar Manufacturers and Developers Globally Including Production Capacities and Latest Expansions",https://www.tmcnet.com/usubmit/2024/02/28/9970057.htm,tmcnet.com,20240228T174500Z,English,United States
BECCS,Bioenergy with carbon capture and storage,Using biomass to reach net zero could be a waste of taxpayer money,https://news.yahoo.com/using-biomass-reach-net-zero-201305930.html,news.yahoo.com,20240223T204500Z,English,United States
BECCS,Bioenergy with carbon capture and storage,European Energy strikes biogenic CO2 deal to produce e - methanol in Texas,https://www.gasworld.com/story/european-energy-strikes-biogenic-co2-deal-to-produce-e-methanol-in-texas/2134146.article/,gasworld.com,20240215T163000Z,English,United States
BECCS,Bioenergy with carbon capture and storage,Aker Carbon Capture awarded study for capturing biogenic CO2 in Sweden,https://www.worldcement.com/europe-cis/12022024/aker-carbon-capture-awarded-study-for-capturing-biogenic-co2-in-sweden/,worldcement.com,20240212T103000Z,English,United States
BECCS,Bioenergy with carbon capture and storage,Replacing animal - based foods with alternative proteins would unlock land for carbon removal,https://www.sciencedaily.com/releases/2024/02/240207120533.htm,sciencedaily.com,20240208T134500Z,English,United States
BECCS,Bioenergy with carbon capture and storage,Aker Carbon Capture awarded study for capturing biogenic CO2 in Sweden,https://www.tmcnet.com/usubmit/-aker-carbon-capture-awarded-study-capturing-biogenic-co2-/2024/02/08/9959472.htm,tmcnet.com,20240208T081500Z,English,United States
BECCS,Bioenergy with carbon capture and storage,Aker Carbon Capture awarded study for capturing biogenic CO2 in Sweden,https://www.tmcnet.com/usubmit/2024/02/08/9959472.htm,tmcnet.com,20240208T073000Z,English,United States
BECCS,Bioenergy with carbon capture and storage,Study warns of overreliance on carbon dioxide removal in climate strategies,https://www.terradaily.com/reports/Study_warns_of_overreliance_on_carbon_dioxide_removal_in_climate_strategies_999.html,terradaily.com,20240204T024500Z,English,United States
BECCS,Bioenergy with carbon capture and storage,Karbon - X and Drax Group Partner in Major Step for Carbon Removal Market,https://www.streetinsider.com/Accesswire/Karbon-X+and+Drax+Group+Partner+in+Major+Step+for+Carbon+Removal+Market/22995216.html,streetinsider.com,20240328T193000Z,English,United States
BECCS,Bioenergy with carbon capture and storage,UK CCUS Plans Outdated : Think Tank,https://www.rigzone.com/news/uk_ccus_plans_outdated_think_tank-18-mar-2024-176104-article/,rigzone.com,20240318T123000Z,English,United States
BECCS,Bioenergy with carbon capture and storage,How Clean Energy Tax Breaks Could Fuel a US Wood Burning Boom,https://insideclimatenews.org/news/15032024/clean-energy-tax-breaks-wood-burning-boom/,insideclimatenews.org,20240315T094500Z,English,United States
BECCS,Bioenergy with carbon capture and storage,Red Trail Energy Is First Ethanol Plant to Enter Voluntary Carbon Markets,https://www.tmcnet.com/usubmit/2024/03/06/9973996.htm,tmcnet.com,20240306T144500Z,English,United States
BECCS,Bioenergy with carbon capture and storage,"POWER [ March 1 , 2024 ]",https://www.powermag.com/issues/power-03012024/,powermag.com,20240306T004500Z,English,United States
BECCS,Bioenergy with carbon capture and storage,US campaigners call on united kingdom public for support over alleged impact of Drax plant,https://www.aol.com/us-campaigners-call-uk-public-105342219.html,aol.com,20240302T010000Z,English,United States
BECCS,Bioenergy with carbon capture and storage,Engineering Archives,https://www.powermag.com/category/engineering/,powermag.com,20240301T153000Z,English,United States
BECCS,Bioenergy with carbon capture and storage,UK Drax Eyes U . S . for Bioenergy CCS Expansion Drive,https://www.powermag.com/uks-drax-eyes-u-s-for-bioenergy-ccs-expansion-drive/,powermag.com,20240301T153000Z,English,United States
BECCS,Bioenergy with carbon capture and storage,"Stop subsidizing Drax forest destruction , environmental injustices , and climate damage , say Dogwood Alliance and other environmental groups",https://www.tmcnet.com/usubmit/2024/04/25/10000705.htm,tmcnet.com,20240425T151500Z,English,United States
BECCS,Bioenergy with carbon capture and storage,Trellis Climate aims to bridge the  commercial valley of death  for climate tech,https://techcrunch.com/2024/04/18/trellis-climate-missing-middle/,techcrunch.com,20240418T123000Z,English,United States
BECCS,Bioenergy with carbon capture and storage,Japan Mizuho Invests $3 . 64MM in Bison CCS Project in Alberta,https://www.rigzone.com/news/japans_mizuho_invests_364mm_in_bisons_ccs_project_in_alberta-15-apr-2024-176402-article/,rigzone.com,20240415T081500Z,English,United States
BECCS,Bioenergy with carbon capture and storage,Cepi welcomes EU Parliament vote on carbon removals,https://www.pulpapernews.com/20240411/15564/cepi-welcomes-eu-parliament-vote-carbon-removals,pulpapernews.com,20240411T113000Z,English,United States
BECCS,Bioenergy with carbon capture and storage,Net Zero | North West,https://energycentral.com/c/cp/net-zero-north-west-0,energycentral.com,20240405T223000Z,English,United States
BECCS,Bioenergy with carbon capture and storage,Karbon - X and Drax Group Partner in Major Step for Carbon Removal Market ...,https://www.pr-inside.com/karbon-x-and-drax-group-partner-in-major-step-for-carbon-removal-market-r4997736.htm,pr-inside.com,20240405T140000Z,English,United States
BECCS,Bioenergy with carbon capture and storage,Burying plant waste removes CO2 from the air . But can it scale ?,https://www.yahoo.com/news/burying-plant-waste-removes-co2-073000541.html,yahoo.com,20240402T133000Z,English,United States
BECCS,Bioenergy with carbon capture and storage,Does  net zero  mean zero cows ? - Bulletin of the Atomic Scientists,https://thebulletin.org/premium/2024-05/does-net-zero-mean-zero-cows/,thebulletin.org,20240531T160000Z,English,United States
BECCS,Bioenergy with carbon capture and storage,Treasury paves way for clean energy tax breaks - Governor Wind Energy Coalition,https://governorswindenergycoalition.org/treasury-paves-way-for-clean-energy-tax-breaks/,governorswindenergycoalition.org,20240531T081500Z,English,United States
BECCS,Bioenergy with carbon capture and storage,FS completes feasibility studies for BECCS project in Brazil : The Daily Digest,https://www.biofuelsdigest.com/bdigest/2024/05/29/fs-completes-feasibility-studies-for-beccs-project-in-brazil/,biofuelsdigest.com,20240530T023000Z,English,United States
BECCS,Bioenergy with carbon capture and storage,Researchers set out path for global warming reversal,https://innovationtoronto.com/researchers-set-out-path-for-global-warming-reversal/,innovationtoronto.com,20240522T063000Z,English,United States
BECCS,Bioenergy with carbon capture and storage,How powdered rock could help slow climate change,https://www.sciencenews.org/article/powdered-rock-help-slow-climate-change,sciencenews.org,20240701T173000Z,English,United States
BECCS,Bioenergy with carbon capture and storage,"Drax Donates More Than $291 , 000 to Non - Profits Focused on STEM Education and the Environment",https://www.tmcnet.com/usubmit/2024/06/18/10030431.htm,tmcnet.com,20240618T174500Z,English,United States
BECCS,Bioenergy with carbon capture and storage,"Drax Donates More Than $291 , 000 to Non - Profits Focused on STEM Education and the Environment",https://www.prnewswire.com/news-releases/drax-donates-more-than-291-000-to-non-profits-focused-on-stem-education-and-the-environment-302175833.html,prnewswire.com,20240618T174500Z,English,United States
BECCS,Bioenergy with carbon capture and storage,"UW - Madison : Faculty , students co - author landmark report on carbon dioxide removal",https://www.wisbusiness.com/2024/uw-madison-faculty-students-co-author-landmark-report-on-carbon-dioxide-removal/,wisbusiness.com,20240612T190000Z,English,United States
BECCS,Bioenergy with carbon capture and storage,"World Carbon Removal Must Increase by 4x to Reach Climate Targets , Research Finds",https://www.ecowatch.com/carbon-removal-goals-climate-targets.html,ecowatch.com,20240607T234500Z,English,United States
BECCS,Bioenergy with carbon capture and storage,2024 CDR Report : Upscaling CO2 Removal to Achieve Paris Goals,https://www.miragenews.com/2024-cdr-report-upscaling-co2-removal-to-1249970/,miragenews.com,20240605T124500Z,English,United States
BECCS,Bioenergy with carbon capture and storage,CO2 removal needs to  more than treble,https://www.gasworld.com/story/co2-removal-needs-to-more-than-treble/2139682.article/,gasworld.com,20240605T114500Z,English,United States
BECCS,Bioenergy with carbon capture and storage,Babcock & Wilcox to begin work on BECCS project for NorthStar Clean Energy : The Daily Digest,https://www.biofuelsdigest.com/bdigest/2024/06/03/babcock-wilcox-to-begin-work-on-beccs-project-for-northstar-clean-energy/,biofuelsdigest.com,20240604T010000Z,English,United States
BECCS,Bioenergy with carbon capture and storage,"LGlobal Carbon Capture , Utilization , and Storage ( CCUS )",https://www.globenewswire.com/news-release/2024/07/25/2918599/0/en/LGlobal-Carbon-Capture-Utilization-and-Storage-CCUS-Market-2025-2045-Technology-Readiness-Levels-of-CCUS-Approaches-Rapid-Advancements-and-Potential-Game-changers.html,globenewswire.com,20240725T084500Z,English,United States
BECCS,Bioenergy with carbon capture and storage,"Tondu plant starts $300M change to biomass , carbon capture facility",http://www.michigansthumb.com/news/article/tes-filer-city-19592159.php,michigansthumb.com,20240724T170000Z,English,United States
BECCS,Bioenergy with carbon capture and storage,Innovative Approaches to Decarbonize Aviation in Latin America,https://latinamericanpost.com/technology/innovative-approaches-to-decarbonize-aviation-in-latin-america/,latinamericanpost.com,20240703T174500Z,English,United States
BECCS,Bioenergy with carbon capture and storage,How powdered rock could help slow climate change,https://www.sciencenews.org/article/powdered-rock-help-slow-climate-change,sciencenews.org,20240701T173000Z,English,United States
BECCS,Bioenergy with carbon capture and storage,No Scientific Cliff Edge Of 12 Years To Save Planet ( or 18 Months ) - Can IPCC Challenge  Deadlines Make Headline Misreporting ?,https://www.science20.com/robert_walker/no_scientific_cliff_edge_of_12_years_to_save_planet_or_18_months_can_ipcc_challenge_deadlines_make_headlines,science20.com,20240813T034500Z,English,United States
BECCS,Bioenergy with carbon capture and storage,Karbon - X and Drax Officially Launch Revolutionary Partnership in Green Energy and Sustainability,https://www.saltlakecitysun.com/news/274632576/karbon-x-and-drax-officially-launch-revolutionary-partnership-in-green-energy-and-sustainability,saltlakecitysun.com,20240924T220000Z,English,United States
BECCS,Bioenergy with carbon capture and storage,Karbon - X and Drax Officially Launch Revolutionary Partnership in Green Energy and Sustainability,https://www.bignewsnetwork.com/news/274632576/karbon-x-and-drax-officially-launch-revolutionary-partnership-in-green-energy-and-sustainability,bignewsnetwork.com,20240924T173000Z,English,United States
BECCS,Bioenergy with carbon capture and storage,German startup secures $62M for  carbon negative  power plants,https://thenextweb.com/news/german-startup-secures-62m-for-carbon-negative-biogas-power-plants,thenextweb.com,20240913T113000Z,English,United States
BECCS,Bioenergy with carbon capture and storage,"A letter from Rio de Janeiro , Charley Rattan | Brazil , CCS and Hydrogen",https://energycentral.com/c/og/letter-rio-de-janeiro-charley-rattan-brazil-ccs-and-hydrogen,energycentral.com,20241201T171500Z,English,United States
BECCS,Bioenergy with carbon capture and storage,Is there enough land on Earth to fight climate change and feed the world ?,https://phys.org/news/2024-11-earth-climate-world.html,phys.org,20241127T154500Z,English,United States
BECCS,Bioenergy with carbon capture and storage,Balancing Land Use : Climate Fight vs . Global Food Needs,https://www.miragenews.com/balancing-land-use-climate-fight-vs-global-food-1365904/,miragenews.com,20241126T221500Z,English,United States
BECCS,Bioenergy with carbon capture and storage,B & W to Convert Coal Plant to Gas for AES Indiana,https://www.rigzone.com/news/bw_to_convert_coal_plant_to_gas_for_aes_indiana-22-nov-2024-178767-article/,rigzone.com,20241122T151500Z,English,United States
BECCS,Bioenergy with carbon capture and storage,"The climate and biodiversity crises are entwined , but we risk pitting one against the other",https://phys.org/news/2024-11-climate-biodiversity-crises-entwined-pitting.html,phys.org,20241119T004500Z,English,United States
BECCS,Bioenergy with carbon capture and storage,"EU expected to approve climate , energy commissioners",https://www.argusmedia.com/en/news-and-insights/latest-market-news/2625765-eu-expected-to-approve-climate-energy-commissioners,argusmedia.com,20241106T183000Z,English,United States
BECCS,Bioenergy with carbon capture and storage,UK Engines Manufacturers Report Hydrogen Engines Essential For Solving Climate Change,https://cleantechnica.com/2024/12/31/uk-engines-manufacturers-report-hydrogen-engines-essential-for-solving-climate-change/,cleantechnica.com,20250101T034500Z,English,United States
BECCS,Bioenergy with carbon capture and storage,Scientists from 57 countries want to end siloed decision - making on climate,https://grist.org/solutions/ipbes-un-panel-biodiversity-ecosystem-services-nexus-report-namibia/,grist.org,20241218T131500Z,English,United States
BECCS,Bioenergy with carbon capture and storage,A million tonnes of trees to be chopped down for  sustainable  plane fuel,https://www.yahoo.com/news/million-tonnes-trees-chopped-down-120337984.html,yahoo.com,20241212T130000Z,English,United States
BECCS,Bioenergy with carbon capture and storage,Capsol Technologies to study EfW plant in France,https://www.gasworld.com/story/capsol-technologies-to-study-efw-plant-in-france/2147707.article/,gasworld.com,20241205T190000Z,English,United States
BECCS,Bioenergy with carbon capture and storage,"A letter from Rio de Janeiro , Charley Rattan | Brazil , CCS and Hydrogen",https://energycentral.com/c/og/letter-rio-de-janeiro-charley-rattan-brazil-ccs-and-hydrogen,energycentral.com,20241201T171500Z,English,United States
BECCS,Bioenergy with carbon capture and storage,Scientists Unveil New Method to Trap CO2 in Concrete,https://www.azocleantech.com/news.aspx?newsID=35507,azocleantech.com,20250131T140000Z,English,United States
BECCS,Bioenergy with carbon capture and storage,Smart carbon dioxide removal yields economic and environmental benefits,https://www.terradaily.com/reports/Smart_carbon_dioxide_removal_yields_economic_and_environmental_benefits_999.html,terradaily.com,20250130T051500Z,English,United States
BECCS,Bioenergy with carbon capture and storage,Smart carbon dioxide removal yields economic and environmental benefits,https://phys.org/news/2025-01-smart-carbon-dioxide-yields-economic.html,phys.org,20250129T210000Z,English,United States
BECCS,Bioenergy with carbon capture and storage,UK Engines Manufacturers Report Hydrogen Engines Essential For Solving Climate Change,https://cleantechnica.com/2024/12/31/uk-engines-manufacturers-report-hydrogen-engines-essential-for-solving-climate-change/,cleantechnica.com,20250101T034500Z,English,United States
BECCS,Bioenergy with carbon capture and storage,Skeptical Science New Research for Week # 9 2025,https://skepticalscience.com/new_research_2025_9.html,skepticalscience.com,20250227T103000Z,English,United States
BECCS,Bioenergy with carbon capture and storage,Climate plantation strategy face hurdles : Study reveals limited carbon capture potential within safe limits,https://phys.org/news/2025-02-climate-plantations-strategy-hurdles-reveals.html,phys.org,20250212T221500Z,English,United States
BECCS,Bioenergy with carbon capture and storage,Stockholm Exergi moves forward with build for Swedish BECCS project,https://www.gasworld.com/story/stockholm-exergi-moves-forward-with-build-for-swedish-beccs-project/2153875.article/,gasworld.com,20250331T154500Z,English,United States
BECCS,Bioenergy with carbon capture and storage,SAIPEM - Saipem : full notice to proceed from ...,https://www.euro-petrole.com/saipem-full-notice-to-proceed-from-stockholm-exergi-for-the-execution-of-a-large-scale-bioenergy-co2-capture-project-in-sweden-n-i-28238,euro-petrole.com,20250331T091500Z,English,United States
BECCS,Bioenergy with carbon capture and storage,World First Carbon Capture Plant Powered Directly by Wind Planned,https://www.scientificamerican.com/article/worlds-first-carbon-capture-plant-powered-directly-by-wind-planned/,scientificamerican.com,20250317T160000Z,English,United States
BECCS,Bioenergy with carbon capture and storage,Carbon Budget Misinformation,https://wattsupwiththat.com/2025/03/09/carbon-budget-misinformation/,wattsupwiththat.com,20250310T053000Z,English,United States
BECCS,Bioenergy with carbon capture and storage,"UCLA Samueli dean recognized with teaching , research awards",https://newsroom.ucla.edu/dept/faculty/samueli-dean-ah-hyung-alissa-park-teaching-research-awards,newsroom.ucla.edu,20250306T031500Z,English,United States
BECCS,Bioenergy with carbon capture and storage,Carbon Alpha Selects Mangrove as Digital MRV Solution for North Star Carbon Removal Project,https://www.prnewswire.com/news-releases/carbon-alpha-selects-mangrove-as-digital-mrv-solution-for-north-star-carbon-removal-project-302437276.html,prnewswire.com,20250429T103000Z,English,United States
BECCS,Bioenergy with carbon capture and storage,"Yara , Ørsted , and the €200 / ton Mirage : What Northern Lights Really Teaches Us About CCS",https://cleantechnica.com/2025/04/13/yara-orsted-and-the-e200-ton-mirage-what-northern-lights-really-teaches-us-about-ccs/,cleantechnica.com,20250413T220000Z,English,United States
BECCS,Bioenergy with carbon capture and storage,Saipem Gets Green Light to Start Work on CCS Project in Sweden,https://www.rigzone.com/news/saipem_gets_green_light_to_start_work_on_ccs_project_in_sweden-02-apr-2025-180107-article/,rigzone.com,20250402T074500Z,English,United States
BECCS,Bioenergy with carbon capture and storage,Skeptical Science New Research for Week # 22 2025,https://skepticalscience.com/new_research_2025_22.html,skepticalscience.com,20250529T084500Z,English,United States
BECCS,Bioenergy with carbon capture and storage,Climeworks signs carbon removal deal with shipping giant,https://www.gasworld.com/story/climeworks-signs-carbon-removal-deal-with-shipping-giant/2155830.article/,gasworld.com,20250507T200000Z,English,United States
BECCS,Bioenergy with carbon capture and storage,"Gevo , Biorecro to accelerate multi - year carbon credit offtake and business expansion",http://www.hydrocarbonprocessing.com/news/2025/09/gevo-biorecro-to-accelerate-multi-year-carbon-credit-offtake-and-business-expansion/,hydrocarbonprocessing.com,20250924T003000Z,English,United States
BECCS,Bioenergy with carbon capture and storage,Environmental News Network - 60 Percent of the World Land Area Is in a Precarious State,https://www.enn.com/articles/77082-60-percent-of-the-world-s-land-area-is-in-a-precarious-state,enn.com,20250910T231500Z,English,United States
BECCS,Bioenergy with carbon capture and storage,Skeptical Science New Research for Week # 36 2025,https://skepticalscience.com/new_research_2025_36.html,skepticalscience.com,20250904T074500Z,English,United States
BECCS,Bioenergy with carbon capture and storage,From Reuse To Burial : Managing Mass Timber Beyond The Building Stage,https://cleantechnica.com/2025/09/03/from-reuse-to-burial-managing-mass-timber-beyond-the-building-stage/,cleantechnica.com,20250904T014500Z,English,United States
BECCS,Bioenergy with carbon capture and storage,eLTER Releases First Policy Brief On Scaling Carbon Removal For Climate Neutrality,https://www.eurasiareview.com/23102025-elter-releases-first-policy-brief-on-scaling-carbon-removal-for-climate-neutrality/,eurasiareview.com,20251023T001500Z,English,United States
BECCS,Bioenergy with carbon capture and storage,Here the scoop on Big Tech multi - million dollar carbon removal climate bet,https://geneticliteracyproject.org/2025/10/17/heres-the-scoop-on-big-techs-multi-million-dollar-carbon-removal-climate-bet/,geneticliteracyproject.org,20251017T081500Z,English,United States
BECCS,Bioenergy with carbon capture and storage,"The Download : Creating the perfect baby , and carbon removal lofty promises",https://www.technologyreview.com/2025/10/16/1125851/the-download-creating-the-perfect-baby-and-carbon-removals-lofty-promises/,technologyreview.com,20251016T133000Z,English,United States
BECCS,Bioenergy with carbon capture and storage,USA BioEnergy plant in Bon Wier will include small nuclear generator,https://kfdm.com/news/local/usa-bioenergy-site-in-bon-wier-will-include-small-nuclear-plant,kfdm.com,20251015T194500Z,English,United States
BECCS,Bioenergy with carbon capture and storage,Big Tech big bet on a controversial carbon removal tactic,https://www.technologyreview.com/2025/10/15/1125715/big-techs-big-bet-on-a-controversial-carbon-removal-tactic/,technologyreview.com,20251015T140000Z,English,United States
BECCS,Bioenergy with carbon capture and storage,"New Carbon Capture Legislation , Same Old Grift",https://thenewamerican.com/us/new-carbon-capture-legislation-same-old-grift/,thenewamerican.com,20251014T203000Z,English,United States
BECCS,Bioenergy with carbon capture and storage,Moore bipartisan bill would establish commission to study biomass conversion technology,https://riponadvance.com/stories/moores-bipartisan-bill-would-establish-commission-to-study-biomass-conversion-technology/,riponadvance.com,20251002T233000Z,English,United States
BECCS,Bioenergy with carbon capture and storage,"Schneider Electric And Climeworks Sign 31 , 000 - Ton High - durability Carbon Removal Agreement",https://www.miragenews.com/schneider-electric-and-climeworks-sign-31000-1545019/,miragenews.com,20251002T023000Z,English,United States
BECCS,Bioenergy with carbon capture and storage,UW researcher calls on G20 for more carbon dioxide removal,https://www.wpr.org/news/wisconsin-madison-g20-carbon-dioxide-removal,wpr.org,20251121T234500Z,English,United States
BECCS,Bioenergy with carbon capture and storage,2025 / 26 Climate Science : 10 Essential Insights,https://www.azocleantech.com/article.aspx?ArticleID=2053,azocleantech.com,20251120T160000Z,English,United States
BECCS,Bioenergy with carbon capture and storage,"Global Waste to Energy Market Projected to Grow at 6 . 26 % During 2026 - 32 , Driven by Circular Economy Transition and Rising Global Waste Volumes",https://www.prnewswire.com/news-releases/global-waste-to-energy-market-projected-to-grow-at-6-26-during-2026-32--driven-by-circular-economy-transition-and-rising-global-waste-volumes--markntel-advisors-302607352.html,prnewswire.com,20251106T153000Z,English,United States
BECCS,Bio-CCS,Advanced BioFuels united states » Opportunities and Risks of Seaweed Biofuels in Aviation,http://advancedbiofuelsusa.info/opportunities-and-risks-of-seaweed-biofuels-in-aviation-2/,advancedbiofuelsusa.info,20170324T153000Z,English,United States
BECCS,Bio-CCS,Advanced BioFuels united states » Opportunities and Risks of Seaweed Biofuels in Aviation,http://advancedbiofuelsusa.info/opportunities-and-risks-of-seaweed-biofuels-in-aviation/,advancedbiofuelsusa.info,20170307T194500Z,English,United States
BECCS,Bio-CCS,Caracas,http://www.anna.aero/2017/05/24/caracas-santiago-skyscanner-unserved-route-week-%E2%80%92-nearly-240000-searches/,anna.aero,20170524T140000Z,English,United States
BECCS,Bio-CCS,An Implementation Plan for CCS and CCU in Europe,https://worldview.stratfor.com/article/implementation-plan-ccs-and-ccu-europe,worldview.stratfor.com,20171205T093000Z,English,United States
BECCS,Bio-CCS,The Dangers of Green Technology - Forcing,https://theenergycollective.com/schalk-cloete/2431644/the-dangers-of-green-technology-forcing,theenergycollective.com,20180423T234500Z,English,United States
BECCS,Bio-CCS,The Dangers of Green Technology - Forcing,http://theenergycollective.com/schalk-cloete/2431644/the-dangers-of-green-technology-forcing,theenergycollective.com,20180423T183000Z,English,United States
BECCS,Bio-CCS,The Dangers of Green Technology - Forcing,http://www.theenergycollective.com/schalk-cloete/2431644/the-dangers-of-green-technology-forcing,theenergycollective.com,20180423T181500Z,English,United States
BECCS,Bio-CCS,VTT prepares development paths towards 2050 climate goals,https://www.eurekalert.org/pub_releases/2018-04/vtrc-vpd042318.php,eurekalert.org,20180423T134500Z,English,United States
BECCS,Bio-CCS,The Plethora of Better Alternatives to Wind / Solar Power and Electric Cars,https://theenergycollective.com/schalk-cloete/2432644/the-plethora-of-better-alternatives-to-wind-solar-power-and-electric-cars,theenergycollective.com,20180507T203000Z,English,United States
BECCS,Bio-CCS,The Plethora of Better Alternatives to Wind / Solar Power and Electric Cars,http://theenergycollective.com/schalk-cloete/2432644/the-plethora-of-better-alternatives-to-wind-solar-power-and-electric-cars,theenergycollective.com,20180507T201500Z,English,United States
BECCS,Bio-CCS,The Plethora of Better Alternatives to Wind / Solar Power and Electric Cars,http://www.theenergycollective.com/schalk-cloete/2432644/the-plethora-of-better-alternatives-to-wind-solar-power-and-electric-cars,theenergycollective.com,20180507T160000Z,English,United States
BECCS,Bio-CCS,A Pathway To 350 PPM Part 2 : Carbon Farming Can Deliver,https://cleantechnica.com/2019/07/14/a-pathway-to-350-ppm-part-2-carbon-farming-can-deliver/,cleantechnica.com,20190714T150000Z,English,United States
BECCS,Bio-CCS,A Pathway To 350 PPM Part 1 : Carbon Sequestration Is Vital,https://cleantechnica.com/2019/07/12/a-pathway-to-350-ppm-part-1-carbon-sequestration-is-vital/,cleantechnica.com,20190713T034500Z,English,United States
BECCS,Bio-CCS,Carbon Capture Could Save the Planet,https://www.truthdig.com/articles/carbon-capture-could-save-the-planet/,truthdig.com,20191031T191500Z,English,United States
BECCS,Bio-CCS,This is what you need to know about carbon capture and storage,https://phys.org/news/2019-10-carbon-capture-storage.html,phys.org,20191008T133000Z,English,United States
BECCS,Bio-CCS,"Carbon Capture Is Vital for Planet , Scientists Say - The Good Men Project",https://goodmenproject.com/environment-2/carbon-capture-is-vital-for-planet-scientists-say/,goodmenproject.com,20191204T034500Z,English,United States
BECCS,Bio-CCS,Stockholm plans world first carbon - negative district heating,https://www.rechargenews.com/transition/stockholm-plans-world-s-first-carbon-negative-district-heating/2-1-745582,rechargenews.com,20200128T121500Z,English,United States
BECCS,Bio-CCS,Stockholm Exergi pioneering their Bio - Energy Carbon Capture and Storage ( BECCS ) project and district heating,https://www.datacenterdynamics.com/en/event-news/stockholm-exergi-pioneering-their-bio-energy-carbon-capture-and-storage-beccs-project-and-district-heating/,datacenterdynamics.com,20200417T150000Z,English,United States
BECCS,Bio-CCS,Hydrogen and CCS – Building blocks for a low - carbon future,https://www.gasworld.com/hydrogen-and-ccs-building-blocks-for-a-low-carbon-future/2020507.article,gasworld.com,20210210T163000Z,English,United States
BECCS,Bio-CCS,Shell Proposes Large - Scale CCS Facility In Alberta,https://www.chemicalonline.com/doc/shell-proposes-large-scale-ccs-facility-in-alberta-0001,chemicalonline.com,20210719T141500Z,English,United States
BECCS,Bio-CCS,Shell Proposes Large - Scale CCS Facility In Alberta,https://www.hydrocarbononline.com/doc/shell-proposes-large-scale-ccs-facility-in-alberta-0001,hydrocarbononline.com,20210714T221500Z,English,United States
BECCS,Bio-CCS,Shell proposes large - scale CCS facility in Alberta,https://www.hydrocarbonprocessing.com/news/2021/07/shell-proposes-large-scale-ccs-facility-in-alberta,hydrocarbonprocessing.com,20210713T144500Z,English,United States
BECCS,Bio-CCS,Shell proposes large - scale CCS facility in Alberta,https://www.tmcnet.com/usubmit/2021/07/13/9407182.htm,tmcnet.com,20210713T064500Z,English,United States
BECCS,Bio-CCS,"Smart Carbon Market to Attain Value of US$ 12 Bn by 2031 , TMR Study",https://www.prnewswire.com/news-releases/smart-carbon-market-to-attain-value-of-us-12-bn-by-2031-tmr-study-301664460.html,prnewswire.com,20221101T140000Z,English,United States
BECCS,Bio-CCS,"Smart Carbon Market to Attain Value of US$ 12 Bn by 2031 , TMR Study",https://www.prnewswire.com:443/news-releases/smart-carbon-market-to-attain-value-of-us-12-bn-by-2031-tmr-study-301664460.html,prnewswire.com,20221101T134500Z,English,United States
BECCS,Bio-CCS,"Carbon Capture , Utilization , and Storage Global Market Report 2022 : Increasing Investments in Developing Newer and Efficient Technology Presents Opportunities - ResearchAndMarkets . com",https://www.businesswire.com/news/home/20221021005422/en/Carbon-Capture-Utilization-and-Storage-Global-Market-Report-2022-Increasing-Investments-in-Developing-Newer-and-Efficient-Technology-Presents-Opportunities---ResearchAndMarkets.com,businesswire.com,20221024T174500Z,English,United States
BECCS,Bio-CCS,Stock Market | FinancialContent Business Page,https://markets.financialcontent.com/stocks/article/bizwire-2022-10-21-carbon-capture-utilization-and-storage-global-market-report-2022-increasing-investments-in-developing-newer-and-efficient-technology-presents-opportunities-researchandmarketscom,markets.financialcontent.com,20221021T171500Z,English,United States
BECCS,Bio-CCS,"Carbon Capture , Utilization , and Storage Global Market",https://www.globenewswire.com/news-release/2022/10/18/2536081/0/en/Carbon-Capture-Utilization-and-Storage-Global-Market-Report-2022-Growing-Focus-on-Reducing-Co2-Emissions-Drives-Sector.html,globenewswire.com,20221020T233000Z,English,United States
BECCS,Bio-CCS,"Carbon Capture , Utilization , and Storage Global Market Report 2022 : Growing Focus on Reducing Co2 Emissions Drives Sector",https://finance.yahoo.com/news/carbon-capture-utilization-storage-global-090300485.html,finance.yahoo.com,20221018T093000Z,English,United States
BECCS,Bio-CCS,"North America led the carbon capture , utilization , and",https://www.globenewswire.com/news-release/2022/10/07/2530334/0/en/North-America-led-the-carbon-capture-utilization-and-storage-market-in-terms-of-value-in-2021-and-is-projected-to-register-a-CAGR-of-14-1-between-2022-and-2027.html,globenewswire.com,20221007T153000Z,English,United States
BECCS,Bio-CCS,"Carbon Capture , Utilization , and Storage Market to reach 6 . 44 Bn . by 2029 at a CAGR of 15 . 1 percent : Returns on Investment , Growth Hubs and Sustainable Development",https://www.digitaljournal.com/pr/carbon-capture-utilization-and-storage-market-to-reach-6-44-bn-by-2029-at-a-cagr-of-15-1-percent-returns-on-investment-growth-hubs-and-sustainable-development,digitaljournal.com,20221124T233000Z,English,United States
BECCS,Bio-CCS,"Carbon Capture , Utilization , and Storage Global Market Report 2022 : Incorporation of Large - Scale Hydrogen Projects to Shape Sector Moving Forward",https://www.prnewswire.com:443/news-releases/carbon-capture-utilization-and-storage-global-market-report-2022-incorporation-of-large-scale-hydrogen-projects-to-shape-sector-moving-forward-301666579.html,prnewswire.com,20221102T213000Z,English,United States
BECCS,Bio-CCS,"Carbon Capture , Utilization , and Storage Global Market Report 2022 : Incorporation of Large - Scale Hydrogen Projects to Shape Sector Moving Forward",https://www.prnewswire.com/news-releases/carbon-capture-utilization-and-storage-global-market-report-2022-incorporation-of-large-scale-hydrogen-projects-to-shape-sector-moving-forward-301666579.html,prnewswire.com,20221102T213000Z,English,United States
BECCS,Bio-CCS,"Smart Carbon Market to Attain Value of US$ 12 Bn by 2031 , TMR Study",https://www.prnewswire.com/news-releases/smart-carbon-market-to-attain-value-of-us-12-bn-by-2031-tmr-study-301664460.html,prnewswire.com,20221101T140000Z,English,United States
BECCS,Bio-CCS,"Smart Carbon Market to Attain Value of US$ 12 Bn by 2031 , TMR Study",https://www.prnewswire.com:443/news-releases/smart-carbon-market-to-attain-value-of-us-12-bn-by-2031-tmr-study-301664460.html,prnewswire.com,20221101T134500Z,English,United States
BECCS,Bio-CCS,A new approach to waste incineration removes CO2 from the atmosphere,https://techxplore.com/news/2023-02-approach-incineration-co2-atmosphere.html,techxplore.com,20230216T200000Z,English,United States
BECCS,Bio-CCS,"Carbon Capture , Utilization and Storage Market Trend Shows a Rapid Growth Competitive Analysis Future Prospects and Forecast 2030",https://www.digitaljournal.com/pr/news/carbon-capture-utilization-and-storage-market-trend-shows-a-rapid-growth-competitive-analysis-future-prospects-and-forecast-2030,digitaljournal.com,20230202T120000Z,English,United States
BECCS,Bio-CCS,New Oxyfuel incinerates waste while removing CO2 from the atmosphere,https://www.gasworld.com/story/new-oxyfuel-incinerates-waste-while-removing-co2-from-the-atmosphere/2121699.article/,gasworld.com,20230313T180000Z,English,United States
BECCS,Bio-CCS,Low Carbon Materials joins CCS+ initiative,https://www.cemnet.com/News/story/175456/low-carbon-materials-joins-ccs-initiative.html,cemnet.com,20230830T121500Z,English,United States
BECCS,Bio-CCS,Capsol Technologies reports  accelerating demand  for carbon capture technology,https://www.gasworld.com/story/capsol-technologies-reports-accelerating-demand-for-carbon-capture-technology/2126397.article/,gasworld.com,20230815T100000Z,English,United States
BECCS,Bio-CCS,Swedish Energy Agency - Sweden can contribute to New York transition,https://electricenergyonline.com/article/energy/category/climate-change/82/1042086/sweden-can-contribute-to-new-york-s-transition.html,electricenergyonline.com,20230927T071500Z,English,United States
BECCS,Bio-CCS,"Carbon Capture , Utilization , and Storage Market worth $12 . 9 billion in 2030 - Exclusive Report by MarketsandMarkets™",https://www.prnewswire.com/news-releases/carbon-capture-utilization-and-storage-market-worth-12-9-billion-in-2030--exclusive-report-by-marketsandmarkets-302057510.html,prnewswire.com,20240209T121500Z,English,United States
Ocean fertilization,ocean fertilization,There A New Manned Submersible On The Market,http://www.marinetechnologynews.com/news/there-manned-submersible-market-544375,marinetechnologynews.com,20170127T200000Z,English,United States
Ocean fertilization,ocean fertilization,Moonshots ? Earth is the Most in Need of a Shot,http://www.theenergycollective.com/jim-baird/2396597/moonshots-earth-is-in-the-most-in-need-of-a-shot,theenergycollective.com,20170119T180000Z,English,United States
Ocean fertilization,ocean fertilization,U . S . Government Officially Calls For Research Into Geoengineering The Earth,http://truthisscary.com/2017/01/u-s-government-officially-calls-for-research-into-geoengineering-the-earth/,truthisscary.com,20170115T194500Z,English,United States
Ocean fertilization,ocean fertilization,U . S . government officially calls for research into geoengineering the Earth,http://www.nationofchange.org/2017/01/15/u-s-government-officially-calls-research-geoengineering-earth/,nationofchange.org,20170115T180000Z,English,United States
Ocean fertilization,ocean fertilization,"Next Big Future : US Intelligence looks out to 2035 at shifting national power and economic stress for overall global growth , China and impact on jobs from AI and robots",http://www.nextbigfuture.com/2017/01/us-intelligence-looks-out-to-2035-at.html,nextbigfuture.com,20170112T000000Z,English,United States
Ocean fertilization,ocean fertilization,Carbon Dioxide Removal and Negative Emissions Technology Workshop,http://www.environmentguru.com/pages/elements/element.aspx?id=4374760,environmentguru.com,20170103T060000Z,English,United States
Ocean fertilization,ocean fertilization,Man,https://article.wn.com/view/2017/04/26/Manmade_clouds_could_save_Barrier_Reef/,article.wn.com,20170426T081500Z,English,United States
Ocean fertilization,ocean fertilization,Ocean seeding company to kick off new round of fundraising,https://www.undercurrentnews.com/2017/04/17/ocean-seeding-company-to-kick-off-new-round-of-fundraising/,undercurrentnews.com,20170417T174500Z,English,United States
Ocean fertilization,ocean fertilization,Co2 Removal,https://wn.com/CO2_Removal,wn.com,20170413T074500Z,English,United States
Ocean fertilization,ocean fertilization,Scientists seek holy grail of climate change in Oman hills,https://article.wn.com/view/2017/04/13/Scientists_seek_holy_grail_of_climate_change_in_Omans_hills/,article.wn.com,20170413T074500Z,English,United States
Ocean fertilization,ocean fertilization,Hope for ocean seeding breakthrough,http://www.thefishsite.com/fishnews/29015/hope-for-ocean-seeding-breakthrough/,thefishsite.com,20170407T080000Z,English,United States
Ocean fertilization,ocean fertilization,Permit sought for iron fertilization off coast of Chile to boost fish,https://www.nextbigfuture.com/2017/06/permit-sought-for-iron-fertilization-off-coast-of-chile-to-boost-fish.html,nextbigfuture.com,20170606T004500Z,English,United States
Ocean fertilization,ocean fertilization,3 huge geoengineering projects are under way to save the planet,https://news.vice.com/story/3-huge-experiments-are-under-way-to-save-the-planet-with-science,news.vice.com,20170726T213000Z,English,United States
Ocean fertilization,ocean fertilization,Can Seeding the Ocean With Iron Help Prevent Climate Change ?,http://www.science20.com/megan_nichols/can_seeding_the_ocean_with_iron_help_prevent_climate_change-225204,science20.com,20170723T004500Z,English,United States
Ocean fertilization,ocean fertilization,Can Seeding the Ocean With Iron Help Stave off Climate Change ?,http://www.science20.com/megan_nichols/can_seeding_the_ocean_with_iron_help_stave_off_climate_change-225204,science20.com,20170721T194500Z,English,United States
Ocean fertilization,ocean fertilization,Aaron Strong organizes Maine water monitors for better ocean health,http://www.pressherald.com/2017/07/02/aaron-strong-organizes-maine-water-monitors-for-better-ocean-health/,pressherald.com,20170702T123000Z,English,United States
Ocean fertilization,ocean fertilization,Progressive Charlestown,http://www.progressive-charlestown.com/search?updated-max=2017-09-29T09:00:00-04:00&max-results=15,progressive-charlestown.com,20171001T220000Z,English,United States
Ocean fertilization,ocean fertilization,Progressive Charlestown,http://www.progressive-charlestown.com/search?updated-max=2017-09-28T23:59:00-04:00&max-results=15,progressive-charlestown.com,20171001T171500Z,English,United States
Ocean fertilization,ocean fertilization,Progressive Charlestown,http://www.progressive-charlestown.com/search?updated-max=2017-09-28T18:00:00-04:00&max-results=15,progressive-charlestown.com,20171001T083000Z,English,United States
Ocean fertilization,ocean fertilization,Progressive Charlestown,http://www.progressive-charlestown.com/search?updated-max=2017-09-28T16:00:00-04:00&max-results=15,progressive-charlestown.com,20171001T033000Z,English,United States
Ocean fertilization,ocean fertilization,Progressive Charlestown,http://www.progressive-charlestown.com/search?updated-max=2017-09-28T11:30:00-04:00&max-results=15,progressive-charlestown.com,20170930T223000Z,English,United States
Ocean fertilization,ocean fertilization,Progressive Charlestown,http://www.progressive-charlestown.com/search?updated-max=2017-09-27T23:59:00-04:00&max-results=15,progressive-charlestown.com,20170930T174500Z,English,United States
Ocean fertilization,ocean fertilization,Progressive Charlestown : Some enviro bills pass including one wingnut bill,http://www.progressive-charlestown.com/2017/09/some-enviro-bills-pass-including-one.html,progressive-charlestown.com,20170928T001500Z,English,United States
Ocean fertilization,ocean fertilization,R . I . Passes Environmental Bills in Shortened Session — ecoRI News,https://www.ecori.org/government/2017/9/25/rhode-island,ecori.org,20170925T234500Z,English,United States
Ocean fertilization,ocean fertilization,Political Scene : House panel is nation first to study  geoengineering,http://www.providencejournal.com/news/20171029/political-scene-house-panel-is-nations-first-to-study-geoengineering,providencejournal.com,20171030T061500Z,English,United States
Ocean fertilization,ocean fertilization,geoengineering,http://www.desdemonadespair.net/search/label/geoengineering,desdemonadespair.net,20171016T230000Z,English,United States
Ocean fertilization,ocean fertilization,Removing carbon from atmosphere can be simple and low tech,https://www.nextbigfuture.com/2017/10/removing-carbon-from-atmosphere-can-be-simple-and-low-tech.html,nextbigfuture.com,20171011T210000Z,English,United States
Ocean fertilization,ocean fertilization,Progressive Charlestown,http://www.progressive-charlestown.com/search?updated-max=2017-09-29T23:59:00-04:00&max-results=15,progressive-charlestown.com,20171002T173000Z,English,United States
Ocean fertilization,ocean fertilization,Progressive Charlestown,http://www.progressive-charlestown.com/search?updated-max=2017-09-29T18:00:00-04:00&max-results=15,progressive-charlestown.com,20171002T074500Z,English,United States
Ocean fertilization,ocean fertilization,Progressive Charlestown,http://www.progressive-charlestown.com/search?updated-max=2017-09-29T16:08:00-04:00&max-results=15,progressive-charlestown.com,20171002T030000Z,English,United States
Ocean fertilization,ocean fertilization,Progressive Charlestown,http://www.progressive-charlestown.com/search?updated-max=2017-09-29T09:00:00-04:00&max-results=15,progressive-charlestown.com,20171001T220000Z,English,United States
Ocean fertilization,ocean fertilization,Progressive Charlestown,http://www.progressive-charlestown.com/search?updated-max=2017-09-28T23:59:00-04:00&max-results=15,progressive-charlestown.com,20171001T171500Z,English,United States
Ocean fertilization,ocean fertilization,Progressive Charlestown,http://www.progressive-charlestown.com/search?updated-max=2017-09-28T18:00:00-04:00&max-results=15,progressive-charlestown.com,20171001T083000Z,English,United States
Ocean fertilization,ocean fertilization,Progressive Charlestown,http://www.progressive-charlestown.com/search?updated-max=2017-09-28T16:00:00-04:00&max-results=15,progressive-charlestown.com,20171001T033000Z,English,United States
Ocean fertilization,ocean fertilization,"Conspiracy Theory Now Conspiracy Fact , As Congress Holds Hearings On Weather Manipulation",http://www.thedailysheeple.com/conspiracy-theory-now-conspiracy-fact-as-congress-holds-hearings-on-weather-manipulation_112017,thedailysheeple.com,20171110T211500Z,English,United States
Ocean fertilization,ocean fertilization,CO2 removal  no silver bullet  to fighting climate change - scientists,https://au.news.yahoo.com/a/38793318/co2-removal-no-silver-bullet-to-fighting-climate-change-scientists/,au.news.yahoo.com,20180201T061500Z,English,United States
Ocean fertilization,ocean fertilization,CO2 removal  no silver bullet  to fighting climate change - scientists - Reuters News,https://townhall.com/news/us/2018/01/31/co2-removal-no-silver-bullet-to-fighting-climate-changescientists-n2442672,townhall.com,20180201T013000Z,English,United States
Ocean fertilization,ocean fertilization,CO2 removal  no silver bullet  to fighting climate change - scientists,http://www.businessinsider.com/r-co2-removal-no-silver-bullet-to-fighting-climate-change-scientists-2018-1,businessinsider.com,20180201T013000Z,English,United States
Ocean fertilization,ocean fertilization,CO2 removal  no silver bullet  to fighting climate change - scientists,https://www.reuters.com/article/us-climatechange-emissions/co2-removal-no-silver-bullet-to-fighting-climate-change-scientists-idUSKBN1FK3CF,reuters.com,20180131T233000Z,English,United States
Ocean fertilization,ocean fertilization,"Geoengineering Could Devastate Life on Earth , New Study Finds",https://www.inverse.com/article/40421-geoengineering-climate-change-artificial-cooling,inverse.com,20180123T031500Z,English,United States
Ocean fertilization,ocean fertilization,Protect the high seas from harm,https://www.nature.com/articles/d41586-018-00102-9,nature.com,20180110T163000Z,English,United States
Ocean fertilization,ocean fertilization,Another Study Warns About Catastrophic Consequences of Implementing Geoengineering,http://www.thedailysheeple.com/another-study-warns-about-catastrophic-consequences-of-implementing-geoengineering_022018,thedailysheeple.com,20180228T193000Z,English,United States
Ocean fertilization,ocean fertilization,"The Geoengineering Thread Pt . 2 : Environment , Weather & Climate - Page 12",http://peakoil.com/forums/viewtopic.php?p=1389845,peakoil.com,20180211T003000Z,English,United States
Ocean fertilization,ocean fertilization,"We Can Pull CO2 from Air , But It No Silver Bullet for Climate Change , Scientists Warn",https://insideclimatenews.org/news/06022018/carbon-capture-storage-geoengineering-no-silver-bullet-global-warming-eu-science-academy,insideclimatenews.org,20180206T190000Z,English,United States
Ocean fertilization,ocean fertilization,"We Can Pull CO2 from Air , But It No Silver Bullet for Climate Change , Scientists Warn",http://insideclimatenews.org/news/06022018/carbon-capture-storage-no-silver-bullet-global-warming-eu-science-academy,insideclimatenews.org,20180206T173000Z,English,United States
Ocean fertilization,ocean fertilization,News - Clever Propaganda Masquerading as Teacher Guide Should Stay Out of Classroom,https://www.heartland.org/news-opinion/news/the-teacher-friendly-guide-to-climate-change,heartland.org,20180203T073000Z,English,United States
Ocean fertilization,ocean fertilization,CO2 removal  no silver bullet  to fighting climate change - scientists,https://au.news.yahoo.com/a/38793318/co2-removal-no-silver-bullet-to-fighting-climate-change-scientists/,au.news.yahoo.com,20180201T061500Z,English,United States
Ocean fertilization,ocean fertilization,CO2 removal  no silver bullet  to fighting climate change - scientists - Reuters News,https://townhall.com/news/us/2018/01/31/co2-removal-no-silver-bullet-to-fighting-climate-changescientists-n2442672,townhall.com,20180201T013000Z,English,United States
Ocean fertilization,ocean fertilization,CO2 removal  no silver bullet  to fighting climate change - scientists,http://www.businessinsider.com/r-co2-removal-no-silver-bullet-to-fighting-climate-change-scientists-2018-1,businessinsider.com,20180201T013000Z,English,United States
Ocean fertilization,ocean fertilization,Ocean  Fertilization  - Governments Geoengineering Our Oceans With Industrial Waste,http://www.globalpossibilities.org/ocean-fertilization-governments-geoengineering-our-oceans-with-industrial-waste/,globalpossibilities.org,20180615T213000Z,English,United States
Ocean fertilization,ocean fertilization,This is how we might pull CO2 out of the atmosphere,http://governorswindenergycoalition.org/this-is-how-we-might-pull-co2-out-of-the-atmosphere/,governorswindenergycoalition.org,20180605T134500Z,English,United States
Ocean fertilization,ocean fertilization,Seven Key Things to Know About  Negative Emissions,https://www.ecowatch.com/negative-emission-technologies-2574214732.html,ecowatch.com,20180603T130000Z,English,United States
Ocean fertilization,ocean fertilization,Performance of airlift pump for artificial upwelling,http://www.worldpumps.com/operating-design/features/airlift-pump-for-artificial-upwelling/,worldpumps.com,20180710T104500Z,English,United States
Ocean fertilization,ocean fertilization,Verso,https://www.versobooks.com/blogs/3962-geoengineering-and-environmental-capitalism-extractive-industries-in-the-era-of-climate-change,versobooks.com,20180821T210000Z,English,United States
Ocean fertilization,ocean fertilization,Glacier depth affects plankton blooms off Greenland,https://phys.org/news/2018-08-glacier-depth-affects-plankton-blooms.html,phys.org,20180815T174500Z,English,United States
Ocean fertilization,ocean fertilization,Glacier depth affects plankton blooms off Greenland,https://www.eurekalert.org/pub_releases/2018-08/hcfo-gd081418.php,eurekalert.org,20180814T183000Z,English,United States
Ocean fertilization,ocean fertilization,Glacier depth affects plankton blooms off Greenland : Study shows complex connection between meltwater discharge and nutrient input,https://www.sciencedaily.com/releases/2018/08/180814101438.htm,sciencedaily.com,20180814T161500Z,English,United States
Ocean fertilization,ocean fertilization,Talking Direct Air Capture of Atmospheric CO2 with Peter Fiekowsky,https://earth911.com/eco-tech/talking-direct-air-capture-of-atmospheric-co2-with-peter-fiekowsky/,earth911.com,20180809T101500Z,English,United States
Ocean fertilization,ocean fertilization,Jerry Brown plan for  negative  CO2 emissions based on  science fiction,http://truenorthreports.com/jerry-brown-plan-for-negative-co2-emissions-based-on-science-fiction,truenorthreports.com,20180913T220000Z,English,United States
Ocean fertilization,ocean fertilization,Jerry Brown Opinion For  Negative  CO2 Emissions Is Based mostly completely mostly On  Science Fiction,https://newsline.com/2018/09/11/jerry-browns-opinion-for-negative-co2-emissions-is-based-mostly-completely-mostly-on-science-fiction/,newsline.com,20180912T094500Z,English,United States
Ocean fertilization,ocean fertilization,Jerry Brown Plan For  Negative  CO2 Emissions Is Based On  Science Fiction,http://dailycaller.com/2018/09/11/jerry-brown-carbon-dioxide-emissions/,dailycaller.com,20180911T160000Z,English,United States
Ocean fertilization,ocean fertilization,Jerry Brown Plan For  Negative  CO2 Emissions Is Based On  Science Fiction,https://dailycaller.com/2018/09/11/jerry-brown-carbon-dioxide-emissions/,dailycaller.com,20180911T154500Z,English,United States
Ocean fertilization,ocean fertilization,Negative carbon not on,http://infosurhoy.com/cocoon/saii/xhtml/en_GB/science/negative-carbon-not-on/,infosurhoy.com,20180908T150000Z,English,United States
Ocean fertilization,ocean fertilization,Negative carbon not on – Brinkwire,https://en.brinkwire.com/science/negative-carbon-not-on/,en.brinkwire.com,20180906T191500Z,English,United States
Ocean fertilization,ocean fertilization,Climate Doomer claims only option is to get rid of all fossil fuels – Brinkwire,https://en.brinkwire.com/news/climate-doomer-claims-only-option-is-to-get-rid-of-all-fossil-fuels/,en.brinkwire.com,20181101T040000Z,English,United States
Ocean fertilization,ocean fertilization,Geoengineering VS Climate Change : How To Keep The Earth Alive,https://interestingengineering.com/geoengineering-vs-climate-change-how-to-keep-the-earth-alive,interestingengineering.com,20181024T114500Z,English,United States
Ocean fertilization,ocean fertilization,Why we cant reverse climate change with  negative emission technologies,https://www.timesunion.com/news/article/Why-we-can-t-reverse-climate-change-with-13311092.php,timesunion.com,20181016T163000Z,English,United States
Ocean fertilization,ocean fertilization,Why we cant reverse climate change with  negative emission technologies,http://www.sunjournal.com/why-we-cant-reverse-climate-change-with-negative-emissions-technologies/,sunjournal.com,20181014T060000Z,English,United States
Ocean fertilization,ocean fertilization,Science : Why we cant reverse climate change with  negative emission technologies [ Report ],http://infosurhoy.com/cocoon/saii/xhtml/en_GB/science/science-why-we-cant-reverse-climate-change-with-negative-emissions-technologies-report/,infosurhoy.com,20181013T093000Z,English,United States
Ocean fertilization,ocean fertilization,Why we cant reverse climate change with  negative emission technologies,https://www.greenbiz.com/article/why-we-cant-reverse-climate-change-negative-emissions-technologies,greenbiz.com,20181012T083000Z,English,United States
Ocean fertilization,ocean fertilization,Why we cant reverse climate change with  negative emission technologies,https://phys.org/news/2018-10-reverse-climate-negative-emissions-technologies.html,phys.org,20181009T133000Z,English,United States
Ocean fertilization,ocean fertilization,Why we cant reverse climate change with  negative emission technologies,http://www.nydailynews.com/sns-why-we-cant-reverse-climate-change-with-negative-emissions-technologies-103504-20181009-story.html,nydailynews.com,20181009T130000Z,English,United States
Ocean fertilization,ocean fertilization,Why we cant reverse climate change with  negative emission technologies,https://www.middletownpress.com/news/article/Why-we-can-t-reverse-climate-change-with-13292250.php,middletownpress.com,20181009T120000Z,English,United States
Ocean fertilization,ocean fertilization,Why we cant reverse climate change with  negative emission technologies,https://www.registercitizen.com/news/article/Why-we-can-t-reverse-climate-change-with-13292250.php,registercitizen.com,20181009T120000Z,English,United States
Ocean fertilization,ocean fertilization,Why we cant reverse climate change with  negative emission technologies,https://www.timesunion.com/news/article/Why-we-can-t-reverse-climate-change-with-13292250.php,timesunion.com,20181009T120000Z,English,United States
Ocean fertilization,ocean fertilization,Why we cant reverse climate change with  negative emission technologies,https://www.expressnews.com/news/article/Why-we-can-t-reverse-climate-change-with-13292250.php,expressnews.com,20181009T120000Z,English,United States
Ocean fertilization,ocean fertilization,Why we cant reverse climate change with  negative emission technologies,https://www.fairfieldcitizenonline.com/news/article/Why-we-can-t-reverse-climate-change-with-13292250.php,fairfieldcitizenonline.com,20181009T120000Z,English,United States
Ocean fertilization,ocean fertilization,Why we cant reverse climate change with  negative emission technologies,https://www.ourmidland.com/news/article/Why-we-can-t-reverse-climate-change-with-13292250.php,ourmidland.com,20181009T120000Z,English,United States
Ocean fertilization,ocean fertilization,Why we cant reverse climate change with  negative emission technologies,https://www.thetelegraph.com/news/article/Why-we-can-t-reverse-climate-change-with-13292250.php,thetelegraph.com,20181009T120000Z,English,United States
Ocean fertilization,ocean fertilization,Why we cant reverse climate change with  negative emission technologies,https://www.westport-news.com/news/article/Why-we-can-t-reverse-climate-change-with-13292250.php,westport-news.com,20181009T120000Z,English,United States
Ocean fertilization,ocean fertilization,Why we cant reverse climate change with  negative emission technologies,https://www.theintelligencer.com/news/article/Why-we-can-t-reverse-climate-change-with-13292250.php,theintelligencer.com,20181009T120000Z,English,United States
Ocean fertilization,ocean fertilization,Why we cant reverse climate change with  negative emission technologies,https://wtop.com/national/2018/10/why-we-cant-reverse-climate-change-with-negative-emissions-technologies/,wtop.com,20181009T120000Z,English,United States
Ocean fertilization,ocean fertilization,Why we cant reverse climate change with  negative emission technologies,https://www.greenwichtime.com/news/article/Why-we-can-t-reverse-climate-change-with-13292250.php,greenwichtime.com,20181009T120000Z,English,United States
Ocean fertilization,ocean fertilization,Why we cant reverse climate change with  negative emission technologies,https://www.ctpost.com/news/article/Why-we-can-t-reverse-climate-change-with-13292250.php,ctpost.com,20181009T120000Z,English,United States
Ocean fertilization,ocean fertilization,Why we cant reverse climate change with  negative emission technologies,https://www.thehour.com/news/article/Why-we-can-t-reverse-climate-change-with-13292250.php,thehour.com,20181009T120000Z,English,United States
Ocean fertilization,ocean fertilization,Why we cant reverse climate change with  negative emission technologies,https://www.lmtonline.com/news/article/Why-we-can-t-reverse-climate-change-with-13292250.php,lmtonline.com,20181009T120000Z,English,United States
Ocean fertilization,ocean fertilization,Why we cant reverse climate change with  negative emission technologies,https://www.sfchronicle.com/news/article/Why-we-can-t-reverse-climate-change-with-13292250.php,sfchronicle.com,20181009T120000Z,English,United States
Ocean fertilization,ocean fertilization,Why we cant reverse climate change with  negative emission technologies,https://www.michigansthumb.com/news/article/Why-we-can-t-reverse-climate-change-with-13292250.php,michigansthumb.com,20181009T120000Z,English,United States
Ocean fertilization,ocean fertilization,Why we cant reverse climate change with  negative emission technologies,https://www.seattlepi.com/news/article/Why-we-can-t-reverse-climate-change-with-13292250.php,seattlepi.com,20181009T120000Z,English,United States
Ocean fertilization,ocean fertilization,Why we cant reverse climate change with  negative emission technologies,https://www.beaumontenterprise.com/news/article/Why-we-can-t-reverse-climate-change-with-13292250.php,beaumontenterprise.com,20181009T120000Z,English,United States
Ocean fertilization,ocean fertilization,Why we cant reverse climate change with  negative emission technologies,https://www.houstonchronicle.com/news/article/Why-we-can-t-reverse-climate-change-with-13292250.php,houstonchronicle.com,20181009T120000Z,English,United States
Ocean fertilization,ocean fertilization,Why we cant reverse climate change with  negative emission technologies,https://www.myplainview.com/news/article/Why-we-can-t-reverse-climate-change-with-13292250.php,myplainview.com,20181009T120000Z,English,United States
Ocean fertilization,ocean fertilization,Why we cant reverse climate change with  negative emission technologies,https://www.mrt.com/news/article/Why-we-can-t-reverse-climate-change-with-13292250.php,mrt.com,20181009T120000Z,English,United States
Ocean fertilization,ocean fertilization,Why we cant reverse climate change with  negative emission technologies,https://www.myjournalcourier.com/news/article/Why-we-can-t-reverse-climate-change-with-13292250.php,myjournalcourier.com,20181009T120000Z,English,United States
Ocean fertilization,ocean fertilization,Why we cant reverse climate change with  negative emission technologies,https://www.mysanantonio.com/news/article/Why-we-can-t-reverse-climate-change-with-13292250.php,mysanantonio.com,20181009T120000Z,English,United States
Ocean fertilization,ocean fertilization,Why we cant reverse climate change with  negative emission technologies,https://www.sfgate.com/news/article/Why-we-can-t-reverse-climate-change-with-13292250.php,sfgate.com,20181009T120000Z,English,United States
Ocean fertilization,ocean fertilization,Why we cant reverse climate change with  negative emission technologies,https://www.newstimes.com/news/article/Why-we-can-t-reverse-climate-change-with-13292250.php,newstimes.com,20181009T120000Z,English,United States
Ocean fertilization,ocean fertilization,Why we cant reverse climate change with  negative emission technologies,https://www.nhregister.com/news/article/Why-we-can-t-reverse-climate-change-with-13292250.php,nhregister.com,20181009T120000Z,English,United States
Ocean fertilization,ocean fertilization,Why we cant reverse climate change with  negative emission technologies,https://www.chron.com/news/article/Why-we-can-t-reverse-climate-change-with-13292250.php,chron.com,20181009T113000Z,English,United States
Ocean fertilization,ocean fertilization,Tracing iron in the North Pacific,https://www.eurekalert.org/pub_releases/2018-11/ioap-tii113018.php,eurekalert.org,20181130T161500Z,English,United States
Ocean fertilization,ocean fertilization,Science : Can eradicating carbon from the environment save us from local weather disaster ? [ Report ],http://infosurhoy.com/cocoon/saii/xhtml/en_GB/science/science-can-eradicating-carbon-from-the-environment-save-us-from-local-weather-disaster-report/,infosurhoy.com,20181130T130000Z,English,United States
Ocean fertilization,ocean fertilization,"Combating Climate Change : Advice from a Fellow of the Royal Society , England National Academy of Science , Which Launched on This Day in 1660",http://blogs.discovermagazine.com/citizen-science-salon/2018/11/28/combating-climate-change-advice-from-a-fellow-of-the-royal-society-englands-national-academy-of-science-which-launched-on-this-day-in-1660/,blogs.discovermagazine.com,20181128T123000Z,English,United States
Ocean fertilization,ocean fertilization,Can removing carbon from the atmosphere save us from climate catastrophe ?,https://phys.org/news/2018-11-carbon-atmosphere-climate-catastrophe.html,phys.org,20181127T174500Z,English,United States
Ocean fertilization,ocean fertilization,How to encourage policies and R & D for carbon - reducing technologies,https://www.greenbiz.com/article/how-encourage-policies-and-rd-carbon-reducing-technologies,greenbiz.com,20181110T094500Z,English,United States
Ocean fertilization,ocean fertilization,Climate Doomer claims only option is to get rid of all fossil fuels – Brinkwire,https://en.brinkwire.com/news/climate-doomer-claims-only-option-is-to-get-rid-of-all-fossil-fuels/,en.brinkwire.com,20181101T040000Z,English,United States
Ocean fertilization,ocean fertilization,Ocean fertilization by unusual microbes extends to frigid waters of Arctic Ocean,https://www.onenewspage.com/n/Science/1zjb797cxq/Ocean-fertilization-by-unusual-microbes-extends-to-frigid.htm,onenewspage.com,20181211T001500Z,English,United States
Ocean fertilization,ocean fertilization,Ocean fertilization by unusual microbes extends to frigid waters of Arctic Ocean,https://phys.org/news/2018-12-ocean-fertilization-unusual-microbes-frigid.html,phys.org,20181210T211500Z,English,United States
Ocean fertilization,ocean fertilization,Tracing iron in the North Pacific,http://www.spacedaily.com/reports/Tracing_iron_in_the_North_Pacific_999.html,spacedaily.com,20181205T104500Z,English,United States
Ocean fertilization,ocean fertilization,Tracing iron in the North Pacific,http://www.terradaily.com/reports/Tracing_iron_in_the_North_Pacific_999.html,terradaily.com,20181204T111500Z,English,United States
Ocean fertilization,ocean fertilization,Tracing iron in the North Pacific,https://phys.org/news/2018-12-iron-north-pacific.html,phys.org,20181203T141500Z,English,United States
Ocean fertilization,ocean fertilization,"Climate intervention via geoengineering : It a risky strategy that will only cause more , bigger problems , say scientists – NaturalNews . com",https://www.naturalnews.com/2019-01-13-climate-intervention-geoengineering-is-a-risky-strategy.html,naturalnews.com,20190113T191500Z,English,United States
Ocean fertilization,ocean fertilization,"Risky geoengineering research deemed safe , blocked by US | A Green Living Blog - Go Green , Green Home , Green Energy",http://agreenliving.org/risky-geoengineering-research-deemed-safe-blocked-by-us-2/,agreenliving.org,20190325T231500Z,English,United States
Ocean fertilization,ocean fertilization,US and Saudi Arabia Vote to Block UN Efforts at Climate Geoengineering Governance,https://www.desmogblog.com/2019/03/15/us-saudi-arabia-block-un-environment-assembly-climate-geoengineering-governance,desmogblog.com,20190316T011500Z,English,United States
Ocean fertilization,ocean fertilization,Precautionary approach over marine geoengineering solutions for climate change,http://www.pressreleasepoint.com/precautionary-approach-over-marine-geoengineering-solutions-climate-change,pressreleasepoint.com,20190312T173000Z,English,United States
Ocean fertilization,ocean fertilization,Geoengineering debate shifts to UN environment assembly,https://www.nature.com/articles/d41586-019-00717-6,nature.com,20190307T194500Z,English,United States
Ocean fertilization,ocean fertilization,"Geoengineering is risky and unproven , but soon it might be necessary",https://www.digitaltrends.com/cool-tech/geoengineering-to-save-humankind/,digitaltrends.com,20190422T083000Z,English,United States
Ocean fertilization,ocean fertilization,Study looks to iron from microbes for climate help,https://phys.org/news/2019-04-iron-microbes-climate.html,phys.org,20190403T164500Z,English,United States
Ocean fertilization,ocean fertilization,"As climate change worsens , some people might decide to DIY a solution",https://www.vox.com/the-highlight/2019/5/24/18273198/climate-change-russ-george-unilateral-geoengineering,vox.com,20190531T151500Z,English,United States
Ocean fertilization,ocean fertilization,UH STUDY : Kīlauea Eruption Caused Phytoplankton Bloom,https://bigislandnow.com/2019/09/06/uh-study-kilauea-eruption-caused-phytoplankton-bloom/,bigislandnow.com,20190914T020000Z,English,United States
Ocean fertilization,ocean fertilization,Kilauea lava fuels phytoplankton bloom off Hawaii Island,https://www.nsf.gov/discoveries/disc_summ.jsp?cntn_id=299169&org=NSF&from=news,nsf.gov,20190909T154500Z,English,United States
Ocean fertilization,ocean fertilization,"Eruption of volcano in Hawaii led to phytoplankton bloom , study shows",https://www.zmescience.com/science/eruption-of-volcano-in-hawaii-led-to-phytoplankton-bloom-study-shows/,zmescience.com,20190906T190000Z,English,United States
Ocean fertilization,ocean fertilization,Kīlauea Lava Fuels Phytoplankton Bloom Off Hawaii Island,http://www.natureworldnews.com/articles/42038/20190906/k%C4%ABlauea-lava-fuels-phytoplankton-bloom-off-hawaii-island.htm,natureworldnews.com,20190906T183000Z,English,United States
Ocean fertilization,ocean fertilization,Hawaii Kilauea Volcano Unexpectedly Triggered a Gigantic Phytoplankton Bloom,https://gizmodo.com/hawaii-s-kilauea-volcano-unexpectedly-triggered-a-gigan-1837929131,gizmodo.com,20190906T170000Z,English,United States
Ocean fertilization,ocean fertilization,Kīlauea lava fuels phytoplankton bloom off Hawaii Island,https://sciencebulletin.org/kilauea-lava-fuels-phytoplankton-bloom-off-hawaii-island/,sciencebulletin.org,20190906T141500Z,English,United States
Ocean fertilization,ocean fertilization,Kilauea lava fuels phytoplankton bloom off Hawaii Island,https://www.sciencedaily.com/releases/2019/09/190905145413.htm,sciencedaily.com,20190906T134500Z,English,United States
Ocean fertilization,ocean fertilization,Study : Kilauea lava triggered massive algae bloom,https://www.hawaiitribune-herald.com/2019/09/06/hawaii-news/study-kilauea-lava-triggered-massive-algae-bloom/?HTH=325ce20d23f41f9ed320b6906cd99dbabccb21fb,hawaiitribune-herald.com,20190906T120000Z,English,United States
Ocean fertilization,ocean fertilization,Study : Kilauea lava triggered massive algae bloom,https://www.westhawaiitoday.com/2019/09/06/hawaii-news/study-kilauea-lava-triggered-massive-algae-bloom/,westhawaiitoday.com,20190906T110000Z,English,United States
Ocean fertilization,ocean fertilization,Study : Kilauea lava triggered massive algae bloom,https://www.westhawaiitoday.com/2019/09/06/hawaii-news/study-kilauea-lava-triggered-massive-algae-bloom/?WHT=ede4b00d7ee204c884dbaa0b4f3a17156d00d7e9,westhawaiitoday.com,20190906T110000Z,English,United States
Ocean fertilization,ocean fertilization,Study : Kilauea lava triggered massive algae bloom,https://www.hawaiitribune-herald.com/2019/09/06/hawaii-news/study-kilauea-lava-triggered-massive-algae-bloom/,hawaiitribune-herald.com,20190906T103000Z,English,United States
Ocean fertilization,ocean fertilization,Kīlauea Lava Fuels Phytoplankton Bloom off Hawaii Island,https://www.hydro-international.com/content/news/kilauea-lava-fuels-phytoplankton-bloom-off-hawaii-island,hydro-international.com,20190906T101500Z,English,United States
Ocean fertilization,ocean fertilization,Kīlauea lava fuels phytoplankton bloom off Hawaii Island | University of Hawaiʻi System News,https://www.hawaii.edu/news/2019/09/05/manoa-soest-phytoplankton-lava/,hawaii.edu,20190906T044500Z,English,United States
Ocean fertilization,ocean fertilization,Here how rivers of lava flowing into the ocean created a massive algae bloom,https://www.hawaiinewsnow.com/2019/09/06/heres-how-rivers-lava-flowing-into-ocean-created-massive-algae-bloom/,hawaiinewsnow.com,20190906T034500Z,English,United States
Ocean fertilization,ocean fertilization,Mānoa : Kilauea lava fuels phytoplankton bloom off Hawaii Island,http://www.hawaii.edu/news/article.php?aId=10170,hawaii.edu,20190906T003000Z,English,United States
Ocean fertilization,ocean fertilization,How Kīlauea lava birthed an algal bloom visible from space | NOVA | PBS | NOVA,https://www.pbs.org/wgbh/nova/article/kilauea-lava-phytoplankton-bloom/,pbs.org,20190905T193000Z,English,United States
Ocean fertilization,ocean fertilization,Kīlauea lava fuels phytoplankton bloom off Hawaii Island,https://www.eurekalert.org/pub_releases/2019-09/uoha-klf090319.php,eurekalert.org,20190905T190000Z,English,United States
Ocean fertilization,ocean fertilization,Kīlauea lava fuels phytoplankton bloom off Hawaii Island,https://phys.org/news/2019-09-k299lauea-lava-fuels-phytoplankton-bloom.html,phys.org,20190905T183000Z,English,United States
Ocean fertilization,ocean fertilization,The Most Futuristic Developments We Can Expect in the Next 10 Years,https://gizmodo.com/the-most-futuristic-developments-we-can-expect-in-the-n-1838676080,gizmodo.com,20191024T170000Z,English,United States
Ocean fertilization,ocean fertilization,Coastal News Today | WA Colville Tribes Combat Climate Crisis With Forests,https://www.coastalnewstoday.com/post/wa-colville-tribes-combat-climate-crisis-with-forests,coastalnewstoday.com,20191023T181500Z,English,United States
Ocean fertilization,ocean fertilization,The Great Biomass Boondoggle,https://www.nybooks.com/daily/2019/10/14/the-great-biomass-boondoggle/,nybooks.com,20191014T120000Z,English,United States
Ocean fertilization,ocean fertilization,Carbon Engineering - Taking CO2 Right Out Of The Air To Make Gasoline,https://www.forbes.com/sites/jamesconca/2019/10/08/carbon-engineering-taking-co2-right-out-of-the-air-to-make-gasoline/,forbes.com,20191008T104500Z,English,United States
Ocean fertilization,ocean fertilization,This Questionable Billionaire - Backed Climate Change Plan Is Straight Out of a  Simpsons  Episode,https://www.gq.com/story/climate-change-geoengineering,gq.com,20191004T111500Z,English,United States
Ocean fertilization,ocean fertilization,The Great Barrier Reef sees its greatest spawning event in recent memory,https://www.zmescience.com/science/great-barrier-reef-spawning-event-9312536/,zmescience.com,20191121T040000Z,English,United States
Ocean fertilization,ocean fertilization,The Complicated Role of Iron in Ocean Health and Climate Change | Science,https://www.smithsonianmag.com/science-nature/complicated-role-iron-ocean-health-and-climate-change-180973893/,smithsonianmag.com,20200103T143000Z,English,United States
Ocean fertilization,ocean fertilization,Coastal News Today | Scientist is saving corals by breeding them in the lab,https://www.coastalnewstoday.com/post/scientist-is-saving-corals-by-breeding-them-in-the-lab,coastalnewstoday.com,20200326T000000Z,English,United States
Ocean fertilization,ocean fertilization,Tropical fire soot deposited in the ocean will help predict future global climate changes,https://www.eurekalert.org/pub_releases/2020-03/uadb-tfs030620.php,eurekalert.org,20200306T153000Z,English,United States
Ocean fertilization,ocean fertilization,Analysis of tropical fire soot deposited in ocean will help predict future global climate changes,https://www.miragenews.com/analysis-of-tropical-fire-soot-deposited-in-ocean-will-help-predict-future-global-climate-changes/,miragenews.com,20200306T133000Z,English,United States
Ocean fertilization,ocean fertilization,Solar Radiation Management,https://www.wilsoncenter.org/article/solar-radiation-management,wilsoncenter.org,20200930T203000Z,English,United States
Ocean fertilization,ocean fertilization,Geoengineering Is the Only Solution to Our Climate Calamities,https://www.wired.com/story/geoengineering-is-the-only-solution-to-our-climate-calamities/,wired.com,20200920T133000Z,English,United States
Ocean fertilization,ocean fertilization,We Need An Operation Warp Speed To Battle Climate Change,https://www.forbes.com/sites/walvanlierop/2020/12/19/we-need-an-operation-warp-speed-to-battle-climate-change/,forbes.com,20201219T230000Z,English,United States
Ocean fertilization,ocean fertilization,"Climate Change Impacts Require Action Not Only at a National Level but also at a Regional and Global Level , ECLAC Stresses | News | Economic Commission for Latin America and the Caribbean",https://www.cepal.org/en/news/climate-change-impacts-require-action-not-only-national-level-also-regional-and-global-level,cepal.org,20210925T050000Z,English,United States
Ocean fertilization,ocean fertilization,Direct Air vs . Bioenergy Carbon Capture and Storage,https://www.azocleantech.com/article.aspx?ArticleID=1317,azocleantech.com,20210915T133000Z,English,United States
Ocean fertilization,ocean fertilization,"To Harness the Power of the Ocean To Fight Climate Change , the Biden Administration Needs a Plan",https://www.americanprogress.org/issues/green/news/2021/09/10/503566/harness-power-ocean-fight-climate-change-biden-administration-needs-plan/,americanprogress.org,20210910T150000Z,English,United States
Ocean fertilization,ocean fertilization,The perils of making rules for climate manipulation,https://www.politico.eu/article/geoengineering-earth-global-warming-climate-change-carbon-dioxide-removal-solar-radiation-management/,politico.eu,20211029T183000Z,English,United States
Ocean fertilization,ocean fertilization,"Before making a mammoth , ask the public",https://www.nature.com/articles/d41586-021-02844-5,nature.com,20211020T113000Z,English,United States
Ocean fertilization,ocean fertilization,Direct Air vs . Bioenergy Carbon Capture and Storage,https://www.azocleantech.com/article.aspx?ArticleID=1317,azocleantech.com,20211014T210000Z,English,United States
Ocean fertilization,ocean fertilization,Should Humans Try to Modify the Amount of Sunlight the Earth Receives ?,https://www.counterpunch.org/2021/11/12/should-humans-try-to-modify-the-amount-of-sunlight-the-earth-receives/,counterpunch.org,20211112T103000Z,English,United States
Ocean fertilization,ocean fertilization,Should Humans Try to Modify the Amount of Sunlight the Earth Receives ?,https://www.pressenza.com/2021/11/should-humans-try-to-modify-the-amount-of-sunlight-the-earth-receives/,pressenza.com,20211112T043000Z,English,United States
Ocean fertilization,ocean fertilization,A drastic sci - fi idea could solve climate change or unleash its own wave of problems,https://www.alternet.org/2021/11/an-idea-from-science-fiction-could-solve-climate/,alternet.org,20211109T224500Z,English,United States
Ocean fertilization,ocean fertilization,Panel : Consider tinkering with oceans to suck up more carbon | Long Island Business News,https://libn.com/2021/12/20/panel-consider-tinkering-with-oceans-to-suck-up-more-carbon/,libn.com,20211220T171500Z,English,United States
Ocean fertilization,ocean fertilization,Carbon Capture : The Vacuum the Climate May Depend On,https://www.washingtonpost.com/business/energy/carbon-capture-the-vacuum-the-climate-may-depend-on/2021/12/16/ade76634-5e65-11ec-b1ef-cb78be717f0e_story.html,washingtonpost.com,20211216T153000Z,English,United States
Ocean fertilization,ocean fertilization,Geoengineering First It Was About Messing With The Atmosphere . Now It About Hacking The Ocean .,https://cleantechnica.com/2021/12/12/geoengineering-first-it-was-about-messing-with-the-atmosphere-now-its-about-hacking-the-ocean/,cleantechnica.com,20211213T044500Z,English,United States
Ocean fertilization,ocean fertilization,Panel : Consider Tinkering with Oceans to Suck Up More Carbon,https://www.mbtmag.com:443/home/news/21940522/panel-consider-tinkering-with-oceans-to-suck-up-more-carbon,mbtmag.com,20211209T184500Z,English,United States
Ocean fertilization,ocean fertilization,Panel : Consider Tinkering with Oceans to Suck Up More Carbon,https://www.manufacturing.net:443/home/news/21940522/panel-consider-tinkering-with-oceans-to-suck-up-more-carbon,manufacturing.net,20211209T183000Z,English,United States
Ocean fertilization,ocean fertilization,Natural climate solutions cut a steady course through a sea of proposals for ocean carbon dioxide reduction,http://blogs.edf.org/edfish/2021/12/08/natural-climate-solutions-cut-a-steady-course-through-a-sea-of-proposals-for-ocean-carbon-dioxide-reduction/,blogs.edf.org,20211209T000000Z,English,United States
Ocean fertilization,ocean fertilization,Panel : Work on oceans to suck up more carbon,https://beatricedailysun.com/ap/national/panel-work-on-oceans-to-suck-up-more-carbon/article_649447ec-c6fd-5554-87b6-f62f69606bf1.html,beatricedailysun.com,20211208T234500Z,English,United States
Ocean fertilization,ocean fertilization,Panel : Consider tinkering with oceans to suck up more carbon,https://siouxcityjournal.com/news/national/panel-consider-tinkering-with-oceans-to-suck-up-more-carbon/article_257c6f2c-b434-515a-b1c1-0fb260de5a35.html,siouxcityjournal.com,20211208T220000Z,English,United States
Ocean fertilization,ocean fertilization,Panel : Consider tinkering with oceans to suck up more carbon,https://www.mysanantonio.com/news/article/Panel-Consider-tinkering-with-oceans-to-suck-up-16684870.php,mysanantonio.com,20211208T213000Z,English,United States
Ocean fertilization,ocean fertilization,Panel : Consider tinkering with oceans to suck up more carbon,https://www.registercitizen.com/news/article/Panel-Consider-tinkering-with-oceans-to-suck-up-16684870.php,registercitizen.com,20211208T203000Z,English,United States
Ocean fertilization,ocean fertilization,Panel : Consider tinkering with oceans to suck up more carbon,https://www.timesunion.com/news/article/Panel-Consider-tinkering-with-oceans-to-suck-up-16684870.php,timesunion.com,20211208T203000Z,English,United States
Ocean fertilization,ocean fertilization,Panel : Consider tinkering with oceans to suck up more carbon,https://phys.org/news/2021-12-panel-tinkering-oceans-carbon.html,phys.org,20211208T201500Z,English,United States
Ocean fertilization,ocean fertilization,Panel : Consider tinkering with oceans to suck up more carbon,https://isp.netscape.com/news/story/0001/20211208/fe6769ab266e2b995a8e43f3325d3190,isp.netscape.com,20211208T200000Z,English,United States
Ocean fertilization,ocean fertilization,Panel : Consider tinkering with oceans to suck up more carbon,https://www.ctpost.com/news/article/Panel-Consider-tinkering-with-oceans-to-suck-up-16684870.php,ctpost.com,20211208T194500Z,English,United States
Ocean fertilization,ocean fertilization,Panel : Consider tinkering with oceans to suck up more carbon,https://www.columbian.com/news/2021/dec/08/panel-consider-tinkering-with-oceans-to-suck-up-more-carbon/,columbian.com,20211208T193000Z,English,United States
Ocean fertilization,ocean fertilization,Panel : Consider tinkering with oceans to suck up more carbon :: WRAL . com,https://www.wral.com/panel-consider-tinkering-with-oceans-to-suck-up-more-carbon/20023914/,wral.com,20211208T180000Z,English,United States
Ocean fertilization,ocean fertilization,Panel : Consider tinkering with oceans to suck up more carbon,https://www.kaaltv.com/national-news/panel-consider-tinkering-with-oceans-to-suck-up-more-carbon/6325442/?cat=10159,kaaltv.com,20211208T180000Z,English,United States
Ocean fertilization,ocean fertilization,Panel : Consider tinkering with oceans to suck up more carbon,https://tucson.com/news/national/panel-consider-tinkering-with-oceans-to-suck-up-more-carbon/article_2c50f4cf-f4d8-5bce-8892-5de7e692ac2f.html,tucson.com,20211208T174500Z,English,United States
Ocean fertilization,ocean fertilization,Panel : Consider tinkering with oceans to suck up more carbon,https://www.whec.com/national/panel-consider-tinkering-with-oceans-to-suck-up-more-carbon/6325440/?cat=10036,whec.com,20211208T173000Z,English,United States
Ocean fertilization,ocean fertilization,Panel : Consider tinkering with oceans to suck up more carbon,https://www.wfmj.com/story/45403925/panel-consider-tinkering-with-oceans-to-suck-up-more-carbon,wfmj.com,20211208T171500Z,English,United States
Ocean fertilization,ocean fertilization,Panel : Consider tinkering with oceans to suck up more carbon,http://www.ccenterdispatch.com/news/national/article_203d2c44-5e12-51c1-a590-e225e4f64901.html,ccenterdispatch.com,20211208T171500Z,English,United States
Ocean fertilization,ocean fertilization,Panel : Consider tinkering with oceans to suck up more carbon,https://www.sfgate.com/news/article/Panel-Consider-tinkering-with-oceans-to-suck-up-16684870.php,sfgate.com,20211208T164500Z,English,United States
Ocean fertilization,ocean fertilization,Panel : Consider tinkering with oceans to suck up more carbon,https://www.stamfordadvocate.com/news/article/Panel-Consider-tinkering-with-oceans-to-suck-up-16684870.php,stamfordadvocate.com,20211208T164500Z,English,United States
Ocean fertilization,ocean fertilization,Panel : Consider tinkering with oceans to suck up more carbon,https://www.chron.com/news/article/Panel-Consider-tinkering-with-oceans-to-suck-up-16684870.php,chron.com,20211208T164500Z,English,United States
Ocean fertilization,ocean fertilization,"As climate change escalates , U . S . experts endorse research on storing carbon in the ocean",https://www.washingtonpost.com/climate-solutions/2021/12/08/climate-change-ocean-carbon-storage/,washingtonpost.com,20211208T164500Z,English,United States
Ocean fertilization,ocean fertilization,Panel : Consider tinkering with oceans to suck up more carbon,https://www.bgdailynews.com/news/national/panel-consider-tinkering-with-oceans-to-suck-up-more-carbon/article_cf0129cf-7dbb-5742-9392-3016fad6e3fe.html,bgdailynews.com,20211208T164500Z,English,United States
Ocean fertilization,ocean fertilization,Panel : Consider tinkering with oceans to suck up more carbon,https://www.chronicleonline.com/news/national/panel-consider-tinkering-with-oceans-to-suck-up-more-carbon/article_505eed28-1e6e-5078-8c70-86ff09ff7f49.html,chronicleonline.com,20211208T164500Z,English,United States
Ocean fertilization,ocean fertilization,Panel : Consider tinkering with oceans to suck up more carbon,https://abcnews.go.com/Technology/wireStory/panel-tinkering-oceans-suck-carbon-81625987,abcnews.go.com,20211208T164500Z,English,United States
Ocean fertilization,ocean fertilization,Panel : Consider tinkering with oceans to suck up more carbon,https://www.beaumontenterprise.com/news/article/Panel-Consider-tinkering-with-oceans-to-suck-up-16684870.php,beaumontenterprise.com,20211208T163000Z,English,United States
Ocean fertilization,ocean fertilization,Carbon Capture : The Vacuum the Climate May Depend On - Governor Wind Energy Coalition,https://governorswindenergycoalition.org/carbon-capture-the-vacuum-the-climate-may-depend-on/,governorswindenergycoalition.org,20211206T051500Z,English,United States
Ocean fertilization,ocean fertilization,Carbon Capture : The Vacuum the Climate May Depend On,https://www.washingtonpost.com/business/energy/carbon-capture-the-vacuum-the-climate-may-depend-on/2021/12/02/78992aae-5360-11ec-83d2-d9dab0e23b7e_story.html,washingtonpost.com,20211202T123000Z,English,United States
Ocean fertilization,ocean fertilization,Geoengineering : Can we control the weather ?,https://www.livescience.com/geoengineering-the-weather,livescience.com,20220110T121500Z,English,United States
Ocean fertilization,ocean fertilization,"The Wild , Uncertain Future of Carbon Dioxide Removal",https://www.msn.com/en-us/weather/topstories/the-wild-uncertain-future-of-carbon-dioxide-removal/ar-AAWb37o,msn.com,20220413T124500Z,English,United States
Ocean fertilization,ocean fertilization,UN Climate Disaster Plan Is Not What Liberals Would Expect,https://www.thedailybeast.com/uns-climate-disaster-plan-is-not-what-liberals-would-expect,thedailybeast.com,20220405T050000Z,English,United States
Ocean fertilization,ocean fertilization,It now or never : UN climate report 4 urgent takeaways,https://www.nationalgeographic.com/environment/article/now-or-never-un-climate-report-urgent-takeaways,nationalgeographic.com,20220405T010000Z,English,United States
Ocean fertilization,ocean fertilization,The UN Climate Disaster Plan Is Not What Liberals Would Expect,https://www.yahoo.com/now/un-climate-disaster-plan-not-214954328.html,yahoo.com,20220404T223000Z,English,United States
Ocean fertilization,ocean fertilization,UN report on climate crisis confirms the world already has solutions -- but politics are getting in the way,https://www.news-daily.com/news/un-report-on-climate-crisis-confirms-the-world-already-has-solutions----but/article_42a9b7f6-9a2f-54b4-beb6-a5ad5ed35cd6.html,news-daily.com,20220404T194500Z,English,United States
Ocean fertilization,ocean fertilization,UN report on climate crisis confirms the world already has solutions -- but politics are getting in the way,https://www.henryherald.com/news/un-report-on-climate-crisis-confirms-the-world-already-has-solutions----but/article_ecb99cbe-3e6a-5960-a52d-7c096cb4949b.html,henryherald.com,20220404T190000Z,English,United States
Ocean fertilization,ocean fertilization,UN report on climate crisis confirms the world already has solutions -- but politics are getting in the way,https://www.jacksonprogress-argus.com/news/un-report-on-climate-crisis-confirms-the-world-already-has-solutions----but/article_6dfc3b4d-0840-5efa-af1a-08d8322c0b33.html,jacksonprogress-argus.com,20220404T184500Z,English,United States
Ocean fertilization,ocean fertilization,UN report on climate crisis confirms the world already has solutions -- but politics are getting in the way,https://www.rockdalenewtoncitizen.com/news/un-report-on-climate-crisis-confirms-the-world-already-has-solutions----but/article_90e2d6d6-49ff-549e-a0df-237badc38082.html,rockdalenewtoncitizen.com,20220404T183000Z,English,United States
Ocean fertilization,ocean fertilization,"UN report on climate crisis confirms the world already has solutions , but politics are getting in the way",https://www.komu.com/news/nationworld/un-report-on-climate-crisis-confirms-the-world-already-has-solutions-but-politics-are-getting/article_21ba2540-6344-50a3-b95f-45af3a3d4fc1.html,komu.com,20220404T181500Z,English,United States
Ocean fertilization,ocean fertilization,UN report on climate crisis confirms the world already has solutions -- but politics are getting in the way,https://www.gwinnettdailypost.com/news/un-report-on-climate-crisis-confirms-the-world-already-has-solutions----but/article_ba539b8a-3ee6-549c-8d6a-16342c76bc76.html,gwinnettdailypost.com,20220404T181500Z,English,United States
Ocean fertilization,ocean fertilization,UN report on climate crisis confirms the world already has solutions -- but politics are getting in the way,https://www.albanyherald.com/news/un-report-on-climate-crisis-confirms-the-world-already-has-solutions----but/article_c39f8444-197e-50eb-866c-e70a84925c17.html,albanyherald.com,20220404T164500Z,English,United States
Ocean fertilization,ocean fertilization,UN report on climate crisis confirms the world already has solutions - but politics are getting in the way,https://localnews8.com/news/national-world/cnn-world/2022/04/04/un-climate-report-talks-go-into-overtime-as-governments-oppose-firm-language-on-fossil-fuels/,localnews8.com,20220404T154500Z,English,United States
Ocean fertilization,ocean fertilization,Is buying a carbon offset like buying a medieval indulgence ? | Cooley LLP,https://www.jdsupra.com/legalnews/is-buying-a-carbon-offset-like-buying-a-3263710/,jdsupra.com,20220627T204500Z,English,United States
Ocean fertilization,ocean fertilization,Is buying a carbon offset like buying a medieval indulgence ?,https://www.lexology.com/library/detail.aspx?g=d94396a8-0ba5-4eea-8ab4-8e5d3d192ca0,lexology.com,20220627T140000Z,English,United States
Ocean fertilization,ocean fertilization,Could Algae Solve the Global Climate Crisis ?,https://www.news-medical.net/life-sciences/Could-Algae-Solve-the-Global-Climate-Crisis.aspx,news-medical.net,20220622T123000Z,English,United States
Ocean fertilization,ocean fertilization,The Week in Carbon Dioxide Removal : Three Take - Aways : Week 1 Edition,https://energycentral.com/c/ec/week-carbon-dioxide-removal-three-take-aways-week-1-edition,energycentral.com,20220725T120000Z,English,United States
Ocean fertilization,ocean fertilization,Targeted News Service,https://targetednews.com/pr_disp.php?pr_id=7885356,targetednews.com,20220711T011500Z,English,United States
Ocean fertilization,ocean fertilization,How Does Carbon Capture Work ?,https://www.sierraclub.org/sierra/2022-2-summer/stress-test/how-does-carbon-capture-work,sierraclub.org,20220703T130000Z,English,United States
Ocean fertilization,ocean fertilization,Ocean Fertilization for Carbon Storage,https://www.azocleantech.com/news.aspx?newsID=32669,azocleantech.com,20221201T153000Z,English,United States
Ocean fertilization,ocean fertilization,Engineered nanoparticles could help store excess carbon dioxide in the ocean,https://phys.org/news/2022-11-nanoparticles-excess-carbon-dioxide-ocean.html,phys.org,20221129T221500Z,English,United States
Ocean fertilization,ocean fertilization,How COP27 reached a deal that supports better monitoring of oceans to curb climate crisis,https://phys.org/news/2022-11-cop27-oceans-curb-climate-crisis.html,phys.org,20221117T181500Z,English,United States
Ocean fertilization,ocean fertilization,"Carbon Removal from the Ocean , Explained | World Resources Institute",https://www.wri.org/insights/ocean-based-carbon-dioxide-removal,wri.org,20221116T071500Z,English,United States
Ocean fertilization,ocean fertilization,Towards Responsible and Informed Ocean - Based Carbon Dioxide Removal : Research and Governance Priorities,https://www.wri.org/research/responsible-informed-ocean-based-carbon-dioxide-removal,wri.org,20221116T071500Z,English,United States
Ocean fertilization,ocean fertilization,Carbon Capture : Can we use the ocean to fight climate change ? And SHOULD we ?,http://redgreenandblue.org/2022/10/25/carbon-capture-can-use-ocean-fight-climate-change/,redgreenandblue.org,20221102T074500Z,English,United States
Ocean fertilization,ocean fertilization,Can giving the ocean an antacid help curb climate change ?,https://news.yahoo.com/giving-ocean-antacid-help-curb-130000608.html,news.yahoo.com,20230211T133000Z,English,United States
Ocean fertilization,ocean fertilization,Skeptical Science New Research for Week # 28 2023,https://skepticalscience.com/new_research_2023_28.html,skepticalscience.com,20230713T111500Z,English,United States
Ocean fertilization,ocean fertilization,"Coastal News Today | World - New research uncovers potential benefits , consequences of ocean iron fertilization",https://www.coastalnewstoday.com/post/world-new-research-uncovers-potential-benefits-consequences-of-ocean-iron-fertilization,coastalnewstoday.com,20230712T053000Z,English,United States
Ocean fertilization,ocean fertilization,How Do Carbon Dioxide Removal Strategies Compare ?,https://goodmenproject.com/featured-content/how-do-carbon-dioxide-removal-strategies-compare-2/,goodmenproject.com,20230708T050000Z,English,United States
Ocean fertilization,ocean fertilization,Ocean Gardeners : Why Whale Poop Matters Now More Than Ever,https://www.discovermagazine.com/planet-earth/ocean-gardeners-why-whale-poop-matters-now-more-than-ever,discovermagazine.com,20230826T234500Z,English,United States
Ocean fertilization,ocean fertilization,"Viewpoint : Without more research and guardrails , geoengineering is a costly gamble , with potentially harmful results",https://phys.org/news/2023-08-viewpoint-guardrails-geoengineering-gamble-potentially.html,phys.org,20230822T191500Z,English,United States
Ocean fertilization,ocean fertilization,"Geoengineering sounds like a quick climate fix , but without more research and guardrails , it a costly gamble − with potentially harmful results",https://news.yahoo.com/geoengineering-sounds-quick-climate-fix-122948888.html,news.yahoo.com,20230821T140000Z,English,United States
Ocean fertilization,ocean fertilization,How Carbon Capture Is Getting New Life With US Help - The Washington Post,https://www.washingtonpost.com/business/energy/2023/08/14/us-carbon-capture-efforts-challenges-and-impact-explained/d3d5848e-3aaf-11ee-aefd-40c039a855ba_story.html,washingtonpost.com,20230814T150000Z,English,United States
Ocean fertilization,ocean fertilization,Grant funds green fertilizer research at WashU - The Source - Washington University in St . Louis,https://source.wustl.edu/2023/10/grant-funds-green-fertilizer-research-at-washu/,source.wustl.edu,20231020T231500Z,English,United States
Ocean fertilization,ocean fertilization,"To slow climate change , some want to  engineer the ocean",https://www.wbur.org/news/2023/10/12/climate-change-oceans-iron-algae,wbur.org,20231012T121500Z,English,United States
Ocean fertilization,ocean fertilization,Overview of World Biological Conservation Issues in 2024,https://www.azocleantech.com/news.aspx?newsID=34429,azocleantech.com,20231219T133000Z,English,United States
Ocean fertilization,ocean fertilization,Is It Time To Embrace Geoengineering ?,https://oilprice.com/Energy/Energy-General/Is-It-Time-To-Embrace-Geoengineering.html,oilprice.com,20231219T101500Z,English,United States
Ocean fertilization,ocean fertilization,Study underscores uncertain costs of iron fertilization,https://phys.org/news/2024-03-underscores-uncertain-iron-fertilization.html,phys.org,20240329T184500Z,English,United States
Ocean fertilization,ocean fertilization,Saving Biology With Blue Biotechnology,https://maritime-executive.com/article/saving-biology-with-blue-biotechnology,maritime-executive.com,20240318T004500Z,English,United States
Ocean fertilization,ocean fertilization,Sunlight - Dimming Climate Schemes Need Worldwide Oversight,https://www.scientificamerican.com/article/sunlight-dimming-climate-schemes-need-worldwide-oversight/,scientificamerican.com,20240311T130000Z,English,United States
Ocean fertilization,ocean fertilization,"Geoengineering The Sky , Part 2 . 0",https://climatechangedispatch.com/geoengineering-the-sky-part-2-0/,climatechangedispatch.com,20240304T153000Z,English,United States
Ocean fertilization,ocean fertilization,How ocean carbon dioxide removal could slow climate change,https://www.sciencenews.org/article/ocean-carbon-removal-climate-change,sciencenews.org,20240426T211500Z,English,United States
Ocean fertilization,ocean fertilization,Per Capita : A few updates on past columns,https://www.davisenterprise.com/features/per-capita-a-few-updates-on-past-columns/article_f1b74592-01b9-11ef-90f7-7773cdccc1cb.html,davisenterprise.com,20240424T000000Z,English,United States
Ocean fertilization,ocean fertilization,"Frank Sanitate : Here a Simple , Scalable Plan to End Global Warming | Opinions",https://www.noozhawk.com/frank-sanitate-heres-a-simple-scalable-plan-to-end-global-warming/,noozhawk.com,20240416T221500Z,English,United States
Ocean fertilization,ocean fertilization,Another Voice : Geoengineering,https://www.mendocinobeacon.com/2024/04/14/another-voice-geoengineering/,mendocinobeacon.com,20240415T210000Z,English,United States
Ocean fertilization,ocean fertilization,Another Voice : Geoengineering,https://www.ukiahdailyjournal.com/2024/04/14/another-voice-geoengineering/,ukiahdailyjournal.com,20240414T180000Z,English,United States
Ocean fertilization,ocean fertilization,"Carbon credits are useful for stabilizing the climate , but are they used effectively ?",https://phys.org/news/2024-05-carbon-credits-stabilizing-climate-effectively.html,phys.org,20240530T170000Z,English,United States
Ocean fertilization,ocean fertilization,"At U . N . Convention , Groups Push for Geoengineering Moratorium",https://innovationtoronto.com/at-u-n-convention-groups-push-for-geoengineering-moratorium/,innovationtoronto.com,20240514T021500Z,English,United States
Ocean fertilization,ocean fertilization,Marine CO₂ removal technologies could depend on the appetite of the ocean tiniest animals,https://phys.org/news/2024-06-marine-technologies-appetite-ocean-tiniest.html,phys.org,20240617T164500Z,English,United States
Ocean fertilization,ocean fertilization,How innovation and technology cleared the air,https://www.gjsentinel.com/opinion/columns/how-innovation-and-technology-cleared-the-air/article_5f44a3ee-29a5-11ef-b1ec-2f9bcf56875a.html,gjsentinel.com,20240614T104500Z,English,United States
Ocean fertilization,ocean fertilization,Climate Change Links Drought in Africa to Massive Ocean Bloom Near Madagascar,https://scienceblog.com/548174/climate-change-links-drought-in-africa-to-massive-ocean-bloom-near-madagascar/,scienceblog.com,20241001T190000Z,English,United States
Ocean fertilization,ocean fertilization,Iron fertilization could help remove atmospheric carbon,https://theweek.com/environment/iron-fertilization-climate-change,theweek.com,20240923T080000Z,English,United States
Ocean fertilization,ocean fertilization,The case for adding iron to the ocean for carbon dioxide removal,https://phys.org/news/2024-09-case-adding-iron-ocean-carbon.html,phys.org,20240909T193000Z,English,United States
Ocean fertilization,ocean fertilization,"Cloud Brightening Over Oceans May Stave off Climate Change , but With Risk",https://goodmenproject.com/featured-content/cloud-brightening-over-oceans-may-stave-off-climate-change-but-with-risk/,goodmenproject.com,20240906T093000Z,English,United States
Ocean fertilization,ocean fertilization,Skeptical Science New Research for Week # 52 2024,https://skepticalscience.com/new_research_2024_52.html,skepticalscience.com,20241226T114500Z,English,United States
Ocean fertilization,ocean fertilization,UN Agreements On Oceanic Geoengineering Dont Cover Dominant Land - Based Systems,https://cleantechnica.com/2024/12/11/un-agreements-on-oceanic-geoengineering-dont-cover-dominant-land-based-systems/,cleantechnica.com,20241212T014500Z,English,United States
Ocean fertilization,ocean fertilization,IMO Supports Efforts To Combat Waste Dumping At Sea,https://www.miragenews.com/imo-supports-efforts-to-combat-waste-dumping-at-1424627/,miragenews.com,20250312T173000Z,English,United States
Ocean fertilization,ocean fertilization,Hopes and Fishes,https://www.interlochenpublicradio.org/podcast/points-north/2025-09-12/hopes-and-fishes,interlochenpublicradio.org,20250912T140000Z,English,United States
Ocean fertilization,ocean fertilization,Scientists warn billion - dollar geoengineering schemes pose severe environmental risks – NaturalNews . com,https://www.naturalnews.com/2025-09-12-scientists-warn-geoengineering-schemes-pose-severe-environmental-risks.html,naturalnews.com,20250912T130000Z,English,United States
Ocean fertilization,ocean fertilization,"Well - publicized polar geoengineering ideas will not help and could harm , warn experts",https://phys.org/news/2025-09-polar-geoengineering-ideas-experts.html,phys.org,20250909T100000Z,English,United States
Ocean fertilization,ocean fertilization,"Experts Warn : Polar Geoengineering Could Harm , Not Help",https://www.miragenews.com/experts-warn-polar-geoengineering-could-harm-1529800/,miragenews.com,20250909T100000Z,English,United States
Ocean fertilization,ocean fertilization,Ocean iron fertilization or artificial ocean alkalinization ? Study reveals divergent effects on climate,https://phys.org/news/2025-10-ocean-iron-fertilization-artificial-alkalinization.html,phys.org,20251030T223000Z,English,United States
Ocean fertilization,ocean fertilization,We Need to Talk About Climate ( To Each Other ),https://wattsupwiththat.com/2025/10/16/we-need-to-talk-about-climate-to-each-other/,wattsupwiththat.com,20251017T040000Z,English,United States
Ocean fertilization,ocean fertilization,Report Warns of Escalating Marine Geoengineering Experiments,https://foe.org/news/report-warns-of-escalating-marine-geoengineering/,foe.org,20251016T171500Z,English,United States
Ocean fertilization,ocean fertilization,New standards needed to manage marine carbon removal efforts,https://www.terradaily.com/reports/New_standards_needed_to_manage_marine_carbon_removal_efforts_999.html,terradaily.com,20251120T153000Z,English,United States
Ocean fertilization,ocean fertilization,The risks of turning the ocean into a carbon sink,https://www.diplomaticourier.com/posts/risks-of-turning-the-ocean-into-a-carbon-sink,diplomaticourier.com,20251212T133000Z,English,United States
Ocean fertilization,ocean fertilization,Study : Marine Carbon Removal Needs More Thought Before Scaling Up,https://maritime-executive.com/editorials/study-marine-carbon-removal-needs-more-thought-before-scaling-up,maritime-executive.com,20251208T051500Z,English,United States
Ocean fertilization,iron fertilization,Moonshots ? Earth is the Most in Need of a Shot,http://www.theenergycollective.com/jim-baird/2396597/moonshots-earth-is-in-the-most-in-need-of-a-shot,theenergycollective.com,20170119T180000Z,English,United States
Ocean fertilization,iron fertilization,"Next Big Future : US Intelligence looks out to 2035 at shifting national power and economic stress for overall global growth , China and impact on jobs from AI and robots",http://www.nextbigfuture.com/2017/01/us-intelligence-looks-out-to-2035-at.html,nextbigfuture.com,20170112T000000Z,English,United States
Ocean fertilization,iron fertilization,Carbon Dioxide Removal and Negative Emissions Technology Workshop,http://www.environmentguru.com/pages/elements/element.aspx?id=4374760,environmentguru.com,20170103T060000Z,English,United States
Ocean fertilization,iron fertilization,US scientists launch world biggest solar geoengineering study,https://article.wn.com/view/2017/03/24/US_scientists_launch_worlds_biggest_solar_geoengineering_stu/,article.wn.com,20170324T151500Z,English,United States
Ocean fertilization,iron fertilization,Climate Geoengineering,https://wn.com/Climate_Geoengineering,wn.com,20170324T151500Z,English,United States
Ocean fertilization,iron fertilization,Earth Hackers  Adopt Radical Methods to Stop Climate Change,http://countingpips.com/2017/03/earth-hackers-adopt-radical-methods-to-stop-climate-change/,countingpips.com,20170322T183000Z,English,United States
Ocean fertilization,iron fertilization,Earth Hackers  Adopt Radical Methods to Stop Climate Change,https://www.wallstreetdaily.com/2017/03/22/earth-hackers-radical-climate-change/,wallstreetdaily.com,20170322T141500Z,English,United States
Ocean fertilization,iron fertilization,The Geoengineering Thread Pt . 2 : Environment,http://peakoil.com/forums/viewtopic.php?p=1351444,peakoil.com,20170309T023000Z,English,United States
Ocean fertilization,iron fertilization,The Geoengineering Thread Pt . 2 : Environment,http://peakoil.com/forums/viewtopic.php?p=1351407,peakoil.com,20170308T173000Z,English,United States
Ocean fertilization,iron fertilization,The Geoengineering Thread Pt . 2 : Environment,http://peakoil.com/forums/viewtopic.php?p=1351397,peakoil.com,20170308T131500Z,English,United States
Ocean fertilization,iron fertilization,The Geoengineering Thread Pt . 2 : Environment,http://peakoil.com/forums/viewtopic.php?p=1350852,peakoil.com,20170304T204500Z,English,United States
Ocean fertilization,iron fertilization,"Air Pollution Particles May Fertilize Oceans , Study Finds",http://www.voanews.com/a/pollution-particles-fertilize-oceans/3745610.html,voanews.com,20170302T003000Z,English,United States
Ocean fertilization,iron fertilization,Man,https://article.wn.com/view/2017/04/26/Manmade_clouds_could_save_Barrier_Reef/,article.wn.com,20170426T081500Z,English,United States
Ocean fertilization,iron fertilization,These Technologies Are The Future Of Fighting For The Environment,http://uproxx.com/technology/future-of-green-technology/,uproxx.com,20170414T173000Z,English,United States
Ocean fertilization,iron fertilization,Startup hopes to revive fish stocks by mimicking iron fertilization,https://www.undercurrentnews.com/2017/04/07/startup-hopes-to-revive-fish-stocks-by-mimicking-iron-fertilization/,undercurrentnews.com,20170407T100000Z,English,United States
Ocean fertilization,iron fertilization,A Company Plan To Fix Fisheries Has Scientists Feeling Skeptical,http://www.abc2news.com/newsy/a-companys-plan-to-fix-fisheries-has-scientists-feeling-skeptical,abc2news.com,20170525T014500Z,English,United States
Ocean fertilization,iron fertilization,A Company Plan To Fix Fisheries Has Scientists Feeling Skeptical,http://www.newschannel5.com/newsy/a-companys-plan-to-fix-fisheries-has-scientists-feeling-skeptical,newschannel5.com,20170524T223000Z,English,United States
Ocean fertilization,iron fertilization,Iron,http://www.nature.com/news/iron-dumping-ocean-experiment-sparks-controversy-1.22031,nature.com,20170523T191500Z,English,United States
Ocean fertilization,iron fertilization,Is Murry Salby Right ?,https://wattsupwiththat.com/2017/05/13/is-murry-salby-right/,wattsupwiththat.com,20170513T200000Z,English,United States
Ocean fertilization,iron fertilization,Is Murry Salby Right ?,https://wattsupwiththat.com/2017/05/13/is-murry-salby-right/comment-page-1/,wattsupwiththat.com,20170513T200000Z,English,United States
Ocean fertilization,iron fertilization,The End of Sustainability : An Interview with Robin Craig,http://netnebraska.org/article/news/1075646/end-sustainability-interview-robin-craig,netnebraska.org,20170511T151500Z,English,United States
Ocean fertilization,iron fertilization,How To Make Art Out Of Fighting Climate Change,http://www.vocativ.com/427235/make-art-fighting-climate-change/,vocativ.com,20170508T141500Z,English,United States
Ocean fertilization,iron fertilization,"Consensus , Certainty , and Catastrophe : The Debate Over Ocean Iron Fertilization",https://www.newsecuritybeat.org/2017/05/consensus-certainty-catastrophe-ocean-iron-fertilization-debate/,newsecuritybeat.org,20170503T064500Z,English,United States
Ocean fertilization,iron fertilization,"The ocean has issues : 7 biggest problems facing our seas , and how to fix them",https://www.treehugger.com/clean-technology/the-ocean-has-issues-7-biggest-problems-facing-our-seas-and-how-to-fix-them.html,treehugger.com,20170502T010000Z,English,United States
Ocean fertilization,iron fertilization,3 huge geoengineering projects are under way to save the planet,https://news.vice.com/story/3-huge-experiments-are-under-way-to-save-the-planet-with-science,news.vice.com,20170726T213000Z,English,United States
Ocean fertilization,iron fertilization,"Weather Disrupters , Beetle Killers , Tide Changers : Dowsing for the Last Species on Earth",http://dissidentvoice.org/2017/07/weather-disrupters-beetle-killers-tide-changers-dowsing-for-the-last-species-on-earth/,dissidentvoice.org,20170726T040000Z,English,United States
Ocean fertilization,iron fertilization,Understanding Climate Engineering,http://carnegieendowment.org/publications/?fa=72846,carnegieendowment.org,20170821T204500Z,English,United States
Ocean fertilization,iron fertilization,A very big fish story,http://www.boulderweekly.com/opinion/big-fish-story/,boulderweekly.com,20170817T170000Z,English,United States
Ocean fertilization,iron fertilization,The Self,http://www.theenergycollective.com/jim-baird/2410549/self-sustaining-climate-remedy,theenergycollective.com,20170815T121500Z,English,United States
Ocean fertilization,iron fertilization,The Geoengineering Thread Pt . 2 : Environment,http://peakoil.com/forums/viewtopic.php?p=1368988,peakoil.com,20170807T203000Z,English,United States
Ocean fertilization,iron fertilization,The Geoengineering Thread Pt . 2 : Environment,http://peakoil.com/forums/viewtopic.php?p=1368958,peakoil.com,20170807T160000Z,English,United States
Ocean fertilization,iron fertilization,The Geoengineering Thread Pt . 2 : Environment,http://peakoil.com/forums/viewtopic.php?p=1368938,peakoil.com,20170807T071500Z,English,United States
Ocean fertilization,iron fertilization,"Whales , Snotbot Drones , Iron Fertilization of the Ocean via whale poop # suglobalsummit",https://www.nextbigfuture.com/2017/09/whales-snotbot-drones-iron-fertilization-of-the-ocean-via-whale-poop-suglobalsummit.html,nextbigfuture.com,20170902T204500Z,English,United States
Ocean fertilization,iron fertilization,geoengineering,http://www.desdemonadespair.net/search/label/geoengineering,desdemonadespair.net,20171016T230000Z,English,United States
Ocean fertilization,iron fertilization,Weekly Climate and Energy News Roundup # 286,https://wattsupwiththat.com/2017/10/08/weekly-climate-and-energy-news-roundup-286/comment-page-1/,wattsupwiththat.com,20171009T083000Z,English,United States
Ocean fertilization,iron fertilization,Weekly Climate and Energy News Roundup # 286,https://wattsupwiththat.com/2017/10/08/weekly-climate-and-energy-news-roundup-286/,wattsupwiththat.com,20171009T083000Z,English,United States
Ocean fertilization,iron fertilization,Protect the high seas from harm,https://www.nature.com/articles/d41586-018-00102-9,nature.com,20180110T163000Z,English,United States
Ocean fertilization,iron fertilization,Iron fertilization of the ocean is as natural as whale poop and it can save the planet,https://www.nextbigfuture.com/2018/01/iron-fertilization-of-the-ocean-is-as-natural-as-whale-poop-and-it-can-save-the-planet.html,nextbigfuture.com,20180105T030000Z,English,United States
Ocean fertilization,iron fertilization,News - 9 Shocking Geoengineering Solutions to Climate Change,https://www.theweathernetwork.com/uk/news/articles/shocking-geoengineering-solutions-to-climate-change-global-warming/102923,theweathernetwork.com,20180605T043000Z,English,United States
Ocean fertilization,iron fertilization,News - 9 Shocking Geoengineering Solutions to Climate Change,https://www.theweathernetwork.com/news/articles/shocking-geoengineering-solutions-to-climate-change-global-warming/102786,theweathernetwork.com,20180601T213000Z,English,United States
Ocean fertilization,iron fertilization,2018 Top 300 MASTERS,https://student.societyforscience.org/2018-top-300-masters,student.societyforscience.org,20180905T194500Z,English,United States
Ocean fertilization,iron fertilization,"Natural , incidental , and engineered nanomaterials and their impacts on the Earth system",http://science.sciencemag.org/content/363/6434/eaau8299,science.sciencemag.org,20190328T220000Z,English,United States
Ocean fertilization,iron fertilization,Precautionary approach over marine geoengineering solutions for climate change,http://www.pressreleasepoint.com/precautionary-approach-over-marine-geoengineering-solutions-climate-change,pressreleasepoint.com,20190312T173000Z,English,United States
Ocean fertilization,iron fertilization,Longmont man launches quixotic White House bid,http://www.dailycamera.com/longmont-news/ci_32501272/longmont-brad-stephens-launches-quixotic-white-house-bid,dailycamera.com,20190309T021500Z,English,United States
Ocean fertilization,iron fertilization,Is a great iron fertilization experiment already underway ?,http://www.terradaily.com/reports/Is_a_great_iron_fertilization_experiment_already_underway_999.html,terradaily.com,20190630T133000Z,English,United States
Ocean fertilization,iron fertilization,Environmental News Network - Is a Great Iron Fertilization Experiment Already Underway ?,https://www.enn.com/articles/58587-is-a-great-iron-fertilization-experiment-already-underway,enn.com,20190627T213000Z,English,United States
Ocean fertilization,iron fertilization,Is a great iron fertilization experiment already underway ?,https://phys.org/news/2019-06-great-iron-fertilization-underway.html,phys.org,20190627T071500Z,English,United States
Ocean fertilization,iron fertilization,Is a great iron fertilization experiment already underway ?,https://www.eurekalert.org/pub_releases/2019-06/uosf-iag062619.php,eurekalert.org,20190626T214500Z,English,United States
Ocean fertilization,iron fertilization,Tissue testing for field crops requires cautious use and interpretation,https://www.farmforum.net/farm_forum/tissue-testing-for-field-crops-requires-cautious-use-and-interpretation/article_cfc9090a-43bc-5211-9907-1f33387b78a0.html,farmforum.net,20190623T033000Z,English,United States
Ocean fertilization,iron fertilization,Air - sea disequilibrium enhances ocean carbon storage during glacial periods,https://advances.sciencemag.org/content/5/6/eaaw4981.full,advances.sciencemag.org,20190612T190000Z,English,United States
Ocean fertilization,iron fertilization,The climate renegade |  Global Possibilities,https://globalpossibilities.org/the-climate-renegade/,globalpossibilities.org,20190605T014500Z,English,United States
Ocean fertilization,iron fertilization,VOX News POX On Climate Change Hope,http://russgeorge.net/2019/05/31/vox-news-pox/,russgeorge.net,20190602T230000Z,English,United States
Ocean fertilization,iron fertilization,What is geoengineering – and why should you care ?,https://www.technologyreview.com/s/614079/what-is-geoengineering-and-why-should-you-care-climate-change-harvard/,technologyreview.com,20190809T120000Z,English,United States
Ocean fertilization,iron fertilization,"The ocean has issues : 7 biggest problems facing our seas , and how to fix them",https://globalpossibilities.org/the-ocean-has-issues-7-biggest-problems-facing-our-seas-and-how-to-fix-them/,globalpossibilities.org,20200522T004500Z,English,United States
Ocean fertilization,iron fertilization,How can adding iron to the oceans slow global warming ?,https://science.howstuffworks.com/environmental/green-science/iron-sulfate-slow-global-warming.htm,science.howstuffworks.com,20200715T054500Z,English,United States
Ocean fertilization,iron fertilization,Solar Radiation Management,https://www.wilsoncenter.org/article/solar-radiation-management,wilsoncenter.org,20200930T203000Z,English,United States
Ocean fertilization,iron fertilization,Geoengineering Is the Only Solution to Our Climate Calamities,https://www.wired.com/story/geoengineering-is-the-only-solution-to-our-climate-calamities/,wired.com,20200920T133000Z,English,United States
Ocean fertilization,iron fertilization,How the Ocean Can Help Absorb CO2 | World Resources Institute,https://www.wri.org/blog/2020/10/ocean-carbon-dioxide-sequestration,wri.org,20201008T221500Z,English,United States
Ocean fertilization,iron fertilization,Columbia University Launches the World First  Carbon Dioxide Removal Law  Database,https://blogs.ei.columbia.edu/2020/10/08/carbon-dioxide-removal-law-database/,blogs.ei.columbia.edu,20201008T164500Z,English,United States
Ocean fertilization,iron fertilization,A rich source of nutrients under the Earth ice sheets,https://www.eurekalert.org/pub_releases/2020-11/ggph-ars112320.php,eurekalert.org,20201123T203000Z,English,United States
Ocean fertilization,iron fertilization,"Sea ice kept oxygen from reaching deep ocean during last ice age , study finds",https://theworldlink.com/news/local/sea-ice-kept-oxygen-from-reaching-deep-ocean-during-last-ice-age-study-finds/article_77abb6de-2dc9-58a6-b552-97623c5a301b.html,theworldlink.com,20210207T123000Z,English,United States
Ocean fertilization,iron fertilization,"Sea ice kept oxygen from reaching deep ocean during last ice age , study finds",https://scienceblog.com/520878/sea-ice-kept-oxygen-from-reaching-deep-ocean-during-last-ice-age-study-finds/,scienceblog.com,20210204T160000Z,English,United States
Ocean fertilization,iron fertilization,"Sea ice kept oxygen from reaching deep ocean during last ice age , study finds",https://www.triplicate.com/news/sea-ice-kept-oxygen-from-reaching-deep-ocean-during-last-ice-age-study-finds/article_412226f8-5f65-5ceb-8099-0fe2116a5d05.html,triplicate.com,20210204T044500Z,English,United States
Ocean fertilization,iron fertilization,Sea Ice Complicated Relationship Between Oxygen and Carbon During Last Ice Age,https://www.azocleantech.com/news.aspx?newsID=28786,azocleantech.com,20210203T194500Z,English,United States
Ocean fertilization,iron fertilization,Sea ice kept oxygen from reaching deep ocean during last ice age,https://phys.org/news/2021-02-sea-ice-oxygen-deep-ocean.html,phys.org,20210202T214500Z,English,United States
Ocean fertilization,iron fertilization,"Sea ice kept oxygen from reaching deep ocean during last ice age , study finds",https://www.miragenews.com/sea-ice-kept-oxygen-from-reaching-deep-ocean-508855/,miragenews.com,20210202T213000Z,English,United States
Ocean fertilization,iron fertilization,Sea ice kept oxygen from reaching deep ocean during last ice age,https://www.eurekalert.org/pub_releases/2021-02/osu-sik020221.php,eurekalert.org,20210202T211500Z,English,United States
Ocean fertilization,iron fertilization,Adding Aluminum to Seawater Increases Net Carbon Fixation of Marine Diatoms,https://www.azocleantech.com/news.aspx?newsID=29352,azocleantech.com,20210506T171500Z,English,United States
Ocean fertilization,iron fertilization,Aluminum may affect climate change by increasing ocean carbon sink capacity,https://phys.org/news/2021-05-aluminum-affect-climate-ocean-carbon.html,phys.org,20210506T171500Z,English,United States
Ocean fertilization,iron fertilization,Aluminum may affect climate change by increasing ocean carbon sink capacity,https://www.eurekalert.org/pub_releases/2021-05/caos-ama050521.php,eurekalert.org,20210506T160000Z,English,United States
Ocean fertilization,iron fertilization,Aluminum May Affect Climate Change by Increasing Ocean Carbon Sink Capacity,https://www.miragenews.com/aluminum-may-affect-climate-change-by-555424/,miragenews.com,20210506T034500Z,English,United States
Ocean fertilization,iron fertilization,ScienceOnline  09 : Interview with Miriam Goldstein,https://scienceblogs.com/clock/2009/07/06/scienceonline09-interview-with-8,scienceblogs.com,20210505T153000Z,English,United States
Ocean fertilization,iron fertilization,Families upset with how Naples cemetery maintained,https://www.winknews.com/2021/06/22/families-upset-with-how-naples-cemetery-maintained/,winknews.com,20210622T220000Z,English,United States
Ocean fertilization,iron fertilization,"Another Week in the Planetary Crisis , March 31 , 2013",https://scienceblogs.com/illconsidered/2013/04/gw-news-march-31-2013,scienceblogs.com,20210621T134500Z,English,United States
Ocean fertilization,iron fertilization,Coastal News Today | World - Causes and timing of recurring subarctic Pacific hypoxia,https://www.coastalnewstoday.com/post/world-causes-and-timing-of-recurring-subarctic-pacific-hypoxia,coastalnewstoday.com,20210604T064500Z,English,United States
Ocean fertilization,iron fertilization,How wildfires fueled by climate change affect oceans and algae,https://www.vox.com/down-to-earth/2021/9/15/22672480/wildfires-oceans-algae-blooms-climate-change-australia,vox.com,20210915T153000Z,English,United States
Ocean fertilization,iron fertilization,"Carbon dioxide levels take centuries to fall back , United Nations conference could help",https://www.washingtonpost.com/weather/2021/10/31/carbon-dioxide-atmosphere-cop26/,washingtonpost.com,20211031T160000Z,English,United States
Ocean fertilization,iron fertilization,Marine Oxygen Levels are the Next Great Casualty of Climate Change,https://www.scientificamerican.com/article/marine-oxygen-levels-are-the-next-great-casualty-of-climate-change/,scientificamerican.com,20211123T173000Z,English,United States
Ocean fertilization,iron fertilization,Should Humans Try to Modify the Amount of Sunlight the Earth Receives ?,https://www.counterpunch.org/2021/11/12/should-humans-try-to-modify-the-amount-of-sunlight-the-earth-receives/,counterpunch.org,20211112T103000Z,English,United States
Ocean fertilization,iron fertilization,Should Humans Try to Modify the Amount of Sunlight the Earth Receives ?,https://www.pressenza.com/2021/11/should-humans-try-to-modify-the-amount-of-sunlight-the-earth-receives/,pressenza.com,20211112T043000Z,English,United States
Ocean fertilization,iron fertilization,A drastic sci - fi idea could solve climate change or unleash its own wave of problems,https://www.alternet.org/2021/11/an-idea-from-science-fiction-could-solve-climate/,alternet.org,20211109T224500Z,English,United States
Ocean fertilization,iron fertilization,We Are Still Feeling the Ecological Impact of Whaling | History News Network,http://historynewsnetwork.org/article/181667,historynewsnetwork.org,20211104T203000Z,English,United States
Ocean fertilization,iron fertilization,"The biggest whales can eat the equivalent of 80 , 000 Big Macs in one day",https://www.ksut.org/2021-11-03/the-biggest-whales-can-eat-the-equivalent-of-80-000-big-macs-in-one-day,ksut.org,20211104T093000Z,English,United States
Ocean fertilization,iron fertilization,"The biggest whales can eat the equivalent of 80 , 000 Big Macs in one day",https://www.wuwf.org/2021-11-03/the-biggest-whales-can-eat-the-equivalent-of-80-000-big-macs-in-one-day,wuwf.org,20211104T053000Z,English,United States
Ocean fertilization,iron fertilization,"The biggest whales can eat the equivalent of 80 , 000 Big Macs in one day",https://www.ijpr.org/2021-11-03/the-biggest-whales-can-eat-the-equivalent-of-80-000-big-macs-in-one-day,ijpr.org,20211104T034500Z,English,United States
Ocean fertilization,iron fertilization,"The biggest whales can eat the equivalent of 80 , 000 Big Macs in one day",https://www.hawaiipublicradio.org/npr-news/2021-11-03/the-biggest-whales-can-eat-the-equivalent-of-80-000-big-macs-in-one-day,hawaiipublicradio.org,20211104T004500Z,English,United States
Ocean fertilization,iron fertilization,"The biggest whales can eat the equivalent of 80 , 000 Big Macs in one day",https://wbhm.org/npr_story_post/2021/the-biggest-whales-can-eat-the-equivalent-of-80000-big-macs-in-one-day/,wbhm.org,20211103T224500Z,English,United States
Ocean fertilization,iron fertilization,"The biggest whales can eat the equivalent of 80 , 000 Big Macs in one day",https://www.wfdd.org/story/biggest-whales-can-eat-equivalent-80000-big-macs-one-day,wfdd.org,20211103T221500Z,English,United States
Ocean fertilization,iron fertilization,"The biggest whales can eat the equivalent of 80 , 000 Big Macs in one day",https://www.wvik.org/2021-11-03/the-biggest-whales-can-eat-the-equivalent-of-80-000-big-macs-in-one-day,wvik.org,20211103T213000Z,English,United States
Ocean fertilization,iron fertilization,"The biggest whales can eat the equivalent of 80 , 000 Big Macs in one day",https://www.wutc.org/2021-11-03/the-biggest-whales-can-eat-the-equivalent-of-80-000-big-macs-in-one-day,wutc.org,20211103T213000Z,English,United States
Ocean fertilization,iron fertilization,"The biggest whales can eat the equivalent of 80 , 000 Big Macs in one day",https://www.ksmu.org/2021-11-03/the-biggest-whales-can-eat-the-equivalent-of-80-000-big-macs-in-one-day,ksmu.org,20211103T210000Z,English,United States
Ocean fertilization,iron fertilization,"The biggest whales can eat the equivalent of 80 , 000 Big Macs in one day",https://www.wcsufm.org/post/biggest-whales-can-eat-equivalent-80000-big-macs-one-day,wcsufm.org,20211103T210000Z,English,United States
Ocean fertilization,iron fertilization,"The biggest whales can eat the equivalent of 80 , 000 Big Macs in one day",https://www.mainepublic.org/npr-news/2021-11-03/the-biggest-whales-can-eat-the-equivalent-of-80-000-big-macs-in-one-day,mainepublic.org,20211103T203000Z,English,United States
Ocean fertilization,iron fertilization,"The biggest whales can eat the equivalent of 80 , 000 Big Macs in one day",https://www.kwit.org/2021-11-03/the-biggest-whales-can-eat-the-equivalent-of-80-000-big-macs-in-one-day,kwit.org,20211103T200000Z,English,United States
Ocean fertilization,iron fertilization,"The biggest whales can eat the equivalent of 80 , 000 Big Macs in one day",https://www.kasu.org/2021-11-03/the-biggest-whales-can-eat-the-equivalent-of-80-000-big-macs-in-one-day,kasu.org,20211103T194500Z,English,United States
Ocean fertilization,iron fertilization,"The biggest whales can eat the equivalent of 80 , 000 Big Macs in one day",https://www.aspenpublicradio.org/2021-11-03/the-biggest-whales-can-eat-the-equivalent-of-80-000-big-macs-in-one-day,aspenpublicradio.org,20211103T194500Z,English,United States
Ocean fertilization,iron fertilization,"The biggest whales can eat the equivalent of 80 , 000 Big Macs in one day",https://www.wprl.org/post/biggest-whales-can-eat-equivalent-80000-big-macs-one-day,wprl.org,20211103T193000Z,English,United States
Ocean fertilization,iron fertilization,"The biggest whales can eat the equivalent of 80 , 000 Big Macs in one day",https://www.wypr.org/2021-11-03/the-biggest-whales-can-eat-the-equivalent-of-80-000-big-macs-in-one-day,wypr.org,20211103T193000Z,English,United States
Ocean fertilization,iron fertilization,"The biggest whales can eat the equivalent of 80 , 000 Big Macs in one day",https://www.kacu.org/2021-11-03/the-biggest-whales-can-eat-the-equivalent-of-80-000-big-macs-in-one-day,kacu.org,20211103T193000Z,English,United States
Ocean fertilization,iron fertilization,"The biggest whales can eat the equivalent of 80 , 000 Big Macs in one day",https://www.wcbe.org/post/biggest-whales-can-eat-equivalent-80000-big-macs-one-day,wcbe.org,20211103T193000Z,English,United States
Ocean fertilization,iron fertilization,"The biggest whales can eat the equivalent of 80 , 000 Big Macs in one day",https://www.wnmufm.org/2021-11-03/the-biggest-whales-can-eat-the-equivalent-of-80-000-big-macs-in-one-day,wnmufm.org,20211103T191500Z,English,United States
Ocean fertilization,iron fertilization,"The biggest whales can eat the equivalent of 80 , 000 Big Macs in one day",https://www.kios.org/post/biggest-whales-can-eat-equivalent-80000-big-macs-one-day,kios.org,20211103T191500Z,English,United States
Ocean fertilization,iron fertilization,"The biggest whales can eat the equivalent of 80 , 000 Big Macs in one day",https://www.wesm913.org/post/biggest-whales-can-eat-equivalent-80000-big-macs-one-day,wesm913.org,20211103T191500Z,English,United States
Ocean fertilization,iron fertilization,"The biggest whales can eat the equivalent of 80 , 000 Big Macs in one day",https://www.kgou.org/science-technology-and-environment/2021-11-03/the-biggest-whales-can-eat-the-equivalent-of-80-000-big-macs-in-one-day,kgou.org,20211103T190000Z,English,United States
Ocean fertilization,iron fertilization,"The biggest whales can eat the equivalent of 80 , 000 Big Macs in one day",https://www.wjsu.org/post/biggest-whales-can-eat-equivalent-80000-big-macs-one-day,wjsu.org,20211103T184500Z,English,United States
Ocean fertilization,iron fertilization,"The biggest whales can eat the equivalent of 80 , 000 Big Macs in one day",https://www.kwbu.org/post/biggest-whales-can-eat-equivalent-80000-big-macs-one-day,kwbu.org,20211103T184500Z,English,United States
Ocean fertilization,iron fertilization,"The biggest whales can eat the equivalent of 80 , 000 Big Macs in one day",https://www.redriverradio.org/post/biggest-whales-can-eat-equivalent-80000-big-macs-one-day,redriverradio.org,20211103T183000Z,English,United States
Ocean fertilization,iron fertilization,"The biggest whales can eat the equivalent of 80 , 000 Big Macs in one day",https://news.prairiepublic.org/news-from-npr/2021-11-03/the-biggest-whales-can-eat-the-equivalent-of-80-000-big-macs-in-one-day,news.prairiepublic.org,20211103T183000Z,English,United States
Ocean fertilization,iron fertilization,"The biggest whales can eat the equivalent of 80 , 000 Big Macs in one day",https://www.southcarolinapublicradio.org/2021-11-03/the-biggest-whales-can-eat-the-equivalent-of-80-000-big-macs-in-one-day,southcarolinapublicradio.org,20211103T181500Z,English,United States
Ocean fertilization,iron fertilization,"The biggest whales can eat the equivalent of 80 , 000 Big Macs in one day",https://www.spokanepublicradio.org/post/biggest-whales-can-eat-equivalent-80000-big-macs-one-day,spokanepublicradio.org,20211103T181500Z,English,United States
Ocean fertilization,iron fertilization,"The biggest whales can eat the equivalent of 80 , 000 Big Macs in one day",https://www.hppr.org/2021-11-03/the-biggest-whales-can-eat-the-equivalent-of-80-000-big-macs-in-one-day,hppr.org,20211103T181500Z,English,United States
Ocean fertilization,iron fertilization,"The biggest whales can eat the equivalent of 80 , 000 Big Macs in one day",https://www.kenw.org/npr-news/2021-11-03/the-biggest-whales-can-eat-the-equivalent-of-80-000-big-macs-in-one-day,kenw.org,20211103T180000Z,English,United States
Ocean fertilization,iron fertilization,"The biggest whales can eat the equivalent of 80 , 000 Big Macs in one day",https://www.wshu.org/npr-news/2021-11-03/the-biggest-whales-can-eat-the-equivalent-of-80-000-big-macs-in-one-day,wshu.org,20211103T180000Z,English,United States
Ocean fertilization,iron fertilization,"The biggest whales can eat the equivalent of 80 , 000 Big Macs in one day",https://www.kvnf.org/post/biggest-whales-can-eat-equivalent-80000-big-macs-one-day,kvnf.org,20211103T180000Z,English,United States
Ocean fertilization,iron fertilization,"The biggest whales can eat the equivalent of 80 , 000 Big Macs in one day",https://www.kmuw.org/2021-11-03/the-biggest-whales-can-eat-the-equivalent-of-80-000-big-macs-in-one-day,kmuw.org,20211103T174500Z,English,United States
Ocean fertilization,iron fertilization,"The biggest whales can eat the equivalent of 80 , 000 Big Macs in one day",https://www.weaa.org/post/biggest-whales-can-eat-equivalent-80000-big-macs-one-day,weaa.org,20211103T173000Z,English,United States
Ocean fertilization,iron fertilization,"To Save the Whales , Feed the Whales",https://www.theatlantic.com/science/archive/2021/11/whaling-whales-food-krill-iron/620604/,theatlantic.com,20211103T173000Z,English,United States
Ocean fertilization,iron fertilization,"The biggest whales can eat the equivalent of 80 , 000 Big Macs in one day",https://knpr.org/npr/2021-11/biggest-whales-can-eat-equivalent-80000-big-macs-one-day,knpr.org,20211103T173000Z,English,United States
Ocean fertilization,iron fertilization,"The biggest whales can eat the equivalent of 80 , 000 Big Macs in one day",https://www.wwno.org/npr-news/2021-11-03/the-biggest-whales-can-eat-the-equivalent-of-80-000-big-macs-in-one-day,wwno.org,20211103T173000Z,English,United States
Ocean fertilization,iron fertilization,Big whales eat far more than scientists previously thought : NPR,https://www.npr.org/2021/11/03/1051650199/the-biggest-whales-can-eat-the-equivalent-of-80-000-big-macs-in-one-day,npr.org,20211103T171500Z,English,United States
Ocean fertilization,iron fertilization,"The biggest whales can eat the equivalent of 80 , 000 Big Macs in one day",https://www.bpr.org/post/biggest-whales-can-eat-equivalent-80000-big-macs-one-day,bpr.org,20211103T171500Z,English,United States
Ocean fertilization,iron fertilization,"The biggest whales can eat the equivalent of 80 , 000 Big Macs in one day",https://www.wvasfm.org/post/biggest-whales-can-eat-equivalent-80000-big-macs-one-day,wvasfm.org,20211103T170000Z,English,United States
Ocean fertilization,iron fertilization,"The biggest whales can eat the equivalent of 80 , 000 Big Macs in one day",https://www.ktep.org/post/biggest-whales-can-eat-equivalent-80000-big-macs-one-day,ktep.org,20211103T170000Z,English,United States
Ocean fertilization,iron fertilization,"The biggest whales can eat the equivalent of 80 , 000 Big Macs in one day",https://www.wkms.org/npr-news/2021-11-03/the-biggest-whales-can-eat-the-equivalent-of-80-000-big-macs-in-one-day,wkms.org,20211103T164500Z,English,United States
Ocean fertilization,iron fertilization,"The biggest whales can eat the equivalent of 80 , 000 Big Macs in one day",https://www.capradio.org/news/npr/story?storyid=1051650199,capradio.org,20211103T164500Z,English,United States
Ocean fertilization,iron fertilization,"The biggest whales can eat the equivalent of 80 , 000 Big Macs in one day",https://www.mtpr.org/2021-11-03/the-biggest-whales-can-eat-the-equivalent-of-80-000-big-macs-in-one-day,mtpr.org,20211103T164500Z,English,United States
Ocean fertilization,iron fertilization,"The biggest whales can eat the equivalent of 80 , 000 Big Macs in one day",https://www.northernpublicradio.org/2021-11-03/the-biggest-whales-can-eat-the-equivalent-of-80-000-big-macs-in-one-day,northernpublicradio.org,20211103T164500Z,English,United States
Ocean fertilization,iron fertilization,"The biggest whales can eat the equivalent of 80 , 000 Big Macs in one day",https://news.wfsu.org/all-npr-news/2021-11-03/the-biggest-whales-can-eat-the-equivalent-of-80-000-big-macs-in-one-day,news.wfsu.org,20211103T163000Z,English,United States
Ocean fertilization,iron fertilization,"The biggest whales can eat the equivalent of 80 , 000 Big Macs in one day",https://www.wrur.org/npr-news/2021-11-03/the-biggest-whales-can-eat-the-equivalent-of-80-000-big-macs-in-one-day,wrur.org,20211103T163000Z,English,United States
Ocean fertilization,iron fertilization,"The biggest whales can eat the equivalent of 80 , 000 Big Macs in one day",https://www.publicradiotulsa.org/npr-national-news/2021-11-03/the-biggest-whales-can-eat-the-equivalent-of-80-000-big-macs-in-one-day,publicradiotulsa.org,20211103T163000Z,English,United States
Ocean fertilization,iron fertilization,"The biggest whales can eat the equivalent of 80 , 000 Big Macs in one day",https://www.upr.org/post/biggest-whales-can-eat-equivalent-80000-big-macs-one-day,upr.org,20211103T163000Z,English,United States
Ocean fertilization,iron fertilization,"The biggest whales can eat the equivalent of 80 , 000 Big Macs in one day",https://www.ketr.org/2021-11-03/the-biggest-whales-can-eat-the-equivalent-of-80-000-big-macs-in-one-day,ketr.org,20211103T163000Z,English,United States
Ocean fertilization,iron fertilization,Could crushed rocks absorb enough carbon to curb global warming ?,https://www.nationalgeographic.com/environment/article/could-crushed-rocks-absorb-enough-carbon-to-curb-global-warming,nationalgeographic.com,20211221T173000Z,English,United States
Ocean fertilization,iron fertilization,"Tiny meteors leave smoke in the atmosphere , and NASA studying it",https://phys.org/news/2021-12-tiny-meteors-atmosphere-nasa.html,phys.org,20211214T173000Z,English,United States
Ocean fertilization,iron fertilization,Natural climate solutions cut a steady course through a sea of proposals for ocean carbon dioxide reduction,http://blogs.edf.org/edfish/2021/12/08/natural-climate-solutions-cut-a-steady-course-through-a-sea-of-proposals-for-ocean-carbon-dioxide-reduction/,blogs.edf.org,20211209T000000Z,English,United States
Ocean fertilization,iron fertilization,Ocean Geoengineering  Not Rocket Science : Russ George,https://www.theepochtimes.com/ocean-geoengineering-not-rocket-science-russ-george_4255324.html,theepochtimes.com,20220204T183000Z,English,United States
Ocean fertilization,iron fertilization,IPCC words matter and so does the ocean,https://thehill.com/opinion/energy-environment/596407-ipccs-words-matter-and-so-does-the-ocean,thehill.com,20220302T163000Z,English,United States
Ocean fertilization,iron fertilization,Researchers Find No Evidence of Glacial Fertilization Effect in the Antarctic Ocean,https://www.azocleantech.com/news.aspx?newsID=31570,azocleantech.com,20220420T131500Z,English,United States
Ocean fertilization,iron fertilization,International study finds no glacial fertilization effect in the Antarctic Ocean,https://phys.org/news/2022-04-international-glacial-fertilization-effect-antarctic.html,phys.org,20220419T151500Z,English,United States
Ocean fertilization,iron fertilization,"Defying Some Expectations , Southern Ocean Did Not Increase Carbon Uptake in Ice Ages",https://news.climate.columbia.edu/2022/04/19/defying-some-expectations-southern-ocean-did-not-increase-carbon-uptake-in-ice-ages/,news.climate.columbia.edu,20220419T113000Z,English,United States
Ocean fertilization,iron fertilization,"Deep Ocean Unlikely To Absorb Excess Carbon Affecting Climate Change , Study Reveals",http://www.hngn.com/articles/242932/20220626/deep-ocean-unlikely-absorb-excess-carbon-affecting-climate-change-study.htm,hngn.com,20220626T160000Z,English,United States
Ocean fertilization,iron fertilization,The Deep Ocean Might Store Way Less Carbon Than We Hoped,https://www.sciencealert.com/the-deep-ocean-might-store-less-carbon-than-we-thought,sciencealert.com,20220626T030000Z,English,United States
Ocean fertilization,iron fertilization,The Week in Carbon Dioxide Removal : Three Take - Aways : Week 1 Edition,https://energycentral.com/c/ec/week-carbon-dioxide-removal-three-take-aways-week-1-edition,energycentral.com,20220725T120000Z,English,United States
Ocean fertilization,iron fertilization,Targeted News Service,https://targetednews.com/pr_disp.php?pr_id=7885356,targetednews.com,20220711T011500Z,English,United States
Ocean fertilization,iron fertilization,Iron boost from wildfire smoke a plus for Southern Ocean carbon cycle,https://phys.org/news/2022-07-iron-boost-wildfire-southern-ocean.html,phys.org,20220708T174500Z,English,United States
Ocean fertilization,iron fertilization,Ocean Heat and Carbon Drains to Cool and Energize the Planet .,https://energycentral.com/c/ec/ocean-heat-and-carbon-drains-cool-and-energize-planet,energycentral.com,20220921T000000Z,English,United States
Ocean fertilization,iron fertilization,"The Shit , err , Prozac , Heavy Metals , Have Hit the Proverbial Fan ( Santa Monica Bay )",https://dissidentvoice.org/2022/09/the-shit-err-prozac-heavy-metals-have-hit-the-proverbial-fan-santa-monica-bay/,dissidentvoice.org,20220913T234500Z,English,United States
Ocean fertilization,iron fertilization,News - Where Are All the Hurricanes ? They Aint Here Yet,https://www.heartland.org/news-opinion/news/where-are-all-the-hurricanes-they-aint-here-yet,heartland.org,20220902T191500Z,English,United States
Ocean fertilization,iron fertilization,Can the Climate be Restored ? | Dissident Voice,https://dissidentvoice.org/2022/10/can-the-climate-be-restored/,dissidentvoice.org,20221029T031500Z,English,United States
Ocean fertilization,iron fertilization,Can the Climate be Restored ?,https://www.counterpunch.org/2022/10/28/can-the-climate-be-restored/,counterpunch.org,20221028T071500Z,English,United States
Ocean fertilization,iron fertilization,"Iron - Rich Dust From South America Played Role in Last Two Glacial Periods , Says Study",https://lamont.columbia.edu/news/iron-rich-dust-south-america-played-role-last-two-glacial-periods-says-study,lamont.columbia.edu,20221129T103000Z,English,United States
Ocean fertilization,iron fertilization,"Iron - Rich Dust From South America Played Role in Last Two Glacial Periods , Says Study",https://news.climate.columbia.edu/2022/11/22/iron-rich-dust-from-south-america-played-role-in-last-two-glacial-periods-says-study/,news.climate.columbia.edu,20221122T191500Z,English,United States
Ocean fertilization,iron fertilization,Study analyzes dust transport in the upper levels of the atmosphere over the last two glacial cycles,https://phys.org/news/2022-11-upper-atmosphere-glacial.html,phys.org,20221121T203000Z,English,United States
Ocean fertilization,iron fertilization,Bond villain - like mad climate scientist and virtue signaling CEO named  Iseman  ( like Iceman ) wants to freeze the world by polluting the skies with sulfur particles,https://www.naturalnews.com/2023-01-04-climate-villain-iseman-freeze-world-sulfur-particles.html,naturalnews.com,20230105T073000Z,English,United States
Ocean fertilization,iron fertilization,"To fix the climate , these 10 investors are betting the house on the ocean",https://techcrunch.com/2023/03/02/to-fix-the-climate-these-10-investors-are-betting-the-house-on-the-ocean/,techcrunch.com,20230302T214500Z,English,United States
Ocean fertilization,iron fertilization,Skeptical Science New Research for Week # 28 2023,https://skepticalscience.com/new_research_2023_28.html,skepticalscience.com,20230713T111500Z,English,United States
Ocean fertilization,iron fertilization,"Coastal News Today | World - New research uncovers potential benefits , consequences of ocean iron fertilization",https://www.coastalnewstoday.com/post/world-new-research-uncovers-potential-benefits-consequences-of-ocean-iron-fertilization,coastalnewstoday.com,20230712T053000Z,English,United States
Ocean fertilization,iron fertilization,"Another Week in the Planetary Crisis , March 31 , 2013",https://scienceblogs.com/illconsidered/2013/04/gw-news-march-31-2013,scienceblogs.com,20230707T023000Z,English,United States
Ocean fertilization,iron fertilization,"To slow climate change , some want to  engineer the ocean",https://www.wbur.org/news/2023/10/12/climate-change-oceans-iron-algae,wbur.org,20231012T121500Z,English,United States
Ocean fertilization,iron fertilization,How ocean carbon dioxide removal could slow climate change,https://www.sciencenews.org/article/ocean-carbon-removal-climate-change,sciencenews.org,20240426T211500Z,English,United States
Ocean fertilization,iron fertilization,Per Capita : A few updates on past columns,https://www.davisenterprise.com/features/per-capita-a-few-updates-on-past-columns/article_f1b74592-01b9-11ef-90f7-7773cdccc1cb.html,davisenterprise.com,20240424T000000Z,English,United States
Ocean fertilization,iron fertilization,"Frank Sanitate : Here a Simple , Scalable Plan to End Global Warming | Opinions",https://www.noozhawk.com/frank-sanitate-heres-a-simple-scalable-plan-to-end-global-warming/,noozhawk.com,20240416T221500Z,English,United States
Ocean fertilization,iron fertilization,Another Voice : Geoengineering,https://www.mendocinobeacon.com/2024/04/14/another-voice-geoengineering/,mendocinobeacon.com,20240415T210000Z,English,United States
Ocean fertilization,iron fertilization,Another Voice : Geoengineering,https://www.ukiahdailyjournal.com/2024/04/14/another-voice-geoengineering/,ukiahdailyjournal.com,20240414T180000Z,English,United States
Ocean fertilization,iron fertilization,"At U . N . Convention , Groups Push for Geoengineering Moratorium",https://innovationtoronto.com/at-u-n-convention-groups-push-for-geoengineering-moratorium/,innovationtoronto.com,20240514T021500Z,English,United States
Ocean fertilization,iron fertilization,"Climate ocean tech fix  can work , research suggests",https://innovationtoronto.com/climate-ocean-tech-fix-can-work-research-suggests/,innovationtoronto.com,20240511T204500Z,English,United States
Ocean fertilization,iron fertilization,Davis Sunrise Rotary Club hosts screening of  Climate Restorer at Davis Veterans Memorial Center,https://theaggie.org/2024/05/09/davis-sunrise-rotary-club-hosts-screening-of-climate-restorers-at-davis-veterans-memorial-center/,theaggie.org,20240509T210000Z,English,United States
Ocean fertilization,iron fertilization,Our Atmosphere Transforms Dust From The Sahara Into Minerals That Fuel Life,https://www.sciencealert.com/our-atmosphere-transforms-dust-from-the-sahara-into-minerals-that-fuel-life,sciencealert.com,20240929T120000Z,English,United States
Ocean fertilization,iron fertilization,Sahara Desert dust is helping oceans thrive,https://news.ucr.edu/articles/2024/09/26/sahara-desert-dust-helping-oceans-thrive,news.ucr.edu,20240926T221500Z,English,United States
Ocean fertilization,iron fertilization,Geoengineering Wins Reluctant Interest from Scientists as Earth Climate Unravels,https://www.scientificamerican.com/article/geoengineering-wins-reluctant-interest-from-scientists-as-earths-climate/,scientificamerican.com,20240924T203000Z,English,United States
Ocean fertilization,iron fertilization,Iron fertilization could help remove atmospheric carbon,https://theweek.com/environment/iron-fertilization-climate-change,theweek.com,20240923T080000Z,English,United States
Ocean fertilization,iron fertilization,Saharan dust supports ocean life far from the desert,https://www.earth.com/news/saharan-dust-supports-ocean-life-far-from-the-desert/,earth.com,20240920T213000Z,English,United States
Ocean fertilization,iron fertilization,Oceanic life found to be thriving thanks to S,https://www.eurekalert.org/news-releases/1058227,eurekalert.org,20240920T054500Z,English,United States
Ocean fertilization,iron fertilization,Oceanic life found to be thriving thanks to Saharan dust blown from thousands of kilometers away,https://phys.org/news/2024-09-oceanic-life-saharan-blown-thousands.html,phys.org,20240920T053000Z,English,United States
Ocean fertilization,iron fertilization,Saharan Dust Boosts Oceanic Life Thousands of Kilometers Away,https://www.miragenews.com/saharan-dust-boosts-oceanic-life-thousands-of-1321016/,miragenews.com,20240920T050000Z,English,United States
Ocean fertilization,iron fertilization,The case for adding iron to the ocean for carbon dioxide removal,https://phys.org/news/2024-09-case-adding-iron-ocean-carbon.html,phys.org,20240909T193000Z,English,United States
Ocean fertilization,iron fertilization,Skeptical Science New Research for Week # 52 2024,https://skepticalscience.com/new_research_2024_52.html,skepticalscience.com,20241226T114500Z,English,United States
Ocean fertilization,iron fertilization,"500 , 000 years of fossil records reveal climate change impacts on deep - sea ecosystems",https://phys.org/news/2024-12-years-fossil-reveal-climate-impacts.html,phys.org,20241223T180000Z,English,United States
Ocean fertilization,iron fertilization,UN Agreements On Oceanic Geoengineering Dont Cover Dominant Land - Based Systems,https://cleantechnica.com/2024/12/11/un-agreements-on-oceanic-geoengineering-dont-cover-dominant-land-based-systems/,cleantechnica.com,20241212T014500Z,English,United States
Ocean fertilization,iron fertilization,Geoengineering Could Alter Global Climate . Should It ?,https://longreads.com/2024/12/06/geoengineering-could-alter-global-climate-should-it/,longreads.com,20241206T184500Z,English,United States
Ocean fertilization,iron fertilization,Iron Fertilization - Woods Hole Oceanographic Institution,https://www.whoi.edu/know-your-ocean/ocean-topics/climate-weather/ocean-based-climate-solutions/iron-fertilization/,whoi.edu,20250419T040000Z,English,United States
Ocean fertilization,iron fertilization,An Unintentional Iron Fertilization Experiment,https://www.marinetechnologynews.com/news/unintentional-fertilization-experiment-649626,marinetechnologynews.com,20250606T041500Z,English,United States
Ocean fertilization,iron fertilization,Migrating zooplankton play key role in ocean carbon transport and storage,https://phys.org/news/2025-07-migrating-zooplankton-play-key-role.html,phys.org,20250731T143000Z,English,United States
Ocean fertilization,iron fertilization,A record catch of krill near Antarctica could trigger an unprecedented end to fishing season,https://freerepublic.com/focus/f-chat/4331540/posts,freerepublic.com,20250730T030000Z,English,United States
Ocean fertilization,iron fertilization,An Israeli startup says its new technology will save the planet . Scientists have doubts,https://www.columbian.com/news/2025/jul/05/an-israeli-startup-says-its-new-technology-will-save-the-planet-scientists-have-doubts/,columbian.com,20250705T153000Z,English,United States
Ocean fertilization,iron fertilization,An Israeli startup says its new technology will save the planet . Scientists have doubts,https://www.postregister.com/features/smart_living/an-israeli-startup-says-its-new-technology-will-save-the-planet-scientists-have-doubts/article_3a4eaf62-1215-4df7-8d86-e696ddf24588.html,postregister.com,20250705T103000Z,English,United States
Ocean fertilization,iron fertilization,An Israeli startup says its new technology will save the planet . Scientists have doubts,https://www.wandtv.com/news/national/an-israeli-startup-says-its-new-technology-will-save-the-planet-scientists-have-doubts/article_5a8f9cc3-6e32-5893-bf93-a5a85afc61a7.html,wandtv.com,20250703T190000Z,English,United States
Ocean fertilization,iron fertilization,"An Israeli startup says its new technology will save the planet , scientists have doubts",https://krcgtv.com/news/nation-world/an-israeli-startup-says-its-new-technology-will-save-the-planet-scientists-have-doubts,krcgtv.com,20250703T180000Z,English,United States
Ocean fertilization,iron fertilization,An Israeli startup says its new technology will save the planet . Scientists have doubts,https://www.mankatofreepress.com/news/business/an-israeli-startup-says-its-new-technology-will-save-the-planet-scientists-have-doubts/article_64cc761e-f9c5-53b8-b247-29c987609302.html,mankatofreepress.com,20250703T173000Z,English,United States
Ocean fertilization,iron fertilization,An Israeli startup says its new technology will save the planet . Scientists have doubts,https://www.nvdaily.com/associated_press_national/an-israeli-startup-says-its-new-technology-will-save-the-planet-scientists-have-doubts/article_3d2b871d-06c1-5f38-bf03-0e47be403c9a.html,nvdaily.com,20250703T170000Z,English,United States
Ocean fertilization,iron fertilization,"Ocean technology startup that sold 200 , 000 carbon credits faces scientist doubts",https://fortune.com/2025/07/03/ocean-technology-startup-200000-carbon-credits-scientists-doubts-gigablue/,fortune.com,20250703T120000Z,English,United States
Ocean fertilization,iron fertilization,Company carbon credits raise questions about unproven ocean technology to fight global warming,https://www.nvdaily.com/associated_press_national/companys-carbon-credits-raise-questions-about-unproven-ocean-technology-to-fight-global-warming/article_3d2b871d-06c1-5f38-bf03-0e47be403c9a.html,nvdaily.com,20250703T084500Z,English,United States
Ocean fertilization,iron fertilization,Assembly cool on ocean iron proposal,https://www.kodiakdailymirror.com/news/article_ba76793e-2c8e-452f-9bd8-78905d8b53d8.html,kodiakdailymirror.com,20250703T043000Z,English,United States
Ocean fertilization,iron fertilization,Company carbon credits raise questions about unproven ocean technology to fight global warming,https://www.yahoo.com/news/companys-carbon-credits-raise-questions-040133098.html,yahoo.com,20250703T043000Z,English,United States
Ocean fertilization,iron fertilization,Company carbon credits raise questions about unproven ocean technology to fight global warming,https://www.yahoo.com/news/companys-carbon-credits-raise-questions-040133612.html,yahoo.com,20250703T043000Z,English,United States
Ocean fertilization,iron seeding,Iron Seeding of the Pacific Ocean May Have Played a Role in Global Climate Change,https://wattsupwiththat.com/2017/09/27/iron-seeding-of-the-pacific-ocean-may-have-played-a-role-in-global-climate-change/comment-page-1/,wattsupwiththat.com,20170927T214500Z,English,United States
Ocean fertilization,iron seeding,Iron Seeding of the Pacific Ocean May Have Played a Role in Global Climate Change,https://wattsupwiththat.com/2017/09/27/iron-seeding-of-the-pacific-ocean-may-have-played-a-role-in-global-climate-change/,wattsupwiththat.com,20170927T214500Z,English,United States
Ocean fertilization,iron seeding,Iron Seeding Of The Pacific Ocean May Have Played A Role In Global Climate Change,http://today.tamu.edu/2017/09/25/iron-seeding-of-the-pacific-ocean-may-have-played-a-role-in-global-climate-change/,today.tamu.edu,20170925T204500Z,English,United States
Ocean fertilization,iron seeding,Weekly Climate and Energy News Roundup # 286,https://wattsupwiththat.com/2017/10/08/weekly-climate-and-energy-news-roundup-286/comment-page-1/,wattsupwiththat.com,20171009T083000Z,English,United States
Ocean fertilization,iron seeding,Weekly Climate and Energy News Roundup # 286,https://wattsupwiththat.com/2017/10/08/weekly-climate-and-energy-news-roundup-286/,wattsupwiththat.com,20171009T083000Z,English,United States
Ocean fertilization,iron seeding,Heavy metal in the high seas,http://www.thebatt.com/science-technology/heavy-metal-in-the-high-seas/article_129593aa-aca2-11e7-a3bc-cfb3008e0f4c.html,thebatt.com,20171009T063000Z,English,United States
Ocean fertilization,iron seeding,Johan Rockstrm predicts climate doom again but is not advocating nuclear or ocean solutions,https://peakoil.com/enviroment/johan-rockstrom-predicts-climate-doom-again-but-is-not-advocating-nuclear-or-ocean-solutions/comment-page-1,peakoil.com,20180809T010000Z,English,United States
Ocean fertilization,iron seeding,Johan Rockstrm predicts climate doom again but is not advocating nuclear or ocean solutions,https://peakoil.com/enviroment/johan-rockstrom-predicts-climate-doom-again-but-is-not-advocating-nuclear-or-ocean-solutions,peakoil.com,20180808T151500Z,English,United States
Ocean fertilization,iron seeding,How to encourage policies and R & D for carbon - reducing technologies,https://www.greenbiz.com/article/how-encourage-policies-and-rd-carbon-reducing-technologies,greenbiz.com,20181110T094500Z,English,United States
Ocean fertilization,iron seeding,Will These Massive Geoengineering Projects Fix the Earth or Break It ?,http://www.awaken.com/2019/02/will-these-massive-geoengineering-projects-fix-the-earth-or-break-it/,awaken.com,20190206T181500Z,English,United States
Ocean fertilization,iron seeding,Will These Massive Geoengineering Projects Fix the Earth Or Break It ?,https://singularityhub.com/2019/02/03/will-these-massive-geoengineering-projects-fix-the-earth-or-break-it-more/,singularityhub.com,20190203T160000Z,English,United States
Ocean fertilization,iron seeding,How slime will save the world - The Boston Globe,https://www.bostonglobe.com/ideas/2019/07/26/how-slime-will-save-world/uzI69VnHJyim28c30TU7CJ/story.html,bostonglobe.com,20190726T144500Z,English,United States
Ocean fertilization,iron seeding,Turf Paradise Pauses Use of Grass Course,https://www.bloodhorse.com/horse-racing/articles/245522/turf-paradise-pauses-use-of-grass-course,bloodhorse.com,20210106T164500Z,English,United States
Ocean fertilization,iron seeding,The debate over geoengineering is intensifying,https://www.greenbiz.com/article/debate-over-geoengineering-intensifying,greenbiz.com,20230315T094500Z,English,United States
Ocean fertilization,iron enrichment,Geoengineering,http://www.greencarcongress.com/geoengineering/,greencarcongress.com,20180117T001500Z,English,United States
Ocean fertilization,iron enrichment,"Delrey announces positive Phase II results from ITS Blackie , Star and Porcher properties",https://www.so-co-it.com/post/592683/delrey-announces-positive-phase-ii-results-from-its-blackie-star-and-porcher-properties.html,so-co-it.com,20190516T220000Z,English,United States
Ocean fertilization,iron enrichment,Vanadium Demand Expected to Hit $56 billion Driving New North American Mining Plays,https://www.prnewswire.com/news-releases/vanadium-demand-expected-to-hit-56-billion-driving-new-north-american-mining-plays-300851411.html,prnewswire.com,20190516T131500Z,English,United States
Ocean fertilization,iron enrichment,"Timberline Resources Targets Confirmation , Delineation and Expansion of High Grade Gold Zone at Lookout Mountain , Nevada",https://www.clevelandstar.com/news/262302342/timberline-resources-targets-confirmation-delineation-and-expansion-of-high-grade-gold-zone-at-lookout-mountain-nevada,clevelandstar.com,20190904T180000Z,English,United States
Ocean fertilization,iron enrichment,"Timberline Resources Targets Confirmation , Delineation and Expansion of High Grade Gold Zone at Lookout Mountain , Nevada",https://www.stlouisstar.com/news/262302342/timberline-resources-targets-confirmation-delineation-and-expansion-of-high-grade-gold-zone-at-lookout-mountain-nevada,stlouisstar.com,20190904T174500Z,English,United States
Ocean fertilization,iron enrichment,"Timberline Resources Targets Confirmation , Delineation and Expansion of High Grade Gold Zone at Lookout Mountain , Nevada",https://www.californiatelegraph.com/news/262302342/timberline-resources-targets-confirmation-delineation-and-expansion-of-high-grade-gold-zone-at-lookout-mountain-nevada,californiatelegraph.com,20190904T174500Z,English,United States
Ocean fertilization,iron enrichment,"Timberline Resources Targets Confirmation , Delineation and Expansion of High Grade Gold Zone at Lookout Mountain , Nevada",https://www.albuquerqueexpress.com/news/262302342/timberline-resources-targets-confirmation-delineation-and-expansion-of-high-grade-gold-zone-at-lookout-mountain-nevada,albuquerqueexpress.com,20190904T161500Z,English,United States
Ocean fertilization,iron enrichment,"Timberline Resources Targets Confirmation , Delineation and Expansion of High Grade Gold Zone at Lookout Mountain , Nevada",https://www.tennesseedaily.com/news/262302342/timberline-resources-targets-confirmation-delineation-and-expansion-of-high-grade-gold-zone-at-lookout-mountain-nevada,tennesseedaily.com,20190904T154500Z,English,United States
Ocean fertilization,iron enrichment,"Timberline Resources Targets Confirmation , Delineation and Expansion of High Grade Gold Zone at Lookout Mountain , Nevada",https://www.phoenixherald.com/news/262302342/timberline-resources-targets-confirmation-delineation-and-expansion-of-high-grade-gold-zone-at-lookout-mountain-nevada,phoenixherald.com,20190904T151500Z,English,United States
Ocean fertilization,iron enrichment,"Timberline Resources Targets Confirmation , Delineation and Expansion of High Grade Gold Zone at Lookout Mountain , Nevada",https://www.dallassun.com/news/262302342/timberline-resources-targets-confirmation-delineation-and-expansion-of-high-grade-gold-zone-at-lookout-mountain-nevada,dallassun.com,20190904T144500Z,English,United States
Ocean fertilization,iron enrichment,"Timberline Resources Targets Confirmation , Delineation and Expansion of High Grade Gold Zone at Lookout Mountain , Nevada",https://www.nashvilleherald.com/news/262302342/timberline-resources-targets-confirmation-delineation-and-expansion-of-high-grade-gold-zone-at-lookout-mountain-nevada,nashvilleherald.com,20190904T141500Z,English,United States
Ocean fertilization,iron enrichment,"Timberline Resources Targets Confirmation , Delineation and Expansion of High Grade Gold Zone at Lookout Mountain , Nevada",https://www.baltimorestar.com/news/262302342/timberline-resources-targets-confirmation-delineation-and-expansion-of-high-grade-gold-zone-at-lookout-mountain-nevada,baltimorestar.com,20190904T140000Z,English,United States
Ocean fertilization,iron enrichment,"Timberline Resources Targets Confirmation , Delineation and Expansion of High Grade Gold Zone at Lookout Mountain , Nevada",https://www.pittsburghstar.com/news/262302342/timberline-resources-targets-confirmation-delineation-and-expansion-of-high-grade-gold-zone-at-lookout-mountain-nevada,pittsburghstar.com,20190904T140000Z,English,United States
Ocean fertilization,iron enrichment,"Timberline Resources Targets Confirmation , Delineation and Expansion of High Grade Gold Zone at Lookout Mountain , Nevada",https://www.memphissun.com/news/262302342/timberline-resources-targets-confirmation-delineation-and-expansion-of-high-grade-gold-zone-at-lookout-mountain-nevada,memphissun.com,20190904T140000Z,English,United States
Ocean fertilization,iron enrichment,"Timberline Resources Targets Confirmation , Delineation and Expansion of High Grade Gold Zone at Lookout Mountain , Nevada",https://www.theusnews.com/news/262302342/timberline-resources-targets-confirmation-delineation-and-expansion-of-high-grade-gold-zone-at-lookout-mountain-nevada,theusnews.com,20190904T134500Z,English,United States
Ocean fertilization,iron enrichment,"Timberline Resources Targets Confirmation , Delineation and Expansion of High Grade Gold Zone at Lookout Mountain , Nevada",https://www.saltlakecitysun.com/news/262302342/timberline-resources-targets-confirmation-delineation-and-expansion-of-high-grade-gold-zone-at-lookout-mountain-nevada,saltlakecitysun.com,20190904T134500Z,English,United States
Ocean fertilization,iron enrichment,"Timberline Resources Targets Confirmation , Delineation and Expansion of High Grade Gold Zone at Lookout Mountain , Nevada",https://www.hawaiitelegraph.com/news/262302342/timberline-resources-targets-confirmation-delineation-and-expansion-of-high-grade-gold-zone-at-lookout-mountain-nevada,hawaiitelegraph.com,20190904T133000Z,English,United States
Ocean fertilization,iron enrichment,"Timberline Resources Targets Confirmation , Delineation and Expansion of High Grade Gold Zone at Lookout Mountain , Nevada",https://www.newjerseytelegraph.com/news/262302342/timberline-resources-targets-confirmation-delineation-and-expansion-of-high-grade-gold-zone-at-lookout-mountain-nevada,newjerseytelegraph.com,20190904T131500Z,English,United States
Ocean fertilization,iron enrichment,"Timberline Resources Targets Confirmation , Delineation and Expansion of High Grade Gold Zone at Lookout Mountain , Nevada",https://www.bostonstar.com/news/262302342/timberline-resources-targets-confirmation-delineation-and-expansion-of-high-grade-gold-zone-at-lookout-mountain-nevada,bostonstar.com,20190904T131500Z,English,United States
Ocean fertilization,iron enrichment,Casting light on iron enrichment in the ocean twilight zone,https://phys.org/news/2019-10-iron-enrichment-ocean-twilight-zone.html,phys.org,20191029T131500Z,English,United States
Ocean fertilization,iron enrichment,MacDonald Mines Continues to Grow its SPJ Property,http://www.globenewswire.com/news-release/2019/10/04/1925193/0/en/MacDonald-Mines-Continues-to-Grow-its-SPJ-Property.html,globenewswire.com,20191004T101500Z,English,United States
Ocean fertilization,iron enrichment,Brain iron levels could improve cognitive function : Study,https://www.nutraingredients-usa.com/Article/2020/01/29/Brain-iron-levels-could-improve-cognitive-function-Study,nutraingredients-usa.com,20200129T211500Z,English,United States
Ocean fertilization,iron enrichment,Iron brain levels could improve cognitive function : Study,https://www.nutraingredients-usa.com/Article/2020/01/29/Iron-brain-levels-could-improve-cognitive-function-Study,nutraingredients-usa.com,20200129T163000Z,English,United States
Ocean fertilization,iron enrichment,Desert Gold Provides Exploration Update in Western Mali,https://finance.yahoo.com/news/desert-gold-provides-exploration-western-120000413.html,finance.yahoo.com,20200805T021500Z,English,United States
Ocean fertilization,iron enrichment,Iron supplement .,https://www.laphamsquarterly.org/technology/miscellany/iron-supplement,laphamsquarterly.org,20210330T014500Z,English,United States
Ocean fertilization,iron enrichment,DGAP - News : Tennant Minerals : Further high - grade copper - gold intercepts underpin Bluebird discovery,http://markets.businessinsider.com/news/stocks/dgap-news-tennant-minerals-further-high-grade-copper-gold-intercepts-underpin-bluebird-discovery-1031279871,markets.businessinsider.com,20220315T073000Z,English,United States
Ocean fertilization,iron enrichment,DGAP - News : Tennant Minerals : Further high - grade copper - gold intercepts underpin Bluebird discovery,https://markets.businessinsider.com/news/stocks/dgap-news-tennant-minerals-further-high-grade-copper-gold-intercepts-underpin-bluebird-discovery-1031279871,markets.businessinsider.com,20220315T064500Z,English,United States
Ocean fertilization,iron enrichment,Ukraine Races to Meet Global Trade Goals as Russia War Drags On,https://www.bloomberg.com/features/2022-russia-war-impact-ukraine-global-trade-goals/,bloomberg.com,20220816T133000Z,English,United States
Ocean fertilization,iron enrichment,"How a history lesson , a pro - Russian politician and dozens of cement mixers saved the key city of Kryvyi Rih",http://www.msn.com/en-nz/news/world/how-a-history-lesson-a-pro-russian-politician-and-dozens-of-cement-mixers-saved-the-key-city-of-kryvyi-rih/ar-AA13Mczv,msn.com,20221106T020000Z,English,United States
Ocean fertilization,iron enrichment,Using engineered nanoparticles to increase carbon dioxide storage in the ocean,https://www.nature.com/articles/s41565-022-01227-9,nature.com,20221210T121500Z,English,United States
Ocean fertilization,iron enrichment,Ancient star that crashed hot young star party could solve solar system mystery,https://news.yahoo.com/ancient-star-crashed-hot-young-130000504.html,news.yahoo.com,20230726T230000Z,English,United States
Ocean fertilization,iron enrichment,Inventus Provides Exploration Results from the Dorland,https://www.globenewswire.com/news-release/2023/10/18/2762524/0/en/Inventus-Provides-Exploration-Results-from-the-Dorland-Co-Au-Cu-Ni-Prospect.html,globenewswire.com,20231018T141500Z,English,United States
Ocean fertilization,iron enrichment,"To slow climate change , some want to  engineer the ocean",https://www.wbur.org/news/2023/10/12/climate-change-oceans-iron-algae,wbur.org,20231012T121500Z,English,United States
Ocean fertilization,iron enrichment,America  Cast Iron Cowboy  reveals why traditional skillets remain the ultimate cooking tool,https://www.foxbangor.com/news/national/americas-cast-iron-cowboy-reveals-why-traditional-skillets-remain-the-ultimate-cooking-tool/article_72cfe0a3-8783-5f0b-b288-040b7fd29c6b.html,foxbangor.com,20250727T133000Z,English,United States
Ocean fertilization,iron enrichment,"Why cowboys prefer cast - iron cooking , according to YouTube star Kent Rollins",https://www.foxnews.com/food-drink/americas-cast-iron-cowboy-reveals-why-traditional-skillets-remain-ultimate-cooking-tool,foxnews.com,20250727T130000Z,English,United States
Ocean fertilization,iron enrichment,Spotsylvania church plans annual animal blessing,https://fredericksburg.com/news/local/article_bbaf7c49-04ca-4763-8c0a-f08a23bf5d9d.html,fredericksburg.com,20251002T134500Z,English,United States
Ocean fertilization,iron enrichment,"Ferrous Sulfate Market Growth , Trends , and Future Outlook",https://www.briefingwire.com/pr/ferrous-sulfate-market-growth-trends-and-future-outlook,briefingwire.com,20251204T221500Z,English,United States
