domain,keyword,title,url,source_domain,seendate,language,country
soil carbon requestration,carbon farming,EcoWatch,http://www.ecowatch.com/tag/ocean-acidification,ecowatch.com,20170330T190000Z,English,United States
soil carbon requestration,carbon farming,A Climate Solution,http://www.bohemian.com/northbay/a-climate-solution/Content?oid=3379254,bohemian.com,20170329T121500Z,English,United States
soil carbon requestration,carbon farming,Artificial soils could be key in rehabilitation of Latrobe Valley coal mines,https://phys.org/news/2017-03-artificial-soils-key-latrobe-valley.html,phys.org,20170327T121500Z,English,United States
soil carbon requestration,carbon farming,NYS Assembly Budget Includes Funding For Carbon Farming Tax Credit Study,http://wamc.org/post/nys-assembly-budget-includes-funding-carbon-farming-tax-credit-study,wamc.org,20170319T164500Z,English,United States
soil carbon requestration,carbon farming,Soil Feedback : Environment,http://peakoil.com/forums/viewtopic.php?p=1352426,peakoil.com,20170316T070000Z,English,United States
soil carbon requestration,carbon farming,Soil Feedback : Environment,http://peakoil.com/forums/viewtopic.php?p=1352424,peakoil.com,20170316T021500Z,English,United States
soil carbon requestration,carbon farming,Soil Feedback : Environment,http://peakoil.com/forums/viewtopic.php?p=1352387,peakoil.com,20170315T214500Z,English,United States
soil carbon requestration,carbon farming,Marin Voice : California Coastal Commission is a ‘ weak link ’ in collaborative efforts,http://www.marinij.com/opinion/20170309/marin-voice-california-coastal-commission-is-a-weak-link-in-collaborative-efforts,marinij.com,20170310T000000Z,English,United States
soil carbon requestration,carbon farming,"Dr . Bronner Stands Up for Climate Action , Publishes CSR Report , and More at Natural Products Expo West 2017",https://www.yahoo.com/news/dr-bronners-stands-climate-action-publishes-csr-report-155600577.html,yahoo.com,20170308T163000Z,English,United States
soil carbon requestration,carbon farming,"Dr . Bronner Stands Up for Climate Action , Publishes CSR Report , and More at Natural Products Expo West 2017",http://www.marketwatch.com/story/dr-bronners-stands-up-for-climate-action-publishes-csr-report-and-more-at-natural-products-expo-west-2017-2017-03-08,marketwatch.com,20170308T161500Z,English,United States
soil carbon requestration,carbon farming,"Dr . Bronner Stands Up for Climate Action , Publishes CSR Report , and More at Natural Products Expo",http://www.prnewswire.com/news-releases/dr-bronners-stands-up-for-climate-action-publishes-csr-report-and-more-at-natural-products-expo-west-2017-300420336.html,prnewswire.com,20170308T161500Z,English,United States
soil carbon requestration,carbon farming,Climate Ecoforestry,http://www.resilience.org/stories/2017-03-07/climate-ecoforestry/,resilience.org,20170307T181500Z,English,United States
soil carbon requestration,carbon farming,Climate Ecoforestry,http://peakoil.com/enviroment/climate-ecoforestry/comment-page-1,peakoil.com,20170306T234500Z,English,United States
soil carbon requestration,carbon farming,Climate Ecoforestry,http://peakoil.com/enviroment/climate-ecoforestry,peakoil.com,20170306T193000Z,English,United States
soil carbon requestration,carbon farming,ILC Indigenous Land,http://www.4-traders.com/news/ILC-Indigenous-Land-34m-Indigenous-savanna-fire-management-program--24502191/,4-traders.com,20170529T051500Z,English,United States
soil carbon requestration,carbon farming,Let Skip the War Part — and Go Right to Reparations,http://axisoflogic.com/artman/publish/Article_76627.shtml,axisoflogic.com,20170523T143000Z,English,United States
soil carbon requestration,carbon farming,Carbon Farming and BioChar Workshop,https://www.syracusenewtimes.com/pec-events/carbon-farming-and-biochar-workshop/1495270800,syracusenewtimes.com,20170520T074500Z,English,United States
soil carbon requestration,carbon farming,Carbon Farming and BioChar Workshop,https://www.syracusenewtimes.com/pec-events/carbon-farming-and-biochar-workshop/,syracusenewtimes.com,20170520T074500Z,English,United States
soil carbon requestration,carbon farming,Let Skip the War Part — and Go Right to Reparations,https://www.commondreams.org/views/2017/05/19/lets-skip-war-part-and-go-right-reparations,commondreams.org,20170519T131500Z,English,United States
soil carbon requestration,carbon farming,SEEDS Launches Energy Farm Exhibits at Historic Barns Park,http://mynorth.com/2017/05/seeds-traverse-city-launches-energy-farm-exhibits/,mynorth.com,20170516T191500Z,English,United States
soil carbon requestration,carbon farming,"Australia Kimberley : Natural Wonderland , Cultural Landscape and Conservation Beacon",http://blog.nature.org/conservancy/2017/05/10/australias-kimberley-natural-wonderland-cultural-landscape-and-conservation-beacon/,blog.nature.org,20170510T163000Z,English,United States
soil carbon requestration,carbon farming,New State Of Voluntary Carbon Markets Report Set To Launch At Innovate4Climate,http://www.ecosystemmarketplace.com/articles/new-state-voluntary-carbon-markets-report-set-launch-innovate4climate/,ecosystemmarketplace.com,20170507T181500Z,English,United States
soil carbon requestration,carbon farming,Carbon Farming Taking Root in California,http://radio.krcb.org/post/carbon-farming-taking-root-california,radio.krcb.org,20170801T203000Z,English,United States
soil carbon requestration,carbon farming,Organic dairy pioneer develops electric semi,https://www.treehugger.com/cars/organic-dairy-pioneer-develops-electric-semi-truck-powered-cow-poop.html,treehugger.com,20170801T200000Z,English,United States
soil carbon requestration,carbon farming,Bringing our soil back to life with the latest in earth science,https://www.newscientist.com/article/mg23531360-800-can-the-latest-word-in-soil-science-bring-exhausted-lands-back-to-life/?campaign_id=RSS%7CNSNS-?cmpid=RSS%7CNSNS%7C2012-GLOBAL%7Cmagcontents,newscientist.com,20170730T113000Z,English,United States
soil carbon requestration,carbon farming,Bringing our soil back to life with the latest in earth science,https://www.newscientist.com/article/mg23531360-800-can-the-latest-word-in-soil-science-bring-exhausted-lands-back-to-life/,newscientist.com,20170730T104500Z,English,United States
soil carbon requestration,carbon farming,Organic Dairy Farmer Albert Straus Announces The First Full,http://www.perishablenews.com/index.php?article=0061897,perishablenews.com,20170728T060000Z,English,United States
soil carbon requestration,carbon farming,This California Dairy Farmer Says He Got a Carbon,http://www.triplepundit.com/2017/07/california-dairy-farmer-carbon-positive-solution-fight-emissions/,triplepundit.com,20170726T130000Z,English,United States
soil carbon requestration,carbon farming,Irish Sun,http://www.irishsun.com/news/254098803/ireland-climate-plan-offers-vague-intentions,irishsun.com,20170725T171500Z,English,United States
soil carbon requestration,carbon farming,The next big idea in the fight against climate change,http://www.houstonchronicle.com/opinion/outlook/article/The-next-big-idea-in-the-fight-against-climate-11307738.php,houstonchronicle.com,20170723T050000Z,English,United States
soil carbon requestration,carbon farming,8 Ways to Sequester Carbon to Avoid Climate Catastrophe,https://www.ecowatch.com/carbon-sequestration-2461971411.html,ecowatch.com,20170719T201500Z,English,United States
soil carbon requestration,carbon farming,Climate scientist Paul Beckwith on the jetstream crossing and our global climate emergency,http://www.globalpossibilities.org/103720-2/,globalpossibilities.org,20170717T230000Z,English,United States
soil carbon requestration,carbon farming,6 States Tapping Into the Benefits of Carbon Farming,http://www.resilience.org/stories/2017-07-17/6-states-tapping-into-the-benefits-of-carbon-farming/,resilience.org,20170717T121500Z,English,United States
soil carbon requestration,carbon farming,Center for Food Safety Soil Solutions,https://www.ecowatch.com/community/soilsolutions/,ecowatch.com,20170713T004500Z,English,United States
soil carbon requestration,carbon farming,6 States Tapping Into the Benefits of Carbon Farming,https://www.ecowatch.com/carbon-farming-2457937143.html,ecowatch.com,20170713T004500Z,English,United States
soil carbon requestration,carbon farming,Climate change is shaping the future of food – VICE News,https://news.vice.com/story/climate-change-is-shaping-the-future-of-food,news.vice.com,20170708T141500Z,English,United States
soil carbon requestration,carbon farming,Nathan Kaufman on Method to the Madness,http://www.kalx.berkeley.edu/news/nathan-kaufman-method-madness,kalx.berkeley.edu,20170708T074500Z,English,United States
soil carbon requestration,carbon farming,North Coast Brewing recognized,http://www.advocate-news.com/20170622/north-coast-brewing-recognized,advocate-news.com,20170707T194500Z,English,United States
soil carbon requestration,carbon farming,Episcopal Church announces Stewardship of Creation grant recipients,http://episcopaldigitalnetwork.com/ens/2017/07/06/episcopal-church-announces-stewardship-of-creation-grant-recipients-2/,episcopaldigitalnetwork.com,20170706T174500Z,English,United States
soil carbon requestration,carbon farming,Napa farmers stand by Paris climate accord,http://napavalleyregister.com/news/local/napa-farmers-stand-by-paris-climate-accord/article_78539f5f-466b-5de1-8c8c-d7a3f67e12e8.html,napavalleyregister.com,20170704T004500Z,English,United States
soil carbon requestration,carbon farming,Greg Ludlow : County commissioners contradict themselves on climate change,http://www.dailycamera.com/letters/ci_31107962/greg-ludlow-county-commissioners-contradict-themselves-climate-change,dailycamera.com,20170702T061500Z,English,United States
soil carbon requestration,carbon farming,"To Avoid Climate Catastrophe , Well Need to Remove CO2 From the Air",http://www.truth-out.org/news/item/41718-to-avoid-climate-catastrophe-we-ll-need-to-remove-co2-from-the-air,truth-out.org,20170825T174500Z,English,United States
soil carbon requestration,carbon farming,Another Path for Tajiguas,http://www.independent.com/news/2017/aug/24/another-path-tajiguas/,independent.com,20170824T121500Z,English,United States
soil carbon requestration,carbon farming,California Telegraph,http://www.californiatelegraph.com/news/254435409/farmland-can-sequester-carbon-from-the-atmosphere,californiatelegraph.com,20170822T010000Z,English,United States
soil carbon requestration,carbon farming,Farmland Can Sequester Carbon From the Atmosphere,https://www.voanews.com/a/california-carbon-farming/3994464.html,voanews.com,20170821T214500Z,English,United States
soil carbon requestration,carbon farming,Multi,http://www.resilience.org/stories/2017-08-21/multi-colored-merinos-kirabo-pastures/,resilience.org,20170821T144500Z,English,United States
soil carbon requestration,carbon farming,EAST COUNTY ROUNDUP : LOCAL AND STATEWIDE NEWS,http://www.eastcountymagazine.org/east-county-roundup-local-and-statewide-news-187,eastcountymagazine.org,20170816T201500Z,English,United States
soil carbon requestration,carbon farming,Publications,http://www.climatecentral.org/research-other-reports,climatecentral.org,20170815T230000Z,English,United States
soil carbon requestration,carbon farming,California Hopes  Healthy Soil  Will Fight Climate Change,http://www.kpbs.org/news/2017/aug/14/california-hopes-farmers-healthy-soil-will-fight-c/,kpbs.org,20170814T200000Z,English,United States
soil carbon requestration,carbon farming,Farmer designs methane,http://www.agriview.com/briefs/dairy/farmer-designs-methane-powered-truck/article_b3e5a5cd-1546-5637-a2dd-a77a9dd4e767.html,agriview.com,20170813T100000Z,English,United States
soil carbon requestration,carbon farming,"Seashore ranch suit , funding for ag projects discussed",https://www.ptreyeslight.com/article/seashore-ranch-suit-funding-ag-projects-discussed,ptreyeslight.com,20170810T181500Z,English,United States
soil carbon requestration,carbon farming,Carbon Farming Taking Root in California,http://radio.krcb.org/post/carbon-farming-taking-root-california,radio.krcb.org,20170801T203000Z,English,United States
soil carbon requestration,carbon farming,Organic dairy pioneer develops electric semi,https://www.treehugger.com/cars/organic-dairy-pioneer-develops-electric-semi-truck-powered-cow-poop.html,treehugger.com,20170801T200000Z,English,United States
soil carbon requestration,carbon farming,Garlic and Arts Festival to feature 8 presentations,http://www.recorder.com/Presentations-at-Garlic-and-Arts-12603203,recorder.com,20170922T063000Z,English,United States
soil carbon requestration,carbon farming,Letter : Harvey is warning to reduce greenhouse gas emissions,http://www.nwherald.com/2017/09/14/letter-harvey-is-warning-to-reduce-greenhouse-gas-emissions/ap9votk/,nwherald.com,20170921T183000Z,English,United States
soil carbon requestration,carbon farming,The Sacred Cow : Fighting Desertification,http://www.utne.com/environment/fighting-desertification-zm0z17uzcwil,utne.com,20170921T033000Z,English,United States
soil carbon requestration,carbon farming,County supervisors debate climate change during meeting,http://www.santamariasun.com/news/16541/county-supervisors-debate-climate-change-during-meeting/,santamariasun.com,20170914T073000Z,English,United States
soil carbon requestration,carbon farming,Santa Barbara County on track to meet state greenhouse gas reduction goals,http://lompocrecord.com/news/local/govt-and-politics/santa-barbara-county-on-track-to-meet-state-s-greenhouse/article_04daed7d-3be1-59bc-b17f-382b9acf444c.html,lompocrecord.com,20170913T051500Z,English,United States
soil carbon requestration,carbon farming,Santa Barbara County on track to meet state greenhouse gas reduction goals,http://santamariatimes.com/news/local/govt-and-politics/santa-barbara-county-on-track-to-meet-state-s-greenhouse/article_89dc9910-a0ff-5361-8b18-c742f409e911.html,santamariatimes.com,20170913T014500Z,English,United States
soil carbon requestration,carbon farming,Could Carbon Farming Help Slow Rising Temperatures ?,https://learningenglish.voanews.com/a/could-carbon-farming-help-slow-rising-temperatures/4010236.html,learningenglish.voanews.com,20170904T020000Z,English,United States
soil carbon requestration,carbon farming,Clean Your Plate to Reduce Greenhouse Gasses,http://www.sonomacountygazette.com/sonoma-county-news/clean-your-plate-to-reduce-greenhouse-gasses,sonomacountygazette.com,20171130T083000Z,English,United States
soil carbon requestration,carbon farming,Department of Environment and Energy Austral,http://www.4-traders.com/news/Department-of-Environment-and-Energy-Austral-Minor-changes-to-seven-methods-and-closure-of-the-CFI--25590698/,4-traders.com,20171130T060000Z,English,United States
soil carbon requestration,carbon farming,The Mail,https://www.newyorker.com/magazine/2017/12/04/letters-from-the-december-4-2017-issue,newyorker.com,20171127T120000Z,English,United States
soil carbon requestration,carbon farming,A Key In The Fight Against Climate Change That You Might Not Be Aware Of ..,https://blogforiowa.com/2017/11/25/a-key-in-the-fight-against-climate-change-that-you-might-not-be-aware-of/,blogforiowa.com,20171125T160000Z,English,United States
soil carbon requestration,carbon farming,Rangelands land tenure reform back on the WA Government agenda,http://www.mondaq.com/australia/x/649786/agriculture+land+law/Rangelands+land+tenure+reform+back+on+the+WA+Government+agenda,mondaq.com,20171125T111500Z,English,United States
soil carbon requestration,carbon farming,Rangelands land tenure reform back on the WA Government agenda,http://mondaq.com/australia/x/649786/agriculture+land+law/Rangelands+land+tenure+reform+back+on+the+WA+Government+agenda,mondaq.com,20171125T063000Z,English,United States
soil carbon requestration,carbon farming,How carbon farming can help solve climate change,https://phys.org/news/2017-11-carbon-farming-climatechange.html,phys.org,20171122T133000Z,English,United States
soil carbon requestration,carbon farming,North Face Created A Hat That Benefits The Environment,https://www.psfk.com/2017/11/the-north-face-created-a-hat-that-benefits-the-environment.html,psfk.com,20171120T151500Z,English,United States
soil carbon requestration,carbon farming,North Face Shares Climate Beneficial Supply Chain Innovation at the Product Level,http://justmeans.com/blog/north-face-shares-climate-beneficial-supply-chain-innovation-at-the-product-level,justmeans.com,20171118T011500Z,English,United States
soil carbon requestration,carbon farming,News,https://www.theweathernetwork.com/news/articles/australia-global-top-ten-deforester-queensland-leading-way-deforestation-science/89509,theweathernetwork.com,20171117T230000Z,English,United States
soil carbon requestration,carbon farming,Australia is a global top,https://phys.org/news/2017-11-australia-global-top-ten-deforester-queensland.html,phys.org,20171117T140000Z,English,United States
soil carbon requestration,carbon farming,Marin Voice : Novato landfill assists in fighting climate change,http://www.marinij.com/opinion/20171116/marin-voice-novato-landfill-assists-in-fighting-climate-change,marinij.com,20171117T001500Z,English,United States
soil carbon requestration,carbon farming,Australia is a global top,http://theconversation.com/australia-is-a-global-top-ten-deforester-and-queensland-is-leading-the-way-87259,theconversation.com,20171116T204500Z,English,United States
soil carbon requestration,carbon farming,Indigenous fire use spreads to Botswana,https://au.news.yahoo.com/world/a/37886840/indigenous-fire-use-spreads-to-botswana/,au.news.yahoo.com,20171115T220000Z,English,United States
soil carbon requestration,carbon farming,Indigenous fire use spreads to Botswana,https://nz.news.yahoo.com/indigenous-fire-spreads-botswana-200014872--spt.html,nz.news.yahoo.com,20171115T220000Z,English,United States
soil carbon requestration,carbon farming,Gear News : The North Face launches new carbon,https://www.grindtv.com/gear/gear-news-the-north-face-launches-new-carbon-offsetting-beanie/,grindtv.com,20171113T221500Z,English,United States
soil carbon requestration,carbon farming,Amazon & The Future Of Food,https://cleantechnica.com/2017/11/13/amazon-future-food/,cleantechnica.com,20171113T164500Z,English,United States
soil carbon requestration,carbon farming,PlanetSave,https://planetsave.com/2017/11/13/amazon-and-the-future-of-food/,planetsave.com,20171113T130000Z,English,United States
soil carbon requestration,carbon farming,This  Climate Beneficial  Wool Hat Comes From Carbon,https://www.fastcompany.com/40493770/this-climate-beneficial-wool-hat-comes-from-carbon-positive-sheep,fastcompany.com,20171113T120000Z,English,United States
soil carbon requestration,carbon farming,The National Energy Guarantee : Our new technology,http://mondaq.com/australia/x/645390/Renewables/The+National+Energy+Guarantee+Our+new+technologyneutral+energy+policy,mondaq.com,20171112T230000Z,English,United States
soil carbon requestration,carbon farming,The National Energy Guarantee : Our new technology,http://www.mondaq.com/australia/x/645390/Renewables/The+National+Energy+Guarantee+Our+new+technologyneutral+energy+policy,mondaq.com,20171112T213000Z,English,United States
soil carbon requestration,carbon farming,John Roulac,https://www.ecowatch.com/community/john_roulac,ecowatch.com,20171104T174500Z,English,United States
soil carbon requestration,carbon farming,How farmers can turn trash into energy,https://phys.org/news/2017-11-farmers-trash-energy.html,phys.org,20171103T131500Z,English,United States
soil carbon requestration,carbon farming,"Forget turning straw into gold , farmers can turn trash into energy",http://theconversation.com/forget-turning-straw-into-gold-farmers-can-turn-trash-into-energy-86616,theconversation.com,20171103T070000Z,English,United States
soil carbon requestration,carbon farming,Maui Energy Conference to explore decarbonization - LahainaNews . com,http://www.lahainanews.com/page/content.detail/id/564586/Maui-Energy-Conference-to-explore-decarbonization.html,lahainanews.com,20180201T084500Z,English,United States
soil carbon requestration,carbon farming,How A Skeptical Rancher In Rural California Embraced Green - Friendly Farming With Help From A Popular Outdoors Brand,http://www.capradio.org/articles/2018/01/31/how-a-skeptical-rancher-in-rural-california-embraced-green-friendly-farming-with-help-from-a-popular-outdoors-brand/,capradio.org,20180201T031500Z,English,United States
soil carbon requestration,carbon farming,A Guilt - Free Day on the Slopes,https://www.environmentguru.com/pages/elements/element.aspx?id=6056875,environmentguru.com,20180129T204500Z,English,United States
soil carbon requestration,carbon farming,A Guilt - Free Day on the Slopes,https://www.ecowatch.com/ecofriendly-snowboarding-gear-2529677363.html,ecowatch.com,20180129T170000Z,English,United States
soil carbon requestration,carbon farming,"Biochar , a Valuable Soil Carbon Negative Supplement for Soil Environment , to Witness a CAGR of 14 . 18 % during 2017 - 2023",https://globenewswire.com/news-release/2018/01/10/1286594/0/en/Biochar-a-Valuable-Soil-Carbon-Negative-Supplement-for-Soil-Environment-to-Witness-a-CAGR-of-14-18-during-2017-2023.html,globenewswire.com,20180128T151500Z,English,United States
soil carbon requestration,carbon farming,Is nuclear power really that expensive ?,http://grist.org/article/is-nuclear-power-really-that-expensive/,grist.org,20180126T170000Z,English,United States
soil carbon requestration,carbon farming,Center for Carbon Removal on Method to the Madness,https://www.kalx.berkeley.edu/news/center-carbon-removal-method-madness,kalx.berkeley.edu,20180112T210000Z,English,United States
soil carbon requestration,carbon farming,Preaching climate - friendly farming in Trump country,https://www.washingtonpost.com/news/theworldpost/wp/2018/01/11/food-climate/,washingtonpost.com,20180111T204500Z,English,United States
soil carbon requestration,carbon farming,Valley Journal : Organic gardening has low carbon footprint,http://www.valleyjournal.net/article/18991/Organic-gardening-has-low-carbon-footprint,valleyjournal.net,20180109T210000Z,English,United States
soil carbon requestration,carbon farming,Valley Journal : Organic gardening has low carbon footprint,http://www.valleyjournal.net/article/18980/Organic-gardening-has-low-carbon-footprint,valleyjournal.net,20180109T023000Z,English,United States
soil carbon requestration,carbon farming,Ranchers want to sequester more carbon,https://www.ptreyeslight.com/article/ranchers-want-sequester-more-carbon,ptreyeslight.com,20180104T213000Z,English,United States
soil carbon requestration,carbon farming,Comments out early on park GMPA,https://www.ptreyeslight.com/article/comments-out-early-park-gmpa,ptreyeslight.com,20180301T201500Z,English,United States
soil carbon requestration,carbon farming,‘ Maine Eats exhibit in Portland digs into evolution of state s cuisine,https://www.centralmaine.com/2018/02/28/maine-eats-exhibit-in-portland-digs-into-evolution-of-states-cuisine/,centralmaine.com,20180228T154500Z,English,United States
soil carbon requestration,carbon farming,Maine Eat exhibit in Portland digs into evolution of state cuisine,https://www.pressherald.com/2018/02/28/find-creative-nourishment-at-maine-eats/,pressherald.com,20180228T111500Z,English,United States
soil carbon requestration,carbon farming,The Nationals have changed their leader but kept the same climate story,http://theconversation.com/the-nationals-have-changed-their-leader-but-kept-the-same-climate-story-92348,theconversation.com,20180227T220000Z,English,United States
soil carbon requestration,carbon farming,"How A Skeptical Rancher , Aided By An Outdoors Brand , Turned Climate Friendly",http://kuow.org/post/how-skeptical-rancher-aided-outdoors-brand-turned-climate-friendly-0,kuow.org,20180227T073000Z,English,United States
soil carbon requestration,carbon farming,"How A Skeptical Rancher , Aided By An Outdoors Brand , Turned Climate Friendly",http://kunr.org/post/how-skeptical-rancher-aided-outdoors-brand-turned-climate-friendly,kunr.org,20180227T020000Z,English,United States
soil carbon requestration,carbon farming,"How A Skeptical Rancher , Aided By An Outdoors Brand , Turned Climate Friendly",http://klcc.org/post/how-skeptical-rancher-aided-outdoors-brand-turned-climate-friendly-0,klcc.org,20180227T003000Z,English,United States
soil carbon requestration,carbon farming,"How A Skeptical Rancher , Aided By An Outdoors Brand , Turned Climate Friendly",https://www.wfdd.org/story/how-skeptical-rancher-aided-outdoors-brand-turned-climate-friendly,wfdd.org,20180226T193000Z,English,United States
soil carbon requestration,carbon farming,"How A Skeptical Rancher , Aided By An Outdoors Brand , Turned Climate Friendly",http://wcbe.org/post/how-skeptical-rancher-aided-outdoors-brand-turned-climate-friendly,wcbe.org,20180226T183000Z,English,United States
soil carbon requestration,carbon farming,"How A Skeptical Rancher , Aided By An Outdoors Brand , Turned Climate Friendly",http://kawc.org/post/how-skeptical-rancher-aided-outdoors-brand-turned-climate-friendly,kawc.org,20180226T181500Z,English,United States
soil carbon requestration,carbon farming,"How A Skeptical Rancher , Aided By An Outdoors Brand , Turned Climate Friendly",http://kios.org/post/how-skeptical-rancher-aided-outdoors-brand-turned-climate-friendly,kios.org,20180226T181500Z,English,United States
soil carbon requestration,carbon farming,"How A Skeptical Rancher , Aided By An Outdoors Brand , Turned Climate Friendly",http://kccu.org/post/how-skeptical-rancher-aided-outdoors-brand-turned-climate-friendly,kccu.org,20180226T173000Z,English,United States
soil carbon requestration,carbon farming,"How A Skeptical Rancher , Aided By An Outdoors Brand , Turned Climate Friendly",http://peconicpublicbroadcasting.org/post/how-skeptical-rancher-aided-outdoors-brand-turned-climate-friendly,peconicpublicbroadcasting.org,20180226T171500Z,English,United States
soil carbon requestration,carbon farming,"How A Skeptical Rancher , Aided By An Outdoors Brand , Turned Climate Friendly",http://wamc.org/post/how-skeptical-rancher-aided-outdoors-brand-turned-climate-friendly,wamc.org,20180226T170000Z,English,United States
soil carbon requestration,carbon farming,"How A Skeptical Rancher , Aided By An Outdoors Brand , Turned Climate Friendly",http://kenw.org/post/how-skeptical-rancher-aided-outdoors-brand-turned-climate-friendly,kenw.org,20180226T170000Z,English,United States
soil carbon requestration,carbon farming,"How A Skeptical Rancher , Aided By An Outdoors Brand , Turned Climate Friendly",http://wunc.org/post/how-skeptical-rancher-aided-outdoors-brand-turned-climate-friendly,wunc.org,20180226T170000Z,English,United States
soil carbon requestration,carbon farming,"How A Skeptical Rancher , Aided By An Outdoors Brand , Turned Climate Friendly",http://www.wlrh.org/NPR-News/how-skeptical-rancher-aided-outdoors-brand-turned-climate-friendly,wlrh.org,20180226T170000Z,English,United States
soil carbon requestration,carbon farming,"How A Skeptical Rancher , Aided By An Outdoors Brand , Turned Climate Friendly",http://wrvo.org/post/how-skeptical-rancher-aided-outdoors-brand-turned-climate-friendly,wrvo.org,20180226T164500Z,English,United States
soil carbon requestration,carbon farming,"How A Skeptical Rancher , Aided By An Outdoors Brand , Turned Climate Friendly",http://wuwf.org/post/how-skeptical-rancher-aided-outdoors-brand-turned-climate-friendly,wuwf.org,20180226T161500Z,English,United States
soil carbon requestration,carbon farming,"How A Skeptical Rancher , Aided By An Outdoors Brand , Turned Climate Friendly",http://radio.wpsu.org/post/how-skeptical-rancher-aided-outdoors-brand-turned-climate-friendly,radio.wpsu.org,20180226T161500Z,English,United States
soil carbon requestration,carbon farming,"How A Skeptical Rancher , Aided By An Outdoors Brand , Turned Climate Friendly",http://kwbu.org/post/how-skeptical-rancher-aided-outdoors-brand-turned-climate-friendly,kwbu.org,20180226T160000Z,English,United States
soil carbon requestration,carbon farming,"How A Skeptical Rancher , Aided By An Outdoors Brand , Turned Climate Friendly",http://news.wfsu.org/post/how-skeptical-rancher-aided-outdoors-brand-turned-climate-friendly,news.wfsu.org,20180226T160000Z,English,United States
soil carbon requestration,carbon farming,"How A Skeptical Rancher , Aided By An Outdoors Brand , Turned Climate Friendly",http://wyso.org/post/how-skeptical-rancher-aided-outdoors-brand-turned-climate-friendly,wyso.org,20180226T160000Z,English,United States
soil carbon requestration,carbon farming,"How A Skeptical Rancher , Aided By An Outdoors Brand , Turned Climate Friendly",http://kanw.com/post/how-skeptical-rancher-aided-outdoors-brand-turned-climate-friendly,kanw.com,20180226T160000Z,English,United States
soil carbon requestration,carbon farming,"How A Skeptical Rancher , Aided By An Outdoors Brand , Turned Climate Friendly",http://wknofm.org/post/how-skeptical-rancher-aided-outdoors-brand-turned-climate-friendly,wknofm.org,20180226T160000Z,English,United States
soil carbon requestration,carbon farming,"How A Skeptical Rancher , Aided By An Outdoors Brand , Turned Climate Friendly",http://wfae.org/post/how-skeptical-rancher-aided-outdoors-brand-turned-climate-friendly,wfae.org,20180226T160000Z,English,United States
soil carbon requestration,carbon farming,"How A Skeptical Rancher , Aided By An Outdoors Brand , Turned Climate Friendly",http://wdiy.org/post/how-skeptical-rancher-aided-outdoors-brand-turned-climate-friendly,wdiy.org,20180226T160000Z,English,United States
soil carbon requestration,carbon farming,"How A Skeptical Rancher , Aided By An Outdoors Brand , Turned Climate Friendly",http://kucb.org/post/how-skeptical-rancher-aided-outdoors-brand-turned-climate-friendly,kucb.org,20180226T154500Z,English,United States
soil carbon requestration,carbon farming,"How A Skeptical Rancher , Aided By An Outdoors Brand , Turned Climate Friendly",http://ktep.org/post/how-skeptical-rancher-aided-outdoors-brand-turned-climate-friendly,ktep.org,20180226T154500Z,English,United States
soil carbon requestration,carbon farming,"How A Skeptical Rancher , Aided By An Outdoors Brand , Turned Climate Friendly",http://wypr.org/post/how-skeptical-rancher-aided-outdoors-brand-turned-climate-friendly,wypr.org,20180226T154500Z,English,United States
soil carbon requestration,carbon farming,"How A Skeptical Rancher , Aided By An Outdoors Brand , Turned Climate Friendly",http://wxxinews.org/post/how-skeptical-rancher-aided-outdoors-brand-turned-climate-friendly,wxxinews.org,20180226T153000Z,English,United States
soil carbon requestration,carbon farming,"How A Skeptical Rancher , Aided By An Outdoors Brand , Turned Climate Friendly",http://publicradiotulsa.org/post/how-skeptical-rancher-aided-outdoors-brand-turned-climate-friendly,publicradiotulsa.org,20180226T153000Z,English,United States
soil carbon requestration,carbon farming,"How A Skeptical Rancher , Aided By An Outdoors Brand , Turned Climate Friendly . News",https://www.opb.org/news/article/npr-how-a-skeptical-rancher-aided-by-an-outdoors-brand-turned-climate-friendly/,opb.org,20180226T153000Z,English,United States
soil carbon requestration,carbon farming,"How A Skeptical Rancher , Aided By An Outdoors Brand , Turned Climate Friendly",http://kasu.org/post/how-skeptical-rancher-aided-outdoors-brand-turned-climate-friendly,kasu.org,20180226T153000Z,English,United States
soil carbon requestration,carbon farming,"How A Skeptical Rancher , Aided By An Outdoors Brand , Turned Climate Friendly",http://wnmufm.org/post/how-skeptical-rancher-aided-outdoors-brand-turned-climate-friendly,wnmufm.org,20180226T153000Z,English,United States
soil carbon requestration,carbon farming,"How A Skeptical Rancher , Aided By An Outdoors Brand , Turned Climate Friendly",http://wesm913.org/post/how-skeptical-rancher-aided-outdoors-brand-turned-climate-friendly,wesm913.org,20180226T151500Z,English,United States
soil carbon requestration,carbon farming,"How A Skeptical Rancher , Aided By An Outdoors Brand , Turned Climate Friendly",http://ketr.org/post/how-skeptical-rancher-aided-outdoors-brand-turned-climate-friendly,ketr.org,20180226T151500Z,English,United States
soil carbon requestration,carbon farming,"How A Skeptical Rancher , Aided By An Outdoors Brand , Turned Climate Friendly",http://iowapublicradio.org/post/how-skeptical-rancher-aided-outdoors-brand-turned-climate-friendly,iowapublicradio.org,20180226T151500Z,English,United States
soil carbon requestration,carbon farming,"How A Skeptical Rancher , Aided By An Outdoors Brand , Turned Climate Friendly",http://kcur.org/post/how-skeptical-rancher-aided-outdoors-brand-turned-climate-friendly,kcur.org,20180226T151500Z,English,United States
soil carbon requestration,carbon farming,"How A Skeptical Rancher , Aided By An Outdoors Brand , Turned Climate Friendly",http://hppr.org/post/how-skeptical-rancher-aided-outdoors-brand-turned-climate-friendly,hppr.org,20180226T151500Z,English,United States
soil carbon requestration,carbon farming,"How A Skeptical Rancher , Aided By An Outdoors Brand , Turned Climate Friendly",http://upr.org/post/how-skeptical-rancher-aided-outdoors-brand-turned-climate-friendly,upr.org,20180226T151500Z,English,United States
soil carbon requestration,carbon farming,"How A Skeptical Rancher , Aided By An Outdoors Brand , Turned Climate Friendly",http://mtpr.org/post/how-skeptical-rancher-aided-outdoors-brand-turned-climate-friendly,mtpr.org,20180226T151500Z,English,United States
soil carbon requestration,carbon farming,"How A Skeptical Rancher , Aided By An Outdoors Brand , Turned Climate Friendly",http://wuwm.com/post/how-skeptical-rancher-aided-outdoors-brand-turned-climate-friendly,wuwm.com,20180226T151500Z,English,United States
soil carbon requestration,carbon farming,"How A Skeptical Rancher , Aided By An Outdoors Brand , Turned Climate Friendly",http://kansaspublicradio.org/npr-news/how-skeptical-rancher-aided-outdoors-brand-turned-climate-friendly,kansaspublicradio.org,20180226T150000Z,English,United States
soil carbon requestration,carbon farming,"How A Skeptical Rancher , Aided By An Outdoors Brand , Turned Climate Friendly",http://ksmu.org/post/how-skeptical-rancher-aided-outdoors-brand-turned-climate-friendly,ksmu.org,20180226T150000Z,English,United States
soil carbon requestration,carbon farming,"How A Skeptical Rancher , Aided By An Outdoors Brand , Turned Climate Friendly",http://peoriapublicradio.org/post/how-skeptical-rancher-aided-outdoors-brand-turned-climate-friendly,peoriapublicradio.org,20180226T144500Z,English,United States
soil carbon requestration,carbon farming,"How A Skeptical Rancher , Aided By An Outdoors Brand , Turned Climate Friendly",http://klcc.org/post/how-skeptical-rancher-aided-outdoors-brand-turned-climate-friendly,klcc.org,20180226T144500Z,English,United States
soil carbon requestration,carbon farming,"How A Skeptical Rancher , Aided By An Outdoors Brand , Turned Climate Friendly",http://wutc.org/post/how-skeptical-rancher-aided-outdoors-brand-turned-climate-friendly,wutc.org,20180226T144500Z,English,United States
soil carbon requestration,carbon farming,"How A Skeptical Rancher , Aided By An Outdoors Brand , Turned Climate Friendly",http://krcu.org/post/how-skeptical-rancher-aided-outdoors-brand-turned-climate-friendly,krcu.org,20180226T144500Z,English,United States
soil carbon requestration,carbon farming,"How A Skeptical Rancher , Aided By An Outdoors Brand , Turned Climate Friendly",http://spokanepublicradio.org/post/how-skeptical-rancher-aided-outdoors-brand-turned-climate-friendly,spokanepublicradio.org,20180226T144500Z,English,United States
soil carbon requestration,carbon farming,"How A Skeptical Rancher , Aided By An Outdoors Brand , Turned Climate Friendly",https://knpr.org/npr/2018-02/how-skeptical-rancher-aided-outdoors-brand-turned-climate-friendly,knpr.org,20180226T141500Z,English,United States
soil carbon requestration,carbon farming,"How A Skeptical Rancher , Aided By An Outdoors Brand , Turned Climate Friendly",http://wksu.org/post/how-skeptical-rancher-aided-outdoors-brand-turned-climate-friendly,wksu.org,20180226T141500Z,English,United States
soil carbon requestration,carbon farming,"How A Skeptical Rancher , Aided By An Outdoors Brand , Turned Climate Friendly : The Salt",https://www.npr.org/sections/thesalt/2018/02/26/588005181/how-a-skeptical-rancher-aided-by-an-outdoors-brand-turned-climate-friendly,npr.org,20180226T134500Z,English,United States
soil carbon requestration,carbon farming,"How A Skeptical Rancher , Aided By An Outdoors Brand , Turned Climate Friendly",http://wmot.org/post/how-skeptical-rancher-aided-outdoors-brand-turned-climate-friendly,wmot.org,20180226T133000Z,English,United States
soil carbon requestration,carbon farming,Ag conference takes root in Chico,http://www.actionnewsnow.com/content/news/Ag-Conference-takes-root-in-Chico-475064063.html,actionnewsnow.com,20180225T063000Z,English,United States
soil carbon requestration,carbon farming,The Fareground brings the farm and the farmer to the table in Berkeley Berkeleyside,http://www.berkeleyside.com/2018/02/23/the-fareground-in-berkeley/,berkeleyside.com,20180224T001500Z,English,United States
soil carbon requestration,carbon farming,Valley News,http://www.vnews.com/Carbon-sequestration-in-Vermont-15578320,vnews.com,20180218T061500Z,English,United States
soil carbon requestration,carbon farming,Advanced BioFuels united states » Agroforestry Systems May Play Vital Role in Mitigating Climate Change,https://advancedbiofuelsusa.info/agroforestry-systems-may-play-vital-role-in-mitigating-climate-change/,advancedbiofuelsusa.info,20180209T213000Z,English,United States
soil carbon requestration,carbon farming,Three Acres and a Cow,http://www.resilience.org/stories/2018-02-09/three-acres-and-a-cow/,resilience.org,20180209T124500Z,English,United States
soil carbon requestration,carbon farming,How A Skeptical Northern California Rancher Embraced Green - Friendly Farming,http://ijpr.org/post/how-skeptical-northern-california-rancher-embraced-green-friendly-farming,ijpr.org,20180203T014500Z,English,United States
soil carbon requestration,carbon farming,How A Skeptical Rancher In Rural California Embraced Green - Friendly Farming,http://kvpr.org/post/how-skeptical-rancher-rural-california-embraced-green-friendly-farming,kvpr.org,20180202T224500Z,English,United States
soil carbon requestration,carbon farming,Maui Energy Conference to explore decarbonization - LahainaNews . com,http://www.lahainanews.com/page/content.detail/id/564586/Maui-Energy-Conference-to-explore-decarbonization.html,lahainanews.com,20180201T084500Z,English,United States
soil carbon requestration,carbon farming,How A Skeptical Rancher In Rural California Embraced Green - Friendly Farming With Help From A Popular Outdoors Brand,http://www.capradio.org/articles/2018/01/31/how-a-skeptical-rancher-in-rural-california-embraced-green-friendly-farming-with-help-from-a-popular-outdoors-brand/,capradio.org,20180201T031500Z,English,United States
soil carbon requestration,carbon farming,How the natural products industry is building a climate movement,https://www.greenbiz.com/article/how-natural-products-industry-building-climate-movement,greenbiz.com,20180323T104500Z,English,United States
soil carbon requestration,carbon farming,Waiting on Amber : A Note on Regenerative Agriculture and Carbon Farming,http://www.resilience.org/stories/2018-03-21/waiting-on-amber-a-note-on-regenerative-agriculture-and-carbon-farming/,resilience.org,20180321T134500Z,English,United States
soil carbon requestration,carbon farming,"Keeping carbon in the ground can cut emissions and boost food security , study finds",https://news.mongabay.com/2018/03/keeping-carbon-in-the-ground-can-cut-emissions-and-boost-food-security/,news.mongabay.com,20180320T114500Z,English,United States
soil carbon requestration,carbon farming,"Point Reyes lawsuit settlement harms dairies , climate change fight",https://www.sfchronicle.com/opinion/openforum/article/Point-Reyes-lawsuit-settlement-harms-dairies-12760600.php,sfchronicle.com,20180317T073000Z,English,United States
soil carbon requestration,carbon farming,Dont underestimate the carbon - capturing power of the most basic backyard,https://www.mnn.com/your-home/organic-farming-gardening/blogs/suburban-backyards-are-better-absorbing-carbon-you-might-have-thought,mnn.com,20180313T163000Z,English,United States
soil carbon requestration,carbon farming,Companies Awarded for Fighting against Climate Change - Nature and Environment,https://www.motherearthnews.com/nature-and-environment/environmental-policy/companies-fighting-against-climate-change-zb0z1803zmos,motherearthnews.com,20180309T171500Z,English,United States
soil carbon requestration,carbon farming,Leading Natural Products Companies Recognized for Taking Action on Climate,http://www.pressreleasepoint.com/leading-natural-products-companies-recognized-taking-action-climate,pressreleasepoint.com,20180308T183000Z,English,United States
soil carbon requestration,carbon farming,The Climate is Changing and so is the OAEC Nursery,http://www.sonomacountygazette.com/sonoma-county-news/the-climate-is-changing-and-so-is-the-oaec-nursery,sonomacountygazette.com,20180307T111500Z,English,United States
soil carbon requestration,carbon farming,New Mexico Organic Farming Conference award winners announced | General,http://www.hpj.com/general/new-mexico-organic-farming-conference-award-winners-announced/article_9453077b-7074-5786-aa73-32fba3818d02.html,hpj.com,20180306T154500Z,English,United States
soil carbon requestration,carbon farming,Comments out early on park GMPA,https://www.ptreyeslight.com/article/comments-out-early-park-gmpa,ptreyeslight.com,20180301T201500Z,English,United States
soil carbon requestration,carbon farming,Richard Heinberg : Energy and Authoritarianism,http://energyskeptic.com/2018/richard-heinberg-energy-and-authoritarianism/,energyskeptic.com,20180728T104500Z,English,United States
soil carbon requestration,carbon farming,"In Mozambique , a joint fight against climate change and forest loss",https://phys.org/news/2018-07-mozambique-joint-climate-forest-loss.html,phys.org,20180723T143000Z,English,United States
soil carbon requestration,carbon farming,2018 SkS Weekly Climate Change & Global Warming News Roundup Number 29,https://www.environmentguru.com/pages/elements/element.aspx?id=7330660,environmentguru.com,20180721T204500Z,English,United States
soil carbon requestration,carbon farming,2018 SkS Weekly Climate Change & Global Warming News Roundup # 29,https://skepticalscience.com/2018-SkS-Weekly-News-Roundup_29.html,skepticalscience.com,20180721T164500Z,English,United States
soil carbon requestration,carbon farming,The Park City Council Considers Using Animals To Reach Their Netzero Goals,http://kpcw.org/post/park-city-council-considers-using-animals-reach-their-netzero-goals,kpcw.org,20180720T210000Z,English,United States
soil carbon requestration,carbon farming,Can Carbon Farming Reverse Climate Change ?,https://www.thedailybeast.com/can-carbon-farming-reverse-climate-change,thedailybeast.com,20180717T093000Z,English,United States
soil carbon requestration,carbon farming,"Forest Digest : July 15 , 2018",https://www.environmentguru.com/pages/elements/element.aspx?id=7257202,environmentguru.com,20180716T073000Z,English,United States
soil carbon requestration,carbon farming,"Filmmaker bringing  Evolution of Organic  to Mount Shasta - News - Mount Shasta Herald - Mount Shasta , CA",http://www.mtshastanews.com/news/20180713/filmmaker-bringing-evolution-of-organic-to-mount-shasta,mtshastanews.com,20180714T004500Z,English,United States
soil carbon requestration,carbon farming,Science : Carbon farming in WA [ Report ] – Brinkwire,http://en.brinkwire.com/science/science-carbon-farming-in-wa-report/,en.brinkwire.com,20180712T064500Z,English,United States
soil carbon requestration,carbon farming,Science : Carbon farming in WA [ Report ] – Brinkwire,https://en.brinkwire.com/science/science-carbon-farming-in-wa-report/,en.brinkwire.com,20180712T064500Z,English,United States
soil carbon requestration,carbon farming,Science : Carbon farming in WA [ Report ],http://infosurhoy.com/cocoon/saii/xhtml/en_GB/science/science-carbon-farming-in-wa-report/,infosurhoy.com,20180710T210000Z,English,United States
soil carbon requestration,carbon farming,Department of Environment and Energy Austral,http://www.4-traders.com/news/Department-of-Environment-and-Energy-Austral-Launch-of-carbon-project-developers-Code-of-Conduct--26884416/,4-traders.com,20180706T081500Z,English,United States
soil carbon requestration,carbon farming,Agriculture : The Missing Piece of the Climate Puzzle,https://www.triplepundit.com/special/farm-to-fork-gm/agriculture-the-missing-piece-of-the-climate-puzzle/,triplepundit.com,20181001T133000Z,English,United States
soil carbon requestration,carbon farming,Meet The Newest Recruits In California War On Climate Change : Carbon Farmers,http://www.capradio.org/articles/2018/09/29/meet-the-newest-recruits-in-californias-war-on-climate-change-carbon-farmers/,capradio.org,20180929T184500Z,English,United States
soil carbon requestration,carbon farming,Climate Coalition to host Sonoma City Council Candidate Forum,https://www.sonomanews.com/news/8782357-181/climate-coalition-to-host-sonoma,sonomanews.com,20180927T181500Z,English,United States
soil carbon requestration,carbon farming,Climate Coalition to host Sonoma City Council Candidate Forum,https://www.sonomanews.com/home/8782357-181/climate-coalition-to-host-sonoma,sonomanews.com,20180927T181500Z,English,United States
soil carbon requestration,carbon farming,"Somewhere , a Tiger Yawns  | Peak Oil News and Message Boards",https://peakoil.com/enviroment/somewhere-a-tiger-yawns/comment-page-1,peakoil.com,20180924T204500Z,English,United States
soil carbon requestration,carbon farming,"Somewhere , a Tiger Yawns  | Peak Oil News and Message Boards",https://peakoil.com/enviroment/somewhere-a-tiger-yawns,peakoil.com,20180924T201500Z,English,United States
soil carbon requestration,carbon farming,Climate Change Undermining Global Efforts to Eradicate Hunger Global Issues,http://www.globalissues.org/news/2018/09/24/24526,globalissues.org,20180924T181500Z,English,United States
soil carbon requestration,carbon farming,Climate Change Undermining Global Efforts to Eradicate Hunger,http://www.ipsnews.net/2018/09/climate-change-undermining-global-efforts-eradicate-hunger/,ipsnews.net,20180924T151500Z,English,United States
soil carbon requestration,carbon farming,The North Face Expands Range of Sustainably Produced Wool Clothing,https://www.triplepundit.com/2018/09/the-north-face-expands-range-of-sustainably-produced-wool-clothing/,triplepundit.com,20180921T101500Z,English,United States
soil carbon requestration,carbon farming,Sonoma County carving path to carbon farming,https://www.petaluma360.com/news/8756624-181/sonoma-county-carving-path-to,petaluma360.com,20180919T154500Z,English,United States
soil carbon requestration,carbon farming,"As the Biosphere Dies , So Do We : Using the Power of Nature to Heal the Planet",https://truthout.org/articles/as-the-biosphere-dies-so-do-we-using-the-power-of-nature-to-heal-the-planet/,truthout.org,20180917T150000Z,English,United States
soil carbon requestration,carbon farming,Environmentalists sound alarm about biotech fabrics,https://www.innovationintextiles.com/environmentalists-sound-alarm-about-biotech-fabrics/,innovationintextiles.com,20180917T114500Z,English,United States
soil carbon requestration,carbon farming,Bay Hill Ranch using carbon - conscious practices to help battle climate change,https://www.pressdemocrat.com/lifestyle/8677612-181/in-sonoma-county-developing-carbon-conscious,pressdemocrat.com,20180916T220000Z,English,United States
soil carbon requestration,carbon farming,Bay Hill Ranch using carbon - conscious practices to help battle climate change,https://www.pressdemocrat.com/lifestyle/8677612-181/bay-hill-ranch-using-carbon-conscious,pressdemocrat.com,20180916T050000Z,English,United States
soil carbon requestration,carbon farming,Carbon Farming For Pasture - To - Product Climate Solutions,http://www.perishablenews.com/index.php?article=0070494,perishablenews.com,20180913T003000Z,English,United States
soil carbon requestration,carbon farming,Growers try carbon farming to help combat climate change,https://www.petaluma360.com/news/8731763-181/growers-try-carbon-farming-to,petaluma360.com,20180912T170000Z,English,United States
soil carbon requestration,carbon farming,The North Face Adds Products Made Through Regenerative Agriculture,https://www.environmentalleader.com/2018/09/north-face-regenerative-agriculture/,environmentalleader.com,20180912T154500Z,English,United States
soil carbon requestration,carbon farming,Growers try carbon farming to help combat climate change,https://www.pressdemocrat.com/news/8726468-181/growers-try-carbon-farming-to,pressdemocrat.com,20180912T034500Z,English,United States
soil carbon requestration,carbon farming,Growers try carbon farming to help combat climate change,https://www.pressdemocrat.com/news/local/8726468-181/growers-try-carbon-farming-to,pressdemocrat.com,20180912T024500Z,English,United States
soil carbon requestration,carbon farming,Looking to grow ?,https://www.episcopalcafe.com/looking-to-grow/,episcopalcafe.com,20180910T190000Z,English,United States
soil carbon requestration,carbon farming,Green America Center For Sustainability Solutions To Host Event On Investing In Agricultural Climate Solutions,https://www.prnewswire.com:443/news-releases/green-americas-center-for-sustainability-solutions-to-host-event-on-investing-in-agricultural-climate-solutions-300709638.html,prnewswire.com,20180910T150000Z,English,United States
soil carbon requestration,carbon farming,Boulder food farmers claim City is shutting them out of Open Space land,https://www.boulderweekly.com/news/local-food-farmers-claim-city-shutting-open-space-land/,boulderweekly.com,20180905T191500Z,English,United States
soil carbon requestration,carbon farming,"The Latest Legal News , Research and Legal Profiles",http://whoswholegal.com/news/analysis/article/34712/matias-olivero-vila/,whoswholegal.com,20180902T191500Z,English,United States
soil carbon requestration,carbon farming,"Inside track : Local Government : recent media releases , reports , cases , legislation - Government , Public Sector",http://mondaq.com/australia/x/759584/Constitutional+Administrative+Law/Inside+track+Local+Government+recent+media+releases+reports+cases+legislation,mondaq.com,20181130T014500Z,English,United States
soil carbon requestration,carbon farming,A sector - by - sector guide to fixing Australia emissions,https://www.msn.com/en-au/news/other/a-sector-by-sector-guide-to-fixing-australia-e2-80-99s-emissions/ar-BBQ8b24,msn.com,20181127T011500Z,English,United States
soil carbon requestration,carbon farming,ADBA Responds to Committee on Climate Change Reports – Advanced BioFuels united states,https://advancedbiofuelsusa.info/adba-responds-to-committee-on-climate-change-reports/,advancedbiofuelsusa.info,20181125T194500Z,English,United States
soil carbon requestration,carbon farming,Pukka Herbs aim for carbon neutrality in botanical - based supplement production,https://www.beveragedaily.com/Article/2018/11/22/Pukka-Herbs-aim-for-carbon-neutrality-in-botanical-based-supplement-production,beveragedaily.com,20181122T200000Z,English,United States
soil carbon requestration,carbon farming,"Biomass - united kingdom countryside must be prepared for climate change so that it supports reduced emissions says CCC - Renewable Energy Magazine , at the heart of clean energy journalism",https://www.renewableenergymagazine.com/biomass/uk-countryside-must-be-prepared-for-climate-20181119,renewableenergymagazine.com,20181119T163000Z,English,United States
soil carbon requestration,carbon farming,Former West Virginia Coal Mines Turned into Carbon - sucking Forests,https://www.voanews.com/a/former-west-virginia-coal-mines-turned-into-carbon-sucking-forests/4657161.html,voanews.com,20181113T233000Z,English,United States
soil carbon requestration,carbon farming,Carbon Farming Initiative Takes Tentative First Steps in Santa Ynez Valley,https://www.noozhawk.com/article/carbon_farming_initiative_takes_tentative_first_steps_in_santa_ynez_valley,noozhawk.com,20181113T014500Z,English,United States
soil carbon requestration,carbon farming,Fight Climate Change in Your Own Garden,https://www.yesmagazine.org/planet/fight-climate-change-in-your-own-garden-20181112,yesmagazine.org,20181112T231500Z,English,United States
soil carbon requestration,carbon farming,Increased fire risk fear as African gamba grass invades northern Australia,https://www.msn.com/en-us/news/world/increased-fire-risk-fear-as-african-gamba-grass-invades-northern-australia/ar-BBPCKIa,msn.com,20181112T194500Z,English,United States
soil carbon requestration,carbon farming,Santa Barbara County Food Action Plan on Plate for Community Discussion,https://www.noozhawk.com/article/santa_barbara_county_food_action_plan_on_plate_for_community_discussion,noozhawk.com,20181110T031500Z,English,United States
soil carbon requestration,carbon farming,Our Turn At This Earth : The Carbon Cycle,http://www.hppr.org/post/our-turn-earth-carbon-cycle,hppr.org,20181102T013000Z,English,United States
soil carbon requestration,carbon farming,Adventure Australia Blog : Climate Change and Pollution Solved by Higher Taxes,https://tysaustralia.blogspot.com/2018/12/climate-change-and-pollution-solved-by.html,tysaustralia.blogspot.com,20181230T001500Z,English,United States
soil carbon requestration,carbon farming,Hyde Farm Could Make Duke U Carbon Neutral,http://www.wunc.org/post/hyde-farm-could-make-duke-u-carbon-neutral,wunc.org,20181226T171500Z,English,United States
soil carbon requestration,carbon farming,"Researchers At Duke University Begin Work On 10 , 000 - Acre Carbon Farm",https://www.wfdd.org/story/researchers-duke-university-begin-work-10000-acre-carbon-farm,wfdd.org,20181226T153000Z,English,United States
soil carbon requestration,carbon farming,Hawaii sets ambitious goal : Carbon neutral by 2045,http://www.hawaiinewsnow.com/story/38346913/hawaii-sets-ambitious-goal-carbon-neutral-by-2045/,hawaiinewsnow.com,20181222T133000Z,English,United States
soil carbon requestration,carbon farming,Napa Valley Grapegrowers Report : Climate benefits of ag land,https://napavalleyregister.com/wine/napa-valley-grapegrowers-report-climate-benefits-of-ag-land/article_c944005f-dea2-5fdf-a108-37298a2bdfce.html,napavalleyregister.com,20181214T023000Z,English,United States
soil carbon requestration,carbon farming,Will the Land Restoration Fund prove the need for smarter vegetation laws in Queensland ? - Real Estate and Construction,http://www.mondaq.com/australia/x/764026/agriculture+land+law/Will+the+Land+Restoration+Fund+prove+the+need+for+smarter+vegetation+laws+in+Queensland,mondaq.com,20181213T221500Z,English,United States
soil carbon requestration,carbon farming,CA Farm Bureau - News Releases,http://www.cfbf.com/news-releases,cfbf.com,20181212T160000Z,English,United States
soil carbon requestration,carbon farming,"Santa Barbara County greenhouse gas emissions going up , not down | Local News",https://lompocrecord.com/news/local/santa-barbara-county-s-greenhouse-gas-emissions-going-up-not/article_099d8f0a-f7b9-570b-beb8-cf7566245d2d.html,lompocrecord.com,20181212T093000Z,English,United States
soil carbon requestration,carbon farming,"Santa Barbara County greenhouse gas emissions going up , not down | Local News",https://santamariatimes.com/news/local/santa-barbara-county-s-greenhouse-gas-emissions-going-up-not/article_a27bd24b-b1dd-50f1-8e16-2fc39c1f9b6e.html,santamariatimes.com,20181212T083000Z,English,United States
soil carbon requestration,carbon farming,"Duke University Begins Work on 10 , 000 - Acre  Carbon Farm  in Eastern N . C .",https://nicholas.duke.edu/about/news/duke-university-begins-work-10000-acre-%E2%80%98carbon-farm%E2%80%99-eastern-nc,nicholas.duke.edu,20181211T204500Z,English,United States
soil carbon requestration,carbon farming,Two promising ways to curb climate change,https://www.hjnews.com/opinion/letters_to_editor/two-promising-ways-to-curb-climate-change/article_3a1aaab1-61fb-5d8f-bb4b-9b4b2002c7c8.html,hjnews.com,20181205T224500Z,English,United States
soil carbon requestration,carbon farming,How to Use Less Carbon - Green Building Alliance,https://www.go-gba.org/how-to-use-less-carbon/,go-gba.org,20181204T150000Z,English,United States
soil carbon requestration,carbon farming,Why These Chefs Want More Restaurants To Become Carbon Neutral,https://www.forbes.com/sites/eshachhabra/2019/02/27/why-these-chefs-want-more-restaurants-to-become-carbon-neutral/,forbes.com,20190227T214500Z,English,United States
soil carbon requestration,carbon farming,Carbon farming : How agriculture can both feed people and fight climate change,https://phys.org/news/2019-02-carbon-farming-agriculture-people-climate.html,phys.org,20190226T153000Z,English,United States
soil carbon requestration,carbon farming,"One day , perennial grains could be a key weapon against climate change",https://www.sentinelsource.com/news/environment/one-day-perennial-grains-could-be-a-key-weapon-against/article_a37f262f-3408-56e7-b1c3-26064dc4e73f.html,sentinelsource.com,20190225T174500Z,English,United States
soil carbon requestration,carbon farming,Could these crops help save us from climate change ?,https://www.pressherald.com/2019/02/24/could-these-crops-help-save-us-amid-climate-change/,pressherald.com,20190224T094500Z,English,United States
soil carbon requestration,carbon farming,"Farmers , foresters push for carbon neutral",https://au.news.yahoo.com/farmers-foresters-push-carbon-neutral-014152460--spt.html,au.news.yahoo.com,20190220T034500Z,English,United States
soil carbon requestration,carbon farming,Climate Change Being Adapted to By Area Farmers,https://kiow.com/2019/02/19/climate-change-being-adpted-to-by-area-farmers/,kiow.com,20190219T104500Z,English,United States
soil carbon requestration,carbon farming,The Green New Deal could help farmers help the planet,https://www.popsci.com/farmers-green-new-deal,popsci.com,20190215T004500Z,English,United States
soil carbon requestration,carbon farming,"At 25 years , Straus dairy still pioneering",https://www.ptreyeslight.com/article/25-years-straus-dairy-still-pioneering,ptreyeslight.com,20190214T183000Z,English,United States
soil carbon requestration,carbon farming,Seattle - based start - up Nori plans to create new carbon market,https://www.farmprogress.com/crops/seattle-based-start-nori-plans-create-new-carbon-market,farmprogress.com,20190212T094500Z,English,United States
soil carbon requestration,carbon farming,Farmers Adapting to Climate Change,http://www.aginfo.net/index.cfm/report/id/Farm-and-Ranch-Report-42050,aginfo.net,20190212T071500Z,English,United States
soil carbon requestration,carbon farming,Green New Deal Technology | Alternative Energy Technologies,https://www.popularmechanics.com/technology/infrastructure/g26255579/green-new-deal-technology-alternative-energy/,popularmechanics.com,20190211T214500Z,English,United States
soil carbon requestration,carbon farming,More Iowa Farmers Adapting to Climate Change,http://www.kmaland.com/news/more-iowa-farmers-adapting-to-climate-change/article_14e35cae-2ad8-11e9-ac5b-67b8b9e8d816.html,kmaland.com,20190210T194500Z,English,United States
soil carbon requestration,carbon farming,"Pioneering Straus Family Creamery Celebrates 25 Years of Commitment to the Planet , Farmers , and Food",https://www.einpresswire.com/article/475923104/pioneering-straus-family-creamery-celebrates-25-years-of-commitment-to-the-planet-farmers-and-food,einpresswire.com,20190209T064500Z,English,United States
soil carbon requestration,carbon farming,What Is the Green New Deal ?,https://www.eater.com/2019/2/8/18217027/green-new-deal-aoc-climate-change-agriculture,eater.com,20190208T180000Z,English,United States
soil carbon requestration,carbon farming,"Pioneering Straus Family Creamery Celebrates 25 Years of Commitment to the Planet , Farmers , and Food",https://globenewswire.com/news-release/2019/02/07/1712233/0/en/Pioneering-Straus-Family-Creamery-Celebrates-25-Years-of-Commitment-to-the-Planet-Farmers-and-Food.html,globenewswire.com,20190207T143000Z,English,United States
soil carbon requestration,carbon farming,Climate Change Being Adapted to By Area Farmers,https://kiow.com/2019/02/07/climate-change-being-adpted-to-by-area-farmers/,kiow.com,20190207T093000Z,English,United States
soil carbon requestration,carbon farming,Valley News - Can perennial grains solve the carbon - storage problem ?,https://www.vnews.com/One-day-perennial-grains-could-be-a-key-weapon-against-climate-change-23031389,vnews.com,20190206T033000Z,English,United States
soil carbon requestration,carbon farming,More Iowa Farmers Adapting to Climate Change,https://www.publicnewsservice.org/2019-02-05/sustainable-agriculture/more-iowa-farmers-adapting-to-climate-change/a65429-1,publicnewsservice.org,20190205T083000Z,English,United States
soil carbon requestration,carbon farming,"WEBINAR : Sequestering Carbon in Agricultural Soils : What Works ? February 12 , 2019 – Advanced BioFuels united states",https://advancedbiofuelsusa.info/webinar-sequestering-carbon-in-agricultural-soils-what-works-february-12-2019/,advancedbiofuelsusa.info,20190205T034500Z,English,United States
soil carbon requestration,carbon farming,"Farmers can heal environment , prosper with  Green New Deal  | McClatchy Washington Bureau",https://www.mcclatchydc.com/opinion/article225515180.html,mcclatchydc.com,20190204T224500Z,English,United States
soil carbon requestration,carbon farming,"Farmers can heal environment , prosper with  Green New Deal",https://www.kansascity.com/opinion/readers-opinion/guest-commentary/article225404310.html,kansascity.com,20190201T221500Z,English,United States
soil carbon requestration,carbon farming,"One day , perennial grains could be a key weapon against climate change - Food and Dining - The Register - Guard",https://www.registerguard.com/foodanddining/20190131/one-day-perennial-grains-could-be-key-weapon-against-climate-change,registerguard.com,20190201T024500Z,English,United States
soil carbon requestration,carbon farming,Savory Sonoma by Stephanie Hiller,https://www.sonomacountygazette.com/sonoma-county-news/savory-sonoma-by-stephanie-hiller-may-2019-1,sonomacountygazette.com,20190531T093000Z,English,United States
soil carbon requestration,carbon farming,How New York State Is Growing Carbon Farming Initiatives,https://www.ediblemanhattan.com/foodshed-2/new-york-carbon-farming/,ediblemanhattan.com,20190530T203000Z,English,United States
soil carbon requestration,carbon farming,Carbon Farming Can Slash CO2 Emissions - The Good Men Project,https://goodmenproject.com/featured-content/carbon-farming-can-slash-co2-emissions/,goodmenproject.com,20190530T054500Z,English,United States
soil carbon requestration,carbon farming,Where the 2020 Presidential Candidates Stand on Food and Farming,https://civileats.com/2019/05/29/where-the-2020-presidential-candidates-stand-on-food-and-farming/,civileats.com,20190530T013000Z,English,United States
soil carbon requestration,carbon farming,Western Australia Makes History With National Park Expansions,https://www.pewtrusts.org/en/research-and-analysis/articles/2019/05/29/western-australia-makes-history-with-national-park-expansions,pewtrusts.org,20190529T220000Z,English,United States
soil carbon requestration,carbon farming,"Assault on America , Day 147 : What does Beto -- or any Democrat -- know about farming & trade ?",http://www.conservativehq.com/node/30329,conservativehq.com,20190529T113000Z,English,United States
soil carbon requestration,carbon farming,"Assault on America , Day 147 : What does Beto -- or any Democrat -- know about farming & trade ?",http://www.conservativehq.com/article/30329-assault-america-day-147-what-does-beto-or-any-democrat-know-about-farming-and-trade,conservativehq.com,20190529T113000Z,English,United States
soil carbon requestration,carbon farming,How some Ohio farmers are trying to cut their carbon footprint - News - The Daily Jeffersonian,https://www.daily-jeff.com/news/20190527/how-some-ohio-farmers-are-trying-to-cut-their-carbon-footprint,daily-jeff.com,20190528T071500Z,English,United States
soil carbon requestration,carbon farming,Letter : The case for prioritizing soil health,https://www.vaildaily.com/opinion/letter-the-case-for-prioritizing-soil-health/,vaildaily.com,20190527T214500Z,English,United States
soil carbon requestration,carbon farming,Local Farmer Testifies Before Congress on Climate Change,https://www.kniakrls.com/2019/05/26/local-farmer-testifies-before-congress-on-climate-change-2/,kniakrls.com,20190526T143000Z,English,United States
soil carbon requestration,carbon farming,"Coming soon to California restaurants : Carbon neutral meals , verified by regulators",https://www.spokesman.com/stories/2019/apr/24/coming-soon-to-california-restaurants-carbon-neutr/,spokesman.com,20190525T000000Z,English,United States
soil carbon requestration,carbon farming,America farmers can fight climate change,http://www.baltimoresun.com/news/opinion/oped/bs-ed-op-0527-farmers-20190524-story.html,baltimoresun.com,20190524T154500Z,English,United States
soil carbon requestration,carbon farming,Local Farmer Testifies Before Congress on Climate Change,https://www.kniakrls.com/2019/05/24/local-farmer-testifies-before-congress-on-climate-change/,kniakrls.com,20190524T120000Z,English,United States
soil carbon requestration,carbon farming,America Under Water : House Hears Call to Take Climate Action,https://www.courthousenews.com/america-under-water-house-hears-call-to-take-climate-action/,courthousenews.com,20190523T190000Z,English,United States
soil carbon requestration,carbon farming,Lampkin Foundation Calls for Volunteers for June 1 Tree Planting Event,https://www.pr.com/press-release/785721,pr.com,20190523T161500Z,English,United States
soil carbon requestration,carbon farming,The case for carbon farming in California,https://www.hcn.org/issues/51.9/climate-change-the-case-for-carbon-farming-in-california,hcn.org,20190523T144500Z,English,United States
soil carbon requestration,carbon farming,Beto ORourke : Our farmers are paying the price for our trade wars,https://www.cnn.com/2019/05/21/opinions/rural-america-trade-war-climate-change-beto-orourke/,cnn.com,20190521T233000Z,English,United States
soil carbon requestration,carbon farming,"Return a quarter of united kingdom to nature to fight climate change , say environmentalists",https://ktvq.com/cnn-europe-mideast-africa/2019/05/21/return-a-quarter-of-uk-to-nature-to-fight-climate-change-say-environmentalists/,ktvq.com,20190521T174500Z,English,United States
soil carbon requestration,carbon farming,"Rewild a quarter of united kingdom to fight climate crisis , campaigners urge",http://www.msn.com/en-gb/news/uknews/rewild-a-quarter-of-uk-to-fight-climate-crisis-campaigners-urge/ar-AABFynX,msn.com,20190521T144500Z,English,United States
soil carbon requestration,carbon farming,How Farmers and Ranchers Are Going to Save the Planet – Part 1,https://onpasture.com/2019/05/20/how-farmers-and-ranchers-are-going-to-save-the-planet-part-1/,onpasture.com,20190521T043000Z,English,United States
soil carbon requestration,carbon farming,Can agricultural production and environmental conservation be combined ? Experience in Brazil Cerrado shows that it can,http://blogs.worldbank.org/latinamerica/can-agricultural-production-and-environmental-conservation-be-combined-experience,blogs.worldbank.org,20190520T210000Z,English,United States
soil carbon requestration,carbon farming,Can agricultural production and environmental conservation be combined ? Experience in Brazil Cerrado shows that it can,https://blogs.worldbank.org/latinamerica/can-agricultural-production-and-environmental-conservation-be-combined-experience,blogs.worldbank.org,20190520T204500Z,English,United States
soil carbon requestration,carbon farming,How some Ohio farmers are trying to cut their carbon footprint - News - The Columbus Dispatch,https://www.dispatch.com/news/20190520/how-some-ohio-farmers-are-trying-to-cut-their-carbon-footprint,dispatch.com,20190520T110000Z,English,United States
soil carbon requestration,carbon farming,A New Way to Slash CO2 Emissions,https://www.truthdig.com/articles/a-new-way-to-slash-co2-emissions/,truthdig.com,20190519T214500Z,English,United States
soil carbon requestration,carbon farming,Commentary : California makes weak effort to turn ag into climate change fix,https://www.dailyrepublic.com/all-dr-news/opinion/state-national-columnists/commentary-california-makes-weak-effort-to-turn-ag-into-climate-change-fix/,dailyrepublic.com,20190517T140000Z,English,United States
soil carbon requestration,carbon farming,The Soil Solution to Climate Change,https://climatecrocks.com/2019/05/16/the-soil-solution-to-climate-change-2/,climatecrocks.com,20190516T190000Z,English,United States
soil carbon requestration,carbon farming,Jacques Leslie : California is making a weak effort to turn agriculture into a climate change fix,https://lompocrecord.com/opinion/columnists/jacques-leslie-california-is-making-a-weak-effort-to-turn/article_a81475a0-6ae7-5390-83e0-c35e850759d5.html,lompocrecord.com,20190516T143000Z,English,United States
soil carbon requestration,carbon farming,Jacques Leslie : California is making a weak effort to turn agriculture into a climate change fix,https://santamariatimes.com/opinion/columnists/jacques-leslie-california-is-making-a-weak-effort-to-turn/article_3bc1d59b-a067-5e4d-ae62-bf0d814c0364.html,santamariatimes.com,20190516T130000Z,English,United States
soil carbon requestration,carbon farming,"California restaurants add carbon emission surcharge | A Green Living Blog - Go Green , Green Home , Green Energy",http://agreenliving.org/california-restaurants-add-carbon-emission-surcharge/,agreenliving.org,20190514T221500Z,English,United States
soil carbon requestration,carbon farming,Why agricultural groups fiercely oppose the carbon tax,https://www.bignewsnetwork.com/news/261030403/why-agricultural-groups-fiercely-oppose-the-carbon-tax,bignewsnetwork.com,20190514T054500Z,English,United States
soil carbon requestration,carbon farming,"Carbon Farming Could Sequester Billions of Tonnes of CO2 , with U . S . Pilot Project as One First Step",https://www.energycentral.com/c/ec/carbon-farming-could-sequester-billions-tonnes-co2-us-pilot-project-one-first,energycentral.com,20190513T223000Z,English,United States
soil carbon requestration,carbon farming,How soil carbon can help tackle climate change,https://phys.org/news/2019-05-soil-carbon-tackle-climate.html,phys.org,20190513T113000Z,English,United States
soil carbon requestration,carbon farming,California is making a weak effort to turn agriculture into a climate change fix,https://www.latimes.com/opinion/op-ed/la-oe-leslie-regenerative-farming-california-20190513-story.html,latimes.com,20190513T104500Z,English,United States
soil carbon requestration,carbon farming,John Wick & Calla Rose Ostrander : Carbon Farming,https://www.awaken.com/2019/05/john-wick-calla-rose-ostrander-carbon-farming/,awaken.com,20190512T051500Z,English,United States
soil carbon requestration,carbon farming,Climate - friendly farming is taking root in New York,https://www.salon.com/abtest2/2019/05/10/the-next-regeneration_partner/,salon.com,20190511T014500Z,English,United States
soil carbon requestration,carbon farming,Climate - friendly farming is taking root in New York,https://www.salon.com/2019/05/10/the-next-regeneration_partner/,salon.com,20190511T004500Z,English,United States
soil carbon requestration,carbon farming,Can You Both Feed the World and Save the Planet ?,http://www.justmeans.com/article/can-you-both-feed-the-world-and-save-the-planet,justmeans.com,20190510T184500Z,English,United States
soil carbon requestration,carbon farming,Carry - over credits and carbon offsets are hot topics this election – but what do they actually mean ?,https://phys.org/news/2019-05-carry-over-credits-carbon-offsets-hot.html,phys.org,20190510T140000Z,English,United States
soil carbon requestration,carbon farming,A Green New Deal Must Prioritize Regenerative Agriculture,https://truthout.org/articles/a-green-new-deal-must-prioritize-regenerative-agriculture/,truthout.org,20190509T153000Z,English,United States
soil carbon requestration,carbon farming,Beto ORourke unveils new climate change proposals focused on Iowans,https://www.press-citizen.com/story/news/elections/presidential/caucus/2019/05/08/texas-beto-orourke-climate-change-iowa-caucus-ia-farm-flooding-donation-2020-presidential-candidate/1145084001/,press-citizen.com,20190509T000000Z,English,United States
soil carbon requestration,carbon farming,Beto ORourke unveils new climate change proposals focused on Iowans,https://www.desmoinesregister.com/story/news/elections/presidential/caucus/2019/05/08/texas-beto-orourke-climate-change-iowa-caucus-ia-farm-flooding-donation-2020-presidential-candidate/1145084001/,desmoinesregister.com,20190508T230000Z,English,United States
soil carbon requestration,carbon farming,2 : 00PM Water Cooler 5 / 7 / 2019 | naked capitalism,https://www.nakedcapitalism.com/2019/05/200pm-water-cooler-5-6-2019-2.html,nakedcapitalism.com,20190507T203000Z,English,United States
soil carbon requestration,carbon farming,CLIMATE : Grain aims to take bite out of cropland emissions,https://www.eenews.net/stories/1060290955,eenews.net,20190507T200000Z,English,United States
soil carbon requestration,carbon farming,RPT - INTERVIEW - Can you both feed the world and save the planet ?,https://news.yahoo.com/rpt-interview-both-feed-world-081622117.html,news.yahoo.com,20190507T084500Z,English,United States
soil carbon requestration,carbon farming,INTERVIEW - Can you both feed the world and save the planet ?,http://news.trust.org/item/20190506235456-cfdhn,news.trust.org,20190507T003000Z,English,United States
soil carbon requestration,carbon farming,1 million species face extinction soil could be a solution,https://thehill.com/opinion/energy-environment/442303-1-million-species-face-extinction-soil-could-be-a-solution,thehill.com,20190506T193000Z,English,United States
soil carbon requestration,carbon farming,Environment and Planning 5 Minute Fix 03,https://www.lexology.com/library/detail.aspx?g=d21b6b13-cedf-4f2d-8867-efbe077b843b,lexology.com,20190506T121500Z,English,United States
soil carbon requestration,carbon farming,How Carbon Farming Can Help Stop Climate Change in Its Tracks,https://www.thenation.com/article/agriculture-carbon-farming-ranching-soil/,thenation.com,20190506T104500Z,English,United States
soil carbon requestration,carbon farming,– California Agencies Partner to Advance Carbon Farming,http://ens-newswire.com/2019/05/05/california-agencies-partner-to-advance-carbon-farming/,ens-newswire.com,20190506T063000Z,English,United States
soil carbon requestration,carbon farming,Climate change tax : California restaurants add fee to diner bills,https://www.vcstar.com/story/money/business/2019/05/04/climate-change-tax-california-restaurants-add-fee-diners-bills/3642612002/,vcstar.com,20190504T214500Z,English,United States
soil carbon requestration,carbon farming,INT : California restaurants add climate change tax,http://www.inlandnewstoday.com/story.php?s=54650,inlandnewstoday.com,20190503T091500Z,English,United States
soil carbon requestration,carbon farming,California wants to help fight climate change by charging diners more,https://news.yahoo.com/california-wants-help-fight-climate-204318440.html,news.yahoo.com,20190502T211500Z,English,United States
soil carbon requestration,carbon farming,The case for carbon farming in California,https://www.hcn.org/articles/climate-change-the-case-for-carbon-farming-in-california,hcn.org,20190502T104500Z,English,United States
soil carbon requestration,carbon farming,How We Can Dim the Sun to Survive Climate Change |  Global Possibilities,https://globalpossibilities.org/how-we-can-dim-the-sun-to-survive-climate-change/,globalpossibilities.org,20190502T013000Z,English,United States
soil carbon requestration,carbon farming,Climate change tax : California restaurants add fee to diner bills,https://www.azcentral.com/story/news/2019/05/01/climate-change-tax-california-restaurants-add-fee-diners-bills/3632478002/,azcentral.com,20190501T234500Z,English,United States
soil carbon requestration,carbon farming,INT : California restaurants add climate change tax,http://www.inlandnewstoday.com/story.php?s=54626,inlandnewstoday.com,20190501T233000Z,English,United States
soil carbon requestration,carbon farming,Climate change tax : California restaurants add fee to diner bills,https://www.thecalifornian.com/story/news/2019/05/01/climate-change-tax-california-restaurants-add-fee-diners-bills/3632478002/,thecalifornian.com,20190501T213000Z,English,United States
soil carbon requestration,carbon farming,Climate change tax : California restaurants add fee to diner bills,https://www.usatoday.com/story/news/2019/05/01/climate-change-tax-california-restaurants-add-fee-diners-bills/3632478002/,usatoday.com,20190501T190000Z,English,United States
soil carbon requestration,carbon farming,Climate change tax for dining out ? California restaurants add 1 % fee to the bill,https://news.yahoo.com/climate-change-tax-dining-california-181548319.html,news.yahoo.com,20190501T184500Z,English,United States
soil carbon requestration,carbon farming,Up in the Air - Carbon Capture | BOSS Magazine,https://thebossmagazine.com/carbon-capture/,thebossmagazine.com,20190501T173000Z,English,United States
soil carbon requestration,carbon farming,How We Can Dim the Sun to Survive Climate Change,http://www.thedailybeast.com/how-solar-radiation-management-can-dim-the-sun-to-maybe-survive-climate-change,thedailybeast.com,20190501T133000Z,English,United States
soil carbon requestration,carbon farming,How We Can Dim the Sun to Survive Climate Change,https://www.thedailybeast.com/how-solar-radiation-management-can-dim-the-sun-to-maybe-survive-climate-change,thedailybeast.com,20190501T120000Z,English,United States
soil carbon requestration,carbon farming,How We Can Dim the Sun to Survive Climate Change,https://news.yahoo.com/dim-sun-survive-climate-change-091143086.html,news.yahoo.com,20190501T094500Z,English,United States
soil carbon requestration,carbon farming,State awards grants to local land trusts | Hudson Valley 360,https://www.hudsonvalley360.com/article/state-awards-grants-local-land-trusts,hudsonvalley360.com,20190501T050000Z,English,United States
soil carbon requestration,carbon farming,CA unveils restaurant surcharge to fight climate change,https://www.mercedsunstar.com/news/state/california/article229871664.html,mercedsunstar.com,20190501T021500Z,English,United States
soil carbon requestration,carbon farming,Climate Friendly Farming Is Taking Root in New York |  Global Possibilities,https://globalpossibilities.org/climate-friendly-farming-is-taking-root-in-new-york/,globalpossibilities.org,20190501T011500Z,English,United States
soil carbon requestration,carbon farming,"AGRICULTURE : For climate - smart farmers , carbon solution is in the soil",https://www.eenews.net/stories/1060681577,eenews.net,20190701T204500Z,English,United States
soil carbon requestration,carbon farming,We must tame Big Ag to tame climate change,https://www.nationofchange.org/2019/07/01/we-must-tame-big-ag-to-tame-climate-change/,nationofchange.org,20190701T204500Z,English,United States
soil carbon requestration,carbon farming,We Must Tame Big Ag To Tame Climate Change | OurFuture . org by People Action,https://ourfuture.org/20190701/we-must-tame-big-ag-to-tame-climate-change,ourfuture.org,20190701T163000Z,English,United States
soil carbon requestration,carbon farming,Unfair Food Pricing Is Killing Family Farms and Regenerative Farming,https://truthout.org/articles/unfair-food-pricing-is-killing-family-farms-and-regenerative-farming/,truthout.org,20190630T213000Z,English,United States
soil carbon requestration,carbon farming,Meet the man bringing together farmers in Iowa to talk about climate change,https://grist.org/article/meet-the-man-bringing-together-farmers-in-iowa-to-talk-about-climate-change/,grist.org,20190629T114500Z,English,United States
soil carbon requestration,carbon farming,The biggest loser in the presidential debates : Planet Earth,https://www.technologyreview.com/s/613896/the-biggest-loser-in-the-presidential-debates-planet-earth/,technologyreview.com,20190628T054500Z,English,United States
soil carbon requestration,carbon farming,Your Urban Carbon Capture Farm - The Corvallis Advocate,https://www.corvallisadvocate.com/2019/urban-carbon-capture-farm/,corvallisadvocate.com,20190627T224500Z,English,United States
soil carbon requestration,carbon farming,Environment and Planning 5 Minute Fix 04,https://www.lexology.com/library/detail.aspx?g=1d5a7355-4c47-4748-a904-13c6290c96fc,lexology.com,20190627T163000Z,English,United States
soil carbon requestration,carbon farming,What if We Paid Farmers to Fight Global Warming ? |  Global Possibilities,https://globalpossibilities.org/what-if-we-paid-farmers-to-fight-global-warming/,globalpossibilities.org,20190624T221500Z,English,United States
soil carbon requestration,carbon farming,Opinion | What if We Paid Farmers to Fight Global Warming ?,https://www.nytimes.com/2019/06/24/opinion/farmers-climate-change-government-global-warming.html,nytimes.com,20190624T153000Z,English,United States
soil carbon requestration,carbon farming,What I Wish I Heard at the Climate Resilience Hearing,https://www.nrdc.org/experts/clare-morganelli/what-i-wish-i-heard-climate-resilience-hearing,nrdc.org,20190624T141500Z,English,United States
soil carbon requestration,carbon farming,Pat Baskett : some urgent truths about methane,http://www.msn.com/en-nz/news/national/pat-baskett-some-urgent-truths-about-methane/ar-AADj94v,msn.com,20190624T003000Z,English,United States
soil carbon requestration,carbon farming,Carbon farming is the hot ( and overhyped ) tool to fight climate change,https://www.technologyreview.com/s/613850/carbon-farming-is-the-hot-and-overhyped-tool-to-fight-climate-change/,technologyreview.com,20190621T183000Z,English,United States
soil carbon requestration,carbon farming,The Recorder - Silvopasture : Valley farmers embrace an ancient form of regenerative farming to combat climate change,https://www.recorder.com/Silvopasture-26347348,recorder.com,20190619T163000Z,English,United States
soil carbon requestration,carbon farming,Canada Climate Change Election : An Energy Mix Special Report Launches Today,https://www.energycentral.com/c/ec/canada%E2%80%99s-climate-change-election-energy-mix-special-report-launches-today,energycentral.com,20190619T011500Z,English,United States
soil carbon requestration,carbon farming,"How Sonoma , California wine country reached 100 percent sustainability",https://matadornetwork.com/read/sonoma-california-sustainable-wine-region/,matadornetwork.com,20190615T013000Z,English,United States
soil carbon requestration,carbon farming,Climate change and the rural way of life,http://www.msn.com/en-nz/news/national/climate-change-and-the-rural-way-of-life/ar-AACTfA5,msn.com,20190614T204500Z,English,United States
soil carbon requestration,carbon farming,Awards fund innovations in digital agriculture,http://news.cornell.edu/stories/2019/06/awards-fund-innovations-digital-agriculture,news.cornell.edu,20190614T173000Z,English,United States
soil carbon requestration,carbon farming,RCD offers free soil - health workshop,https://www.davisenterprise.com/community/rcd-offers-free-soil-health-workshop/,davisenterprise.com,20190614T043000Z,English,United States
soil carbon requestration,carbon farming,Silvopasture : Valley farmers embrace an ancient form of regenerative farming to combat climate change,https://www.gazettenet.com/Silvopasture-25233385,gazettenet.com,20190613T201500Z,English,United States
soil carbon requestration,carbon farming,Singapore farm Sky Greens grows veggies using recycled Nepresso coffee,https://www.channelnewsasia.com/news/lifestyle/what-happens-to-recycled-nespresso-coffee-pods-11616608,channelnewsasia.com,20190612T230000Z,English,United States
soil carbon requestration,carbon farming,Carbon farming scientist David Reay on repaying his emissions debt,https://www.newscientist.com/article/mg24232341-300-carbon-farming-scientist-david-reay-on-repaying-his-emissions-debt/,newscientist.com,20190612T191500Z,English,United States
soil carbon requestration,carbon farming,Best Carbon Capture Facility In World Emits 25 Times More CO2 Than Sequestered,https://cleantechnica.com/2019/06/12/best-carbon-capture-facility-in-world-emits-25-times-more-co2-than-sequestered/,cleantechnica.com,20190612T050000Z,English,United States
soil carbon requestration,carbon farming,Perverse consequences of forestry subsidies,https://homepaddock.wordpress.com/2019/06/11/perverse-consequences-of-forestry-subsidies/,homepaddock.wordpress.com,20190610T213000Z,English,United States
soil carbon requestration,carbon farming,America farmers can fight climate change,http://www.baltimoresun.com/opinion/op-ed/bs-ed-op-0527-farmers-20190524-story.html,baltimoresun.com,20190607T111500Z,English,United States
soil carbon requestration,carbon farming,"CDFA grants in Solano encourage healthy soil , greenhouse emission cuts",https://www.dailyrepublic.com/all-dr-news/solano-news/fairfield/cdfa-grants-in-solano-encourage-healthy-soil-greenhouse-emission-cuts/,dailyrepublic.com,20190606T151500Z,English,United States
soil carbon requestration,carbon farming,A Green New Deal for global hunger,https://thehill.com/opinion/energy-environment/447129-a-green-new-deal-for-global-hunger,thehill.com,20190605T231500Z,English,United States
soil carbon requestration,carbon farming,The Climate Solution Right Under Our Feet,https://www.awaken.com/2019/06/the-climate-solution-right-under-our-feet/,awaken.com,20190603T180000Z,English,United States
soil carbon requestration,carbon farming,The Fuzzy Math of Carbon Capture – Advanced BioFuels united states,https://advancedbiofuelsusa.info/the-fuzzy-math-of-carbon-capture/,advancedbiofuelsusa.info,20190603T160000Z,English,United States
soil carbon requestration,carbon farming,Restaurants put climate change on the menu,https://www.thetelegraph.com/lifestyle/article/Restaurants-put-climate-change-on-the-menu-14802532.php,thetelegraph.com,20191101T214500Z,English,United States
soil carbon requestration,carbon farming,Restaurants put climate change on the menu,https://www.sfgate.com/lifestyle/article/Restaurants-put-climate-change-on-the-menu-14802532.php,sfgate.com,20191101T184500Z,English,United States
soil carbon requestration,carbon farming,Restaurants put climate change on the menu,https://www.washingtonpost.com/news/voraciously/wp/2019/11/01/restaurants-put-climate-change-on-the-menu/,washingtonpost.com,20191101T123000Z,English,United States
soil carbon requestration,carbon farming,Al Gore opens new front in war on climate change - Governor Wind Energy Coalition,https://governorswindenergycoalition.org/al-gore-opens-new-front-in-war-on-climate-change/,governorswindenergycoalition.org,20191101T010000Z,English,United States
soil carbon requestration,carbon farming,Our Turn At This Earth : The Carbon Cycle,https://www.hppr.org/post/our-turn-earth-carbon-cycle-0,hppr.org,20191101T001500Z,English,United States
soil carbon requestration,carbon farming,Growing Good Food  Tackles Backyard Carbon Farming,https://modernfarmer.com/2019/10/growing-good-food-tackles-backyard-carbon-farming/,modernfarmer.com,20191031T214500Z,English,United States
soil carbon requestration,carbon farming,"Consumers think imported food should meet British production standards , research reveals",https://thepoultrysite.com/news/2019/10/consumers-think-imported-food-should-meet-british-production-standards-research-reveals,thepoultrysite.com,20191031T143000Z,English,United States
soil carbon requestration,carbon farming,Al Gore Is Opening a New Front In the War On Climate Change,https://nz.news.yahoo.com/al-gore-makes-climate-case-080002432.html,nz.news.yahoo.com,20191031T083000Z,English,United States
soil carbon requestration,carbon farming,"Valley News - Forum , Oct . 31 :  There nothing  baffling  about Trump support",https://www.vnews.com/Forum-Oct-31-29873422,vnews.com,20191031T051500Z,English,United States
soil carbon requestration,carbon farming,Al Gore Is Opening a New Front In the War On Climate Change,https://ca.news.yahoo.com/al-gore-makes-climate-case-080002432.html,ca.news.yahoo.com,20191030T134500Z,English,United States
soil carbon requestration,carbon farming,We can all help curb warming climate with  Florida Carbon Sequestration Bank  | Opinion,http://www.sun-sentinel.com/opinion/commentary/fl-op-com-chester-climate-change-florida-carbon-sequestration-20191030-hwngthzornhe3p4kfrpfco23iq-story.html,sun-sentinel.com,20191030T103000Z,English,United States
soil carbon requestration,carbon farming,Al Gore Makes the Climate Case for Old - Fashioned Farming,https://finance.yahoo.com/news/al-gore-makes-climate-case-080002884.html,finance.yahoo.com,20191030T093000Z,English,United States
soil carbon requestration,carbon farming,Can regenerative agriculture reverse climate change ? Big Food is banking on it .,https://www.nbcnews.com/news/us-news/can-regenerative-agriculture-reverse-climate-change-big-food-banking-it-n1072941?cid=public-rss_20191030,nbcnews.com,20191030T020000Z,English,United States
soil carbon requestration,carbon farming,Can regenerative agriculture reverse climate change ? Big Food is banking on it .,https://www.nbcnews.com/news/us-news/can-regenerative-agriculture-reverse-climate-change-big-food-banking-it-n1072941?cid=public-rss_20191029,nbcnews.com,20191029T111500Z,English,United States
soil carbon requestration,carbon farming,Can regenerative agriculture reverse climate change ? Big Food is banking on it .,https://www.nbcnews.com/news/us-news/can-regenerative-agriculture-reverse-climate-change-big-food-banking-it-n1072941,nbcnews.com,20191029T103000Z,English,United States
soil carbon requestration,carbon farming,Big Food is Betting on Regenerative Agriculture to Thwart Climate Change,https://civileats.com/2019/10/29/big-food-is-betting-on-regenerative-agriculture-to-thwart-climate-change/,civileats.com,20191029T093000Z,English,United States
soil carbon requestration,carbon farming,"Good luck , next president . Democracy is broken",https://www.thegazette.com/subject/opinion/staff-columnist/todd-dorman-talks-democracy-with-democratic-presidential-candidate-michael-bennet-20191025,thegazette.com,20191025T140000Z,English,United States
soil carbon requestration,carbon farming,"Climate change law , regulation and policy in Australia",https://www.lexology.com/library/detail.aspx?g=02dfa64a-a3e1-4647-8c79-4d9c472ca54c,lexology.com,20191024T171500Z,English,United States
soil carbon requestration,carbon farming,Sorry organic farming is actually worse for climate change,https://www.technologyreview.com/s/614605/sorryorganic-farming-is-actually-worse-for-climate-change/,technologyreview.com,20191022T161500Z,English,United States
soil carbon requestration,carbon farming,"# EyeOnClimate Campaign Features Solutions for Nature , from Nature",https://unfoundation.org/blog/post/eyeonclimate-campaign-features-solutions-from-nature/,unfoundation.org,20191022T153000Z,English,United States
soil carbon requestration,carbon farming,October 2019 | UMass Calendar of Events,https://www.umass.edu/events/menu-and-program-diet-cooler,umass.edu,20191017T010000Z,English,United States
soil carbon requestration,carbon farming,How States are Helping Farmers Adopt Sustainable Practices,https://civileats.com/2019/10/16/how-states-are-helping-farmers-adopt-sustainable-practices/,civileats.com,20191016T093000Z,English,United States
soil carbon requestration,carbon farming,Fibershed Offers an Alternative Vision for the Future of the Fashion Industry,https://www.yahoo.com/lifestyle/fibershed-offers-alternative-vision-future-130000909.html,yahoo.com,20191015T133000Z,English,United States
soil carbon requestration,carbon farming,Opinion : We should pay farmers to adopt climate - change fixes,https://www.desmoinesregister.com/story/opinion/columnists/2019/10/14/opinion-we-should-pay-farmers-adopt-climate-change-fixes/3973972002/,desmoinesregister.com,20191014T153000Z,English,United States
soil carbon requestration,carbon farming,Free Urban Agriculture Workshop 2 - Regenerative Agriculture,https://www.krwg.org/community-calendar/event/552658,krwg.org,20191013T070000Z,English,United States
soil carbon requestration,carbon farming,How State and Local Governments Are Leading the Way on Climate Policy,https://www.audubon.org/magazine/fall-2019/how-state-and-local-governments-are-leading-way,audubon.org,20191010T150000Z,English,United States
soil carbon requestration,carbon farming,Federated Farmers of New Zealand ( via Public ) / Flawed policies will bite future growth,http://www.publicnow.com/view/CF33B9AFE503E8159EE4ECDCA9798995B5246339,publicnow.com,20191009T020000Z,English,United States
soil carbon requestration,carbon farming,"Food , Planet , Future : A Photographer Journey  with Robert Dash | The Journal of the San Juan Islands",http://www.sanjuanjournal.com/life/food-planet-future-a-photographers-journey-with-robert-dash/,sanjuanjournal.com,20191008T130000Z,English,United States
soil carbon requestration,carbon farming,"Food , Planet , Future : A Photographer Journey  with Robert Dash | The Journal of the San Juan Islands",https://www.sanjuanjournal.com/life/food-planet-future-a-photographers-journey-with-robert-dash/,sanjuanjournal.com,20191008T130000Z,English,United States
soil carbon requestration,carbon farming,What does it mean for small butchers when meat is the  bad guy ?,https://www.berkeleyside.com/2019/10/07/what-does-it-mean-for-small-butchers-when-meat-is-the-bad-guy,berkeleyside.com,20191007T223000Z,English,United States
soil carbon requestration,carbon farming,Carbon farming  offers new chance for cattle ranch,https://www.sandiegouniontribune.com/communities/north-county/sd-no-carbon-farming-20170512-story.html,sandiegouniontribune.com,20191005T033000Z,English,United States
soil carbon requestration,carbon farming,It Time To Talk About Solar Geoengineering,https://longreads.com/2019/10/04/its-time-to-talk-about-solar-geoengineering/,longreads.com,20191004T141500Z,English,United States
soil carbon requestration,carbon farming,Striving for change with art and science | The Journal of the San Juan Islands,https://www.sanjuanjournal.com/life/striving-for-change-with-art-and-science/,sanjuanjournal.com,20191004T100000Z,English,United States
soil carbon requestration,carbon farming,Public Pulse : Debating the Green New Deal ; Medicaid expansion ; economic progress,https://www.omaha.com/opinion/public-pulse-debating-the-green-new-deal-medicaid-expansion-economic/article_1d051130-e6f5-5504-aaf5-f23952885e28.html,omaha.com,20191004T060000Z,English,United States
soil carbon requestration,carbon farming,Digital Network Established for Carbon Payments to Farmers,https://www.agriculture.com/digital-network-established-for-carbon-payments-to-farmers,agriculture.com,20191003T143000Z,English,United States
soil carbon requestration,carbon farming,Council Post : Dispelling Common Misconceptions About Farming And Farmers In The United States,https://www.forbes.com/sites/forbesfinancecouncil/2019/10/03/dispelling-common-misconceptions-about-farming-and-farmers-in-the-united-states/,forbes.com,20191003T124500Z,English,United States
soil carbon requestration,carbon farming,Carbon Removal Now Easily Available to All as Nori Launches Online Path to Support Farmers and Reverse Climate Change,https://finance.yahoo.com/news/carbon-removal-now-easily-available-100000233.html,finance.yahoo.com,20191002T181500Z,English,United States
soil carbon requestration,carbon farming,Four ethical questions about plant - based  meat,https://www.sfchronicle.com/food/article/Four-ethical-questions-about-plant-based-14486312.php,sfchronicle.com,20191002T181500Z,English,United States
soil carbon requestration,carbon farming,Striving for change with art and science | The Journal of the San Juan Islands,http://www.sanjuanjournal.com/life/striving-for-change-with-art-and-science/,sanjuanjournal.com,20191002T114500Z,English,United States
soil carbon requestration,carbon farming,Carbon Removal Now Easily Available to All as Nori Launches Online Path to Support Farmers and Reverse Climate Change,https://www.businesswire.com/news/home/20191002005263/en/Carbon-Removal-Easily-Nori-Launches-Online-Path,businesswire.com,20191002T113000Z,English,United States
soil carbon requestration,carbon farming,Carbon Removal Now Easily Available to All as Nori Launches Online Path to Support Farmers and Reverse Climate Change,https://www.thedailytimes.com/business/carbon-removal-now-easily-available-to-all-as-nori-launches/article_be94e1f9-3767-5e9c-8e3f-c0924c82f277.html,thedailytimes.com,20191002T110000Z,English,United States
soil carbon requestration,carbon farming,Carbon Removal Now Easily Available to All as Nori Launches Online Path to Support Farmers and Reverse Climate Change,https://www.galvnews.com/news_ap/business/article_369498b4-f30d-5953-8286-2fa1ab0c37bd.html,galvnews.com,20191002T104500Z,English,United States
soil carbon requestration,carbon farming,Carbon Removal Now Easily Available to All as Nori Launches Online Path to Support Farmers and Reverse Climate Change,https://www.tmcnet.com/usubmit/2019/10/02/9027616.htm,tmcnet.com,20191002T103000Z,English,United States
soil carbon requestration,carbon farming,Progressive Charlestown : Is Compost the Secret to Making Ag Climate Friendly ?,http://www.progressive-charlestown.com/2019/10/is-compost-secret-to-making-ag-climate.html,progressive-charlestown.com,20191001T200000Z,English,United States
soil carbon requestration,carbon farming,"SEJ 30th Annual Conference , Boise , ID , Sept . 23 - 27 , 2020",https://www.sej.org/initiatives/sej-annual-conferences/AC2020-main,sej.org,20200101T191500Z,English,United States
soil carbon requestration,carbon farming,Climate change and the rural way of life,http://www.msn.com/en-nz/news/national/climate-change-and-the-rural-way-of-life/ar-BBYrsCI,msn.com,20191230T221500Z,English,United States
soil carbon requestration,carbon farming,$100 million announced for Land Restoration Fund,https://www.miragenews.com/100-million-announced-for-land-restoration-fund/,miragenews.com,20191227T223000Z,English,United States
soil carbon requestration,carbon farming,"David I Gustafson : Carbon atoms are forever : And in the form of soil organic matter , might be Mother Earth best friend . | Guest columnists",https://www.stltoday.com/opinion/columnists/david-i-gustafson-carbon-atoms-are-forever-and-in-the/article_da9e8acf-da50-55be-b647-5139ac418ad8.html,stltoday.com,20191226T231500Z,English,United States
soil carbon requestration,carbon farming,SLO lays out long - term path to get 70 percent of the way to its net - zero goal,https://www.newtimesslo.com/sanluisobispo/slo-lays-out-long-term-path-to-get-70-percent-of-the-way-to-its-net-zero-goal/Content?oid=9116495,newtimesslo.com,20191226T123000Z,English,United States
soil carbon requestration,carbon farming,The hubris of the SLO City Council,https://calcoastnews.com/2019/12/the-hubris-of-the-slo-city-council/,calcoastnews.com,20191225T033000Z,English,United States
soil carbon requestration,carbon farming,Our Best Climate Coverage of 2019,https://civileats.com/2019/12/24/our-best-climate-coverage-of-2019/,civileats.com,20191224T093000Z,English,United States
soil carbon requestration,carbon farming,"Group working on new carbon credit trading platform - News - BC Democrat Online - Las Animas , CO",https://www.bcdemocratonline.com/news/20191222/group-working-on-new-carbon-credit-trading-platform,bcdemocratonline.com,20191223T121500Z,English,United States
soil carbon requestration,carbon farming,Cape York fire forum explores carbon farming through burning,https://www.miragenews.com/cape-york-fire-forum-explores-carbon-farming-through-burning/,miragenews.com,20191223T071500Z,English,United States
soil carbon requestration,carbon farming,"Group working on new carbon credit trading platform - News - Fowler Tribune - Fowler , CO",https://www.fowlertribune.com/news/20191222/group-working-on-new-carbon-credit-trading-platform,fowlertribune.com,20191222T220000Z,English,United States
soil carbon requestration,carbon farming,"Group working on new carbon credit trading platform - News - Ag Journal Online - La Junta , CO",https://www.agjournalonline.com/news/20191222/group-working-on-new-carbon-credit-trading-platform,agjournalonline.com,20191222T174500Z,English,United States
soil carbon requestration,carbon farming,"Group working on new carbon credit trading platform - News - LA Junta Tribune - La Junta , CO",https://www.lajuntatribunedemocrat.com/news/20191222/group-working-on-new-carbon-credit-trading-platform,lajuntatribunedemocrat.com,20191222T114500Z,English,United States
soil carbon requestration,carbon farming,"Carbon farming  project links grazing , soil health",https://www.feedstuffs.com/news/carbon-farming-project-links-grazing-soil-health,feedstuffs.com,20191220T183000Z,English,United States
soil carbon requestration,carbon farming,Black farmers embrace practices of climate resiliency,https://www.nationofchange.org/2019/12/20/black-farmers-embrace-practices-of-climate-resiliency/,nationofchange.org,20191220T181500Z,English,United States
soil carbon requestration,carbon farming,Black Farmers Embrace Practices of Climate Resiliency,https://www.yesmagazine.org/environment/2019/12/18/climate-black-farmers/,yesmagazine.org,20191219T001500Z,English,United States
soil carbon requestration,carbon farming,Research Partnership Uses Compost to Tackle Climate Change,https://scienceblog.com/512892/research-partnership-uses-compost-to-tackle-climate-change/,scienceblog.com,20191218T181500Z,English,United States
soil carbon requestration,carbon farming,Research Partnership Uses Compost to Tackle Climate Change,https://news.ucmerced.edu/news/2019/research-partnership-uses-compost-tackle-climate-change,news.ucmerced.edu,20191218T014500Z,English,United States
soil carbon requestration,carbon farming,We Need a Massive Climate War Effort Now |  Global Possibilities,https://globalpossibilities.org/we-need-a-massive-climate-war-effort-now/,globalpossibilities.org,20191218T011500Z,English,United States
soil carbon requestration,carbon farming,Policy Pennings : Biochar boosts carbon levels in soils,http://www.agrinews-pubs.com/opinion/policy-pennings-biochar-boosts-carbon-levels-in-soils/article_04b5c4e6-2115-11ea-885f-cf41170b5ebc.html,agrinews-pubs.com,20191217T223000Z,English,United States
soil carbon requestration,carbon farming,At UN climate conference US growers defend large - scale farming Quartz,https://qz.com/1770217/at-un-climate-conference-us-growers-defend-large-scale-farming/,qz.com,20191217T123000Z,English,United States
soil carbon requestration,carbon farming,The Climate Connection : Schools for Climate Action receives 2019 Climate Champions Award,https://napavalleyregister.com/lifestyles/the-climate-connection-schools-for-climate-action-receives-climate-champions/article_ca616bd8-fbad-5153-8f3c-c4efc42e3674.html,napavalleyregister.com,20191216T010000Z,English,United States
soil carbon requestration,carbon farming,Our Final Exam in Madrid  | Peak Oil News and Message Boards,https://peakoil.com/consumption/our-final-exam-in-madrid/comment-page-1,peakoil.com,20191215T153000Z,English,United States
soil carbon requestration,carbon farming,Our Final Exam in Madrid  | Peak Oil News and Message Boards,https://peakoil.com/consumption/our-final-exam-in-madrid,peakoil.com,20191215T141500Z,English,United States
soil carbon requestration,carbon farming,Earthjustice in 2019,https://earthjustice.org/sites/default/files/2019/,earthjustice.org,20191215T094500Z,English,United States
soil carbon requestration,carbon farming,"Statewide Poll Reveals Deep Concern for New York Small Dairy Farms , With Vast Majority Saying the State Must Take Action",http://www.oleantimesherald.com/news/state/statewide-poll-reveals-deep-concern-for-new-york-s-small/article_3d1e257c-94c3-5b61-b2a8-205ede0b480f.html,oleantimesherald.com,20191212T191500Z,English,United States
soil carbon requestration,carbon farming,"Statewide Poll Reveals Deep Concern for New York Small Dairy Farms , With Vast Majority Saying the State Must Take Action",https://www.prnewswire.com/news-releases/statewide-poll-reveals-deep-concern-for-new-yorks-small-dairy-farms-with-vast-majority-saying-the-state-must-take-action-300974258.html,prnewswire.com,20191212T190000Z,English,United States
soil carbon requestration,carbon farming,"Statewide Poll Reveals Deep Concern for New York Small Dairy Farms , With Vast Majority Saying the State Must Take Action",https://www.prnewswire.com:443/news-releases/statewide-poll-reveals-deep-concern-for-new-yorks-small-dairy-farms-with-vast-majority-saying-the-state-must-take-action-300974258.html,prnewswire.com,20191212T190000Z,English,United States
soil carbon requestration,carbon farming,Stop Supporting Amazon - Destroying Cattle Exporter,https://forcechange.com/548429/stop-supporting-amazon-destroying-cattle-exporter/,forcechange.com,20191211T133000Z,English,United States
soil carbon requestration,carbon farming,Electricity Regulation in Australia,https://www.lexology.com/library/detail.aspx?g=d4bbd4ef-66ea-4f5b-b714-a76943aca4e8,lexology.com,20191210T211500Z,English,United States
soil carbon requestration,carbon farming,Baker Institute - led group to develop nationwide protocol for paying ranchers and farmers to store carbon,https://www.greencarcongress.com/2019/12/20191209-baker.html,greencarcongress.com,20191209T100000Z,English,United States
soil carbon requestration,carbon farming,Regenerative Agriculture is not new,https://northfortynews.com/regenerative-agriculture-is-not-new/,northfortynews.com,20191206T133000Z,English,United States
soil carbon requestration,carbon farming,"Public Pulse : Lower pay , more scholarships ; In support of Trump ; Why not President Pence ?",https://www.omaha.com/opinion/public-pulse-lower-pay-more-scholarships-in-support-of-trump/article_efb6b306-f809-5900-9d48-aa5dbf20a99e.html,omaha.com,20191206T103000Z,English,United States
soil carbon requestration,carbon farming,The world plans to fix climate change with carbon credits . But do they work ?,https://finance.yahoo.com/news/world-plans-fix-climate-change-184122939.html,finance.yahoo.com,20191206T031500Z,English,United States
soil carbon requestration,carbon farming,Soil as the Ultimate Carbon Sink,https://climatecrocks.com/2019/12/05/soil-as-the-ultimate-carbon-sink/,climatecrocks.com,20191205T193000Z,English,United States
soil carbon requestration,carbon farming,Point Reyes livestock hinders soil carbon banking,https://www.ptreyeslight.com/article/point-reyes-livestock-hinders-soil-carbon-banking,ptreyeslight.com,20191205T164500Z,English,United States
soil carbon requestration,carbon farming,World Soil Day Gives Cause to Pause at USDA NRCS California,https://finance.yahoo.com/news/world-soil-day-gives-cause-153000133.html,finance.yahoo.com,20191205T003000Z,English,United States
soil carbon requestration,carbon farming,"At COP25 , countries talk controversial carbon offsets Quartz",https://qz.com/1761333/paris-agreement-countries-talk-controversial-carbon-offsets-at-cop25/,qz.com,20191204T191500Z,English,United States
soil carbon requestration,carbon farming,World Soil Day Gives Cause to Pause at USDA NRCS California,https://markets.businessinsider.com/news/stocks/world-soil-day-gives-cause-to-pause-at-usda-nrcs-california-1028737791,markets.businessinsider.com,20191204T181500Z,English,United States
soil carbon requestration,carbon farming,World Soil Day Gives Cause to Pause at USDA NRCS California,https://www.prnewswire.com/news-releases/world-soil-day-gives-cause-to-pause-at-usda-nrcs-california-300969025.html,prnewswire.com,20191204T161500Z,English,United States
soil carbon requestration,carbon farming,World Soil Day Gives Cause to Pause at USDA NRCS California,https://www.prnewswire.com:443/news-releases/world-soil-day-gives-cause-to-pause-at-usda-nrcs-california-300969025.html,prnewswire.com,20191204T160000Z,English,United States
soil carbon requestration,carbon farming,20 Reasons to Support Civil Eats on  # GivingTuesday,https://civileats.com/2019/12/03/20-reasons-to-support-civil-eats-on-givingtuesday-3/,civileats.com,20191203T154500Z,English,United States
soil carbon requestration,carbon farming,Decarbonization Strategies : Supporting Utilities Investment in Infrastructure,https://www.energycentral.com/c/ec/decarbonization-strategies-supporting-utilities-investment-infrastructure,energycentral.com,20200201T063000Z,English,United States
soil carbon requestration,carbon farming,Food that feeds the world and heals it too - Imagine newsletter # 6,https://www.milwaukeesun.com/news/263875295/food-that-feeds-the-world-and-heals-it-too---imagine-letter-6,milwaukeesun.com,20200131T000000Z,English,United States
soil carbon requestration,carbon farming,Food that feeds the world and heals it too - Imagine newsletter # 6,https://www.oklahomacitysun.com/news/263875295/food-that-feeds-the-world-and-heals-it-too---imagine-letter-6,oklahomacitysun.com,20200130T230000Z,English,United States
soil carbon requestration,carbon farming,Food that feeds the world and heals it too - Imagine newsletter # 6,https://www.haitisun.com/news/263875295/food-that-feeds-the-world-and-heals-it-too---imagine-letter-6,haitisun.com,20200130T224500Z,English,United States
soil carbon requestration,carbon farming,Food that feeds the world and heals it too - Imagine newsletter # 6,https://www.tucsonpost.com/news/263875295/food-that-feeds-the-world-and-heals-it-too---imagine-letter-6,tucsonpost.com,20200130T220000Z,English,United States
soil carbon requestration,carbon farming,Food that feeds the world and heals it too - Imagine newsletter # 6,https://www.orlandoecho.com/news/263875295/food-that-feeds-the-world-and-heals-it-too---imagine-letter-6,orlandoecho.com,20200130T213000Z,English,United States
soil carbon requestration,carbon farming,Food that feeds the world and heals it too - Imagine newsletter # 6,https://www.caribbeanherald.com/news/263875295/food-that-feeds-the-world-and-heals-it-too---imagine-letter-6,caribbeanherald.com,20200130T211500Z,English,United States
soil carbon requestration,carbon farming,Food that feeds the world and heals it too - Imagine newsletter # 6,https://www.cincinnatisun.com/news/263875295/food-that-feeds-the-world-and-heals-it-too---imagine-letter-6,cincinnatisun.com,20200130T210000Z,English,United States
soil carbon requestration,carbon farming,"Deport first , rehabilitate later",https://www.msn.com/en-au/news/other/deport-first-rehabilitate-later/ar-BBZuCs4,msn.com,20200130T204500Z,English,United States
soil carbon requestration,carbon farming,Food that feeds the world and heals it too - Imagine newsletter # 6,https://www.laosnews.net/news/263875295/food-that-feeds-the-world-and-heals-it-too---imagine-letter-6,laosnews.net,20200130T204500Z,English,United States
soil carbon requestration,carbon farming,Food that feeds the world and heals it too - Imagine newsletter # 6,https://www.neworleanssun.com/news/263875295/food-that-feeds-the-world-and-heals-it-too---imagine-letter-6,neworleanssun.com,20200130T201500Z,English,United States
soil carbon requestration,carbon farming,Food that feeds the world and heals it too - Imagine newsletter # 6,https://www.birminghamstar.com/news/263875295/food-that-feeds-the-world-and-heals-it-too---imagine-letter-6,birminghamstar.com,20200130T201500Z,English,United States
soil carbon requestration,carbon farming,Food that feeds the world and heals it too - Imagine newsletter # 6,https://www.californiatelegraph.com/news/263875295/food-that-feeds-the-world-and-heals-it-too---imagine-letter-6,californiatelegraph.com,20200130T200000Z,English,United States
soil carbon requestration,carbon farming,Food that feeds the world and heals it too - Imagine newsletter # 6,https://www.sanantoniopost.com/news/263875295/food-that-feeds-the-world-and-heals-it-too---imagine-letter-6,sanantoniopost.com,20200130T193000Z,English,United States
soil carbon requestration,carbon farming,Food that feeds the world and heals it too - Imagine newsletter # 6,https://www.bignewsnetwork.com/news/263875295/food-that-feeds-the-world-and-heals-it-too---imagine-letter-6,bignewsnetwork.com,20200130T184500Z,English,United States
soil carbon requestration,carbon farming,Food that feeds the world and heals it too - Imagine newsletter # 6,https://www.sandiegosun.com/news/263875295/food-that-feeds-the-world-and-heals-it-too---imagine-letter-6,sandiegosun.com,20200130T184500Z,English,United States
soil carbon requestration,carbon farming,Food that feeds the world and heals it too - Imagine newsletter # 6,https://www.massachusettssun.com/news/263875295/food-that-feeds-the-world-and-heals-it-too---imagine-letter-6,massachusettssun.com,20200130T184500Z,English,United States
soil carbon requestration,carbon farming,Politicians can be such hypocrites,https://www.cerescourier.com/opinion/editorial/politicians-can-be-such-hypocrites/,cerescourier.com,20200129T210000Z,English,United States
soil carbon requestration,carbon farming,San Francisco Eateries Adding  Climate Change  Surcharge,https://climatechangedispatch.com/san-francisco-eateries-climate-change-surcharge/,climatechangedispatch.com,20200128T171500Z,English,United States
soil carbon requestration,carbon farming,$100 million Land Restoration Fund applications now open,https://www.miragenews.com/100-million-land-restoration-fund-applications-now-open/,miragenews.com,20200128T071500Z,English,United States
soil carbon requestration,carbon farming,Letter to the Editor : Veterans Group Advocates for Sustainable Farms Program,http://www.chronline.com/opinion/letter-to-the-editor-veterans-group-advocates-for-sustainable-farms/article_1dbd501a-4179-11ea-81c9-0f856bd4b4dc.html,chronline.com,20200128T031500Z,English,United States
soil carbon requestration,carbon farming,San Francisco Restaurants Adding  Climate Change  Surcharge to Bill,https://legalinsurrection.com/2020/01/san-francisco-restaurants-adding-climate-change-surcharge-to-bill/,legalinsurrection.com,20200126T164500Z,English,United States
soil carbon requestration,carbon farming,Has climate change provided a  net benefit  to Idaho ? That one skeptic argument . | National News,https://www.kpvi.com/news/national_news/has-climate-change-provided-a-net-benefit-to-idaho-that/article_713bf8f9-01dd-5425-9186-6bb70409c2b3.html,kpvi.com,20200125T180000Z,English,United States
soil carbon requestration,carbon farming,Has climate change provided a  net benefit  to Idaho ? That one skeptic argument . | Idaho Government and Politics,https://magicvalley.com/news/local/govt-and-politics/has-climate-change-provided-a-net-benefit-to-idaho-that/article_30fad708-8901-5e8a-b5fe-e345f3b62c0b.html,magicvalley.com,20200125T170000Z,English,United States
soil carbon requestration,carbon farming,"Waiter , there a climate surcharge in my soup",https://grist.org/food/waiter-theres-a-climate-surcharge-in-my-soup/,grist.org,20200125T113000Z,English,United States
soil carbon requestration,carbon farming,"San Francisco restaurants have added a surcharge to fight climate change , because of course they have",https://thetakeout.com/san-francisco-climate-change-surcharge-1841157690,thetakeout.com,20200124T161500Z,English,United States
soil carbon requestration,carbon farming,"The recipe for a carbon - neutral united kingdom ? Less meat , more trees and peatland",https://www.zmescience.com/science/the-recipe-for-a-carbon-neutral-uk-less-meat-more-trees-and-peatland/,zmescience.com,20200123T211500Z,English,United States
soil carbon requestration,carbon farming,GHG emissions : Report zones in on meat and dairy intake,https://www.feednavigator.com/Article/2020/01/23/GHG-emissions-Report-zones-in-on-meat-and-dairy-intake,feednavigator.com,20200123T151500Z,English,United States
soil carbon requestration,carbon farming,San Francisco Restaurants Adopt Climate Change Surcharge,https://alt1053.radio.com/blogs/dallas/san-francisco-restaurants-adopt-climate-change-surcharge,alt1053.radio.com,20200123T123000Z,English,United States
soil carbon requestration,carbon farming,Environmental bodies set joint vision to tackle climate change,https://www.miragenews.com/environmental-bodies-set-joint-vision-to-tackle-climate-change/,miragenews.com,20200123T004500Z,English,United States
soil carbon requestration,carbon farming,Some SF restaurants to introduce climate change surcharge,https://www.sfgate.com/food/article/SF-restaurants-introduce-climate-change-surcharge-14993247.php,sfgate.com,20200122T013000Z,English,United States
soil carbon requestration,carbon farming,Feel - good update : Photos of what youve done - Feel - good updates,https://medium.com/feel-good-updates/feel-good-update-photos-of-what-youve-done-6b63b03949,medium.com,20200120T233000Z,English,United States
soil carbon requestration,carbon farming,Time to assemble comprehensive global climate plan,https://missoulian.com/opinion/columnists/time-to-assemble-comprehensive-global-climate-plan/article_92e5b1ac-6e8d-5d8f-9a23-75d9fd7df20b.html,missoulian.com,20200120T164500Z,English,United States
soil carbon requestration,carbon farming,Black Farmers Are Embracing Climate - Resilient Farming,https://civileats.com/2020/01/20/black-farmers-are-embracing-climate-resilient-farming/,civileats.com,20200120T093000Z,English,United States
soil carbon requestration,carbon farming,Bennet shares ideas for breaking bipartisan logjam - News - fosters . com,https://www.fosters.com/news/20200119/bennet-shares-ideas-for-breaking-bipartisan-logjam,fosters.com,20200120T001500Z,English,United States
soil carbon requestration,carbon farming,Bennet shares ideas for breaking bipartisan logjam - News - seacoastonline . com,https://www.seacoastonline.com/news/20200119/bennet-shares-ideas-for-breaking-bipartisan-logjam,seacoastonline.com,20200120T000000Z,English,United States
soil carbon requestration,carbon farming,Land Restoration Fund Update : New funding announced for Queensland carbon farming projects to mitigate climate change,http://mondaq.com/Article/885156,mondaq.com,20200119T061500Z,English,United States
soil carbon requestration,carbon farming,Land Restoration Fund Update : New funding announced for Queensland carbon farming projects to mitigate climate change,https://www.mondaq.com/australia/Environment/885156/Land-Restoration-Fund-Update-New-funding-announced-for-Queensland-carbon-farming-projects-to-mitigate-climate-change,mondaq.com,20200119T060000Z,English,United States
soil carbon requestration,carbon farming,"Letter : Im a proud ,  deplorable  climate - change denier",http://www.nwherald.com/2020/01/13/letter-im-a-proud-deplorable-climate-change-denier/aimmg7e/,nwherald.com,20200118T230000Z,English,United States
soil carbon requestration,carbon farming,"Letter : Im a proud ,  deplorable  climate - change denier",https://www.daily-chronicle.com/2020/01/13/letter-im-a-proud-deplorable-climate-change-denier/aimmg7e/,daily-chronicle.com,20200118T211500Z,English,United States
soil carbon requestration,carbon farming,"Letter : Im a proud ,  deplorable  climate - change denier",http://www.daily-chronicle.com/2020/01/13/letter-im-a-proud-deplorable-climate-change-denier/aimmg7e/,daily-chronicle.com,20200118T184500Z,English,United States
soil carbon requestration,carbon farming,Can the united kingdom farming sector achieve net zero carbon emissions ?,https://thepoultrysite.com/articles/can-the-uk-farming-sector-achieve-net-zero-carbon-emissions,thepoultrysite.com,20200117T143000Z,English,United States
soil carbon requestration,carbon farming,Young voters look at climate change as leading issue in 2020,https://www.wesh.com/article/young-voters-look-at-climate-change-as-leading-issue-in-2020/30539426,wesh.com,20200116T060000Z,English,United States
soil carbon requestration,carbon farming,Q & A : The impact on climate denial on food security,https://www.devex.com/news/q-a-the-impact-on-climate-denial-on-food-security-96356,devex.com,20200115T121500Z,English,United States
soil carbon requestration,carbon farming,Electricity generation and transmission in Australia,https://www.lexology.com/library/detail.aspx?g=2b980b98-b0de-4316-a519-4fe5f4a399c4,lexology.com,20200113T130000Z,English,United States
soil carbon requestration,carbon farming,"Here how embracing tech can work for you , Daim tells Malaysia farmers | Malaysia",https://www.malaymail.com/news/malaysia/2020/01/11/heres-how-embracing-tech-can-work-for-you-daim-tells-malaysias-farmers/1826923,malaymail.com,20200111T070000Z,English,United States
soil carbon requestration,carbon farming,Special Report : The future of agriculture is in technology and innovation,https://www.msn.com/en-sg/finance/topstories/special-report-the-future-of-agriculture-is-in-technology-and-innovation/ar-BBYQ18q,msn.com,20200111T014500Z,English,United States
soil carbon requestration,carbon farming,Climate change : No one left to defend the camels | American Enterprise Institute,https://www.aei.org/economics/climate-change-no-one-left-to-defend-the-camels/,aei.org,20200110T153000Z,English,United States
soil carbon requestration,carbon farming,Star Renewable Energy supports report calling for a Scottish Budget to be set up to combat the Climate Crisis,https://www.energycentral.com/news/star-renewable-energy-supports-report-calling-scottish-budget-be-set-combat-climate-crisis,energycentral.com,20200109T213000Z,English,United States
soil carbon requestration,carbon farming,Star Renewable Energy supports report calling for a Scottish Budget to be set up to combat the Climate Crisis,https://finance.yahoo.com/news/star-renewable-energy-supports-report-184000184.html,finance.yahoo.com,20200109T204500Z,English,United States
soil carbon requestration,carbon farming,Star Renewable Energy supports report calling for a Scottish Budget to be set up to combat the Climate Crisis,https://www.ssuchronicle.com/2020/01/09/star-renewable-energy-supports-report-calling-for-a-scottish-budget-to-be-set-up-to-combat-the-climate-crisis/,ssuchronicle.com,20200109T204500Z,English,United States
soil carbon requestration,carbon farming,Star Renewable Energy supports report calling for a Scottish Budget to be set up to combat the Climate Crisis,https://www.prweb.com/releases/star_renewable_energy_supports_report_calling_for_a_scottish_budget_to_be_set_up_to_combat_the_climate_crisis/prweb16825107.htm,prweb.com,20200109T203000Z,English,United States
soil carbon requestration,carbon farming,Black farmers embrace and implement solutions for climate resiliency,https://www.greenbiz.com/article/black-farmers-embrace-and-implement-solutions-climate-resiliency,greenbiz.com,20200108T130000Z,English,United States
soil carbon requestration,carbon farming,Sunburn The morning read of what hot in Florida politics 1 . 7 . 20,https://floridapolitics.com/archives/314899-sunburn-the-morning-read-of-whats-hot-in-florida-politics-1-7-20,floridapolitics.com,20200107T101500Z,English,United States
soil carbon requestration,carbon farming,Officials to kill thousands of camels in Australia as they drink too much water amid wildfires,https://thehill.com/policy/energy-environment/477058-officials-to-kill-thousands-of-camels-in-australia-as-they-drink,thehill.com,20200107T043000Z,English,United States
soil carbon requestration,carbon farming,Forums target climate change,https://www.thegardenisland.com/2020/01/06/hawaii-news/forums-target-climate-change/,thegardenisland.com,20200106T113000Z,English,United States
soil carbon requestration,carbon farming,Equity Up & Emissions Down My 2030 Dream for Ithaca ( and Tompkins County ),https://www.ithaca.com/special_sections/readers_writes/equity-up-emissions-down-my-dream-for-ithaca-and-tompkins/article_a5d11818-2d80-11ea-9e93-8393bb82200d.html,ithaca.com,20200103T210000Z,English,United States
soil carbon requestration,carbon farming,Cabins to Campsites : America 10 Best Hipcamps,https://gearjunkie.com/best-hipcamp-campsites-glampsites-app,gearjunkie.com,20200103T193000Z,English,United States
soil carbon requestration,carbon farming,CiderCon 2020 to Take Place January 28 - 31 in Oakland,https://www.brewbound.com/news/cidercon-2020-to-take-place-january-28-31-in-oakland,brewbound.com,20200103T184500Z,English,United States
soil carbon requestration,carbon farming,Letter : The climate movement needs the farm bureau,http://www.nwherald.com/2020/01/02/letter-the-climate-movement-needs-the-farm-bureau/ag87dx5/,nwherald.com,20200103T003000Z,English,United States
soil carbon requestration,carbon farming,Letter : The climate movement needs the farm bureau,https://www.nwherald.com/2020/01/02/letter-the-climate-movement-needs-the-farm-bureau/ag87dx5/,nwherald.com,20200102T221500Z,English,United States
soil carbon requestration,carbon farming,"SEJ 30th Annual Conference , Boise , ID , Sept . 23 - 27 , 2020",https://www.sej.org/initiatives/sej-annual-conferences/AC2020-main,sej.org,20200101T191500Z,English,United States
soil carbon requestration,carbon farming,Overcoming carbon loss from farming in peatlands,https://phys.org/news/2020-03-carbon-loss-farming-peatlands.html,phys.org,20200331T141500Z,English,United States
soil carbon requestration,carbon farming,"Is carbon farming a climate boon , or boondoggle ? | Food and Environment Reporting Network",https://thefern.org/2020/03/is-carbon-farming-a-climate-boon-or-boondoggle/,thefern.org,20200331T103000Z,English,United States
soil carbon requestration,carbon farming,Can  Carbon Smart  Farming Play a Key Role in the Climate Fight ?,https://e360.yale.edu/features/can-carbon-smart-farming-play-a-key-role-in-the-climate-fight,e360.yale.edu,20200331T100000Z,English,United States
soil carbon requestration,carbon farming,"2020 Legislative Wrap - Up : State Requires Sex Ed , Takes Gun Safety Measures , Bans Free Plastic Bags",http://www.thereflector.com/news/article_c990852d-30c9-50ce-baaa-444006e89e38.html,thereflector.com,20200326T044500Z,English,United States
soil carbon requestration,carbon farming,"Legislative wrapup : State requires sex ed , takes gun safety measures , bans free plastic bags",https://www.marysvilleglobe.com/news/legislative-wrapupstate-requires-sex-ed-takes-gun-safety-measures-bans-free-plastic-bags/,marysvilleglobe.com,20200325T104500Z,English,United States
soil carbon requestration,carbon farming,"2020 Legislative Wrap - Up : State Requires Sex Ed , Takes Gun Safety Measures , Bans Free Plastic Bags",http://www.chronline.com/news/legislative-wrap-up-state-requires-sex-ed-takes-gun-safety/article_ba0448de-6d57-11ea-ab50-3f853dfc1cc6.html,chronline.com,20200323T231500Z,English,United States
soil carbon requestration,carbon farming,"State requires sex ed , takes gun safety measures , bans free plastic bags",https://www.wenatcheeworld.com/news/northwest/state-requires-sex-ed-takes-gun-safety-measures-bans-free/article_5a6aedd0-6d1e-11ea-9c7a-2f93517aca78.html,wenatcheeworld.com,20200323T211500Z,English,United States
soil carbon requestration,carbon farming,"State requires sex ed , takes gun safety measures , bans free plastic bags | 2020 Legislative Session",https://www.bainbridgereview.com/news/state-requires-sex-ed-takes-gun-safety-measures-bans-free-plastic-bags-2020-legislative-session/,bainbridgereview.com,20200323T184500Z,English,United States
soil carbon requestration,carbon farming,A CT scan for plants : Helping farmers diagnose the health of their crops,https://www.msn.com/en-us/finance/technologyinvesting/e2-80-98a-ct-scan-for-plants-e2-80-99-helping-farmers-diagnose-the-health-of-their-crops/ar-BB11y0gD,msn.com,20200323T151500Z,English,United States
soil carbon requestration,carbon farming,A CT scan for plants : Helping farmers diagnose the health of their crops,https://www.bostonglobe.com/2020/03/23/metro/ct-scan-plants-helping-farmers-diagnose-health-their-crops/,bostonglobe.com,20200322T204500Z,English,United States
soil carbon requestration,carbon farming,Cheers : 03 / 16 / 2020,https://www.record-eagle.com/opinion/editorials/cheers/article_8c1ece16-66c8-11ea-86f4-8f8bfa975c6b.html,record-eagle.com,20200316T173000Z,English,United States
soil carbon requestration,carbon farming,"In the moderator last stand , Pembroke voters reject a carbon fee , oppose gerrymandering",https://www.concordmonitor.com/Pembroke-Town-Meeting-results-2020-33311996,concordmonitor.com,20200315T041500Z,English,United States
soil carbon requestration,carbon farming,The Public Pulse : Right approach to guns ; Help for pets ; Defining socialism,https://www.omaha.com/opinion/the-public-pulse-right-approach-to-guns-help-for-pets/article_bb8ad129-fd0b-5f45-ba9f-d7667df82b2f.html,omaha.com,20200314T094500Z,English,United States
soil carbon requestration,carbon farming,Kiss the Ground - New Earth Day Documentary,https://www.elledecor.com/life-culture/a31282524/earth-day-movie-kiss-the-ground/,elledecor.com,20200313T214500Z,English,United States
soil carbon requestration,carbon farming,Planet FWD Raises $2 . 7M in Seed Funding,http://www.finsmes.com/2020/03/planet-fwd-raises-2-7m-in-seed-funding.html,finsmes.com,20200313T003000Z,English,United States
soil carbon requestration,carbon farming,GO in Brief : 03 / 12 / 2020,https://www.record-eagle.com/news/go/go-in-brief/article_9f4264ac-5f0d-11ea-91b3-b31b9f23d8b4.html,record-eagle.com,20200312T160000Z,English,United States
soil carbon requestration,carbon farming,James Beard Foundation Announces Lifetime Achievement and Humanitarian of the Year Awards,https://www.fb101.com/2020/03/james-beard-foundation-announces-lifetime-achievement-and-humanitarian-of-the-year-awards-2/,fb101.com,20200311T030000Z,English,United States
soil carbon requestration,carbon farming,Ensuring the future of conservation,http://www.thephoto-news.com/home/ensuring-the-future-of-conservation-KI956387,thephoto-news.com,20200309T224500Z,English,United States
soil carbon requestration,carbon farming,Ensuring the future of conservation,http://www.warwickadvertiser.com/news/business/ensuring-the-future-of-conservation-KI956387,warwickadvertiser.com,20200309T223000Z,English,United States
soil carbon requestration,carbon farming,Ensuring the future of conservation,http://www.chroniclenewspaper.com/home/ensuring-the-future-of-conservation-KI956387,chroniclenewspaper.com,20200309T193000Z,English,United States
soil carbon requestration,carbon farming,Jackson Family Wines receives Organizational Leadership Award at ...,https://www.winebusiness.com/news/?go=getArticle&dataId=227217,winebusiness.com,20200309T170000Z,English,United States
soil carbon requestration,carbon farming,Horizon dairy will become  carbon positive  by 2025,https://www.fastcompany.com/90469745/horizon-will-become-the-first-carbon-positive-national-dairy-in-the-u-s,fastcompany.com,20200303T114500Z,English,United States
soil carbon requestration,carbon farming,Capitol Update : Rep . Xu says Kansas must  maximize opportunities to address climate change,https://shawneemissionpost.com/2020/03/02/capitol-update-rep-xu-says-kansas-must-maximize-opportunities-to-address-climate-change-87453,shawneemissionpost.com,20200302T203000Z,English,United States
soil carbon requestration,carbon farming,Agriculture role in climate change draws scrutiny from 2020 Democrats – ThinkProgress,https://thinkprogress.org/agriculture-climate-change-2020-democrats-ipcc-inslee-warren-49687e6eb413/,thinkprogress.org,20200301T201500Z,English,United States
soil carbon requestration,carbon farming,Land trust plans for future of conservation - News - recordonline . com,https://www.recordonline.com/news/20200301/land-trust-plans-for-future-of-conservation,recordonline.com,20200301T191500Z,English,United States
soil carbon requestration,carbon farming,Agriculture role in climate change draws scrutiny from 2020 Democrats – ThinkProgress,https://archive.thinkprogress.org/agriculture-climate-change-2020-democrats-ipcc-inslee-warren-49687e6eb413/,archive.thinkprogress.org,20200301T150000Z,English,United States
soil carbon requestration,carbon farming,What would it take to get more farmers fighting climate change ?,https://grist.org/climate/what-would-it-take-to-get-more-farmers-fighting-climate-change/,grist.org,20200301T123000Z,English,United States
soil carbon requestration,carbon farming,KUOW - The cutest carbon culprits ? Your pets,https://kuow.org/stories/the-cutest-carbon-culprits-your-pets-f5b0,kuow.org,20200301T054500Z,English,United States
soil carbon requestration,carbon farming,"Rethinking ESG Targets For Companies Like Amazon , Apple And Analog Devices",https://www.forbes.com/sites/rahulrazdan/2020/07/01/rethinking-esg-targets-for-companies-like-amazon-apple-and-analog-devices/,forbes.com,20200701T114500Z,English,United States
soil carbon requestration,carbon farming,"2040 : A funny , entertaining , upbeat climate documentary",https://globalpossibilities.org/2040-a-funny-entertaining-upbeat-climate-documentary/,globalpossibilities.org,20200701T021500Z,English,United States
soil carbon requestration,carbon farming,Ethanol Producer Magazine – The Latest News and Data About Ethanol Production,http://www.ethanolproducer.com/articles/17304/report-ethanol-lcfs-can-help-us-meet-net-zero-goal,ethanolproducer.com,20200630T234500Z,English,United States
soil carbon requestration,carbon farming,Napa Valley Carbon Farming - AG INFORMATION NETWORK OF THE WEST,https://www.aginfo.net/report/46381/California-Ag-Today/Napa-Valley-Carbon-Farming,aginfo.net,20200629T093000Z,English,United States
soil carbon requestration,carbon farming,Hot Bias Into 4th of July and Beyond - Record Saharan Dust Cloud Reaches united states,https://www.startribune.com/hot-bias-into-4th-of-july-and-beyond-record-saharan-dust-cloud-reaches-usa/571497742/,startribune.com,20200626T041500Z,English,United States
soil carbon requestration,carbon farming,Two Northern California Organic Valley Farms Implement Riparian Restoration Projects,https://www.prnewswire.com/news-releases/two-northern-california-organic-valley-farms-implement-riparian-restoration-projects-301082086.html,prnewswire.com,20200624T130000Z,English,United States
soil carbon requestration,carbon farming,Carbon Farming  Could Make US Agriculture Truly Green,https://www.wired.com/story/carbon-farming-could-make-us-agriculture-truly-green/,wired.com,20200624T113000Z,English,United States
soil carbon requestration,carbon farming,Two Northern California Organic Valley Farms Implement Riparian Restoration Projects,https://finance.yahoo.com/news/two-northern-california-organic-valley-145900078.html,finance.yahoo.com,20200623T170000Z,English,United States
soil carbon requestration,carbon farming,Two Northern California Organic Valley Farms Implement Riparian Restoration Projects,https://www.wfmz.com/news/pr_newswire/pr_newswire_food_beverages/two-northern-california-organic-valley-farms-implement-riparian-restoration-projects/article_947f46b0-ec89-5121-9d51-1dfe3bf926d0.html,wfmz.com,20200623T160000Z,English,United States
soil carbon requestration,carbon farming,Two Northern California Organic Valley Farms Implement Riparian Restoration Projects,https://news.yahoo.com/two-northern-california-organic-valley-145900078.html,news.yahoo.com,20200623T153000Z,English,United States
soil carbon requestration,carbon farming,A new era of WOTUS,https://www.politico.com/newsletters/morning-energy/2020/06/22/a-new-era-of-wotus-788682,politico.com,20200622T160000Z,English,United States
soil carbon requestration,carbon farming,carbon farming | Iowa Environmental Focus,https://iowaenvironmentalfocus.org/tag/carbon-farming/,iowaenvironmentalfocus.org,20200622T150000Z,English,United States
soil carbon requestration,carbon farming,Iowa Farmers Join Initiatives that Pay Them to Reduce Carbon Emissions,https://iowaenvironmentalfocus.org/2020/06/22/iowa-farmers-join-initiatives-that-pay-them-to-reduce-carbon-emissions/,iowaenvironmentalfocus.org,20200622T150000Z,English,United States
soil carbon requestration,carbon farming,POINT REYES - Kenneth Brower Webinar & Discussion Weds . June 24th,https://www.sonomacountygazette.com/sonoma-county-news/proposed-gas-station-car-wash-rv-storage-and-food-mart-at-5300-sebastopol-road-public-input-by-jun-1,sonomacountygazette.com,20200622T130000Z,English,United States
soil carbon requestration,carbon farming,New water rule takes effect,https://www.politico.com/newsletters/morning-sustainability-preview/2020/06/22/new-water-rule-takes-effect-489593,politico.com,20200622T114500Z,English,United States
soil carbon requestration,carbon farming,"Inside Track : Planning , Environment & Sustainability : In The Media , In Practice And Courts , Cases And Legislation - Real Estate and Construction",https://www.mondaq.com/australia/construction-planning/949448/inside-track-planning-environment-sustainability-in-the-media-in-practice-and-courts-cases-and-legislation,mondaq.com,20200622T003000Z,English,United States
soil carbon requestration,carbon farming,Climate warriors : Iowa farmers are joining new initiatives that pay them to battle climate change - News - The Hawk Eye Newspaper,https://www.thehawkeye.com/news/20200620/climate-warriors-iowa-farmers-are-joining-new-initiatives-that-pay-them-to-battle-climate-change,thehawkeye.com,20200620T200000Z,English,United States
soil carbon requestration,carbon farming,"Future Tense newsletter : Congratulations , youre almost halfway through 2020 .",https://slate.com/technology/2020/06/future-tense-newsletter-congratulations-youre-almost-halfway-through-2020.html,slate.com,20200620T151500Z,English,United States
soil carbon requestration,carbon farming,Sustainable Recovery Plan Pitching Pandemic as Opportunity to Grow Greener,https://www.insurancejournal.com/news/national/2020/06/18/572793.htm,insurancejournal.com,20200618T214500Z,English,United States
soil carbon requestration,carbon farming,Napa winemakers are trying to fight climate change .,https://slate.com/technology/2020/06/napa-wine-carbon-farming-greenwashing-climate-change.html,slate.com,20200618T154500Z,English,United States
soil carbon requestration,carbon farming,"Ease up on alcohol , added sugars , dietary panel says",https://www.politico.com/newsletters/morning-agriculture/2020/06/18/ease-up-on-alcohol-added-sugars-dietary-panel-says-788624,politico.com,20200618T143000Z,English,United States
soil carbon requestration,carbon farming,Return on Investment,https://www.pewtrusts.org/en/trust/archive/spring-2020/return-on-investment,pewtrusts.org,20200617T211500Z,English,United States
soil carbon requestration,carbon farming,Big shake - up planned for Australia carbon market,https://www.lexology.com/library/detail.aspx?g=0dc69e9b-777e-4c70-a2dd-0f991344a015,lexology.com,20200617T124500Z,English,United States
soil carbon requestration,carbon farming,Glenn County Resource Conservation District to create Carbon Farm Plan for local grower,https://www.appeal-democrat.com/glenn_county_transcript/glenn-county-resource-conservation-district-to-create-carbon-farm-plan-for-local-grower/article_8c284c38-af4e-11ea-81bd-3f233baf6bb5.html,appeal-democrat.com,20200616T000000Z,English,United States
soil carbon requestration,carbon farming,Australia : Big shake - up planned for Australia carbon market,https://www.lexology.com/library/detail.aspx?g=1b9c74aa-f56b-476b-9ee1-6353a467f672,lexology.com,20200615T133000Z,English,United States
soil carbon requestration,carbon farming,Summer harvest could fuel coronavirus spike,https://www.politico.com/newsletters/morning-agriculture/2020/06/10/summer-harvest-could-fuel-coronavirus-spike-788395,politico.com,20200610T163000Z,English,United States
soil carbon requestration,carbon farming,Major antitrust action against chicken execs,https://www.politico.com/newsletters/morning-agriculture/2020/06/04/major-antitrust-action-against-chicken-execs-788233,politico.com,20200604T143000Z,English,United States
soil carbon requestration,carbon farming,Artisanal Imports Partners with North Coast Brewing Company,https://www.brewbound.com/news/artisanal-imports-partners-with-north-coast-brewing-company,brewbound.com,20200603T224500Z,English,United States
soil carbon requestration,carbon farming,Letter : No farms no food,https://www.nwherald.com/2020/07/28/letter-no-farms-no-food/aeqcl23/,nwherald.com,20200730T103000Z,English,United States
soil carbon requestration,carbon farming,"Point Reyes National Seashore : New vision , or enduring myth ?",https://www.ptreyeslight.com/article/point-reyes-national-seashore-new-vision-or-enduring-myth,ptreyeslight.com,20200730T033000Z,English,United States
soil carbon requestration,carbon farming,"Forestry sector stresses  right tree , right place  approach as debate over carbon farming continues",http://www.msn.com/en-nz/news/national/forestry-sector-stresses-right-tree-right-place-approach-as-debate-over-carbon-farming-continues/ar-BB17gcBv,msn.com,20200728T061500Z,English,United States
soil carbon requestration,carbon farming,Companies seek to increase sustainability,https://www.farmprogress.com/sustainability/companies-seek-increase-sustainability,farmprogress.com,20200727T074500Z,English,United States
soil carbon requestration,carbon farming,Farmers are rightfully concerned : Ag Minister hints at possibility of more rules around carbon forests,http://www.msn.com/en-nz/news/national/farmers-are-rightfully-concerned-ag-minister-hints-at-possibility-of-more-rules-around-carbon-forests/ar-BB17dq9J,msn.com,20200727T000000Z,English,United States
soil carbon requestration,carbon farming,Farmers are rightfully concerned : Ag Minister hints at possibility of more rules around carbon forests,https://www.msn.com/en-nz/news/national/farmers-are-rightfully-concerned-ag-minister-hints-at-possibility-of-more-rules-around-carbon-forests/ar-BB17dq9J,msn.com,20200726T231500Z,English,United States
soil carbon requestration,carbon farming,Bayer announces new carbon initiative,https://www.kmaland.com/ag/bayer-announces-new-carbon-initiative/article_724c8692-cc42-11ea-bea8-53721b3ec765.html,kmaland.com,20200724T160000Z,English,United States
soil carbon requestration,carbon farming,Financial Incentive is Part of Bayer Carbon Initiative,https://www.hoosieragtoday.com/financial-incentive-is-part-of-bayer-carbon-initiative/,hoosieragtoday.com,20200723T014500Z,English,United States
soil carbon requestration,carbon farming,"Overloaded with waste , West Marin Compost to expand capacity",https://www.ptreyeslight.com/article/overloaded-waste-west-marin-compost-expand-capacity,ptreyeslight.com,20200723T000000Z,English,United States
soil carbon requestration,carbon farming,Great Barrier Reef has critical role in fight against global warming,https://www.miragenews.com/great-barrier-reef-has-critical-role-in-fight-against-global-warming/,miragenews.com,20200722T214500Z,English,United States
soil carbon requestration,carbon farming,Bayer takes steps to make carbon sequestration a farmer newest crop opportunity | Sponsored,https://www.capitalpress.com/sponsored/bayer-takes-steps-to-make-carbon-sequestration-a-farmer-s-newest-crop-opportunity/article_2f0b178b-bbf3-5cb3-8908-5d613ad8c9c5.html,capitalpress.com,20200722T170000Z,English,United States
soil carbon requestration,carbon farming,"Morning Market Review for July 22 , 2020",https://www.farmprogress.com/morning-market-review/morning-market-review-july-22-2020,farmprogress.com,20200722T131500Z,English,United States
soil carbon requestration,carbon farming,Defra secretary to prioritise nature as part of the united kingdom green recovery from COVID - 19,https://thepoultrysite.com/news/2020/07/defra-secretary-to-prioritise-nature-as-part-of-the-uks-green-recovery-from-covid-19,thepoultrysite.com,20200722T130000Z,English,United States
soil carbon requestration,carbon farming,Biden Unveils Proposed Sustainable Infrastructure and Clean Energy Plan | Holland & Knight LLP,https://www.jdsupra.com/legalnews/biden-unveils-proposed-sustainable-38475/,jdsupra.com,20200722T011500Z,English,United States
soil carbon requestration,carbon farming,Bayer Takes Steps to Make Carbon Sequestration a Farmer Newest Crop Opportunity,https://www.hoosieragtoday.com/bayer-takes-steps-to-make-carbon-sequestration-a-farmers-newest-crop-opportunity/,hoosieragtoday.com,20200722T010000Z,English,United States
soil carbon requestration,carbon farming,Bayer takes steps to make carbon sequestration a farmer newest crop opportunity,https://www.businesswire.com/news/home/20200721005730/en/Bayer-takes-steps-carbon-sequestration-farmer%E2%80%99s-newest,businesswire.com,20200721T224500Z,English,United States
soil carbon requestration,carbon farming,"Coalition : Appalachian  New Deal  would create jobs , improve environment - News - The Times",https://www.timesonline.com/news/20200721/coalition-appalachian-rsquonew-dealrsquo-would-create-jobs-improve-environment,timesonline.com,20200721T213000Z,English,United States
soil carbon requestration,carbon farming,"Coalition : Appalachian  New Deal  would create jobs , improve environment - News - Ellwood City Ledger",https://www.ellwoodcityledger.com/news/20200721/coalition-appalachian-rsquonew-dealrsquo-would-create-jobs-improve-environment,ellwoodcityledger.com,20200721T213000Z,English,United States
soil carbon requestration,carbon farming,Four - state coalition unveils blueprint to  reimagine Appalachia  with a new deal that works for us | Policy Matters Ohio,https://www.policymattersohio.org/press-room/2020/07/21/four-state-coalition-unveils-blueprint-to-reimagine-appalachia-with-a-new-deal-that-works-for-us,policymattersohio.org,20200721T204500Z,English,United States
soil carbon requestration,carbon farming,Bayer takes steps to make carbon sequestration a farmer newest crop opportunity,https://www.oaoa.com/news/business/bayer-takes-steps-to-make-carbon-sequestration-a-farmer-s-newest-crop-opportunity/article_9d0c8ee4-0d08-5cf2-b82e-f75745e7dd50.html,oaoa.com,20200721T191500Z,English,United States
soil carbon requestration,carbon farming,Bayer Launches Carbon Initiative,https://www.agriculture.com/crops/conservation/bayer-launches-carbon-initiative,agriculture.com,20200721T183000Z,English,United States
soil carbon requestration,carbon farming,Bayer launches Carbon Initiative,https://www.farmprogress.com/business/bayer-launches-carbon-initiative,farmprogress.com,20200721T174500Z,English,United States
soil carbon requestration,carbon farming,Bayer takes steps to make carbon sequestration a farmer newest crop opportunity - Press Release,http://www.digitaljournal.com/pr/4748829,digitaljournal.com,20200721T163000Z,English,United States
soil carbon requestration,carbon farming,Farmers join programs that pay them to combat climate change in Iowa,https://www.southernminn.com/around_the_web/news/article_f420e387-a0aa-5176-b559-a6186276abc0.html,southernminn.com,20200716T133000Z,English,United States
soil carbon requestration,carbon farming,Farmers join programs that pay them to combat climate change in Iowa,https://www.kpvi.com/news/national_news/farmers-join-programs-that-pay-them-to-combat-climate-change-in-iowa/article_8569b187-a744-52a9-8228-7a30297ecac3.html,kpvi.com,20200716T133000Z,English,United States
soil carbon requestration,carbon farming,"Biden Climate Plan Does Not Mention Biofuels , But Ethanol Groups See Potential",https://www.dtnpf.com/agriculture/web/ag/blogs/ag-policy-blog/blog-post/2020/07/15/biden-climate-plan-mention-biofuels-2,dtnpf.com,20200715T143000Z,English,United States
soil carbon requestration,carbon farming,"Biden Climate Plan Does Not Mention Biofuels , But Ethanol Groups See Potential",https://www.dtnpf.com/agriculture/web/AG/blogs/ag-policy-blog/blog-post/2020/07/15/biden-climate-plan-mention-biofuels,dtnpf.com,20200715T141500Z,English,United States
soil carbon requestration,carbon farming,Conservation agriculture increases carbon sequestration in extensive crops,https://phys.org/news/2020-07-agriculture-carbon-sequestration-extensive-crops.html,phys.org,20200707T171500Z,English,United States
soil carbon requestration,carbon farming,Conservation agriculture increases carbon sequestration in extensive crops,https://www.eurekalert.org/pub_releases/2020-07/uoc-cai070720.php,eurekalert.org,20200707T140000Z,English,United States
soil carbon requestration,carbon farming,Could Paying Farmers to Store Carbon Help the Climate and Save Farms ?,https://globalpossibilities.org/could-paying-farmers-to-store-carbon-help-the-climate-and-save-farms/,globalpossibilities.org,20200706T203000Z,English,United States
soil carbon requestration,carbon farming,Carbon Farming Launches in Western Australia,https://www.pewtrusts.org/en/research-and-analysis/articles/2020/07/06/carbon-farming-launches-in-western-australia,pewtrusts.org,20200706T160000Z,English,United States
soil carbon requestration,carbon farming,"Spotlight : climate change law , regulation and policy in Australia",https://www.lexology.com/library/detail.aspx?g=e94cf2ac-cd57-47ec-baf4-f0efee8fd464,lexology.com,20200706T133000Z,English,United States
soil carbon requestration,carbon farming,Australia : Big Shake - up Planned for Australia Carbon Market,https://www.lexology.com/library/detail.aspx?g=0748f5a3-04b4-49f1-977e-5446e6680dc0,lexology.com,20200706T070000Z,English,United States
soil carbon requestration,carbon farming,Napa Valley Carbon Farming - AG INFORMATION NETWORK OF THE WEST,https://www.aginfo.net/report/46381/32/Napa-Valley-Carbon-Farming,aginfo.net,20200703T111500Z,English,United States
soil carbon requestration,carbon farming,"Rethinking ESG Targets For Companies Like Amazon , Apple And Analog Devices",https://www.forbes.com/sites/rahulrazdan/2020/07/01/rethinking-esg-targets-for-companies-like-amazon-apple-and-analog-devices/,forbes.com,20200701T114500Z,English,United States
soil carbon requestration,carbon farming,"2040 : A funny , entertaining , upbeat climate documentary",https://globalpossibilities.org/2040-a-funny-entertaining-upbeat-climate-documentary/,globalpossibilities.org,20200701T021500Z,English,United States
soil carbon requestration,carbon farming,Sharing Thoughts on Shared Value,https://www.dtnpf.com/agriculture/web/ag/blogs/an-urbans-rural-view/blog-post/2020/09/01/sharing-thoughts-shared-value,dtnpf.com,20200901T214500Z,English,United States
soil carbon requestration,carbon farming,23 Leaders in Food Envision the Restaurant Industry Post - Pandemic Future,https://www.eater.com/21395619/americas-restaurants-are-worth-saving-heres-how,eater.com,20200901T191500Z,English,United States
soil carbon requestration,carbon farming,America Restaurants Are Worth Saving . Here How .,https://www.msn.com/en-us/foodanddrink/foodnews/america-e2-80-99s-restaurants-are-worth-saving-here-e2-80-99s-how/ar-BB18AVdM,msn.com,20200901T143000Z,English,United States
soil carbon requestration,carbon farming,GreenCollar secures QLD government funding for a series of carbon farming projects,https://www.miragenews.com/greencollar-secures-qld-government-funding-for-a-series-of-carbon-farming-projects/,miragenews.com,20200901T083000Z,English,United States
soil carbon requestration,carbon farming,County asks for input on plan to combat climate change,https://www.bohemian.com/northbay/county-asks-for-input-on-plan-to-combat-climate-change/Content?oid=10459905,bohemian.com,20200827T060000Z,English,United States
soil carbon requestration,carbon farming,Zero Foodprint Partners With Colorado Restaurants To Combat Global Warming,https://www.5280.com/2020/08/zero-foodprint-partners-with-colorado-restaurants-to-combat-global-warming/,5280.com,20200824T211500Z,English,United States
soil carbon requestration,carbon farming,You have to be resilient as a farmer : Sonoma County farm faces down the fires,https://www.sfgate.com/food/article/Sonoma-County-farm-Radical-evacuate-wildfire-15505687.php,sfgate.com,20200823T134500Z,English,United States
soil carbon requestration,carbon farming,In review : energy regulation in Australia,https://www.lexology.com/library/detail.aspx?g=17db66ab-dd61-4863-84ec-6f736231b5ac,lexology.com,20200821T123000Z,English,United States
soil carbon requestration,carbon farming,Perennial Vegetables Are a Solution in the Fight Against Hunger and Climate Change,https://civileats.com/2020/08/19/perennial-vegetables-are-a-solution-in-the-fight-against-hunger-and-climate-change/,civileats.com,20200819T094500Z,English,United States
soil carbon requestration,carbon farming,What Is Regenerative Agriculture And How Does It Work ? : Short Wave : NPR,https://www.npr.org/transcripts/903184905,npr.org,20200818T191500Z,English,United States
soil carbon requestration,carbon farming,"Printed Letters : Aug . 18 , 2020",https://www.gjsentinel.com/opinion/letters/printed-letters-aug-18-2020/article_c34c62fe-e0df-11ea-ae75-aff7ee044729.html,gjsentinel.com,20200818T050000Z,English,United States
soil carbon requestration,carbon farming,Carbon for Conservation to deliver new opportunities for WA,https://www.miragenews.com/carbon-for-conservation-to-deliver-new-opportunities-for-wa/,miragenews.com,20200818T004500Z,English,United States
soil carbon requestration,carbon farming,Australia move to store carbon in soil is a problem for tackling climate change,https://phys.org/news/2020-08-australia-carbon-soil-problem-tackling.html,phys.org,20200817T141500Z,English,United States
soil carbon requestration,carbon farming,"As North Face battles Patagonia , it bets climate change will pay off",https://www.cnbc.com/2020/08/14/as-north-face-battles-patagonia-it-bets-climate-change-will-pay-off.html,cnbc.com,20200814T144500Z,English,United States
soil carbon requestration,carbon farming,"As The North Face battles Patagonia in outdoors market , it bets tackling climate change will pay off",https://www.msn.com/en-us/finance/companies/as-the-north-face-battles-patagonia-in-outdoors-market-it-bets-tackling-climate-change-will-pay-off/ar-BB17XOUt,msn.com,20200814T144500Z,English,United States
soil carbon requestration,carbon farming,"As The North Face battles Patagonia in outdoors market , it bets tackling climate change will pay off",http://www.msn.com/en-us/money/companies/as-the-north-face-battles-patagonia-in-outdoors-market-it-bets-tackling-climate-change-will-pay-off/ar-BB17XOUt,msn.com,20200814T144500Z,English,United States
soil carbon requestration,carbon farming,Charlottesville to participate in carbon capture training cohort,https://www.cvilletomorrow.org/articles/charlottesville-to-participate-in-carbon-capture-training-cohort/,cvilletomorrow.org,20200811T061500Z,English,United States
soil carbon requestration,carbon farming,Charlottesville to participate in carbon capture training cohort,https://www.cvilletomorrow.org/articles/charlottesville-to-participate-in-carbon-capture-training-cohort,cvilletomorrow.org,20200811T053000Z,English,United States
soil carbon requestration,carbon farming,Bayer to make carbon sequestration a new crop opportunity,https://www.agdaily.com/crops/bayer-carbon-sequestration-farmers/,agdaily.com,20200811T003000Z,English,United States
soil carbon requestration,carbon farming,Farm aid reinforcements stuck in limbo,https://www.politico.com/newsletters/weekly-agriculture/2020/08/10/farm-aid-reinforcements-stuck-in-limbo-789778,politico.com,20200810T144500Z,English,United States
soil carbon requestration,carbon farming,Tiny Robot Swarms Could Contribute to Eliminating the Need for Pesticides,http://www.natureworldnews.com/articles/44209/20200808/tiny-robot-swarms-contribute-eliminating-pesticides.htm,natureworldnews.com,20200808T130000Z,English,United States
soil carbon requestration,carbon farming,28 Organizations Promoting Indigenous Food Sovereignty,https://www.ipsnews.net/2020/08/28-organizations-promoting-indigenous-food-sovereignty/,ipsnews.net,20200808T093000Z,English,United States
soil carbon requestration,carbon farming,Swarm of Tiny Robots Could Help Eliminate Pesticides,https://cleantechnica.com/2020/08/07/swarm-of-tiny-robots-could-help-eliminate-pesticides/,cleantechnica.com,20200807T193000Z,English,United States
soil carbon requestration,carbon farming,Farms Cant Stop Climate Change | The New Republic,https://newrepublic.com/article/158833/agribusiness-farms-microsoft-mcdonalds-carbon-climate-change,newrepublic.com,20200807T171500Z,English,United States
soil carbon requestration,carbon farming,28 Organizations Promoting Indigenous Food Sovereignty,http://www.ipsnews.net/2020/08/28-organizations-promoting-indigenous-food-sovereignty/,ipsnews.net,20200807T114500Z,English,United States
soil carbon requestration,carbon farming,North Coast Brewing Company - Greater East Bay Sales Representative - BevNET . com Beverage Industry Job Listing,https://www.bevnet.com/jobs/34266-Greater-East-Bay-Sales-Representative--North-Coast-Brewing-Company,bevnet.com,20200807T003000Z,English,United States
soil carbon requestration,carbon farming,North Coast Brewing Company - Greater East Bay Sales Rep - BevNET . com Beverage Industry Job Listing,https://www.bevnet.com/jobs/34265-Greater-East-Bay-Sales-Rep-North-Coast-Brewing-Company,bevnet.com,20200807T003000Z,English,United States
soil carbon requestration,carbon farming,Meet the candidates in House District 76,https://www.naplesnews.com/story/news/politics/elections/2020/08/06/meet-candidates-house-district-76/5453807002/,naplesnews.com,20200806T221500Z,English,United States
soil carbon requestration,carbon farming,Betting the farm,https://www.politico.com/newsletters/the-long-game/2020/08/04/betting-the-farm-489964,politico.com,20200804T163000Z,English,United States
soil carbon requestration,carbon farming,Shell Australia agrees to environmental acquisition,https://pitchbook.com/newsletter/shell-australia-agrees-to-environmental-acquisition,pitchbook.com,20200804T131500Z,English,United States
soil carbon requestration,carbon farming,"OPINION : Battered by Covid - 19 , oil companies face a stark choice",https://www.upstreamonline.com/production/opinion-battered-by-covid-19-oil-companies-face-a-stark-choice/2-1-851805,upstreamonline.com,20200804T121500Z,English,United States
soil carbon requestration,carbon farming,Shell Carbon Offset Business Makes Its First Acquisition,https://www.greentechmedia.com/articles/read/shell-makes-first-acquisition-for-carbon-offset-business-unit,greentechmedia.com,20200803T200000Z,English,United States
soil carbon requestration,carbon farming,How carbon - smart farming can feed us and fight climate change,https://www.weforum.org/agenda/2020/08/how-carbon-smart-farming-tackles-climate-change/,weforum.org,20200803T163000Z,English,United States
soil carbon requestration,carbon farming,"Caney Fork Farm growth plan benefits soil , crops and consumers | Community",https://www.wilsonpost.com/community/caney-fork-farms-growth-plan-benefits-soil-crops-and-consumers/article_deeadf56-d430-11ea-a1b9-f79bc5688d7b.html,wilsonpost.com,20200803T140000Z,English,United States
soil carbon requestration,carbon farming,Shell Australia to acquire environmental services firm Select Carbon,https://www.oilandgas360.com/shell-australia-to-acquire-environmental-services-firm-select-carbon/,oilandgas360.com,20200803T041500Z,English,United States
soil carbon requestration,carbon farming,Shell Australia to acquire environmental services firm Select Carbon,https://in.reuters.com/article/us-select-carbon-m-a-shell/shell-australia-to-acquire-environmental-services-firm-select-carbon-idINKBN24Y0SX,in.reuters.com,20200803T020000Z,English,United States
soil carbon requestration,carbon farming,Shell Australia to acquire environmental services firm Select Carbon | News,https://whtc.com/news/articles/2020/aug/02/shell-australia-to-acquire-environmental-services-firm-select-carbon/1045526/,whtc.com,20200803T003000Z,English,United States
soil carbon requestration,carbon farming,Shell Australia to acquire environmental services firm Select Carbon,https://www.reuters.com/article/us-select-carbon-m-a-shell/shell-australia-to-acquire-environmental-services-firm-select-carbon-idUSKBN24Y0SX,reuters.com,20200803T000000Z,English,United States
soil carbon requestration,carbon farming,Shell Australia to acquire environmental services firm Select Carbon,https://www.msn.com/en-au/finance/news/shell-australia-to-acquire-environmental-services-firm-select-carbon/ar-BB17ubzE,msn.com,20200802T233000Z,English,United States
soil carbon requestration,carbon farming,Frontiers | What Is Regenerative Agriculture ? A Review of Scholar and Practitioner Definitions Based on Processes and Outcomes,https://www.frontiersin.org/articles/10.3389/fsufs.2020.577723/full,frontiersin.org,20201027T123000Z,English,United States
soil carbon requestration,carbon farming,Report : Catalytic capital needed in ag,https://www.farmprogress.com/sustainability/report-catalytic-capital-needed-ag,farmprogress.com,20201019T104500Z,English,United States
soil carbon requestration,carbon farming,"Point of View : Ways to recover from the coronavirus pandemic , climate change",https://www.palmbeachpost.com/story/opinion/columns/2020/10/18/point-view-ways-recover-coronavirus-pandemic-climate-change/3684270001/,palmbeachpost.com,20201018T143000Z,English,United States
soil carbon requestration,carbon farming,CLIMATE SMART : Healthy soil can help solve climate change,https://www.fltimes.com/news/environment/climate-smart-healthy-soil-can-help-solve-climate-change/article_24ccd2a8-6b51-52fb-a7e0-968537a07163.html,fltimes.com,20201017T134500Z,English,United States
soil carbon requestration,carbon farming,Soil carbon named in Morrison Government top five priority low emissions technologies,https://www.lexology.com/library/detail.aspx?g=fb547c2d-586d-48b9-bc77-af0a3b87ce71,lexology.com,20201015T163000Z,English,United States
soil carbon requestration,carbon farming,Shopify is first high - volume corporate buyer of carbon credits,https://www.agriculture.com/news/crops/shopify-is-first-high-volume-corporate-buyer-of-carbon-credits,agriculture.com,20201013T174500Z,English,United States
soil carbon requestration,carbon farming,Shopify Will Be First High - Volume Corporate Buyer of Carbon Credits From A U . S . CarbonNOW™ Farmer,https://www.einnews.com/pr_news/527919230/shopify-will-be-first-high-volume-corporate-buyer-of-carbon-credits-from-a-u-s-carbonnow-farmer,einnews.com,20201013T141500Z,English,United States
soil carbon requestration,carbon farming,"Monterey County Weekly editorial board endorsements in local , regional , statewide and national elections . | Cover",http://www.montereycountyweekly.com/news/cover/monterey-county-weekly-editorial-board-s-endorsements-in-local-regional-statewide-and-national-elections/article_9e49980c-08d8-11eb-b0d1-eb221f0f1b33.html,montereycountyweekly.com,20201008T081500Z,English,United States
soil carbon requestration,carbon farming,Maryland grower sees bright carbon market,https://www.farmprogress.com/conservation/maryland-grower-sees-bright-carbon-market,farmprogress.com,20201007T160000Z,English,United States
soil carbon requestration,carbon farming,Norman Borlaug lecture will be given by world - renowned soil scientist,https://www.miragenews.com/norman-borlaug-lecture-will-be-given-by-world-renowned-soil-scientist/,miragenews.com,20201007T143000Z,English,United States
soil carbon requestration,carbon farming,Norman Borlaug lecture will be given by world - renowned soil scientist • News Service • Iowa State University,https://www.news.iastate.edu/news/2020/10/07/borlaug-lecture,news.iastate.edu,20201007T134500Z,English,United States
soil carbon requestration,carbon farming,"Trump , Biden discuss Food System Resilience in Farm Bureau survey",https://www.rfdtv.com/story/42728674/trump-biden-discuss-food-system-resilience-in-farm-bureau-survey,rfdtv.com,20201006T191500Z,English,United States
soil carbon requestration,carbon farming,What Regenerative Farming Can Do for the Climate,https://www.yesmagazine.org/environment/2020/10/05/soil-regenerative-farming-climate/,yesmagazine.org,20201005T204500Z,English,United States
soil carbon requestration,carbon farming,Unfold Podcast Launches Season 2 Focused on Climate Change,https://www.ucdavis.edu/news/unfold-podcast-launches-season-2-focused-climate-change/,ucdavis.edu,20201003T204500Z,English,United States
soil carbon requestration,carbon farming,"Carbon Farming , Algae Biofertilizer : The Digest 2020 Multi - Slide Guide to Accelergy – Advanced BioFuels united states",https://advancedbiofuelsusa.info/carbon-farming-algae-biofertilizer-the-digests-2020-multi-slide-guide-to-accelergy/,advancedbiofuelsusa.info,20201002T194500Z,English,United States
soil carbon requestration,carbon farming,New CALS dean sees climate resilience in agriculture,https://news.cornell.edu/stories/2020/10/new-cals-dean-sees-climate-resilience-agriculture,news.cornell.edu,20201001T180000Z,English,United States
soil carbon requestration,carbon farming,Q & A : electricity generation and transmission in Australia,https://www.lexology.com/library/detail.aspx?g=3afe7ad1-ba9f-4f3c-a13b-e9594cc6b33b,lexology.com,20201001T171500Z,English,United States
soil carbon requestration,carbon farming,"Emergency or not , data shows NZ has one of the worst climate records in the industrialised world",http://www.msn.com/en-nz/news/national/emergency-or-not-data-shows-nz-has-one-of-the-worst-climate-records-in-the-industrialised-world/ar-BB1bxnbn,msn.com,20201201T220000Z,English,United States
soil carbon requestration,carbon farming,Scientists map soil potential to combat climate change,https://news.cornell.edu/stories/2020/12/scientists-map-soils-potential-combat-climate-change,news.cornell.edu,20201201T183000Z,English,United States
soil carbon requestration,carbon farming,Scientists map soil potential to combat climate change,https://www.newswise.com/articles/scientists-map-soils-potential-to-combat-climate-change,newswise.com,20201201T174500Z,English,United States
soil carbon requestration,carbon farming,Biden victory ushers in  race to the top  on climate change,https://www.lexology.com/library/detail.aspx?g=5e3563d6-8b47-4acf-88ea-c3c41b675c8a,lexology.com,20201130T164500Z,English,United States
soil carbon requestration,carbon farming,WA planning one of world longest continuous electric car networks under climate policy,https://www.msn.com/en-au/news/australia/wa-planning-one-of-world-s-longest-continuous-electric-car-networks-under-climate-policy/ar-BB1bu2mi,msn.com,20201130T091500Z,English,United States
soil carbon requestration,carbon farming,Climate policy supports Western Australia low - carbon future,https://www.miragenews.com/climate-policy-supports-western-australia-s-low-carbon-future/,miragenews.com,20201130T071500Z,English,United States
soil carbon requestration,carbon farming,New report BACKS carbon credits for new production tree plantings in SW Victoria,https://www.miragenews.com/new-report-backs-carbon-credits-for-new-production-tree-plantings-in-sw-victoria/,miragenews.com,20201130T033000Z,English,United States
soil carbon requestration,carbon farming,Regenerative agriculture - AG INFORMATION NETWORK OF THE WEST,https://www.aginfo.net/report/47847/Idaho-Ag-Today/Regenerative-agriculture,aginfo.net,20201129T163000Z,English,United States
soil carbon requestration,carbon farming,FullCycle Climate Partners and Sustainitech Address the Growing Need For Ag Tech Solutions,https://www.baltimorestar.com/news/267101009/fullcycle-climate-partners-and-sustainitech-address-the-growing-need-for-ag-tech-solutions,baltimorestar.com,20201127T214500Z,English,United States
soil carbon requestration,carbon farming,FullCycle Climate Partners and Sustainitech Address the Growing Need For Ag Tech Solutions,https://www.californiatelegraph.com/news/267101009/fullcycle-climate-partners-and-sustainitech-address-the-growing-need-for-ag-tech-solutions,californiatelegraph.com,20201127T213000Z,English,United States
soil carbon requestration,carbon farming,FullCycle Climate Partners and Sustainitech Address the Growing Need For Ag Tech Solutions,https://www.tennesseedaily.com/news/267101009/fullcycle-climate-partners-and-sustainitech-address-the-growing-need-for-ag-tech-solutions,tennesseedaily.com,20201127T204500Z,English,United States
soil carbon requestration,carbon farming,FullCycle Climate Partners and Sustainitech Address the Growing Need For Ag Tech Solutions,https://www.saltlakecitysun.com/news/267101009/fullcycle-climate-partners-and-sustainitech-address-the-growing-need-for-ag-tech-solutions,saltlakecitysun.com,20201127T204500Z,English,United States
soil carbon requestration,carbon farming,FullCycle Climate Partners and Sustainitech Address the Growing Need For Ag Tech Solutions,https://www.stlouisstar.com/news/267101009/fullcycle-climate-partners-and-sustainitech-address-the-growing-need-for-ag-tech-solutions,stlouisstar.com,20201127T203000Z,English,United States
soil carbon requestration,carbon farming,FullCycle Climate Partners and Sustainitech Address the Growing Need For Ag Tech Solutions,https://www.nashvilleherald.com/news/267101009/fullcycle-climate-partners-and-sustainitech-address-the-growing-need-for-ag-tech-solutions,nashvilleherald.com,20201127T200000Z,English,United States
soil carbon requestration,carbon farming,FullCycle Climate Partners and Sustainitech Address the Growing Need For Ag Tech Solutions,https://www.bostonstar.com/news/267101009/fullcycle-climate-partners-and-sustainitech-address-the-growing-need-for-ag-tech-solutions,bostonstar.com,20201127T200000Z,English,United States
soil carbon requestration,carbon farming,FullCycle Climate Partners and Sustainitech Address the Growing Need For Ag Tech Solutions,https://www.pittsburghstar.com/news/267101009/fullcycle-climate-partners-and-sustainitech-address-the-growing-need-for-ag-tech-solutions,pittsburghstar.com,20201127T194500Z,English,United States
soil carbon requestration,carbon farming,FullCycle Climate Partners and Sustainitech Address the Growing Need For Ag Tech Solutions,https://www.albuquerqueexpress.com/news/267101009/fullcycle-climate-partners-and-sustainitech-address-the-growing-need-for-ag-tech-solutions,albuquerqueexpress.com,20201127T194500Z,English,United States
soil carbon requestration,carbon farming,FullCycle Climate Partners and Sustainitech Address the Growing Need For Ag Tech Solutions,https://www.memphissun.com/news/267101009/fullcycle-climate-partners-and-sustainitech-address-the-growing-need-for-ag-tech-solutions,memphissun.com,20201127T194500Z,English,United States
soil carbon requestration,carbon farming,FullCycle Climate Partners and Sustainitech Address the Growing Need For Ag Tech Solutions,https://www.newjerseytelegraph.com/news/267101009/fullcycle-climate-partners-and-sustainitech-address-the-growing-need-for-ag-tech-solutions,newjerseytelegraph.com,20201127T191500Z,English,United States
soil carbon requestration,carbon farming,FullCycle Climate Partners and Sustainitech Address the Growing Need For Ag Tech Solutions,https://www.dallassun.com/news/267101009/fullcycle-climate-partners-and-sustainitech-address-the-growing-need-for-ag-tech-solutions,dallassun.com,20201127T190000Z,English,United States
soil carbon requestration,carbon farming,FullCycle Climate Partners and Sustainitech Address the Growing Need For Ag Tech Solutions,https://www.theusnews.com/news/267101009/fullcycle-climate-partners-and-sustainitech-address-the-growing-need-for-ag-tech-solutions,theusnews.com,20201127T190000Z,English,United States
soil carbon requestration,carbon farming,FullCycle Climate Partners and Sustainitech Address the Growing Need For Ag Tech Solutions,https://www.clevelandstar.com/news/267101009/fullcycle-climate-partners-and-sustainitech-address-the-growing-need-for-ag-tech-solutions,clevelandstar.com,20201127T184500Z,English,United States
soil carbon requestration,carbon farming,FullCycle Climate Partners and Sustainitech Address the Growing Need For Ag Tech Solutions,https://www.phoenixherald.com/news/267101009/fullcycle-climate-partners-and-sustainitech-address-the-growing-need-for-ag-tech-solutions,phoenixherald.com,20201127T173000Z,English,United States
soil carbon requestration,carbon farming,FullCycle Climate Partners and Sustainitech Address the Growing Need For Ag Tech Solutions,https://www.hawaiitelegraph.com/news/267101009/fullcycle-climate-partners-and-sustainitech-address-the-growing-need-for-ag-tech-solutions,hawaiitelegraph.com,20201127T170000Z,English,United States
soil carbon requestration,carbon farming,FullCycle Climate Partners Address The Growing Need For Ag Tech Solutions,https://www.prnewswire.com:443/news-releases/fullcycle-climate-partners-address-the-growing-need-for-ag-tech-solutions-301180282.html,prnewswire.com,20201125T134500Z,English,United States
soil carbon requestration,carbon farming,"The chef who wants diners to fund regenerative ag | A Green Living Blog - Go Green , Green Home , Green Energy",http://agreenliving.org/the-chef-who-wants-diners-to-fund-regenerative-ag/,agreenliving.org,20201120T161500Z,English,United States
soil carbon requestration,carbon farming,The chef who wants diners to fund regenerative ag,https://www.greenbiz.com/article/chef-who-wants-diners-fund-regenerative-ag,greenbiz.com,20201120T101500Z,English,United States
soil carbon requestration,carbon farming,Biden Can Bypass A Reluctant Congress To Enact Climate Crisis Policy,https://cleantechnica.com/2020/11/19/biden-can-bypass-a-reluctant-congress-to-enact-climate-crisis-policy/,cleantechnica.com,20201119T200000Z,English,United States
soil carbon requestration,carbon farming,CSRWire - Oceans 2050 Leads Global Effort to Quantify Seaweed Carbon Sequestration,https://www.csrwire.com/press_releases/707601-oceans-2050-leads-global-effort-quantify-seaweed-carbon-sequestration,csrwire.com,20201119T123000Z,English,United States
soil carbon requestration,carbon farming,A Biden presidency doesnt need a Green New Deal to make progress on climate change – TechCrunch,https://techcrunch.com/2020/11/17/a-biden-presidency-doesnt-need-a-green-new-deal-to-make-progress-on-climate-change/,techcrunch.com,20201118T054500Z,English,United States
soil carbon requestration,carbon farming,EU eyes tax as tool in climate change fight,https://uk.finance.yahoo.com/news/eu-eyes-tax-tool-climate-141519681.html,uk.finance.yahoo.com,20201117T090000Z,English,United States
soil carbon requestration,carbon farming,Questions and answers with N . Y . 53rd Senate District candidates,https://www.oneidadispatch.com/news/local-news/questions-and-answers-with-n-y-s-53rd-senate-district-candidates/article_cb5ebe28-1560-11eb-956e-87ef5ddca2ec.html,oneidadispatch.com,20201106T073000Z,English,United States
soil carbon requestration,carbon farming,Carbon initiative rewards farmers for stewardship,https://ocj.com/2020/11/95736/,ocj.com,20201103T071500Z,English,United States
soil carbon requestration,carbon farming,Agbotic Establishes Regenerative Agriculture Initiative in Europe,https://www.prnewswire.com/news-releases/agbotic-establishes-regenerative-agriculture-initiative-in-europe-301164375.html,prnewswire.com,20201102T153000Z,English,United States
soil carbon requestration,carbon farming,Agbotic Establishes Regenerative Agriculture Initiative in Europe,https://www.prnewswire.com/in/news-releases/agbotic-establishes-regenerative-agriculture-initiative-in-europe-818662443.html,prnewswire.com,20201102T140000Z,English,United States
soil carbon requestration,carbon farming,Colorado Ranchers Adapt For A Changing Climate,https://patch.com/colorado/across-co/colorado-ranchers-adapt-changing-climate,patch.com,20201229T151500Z,English,United States
soil carbon requestration,carbon farming,Tom Vilsack for Agriculture Secretary Worries Environmentalists,https://www.sierraclub.org/sierra/tom-vilsack-for-agriculture-secretary-worries-environmentalists,sierraclub.org,20201226T024500Z,English,United States
soil carbon requestration,carbon farming,2020 has been a wild year ; conference goes digital,https://www.montrosepress.com/news/2020-has-been-a-wild-year-conference-goes-digital/article_9cec0366-4576-11eb-864b-87af8a8fdc3d.html,montrosepress.com,20201224T201500Z,English,United States
soil carbon requestration,carbon farming,Nutrien details carbon farming plan,https://www.farmprogress.com/conservation/nutrien-details-carbon-farming-plan,farmprogress.com,20201223T081500Z,English,United States
soil carbon requestration,carbon farming,A CRA To Meet the Challenge of Climate Change - Center for American Progress,https://www.americanprogress.org/issues/economy/reports/2020/12/17/493886/cra-meet-challenge-climate-change/,americanprogress.org,20201217T143000Z,English,United States
soil carbon requestration,carbon farming,Protecting soil biodiversity essential in adapting to climate change,https://phys.org/news/2020-12-soil-biodiversity-essential-climate.html,phys.org,20201215T164500Z,English,United States
soil carbon requestration,carbon farming,Future of Farming : Chase to Capture Carbon As Another Revenue Stream,https://www.agweb.com/article/future-farming-chase-capture-carbon-another-revenue-stream,agweb.com,20201214T163000Z,English,United States
soil carbon requestration,carbon farming,Glaring Gap : Inquiry pointless without climate response,https://www.miragenews.com/glaring-gap-inquiry-pointless-without-climate-response/,miragenews.com,20201214T091500Z,English,United States
soil carbon requestration,carbon farming,Global : Biden victory ushers in  race to the top  on climate change,https://www.lexology.com/library/detail.aspx?g=ccb93519-0811-4fd1-9f81-3fac46ec0f42,lexology.com,20201214T064500Z,English,United States
soil carbon requestration,carbon farming,International : Presumptive Biden victory ushers in  race to the top  on climate change,https://www.lexology.com/library/detail.aspx?g=02cd4081-f26a-41d9-8803-e67791c9fd96,lexology.com,20201211T171500Z,English,United States
soil carbon requestration,carbon farming,Landmark carbon farming project to create jobs and environmental benefits across Queensland,https://www.miragenews.com/landmark-carbon-farming-project-to-create-jobs-and-environmental-benefits-across-queensland/,miragenews.com,20201211T054500Z,English,United States
soil carbon requestration,carbon farming,Colorado ranchers adapt for a changing climate,https://www.hcn.org/articles/ranching-colorado-ranchers-adapt-for-a-changing-climate,hcn.org,20201210T093000Z,English,United States
soil carbon requestration,carbon farming,Apocalypse Cow : The Future of Life at Point Reyes National Park,https://www.bohemian.com/northbay/apocalypse-cow-the-future-of-life-at-point-reyes-national-park/Content?oid=10815072,bohemian.com,20201209T211500Z,English,United States
soil carbon requestration,carbon farming,"If Ranching Wants To Survive Drought And Other Climate Hassles , It Time To Show Soil Some Love",https://www.ksut.org/post/if-ranching-wants-survive-drought-and-other-climate-hassles-it-s-time-show-soil-some-love,ksut.org,20201209T044500Z,English,United States
soil carbon requestration,carbon farming,CSIRO releases updated tool to support farmers learning about carbon market options,https://www.miragenews.com/csiro-releases-updated-tool-to-support-farmers-learning-about-carbon-market-options/,miragenews.com,20201208T214500Z,English,United States
soil carbon requestration,carbon farming,Penn State Endorses International Universities Climate Alliance Letter,https://onwardstate.com/2020/12/08/penn-state-endorses-international-universities-climate-alliance-letter/,onwardstate.com,20201208T093000Z,English,United States
soil carbon requestration,carbon farming,Protecting soil biodiversity essential in adapting to climate change,https://www.miragenews.com/protecting-soil-biodiversity-essential-in-adapting-to-climate-change/,miragenews.com,20201208T080000Z,English,United States
soil carbon requestration,carbon farming,"If Ranching Wants To Survive Drought And Other Climate Hassles , It Time To Show Soil Some Love",https://www.cpr.org/2020/12/07/if-ranching-wants-to-survive-drought-and-other-climate-hassles-its-time-to-show-soil-some-love/,cpr.org,20201207T131500Z,English,United States
soil carbon requestration,carbon farming,"COLUMN : Use same strategy on pandemic , climate crisis",https://www.yoursun.com/charlotte/opinion/columnists/column-use-same-strategy-on-pandemic-climate-crisis/article_323146a4-29aa-11eb-9235-3fb0f5d04cfd.html,yoursun.com,20201207T071500Z,English,United States
soil carbon requestration,carbon farming,"These climate bills could get past Mitch McConnell , two senators say",https://www.salon.com/2020/12/06/these-climate-bills-could-get-past-mitch-mcconnell-two-senators-say_partner/,salon.com,20201206T191500Z,English,United States
soil carbon requestration,carbon farming,Climate Bills That Could Actually Pass in a Mitch McConnell - Led Senate,https://www.msn.com/en-us/news/politics/climate-bills-that-could-actually-pass-in-a-mitch-mcconnell-led-senate/ar-BB1bBw0v,msn.com,20201203T161500Z,English,United States
soil carbon requestration,carbon farming,Climate Bills That Could Pass in a Mitch McConnell - Led Senate,https://www.rollingstone.com/politics/politics-features/bipartisan-climate-bills-us-senate-1098107/,rollingstone.com,20201203T153000Z,English,United States
soil carbon requestration,carbon farming,University endorses climate change letter to world leaders,https://news.psu.edu/story/640445/2020/12/02/research/university-endorses-climate-change-letter-world-leaders,news.psu.edu,20201202T161500Z,English,United States
soil carbon requestration,carbon farming,Delta farmers express doubts on  carbon farming,https://www.agalert.com/story/?id=14493,agalert.com,20201202T014500Z,English,United States
soil carbon requestration,carbon farming,"Emergency or not , data shows NZ has one of the worst climate records in the industrialised world",http://www.msn.com/en-nz/news/national/emergency-or-not-data-shows-nz-has-one-of-the-worst-climate-records-in-the-industrialised-world/ar-BB1bxnbn,msn.com,20201201T220000Z,English,United States
soil carbon requestration,carbon farming,Scientists map soil potential to combat climate change,https://news.cornell.edu/stories/2020/12/scientists-map-soils-potential-combat-climate-change,news.cornell.edu,20201201T183000Z,English,United States
soil carbon requestration,carbon farming,Scientists map soil potential to combat climate change,https://www.newswise.com/articles/scientists-map-soils-potential-to-combat-climate-change,newswise.com,20201201T174500Z,English,United States
soil carbon requestration,carbon farming,FibreTrace traceability tool adds raw fibre impact data,https://www.just-style.com/news/fibretrace-traceability-tool-adds-raw-fibre-impact-data_id140618.aspx,just-style.com,20210201T180000Z,English,United States
soil carbon requestration,carbon farming,Land - use to solve climate change : a focus on livestock,https://phys.org/news/2021-02-land-use-climate-focus-livestock.html,phys.org,20210201T154500Z,English,United States
soil carbon requestration,carbon farming,Land - use to solve climate change : a focus on livestock,https://www.eurekalert.org/pub_releases/2021-02/cf-e-lts020121.php,eurekalert.org,20210201T153000Z,English,United States
soil carbon requestration,carbon farming,UPM to develop next generation biorefinery | Biomassmagazine . com,http://biomassmagazine.com/articles/17684/upm-to-develop-next-generation-biorefinery/,biomassmagazine.com,20210130T144500Z,English,United States
soil carbon requestration,carbon farming,"UPM begins basic engineering work for 500 , 000 - ton biorefinery - Chemical Engineering",https://www.chemengonline.com/upm-begins-basic-engineering-work-for-500000-ton-biorefinery/,chemengonline.com,20210129T191500Z,English,United States
soil carbon requestration,carbon farming,Poll indicates Iowa farmer beliefs on climate change are shifting,https://www.farmforum.net/farm_forum/poll-indicates-iowa-farmers-beliefs-on-climate-change-are-shifting/article_8848bc18-d0ab-5202-9352-c8c0798c6cfb.html,farmforum.net,20210129T164500Z,English,United States
soil carbon requestration,carbon farming,Poll indicates Iowa farmer beliefs on climate change are shifting,https://www.aberdeennews.com/farm_forum/poll-indicates-iowa-farmers-beliefs-on-climate-change-are-shifting/article_0187fe46-5cf2-11eb-842a-830e8a5bcb53.html,aberdeennews.com,20210129T080000Z,English,United States
soil carbon requestration,carbon farming,UPM to develop next generation biorefinery | Biomassmagazine . com,http://www.biomassmagazine.com/articles/17684/upm-to-develop-next-generation-biorefinery,biomassmagazine.com,20210129T003000Z,English,United States
soil carbon requestration,carbon farming,UPM to develop next generation biorefinery | Biomassmagazine . com,http://biomassmagazine.com/articles/17684/upm-to-develop-next-generation-biorefinery,biomassmagazine.com,20210128T230000Z,English,United States
soil carbon requestration,carbon farming,Soil superstar heads 11th Soil Health Conference marquee,https://www.montrosepress.com/news/soil-superstar-heads-11th-soil-health-conference-marquee/article_c26cf1aa-60d7-11eb-9e00-f7c378e2524c.html,montrosepress.com,20210128T194500Z,English,United States
soil carbon requestration,carbon farming,"COLUMN : Carbon farming , an old thing with a new twist",https://www.montrosepress.com/news/column-carbon-farming-an-old-thing-with-a-new-twist/article_3baf8b7c-60d8-11eb-99c6-ff78f9ec45ec.html,montrosepress.com,20210128T194500Z,English,United States
soil carbon requestration,carbon farming,International Wineries for Climate Action Welcomes Cullen Wines and ...,https://www.winebusiness.com/news/?go=getArticle&dataId=240890,winebusiness.com,20210128T151500Z,English,United States
soil carbon requestration,carbon farming,Biden Carbon Farming Policy Must Heed Recent Lessons – Advanced BioFuels united states,https://advancedbiofuelsusa.info/bidens-carbon-farming-policy-must-heed-recent-lessons/,advancedbiofuelsusa.info,20210128T030000Z,English,United States
soil carbon requestration,carbon farming,President Includes Plans for  Climate - Smart  Ag Practices and Carbon Sequestration Opportunities,https://www.dtnpf.com/agriculture/web/ag/news/article/2021/01/27/president-includes-plans-climate-ag,dtnpf.com,20210128T014500Z,English,United States
soil carbon requestration,carbon farming,Biden climate executive orders will turn environmental challenges into economic opportunities | Opinion - South Florida Sun Sentinel,http://www.sun-sentinel.com/opinion/commentary/fl-op-com-invading-sea-biden-climate-change-20210127-dpughy6ihvhlblssuxpxhnh6pa-story.html,sun-sentinel.com,20210127T204500Z,English,United States
soil carbon requestration,carbon farming,Biden carbon farming policy must heed recent lessons,https://thehill.com/changing-america/opinion/535968-bidens-carbon-farming-policy-must-heed-recent-lessons,thehill.com,20210127T173000Z,English,United States
soil carbon requestration,carbon farming,WA grain industry plans a carbon neutral future,https://www.miragenews.com/wa-grain-industry-plans-a-carbon-neutral-future/,miragenews.com,20210127T110000Z,English,United States
soil carbon requestration,carbon farming,New Agricultural Carbon Alliance Brings Immediate Revenue - Accelerating Opportunities to Growers,https://www.einnews.com/pr_news/534748875/new-agricultural-carbon-alliance-brings-immediate-revenue-accelerating-opportunities-to-growers,einnews.com,20210126T101500Z,English,United States
soil carbon requestration,carbon farming,"EWG News Roundup ( 1 / 22 ): Toxic Pesticides That President Biden Should Target , EPA Takes Initial Steps To Regulate PFAS and More",https://www.ewg.org/news-and-analysis/2021/01/ewg-news-roundup-122-toxic-pesticides-president-biden-should-target-epa,ewg.org,20210122T221500Z,English,United States
soil carbon requestration,carbon farming,Is Grass - Fed Beef Really Better for You & the Environment ?,https://foodrevolution.org/blog/grass-fed-beef-2021-update/,foodrevolution.org,20210122T183000Z,English,United States
soil carbon requestration,carbon farming,"President Biden , Please Dont Get Into Carbon Farming",https://www.wired.com/story/president-biden-please-dont-get-into-carbon-farming/,wired.com,20210122T143000Z,English,United States
soil carbon requestration,carbon farming,The success of carbon farming requires collaborative innovation,https://www.greenbiz.com/article/success-carbon-farming-requires-collaborative-innovation,greenbiz.com,20210122T090000Z,English,United States
soil carbon requestration,carbon farming,Climate change mitigation is an economic opportunity,https://www.swnews4u.com/local/environment/climate-change-mitigation-economic-opportunity/,swnews4u.com,20210122T001500Z,English,United States
soil carbon requestration,carbon farming,10 Best Throw Blankets for 2021 - Top - Rated Throw Blankets,https://www.wtae.com/article/cozy-throw-blankets-knit-wool/35078559,wtae.com,20210120T021500Z,English,United States
soil carbon requestration,carbon farming,10 Best Throw Blankets for 2021 - Top - Rated Throw Blankets,https://www.wapt.com/article/cozy-throw-blankets-knit-wool/35078559,wapt.com,20210120T021500Z,English,United States
soil carbon requestration,carbon farming,10 Best Throw Blankets for 2021 - Top - Rated Throw Blankets,https://www.wisn.com/article/cozy-throw-blankets-knit-wool/35078559,wisn.com,20210120T020000Z,English,United States
soil carbon requestration,carbon farming,10 Best Throw Blankets for 2021 - Top - Rated Throw Blankets,https://www.kcci.com/article/cozy-throw-blankets-knit-wool/35078559,kcci.com,20210120T014500Z,English,United States
soil carbon requestration,carbon farming,10 Best Throw Blankets for 2021 - Top - Rated Throw Blankets,https://www.4029tv.com/article/cozy-throw-blankets-knit-wool/35078559,4029tv.com,20210120T010000Z,English,United States
soil carbon requestration,carbon farming,10 Best Throw Blankets for 2021 - Top - Rated Throw Blankets,https://www.wxii12.com/article/cozy-throw-blankets-knit-wool/35078559,wxii12.com,20210120T000000Z,English,United States
soil carbon requestration,carbon farming,Eco Crystal Ball : A Look Back & Look Ahead for Ethanol – Advanced BioFuels united states,https://advancedbiofuelsusa.info/eco-crystal-ball-a-look-back-look-ahead-for-ethanol/,advancedbiofuelsusa.info,20210120T000000Z,English,United States
soil carbon requestration,carbon farming,10 Best Throw Blankets for 2021 - Top - Rated Throw Blankets,https://www.wmtw.com/article/cozy-throw-blankets-knit-wool/35078559,wmtw.com,20210119T230000Z,English,United States
soil carbon requestration,carbon farming,10 Best Throw Blankets for 2021 - Top - Rated Throw Blankets,https://www.wmur.com/article/cozy-throw-blankets-knit-wool/35078559,wmur.com,20210119T224500Z,English,United States
soil carbon requestration,carbon farming,10 Best Throw Blankets for 2021 - Top - Rated Throw Blankets,https://www.ksbw.com/article/cozy-throw-blankets-knit-wool/35078559,ksbw.com,20210119T224500Z,English,United States
soil carbon requestration,carbon farming,Cargill exec promises  exciting 2021  for soybean farmers | Crops,https://www.hpj.com/crops/cargill-exec-promises-exciting-2021-for-soybean-farmers/article_a5ce9988-5739-11eb-a765-f7da0cd526c4.html,hpj.com,20210115T173000Z,English,United States
soil carbon requestration,carbon farming,1 in 6 people are making environmental New Year resolutions in 2021,https://www.euronews.com/living/2021/01/05/1-in-6-people-are-making-environmental-new-year-s-resolutions-in-2021,euronews.com,20210105T190000Z,English,United States
soil carbon requestration,carbon farming,New Year Resolutions for the Regenerative Grower,https://modernfarmer.com/2021/01/new-years-resolutions-for-the-regenerative-grower/,modernfarmer.com,20210103T151500Z,English,United States
soil carbon requestration,carbon farming,Florida Rep . Kelly Skidmore Talks About Her Bill To Pay Farmers For Combatting Climate Change,https://news.wjct.org/post/florida-rep-kelly-skidmore-talks-about-her-bill-pay-farmers-combatting-climate-change,news.wjct.org,20210401T143000Z,English,United States
soil carbon requestration,carbon farming,Florida Rep . Kelly Skidmore Talks About Her Bill To Pay Farmers For Combatting Climate Change,https://wusfnews.wusf.usf.edu/environment/2021-04-01/florida-rep-kelly-skidmore-talks-about-her-bill-to-pay-farmers-for-combatting-climate-change,wusfnews.wusf.usf.edu,20210401T093000Z,English,United States
soil carbon requestration,carbon farming,Farmers Satisfaction with Inputs Has Room for Improvement,https://www.agnews890.com/2021/03/31/farmers-satisfaction-with-inputs-has-room-for-improvement/,agnews890.com,20210331T164500Z,English,United States
soil carbon requestration,carbon farming,Farmers Satisfaction with Inputs Has Room for Improvement,https://drgnews.com/2021/03/31/farmers-satisfaction-with-inputs-has-room-for-improvement/,drgnews.com,20210331T134500Z,English,United States
soil carbon requestration,carbon farming,"Farm Progress America , March 31 , 2021",https://www.beefmagazine.com/farm-life/farm-progress-america-march-31-2021,beefmagazine.com,20210331T134500Z,English,United States
soil carbon requestration,carbon farming,"Farm Progress America , March 31 , 2021",https://www.nationalhogfarmer.com/farm-life/farm-progress-america-march-31-2021,nationalhogfarmer.com,20210331T120000Z,English,United States
soil carbon requestration,carbon farming,"Farm Progress America , March 31 , 2021",https://www.farmprogress.com/max-armstrong/farm-progress-america-march-31-2021,farmprogress.com,20210331T103000Z,English,United States
soil carbon requestration,carbon farming,CLIMATE SMART : What is  Carbon Farming  all about ?,https://www.fltimes.com/news/environment/climate-smart-what-is-carbon-farming-all-about/article_3c5a0052-bab2-5d3c-ad05-5e16ba916bb1.html,fltimes.com,20210327T133000Z,English,United States
soil carbon requestration,carbon farming,Re : The Oil lobby backs carbon pricing ! - Agriculture . com Community,https://community.agriculture.com/t5/Marketing/The-Oil-lobby-backs-carbon-pricing/m-p/799374,community.agriculture.com,20210326T120000Z,English,United States
soil carbon requestration,carbon farming,Restore Colorado Will Take Diners From the Table to the Farm,https://www.westword.com/restaurants/restore-colorado-regenerative-farming-restaurant-sustainability-soil-11915695,westword.com,20210324T143000Z,English,United States
soil carbon requestration,carbon farming,The Long March to ESG,https://www.politico.com/newsletters/the-long-game/2021/03/23/the-long-march-to-esg-492210,politico.com,20210323T180000Z,English,United States
soil carbon requestration,carbon farming,Investors urge Europe to prioritise climate in agriculture reform,https://www.reuters.com/article/us-europe-agriculture-regulation-investo-idUSKBN2BE00R,reuters.com,20210323T153000Z,English,United States
soil carbon requestration,carbon farming,Investors urge Europe to prioritise climate in agriculture reform,https://www.reuters.com/www.reuters.com/article/us-europe-agriculture-regulation-investo/investors-urge-europe-to-prioritise-climate-in-agriculture-reform-idUSKBN2BE00R,reuters.com,20210322T151500Z,English,United States
soil carbon requestration,carbon farming,CSRWire - This Is The Farming We Need to Address Climate Change,https://www.csrwire.com/reports/719631/farming-we-need-address-climate-change,csrwire.com,20210322T111500Z,English,United States
soil carbon requestration,carbon farming,This Is The Farming We Need to Address Climate Change,https://www.3blmedia.com/News/Farming-We-Need-Address-Climate-Change,3blmedia.com,20210322T110000Z,English,United States
soil carbon requestration,carbon farming,This Is The Farming We Need to Address Climate Change,http://www.justmeans.com/article/this-is-the-farming-we-need-to-address-climate-change,justmeans.com,20210322T104500Z,English,United States
soil carbon requestration,carbon farming,Investors urge Europe to prioritise climate in agriculture reform,https://wtvbam.com/2021/03/21/investors-urge-europe-to-prioritise-climate-in-agriculture-reform/,wtvbam.com,20210322T060000Z,English,United States
soil carbon requestration,carbon farming,Investors urge Europe to prioritise climate in agriculture reform,https://www.reuters.com/article/europe-agriculture-regulation-investors/investors-urge-europe-to-prioritise-climate-in-agriculture-reform-idUSL8N2LG5IY,reuters.com,20210322T031500Z,English,United States
soil carbon requestration,carbon farming,Investors urge Europe to prioritise climate in agriculture reform,https://news.yahoo.com/investors-urge-europe-prioritise-climate-001724371.html,news.yahoo.com,20210322T011500Z,English,United States
soil carbon requestration,carbon farming,Investors urge Europe to prioritise climate in agriculture reform,https://www.reuters.com/article/businessNews/idUSKBN2BE00R,reuters.com,20210322T010000Z,English,United States
soil carbon requestration,carbon farming,Investors urge Europe to prioritise climate in agriculture reform,https://www.reuters.com/article/us-europe-agriculture-regulation-investo/investors-urge-europe-to-prioritise-climate-in-agriculture-reform-idUSKBN2BE00R,reuters.com,20210322T010000Z,English,United States
soil carbon requestration,carbon farming,Investors urge Europe to prioritise climate in agriculture reform,https://www.channelnewsasia.com/news/business/investors-urge-europe-to-prioritise-climate-in-agriculture-reform-14461754,channelnewsasia.com,20210322T010000Z,English,United States
soil carbon requestration,carbon farming,Investors urge Europe to prioritise climate in agriculture reform - Netscape Money & Business,https://isp.netscape.com/pf/story/0002/20210322/KBN2BE00R_1,isp.netscape.com,20210322T010000Z,English,United States
soil carbon requestration,carbon farming,The Power of Food : Food Is The Foundation of Our Culture,https://iowaenvironmentalfocus.org/2021/03/19/the-power-of-food-food-is-the-foundation-of-our-culture/,iowaenvironmentalfocus.org,20210319T181500Z,English,United States
soil carbon requestration,carbon farming,Bill Gates tackles climate change,https://www.strategy-business.com/article/Bill-Gates-tackles-climate-change,strategy-business.com,20210319T173000Z,English,United States
soil carbon requestration,carbon farming,Florida Lawmakers Want Greenhouse Gas Emissions To Be Regulated,https://news.wgcu.org/2021-03-18/florida-lawmakers-want-greenhouse-gas-emissions-to-be-regulated,news.wgcu.org,20210318T131500Z,English,United States
soil carbon requestration,carbon farming,"CSRWire - Oceans 2050 Receives Grant From WWF , With Support From Bezos Earth Fund , for Global Effort to Quantify Seaweed Carbon Sequestration",https://www.csrwire.com/press_releases/719786-oceans-2050-receives-grant-wwf-support-bezos-earth-fund-global-effort,csrwire.com,20210318T123000Z,English,United States
soil carbon requestration,carbon farming,Florida Lawmakers Want Greenhouse Gas Emissions To Be Regulated,https://www.wlrn.org/news/2021-03-17/florida-lawmakers-want-greenhouse-gas-emissions-to-be-regulated,wlrn.org,20210318T014500Z,English,United States
soil carbon requestration,carbon farming,Florida Lawmakers Want Greenhouse Gas Emissions To Be Regulated,https://wusfnews.wusf.usf.edu/environment/2021-03-17/florida-lawmakers-want-greenhouse-gas-emissions-to-be-regulated,wusfnews.wusf.usf.edu,20210317T233000Z,English,United States
soil carbon requestration,carbon farming,Virtual farming symposium set for March 31,https://www.fltimes.com/news/virtual-farming-symposium-set-for-march-31/article_77906be4-2aa0-597f-933f-cddaec5ec644.html,fltimes.com,20210317T140000Z,English,United States
soil carbon requestration,carbon farming,"Insurance , K9s and weed among Cabinet legislative priorities",https://floridapolitics.com/archives/412171-insurance-k9s-and-weed-among-cabinet-legislative-priorities,floridapolitics.com,20210315T223000Z,English,United States
soil carbon requestration,carbon farming,House Ag member to visit Hays for Q & A at Pavilion,http://www.ccenterdispatch.com/news/state/kansas/article_c7ce993c-a482-5874-ae8e-b0bc0961d92a.html,ccenterdispatch.com,20210315T211500Z,English,United States
soil carbon requestration,carbon farming,Agricultural Carbon Markets Could Help Farmers Fight Climate Change,https://www.bloomberg.com/opinion/articles/2021-03-03/agricultural-carbon-markets-could-help-farmers-fight-climate-change,bloomberg.com,20210315T194500Z,English,United States
soil carbon requestration,carbon farming,Witnesses outline challenges to farm climate plan - Governor Wind Energy Coalition,https://governorswindenergycoalition.org/witnesses-outline-challenges-to-farm-climate-plan/,governorswindenergycoalition.org,20210315T020000Z,English,United States
soil carbon requestration,carbon farming,"Insurance , K9s and weed among Cabinet legislative priorities",https://www.news4jax.com/news/florida/2021/03/13/insurance-k9s-and-weed-among-cabinet-legislative-priorities/,news4jax.com,20210313T123000Z,English,United States
soil carbon requestration,carbon farming,"Insurance , K9s and weed among Cabinet legislative priorities",https://wahoo-ashland-waverly.com/news/national/govt-and-politics/insurance-k9s-and-weed-among-cabinet-legislative-priorities/article_9c345bf0-8c79-5934-bf5e-36172dafa8c6.html,wahoo-ashland-waverly.com,20210312T201500Z,English,United States
soil carbon requestration,carbon farming,"Insurance , K9s and weed among Cabinet legislative priorities",https://www.stamfordadvocate.com/news/article/Insurance-K9s-and-weed-among-Cabinet-legislative-16021493.php,stamfordadvocate.com,20210312T200000Z,English,United States
soil carbon requestration,carbon farming,"Insurance , K9s and weed among Cabinet legislative priorities",https://www.trumbulltimes.com/news/article/Insurance-K9s-and-weed-among-Cabinet-legislative-16021493.php,trumbulltimes.com,20210312T200000Z,English,United States
soil carbon requestration,carbon farming,"Insurance , K9s and weed among Cabinet legislative priorities",https://www.greenwichtime.com/news/article/Insurance-K9s-and-weed-among-Cabinet-legislative-16021493.php,greenwichtime.com,20210312T200000Z,English,United States
soil carbon requestration,carbon farming,"Insurance , K9s and weed among Cabinet legislative priorities",https://elkodaily.com/news/national/govt-and-politics/insurance-k9s-and-weed-among-cabinet-legislative-priorities/article_c51e0c0a-6bb4-5323-95bc-7353121c9572.html,elkodaily.com,20210312T194500Z,English,United States
soil carbon requestration,carbon farming,"Insurance , K9s and weed among Cabinet legislative priorities",https://www.washingtontimes.com/news/2021/mar/12/insurance-k9s-and-weed-among-cabinet-legislative-p/,washingtontimes.com,20210312T194500Z,English,United States
soil carbon requestration,carbon farming,"Insurance , K9s and weed among Cabinet legislative priorities",https://apnews.com/0e1f65e0a4e8294d59bf924e48586b8d,apnews.com,20210312T194500Z,English,United States
soil carbon requestration,carbon farming,"Insurance , K9s and weed among Cabinet legislative priorities",https://www.chron.com/news/article/Insurance-K9s-and-weed-among-Cabinet-legislative-16021493.php,chron.com,20210312T193000Z,English,United States
soil carbon requestration,carbon farming,"Insurance , K9s and weed among Cabinet legislative priorities",https://apnews.com/article/business-seniors-cabinets-state-governments-hunger-0e1f65e0a4e8294d59bf924e48586b8d,apnews.com,20210312T193000Z,English,United States
soil carbon requestration,carbon farming,"Insurance , K9s and weed among Cabinet legislative priorities",https://www.registercitizen.com/news/article/Insurance-K9s-and-weed-among-Cabinet-legislative-16021493.php,registercitizen.com,20210312T193000Z,English,United States
soil carbon requestration,carbon farming,"Insurance , K9s and weed among Cabinet legislative priorities",https://www.chronicleonline.com/news/state/insurance-k9s-and-weed-among-cabinet-legislative-priorities/article_649dd5e6-e517-5a8c-baf4-0261ba15c3f7.html,chronicleonline.com,20210312T193000Z,English,United States
soil carbon requestration,carbon farming,"Insurance , K9s and weed among Cabinet legislative priorities",https://www.nhregister.com/news/article/Insurance-K9s-and-weed-among-Cabinet-legislative-16021493.php,nhregister.com,20210312T191500Z,English,United States
soil carbon requestration,carbon farming,"Insurance , K9s and weed among Cabinet legislative priorities",https://www.sfgate.com/news/article/Insurance-K9s-and-weed-among-Cabinet-legislative-16021493.php,sfgate.com,20210312T191500Z,English,United States
soil carbon requestration,carbon farming,The Farmer Exchange Online Speakers : Profits Await Those Who Adapt,http://www.farmers-exchange.net/detailPage.aspx?articleID=20441,farmers-exchange.net,20210312T170000Z,English,United States
soil carbon requestration,carbon farming,ClimateTech Updates For March 2021,https://www.forbes.com/sites/erikkobayashisolomon/2021/03/12/climatetech-updates-for-march-2021/,forbes.com,20210312T143000Z,English,United States
soil carbon requestration,carbon farming,"The Point , March 11 , 2021 : Florida Prisoners Are Now Eligible To Earn Civil Rights Just After Their Release",https://www.wuft.org/news/2021/03/11/the-point-march-11-2021-florida-prisoners-are-now-eligible-to-earn-civil-rights-just-after-their-release/,wuft.org,20210311T193000Z,English,United States
soil carbon requestration,carbon farming,Sunburn The morning read of what hot in Florida politics 3 . 11 . 21,https://floridapolitics.com/archives/410856-sunburn-the-morning-read-of-whats-hot-in-florida-politics-3-11-21,floridapolitics.com,20210311T124500Z,English,United States
soil carbon requestration,carbon farming,Wednesday Afternoon Update,https://www.floridatrend.com/article/30858/wednesdays-afternoon-update,floridatrend.com,20210310T191500Z,English,United States
soil carbon requestration,carbon farming,The Science Behind  Carbon Farming  To Combat Global Warming,https://wusfnews.wusf.usf.edu/environment/2021-03-10/the-science-behind-carbon-farming-to-combat-global-warming,wusfnews.wusf.usf.edu,20210310T114500Z,English,United States
soil carbon requestration,carbon farming,Sebastopol council endorses Climate - Safe California Campaign goals,https://www.sonomawest.com/sonoma_west_times_and_news/news/sebastopol-council-endorses-climate-safe-california-campaign-goals/article_119f6bac-8132-11eb-a0d9-0b735b72f4b5.html,sonomawest.com,20210310T031500Z,English,United States
soil carbon requestration,carbon farming,How are Food Industry Innovators Meeting Consumer Needs ?,https://www.packworld.com:443/home/article/21319021/how-are-food-industry-innovators-meeting-consumer-needs,packworld.com,20210308T233000Z,English,United States
soil carbon requestration,carbon farming,Point of View : How farmers could fight climate change ( and make a profit ),https://oklahoman.com/article/5683638/point-of-view-how-farmers-could-fight-climate-change-and-make-a-profit,oklahoman.com,20210307T113000Z,English,United States
soil carbon requestration,carbon farming,Will regenerative agriculture change the way we grocery shop ?,https://theweek.com/articles/969580/regenerative-agriculture-change-way-grocery-shop,theweek.com,20210307T111500Z,English,United States
soil carbon requestration,carbon farming,Editorial : How farmers could fight climate change and make money,https://www.record-courier.com/story/opinion/editorials/2021/03/06/editorial-how-farmers-could-fight-climate-change-and-make-money/6919907002/,record-courier.com,20210306T134500Z,English,United States
soil carbon requestration,carbon farming,"Editorial : Bill to create carbon marketplace is step forward for business , environment",https://www.ibj.com/articles/bill-to-create-carbon-marketplace-is-step-forward-for-business-environment,ibj.com,20210305T210000Z,English,United States
soil carbon requestration,carbon farming,Climate Concerns at Classic,https://ocj.com/2021/03/climate-concerns-at-classic/,ocj.com,20210305T181500Z,English,United States
soil carbon requestration,carbon farming,How farmers could fight climate change,https://www.bedfordgazette.com/how-farmers-could-fight-climate-change/article_27542175-1f76-5317-83a2-bc642ede1d5b.html,bedfordgazette.com,20210305T134500Z,English,United States
soil carbon requestration,carbon farming,How farmers could fight climate change ( and make a profit ),https://www.wvnews.com/how-farmers-could-fight-climate-change-and-make-a-profit/article_5f83bb4c-41c6-5585-b89f-1282ca8fa999.html,wvnews.com,20210305T064500Z,English,United States
soil carbon requestration,carbon farming,Farm emissions which make up about 10 % of the U . S . total are coming under increasing scrutiny,https://www.milforddailynews.com/story/opinion/2021/03/05/farm-emissions-which-make-up-10-u-s-total-coming-under-increasing-scrutiny/6919376002/,milforddailynews.com,20210305T013000Z,English,United States
soil carbon requestration,carbon farming,Senate Majority Advances Legislation To Support New York Agriculture Industry,https://www.nysenate.gov/newsroom/press-releases/senate-majority-advances-legislation-support-new-yorks-agriculture-industry,nysenate.gov,20210305T010000Z,English,United States
soil carbon requestration,carbon farming,Editorial : How farmers could fight climate change ( and make a profit ),https://www.kenoshanews.com/opinion/editorial/editorial-how-farmers-could-fight-climate-change-and-make-a-profit/article_3e9eed3d-0c76-5a7f-b11b-8b0519877ebc.html,kenoshanews.com,20210304T213000Z,English,United States
soil carbon requestration,carbon farming,Cultural burning On Country reduces city emissions,https://www.miragenews.com/cultural-burning-on-country-reduces-city-523538/,miragenews.com,20210304T194500Z,English,United States
soil carbon requestration,carbon farming,Will regenerative agriculture change how we grocery shop ?,https://www.salon.com/2021/03/04/will-regenerative-agriculture-change-how-we-grocery-shop_partner/,salon.com,20210304T113000Z,English,United States
soil carbon requestration,carbon farming,Bill Gates tackles climate change,https://www.strategy-business.com/article/Bill-Gates-tackles-climate-change?gko=437bc,strategy-business.com,20210304T090000Z,English,United States
soil carbon requestration,carbon farming,How the Loss of Soil Is Sacrificing America Natural Heritage,https://e360.yale.edu/features/how-the-loss-of-soil-is-sacrificing-americas-natural-heritage,e360.yale.edu,20210301T143000Z,English,United States
soil carbon requestration,carbon farming,How the Loss of Soil Is Sacrificing America Natural Heritage,https://e360.yale.edu/features/verlyn-soil,e360.yale.edu,20210301T120000Z,English,United States
soil carbon requestration,carbon farming,Is carbon the  crop  of the future ?,https://www.newswise.com/articles/is-carbon-the-crop-of-the-future,newswise.com,20210601T191500Z,English,United States
soil carbon requestration,carbon farming,"I want to fly to Hawaii , but I dont want to wreck the planet . With carbon offsets , can I do both ?",https://www.geekwire.com/2021/want-fly-hawaii-dont-want-wreck-planet-carbon-offsets-can/,geekwire.com,20210601T150000Z,English,United States
soil carbon requestration,carbon farming,How soil can help solve our climate problem,https://cen.acs.org/food/agriculture/Soil-depletion-carbon-credit-market-climate-change/99/i18,cen.acs.org,20210531T180000Z,English,United States
soil carbon requestration,carbon farming,Climedec Technology Uses Seawater Desalination Discharge for Hydrogen Storage and Manufacturing CO2 Containing Products,https://energy.einnews.com/pr_news/542551453/climedec-technology-uses-seawater-desalination-discharge-for-hydrogen-storage-and-manufacturing-co2-containing-products,energy.einnews.com,20210531T090000Z,English,United States
soil carbon requestration,carbon farming,One click to offset car emissions,https://au.news.yahoo.com/one-click-offset-car-emissions-213000226.html,au.news.yahoo.com,20210530T004500Z,English,United States
soil carbon requestration,carbon farming,Climate change : 6 priorities for pulling carbon out of the air,https://phys.org/news/2021-05-climatechange-priorities-carbon-air.html,phys.org,20210528T164500Z,English,United States
soil carbon requestration,carbon farming,Climate change : six priorities for pulling carbon out of the air,http://www.econotimes.com/Climatechange-six-priorities-for-pulling-carbon-out-of-the-air-1609637,econotimes.com,20210528T143000Z,English,United States
soil carbon requestration,carbon farming,Climate change : six priorities for pulling carbon out of the air,https://www.californiatelegraph.com/news/269666340/climate-change-six-priorities-for-pulling-carbon-out-of-the-air,californiatelegraph.com,20210528T141500Z,English,United States
soil carbon requestration,carbon farming,Climate change : six priorities for pulling carbon out of the air,https://www.sandiegosun.com/news/269666340/climate-change-six-priorities-for-pulling-carbon-out-of-the-air,sandiegosun.com,20210528T113000Z,English,United States
soil carbon requestration,carbon farming,Climate change : six priorities for pulling carbon out of the air,https://www.bignewsnetwork.com/news/269666340/climate-change-six-priorities-for-pulling-carbon-out-of-the-air,bignewsnetwork.com,20210528T113000Z,English,United States
soil carbon requestration,carbon farming,Climate change : six priorities for pulling carbon out of the air,https://www.massachusettssun.com/news/269666340/climate-change-six-priorities-for-pulling-carbon-out-of-the-air,massachusettssun.com,20210528T111500Z,English,United States
soil carbon requestration,carbon farming,Diary note : June 24 - 25 Australasian emissions reduction summit,https://www.miragenews.com/diary-note-june-24-25-australasian-emissions-567307/,miragenews.com,20210527T071500Z,English,United States
soil carbon requestration,carbon farming,Wetland increase has multiple benefits,https://www.miragenews.com/wetland-increase-has-multiple-benefits-567282/,miragenews.com,20210527T053000Z,English,United States
soil carbon requestration,carbon farming,Funding announced as experts plan blue carbon pilot project,https://www.miragenews.com/funding-announced-as-experts-plan-blue-carbon-567039/,miragenews.com,20210527T001500Z,English,United States
soil carbon requestration,carbon farming,Greenpeace Protests The Negotiations On The EU Common Agricultural Policy,https://www.forbes.com/sites/danieladelorenzo/2021/05/26/greenpeace-protests-the-negotiations-on-the-eus-common-agricultural-policy/,forbes.com,20210526T174500Z,English,United States
soil carbon requestration,carbon farming,Communication is key when changing tillage practices,https://www.farmprogress.com/tillage/landowner-communication-key-when-changing-tillage-practices,farmprogress.com,20210524T131500Z,English,United States
soil carbon requestration,carbon farming,Prince Charles : small - scale family farms must be at heart of sustainable future,http://www.msn.com/en-gb/news/uknews/prince-charles-small-scale-family-farms-must-be-at-heart-of-sustainable-future/ar-AAKiomJ,msn.com,20210523T161500Z,English,United States
soil carbon requestration,carbon farming,Carbon farming payments possible with soil - building,https://alankandel.scienceblog.com/2021/05/21/carbon-farming-payments-possible-with-soil-building/,alankandel.scienceblog.com,20210521T154500Z,English,United States
soil carbon requestration,carbon farming,Reduced tillage increases organic matter on Texas farms,https://www.farmprogress.com/tillage/reduced-tillage-increases-organic-matter-texas-farms,farmprogress.com,20210521T134500Z,English,United States
soil carbon requestration,carbon farming,Reduced tillage weed control challenges,https://www.farmprogress.com/weeds/reduced-tillage-weed-control-challenges,farmprogress.com,20210520T141500Z,English,United States
soil carbon requestration,carbon farming,The continued influence of Shaker design,https://www.berkshireeagle.com/arts_and_culture/hancock-shaker-village-contemporary-art-design-summer-2021/article_c920b314-b803-11eb-821b-5ff388230bd5.html,berkshireeagle.com,20210519T213000Z,English,United States
soil carbon requestration,carbon farming,Combatting climate change with carbon farming,https://www.eurekalert.org/pub_releases/2021-05/acs-ccc051921.php,eurekalert.org,20210519T163000Z,English,United States
soil carbon requestration,carbon farming,Yara to Host Global Launch Event for Agoro Carbon Alliance,https://www.prnewswire.com:443/news-releases/yara-to-host-global-launch-event-for-agoro-carbon-alliance-301294365.html,prnewswire.com,20210519T140000Z,English,United States
soil carbon requestration,carbon farming,Yara to Host Global Launch Event for Agoro Carbon Alliance,https://www.prnewswire.com/news-releases/yara-to-host-global-launch-event-for-agoro-carbon-alliance-301294365.html,prnewswire.com,20210519T134500Z,English,United States
soil carbon requestration,carbon farming,Combatting climate change with carbon farming - American Chemical Society,https://www.acs.org/content/acs/en/pressroom/presspacs/2021/acs-presspac-may-19-2021/combatting-climate-change-with-carbon-farming.html,acs.org,20210519T123000Z,English,United States
soil carbon requestration,carbon farming,"Soil health workshop to highlight cover crops , increasing carbon sequestration during drought",https://www.appeal-democrat.com/glenn_county_transcript/soil-health-workshop-to-highlight-cover-crops-increasing-carbon-sequestration-during-drought/article_fe5ed5ea-b7fb-11eb-b053-8f411bffde32.html,appeal-democrat.com,20210519T084500Z,English,United States
soil carbon requestration,carbon farming,Reduced tillage adoption lags in Texas,https://www.farmprogress.com/tillage/reduced-tillage-adoption-lags-texas,farmprogress.com,20210518T140000Z,English,United States
soil carbon requestration,carbon farming,New Airly™ Brand Launches First - Ever Climate Friendly Snack Developed To Remove Greenhouse Gases From The Air,https://www.prnewswire.com/news-releases/new-airly-brand-launches-first-ever-climate-friendly-snack-developed-to-remove-greenhouse-gases-from-the-air-301292370.html,prnewswire.com,20210517T181500Z,English,United States
soil carbon requestration,carbon farming,New Airly™ Brand Launches First - Ever Climate Friendly Snack Developed To Remove Greenhouse Gases From The Air,https://www.prnewswire.com:443/news-releases/new-airly-brand-launches-first-ever-climate-friendly-snack-developed-to-remove-greenhouse-gases-from-the-air-301292370.html,prnewswire.com,20210517T143000Z,English,United States
soil carbon requestration,carbon farming,Agricultural ecosystem asset credit opportunities changing rapidly,https://www.farmprogress.com/carbon/agricultural-ecosystem-asset-credit-opportunities-changing-rapidly,farmprogress.com,20210517T124500Z,English,United States
soil carbon requestration,carbon farming,The rise of a new generation of  green collar worker in South - East Asia,https://www.equaltimes.org/the-rise-of-a-new-generation-of,equaltimes.org,20210517T050000Z,English,United States
soil carbon requestration,carbon farming,Biden must pay farmers to store more carbon,https://thehill.com/opinion/energy-environment/553615-biden-must-pay-farmers-to-store-more-carbon,thehill.com,20210515T160000Z,English,United States
soil carbon requestration,carbon farming,Conservation management offers benefits,https://www.farmprogress.com/carbon/conservation-management-offers-benefits,farmprogress.com,20210514T151500Z,English,United States
soil carbon requestration,carbon farming,Report on Panel 2,https://larouchepub.com/other/2021/4820-report_on_panel_2.html,larouchepub.com,20210513T150000Z,English,United States
soil carbon requestration,carbon farming,Sustainable Strategies For Agriculture And Biodiversity : As Simple As Helping Nature Run Its Course,https://www.forbes.com/sites/danieladelorenzo/2021/05/12/sustainable-strategies-for-agriculture-and-biodiversity-as-simple-as-helping-nature-run-its-course/,forbes.com,20210512T144500Z,English,United States
soil carbon requestration,carbon farming,Be patient on selling carbon credits,https://www.farmprogress.com/carbon/be-patient-selling-carbon-credits,farmprogress.com,20210512T143000Z,English,United States
soil carbon requestration,carbon farming,The Cicadas Are Coming . Let Eat Them !,https://www.wired.com/story/eating-cicadas-brood-x/,wired.com,20210511T140000Z,English,United States
soil carbon requestration,carbon farming,Off - put by offsets : Why some advocates doubt  net zero  pledges,https://www.columbian.com/news/2021/may/09/off-put-by-offsets-why-some-advocates-doubt-net-zero-pledges/,columbian.com,20210509T191500Z,English,United States
soil carbon requestration,carbon farming,Restaurant - led ag effort aims to fight climate change,https://apnews.com/article/climate-climate-change-philanthropy-business-f2e2f15d426b6e933ead508941e0e23a,apnews.com,20210509T174500Z,English,United States
soil carbon requestration,carbon farming,Restaurant - led ag effort aims to fight climate change,https://www.washingtontimes.com/news/2021/may/9/restaurant-led-ag-effort-aims-to-fight-climate-cha/,washingtontimes.com,20210509T160000Z,English,United States
soil carbon requestration,carbon farming,Restaurant - led ag effort aims to fight climate change,https://www.chron.com/news/article/Restaurant-led-ag-effort-aims-to-fight-climate-16163380.php,chron.com,20210509T154500Z,English,United States
soil carbon requestration,carbon farming,Restaurant - led ag effort aims to fight climate change,https://www.houstonchronicle.com/news/article/Restaurant-led-ag-effort-aims-to-fight-climate-16163380.php,houstonchronicle.com,20210509T151500Z,English,United States
soil carbon requestration,carbon farming,Restaurant - led ag effort aims to fight climate change,https://www.sfgate.com/news/article/Restaurant-led-ag-effort-aims-to-fight-climate-16163380.php,sfgate.com,20210509T144500Z,English,United States
soil carbon requestration,carbon farming,American Vanguard Corp ( AVD ) Q1 2021 Earnings Call Transcript,https://www.msn.com/en-us/money/companies/american-vanguard-corp-avd-q1-2021-earnings-call-transcript/ar-BB1gsEpE,msn.com,20210507T101500Z,English,United States
soil carbon requestration,carbon farming,American Vanguard Corp ( AVD ) Q1 2021 Earnings Call Transcript,https://www.fool.com/earnings/call-transcripts/2021/05/07/american-vanguard-corp-avd-q1-2021-earnings-call-t/?source=iedfolrf0000001,fool.com,20210507T100000Z,English,United States
soil carbon requestration,carbon farming,Food,https://www.utne.com/blogs/food,utne.com,20210507T023000Z,English,United States
soil carbon requestration,carbon farming,"May 6 , 2021 : The DREAM Continues 20 Years Later ; Grappling With History Of KKK In Denver",https://www.cpr.org/show-episode/may-6-2021-the-dream-continues-20-years-later-grappling-with-history-of-kkk-in-denver/,cpr.org,20210507T004500Z,English,United States
soil carbon requestration,carbon farming,Farming in a carbon economy topic of May 11 workshop,https://www.hpj.com/crops/farming-in-a-carbon-economy-topic-of-may-11-workshop/article_bf4a54ec-ae73-11eb-97ec-4313829e9eac.html,hpj.com,20210506T184500Z,English,United States
soil carbon requestration,carbon farming,Off - put by offsets : Why some advocates doubt  net zero  pledges,https://phys.org/news/2021-05-off-put-offsets-advocates-net-pledges.html,phys.org,20210506T171500Z,English,United States
soil carbon requestration,carbon farming,Off - put by offsets : Why some advocates doubt  net zero  pledges | National,https://www.hastingstribune.com/ap/national/off-put-by-offsets-why-some-advocates-doubt-net-zero-pledges/article_4795282d-4040-5157-81b1-d4bc166675e0.html,hastingstribune.com,20210506T151500Z,English,United States
soil carbon requestration,carbon farming,Off - put by offsets : Why some advocates doubt  net zero  pledges | Nation / World,https://www.gazettextra.com/news/nation_world/off-put-by-offsets-why-some-advocates-doubt-net-zero-pledges/article_687f0fa5-928b-5deb-a89a-25ee801a975b.html,gazettextra.com,20210506T103000Z,English,United States
soil carbon requestration,carbon farming,CNH Industrial N . V . ( CNHI ) Q1 2021 Earnings Call Transcript,https://www.fool.com/earnings/call-transcripts/2021/05/05/cnh-industrial-nv-cnhi-q1-2021-earnings-call-trans/?source=iedfolrf0000001,fool.com,20210506T011500Z,English,United States
soil carbon requestration,carbon farming,CNH Industrial N . V . ( CNHI ) Q1 2021 Earnings Call Transcript,https://www.msn.com/en-us/money/companies/cnh-industrial-nv-cnhi-q1-2021-earnings-call-transcript/ar-BB1goSPn,msn.com,20210506T011500Z,English,United States
soil carbon requestration,carbon farming,Farming in a carbon economy,https://www.farmprogress.com/carbon/farming-carbon-economy,farmprogress.com,20210505T153000Z,English,United States
soil carbon requestration,carbon farming,"To Reach Climate Neutrality , Europeans Are Going To Farm Carbon",https://www.forbes.com/sites/emanuelabarbiroglio/2021/05/04/to-reach-climate-neutrality-europeans-are-going-to-farm-carbon/,forbes.com,20210504T164500Z,English,United States
soil carbon requestration,carbon farming,"EIR LEAD EDITORIAL FOR TUESDAY , MAY 4 , 2021",https://larouchepub.com/pr/2021/20210504_lead-editorial.html,larouchepub.com,20210504T160000Z,English,United States
soil carbon requestration,carbon farming,This Restaurant - Led Agriculture Effort Wants To Help Farmers And Ranchers Fight Climate Change,https://www.cpr.org/2021/05/03/farming-and-ranching-speed-up-climate-change-can-a-boulder-agriculture-program-help-slow-it-down/,cpr.org,20210503T150000Z,English,United States
soil carbon requestration,carbon farming,New climate change strategy for Victoria,https://www.miragenews.com/new-climate-change-strategy-for-victoria-553262/,miragenews.com,20210503T090000Z,English,United States
soil carbon requestration,carbon farming,"Backing Our Farmers To Move To A Cleaner , Greener Future",https://www.miragenews.com/backing-our-farmers-to-move-to-a-cleaner-553088/,miragenews.com,20210503T010000Z,English,United States
soil carbon requestration,carbon farming,"Morning mail : Queensland police DV reckoning , early economic recovery , Ramadan TV",https://www.msn.com/en-au/news/australia/morning-mail-queensland-polices-dv-reckoning-early-economic-recovery-ramadan-tv/ar-BB1gi19B,msn.com,20210502T230000Z,English,United States
soil carbon requestration,carbon farming,"Morning mail : Queensland police DV reckoning , early economic recovery , Ramadan TV",https://www.msn.com/en-au/news/australia/morning-mail-queensland-police-s-dv-reckoning-early-economic-recovery-ramadan-tv/ar-BB1gi19B,msn.com,20210502T221500Z,English,United States
soil carbon requestration,carbon farming,Victoria shares path to net zero emissions,https://au.news.yahoo.com/victoria-shares-path-net-zero-072754000.html,au.news.yahoo.com,20210502T093000Z,English,United States
soil carbon requestration,carbon farming,Carbon market farming bill introduced in Congress,https://www.hpj.com/ag_news/carbon-market-farming-bill-introduced-in-congress/article_032317d0-a9ec-11eb-9706-1fc2e0bdb82e.html,hpj.com,20210501T134500Z,English,United States
soil carbon requestration,carbon farming,"To eat , or not to eat , red meat : US producing more with less , and with lower footprint",https://www.wnewsj.com/opinion/columns/171410/to-eat-or-not-to-eat-red-meat-us-producing-more-with-less-and-with-lower-footprint,wnewsj.com,20210701T224500Z,English,United States
soil carbon requestration,carbon farming,Weed Suppression Methods To Build Better Soil,https://www.hobbyfarms.com/weed-suppression-methods-build-better-soil/,hobbyfarms.com,20210701T190000Z,English,United States
soil carbon requestration,carbon farming,"To make agriculture more climate - friendly , carbon farming needs clear rules",http://www.econotimes.com/To-make-agriculture-more-climate-friendly-carbon-farming-needs-clear-rules-1611956,econotimes.com,20210701T081500Z,English,United States
soil carbon requestration,carbon farming,"To make agriculture more climate - friendly , carbon farming needs clear rules",https://source.colostate.edu/to-make-agriculture-more-climate-friendly-carbon-farming-needs-clear-rules/,source.colostate.edu,20210630T191500Z,English,United States
soil carbon requestration,carbon farming,"To make agriculture more climate - friendly , carbon farming needs clear rules",https://www.ourmidland.com/news/article/To-make-agriculture-more-climate-friendly-carbon-16283885.php,ourmidland.com,20210630T144500Z,English,United States
soil carbon requestration,carbon farming,"To make agriculture more climate - friendly , carbon farming needs clear rules",https://www.middletownpress.com/news/article/To-make-agriculture-more-climate-friendly-carbon-16283885.php,middletownpress.com,20210630T144500Z,English,United States
soil carbon requestration,carbon farming,"To make agriculture more climate - friendly , carbon farming needs clear rules",https://phys.org/news/2021-06-agriculture-climate-friendly-carbon-farming.html,phys.org,20210630T143000Z,English,United States
soil carbon requestration,carbon farming,"To make agriculture more climate - friendly , carbon farming needs clear rules",https://www.chron.com/news/article/To-make-agriculture-more-climate-friendly-carbon-16283885.php,chron.com,20210630T134500Z,English,United States
soil carbon requestration,carbon farming,"To make agriculture more climate - friendly , carbon farming needs clear rules",https://www.stamfordadvocate.com/news/article/To-make-agriculture-more-climate-friendly-carbon-16283885.php,stamfordadvocate.com,20210630T133000Z,English,United States
soil carbon requestration,carbon farming,Here how farmers are helping with climate change - theyre putting carbon back in the soil,https://www.sfchronicle.com/climate/article/Here-s-how-farmers-are-helping-with-climate-16282969.php,sfchronicle.com,20210630T123000Z,English,United States
soil carbon requestration,carbon farming,Bay Briefing : California top public universities about to get more Californian,https://www.sfchronicle.com/bayarea/article/Bay-Briefing-California-s-top-public-16283260.php,sfchronicle.com,20210630T114500Z,English,United States
soil carbon requestration,carbon farming,2 : 00PM Water Cooler 6 / 29 / 2021 | naked capitalism,https://www.nakedcapitalism.com/2021/06/200pm-water-cooler-6-29-2021.html,nakedcapitalism.com,20210629T194500Z,English,United States
soil carbon requestration,carbon farming,Farming in a climate neutral Europe,https://www.politico.eu/event/drive-sustainable-progress-event-2/,politico.eu,20210629T170000Z,English,United States
soil carbon requestration,carbon farming,Will producers buy into carbon banking ?,https://www.wisfarmer.com/story/news/2021/06/29/producers-buy-into-carbon-banking/7796109002/,wisfarmer.com,20210629T161500Z,English,United States
soil carbon requestration,carbon farming,Biden wants to pay farmers to grow carbon - capturing crops . It complicated .,https://www.politico.com/news/2021/06/29/biden-climate-farmers-carbon-496843,politico.com,20210629T160000Z,English,United States
soil carbon requestration,carbon farming,Biden big climate puzzle : How to turn the heartland into a carbon sponge,https://www.msn.com/en-us/money/markets/biden-s-big-climate-puzzle-how-to-turn-the-heartland-into-a-carbon-sponge/ar-AALAdsh,msn.com,20210629T153000Z,English,United States
soil carbon requestration,carbon farming,Bayer launches its decarbonization program for agriculture in Europe,https://drgnews.com/2021/06/29/bayer-launches-its-decarbonization-program-for-agriculture-in-europe/,drgnews.com,20210629T120000Z,English,United States
soil carbon requestration,carbon farming,Page A1 | E - Edition | winonadailynews . com,https://www.winonadailynews.com/eedition/page-a1/page_1eb70498-3b61-5611-9c66-52aecfd73d8f.html,winonadailynews.com,20210629T074500Z,English,United States
soil carbon requestration,carbon farming,Carbon Farming Case Studies Tip Of Iceberg,https://www.miragenews.com/carbon-farming-case-studies-tip-of-iceberg-586690/,miragenews.com,20210629T033000Z,English,United States
soil carbon requestration,carbon farming,Carbon banking hangs in balance in agriculture - heavy states,https://dailyreporter.com/2021/06/28/carbon-banking-hangs-in-balance-in-agriculture-heavy-states/,dailyreporter.com,20210628T221500Z,English,United States
soil carbon requestration,carbon farming,Can Farming Seaweed Put the Brakes on Climate Change ?,https://www.sierraclub.org/sierra/2021-2-summer/stress-test/can-farming-seaweed-put-brakes-climate-change,sierraclub.org,20210628T091500Z,English,United States
soil carbon requestration,carbon farming,Carbon banking hangs in balance in agriculture - heavy states :: WRAL . com,https://www.wral.com/carbon-banking-hangs-in-balance-in-agriculture-heavy-states/19737900/,wral.com,20210628T084500Z,English,United States
soil carbon requestration,carbon farming,Carbon banking hangs in balance in agriculture - heavy states,https://www.chron.com/news/article/Carbon-banking-hangs-in-balance-in-16265421.php,chron.com,20210628T071500Z,English,United States
soil carbon requestration,carbon farming,Carbon banking hangs in balance in agriculture - heavy states,https://www.mankatofreepress.com/news/state_news/carbon-banking-hangs-in-balance-in-agriculture-heavy-states/article_f3fb33f6-f89e-58ad-9fb4-ba335748337c.html,mankatofreepress.com,20210628T070000Z,English,United States
soil carbon requestration,carbon farming,Carbon banking hangs in balance in agriculture - heavy states,https://www.sfgate.com/news/article/Carbon-banking-hangs-in-balance-in-16265421.php,sfgate.com,20210628T054500Z,English,United States
soil carbon requestration,carbon farming,A Long Look at One Downtown,https://www.nytimes.com/2021/06/27/insider/a-long-look-at-one-downtown.html,nytimes.com,20210627T101500Z,English,United States
soil carbon requestration,carbon farming,"Minn . farmers : Cashing in on the carbon bank , fighting climate change ?",https://www.southernminn.com/faribault_daily_news/news/state/article_2db24263-cc28-501a-bdac-5c80bfd87350.html,southernminn.com,20210622T213000Z,English,United States
soil carbon requestration,carbon farming,"Minnesota farmers : Cashing in on the carbon bank , fighting climate change ?",https://www.duluthnewstribune.com/business/agriculture/7083979-Minnesota-farmers-Cashing-in-on-the-carbon-bank-fighting-climate-change,duluthnewstribune.com,20210622T194500Z,English,United States
soil carbon requestration,carbon farming,"Minnesota farmers : Cashing in on the carbon bank , fighting climate change ?",https://www.jamestownsun.com/business/agriculture/7083979-Minnesota-farmers-Cashing-in-on-the-carbon-bank-fighting-climate-change,jamestownsun.com,20210622T193000Z,English,United States
soil carbon requestration,carbon farming,"Minnesota farmers : Cashing in on the carbon bank , fighting climate change ?",https://www.brainerddispatch.com/business/agriculture/7083979-Minnesota-farmers-Cashing-in-on-the-carbon-bank-fighting-climate-change,brainerddispatch.com,20210622T190000Z,English,United States
soil carbon requestration,carbon farming,"Minnesota farmers : Cashing in on the carbon bank , fighting climate change ?",https://www.wctrib.com/business/agriculture/7083979-Minnesota-farmers-Cashing-in-on-the-carbon-bank-fighting-climate-change,wctrib.com,20210622T180000Z,English,United States
soil carbon requestration,carbon farming,"Minnesota farmers : Cashing in on the carbon bank , fighting climate change ?",https://www.mitchellrepublic.com/business/agriculture/7083979-Minnesota-farmers-Cashing-in-on-the-carbon-bank-fighting-climate-change,mitchellrepublic.com,20210622T173000Z,English,United States
soil carbon requestration,carbon farming,"Minnesota farmers : Cashing in on the carbon bank , fighting climate change ?",https://www.bemidjipioneer.com/business/agriculture/7083979-Minnesota-farmers-Cashing-in-on-the-carbon-bank-fighting-climate-change,bemidjipioneer.com,20210622T170000Z,English,United States
soil carbon requestration,carbon farming,"Minnesota farmers : Cashing in on the carbon bank , fighting climate change ?",https://www.thedickinsonpress.com/business/agriculture/7083979-Minnesota-farmers-Cashing-in-on-the-carbon-bank-fighting-climate-change,thedickinsonpress.com,20210622T170000Z,English,United States
soil carbon requestration,carbon farming,"Minnesota farmers : Cashing in on the carbon bank , fighting climate change ?",https://www.grandforksherald.com/business/agriculture/7083979-Minnesota-farmers-Cashing-in-on-the-carbon-bank-fighting-climate-change,grandforksherald.com,20210622T170000Z,English,United States
soil carbon requestration,carbon farming,"Minnesota farmers : Cashing in on the carbon bank , fighting climate change ?",https://www.agweek.com/business/agriculture/7083979-Minnesota-farmers-Cashing-in-on-the-carbon-bank-fighting-climate-change,agweek.com,20210622T164500Z,English,United States
soil carbon requestration,carbon farming,"Minnesota farmers : Cashing in on the carbon bank , fighting climate change ?",https://www.inforum.com/business/agriculture/7083979-Minnesota-farmers-Cashing-in-on-the-carbon-bank-fighting-climate-change,inforum.com,20210622T160000Z,English,United States
soil carbon requestration,carbon farming,"Minnesota farmers : Cashing in on the carbon bank , fighting climate change ?",https://www.postbulletin.com/business/agriculture/7083979-Minnesota-farmers-Cashing-in-on-the-carbon-bank-fighting-climate-change,postbulletin.com,20210622T160000Z,English,United States
soil carbon requestration,carbon farming,Ousting of National Party leader highlights political instability in Australia,https://www.wsws.org/en/articles/2021/06/22/joyc-j22.html,wsws.org,20210622T054500Z,English,United States
soil carbon requestration,carbon farming,Joyce and his coal obsessives threaten the future of Australian agriculture,https://www.msn.com/en-au/news/australia/joyce-and-his-coal-obsessives-threaten-the-future-of-australian-agriculture/ar-AALi7lL,msn.com,20210622T024500Z,English,United States
soil carbon requestration,carbon farming,Indigo Ag hosting free ag carbon market webinar,https://kiwaradio.com/ag-news/indigo-ag-hosting-free-ag-carbon-market-webinar/,kiwaradio.com,20210621T163000Z,English,United States
soil carbon requestration,carbon farming,Viewpoint : Thinking about carbon as a crop,https://geneticliteracyproject.org/2021/06/21/viewpoint-thinking-about-carbon-as-a-crop/,geneticliteracyproject.org,20210621T080000Z,English,United States
soil carbon requestration,carbon farming,( Courtesy of Indigo Ag ),https://www.timesnews.net/news/state/courtesy-of-indigo-ag/image_65883270-a57b-5802-8e77-996c3b58f467.html,timesnews.net,20210621T030000Z,English,United States
soil carbon requestration,carbon farming,Indigo Ag debuts new identity for its industry - leading carbon farming program : Carbon by Indigo,https://www.prnewswire.com/news-releases/indigo-ag-debuts-new-identity-for-its-industry-leading-carbon-farming-program-carbon-by-indigo-301315192.html,prnewswire.com,20210619T033000Z,English,United States
soil carbon requestration,carbon farming,Indigo Ag debuts new carbon farming program : Carbon by Indigo,https://www.farmprogress.com/carbon/indigo-ag-debuts-new-carbon-farming-program-carbon-indigo,farmprogress.com,20210618T214500Z,English,United States
soil carbon requestration,carbon farming,Indigo Ag debuts new identity for its industry - leading carbon farming program : Carbon by Indigo,https://www.murfreesboropost.com/news/state/indigo-ag-debuts-new-identity-for-its-industry-leading-carbon-farming-program-carbon-by-indigo/article_ad7700a3-29f7-5601-8faf-79fceea5b49d.html,murfreesboropost.com,20210618T124500Z,English,United States
soil carbon requestration,carbon farming,Indigo Ag debuts new identity for its industry - leading carbon farming program : Carbon by Indigo,https://www.timesnews.net/news/state/indigo-ag-debuts-new-identity-for-its-industry-leading-carbon-farming-program-carbon-by-indigo/article_4cac464f-6d3c-551e-97df-f94ac653ca97.html,timesnews.net,20210618T024500Z,English,United States
soil carbon requestration,carbon farming,Indigo Ag debuts new identity for its industry - leading carbon farming program : Carbon by Indigo,https://www.prnewswire.com:443/news-releases/indigo-ag-debuts-new-identity-for-its-industry-leading-carbon-farming-program-carbon-by-indigo-301315192.html,prnewswire.com,20210618T011500Z,English,United States
soil carbon requestration,carbon farming,"Death tax concerns producers , commodity leaders",https://www.farmprogress.com/farm-life/death-tax-concerns-producers-commodity-leaders,farmprogress.com,20210616T121500Z,English,United States
soil carbon requestration,carbon farming,"Changes in environment , government policy , tech raise carbon interest",https://www.farmforum.net/story/news/agriculture/2021/06/15/changes-environment-government-policy-tech-raise-carbon-interest/7514551002/,farmforum.net,20210615T163000Z,English,United States
soil carbon requestration,carbon farming,New Plants for Carbon Farming : An Update on Breeding Efforts,https://seedworld.com/new-plants-for-carbon-farming/,seedworld.com,20210615T053000Z,English,United States
soil carbon requestration,carbon farming,The Importance of Net - Zero Ethanol – Advanced BioFuels united states,https://advancedbiofuelsusa.info/the-importance-of-net-zero-ethanol/,advancedbiofuelsusa.info,20210610T223000Z,English,United States
soil carbon requestration,carbon farming,Is carbon the  crop  of the future ? | Crops,https://www.hpj.com/crops/is-carbon-the-crop-of-the-future/article_7a2ed228-c347-11eb-a146-eb5091297376.html,hpj.com,20210610T161500Z,English,United States
soil carbon requestration,carbon farming,The Gilmer Mirror - Is carbon the crop of the future,http://www.gilmermirror.com/view/full_story/27805785/article-Is-carbon-the--crop--of-the-future-,gilmermirror.com,20210610T140000Z,English,United States
soil carbon requestration,carbon farming,Straus Family Creamery heads to Sonoma County after 27 years in Marin,https://www.sfgate.com/food/article/Straus-Family-Creamery-heads-to-Sonoma-County-16231590.php,sfgate.com,20210608T211500Z,English,United States
soil carbon requestration,carbon farming,Straus Family Creamery Mooooves Into New Sonoma County Dairy Production Plant After 27 Years in West Marin,https://www.capitalpress.com/sponsored/straus-family-creamery-mooooves-into-new-sonoma-county-dairy-production-plant-after-27-years-in/article_9c70697a-72db-526d-9bf8-fe2f3a20c523.html,capitalpress.com,20210608T210000Z,English,United States
soil carbon requestration,carbon farming,Straus Family Creamery Mooooves Into New Sonoma County Dairy Production Plant After 27 Years in West Marin,https://www.galvnews.com/news_ap/business/article_e41a9c22-dbc1-5292-93d3-e1e0f4c5f135.html,galvnews.com,20210608T171500Z,English,United States
soil carbon requestration,carbon farming,Is carbon the  crop  of the future ?,https://www.wisfarmer.com/story/news/2021/06/07/carbon-crop-future/7585328002/,wisfarmer.com,20210607T180000Z,English,United States
soil carbon requestration,carbon farming,Government should take lead on where carbon farming is allowed,http://www.msn.com/en-nz/news/national/government-should-take-lead-on-where-carbon-farming-is-allowed-waitaki-mayor/ar-AAKKnqF,msn.com,20210606T040000Z,English,United States
soil carbon requestration,carbon farming,New cash flow possible for ag with carbon sequestering,https://www.agupdate.com/theprairiestar/farmandranchguide/news/state-and-regional/new-cash-flow-possible-for-ag-with-carbon-sequestering/article_88099958-bf16-11eb-8bb6-9ff57ca9e06d.html,agupdate.com,20210605T151500Z,English,United States
soil carbon requestration,carbon farming,New cash flow possible for ag with carbon sequestering,https://www.agupdate.com/farmandranchguide/farmandranchguide/news/state-and-regional/new-cash-flow-possible-for-ag-with-carbon-sequestering/article_88099958-bf16-11eb-8bb6-9ff57ca9e06d.html,agupdate.com,20210605T130000Z,English,United States
soil carbon requestration,carbon farming,Is Carbon The  Crop  Of The Future ? - ScienceBlog . com,https://scienceblog.com/523121/is-carbon-the-crop-of-the-future/,scienceblog.com,20210604T201500Z,English,United States
soil carbon requestration,carbon farming,Is carbon the  crop  of the future ?,https://phys.org/news/2021-06-carbon-crop-future.html,phys.org,20210604T133000Z,English,United States
soil carbon requestration,carbon farming,"How important is soil quality to addressing climate change ? It critical , and here a blueprint for refocusing American R & D",https://geneticliteracyproject.org/2021/06/04/how-important-is-soil-quality-to-addressing-climate-change-and-soil-quality-its-critical-and-heres-a-blueprint-for-refocusing-american-rd1/,geneticliteracyproject.org,20210604T073000Z,English,United States
soil carbon requestration,carbon farming,It pays to go carbon negative on America soil infrastructure,https://www.msn.com/en-us/news/us/it-pays-to-go-carbon-negative-on-america-s-soil-infrastructure/ar-AAKGgMm,msn.com,20210603T211500Z,English,United States
soil carbon requestration,carbon farming,It pays to go carbon negative on America soil infrastructure,https://thehill.com/opinion/energy-environment/556751-it-pays-to-go-carbon-negative-on-americas-soil-infrastructure,thehill.com,20210603T210000Z,English,United States
soil carbon requestration,carbon farming,ZimmCast 672 – Farmers Edge Smart Carbon Program,http://agwired.com/2021/06/03/zimmcast-672-farmers-edge-smart-carbon-program/,agwired.com,20210603T191500Z,English,United States
soil carbon requestration,carbon farming,How playing in the carbon markets can benefit cannabis producers,https://mjbizdaily.com/how-playing-in-the-carbon-markets-can-benefit-cannabis-producers/,mjbizdaily.com,20210603T114500Z,English,United States
soil carbon requestration,carbon farming,Environmental News Network - Is Carbon The  Crop  Of The Future ?,https://www.enn.com/articles/67954-is-carbon-the-crop-of-the-future,enn.com,20210602T193000Z,English,United States
soil carbon requestration,carbon farming,Is carbon the  crop  of the future ? |,https://www.hpj.com/is-carbon-the-crop-of-the-future/article_7a2ed228-c347-11eb-a146-eb5091297376.html,hpj.com,20210602T153000Z,English,United States
soil carbon requestration,carbon farming,Is carbon the  crop  of the future ?,https://www.newswise.com/articles/is-carbon-the-crop-of-the-future,newswise.com,20210601T191500Z,English,United States
soil carbon requestration,carbon farming,"I want to fly to Hawaii , but I dont want to wreck the planet . With carbon offsets , can I do both ?",https://www.geekwire.com/2021/want-fly-hawaii-dont-want-wreck-planet-carbon-offsets-can/,geekwire.com,20210601T150000Z,English,United States
soil carbon requestration,carbon farming,Brazil at COP26 offers big plans . But its track record is dismal,https://www.msn.com/en-us/news/us/brazil-at-cop26-offers-big-plans-but-its-track-record-is-dismal/ar-AAQcbQ0,msn.com,20211101T184500Z,English,United States
soil carbon requestration,carbon farming,Empowering Indigenous land management through emissions reductions and the carbon economy,https://phys.org/news/2021-11-empowering-indigenous-emissions-reductions-carbon.html,phys.org,20211101T170000Z,English,United States
soil carbon requestration,carbon farming,Europe Fears That Rising Cost of Climate Action Is Stirring Anger,https://www.nytimes.com/2021/11/01/business/energy-environment/europe-climate-action-cost.html,nytimes.com,20211101T143000Z,English,United States
soil carbon requestration,carbon farming,"At Glasgow Climate Summit , Governments Must Step Up to Help People and the Planet",https://www.pewtrusts.org/en/research-and-analysis/articles/2021/10/31/at-glasgow-climate-summit-governments-must-step-up-to-help-people-and-the-planet,pewtrusts.org,20211031T171500Z,English,United States
soil carbon requestration,carbon farming,Innovative farm conference focuses on soil health,https://www.hpj.com/crops/innovative-farm-conference-focuses-on-soil-health/article_42f7254e-391c-11ec-a445-a7300aed7c77.html,hpj.com,20211031T163000Z,English,United States
soil carbon requestration,carbon farming,The Regenerative Revolution In food,https://awaken.com/2021/10/the-regenerative-revolution-in-food/,awaken.com,20211030T134500Z,English,United States
soil carbon requestration,carbon farming,"The Day - Threatened by climate change , a California winemaker switches to carbon farming and hopes more vineyards join",https://www.theday.com/entertainment/20211029/threatened-by-climate-change-california-winemaker-switches-to-carbon-farming-and-hopes-more-vineyards-join,theday.com,20211029T211500Z,English,United States
soil carbon requestration,carbon farming,$8 Trillion Nature - Based Solutions Market Rises Up The Global Agenda With Launch Of Policy And Investment Tracker,https://www.forbes.com/sites/feliciajackson/2021/10/29/8-trillion-nature-based-solutions-market-rises-up-the-global-agenda-with-launch-of-policy-and-investment-tracker/,forbes.com,20211029T153000Z,English,United States
soil carbon requestration,carbon farming,Greece Pushes Green Energy Transformation to Fight Climate Change,https://www.nytimes.com/2021/10/29/business/greece-green-energy-climate-eu.html,nytimes.com,20211029T103000Z,English,United States
soil carbon requestration,carbon farming,"USDA launches climate - smart ag , forestry partnership initiative",http://biomassmagazine.com/articles/18362/usda-launches-climate-smart-ag-forestry-partnership-initiative,biomassmagazine.com,20211029T064500Z,English,United States
soil carbon requestration,carbon farming,Straus Dairy Farm and Blue Ocean Barns Demonstrate a Dramatic Climate Change Solution in Dairy Farming,https://www.financialbuzz.com/straus-dairy-farm-and-blue-ocean-barns-demonstrate-a-dramatic-climate-change-solution-in-dairy-farming/,financialbuzz.com,20211028T113000Z,English,United States
soil carbon requestration,carbon farming,Turning the tide on seaweed aquaculture,https://www.greenbiz.com/article/turning-tide-seaweed-aquaculture,greenbiz.com,20211028T110000Z,English,United States
soil carbon requestration,carbon farming,Column : The real risk of Australia panned climate strategy is that others follow - Russell,https://www.reuters.com/business/cop/real-risk-australias-panned-climate-strategy-is-that-others-follow-russell-2021-10-28/,reuters.com,20211028T080000Z,English,United States
soil carbon requestration,carbon farming,Bayer Fuels Leading Market Positions In Crop Science Through Delivery Of Unmatched Innovation,https://www.foodonline.com/doc/bayer-fuels-leading-market-positions-in-crop-science-through-delivery-of-unmatched-innovation-0001,foodonline.com,20211028T030000Z,English,United States
soil carbon requestration,carbon farming,Straus Dairy Farm and Blue Ocean Barns Demonstrate a Dramatic Climate Change Solution in Dairy Farming,https://www.businesswire.com/news/home/20211027005646/en/Straus-Dairy-Farm-and-Blue-Ocean-Barns-Demonstrate-a-Dramatic-Climate-Change-Solution-in-Dairy-Farming,businesswire.com,20211027T151500Z,English,United States
soil carbon requestration,carbon farming,Straus Dairy Farm and Blue Ocean Barns Demonstrate a Dramatic Climate Change Solution in Dairy Farming,https://apnews.com/press-release/business-wire/science-business-oceans-seaweed-cab300265d804ca0a8b9b55f15d93adc,apnews.com,20211027T141500Z,English,United States
soil carbon requestration,carbon farming,Australia adopts target of net zero emissions by 2050 but wont legislate goal,https://gazette.com/news/us-world/australia-adopts-target-of-net-zero-emissions-by-2050-but-wont-legislate-goal/article_1631eb72-a9cd-5250-a295-fcdad0ba9b08.html,gazette.com,20211026T090000Z,English,United States
soil carbon requestration,carbon farming,Australia adopts target of net zero carbon emissions by 2050 but wont make it law,https://www.nbcnews.com/news/world/australia-adopts-target-net-zero-carbon-emissions-2050-won-t-n1282346,nbcnews.com,20211026T063000Z,English,United States
soil carbon requestration,carbon farming,"Australia commits to net zero by 2050 target , but wont legislate goal | World",https://www.malaymail.com/news/world/2021/10/26/australia-commits-to-net-zero-by-2050-target-but-wont-legislate-goal/2016046,malaymail.com,20211026T060000Z,English,United States
soil carbon requestration,carbon farming,Australia to unveil 2050 net zero target ahead of UN climate summit,https://whbl.com/2021/10/25/australia-to-unveil-2050-net-zero-target-ahead-of-un-climate-summit/,whbl.com,20211026T051500Z,English,United States
soil carbon requestration,carbon farming,Support for plantation estate in south welcomed,https://www.miragenews.com/support-for-plantation-estate-in-south-welcomed-659384/,miragenews.com,20211026T051500Z,English,United States
soil carbon requestration,carbon farming,Australia unveils 2050 net zero target ahead of Glasgow summit,http://www.msn.com/en-nz/news/world/australia-unveils-2050-net-zero-target-ahead-of-glasgow-summit/ar-AAPX10M,msn.com,20211026T043000Z,English,United States
soil carbon requestration,carbon farming,Australia unveils 2050 net zero target ahead of Glasgow summit,https://www.aljazeera.com/news/2021/10/26/australia-to-unveil-2050-net-zero-target-ahead-of-un-climate-summit,aljazeera.com,20211026T040000Z,English,United States
soil carbon requestration,carbon farming,Australia unveils 2050 net zero target ahead of Glasgow summit,https://www.msn.com/en-us/news/world/australia-unveils-2050-net-zero-target-ahead-of-glasgow-summit/ar-AAPX10M,msn.com,20211026T040000Z,English,United States
soil carbon requestration,carbon farming,Australia to unveil 2050 net zero target ahead of UN climate summit,https://katcountry989.com/2021/10/25/australia-to-unveil-2050-net-zero-target-ahead-of-un-climate-summit/,katcountry989.com,20211026T030000Z,English,United States
soil carbon requestration,carbon farming,Australia to unveil 2050 net zero target ahead of UN climate ...,https://news.trust.org/item/20211026000634-jzuit,news.trust.org,20211026T014500Z,English,United States
soil carbon requestration,carbon farming,Australia to unveil 2050 net zero target ahead of UN climate summit,https://www.reuters.com/business/cop/australia-unveil-2050-net-zero-target-ahead-un-climate-summit-2021-10-26/,reuters.com,20211026T010000Z,English,United States
soil carbon requestration,carbon farming,UK Net Zero Strategy : Understanding the Impact on Key Sectors | Latham & Watkins LLP,https://www.jdsupra.com/legalnews/uk-net-zero-strategy-understanding-the-5004457/,jdsupra.com,20211025T210000Z,English,United States
soil carbon requestration,carbon farming,Scaling sustainable food production in Asia,https://www.hortidaily.com/article/9367182/scaling-sustainable-food-production-in-asia/,hortidaily.com,20211025T134500Z,English,United States
soil carbon requestration,carbon farming,"Marin , a wealthy California county , could run out of water",https://www.latimes.com/business/story/2021-10-25/marin-county-california-could-run-out-of-water-summer-drought,latimes.com,20211025T130000Z,English,United States
soil carbon requestration,carbon farming,Dollars in the dirt : Big Ag pays farmers for control of their soil - bound carbon,https://www.oann.com/dollars-in-the-dirt-big-ag-pays-farmers-for-control-of-their-soil-bound-carbon/,oann.com,20211025T130000Z,English,United States
soil carbon requestration,carbon farming,Dollars in the dirt : Big Ag pays farmers for control of their soil - bound carbon,https://www.reuters.com/business/cop/dollars-dirt-big-ag-pays-farmers-control-their-soil-bound-carbon-2021-10-25/,reuters.com,20211025T121500Z,English,United States
soil carbon requestration,carbon farming,Dollars in the dirt : Big Ag pays farmers for control of their soil - bound carbon,https://www.stltoday.com/business/local/dollars-in-the-dirt-big-ag-pays-farmers-for-control-of-their-soil-bound-carbon/article_638abef6-bc89-54cf-bbbe-e49f29d0057e.html,stltoday.com,20211025T114500Z,English,United States
soil carbon requestration,carbon farming,Dollars in the dirt : Big Ag pays farmers for control of their soil - bound carbon,https://www.msn.com/en-us/money/companies/dollars-in-the-dirt-big-ag-pays-farmers-for-control-of-their-soil-bound-carbon/ar-AAPVp5Q,msn.com,20211025T113000Z,English,United States
soil carbon requestration,carbon farming,"Threatened by climate change , a California winemaker switches to carbon farming",https://www.pressherald.com/2021/10/24/threatened-by-climate-change-a-california-winemaker-switches-to-carbon-farming/,pressherald.com,20211024T131500Z,English,United States
soil carbon requestration,carbon farming,"Threatened by climate change , a California winemaker switches to carbon farming",https://www.sunjournal.com/2021/10/24/threatened-by-climate-change-a-california-winemaker-switches-to-carbon-farming/,sunjournal.com,20211024T121500Z,English,United States
soil carbon requestration,carbon farming,California Marin County could run out of water next summer as climate shifts drought patterns,https://www.sfgate.com/news/article/California-s-Marin-County-could-run-out-of-water-16554942.php,sfgate.com,20211022T194500Z,English,United States
soil carbon requestration,carbon farming,"To combat climate change , a California winemaker switches to carbon farming",https://www.bendbulletin.com/business/to-combat-climate-change-a-california-winemaker-switches-to-carbon-farming/article_03c5064e-3239-5851-ad3b-c6ef32403a3b.html,bendbulletin.com,20211020T174500Z,English,United States
soil carbon requestration,carbon farming,Blade Runner : Grass and Our Future - Los Angeles Review of Books,https://www.lareviewofbooks.org/article/blade-runner-grass-and-our-future,lareviewofbooks.org,20211019T184500Z,English,United States
soil carbon requestration,carbon farming,UK forms green investment partnership with Bill Gates ; rate hike talk lifts pound – as it happened,https://www.msn.com/en-gb/money/other/uk-forms-green-investment-partnership-with-bill-gates-rate-hike-talk-lifts-pound-as-it-happened/ar-AAPGwdy,msn.com,20211019T180000Z,English,United States
soil carbon requestration,carbon farming,"USDA launches climate - smart ag , forestry partnership initiative",http://ethanolproducer.com/articles/18607/usda-launches-climate-smart-ag-forestry-partnership-initiative,ethanolproducer.com,20211017T073000Z,English,United States
soil carbon requestration,carbon farming,"Ag - Analytics Acquires AcreValue , Expanding Capabilities to Unlock Value and Productivity of Farmland",https://seedworld.com/ag-analytics-acquires-acrevalue-expanding-capabilities-to-unlock-value-and-productivity-of-farmland/,seedworld.com,20211015T174500Z,English,United States
soil carbon requestration,carbon farming,Indigo Pays 267 Farmers in Milestone Progress for First Ever Scalable Ag Carbon Farming Program,https://seedworld.com/indigo-pays-267-farmers-in-milestone-progress-for-first-ever-scalable-ag-carbon-farming-program/,seedworld.com,20211015T174500Z,English,United States
soil carbon requestration,carbon farming,"Carbon farming , one of the oldest agricultural practices , is growing on winemakers",https://www.washingtonpost.com/food/2021/10/15/carbon-farming-winemakers-climate-change/,washingtonpost.com,20211015T164500Z,English,United States
soil carbon requestration,carbon farming,"Carbon farming , one of the oldest agricultural practices , is growing on winemakers",https://www.msn.com/en-us/news/us/carbon-farming-one-of-the-oldest-agricultural-practices-is-growing-on-winemakers/ar-AAPz3Jm,msn.com,20211015T164500Z,English,United States
soil carbon requestration,carbon farming,Can You Picture a Carbon - Neutral Farm ? We Can .,http://www.justmeans.com/blog/can-you-picture-a-carbon-neutral-farm-we-can,justmeans.com,20211015T141500Z,English,United States
soil carbon requestration,carbon farming,Ranchers say plan is a backslide - Point Reyes Light,https://www.ptreyeslight.com/news/ranchers-say-plan-is-a-backslide/,ptreyeslight.com,20211013T230000Z,English,United States
soil carbon requestration,carbon farming,A political hot potato on the heels of election 2022,https://www.politico.com/newsletters/weekly-agriculture/2021/10/12/a-political-hot-potato-on-the-heels-of-election-2022-798139,politico.com,20211012T151500Z,English,United States
soil carbon requestration,carbon farming,"Atlantic Labs spins - out FoodLabs , a €100m FoodTech fund addressing climate and health",https://finance.yahoo.com/news/atlantic-labs-spins-foodlabs-100m-094628506.html,finance.yahoo.com,20211011T123000Z,English,United States
soil carbon requestration,carbon farming,"Atlantic Labs spins - out FoodLabs , a €100m FoodTech fund addressing climate and health – TechCrunch",https://techcrunch.com/2021/10/11/atlantic-labs-spins-out-foodlabs-a-e100m-foodtech-fund-addressing-climate-and-health/,techcrunch.com,20211011T103000Z,English,United States
soil carbon requestration,carbon farming,Carbon farming  offers new chance for cattle ranch,https://www.sandiegouniontribune.com/communities/north-county/sd-no-carbon-farming-20170512-story.html,sandiegouniontribune.com,20211010T011500Z,English,United States
soil carbon requestration,carbon farming,Stalled plans to shake up to South Australia Pastoral Act leaves many in limbo,https://www.msn.com/en-au/news/australia/stalled-plans-to-shake-up-to-south-australias-pastoral-act-leaves-many-in-limbo/ar-AAPk7V8,msn.com,20211009T230000Z,English,United States
soil carbon requestration,carbon farming,UFU and DAERA agriculture and climate conference,https://www.pressreleasepoint.com/ufu-and-daera-agriculture-and-climate-conference,pressreleasepoint.com,20211009T093000Z,English,United States
soil carbon requestration,carbon farming,Claverack Democrats ready for the fall campaign,https://www.hudsonvalley360.com/artsandlife/localannouncements/claverack-democrats-ready-for-the-fall-campaign/article_25f05034-31cf-5c07-a83c-ff8a4fbc1cb7.html,hudsonvalley360.com,20211008T183000Z,English,United States
soil carbon requestration,carbon farming,"Threatened by climate change , a California winemaker switches to carbon farming and hopes more vineyards join",https://www.washingtonpost.com/food/2021/10/08/climate-change-affects-california-wineries/,washingtonpost.com,20211008T170000Z,English,United States
soil carbon requestration,carbon farming,"Threatened by climate change , a California winemaker switches to carbon farming and hopes more vineyards join",https://www.msn.com/en-us/news/us/threatened-by-climate-change-a-california-winemaker-switches-to-carbon-farming-and-hopes-more-vineyards-join/ar-AAPhKB0,msn.com,20211008T164500Z,English,United States
soil carbon requestration,carbon farming,"Two Maine technology companies to each receive $250 , 000 in Maine Clean Energy Innovation Challenge",https://www.pressherald.com/2021/10/07/two-maine-technology-companies-to-each-receive-250000-in-maine-clean-energy-innovation-challenge/,pressherald.com,20211007T084500Z,English,United States
soil carbon requestration,carbon farming,Cargill launches U . S . carbon farming program for 2022 season,https://www.reuters.com/business/sustainable-business/cargill-launches-us-carbon-farming-program-2022-season-2021-09-16/,reuters.com,20211005T111500Z,English,United States
soil carbon requestration,carbon farming,How adding rock dust to soil could help drive carbon into the ground,https://www.greenbiz.com/article/how-adding-rock-dust-soil-could-help-drive-carbon-ground,greenbiz.com,20211005T090000Z,English,United States
soil carbon requestration,carbon farming,Innovators of farming robots and renewable power win clean energy competition,https://www.mainebiz.biz/article/innovators-of-farming-robots-and-renewable-power-win-clean-energy-competition,mainebiz.biz,20211004T110000Z,English,United States
soil carbon requestration,carbon farming,Alan Guebert : The old economics of new agriculture are drive or be driven,https://www.farmforum.net/story/news/columnists/2021/10/04/alan-guebert-old-economics-new-agriculture-drive-driven/5897746001/,farmforum.net,20211004T063000Z,English,United States
soil carbon requestration,carbon farming,Valley News - Upper Valley farmers use variety of strategies to limit contributions to climate change,https://www.vnews.com/How-some-farms-try-to-go-net-zero-42464278,vnews.com,20211003T023000Z,English,United States
soil carbon requestration,carbon farming,"The Farmer Exchange Online Multi - Cropping , Not Yield , Should Be the Focus of U . S . Farm Policy",http://www.farmers-exchange.net/detailPage.aspx?articleID=20963,farmers-exchange.net,20211001T123000Z,English,United States
soil carbon requestration,carbon farming,"CMI welcomes new land , farm and industrial method priorities announced for 2022",https://www.miragenews.com/cmi-welcomes-new-land-farm-and-industrial-643437/,miragenews.com,20211001T021500Z,English,United States
soil carbon requestration,carbon farming,Regenerative agriculture - AG INFORMATION NETWORK OF THE WEST,https://www.aginfo.net/report/51459/Line-on-Agriculture/Regenerative-agriculture,aginfo.net,20211201T081500Z,English,United States
soil carbon requestration,carbon farming,WA Soil Health Strategy lays foundations for strong soils,https://www.miragenews.com/wa-soil-health-strategy-lays-foundations-for-684519/,miragenews.com,20211201T040000Z,English,United States
soil carbon requestration,carbon farming,New Report Highlights Biomethane Ramp - up and Best Pathways for Full Renewable Gas Deployment – Advanced BioFuels united states,https://advancedbiofuelsusa.info/new-report-highlights-biomethane-ramp-up-and-best-pathways-for-full-renewable-gas-deployment/,advancedbiofuelsusa.info,20211129T223000Z,English,United States
soil carbon requestration,carbon farming,Wall Street diabolical plan to financialize all nature -- Puppet Masters -- Sott . net,https://www.sott.net/article/461308-Wall-Streets-diabolical-plan-to-financialize-all-nature,sott.net,20211129T150000Z,English,United States
soil carbon requestration,carbon farming,"More work needed to create green jobs , report says",http://www.msn.com/en-nz/news/world/more-work-needed-to-create-green-jobs-report-says/ar-AARerEK,msn.com,20211129T061500Z,English,United States
soil carbon requestration,carbon farming,Wall Street Diabolical Plan to Financialize All Nature,https://www.blacklistednews.com/article/81278/wall-streets-diabolical-plan-to-financialize-all.html,blacklistednews.com,20211126T201500Z,English,United States
soil carbon requestration,carbon farming,"StopWaste , Local Agencies Test Carbon Farming in the Altamont Hills",https://www.independentnews.com/news/livermore_news/stopwaste-local-agencies-test-carbon-farming-in-the-altamont-hills/article_189bf408-4e04-11ec-b47a-e7e6aaceb24b.html,independentnews.com,20211125T200000Z,English,United States
soil carbon requestration,carbon farming,Renewable energy and reusable reforms : WA land tenure amendments are familiar but exciting,https://www.lexology.com/library/detail.aspx?g=a38d8053-4b2e-4ed6-b66b-f51d7607e2fa,lexology.com,20211125T163000Z,English,United States
soil carbon requestration,carbon farming,"Environment and Planning 5 Minute Fix 20 : climate change adaptation , circular economy , Renewable Energy Zones , coal mining",https://www.lexology.com/library/detail.aspx?g=3df70f01-dada-4135-a9f5-d96e0474bc5f,lexology.com,20211125T150000Z,English,United States
soil carbon requestration,carbon farming,"The best wine books of 2021 take you on journeys through Italy , France and California",https://www.msn.com/en-us/news/us/the-best-wine-books-of-2021-take-you-on-journeys-through-italy-france-and-california/ar-AAR5I77,msn.com,20211124T183000Z,English,United States
soil carbon requestration,carbon farming,Biofuel and ag groups welcome Build Back Better as it goes to the Senate : Biofuels Digest,https://www.biofuelsdigest.com/bdigest/2021/11/23/biofuel-and-ag-groups-welcome-build-back-better-as-it-goes-to-the-senate/,biofuelsdigest.com,20211124T011500Z,English,United States
soil carbon requestration,carbon farming,Biofuel groups welcome key provisions of Build Back Better Act,http://www.ethanolproducer.com/articles/18778/biofuel-groups-welcome-key-provisions-of-build-back-better-act,ethanolproducer.com,20211124T004500Z,English,United States
soil carbon requestration,carbon farming,Biofuel groups welcome key provisions of Build Back Better Act,http://ethanolproducer.com/articles/18778/biofuel-groups-welcome-key-provisions-of-build-back-better-act,ethanolproducer.com,20211123T233000Z,English,United States
soil carbon requestration,carbon farming,Biofuel groups welcome key provisions of Build Back Better Act,http://www.biodieselmagazine.com/articles/2517860/biofuel-groups-welcome-key-provisions-of-build-back-better-act,biodieselmagazine.com,20211123T214500Z,English,United States
soil carbon requestration,carbon farming,Opening the SPR taps,https://www.politico.com/newsletters/morning-energy/2021/11/23/opening-the-spr-taps-799051,politico.com,20211123T191500Z,English,United States
soil carbon requestration,carbon farming,Farm and biofuel leaders welcome key provisions of the Build Back Better Act,https://drgnews.com/2021/11/23/farm-and-biofuel-leaders-welcome-key-provisions-of-the-build-back-better-act/,drgnews.com,20211123T174500Z,English,United States
soil carbon requestration,carbon farming,Farm & Biofuel Leaders Welcome Key Provisions of the Build Back Better Act – Advanced BioFuels united states,https://advancedbiofuelsusa.info/farm-biofuel-leaders-welcome-key-provisions-of-the-build-back-better-act/,advancedbiofuelsusa.info,20211123T151500Z,English,United States
soil carbon requestration,carbon farming,"- Shell to acquire energy retailer ,...",https://www.euro-petrole.com/shell-to-acquire-energy-retailer-powershop-australia-n-i-23050,euro-petrole.com,20211122T141500Z,English,United States
soil carbon requestration,carbon farming,"Royal Dutch Shell plc ( via Public ) / Shell to acquire energy retailer , Powershop Australia",http://www.publicnow.com/view/0E6A680335AA8CD89DF38AA64AC9C8AF4EF31CA0,publicnow.com,20211121T214500Z,English,United States
soil carbon requestration,carbon farming,"Renewable energy helps country , boosts rural economy , CEO says",https://www.hpj.com/ag_news/renewable-energy-helps-country-boosts-rural-economy-ceo-says/article_022601ac-4a10-11ec-9cfa-d79989d92c00.html,hpj.com,20211120T210000Z,English,United States
soil carbon requestration,carbon farming,San Mateo County crops show $37M loss in value,https://www.smdailyjournal.com/news/local/san-mateo-county-crops-show-37m-loss-in-value/article_59755f48-49d4-11ec-b340-9b8dd221a5a4.html,smdailyjournal.com,20211120T154500Z,English,United States
soil carbon requestration,carbon farming,Biden taps Greenfield to lead USDA Rural Development in Iowa,https://globegazette.com/news/local/govt-and-politics/biden-taps-greenfield-to-lead-usda-rural-development-in-iowa/article_419db6de-1e81-5315-a134-b27980607f5c.html,globegazette.com,20211119T194500Z,English,United States
soil carbon requestration,carbon farming,Biden tabs Greenfield to lead USDA Rural Development in Iowa,https://wcfcourier.com/news/state-and-regional/govt-and-politics/biden-tabs-greenfield-to-lead-usda-rural-development-in-iowa/article_74711eed-95b6-5924-8b5d-04c46705feb6.html,wcfcourier.com,20211119T060000Z,English,United States
soil carbon requestration,carbon farming,Biden tabs Greenfield to lead USDA Rural Development in Iowa,https://www.southernminn.com/around_the_web/news/article_e60b6c9a-1046-5615-8abc-7bcb10bb1341.html,southernminn.com,20211119T054500Z,English,United States
soil carbon requestration,carbon farming,"President Biden Announces Key Regional Appointments for USDA , SBA , EPA , and HHS",https://www.whitehouse.gov/briefing-room/statements-releases/2021/11/18/president-biden-announces-key-regional-appointments-for-usda-sba-epa-and-hhs/,whitehouse.gov,20211119T014500Z,English,United States
soil carbon requestration,carbon farming,Biden tabs Greenfield to lead USDA Rural Development in Iowa,https://www.thegazette.com/federal-government/biden-tabs-greenfield-to-lead-usda-rural-development-in-iowa/,thegazette.com,20211118T230000Z,English,United States
soil carbon requestration,carbon farming,Solutions At The Surface | EthanolProducer . com,http://www.ethanolproducer.com/articles/18761/solutions-at-the-surface,ethanolproducer.com,20211118T163000Z,English,United States
soil carbon requestration,carbon farming,Solutions At The Surface | EthanolProducer . com,http://ethanolproducer.com/articles/18761/solutions-at-the-surface,ethanolproducer.com,20211118T160000Z,English,United States
soil carbon requestration,carbon farming,Decarbonization framework aims to eliminate greenhouse emissions in San Diego County,https://www.sandiegouniontribune.com/news/politics/story/2021-11-17/decarbonization-san-diego-county,sandiegouniontribune.com,20211118T043000Z,English,United States
soil carbon requestration,carbon farming,County Parks to spend less on agricultural easements,https://www.ptreyeslight.com/news/county-parks-to-spend-less-on-agricultural-easements/,ptreyeslight.com,20211118T020000Z,English,United States
soil carbon requestration,carbon farming,State Government to unlock land for renewable energy and economic diversification,https://www.miragenews.com/state-government-to-unlock-land-for-renewable-675948/,miragenews.com,20211118T010000Z,English,United States
soil carbon requestration,carbon farming,CIBO Technologies Releases CarbonLab™ and New User Experience Enhancements To Its Enterprise Platform,https://www.southernminn.com/around_the_web/news/article_7b65112e-fd90-51bb-b021-67c8981348ab.html,southernminn.com,20211116T191500Z,English,United States
soil carbon requestration,carbon farming,CIBO Technologies Releases CarbonLab™ and New User Experience Enhancements To Its Enterprise Platform,https://www.crowrivermedia.com/national/news/cibo-technologies-releases-carbonlab-and-new-user-experience-enhancements-to-its-enterprise-platform/article_72415dc4-c76e-5021-a755-94ed38a2c9ea.html,crowrivermedia.com,20211116T184500Z,English,United States
soil carbon requestration,carbon farming,CIBO Technologies Releases CarbonLab™ and New User Experience Enhancements To Its Enterprise Platform,https://www.tmcnet.com/usubmit/2021/11/16/9493813.htm,tmcnet.com,20211116T174500Z,English,United States
soil carbon requestration,carbon farming,CIBO Technologies Releases CarbonLab™ and New User Experience Enhancements To Its Enterprise Platform,https://www.prnewswire.com:443/news-releases/cibo-technologies-releases-carbonlab-and-new-user-experience-enhancements-to-its-enterprise-platform-301425804.html,prnewswire.com,20211116T174500Z,English,United States
soil carbon requestration,carbon farming,CIBO Technologies Releases CarbonLab™ and New User Experience Enhancements To Its Enterprise Platform,https://www.prnewswire.com/news-releases/cibo-technologies-releases-carbonlab-and-new-user-experience-enhancements-to-its-enterprise-platform-301425804.html,prnewswire.com,20211116T173000Z,English,United States
soil carbon requestration,carbon farming,California studies what a carbon - neutral future means for its lands | Food and Environment Reporting Network,https://thefern.org/ag_insider/california-studies-what-a-carbon-neutral-future-means-for-its-lands/,thefern.org,20211116T051500Z,English,United States
soil carbon requestration,carbon farming,Environment and Climate Regulation Comparative Guide - Environment,https://www.mondaq.com/australia/environment/1130202/environment-and-climate-regulation-comparative-guide,mondaq.com,20211116T043000Z,English,United States
soil carbon requestration,carbon farming,Airly crackers aim to combat climate change,https://news.stlpublicradio.org/show/st-louis-on-the-air/2021-11-15/st-louis-born-airly-is-the-worlds-first-climate-friendly-snack-cracker,news.stlpublicradio.org,20211116T030000Z,English,United States
soil carbon requestration,carbon farming,Brazil at COP26 offers big plans . But its track record is dismal,https://www.cnn.com/2021/11/01/americas/brazil-cop26-environmental-committments-analysis-intl-latam/,cnn.com,20211115T050000Z,English,United States
soil carbon requestration,carbon farming,Times reports bring hope to climate change information,https://www.sctimes.com/story/opinion/2021/11/14/times-reports-bring-hope-climate-change-information/6376764001/,sctimes.com,20211114T154500Z,English,United States
soil carbon requestration,carbon farming,Regenerative Agriculture : A Way To Sequester Carbon,https://cleantechnica.com/2021/11/12/regenerative-agriculture-a-way-to-sequester-carbon/,cleantechnica.com,20211113T000000Z,English,United States
soil carbon requestration,carbon farming,Seaweed supplements could significantly reduce livestock methane emissions,https://www.thefencepost.com/news/seaweed-supplements-could-significantly-reduce-livestock-methane-emissions/,thefencepost.com,20211112T174500Z,English,United States
soil carbon requestration,carbon farming,Crossing Fields : The Inaugural Lecture of Professor Jennifer Reeve,https://www.usu.edu/today/story/crossing-fields-the-inaugural-lecture-of-professor-jennifer-reeve,usu.edu,20211111T200000Z,English,United States
soil carbon requestration,carbon farming,How Adding Rock Dust to Soil Could Help Get Carbon into the Ground,https://e360.yale.edu/features/how-adding-rock-dust-to-soil-can-help-get-carbon-into-the-ground,e360.yale.edu,20211111T044500Z,English,United States
soil carbon requestration,carbon farming,Serious about climate change ? Get serious about peat .,https://www.pressherald.com/2021/11/10/serious-about-climate-change-get-serious-about-peat/,pressherald.com,20211110T214500Z,English,United States
soil carbon requestration,carbon farming,Serious about climate change ? Get serious about peat .,https://www.msn.com/en-us/weather/topstories/serious-about-climate-change-get-serious-about-peat/ar-AAQwUtO,msn.com,20211110T083000Z,English,United States
soil carbon requestration,carbon farming,Peat could be a  carbon bomb  or a climate change solution,https://www.washingtonpost.com/world/2021/11/10/cop26-peat-carbon/,washingtonpost.com,20211110T083000Z,English,United States
soil carbon requestration,carbon farming,"Great Plains Regeneration hosts soil health workshop in Pratt , Kansas",https://www.hutchnews.com/story/news/2021/11/09/great-plains-regeneration-hosts-soil-health-workshop-pratt-kansas/6332136001/,hutchnews.com,20211109T154500Z,English,United States
soil carbon requestration,carbon farming,"As World Waits For Global Leaders To Take Action At COP26 Climate Summit , One New Food Brand Is Already Making Major Strides",https://www.prnewswire.com/news-releases/as-world-waits-for-global-leaders-to-take-action-at-cop26-climate-summit-one-new-food-brand-is-already-making-major-strides-301420005.html,prnewswire.com,20211109T153000Z,English,United States
soil carbon requestration,carbon farming,"As World Waits For Global Leaders To Take Action At COP26 Climate Summit , One New Food Brand Is Already Making Major Strides",https://www.prnewswire.com:443/news-releases/as-world-waits-for-global-leaders-to-take-action-at-cop26-climate-summit-one-new-food-brand-is-already-making-major-strides-301420005.html,prnewswire.com,20211109T153000Z,English,United States
soil carbon requestration,carbon farming,"As World Waits For Global Leaders To Take Action At COP26 Climate Summit , One New Food Brand Is Already Making Major Strides",https://www.tmcnet.com/usubmit/2021/11/09/9487943.htm,tmcnet.com,20211109T153000Z,English,United States
soil carbon requestration,carbon farming,Protecting nature is best shot at reaching net zero,https://www.investmentnews.com/protecting-nature-is-best-shot-at-reaching-net-zero-213844,investmentnews.com,20211108T224500Z,English,United States
soil carbon requestration,carbon farming,Minerva Foods And Imaflora Announce Partnership In Program To Measure Carbon Balance Of South American Farms,https://apnews.com/press-release/PRNewswire/technology-business-forests-environment-brazil-65d352e69ee1e9a7fde20780ec5c1f34,apnews.com,20211107T130000Z,English,United States
soil carbon requestration,carbon farming,"More Trees , Less Grass , No Food",https://canadafreepress.com/article/more-trees-less-grass-no-food,canadafreepress.com,20211107T121500Z,English,United States
soil carbon requestration,carbon farming,Minerva Foods And Imaflora Ann - GuruFocus . com,https://www.gurufocus.com/news/1564856/minerva-foods-and-imaflora-announce-partnership-in-program-to-measure-carbon-balance-of-south-american-farms,gurufocus.com,20211107T000000Z,English,United States
soil carbon requestration,carbon farming,Minerva Foods And Imaflora Announce Partnership In Program To Measure Carbon Balance Of South American Farms,https://apnews.com/press-release/pr-newswire/technology-business-forests-environment-brazil-65d352e69ee1e9a7fde20780ec5c1f34,apnews.com,20211106T223000Z,English,United States
soil carbon requestration,carbon farming,Minerva Foods And Imaflora Announce Partnership In Program To Measure Carbon Balance Of South American Farms,https://www.tmcnet.com/usubmit/2021/11/06/9486001.htm,tmcnet.com,20211106T213000Z,English,United States
soil carbon requestration,carbon farming,Minerva Foods And Imaflora Announce Partnership In Program To Measure Carbon Balance Of South American Farms,https://www.tmcnet.com/usubmit/-minerva-foods-imaflora-announce-partnership-program-measure-carbon-/2021/11/06/9486001.htm,tmcnet.com,20211106T201500Z,English,United States
soil carbon requestration,carbon farming,Minerva Foods And Imaflora Announce Partnership In Program To Measure Carbon Balance Of South American Farms,https://www.prnewswire.com:443/news-releases/minerva-foods-and-imaflora-announce-partnership-in-program-to-measure-carbon-balance-of-south-american-farms-301418036.html,prnewswire.com,20211106T201500Z,English,United States
soil carbon requestration,carbon farming,Minerva Foods And Imaflora Announce Partnership In Program To Measure Carbon Balance Of South American Farms,https://www.prnewswire.com/news-releases/minerva-foods-and-imaflora-announce-partnership-in-program-to-measure-carbon-balance-of-south-american-farms-301418036.html,prnewswire.com,20211106T200000Z,English,United States
soil carbon requestration,carbon farming,The madness of carbon sequestration,https://www.americanthinker.com/blog/2021/11/the_madness_of_carbon_sequestration.html,americanthinker.com,20211106T100000Z,English,United States
soil carbon requestration,carbon farming,Tiakina te Taiao - take care of the living world,http://www.msn.com/en-nz/news/national/tiakina-te-taiao-take-care-of-the-living-world/ar-AAQjKUO,msn.com,20211104T164500Z,English,United States
soil carbon requestration,carbon farming,Carbon is my thing : the climate geek trying to erase his footprint,http://www.msn.com/en-nz/news/uknews/carbon-is-my-thing-the-climate-geek-trying-to-erase-his-footprint/ar-AAQjo2W,msn.com,20211104T113000Z,English,United States
soil carbon requestration,carbon farming,U . S . farm co - op CHS to pay members to enroll in Bayer carbon farming program,https://kelo.com/2021/11/03/u-s-farm-co-op-chs-to-pay-members-to-enroll-in-bayer-carbon-farming-program/,kelo.com,20211104T011500Z,English,United States
soil carbon requestration,carbon farming,Support low for farmland preservation - Point Reyes Light,https://www.ptreyeslight.com/news/support-low-for-farmland-preservation/,ptreyeslight.com,20211103T233000Z,English,United States
soil carbon requestration,carbon farming,Sacramento County new climate action plan criticized by environmental groups as  toothles • Sacramento News & Review,https://sacramento.newsreview.com/2021/11/03/sacramento-countys-new-climate-action-plan-criticized-by-environmental-groups-as-toothless/,sacramento.newsreview.com,20211103T170000Z,English,United States
soil carbon requestration,carbon farming,U . S . farm co - op CHS to pay members to enroll in Bayer carbon farming program,https://www.reuters.com/business/us-farm-co-op-chs-pay-members-enroll-bayer-carbon-farming-program-2021-11-03/,reuters.com,20211103T130000Z,English,United States
soil carbon requestration,carbon farming,Brazil at COP26 offers big plans . But its track record is dismal,https://www.msn.com/en-us/news/us/brazil-at-cop26-offers-big-plans-but-its-track-record-is-dismal/ar-AAQcbQ0,msn.com,20211101T184500Z,English,United States
soil carbon requestration,carbon farming,Empowering Indigenous land management through emissions reductions and the carbon economy,https://phys.org/news/2021-11-empowering-indigenous-emissions-reductions-carbon.html,phys.org,20211101T170000Z,English,United States
soil carbon requestration,carbon farming,Europe Fears That Rising Cost of Climate Action Is Stirring Anger,https://www.nytimes.com/2021/11/01/business/energy-environment/europe-climate-action-cost.html,nytimes.com,20211101T143000Z,English,United States
soil carbon requestration,carbon farming,The Decade of Decarbonisation & Restoration : Needed Actions in Hospitality,https://www.hospitalitynet.org/viewpoint/125000141.html,hospitalitynet.org,20220201T110000Z,English,United States
soil carbon requestration,carbon farming,- Shell completes acquisition of energy ...,https://www.euro-petrole.com/shell-completes-acquisition-of-energy-retailer-powershop-australia-n-i-23368,euro-petrole.com,20220201T101500Z,English,United States
soil carbon requestration,carbon farming,Producers still wary of carbon markets,https://www.hpj.com/crops/producers-still-wary-of-carbon-markets/article_87de0dd0-806b-11ec-8fea-9f73eb55ad45.html,hpj.com,20220128T201500Z,English,United States
soil carbon requestration,carbon farming,Reflections from The Hill – Advanced BioFuels united states,https://advancedbiofuelsusa.info/reflections-from-the-hill/,advancedbiofuelsusa.info,20220128T184500Z,English,United States
soil carbon requestration,carbon farming,Reflections From The Hill | EthanolProducer . com,http://www.ethanolproducer.com/articles/18890/reflections-from-the-hill,ethanolproducer.com,20220127T161500Z,English,United States
soil carbon requestration,carbon farming,FFA Officers Tour California Ag and Brazil Coffee Production Off,https://newstalkkit.com/ffa-officers-tour-california-ag-and-brazil-coffee-production-off/,newstalkkit.com,20220127T150000Z,English,United States
soil carbon requestration,carbon farming,FFA Officers Tour California Ag and Brazil Coffee Production Off - AG INFORMATION NETWORK OF THE WEST,https://www.aginfo.net/report/51968/The-Agribusiness-Update/FFA-Officers-Tour-California-Ag-and-Brazil-Coffee-Production-Off,aginfo.net,20220127T100000Z,English,United States
soil carbon requestration,carbon farming,Mycorrhizal Inoculants Answer Quest for Carbon Permanence,https://www.croplife.com/crop-inputs/mycorrhizal-inoculants-answer-quest-for-carbon-permanence/,croplife.com,20220126T221500Z,English,United States
soil carbon requestration,carbon farming,Opinion : We can clean up the carbon footprint without compromising the economy,https://www.statesman.com/story/opinion/columns/2022/01/23/opinion-we-can-clean-up-carbon-footprint-without-compromising-economy/6565108001/,statesman.com,20220123T143000Z,English,United States
soil carbon requestration,carbon farming,"FarmRaise aims to become a financial services giant , starting with farm grants – TechCrunch",https://techcrunch.com/2022/01/21/farmraise-aims-to-become-a-financial-services-giant-starting-with-farm-grants/,techcrunch.com,20220122T043000Z,English,United States
soil carbon requestration,carbon farming,"FarmRaise aims to become a financial services giant , starting with farm grants",https://news.yahoo.com/farmraise-aims-become-financial-services-024453428.html,news.yahoo.com,20220122T033000Z,English,United States
soil carbon requestration,carbon farming,Researchers help shape federal blue carbon credit system,https://www.miragenews.com/researchers-help-shape-federal-blue-carbon-710474/,miragenews.com,20220121T003000Z,English,United States
soil carbon requestration,carbon farming,Decarbonizing Agriculture : Learnings From Working in International Coalitions,http://justmeans.com/article/decarbonizing-agriculture-learnings-from-working-in-international-coalitions,justmeans.com,20220120T231500Z,English,United States
soil carbon requestration,carbon farming,FFA Members Tour California Agriculture,https://www.kmjnow.com/2022/01/20/ffa-members-tour-california-agriculture/,kmjnow.com,20220120T183000Z,English,United States
soil carbon requestration,carbon farming,"Wisconsin Ag Connection - National / World News - Carbon Credit Efforts Improve Soil Health , Boost Revenues",http://www.wisconsinagconnection.com/story-national.php?Id=70&yr=2022,wisconsinagconnection.com,20220120T161500Z,English,United States
soil carbon requestration,carbon farming,Forest industries welcome new opportunities to help Australia meet its climate goals,https://www.miragenews.com/forest-industries-welcome-new-opportunities-to-709898/,miragenews.com,20220120T060000Z,English,United States
soil carbon requestration,carbon farming,MCLA Green Living Seminar Series Begins Jan . 26,https://www.iberkshires.com/story/67006/MCLA-Green-Living-Seminar-Series-Begins-Jan.-26-.html,iberkshires.com,20220119T134500Z,English,United States
soil carbon requestration,carbon farming,New Plantation Forestry Method made under Emissions Reduction Fund,https://www.miragenews.com/new-plantation-forestry-method-made-under-708962/,miragenews.com,20220119T021500Z,English,United States
soil carbon requestration,carbon farming,"CEO of Desert Control Americas takes charge to spearhead the battle against drought , water scarcity , and soil degradation in the United States",https://www.sandiegosun.com/news/272196601/ceo-of-desert-control-americas-takes-charge-to-spearhead-the-battle-against-drought-water-scarcity-and-soil-degradation-in-the-united-states,sandiegosun.com,20220118T103000Z,English,United States
soil carbon requestration,carbon farming,"CEO of Desert Control Americas takes charge to spearhead the battle against drought , water scarcity , and soil degradation in the United States",https://www.texasguardian.com/news/272196601/ceo-of-desert-control-americas-takes-charge-to-spearhead-the-battle-against-drought-water-scarcity-and-soil-degradation-in-the-united-states,texasguardian.com,20220118T093000Z,English,United States
soil carbon requestration,carbon farming,"CEO of Desert Control Americas takes charge to spearhead the battle against drought , water scarcity , and soil degradation in the United States",https://www.newyorktelegraph.com/news/272196601/ceo-of-desert-control-americas-takes-charge-to-spearhead-the-battle-against-drought-water-scarcity-and-soil-degradation-in-the-united-states,newyorktelegraph.com,20220118T084500Z,English,United States
soil carbon requestration,carbon farming,"ACE , Industry Groups Encourge CARB to Recognize Climate - Smart Farming Practices in Low Carbon Fuel Standard – Advanced BioFuels united states",https://advancedbiofuelsusa.info/ace-industry-groups-encourge-carb-to-recognize-climate-smart-farming-practices-in-low-carbon-fuel-standard/,advancedbiofuelsusa.info,20220116T164500Z,English,United States
soil carbon requestration,carbon farming,"NBB , industry groups urge CARB to recognize climate - smart farming",http://biodieselmagazine.com/articles/2517935/nbb-industry-groups-urge-carb-to-recognize-climate-smart-farming,biodieselmagazine.com,20220115T121500Z,English,United States
soil carbon requestration,carbon farming,RED Grants deliver boost for Great Southern business,https://www.miragenews.com/red-grants-deliver-boost-for-great-southern-707004/,miragenews.com,20220114T043000Z,English,United States
soil carbon requestration,carbon farming,Coalition asks CARB to recognize climate practices of farming practices within LCFS : Biofuels Digest,https://www.biofuelsdigest.com/bdigest/2022/01/13/coalition-asks-carb-to-recognize-climate-practices-of-farming-practices-within-lcfs/,biofuelsdigest.com,20220114T010000Z,English,United States
soil carbon requestration,carbon farming,Ethanol Touted as Complementary Decarbonization Solution to EVs at House Hearing – Advanced BioFuels united states,https://advancedbiofuelsusa.info/ethanol-touted-as-complementary-decarbonization-solution-to-evs-at-house-hearing/,advancedbiofuelsusa.info,20220113T224500Z,English,United States
soil carbon requestration,carbon farming,Major boost for pioneering carbon farming projects,https://www.miragenews.com/major-boost-for-pioneering-carbon-farming-706327/,miragenews.com,20220113T061500Z,English,United States
soil carbon requestration,carbon farming,"ACE , industry groups urge CARB to recognize climate - smart farming",http://www.ethanolproducer.com/articles/18906/ace-industry-groups-urge-carb-to-recognize-climate-smart-farming,ethanolproducer.com,20220113T040000Z,English,United States
soil carbon requestration,carbon farming,"ACE , industry groups urge CARB to recognize climate - smart farming",http://ethanolproducer.com/articles/18906/ace-industry-groups-urge-carb-to-recognize-climate-smart-farming,ethanolproducer.com,20220113T011500Z,English,United States
soil carbon requestration,carbon farming,"NBB , industry groups urge CARB to recognize climate - smart farming",http://www.biodieselmagazine.com/articles/2517935/nbb-industry-groups-urge-carb-to-recognize-climate-smart-farming,biodieselmagazine.com,20220113T004500Z,English,United States
soil carbon requestration,carbon farming,More US Farmers Plant Cover Crops,https://learningenglish.voanews.com/a/more-us-farmers-plant-cover-crops-/6383612.html,learningenglish.voanews.com,20220112T004500Z,English,United States
soil carbon requestration,carbon farming,U . S . Aims To Double Cover Crop Planting To Address Climate Change,http://www.sej.org/headlines/us-aims-double-cover-crop-planting-address-climate-change,sej.org,20220111T141500Z,English,United States
soil carbon requestration,carbon farming,Ridiculou : East Coasters fear historic station could soon be foreign - owned carbon farm,http://www.msn.com/en-nz/news/national/ridiculous-east-coasters-fear-historic-station-could-soon-be-foreign-owned-carbon-farm/ar-AASEhgx,msn.com,20220111T073000Z,English,United States
soil carbon requestration,carbon farming,U . S . aims to double cover crop planting to address climate change,https://wiky.com/2022/01/10/u-s-aims-to-double-cover-crop-planting-to-address-climate-change/,wiky.com,20220110T211500Z,English,United States
soil carbon requestration,carbon farming,U . S . aims to double cover crop planting to address climate change,https://wsau.com/2022/01/10/u-s-aims-to-double-cover-crop-planting-to-address-climate-change/,wsau.com,20220110T210000Z,English,United States
soil carbon requestration,carbon farming,U . S . aims to double cover crop planting to address climate change,https://kfgo.com/2022/01/10/u-s-aims-to-double-cover-crop-planting-to-address-climate-change/,kfgo.com,20220110T210000Z,English,United States
soil carbon requestration,carbon farming,U . S . aims to double cover crop planting to address climate change,https://hot96.com/2022/01/10/u-s-aims-to-double-cover-crop-planting-to-address-climate-change/,hot96.com,20220110T204500Z,English,United States
soil carbon requestration,carbon farming,U . S . aims to double cover crop planting to address climate change,https://www.aol.com/news/u-aims-double-cover-crop-185339555-191547722.html,aol.com,20220110T203000Z,English,United States
soil carbon requestration,carbon farming,U . S . aims to double cover crop planting to address climate change,https://whbl.com/2022/01/10/u-s-aims-to-double-cover-crop-planting-to-address-climate-change/,whbl.com,20220110T194500Z,English,United States
soil carbon requestration,carbon farming,U . S . aims to double cover crop planting to address climate change,https://kelo.com/2022/01/10/u-s-aims-to-double-cover-crop-planting-to-address-climate-change/,kelo.com,20220110T194500Z,English,United States
soil carbon requestration,carbon farming,U . S . aims to double cover crop planting to address climate change By Reuters,https://www.investing.com/news/commodities-news/us-aims-to-double-cover-crop-planting-to-address-climate-change-2734987,investing.com,20220110T191500Z,English,United States
soil carbon requestration,carbon farming,Solon company provides financial incentive to climate - conscious growers,https://www.crainscleveland.com/energy-and-environment/solon-company-provides-financial-incentive-climate-conscious-growers,crainscleveland.com,20220108T133000Z,English,United States
soil carbon requestration,carbon farming,Six Best Practices for Carbon Offsets,http://www.justmeans.com/blog/six-best-practices-for-carbon-offsets,justmeans.com,20220107T150000Z,English,United States
soil carbon requestration,carbon farming,Farmers Continue to Expand Cover Crops,https://www.agnews890.com/2022/01/06/farmers-continue-to-expand-cover-crops/,agnews890.com,20220106T200000Z,English,United States
soil carbon requestration,carbon farming,Farmers Continue to Expand Cover Crops,https://www.newsdakota.com/2022/01/06/farmers-continue-to-expand-cover-crops/,newsdakota.com,20220106T173000Z,English,United States
soil carbon requestration,carbon farming,Off - season  cover  crops expand as U . S . growers eye low - carbon future,https://www.wenatcheeworld.com/business/off-season-cover-crops-expand-as-u-s-growers-eye-low-carbon-future/article_7db9d308-e302-523c-85ba-aa1f870fbdc2.html,wenatcheeworld.com,20220106T151500Z,English,United States
soil carbon requestration,carbon farming,Farmers continue to expand use of cover crops,https://drgnews.com/2022/01/06/farmers-continue-to-expand-use-of-cover-crops/,drgnews.com,20220106T150000Z,English,United States
soil carbon requestration,carbon farming,Off - Season  Cover  Crops Expand as U . S . Growers Eye Low - Carbon Future – Advanced BioFuels united states,https://advancedbiofuelsusa.info/off-season-cover-crops-expand-as-u-s-growers-eye-low-carbon-future/,advancedbiofuelsusa.info,20220104T224500Z,English,United States
soil carbon requestration,carbon farming,Farming for the climate : Off - season  cover  crops expand as U . S . growers eye low - carbon future,http://www.msn.com/en-us/news/us/farming-for-the-climate-off-season-cover-crops-expand-as-us-growers-eye-low-carbon-future/ar-AASpSgP,msn.com,20220104T223000Z,English,United States
soil carbon requestration,carbon farming,Off - Season  Cover  Crops Expand as US Growers Eye Low - Carbon Future,https://www.cincinnatisun.com/news/272099500/off-season-cover-crops-expand-as-us-growers-eye-low-carbon-future,cincinnatisun.com,20220104T181500Z,English,United States
soil carbon requestration,carbon farming,Farming for the climate : Off - season  cover  crops expand as U . S . growers eye low - carbon future | WTVB | 1590 AM · 95 . 5 FM,https://wtvbam.com/2022/01/04/farming-for-the-climate-off-season-cover-crops-expand-as-u-s-growers-eye-low-carbon-future/,wtvbam.com,20220104T181500Z,English,United States
soil carbon requestration,carbon farming,Farming for the climate : Off - season  cover  crops expand as U . S . growers eye low - carbon future | 100 . 7 MIX - FM | Today Hit Music,https://mymixfm.com/2022/01/04/farming-for-the-climate-off-season-cover-crops-expand-as-u-s-growers-eye-low-carbon-future/,mymixfm.com,20220104T180000Z,English,United States
soil carbon requestration,carbon farming,Off - Season  Cover  Crops Expand as US Growers Eye Low - Carbon Future,https://www.longbeachstar.com/news/272099500/off-season-cover-crops-expand-as-us-growers-eye-low-carbon-future,longbeachstar.com,20220104T180000Z,English,United States
soil carbon requestration,carbon farming,Farming for the climate : Off - season  cover  crops expand as U . S . growers eye low - carbon future | HOT 96 | Today Hit Music,https://hot96.com/2022/01/04/farming-for-the-climate-off-season-cover-crops-expand-as-u-s-growers-eye-low-carbon-future/,hot96.com,20220104T174500Z,English,United States
soil carbon requestration,carbon farming,Farming for the climate : Off - season  cover  crops expand as U . S . growers eye low - carbon future | 1450 AM 99 . 7 FM WHTC,https://whtc.com/2022/01/04/farming-for-the-climate-off-season-cover-crops-expand-as-u-s-growers-eye-low-carbon-future/,whtc.com,20220104T174500Z,English,United States
soil carbon requestration,carbon farming,Farming for the climate : Off - season  cover  crops expand as U . S . growers eye low - carbon future | 104 . 1 WIKY,https://wiky.com/2022/01/04/farming-for-the-climate-off-season-cover-crops-expand-as-u-s-growers-eye-low-carbon-future/,wiky.com,20220104T173000Z,English,United States
soil carbon requestration,carbon farming,Off - Season  Cover  Crops Expand as US Growers Eye Low - Carbon Future,https://www.clevelandstar.com/news/272099500/off-season-cover-crops-expand-as-us-growers-eye-low-carbon-future,clevelandstar.com,20220104T171500Z,English,United States
soil carbon requestration,carbon farming,Off - Season  Cover  Crops Expand as US Growers Eye Low - Carbon Future,https://www.ohiostandard.com/news/272099500/off-season-cover-crops-expand-as-us-growers-eye-low-carbon-future,ohiostandard.com,20220104T164500Z,English,United States
soil carbon requestration,carbon farming,Farming for the climate : Off - season  cover  crops expand as U . S . growers eye low - carbon future,https://kelo.com/2022/01/04/farming-for-the-climate-off-season-cover-crops-expand-as-u-s-growers-eye-low-carbon-future/,kelo.com,20220104T163000Z,English,United States
soil carbon requestration,carbon farming,Farming for the climate : Off - season  cover  crops expand as U . S . growers eye low - carbon future | WTAQ News Talk | 97 . 5 FM · 1360 AM,https://wtaq.com/2022/01/04/farming-for-the-climate-off-season-cover-crops-expand-as-u-s-growers-eye-low-carbon-future/,wtaq.com,20220104T154500Z,English,United States
soil carbon requestration,carbon farming,Off - Season  Cover  Crops Expand as US Growers Eye Low - Carbon Future,https://www.bignewsnetwork.com/news/272099500/off-season-cover-crops-expand-as-us-growers-eye-low-carbon-future,bignewsnetwork.com,20220104T153000Z,English,United States
soil carbon requestration,carbon farming,Farming for the climate : Off - season  cover  crops expand as U . S . growers eye low - carbon future | The Mighty 790 KFGO,https://kfgo.com/2022/01/04/farming-for-the-climate-off-season-cover-crops-expand-as-u-s-growers-eye-low-carbon-future/,kfgo.com,20220104T151500Z,English,United States
soil carbon requestration,carbon farming,Farming for the climate : Off - season  cover  crops expand as U . S . growers eye low - carbon future | WABX 107 . 5,https://wabx.net/2022/01/04/farming-for-the-climate-off-season-cover-crops-expand-as-u-s-growers-eye-low-carbon-future/,wabx.net,20220104T151500Z,English,United States
soil carbon requestration,carbon farming,Off - Season  Cover  Crops Expand as US Growers Eye Low - Carbon Future,https://www.voanews.com/a/farming-for-the-climate-off-season-cover-crops-expand-as-us-growers-eye-low-carbon-future-/6381153.html,voanews.com,20220104T144500Z,English,United States
soil carbon requestration,carbon farming,Farming for the climate : Off - season  cover  crops expand as U . S . growers eye low - carbon future,https://whbl.com/2022/01/04/farming-for-the-climate-off-season-cover-crops-expand-as-u-s-growers-eye-low-carbon-future/,whbl.com,20220104T141500Z,English,United States
soil carbon requestration,carbon farming,Farming for the climate : Off - season  cover  crops expand as U . S . growers eye low - carbon future | WSAU News / Talk 550 AM · 99 . 9 FM,https://wsau.com/2022/01/04/farming-for-the-climate-off-season-cover-crops-expand-as-u-s-growers-eye-low-carbon-future/,wsau.com,20220104T141500Z,English,United States
soil carbon requestration,carbon farming,Farming for the climate : Off - season  cover  crops expand as U . S . growers eye low - carbon future,https://www.msn.com/en-au/news/us/farming-for-the-climate-off-season-cover-crops-expand-as-u-s-growers-eye-low-carbon-future/ar-AASpSgP,msn.com,20220104T133000Z,English,United States
soil carbon requestration,carbon farming,"US growers expand cover crops , eye low - carbon future",https://www.thepoultrysite.com/news/2022/01/us-growers-expand-cover-crops-eye-low-carbon-future,thepoultrysite.com,20220104T133000Z,English,United States
soil carbon requestration,carbon farming,Farming for the climate : Off - season  cover  crops expand as U . S . growers eye low - carbon future,https://gazette.com/news/us-world/farming-for-the-climate-off-season-cover-crops-expand-as-u-s-growers-eye-low/article_7e64e103-7911-522c-b6a7-6eb3d2f455a9.html,gazette.com,20220104T131500Z,English,United States
soil carbon requestration,carbon farming,Carbon program looks at consumer side,https://www.farmprogress.com/carbon/carbon-program-looks-consumer-side,farmprogress.com,20220104T111500Z,English,United States
soil carbon requestration,carbon farming,Indigo Launches CCA Accredited Online Learning Series to Further Understanding of Carbon Farming,https://www.murfreesboropost.com/news/state/indigo-launches-cca-accredited-online-learning-series-to-further-understanding-of-carbon-farming/article_9b07b4a7-705c-547e-9272-ac0c40dca5ec.html,murfreesboropost.com,20220104T013000Z,English,United States
soil carbon requestration,carbon farming,Can farmers reverse climate change through carbon farming ? | American Enterprise Institute,https://www.aei.org/research-products/report/can-farmers-reverse-climate-change-through-carbon-farming/,aei.org,20220103T073000Z,English,United States
soil carbon requestration,carbon farming,Start - Up Nation Central introduced a delegation of UN ambassadors to the Israeli Innovation Powerhouse,https://www.prnewswire.com/il/news-releases/start-up-nation-central-introduced-a-delegation-of-un-ambassadors-to-the-israeli-innovation-powerhouse-301559213.html,prnewswire.com,20220601T211500Z,English,United States
soil carbon requestration,carbon farming,Start - Up Nation Central introduced a delegation of UN ambassadors to the Israeli Innovation Powerhouse,https://www.wfmz.com/news/pr_newswire/pr_newswire_technology/start-up-nation-central-introduced-a-delegation-of-un-ambassadors-to-the-israeli-innovation-powerhouse/article_dcfe3aca-0400-51bb-a20b-2ade6a493603.html,wfmz.com,20220601T153000Z,English,United States
soil carbon requestration,carbon farming,Start - Up Nation Central introduced a delegation of UN ambassadors to the Israeli Innovation Powerhouse,https://www.prnewswire.com/news-releases/start-up-nation-central-introduced-a-delegation-of-un-ambassadors-to-the-israeli-innovation-powerhouse-301559213.html,prnewswire.com,20220601T150000Z,English,United States
soil carbon requestration,carbon farming,Start - Up Nation Central introduced a delegation of UN ambassadors to the Israeli Innovation Powerhouse,https://www.prnewswire.com:443/news-releases/start-up-nation-central-introduced-a-delegation-of-un-ambassadors-to-the-israeli-innovation-powerhouse-301559213.html,prnewswire.com,20220601T150000Z,English,United States
soil carbon requestration,carbon farming,Napa Green launches climate change and sustainability symposium,https://napavalleyregister.com/wine/napa-green-launches-climate-change-and-sustainability-symposium/article_64c6ecb0-dd39-11ec-84e6-b735f12f524e.html,napavalleyregister.com,20220529T051500Z,English,United States
soil carbon requestration,carbon farming,New West Sonoma Coast AVA – Wine & Spirits Magazine,https://www.wineandspiritsmagazine.com/news/news-in-brief/new-west-sonoma-coast-ava,wineandspiritsmagazine.com,20220526T210000Z,English,United States
soil carbon requestration,carbon farming,Teals and Greens will turn up heat on new Labor government climate policy,https://www.miragenews.com/teals-and-greens-will-turn-up-heat-on-new-labor-786645/,miragenews.com,20220522T021500Z,English,United States
soil carbon requestration,carbon farming,Tip of the melting iceberg : Emissions Reduction Plan signals extensive climate change policy development over the next four years,https://www.lexology.com/library/detail.aspx?g=4067e729-3ef5-4a1e-80e5-a8b84040324f,lexology.com,20220517T170000Z,English,United States
soil carbon requestration,carbon farming,Father of biological agriculture  Gary Zimmer to join Verde as corporate consultant,https://markets.businessinsider.com/news/stocks/father-of-biological-agriculture-gary-zimmer-to-join-verde-as-corporate-consultant-1031468814,markets.businessinsider.com,20220517T164500Z,English,United States
soil carbon requestration,carbon farming,Father of biological agriculture  Gary Zimmer to join Verde as corporate consultant,https://www.prnewswire.com/news-releases/father-of-biological-agriculture-gary-zimmer-to-join-verde-as-corporate-consultant-301548196.html,prnewswire.com,20220517T140000Z,English,United States
soil carbon requestration,carbon farming,Father of biological agriculture  Gary Zimmer to join Verde as corporate consultant,https://www.prnewswire.com:443/news-releases/father-of-biological-agriculture-gary-zimmer-to-join-verde-as-corporate-consultant-301548196.html,prnewswire.com,20220517T140000Z,English,United States
soil carbon requestration,carbon farming,Peter Bell Retires from Fox Run – Wine & Spirits Magazine,https://www.wineandspiritsmagazine.com/news/news-in-brief/peter-bell-retires-from-fox-run,wineandspiritsmagazine.com,20220516T183000Z,English,United States
soil carbon requestration,carbon farming,Australian Carbon Credit Units : an untapped financial product and asset - Commodities / Derivatives / Stock Exchanges,https://www.mondaq.com/australia/commoditiesderivativesstock-exchanges/1190982/australian-carbon-credit-units-an-untapped-financial-product-and-asset,mondaq.com,20220512T121500Z,English,United States
soil carbon requestration,carbon farming,RCD hopes to join in city climate plan,https://www.hmbreview.com/news/rcd-hopes-to-join-in-citys-climate-plan/article_2f96e2ca-d0b9-11ec-a4ec-737ac6c6c2da.html,hmbreview.com,20220511T033000Z,English,United States
soil carbon requestration,carbon farming,WA climate action efforts accelerate with $60 million EV package,https://www.miragenews.com/was-climate-action-efforts-accelerate-with-60-778728/,miragenews.com,20220510T043000Z,English,United States
soil carbon requestration,carbon farming,Straus Dairy Farm Carbon - Neutral Goal Draws Near as CDFA Approves First - Ever Red Seaweed Supplement to Reduce Methane Emissions,https://www.perishablenews.com/dairy/straus-dairy-farms-carbon-neutral-goal-draws-near-as-cdfa-approves-first-ever-red-seaweed-supplement-to-reduce-methane-emissions/,perishablenews.com,20220509T224500Z,English,United States
soil carbon requestration,carbon farming,Stock Market | Daily Herald,https://finance.dailyherald.com/dailyherald/article/bizwire-2022-5-9-straus-dairy-farms-carbon-neutral-goal-draws-near-as-cdfa-approves-first-ever-red-seaweed-supplement-to-reduce-methane-emissions,finance.dailyherald.com,20220509T134500Z,English,United States
soil carbon requestration,carbon farming,"An allometric model - based approach for estimating biomass in seven Indian bamboo species in western Himalayan foothills , India",https://www.nature.com/articles/s41598-022-11394-3,nature.com,20220509T123000Z,English,United States
soil carbon requestration,carbon farming,"J . Lohr Promotes Steve Peck and Ian Herdman , Names Steve Lohr as President – Wine & Spirits Magazine",https://www.wineandspiritsmagazine.com/news/news-in-brief/j-lohr-promotes-steve-peck-and-ian-herdman-names-steve-lohr-as-president,wineandspiritsmagazine.com,20220506T220000Z,English,United States
soil carbon requestration,carbon farming,"Anne Salmond - Tiriti and Democracy , Part 6 : Property",https://www.msn.com/en-nz/news/national/anne-salmond-tiriti-and-democracy-part-6-property/ar-AAX01YY,msn.com,20220506T211500Z,English,United States
soil carbon requestration,carbon farming,"Anne Salmond - Tiriti and Democracy , Part 6 : Property",http://www.msn.com/en-nz/news/national/anne-salmond-tiriti-and-democracy-part-6-property/ar-AAX01YY,msn.com,20220506T193000Z,English,United States
soil carbon requestration,carbon farming,Jack Cakebread Passes Away at 92 – Wine & Spirits Magazine,https://www.wineandspiritsmagazine.com/news/news-in-brief/jack-cakebread-passes-away-at-92,wineandspiritsmagazine.com,20220505T220000Z,English,United States
soil carbon requestration,carbon farming,Gemperle Family Farms Releases First Sustainability Report,https://www.perishablenews.com/dairy/gemperle-family-farms-releases-first-sustainability-report/,perishablenews.com,20220505T190000Z,English,United States
soil carbon requestration,carbon farming,Greenlabs Signs An MOU With APEC Climate Center On Climate Change In Agriculture,https://www.foodonline.com/doc/greenlabs-signs-an-mou-with-apec-climate-center-on-climate-change-in-agriculture-0001,foodonline.com,20220505T140000Z,English,United States
soil carbon requestration,carbon farming,Greenlabs signs MoU with APEC Climate Center on climate change in agriculture,https://www.geospatialworld.net/news/greenlabs-signs-mou-with-apec-climate-center-on-climate-change-in-agriculture/,geospatialworld.net,20220505T133000Z,English,United States
soil carbon requestration,carbon farming,Greenlabs signs an MOU with APEC Climate Center on Climate Change in Agriculture,https://www.prnewswire.com/news-releases/greenlabs-signs-an-mou-with-apec-climate-center-on-climate-change-in-agriculture-301539665.html,prnewswire.com,20220504T141500Z,English,United States
soil carbon requestration,carbon farming,Greenlabs signs an MOU with APEC Climate Center on Climate Change in Agriculture,https://www.prnewswire.com:443/news-releases/greenlabs-signs-an-mou-with-apec-climate-center-on-climate-change-in-agriculture-301539665.html,prnewswire.com,20220504T140000Z,English,United States
soil carbon requestration,carbon farming,Greenlabs signs an MOU with APEC Climate Center on Climate Change in Agriculture,https://markets.businessinsider.com/news/stocks/greenlabs-signs-an-mou-with-apec-climate-center-on-climate-change-in-agriculture-1031420523,markets.businessinsider.com,20220504T140000Z,English,United States
soil carbon requestration,carbon farming,Gemperle Family Farms Releases First Sustainability Report,https://www.prnewswire.com:443/news-releases/gemperle-family-farms-releases-first-sustainability-report-301538958.html,prnewswire.com,20220504T130000Z,English,United States
soil carbon requestration,carbon farming,Australian Carbon Credit Units : an untapped financial product and asset,https://www.lexology.com/library/detail.aspx?g=cefb41dd-0e38-4c78-849d-9c7478a74999,lexology.com,20220504T110000Z,English,United States
soil carbon requestration,carbon farming,Survey Reveals Consumer Perceptions of Carbon Farming - AG INFORMATION NETWORK OF THE WEST,https://www.aginfo.net/report/52890/Farm-of-the-Future/Survey-Reveals-Consumer-Perceptions-of-Carbon-Farming,aginfo.net,20220504T101500Z,English,United States
soil carbon requestration,carbon farming,Interview With Eion Co - Founder Adam Wolf,https://cleantechnica.com/2022/05/03/interview-with-eion-co-founder-adam-wolf/,cleantechnica.com,20220503T183000Z,English,United States
soil carbon requestration,carbon farming,Carbon farming : climate change solution or greenwashing ?,https://www.msn.com/en-us/weather/topstories/carbon-farming-climate-change-solution-or-greenwashing/ar-AAWRzgN,msn.com,20220503T090000Z,English,United States
soil carbon requestration,carbon farming,"Column : Efforts increase to remove carbon from the atmosphere , in addition to cutting emissions",https://www.sandiegouniontribune.com/columnists/story/2022-05-01/column-combatting-global-warming-isnt-just-about-limiting-carbon-emissions-but-pulling-it-out-of-the-atmosphere,sandiegouniontribune.com,20220501T131500Z,English,United States
soil carbon requestration,carbon farming,Nonprofit to teach Northern Michigan farmers carbon farming practices,https://www.petoskeynews.com/story/news/environment/2022/07/01/nonprofit-teach-northern-michigan-farmers-carbon-farming-practices/7775790001/,petoskeynews.com,20220701T103000Z,English,United States
soil carbon requestration,carbon farming,Hyde wildfire burning down instead of forward,https://www.dailyadvance.com/news/local/hyde-wildfire-burning-down-instead-of-forward/article_a28b36cc-ca28-5254-b22c-d9fc6c0cdf60.html,dailyadvance.com,20220630T021500Z,English,United States
soil carbon requestration,carbon farming,Are Carbon Offsets The Next ESG Investing Frontier ?,https://seekingalpha.com/article/4520948-are-carbon-offsets-the-next-esg-investing-frontier,seekingalpha.com,20220629T201500Z,English,United States
soil carbon requestration,carbon farming,Indigo issues first round of ag carbon credits to buyers,https://www.farmprogress.com/carbon/indigo-issues-first-round-ag-carbon-credits-buyers,farmprogress.com,20220629T190000Z,English,United States
soil carbon requestration,carbon farming,Inaugural Indigo Credit Issuance Unlocks Farmer Access to Multi - Billion Dollar Voluntary Carbon Market,https://www.prnewswire.com/news-releases/inaugural-indigo-credit-issuance-unlocks-farmer-access-to-multi-billion-dollar-voluntary-carbon-market-301577813.html,prnewswire.com,20220629T133000Z,English,United States
soil carbon requestration,carbon farming,Carbon Markets Will Help Growers Achieve Resiliency,https://seedworld.com/carbon-markets-will-help-growers-achieve-resiliency/,seedworld.com,20220628T180000Z,English,United States
soil carbon requestration,carbon farming,Draft policy framework for diversification leases released for public consultation,https://www.miragenews.com/draft-policy-framework-for-diversification-808776/,miragenews.com,20220628T010000Z,English,United States
soil carbon requestration,carbon farming,Unleashing the Climate Change Mitigation Potential of Rice Cultivation,https://blogs.worldbank.org/water/unleashing-climate-change-mitigation-potential-rice-cultivation,blogs.worldbank.org,20220624T033000Z,English,United States
soil carbon requestration,carbon farming,Is a Michigan energy firm using dark money to influence California climate plans ?,https://www.latimes.com/environment/newsletter/2022-06-23/michigan-energy-firm-dark-money-california-climate-plans-boiling-point,latimes.com,20220623T134500Z,English,United States
soil carbon requestration,carbon farming,"California Considers  Carbon Farming  as a Potential Climate Solution . Ardent Proponents , and Skeptics , Abound – Advanced BioFuels united states",https://advancedbiofuelsusa.info/california-considers-carbon-farming-as-a-potential-climate-solution-ardent-proponents-and-skeptics-abound/,advancedbiofuelsusa.info,20220620T230000Z,English,United States
soil carbon requestration,carbon farming,Why goats are here : Ungulates and sustainable fire management,https://www.dailycal.org/2022/06/19/why-goats-are-here-ungulates-and-sustainable-fire-management/,dailycal.org,20220620T061500Z,English,United States
soil carbon requestration,carbon farming,The Recorder - My Turn : benefits of regenerative agriculture,https://www.recorder.com/my-turn-Fagella-Regenerative-Agriculture-46763989,recorder.com,20220619T171500Z,English,United States
soil carbon requestration,carbon farming,"California Considers  Carbon Farming  As a Potential Climate Solution . Ardent Proponents , and Skeptics , Abound",https://insideclimatenews.org/news/17062022/california-considers-carbon-farming-as-a-potential-climate-solution-ardent-proponents-and-skeptics-abound/,insideclimatenews.org,20220617T103000Z,English,United States
soil carbon requestration,carbon farming,New Study Finds Fairtrade Certification Enhances Farmer Resilience and Sustainability but Major Threats Like Climate Change and COVID - 19 Are Jeopardizing Decent Livelihoods,http://www.justmeans.com/press-release/new-study-finds-fairtrade-certification-enhances-farmer-resilience-and-sustainability,justmeans.com,20220616T213000Z,English,United States
soil carbon requestration,carbon farming,Royal Dutch Shell Is Making An Effort Will It Be Enough ?,https://cleantechnica.com/2022/06/16/royal-dutch-shell-is-making-an-effort-will-it-be-enough/,cleantechnica.com,20220616T160000Z,English,United States
soil carbon requestration,carbon farming,Spirits in the Material World : A Trip to the Eames Institute,https://www.archdaily.com/983770/spirits-in-the-material-world-a-trip-to-the-eames-institute,archdaily.com,20220616T083000Z,English,United States
soil carbon requestration,carbon farming,"Citizen Climate Lobby : Forestry , farming incentives can beat climate change",https://www.hollandsentinel.com/story/opinion/columns/2022/06/16/citizens-climate-lobby-forestry-farming-incentives-can-beat-climate-change/7633863001/,hollandsentinel.com,20220616T054500Z,English,United States
soil carbon requestration,carbon farming,Dirt First | Sierra Club,https://www.sierraclub.org/sierra/2022-2-summer/feature/dirt-first-carbon-farming-regenerative-agriculture,sierraclub.org,20220614T120000Z,English,United States
soil carbon requestration,carbon farming,GOOD NEWS FROM AMAZING ISRAEL FROM MICHAEL ORDMAN,http://www.ruthfullyyours.com/2022/06/12/good-news-from-amazing-israel-from-michael-ordman-170/,ruthfullyyours.com,20220612T104500Z,English,United States
soil carbon requestration,carbon farming,Wisconsin Ag Connection - National / World News - Agoro Carbon Alliance Distributed $9 Million to Farmers,http://www.wisconsinagconnection.com/story-national.php?Id=574&yr=2022,wisconsinagconnection.com,20220610T114500Z,English,United States
soil carbon requestration,carbon farming,What Could Possibly Go Right ?: Episode 82 Betsy Taylor,https://www.resilience.org/stories/2022-06-06/what-could-possibly-go-right-episode-82-betsy-taylor/,resilience.org,20220608T084500Z,English,United States
soil carbon requestration,carbon farming,Review rejects carbon credit  fraud  claim,https://au.news.yahoo.com/review-rejects-carbon-credit-fraud-011929545.html,au.news.yahoo.com,20220608T031500Z,English,United States
soil carbon requestration,carbon farming,Qld resources exports hit $77 billion record high,https://www.miragenews.com/qld-resources-exports-hit-77-billion-record-high-796470/,miragenews.com,20220607T211500Z,English,United States
soil carbon requestration,carbon farming,Carbon Credits Versus the  Big Gulp  - Scientific American,https://www.scientificamerican.com/article/carbon-credits-versus-the-ldquo-big-gulp-rdquo/,scientificamerican.com,20220607T184500Z,English,United States
soil carbon requestration,carbon farming,Long - standing systems for sustainable farming could feed people and the planet if industry is willing to step back,https://phys.org/news/2022-06-long-standing-sustainable-farming-people-planetif.html,phys.org,20220607T134500Z,English,United States
soil carbon requestration,carbon farming,Using mining waste to fight climate change & produce sustainable food,https://www.miragenews.com/using-mining-waste-to-fight-climate-change-795773/,miragenews.com,20220607T010000Z,English,United States
soil carbon requestration,carbon farming,WATCH : Direct air capture documentary,https://www.gasworld.com/watch-direct-air-capture-documentary/2023263.article,gasworld.com,20220605T164500Z,English,United States
soil carbon requestration,carbon farming,Paradise Cost : The Price of Supporting Private Ranching With a Sales Tax,https://www.counterpunch.org/2022/06/03/paradise-cost-the-price-of-supporting-private-ranching-with-a-sales-tax/,counterpunch.org,20220603T091500Z,English,United States
soil carbon requestration,carbon farming,More funds to drive carbon farming in WA,https://www.miragenews.com/more-funds-to-drive-carbon-farming-in-wa-794297/,miragenews.com,20220603T040000Z,English,United States
soil carbon requestration,carbon farming,Sustainability : Developments in Agriculture,https://www.lexology.com/library/detail.aspx?g=81d8cac6-d70f-4088-bcdd-a99a8f6be7b4,lexology.com,20220602T070000Z,English,United States
soil carbon requestration,carbon farming,Start - Up Nation Central introduced a delegation of UN ambassadors to the Israeli Innovation Powerhouse,https://www.prnewswire.com/il/news-releases/start-up-nation-central-introduced-a-delegation-of-un-ambassadors-to-the-israeli-innovation-powerhouse-301559213.html,prnewswire.com,20220601T211500Z,English,United States
soil carbon requestration,carbon farming,Start - Up Nation Central introduced a delegation of UN ambassadors to the Israeli Innovation Powerhouse,https://www.wfmz.com/news/pr_newswire/pr_newswire_technology/start-up-nation-central-introduced-a-delegation-of-un-ambassadors-to-the-israeli-innovation-powerhouse/article_dcfe3aca-0400-51bb-a20b-2ade6a493603.html,wfmz.com,20220601T153000Z,English,United States
soil carbon requestration,carbon farming,Start - Up Nation Central introduced a delegation of UN ambassadors to the Israeli Innovation Powerhouse,https://www.prnewswire.com/news-releases/start-up-nation-central-introduced-a-delegation-of-un-ambassadors-to-the-israeli-innovation-powerhouse-301559213.html,prnewswire.com,20220601T150000Z,English,United States
soil carbon requestration,carbon farming,Start - Up Nation Central introduced a delegation of UN ambassadors to the Israeli Innovation Powerhouse,https://www.prnewswire.com:443/news-releases/start-up-nation-central-introduced-a-delegation-of-un-ambassadors-to-the-israeli-innovation-powerhouse-301559213.html,prnewswire.com,20220601T150000Z,English,United States
soil carbon requestration,carbon farming,Man of Many Becomes First Australian Publisher to Achieve,https://www.globenewswire.com/news-release/2022/09/28/2524371/0/en/Man-of-Many-Becomes-First-Australian-Publisher-to-Achieve-100-Carbon-Neutral-Status.html,globenewswire.com,20220930T203000Z,English,United States
soil carbon requestration,carbon farming,Round 2 funding for carbon projects announced at forum,https://www.miragenews.com/round-2-funding-for-carbon-projects-announced-864628/,miragenews.com,20220929T033000Z,English,United States
soil carbon requestration,carbon farming,Habitat boost for Northern Rivers koalas,https://www.miragenews.com/habitat-boost-for-northern-rivers-koalas-864367/,miragenews.com,20220928T233000Z,English,United States
soil carbon requestration,carbon farming,Man of Many Becomes First Independent Publisher to Achieve 100 % Carbon Neutral Status,https://www.bakersfield.com/ap/news/man-of-many-becomes-first-independent-publisher-to-achieve-100-carbon-neutral-status/article_ae35763b-d513-5356-a586-06d4d69ab792.html,bakersfield.com,20220928T230000Z,English,United States
soil carbon requestration,carbon farming,The Path To Net Zero For The Meat And Dairy Industries Is Far From Clear Cut,https://seekingalpha.com/article/4543571-net-zero-meat-dairy-industries,seekingalpha.com,20220928T134500Z,English,United States
soil carbon requestration,carbon farming,City of Canada Bay Libraries explore space,https://www.miragenews.com/city-of-canada-bay-libraries-explore-space-862773/,miragenews.com,20220927T090000Z,English,United States
soil carbon requestration,carbon farming,New York Astor Wines & Spirits Now Employee - Owned – Wine & Spirits Magazine,https://www.wineandspiritsmagazine.com/news/news-in-brief/new-yorks-astor-wines-spirits-now-employee-owned,wineandspiritsmagazine.com,20220924T190000Z,English,United States
soil carbon requestration,carbon farming,Satellite Imaging Spectroscopy for Mapping Crop Residue Spatial Distribution,https://www.azooptics.com/News.aspx?newsID=27946,azooptics.com,20220923T144500Z,English,United States
soil carbon requestration,carbon farming,Australia New Climate Change Bill,https://www.lexology.com/library/detail.aspx?g=5b9700c1-ed41-46dc-a35f-ec7c52f5384a,lexology.com,20220923T144500Z,English,United States
soil carbon requestration,carbon farming,Sonoma and Marin counties win big money for climate - smart agriculture,https://www.sfexaminer.com/news/sonoma-and-marin-counties-win-big-money-for-climate-smart-agriculture/article_f71e60e0-3aca-11ed-a13d-13e4c43e5c0e.html,sfexaminer.com,20220923T031500Z,English,United States
soil carbon requestration,carbon farming,"Soil Carbon Agtech Agreena Steers Fintech , Entering A DLT Regulatory Sandbox With Partners On A Mission To Advance The Green Economy - At A Time Of Rapid Evolution In Both Carbon And Decentralised Finance Markets , Enablers Such As Distributed Ledge...",https://mondovisione.com/media-and-resources/news/soil-carbon-agtech-agreena-steers-fintech-entering-a-dlt-regulatory-sandbox-wit/,mondovisione.com,20220922T113000Z,English,United States
soil carbon requestration,carbon farming,What truths can emerge from an Italian food systems summit ?,https://www.greenbiz.com/article/what-truths-can-emerge-italian-food-systems-summit,greenbiz.com,20220922T110000Z,English,United States
soil carbon requestration,carbon farming,7 Places Where Nature Helps Fight Climate Change,https://www.pewtrusts.org/en/research-and-analysis/articles/2022/09/20/7-places-where-nature-helps-fight-climate-change,pewtrusts.org,20220920T223000Z,English,United States
soil carbon requestration,carbon farming,USDA Picks 70 Partnerships for Climate - Smart Commodities in Historic $2 . 8B Investment – Advanced BioFuels united states,https://advancedbiofuelsusa.info/usda-picks-70-partnerships-for-climate-smart-commodities-in-historic-2-8b-investment/,advancedbiofuelsusa.info,20220920T144500Z,English,United States
soil carbon requestration,carbon farming,Carbon farming is a new way for farmers to make extra money,https://www.10news.com/news/national/carbon-farming-is-a-new-way-for-farmers-to-make-extra-money,10news.com,20220920T044500Z,English,United States
soil carbon requestration,carbon farming,Carbon farming program paying family - owned farms to grow more sustainably,https://www.ksby.com/news/national/carbon-farming-program-paying-family-owned-farms-to-grow-more-sustainably,ksby.com,20220920T040000Z,English,United States
soil carbon requestration,carbon farming,Carbon farming is a new way for farmers to make extra money,https://www.kristv.com/news/national/carbon-farming-is-a-new-way-for-farmers-to-make-extra-money,kristv.com,20220920T030000Z,English,United States
soil carbon requestration,carbon farming,"AgTech NEXT 2022 Leveraging Technology , Trade and Talent to Reinvent a Food System in Crisis",https://www.newswise.com/articles/agtech-next-2022-leveraging-technology-trade-and-talent-to-reinvent-a-food-system-in-crisis,newswise.com,20220920T023000Z,English,United States
soil carbon requestration,carbon farming,Carbon Farming is a New Way for Farmers to Make Money ( VIDEO ),https://www.newsy.com/stories/carbon-farming-is-a-new-way-for-farmers-to-make-money/,newsy.com,20220920T011500Z,English,United States
soil carbon requestration,carbon farming,Stag Leap Announces New Senior Winemaker – Wine & Spirits Magazine,https://www.wineandspiritsmagazine.com/news/news-in-brief/stags-leap-announces-new-senior-winemaker,wineandspiritsmagazine.com,20220920T010000Z,English,United States
soil carbon requestration,carbon farming,Carbon farming program paying family - owned farms to grow more sustainably,https://www.turnto23.com/news/national/carbon-farming-program-paying-family-owned-farms-to-grow-more-sustainably,turnto23.com,20220919T203000Z,English,United States
soil carbon requestration,carbon farming,Carbon farming program paying family - owned farms to grow more sustainably,https://www.10news.com/news/national/carbon-farming-program-paying-family-owned-farms-to-grow-more-sustainably,10news.com,20220919T200000Z,English,United States
soil carbon requestration,carbon farming,USDA picks 70 Partnerships for Climate - Smart Commodities in historic $2 . 8B investment : Biofuels Digest,https://www.biofuelsdigest.com/bdigest/2022/09/19/usda-picks-70-partnerships-for-climate-smart-commodities-in-historic-2-8b-investment/,biofuelsdigest.com,20220919T171500Z,English,United States
soil carbon requestration,carbon farming,Sonoma County Getting Funding for Carbon Farming,https://www.ksro.com/2022/09/16/sonoma-county-getting-funding-for-carbon-farming/,ksro.com,20220916T223000Z,English,United States
soil carbon requestration,carbon farming,How Optimal Soil Health Can Help Reduce Farm Costs,https://www.growingproduce.com/production/how-optimal-soil-health-can-help-reduce-farm-costs/,growingproduce.com,20220914T131500Z,English,United States
soil carbon requestration,carbon farming,Three new appointments to Climate Change Authority,https://www.miragenews.com/three-new-appointments-to-climate-change-854289/,miragenews.com,20220914T033000Z,English,United States
soil carbon requestration,carbon farming,"The Shit , err , Prozac , Heavy Metals , Have Hit the Proverbial Fan ( Santa Monica Bay )",https://dissidentvoice.org/2022/09/the-shit-err-prozac-heavy-metals-have-hit-the-proverbial-fan-santa-monica-bay/,dissidentvoice.org,20220913T234500Z,English,United States
soil carbon requestration,carbon farming,ANZ ESG investor briefing speeches 12 September,https://www.miragenews.com/anz-esg-investor-briefing-speeches-12-september-853050/,miragenews.com,20220912T094500Z,English,United States
soil carbon requestration,carbon farming,Opportunity blooms for Aboriginal enterprises in Northam forum,https://www.miragenews.com/opportunity-blooms-for-aboriginal-enterprises-853008/,miragenews.com,20220912T054500Z,English,United States
soil carbon requestration,carbon farming,Klim harvests $6 . 6M seed to get more farmers growing greener,https://techcrunch.com/2022/09/08/klim-seed/,techcrunch.com,20220908T133000Z,English,United States
soil carbon requestration,carbon farming,"Taxes out , subsidies in : Australia and the US are passing major climate bills , without taxing carbon",https://phys.org/news/2022-09-taxes-subsidies-australia-major-climate.html,phys.org,20220906T140000Z,English,United States
soil carbon requestration,carbon farming,CarbonNOW Program Provides Guaranteed Payments,https://agwired.com/2022/09/06/carbonnow-program-provides-guaranteed-payments/,agwired.com,20220906T120000Z,English,United States
soil carbon requestration,carbon farming,Australia and US are passing major climate bills – without taxing carbon,https://www.miragenews.com/australia-and-us-are-passing-major-climate-849348/,miragenews.com,20220905T204500Z,English,United States
soil carbon requestration,carbon farming,"More trees , more composting , fewer emissions : Supervisors approve trio of sustainability measures",https://www.delmartimes.net/news/story/2022-09-02/trees-composting-decarbonization-climate,delmartimes.net,20220902T210000Z,English,United States
soil carbon requestration,carbon farming,"More trees , more composting , fewer emissions : Supervisors approve trio of sustainability measures",https://www.sandiegouniontribune.com/news/politics/story/2022-09-01/trees-composting-decarbonization-climate,sandiegouniontribune.com,20220902T003000Z,English,United States
soil carbon requestration,carbon farming,OSU study focused on carbon farming – Ohio Ag Net | Ohio Country Journal,https://ocj.com/2022/09/osu-study-focused-on-carbon-farming/,ocj.com,20220902T003000Z,English,United States
soil carbon requestration,carbon farming,"San Diego County Supervisors OK Sustainability Initiatives , Decarbonization Plan",https://www.nbcsandiego.com/news/local/san-diego-county-supervisors-ok-sustainability-initiatives-decarbonization-plan/3037612/,nbcsandiego.com,20220901T203000Z,English,United States
soil carbon requestration,carbon farming,August WICP Communique,https://www.miragenews.com/august-wicp-communique-847097/,miragenews.com,20220901T013000Z,English,United States
soil carbon requestration,carbon farming,Specialty Food Association forecasts 2023 top food trends,https://www.supermarketnews.com/issues-trends/specialty-food-association-forecasts-2023-top-food-trends,supermarketnews.com,20221101T171500Z,English,United States
soil carbon requestration,carbon farming,Inaugural Vintage of Cavas de Guarda Superior – Wine & Spirits Magazine,https://www.wineandspiritsmagazine.com/news/news-in-brief/inaugural-vintage-of-cavas-de-guarda-superior,wineandspiritsmagazine.com,20221101T031500Z,English,United States
soil carbon requestration,carbon farming,5 Sustainable Agriculture Practices for Long - Term Success,https://www.tehachapinews.com/online_features/family_living/5-sustainable-agriculture-practices-for-long-term-success/article_1e068de5-34bb-55f0-8f1b-58c911476763.html,tehachapinews.com,20221031T144500Z,English,United States
soil carbon requestration,carbon farming,5 Sustainable Agriculture Practices for Long - Term Success,https://www.pvvt.com/online_features/family_living/5-sustainable-agriculture-practices-for-long-term-success/article_bcac59cb-557f-5834-ac8f-50d3f4e80d3a.html,pvvt.com,20221031T140000Z,English,United States
soil carbon requestration,carbon farming,5 Sustainable Agriculture Practices for Long - Term Success,https://www.thecommunityvoice.com/online_features/family_living/5-sustainable-agriculture-practices-for-long-term-success/article_1789ff52-208c-5f44-af0d-9be70d466460.html,thecommunityvoice.com,20221031T134500Z,English,United States
soil carbon requestration,carbon farming,5 Sustainable Agriculture Practices for Long - Term Success,http://www.buffalobulletin.com/online_features/family_living/article_583d3fe9-a40f-5c63-85ba-5e32c3e0bd5a.html,buffalobulletin.com,20221031T133000Z,English,United States
soil carbon requestration,carbon farming,5 Sustainable Agriculture Practices for Long - Term Success,https://gazette.com/online_features/family_living/5-sustainable-agriculture-practices-for-long-term-success/article_1e35b190-ceaa-5628-bfcc-ab5e832e76ee.html,gazette.com,20221031T130000Z,English,United States
soil carbon requestration,carbon farming,5 Sustainable Agriculture Practices for Long - Term Success,https://www.cherokeephoenix.org/online_features/family_living/5-sustainable-agriculture-practices-for-long-term-success/article_55f926b2-f670-54e1-96b7-5f4d8a73eea0.html,cherokeephoenix.org,20221031T124500Z,English,United States
soil carbon requestration,carbon farming,5 Sustainable Agriculture Practices for Long - Term Success,https://www.hannibal.net/online_features/family_living/5-sustainable-agriculture-practices-for-long-term-success/article_6e744321-7f8b-5fc4-8f3f-0a4064c3b395.html,hannibal.net,20221031T123000Z,English,United States
soil carbon requestration,carbon farming,5 Sustainable Agriculture Practices for Long - Term Success,http://www.businessnorth.com/online_features/family_living/5-sustainable-agriculture-practices-for-long-term-success/article_6239b1c4-5021-5b08-867c-35430777fddf.html,businessnorth.com,20221031T120000Z,English,United States
soil carbon requestration,carbon farming,5 Sustainable Agriculture Practices for Long - Term Success,https://www.starkvilledailynews.com/online_features/family_living/5-sustainable-agriculture-practices-for-long-term-success/article_ee7836f0-220c-5cf1-beec-878e2a987bb9.html,starkvilledailynews.com,20221031T120000Z,English,United States
soil carbon requestration,carbon farming,5 Sustainable Agriculture Practices for Long - Term Success,https://www.reflector.com/online_features/family_living/5-sustainable-agriculture-practices-for-long-term-success/article_3b45fcac-2777-5e08-9a3c-400e3ebb3683.html,reflector.com,20221031T114500Z,English,United States
soil carbon requestration,carbon farming,5 Sustainable Agriculture Practices for Long - Term Success,https://www.kjas.com/online_features/family_living/article_753ec665-15d4-53da-8abd-c85db62fd6da.html,kjas.com,20221031T113000Z,English,United States
soil carbon requestration,carbon farming,5 Sustainable Agriculture Practices for Long - Term Success,https://www.bhpioneer.com/online_features/family_living/5-sustainable-agriculture-practices-for-long-term-success/article_482a9c3d-2e78-5285-9b86-e4c7d03b65ee.html,bhpioneer.com,20221031T113000Z,English,United States
soil carbon requestration,carbon farming,5 Sustainable Agriculture Practices for Long - Term Success,https://www.lakenewsonline.com/online_features/family_living/5-sustainable-agriculture-practices-for-long-term-success/article_f874c552-ee39-50d3-8ddb-e747ff62d8be.html,lakenewsonline.com,20221031T113000Z,English,United States
soil carbon requestration,carbon farming,5 Sustainable Agriculture Practices for Long - Term Success,https://www.djournal.com/mbj/online_features/family_living/5-sustainable-agriculture-practices-for-long-term-success/article_d608c1c6-1d9e-5393-af5e-ca4cfe9be71a.html,djournal.com,20221031T113000Z,English,United States
soil carbon requestration,carbon farming,5 Sustainable Agriculture Practices for Long - Term Success,https://www.southeastsun.com/online_features/family_living/article_5f68c019-4adc-5410-8bef-bf6f99e5f770.html,southeastsun.com,20221031T111500Z,English,United States
soil carbon requestration,carbon farming,5 Sustainable Agriculture Practices for Long - Term Success,https://www.khq.com/online_features/family_living/5-sustainable-agriculture-practices-for-long-term-success/article_85b80c84-9cf5-5666-94e6-ecfddd652373.html,khq.com,20221031T111500Z,English,United States
soil carbon requestration,carbon farming,5 Sustainable Agriculture Practices for Long - Term Success,https://www.murfreesboropost.com/online_features/family_living/5-sustainable-agriculture-practices-for-long-term-success/article_c36edb23-4337-54ab-9a30-c83c95dd0ba5.html,murfreesboropost.com,20221031T110000Z,English,United States
soil carbon requestration,carbon farming,5 Sustainable Agriculture Practices for Long - Term Success,https://www.telegraphherald.com/online_features/family_living/article_9a12ad76-71e6-57a0-bae7-b739f2fa141c.html,telegraphherald.com,20221031T110000Z,English,United States
soil carbon requestration,carbon farming,5 Sustainable Agriculture Practices for Long - Term Success,https://www.djournal.com/online_features/family_living/5-sustainable-agriculture-practices-for-long-term-success/article_d608c1c6-1d9e-5393-af5e-ca4cfe9be71a.html,djournal.com,20221031T104500Z,English,United States
soil carbon requestration,carbon farming,5 Sustainable Agriculture Practices for Long - Term Success,https://www.cadillacnews.com/online_features/family_living/5-sustainable-agriculture-practices-for-long-term-success/article_67947b2a-4ce3-56bf-aa43-998cafa99579.html,cadillacnews.com,20221031T104500Z,English,United States
soil carbon requestration,carbon farming,5 Sustainable Agriculture Practices for Long - Term Success,https://www.aspendailynews.com/online_features/family_living/5-sustainable-agriculture-practices-for-long-term-success/article_83c78d36-6bfc-5022-932d-62220f8247dc.html,aspendailynews.com,20221031T104500Z,English,United States
soil carbon requestration,carbon farming,5 Sustainable Agriculture Practices for Long - Term Success,http://www.southdadenewsleader.com/online_features/family_living/5-sustainable-agriculture-practices-for-long-term-success/article_b4a6954e-ef54-5de2-8f77-b8a99091e602.html,southdadenewsleader.com,20221031T103000Z,English,United States
soil carbon requestration,carbon farming,5 Sustainable Agriculture Practices for Long - Term Success,https://www.northwestgeorgianews.com/online_features/family_living/5-sustainable-agriculture-practices-for-long-term-success/article_1745cebf-eaa7-5631-b352-7d190c58daea.html,northwestgeorgianews.com,20221031T103000Z,English,United States
soil carbon requestration,carbon farming,5 Sustainable Agriculture Practices for Long - Term Success,https://www.mykxlg.com/online_features/family_living/5-sustainable-agriculture-practices-for-long-term-success/article_30b62927-0e40-568e-a0cd-0a9a873e6ab7.html,mykxlg.com,20221031T103000Z,English,United States
soil carbon requestration,carbon farming,5 Sustainable Agriculture Practices for Long - Term Success,https://www.rappnews.com/online_features/family_living/5-sustainable-agriculture-practices-for-long-term-success/article_cce4df8e-16d1-52f8-a629-9fb00f52a401.html,rappnews.com,20221031T103000Z,English,United States
soil carbon requestration,carbon farming,5 Sustainable Agriculture Practices for Long - Term Success,https://www.keysnews.com/online_features/family_living/5-sustainable-agriculture-practices-for-long-term-success/article_6b3e7573-5810-5062-a26d-ff08f5be7b46.html,keysnews.com,20221031T101500Z,English,United States
soil carbon requestration,carbon farming,5 Sustainable Agriculture Practices for Long - Term Success,https://www.valleybreeze.com/online_features/family_living/5-sustainable-agriculture-practices-for-long-term-success/article_43f3d6b4-637b-5fca-acaf-510946235e0d.html,valleybreeze.com,20221031T101500Z,English,United States
soil carbon requestration,carbon farming,5 Sustainable Agriculture Practices for Long - Term Success,https://www.asurampage.com/online_features/family_living/5-sustainable-agriculture-practices-for-long-term-success/article_c22dbda5-3848-5a9d-b3e5-ff61cc45dd99.html,asurampage.com,20221031T101500Z,English,United States
soil carbon requestration,carbon farming,5 Sustainable Agriculture Practices for Long - Term Success,https://www.tribuneledgernews.com/online_features/family_living/5-sustainable-agriculture-practices-for-long-term-success/article_8237e246-f19e-58b2-bc41-ccfb384e22ef.html,tribuneledgernews.com,20221031T101500Z,English,United States
soil carbon requestration,carbon farming,5 Sustainable Agriculture Practices for Long - Term Success,https://www.berkshireeagle.com/online_features/family_living/5-sustainable-agriculture-practices-for-long-term-success/article_0e6f2348-5c12-5c95-a694-d51acda331d8.html,berkshireeagle.com,20221031T101500Z,English,United States
soil carbon requestration,carbon farming,5 Sustainable Agriculture Practices for Long - Term Success,https://www.daytonatimes.com/online_features/family_living/5-sustainable-agriculture-practices-for-long-term-success/article_8c220435-59e6-58e6-9b6e-ef0148e2421a.html,daytonatimes.com,20221031T101500Z,English,United States
soil carbon requestration,carbon farming,5 Sustainable Agriculture Practices for Long - Term Success,https://www.chroniclejournal.com/online_features/family_living/5-sustainable-agriculture-practices-for-long-term-success/article_ffca1baa-9f3b-5018-9819-a3e919f8e0a4.html,chroniclejournal.com,20221031T100000Z,English,United States
soil carbon requestration,carbon farming,5 Sustainable Agriculture Practices for Long - Term Success,https://www.journal-spectator.com/online_features/family_living/article_885caa16-b1c4-58cb-92f4-87e586a58087.html,journal-spectator.com,20221031T100000Z,English,United States
soil carbon requestration,carbon farming,5 Sustainable Agriculture Practices for Long - Term Success,http://www.minicassia.com/online_features/family_living/article_58afca0e-6279-5998-a410-cd7fe304c019.html,minicassia.com,20221031T094500Z,English,United States
soil carbon requestration,carbon farming,5 Sustainable Agriculture Practices for Long - Term Success,https://www.sanfordherald.com/online_features/family_living/5-sustainable-agriculture-practices-for-long-term-success/article_be5dd070-22c9-593d-9fe6-e7ce1da30173.html,sanfordherald.com,20221031T094500Z,English,United States
soil carbon requestration,carbon farming,5 Sustainable Agriculture Practices for Long - Term Success,https://www.taftmidwaydriller.com/online_features/family_living/5-sustainable-agriculture-practices-for-long-term-success/article_3550fb01-8ef9-5292-83b0-cec22b3f2a24.html,taftmidwaydriller.com,20221031T091500Z,English,United States
soil carbon requestration,carbon farming,5 Sustainable Agriculture Practices for Long - Term Success,https://www.kulr8.com/online_features/family_living/5-sustainable-agriculture-practices-for-long-term-success/article_f5fc016e-e6cd-5b94-89c1-95e4bb39cc54.html,kulr8.com,20221031T090000Z,English,United States
soil carbon requestration,carbon farming,5 Sustainable Agriculture Practices for Long - Term Success,https://www.parsonssun.com/online_features/family_living/article_aa2dadff-8677-50f3-835b-39bd62b2a745.html,parsonssun.com,20221031T084500Z,English,United States
soil carbon requestration,carbon farming,5 Sustainable Agriculture Practices for Long - Term Success,https://www.wilsonpost.com/online_features/family_living/5-sustainable-agriculture-practices-for-long-term-success/article_d6d205c5-d1c6-54af-ac30-3d308f25e2b6.html,wilsonpost.com,20221031T084500Z,English,United States
soil carbon requestration,carbon farming,5 Sustainable Agriculture Practices for Long - Term Success,https://www.carrollspaper.com/online_features/family_living/5-sustainable-agriculture-practices-for-long-term-success/article_b1c9eec6-499e-5f1d-928c-0796c3f10a63.html,carrollspaper.com,20221031T084500Z,English,United States
soil carbon requestration,carbon farming,5 Sustainable Agriculture Practices for Long - Term Success,https://www.reformer.com/online_features/family_living/5-sustainable-agriculture-practices-for-long-term-success/article_059e5ed2-d9ed-545f-9717-7446164cd58c.html,reformer.com,20221031T083000Z,English,United States
soil carbon requestration,carbon farming,5 Sustainable Agriculture Practices for Long - Term Success,https://www.benningtonbanner.com/online_features/family_living/5-sustainable-agriculture-practices-for-long-term-success/article_6b532a5c-de49-5475-8293-bda7bc60492b.html,benningtonbanner.com,20221031T083000Z,English,United States
soil carbon requestration,carbon farming,5 Sustainable Agriculture Practices for Long - Term Success,https://www.southernminn.com/online_features/family_living/5-sustainable-agriculture-practices-for-long-term-success/article_65633b88-2dd6-538c-b5b9-d3708cc9ed06.html,southernminn.com,20221031T081500Z,English,United States
soil carbon requestration,carbon farming,5 Sustainable Agriculture Practices for Long - Term Success,https://www.ktbs.com/online_features/family_living/5-sustainable-agriculture-practices-for-long-term-success/article_8f72e6ad-9539-5309-8abf-69af1963f609.html,ktbs.com,20221031T080000Z,English,United States
soil carbon requestration,carbon farming,5 Sustainable Agriculture Practices for Long - Term Success,https://www.wvgazettemail.com/online_features/family_living/5-sustainable-agriculture-practices-for-long-term-success/article_5cb9b3ba-dedc-5774-a316-3606e59e92cc.html,wvgazettemail.com,20221031T074500Z,English,United States
soil carbon requestration,carbon farming,5 Sustainable Agriculture Practices for Long - Term Success,https://www.fairfaxtimes.com/online_features/family_living/5-sustainable-agriculture-practices-for-long-term-success/article_ee2c1dc2-d744-5c45-8551-a8d665e40285.html,fairfaxtimes.com,20221031T073000Z,English,United States
soil carbon requestration,carbon farming,5 Sustainable Agriculture Practices for Long - Term Success,https://www.hudsonvalley360.com/online_features/family_living/5-sustainable-agriculture-practices-for-long-term-success/article_5c12cb15-2d75-53b0-a21b-24083345a846.html,hudsonvalley360.com,20221031T071500Z,English,United States
soil carbon requestration,carbon farming,5 Sustainable Agriculture Practices for Long - Term Success,https://www.rockymounttelegram.com/online_features/family_living/5-sustainable-agriculture-practices-for-long-term-success/article_e683630b-ca32-5a59-bd75-3ee1ee7e6e3e.html,rockymounttelegram.com,20221031T071500Z,English,United States
soil carbon requestration,carbon farming,5 Sustainable Agriculture Practices for Long - Term Success,https://www.wdel.com/online_features/family_living/5-sustainable-agriculture-practices-for-long-term-success/article_8f8bc5aa-ac15-510a-bd8c-a1232c879efe.html,wdel.com,20221031T070000Z,English,United States
soil carbon requestration,carbon farming,Climate Agreement Aims to Cut Emissions with Food System Reform – Food Tank,https://foodtank.com/news/2022/10/climate-agreement-aims-to-cut-emissions-with-food-system-reform/,foodtank.com,20221030T204500Z,English,United States
soil carbon requestration,carbon farming,Six start - ups to compete in 2022 AgLaunch365 Livestock Challenge,https://www.beefmagazine.com/news/six-start-ups-compete-2022-aglaunch365-livestock-challenge,beefmagazine.com,20221027T204500Z,English,United States
soil carbon requestration,carbon farming,Six start - ups to compete in 2022 AgLaunch365 Livestock Challenge,https://www.nationalhogfarmer.com/news/six-start-ups-compete-2022-aglaunch365-livestock-challenge,nationalhogfarmer.com,20221027T201500Z,English,United States
soil carbon requestration,carbon farming,Six start - ups to compete in 2022 AgLaunch365 Livestock Challenge,https://www.feedstuffs.com/news/six-start-ups-compete-2022-aglaunch365-livestock-challenge,feedstuffs.com,20221027T201500Z,English,United States
soil carbon requestration,carbon farming,Six Companies Compete in AgLaunch Livestock Challenge,https://agwired.com/2022/10/27/six-companies-compete-in-aglaunch-livestock-challenge/,agwired.com,20221027T191500Z,English,United States
soil carbon requestration,carbon farming,Specialty Food Association Trendspotter Panel Predicts Top 2023 Specialty Food Trends,https://www.perishablenews.com/deli/specialty-food-association-trendspotter-panel-predicts-top-2023-specialty-food-trends/,perishablenews.com,20221027T190000Z,English,United States
soil carbon requestration,carbon farming,Specialty Food Association Trendspotter Panel Predicts Top 2023 Specialty Food Trends,https://markets.businessinsider.com/news/stocks/specialty-food-association-trendspotter-panel-predicts-top-2023-specialty-food-trends-1031844194,markets.businessinsider.com,20221027T150000Z,English,United States
soil carbon requestration,carbon farming,Specialty Food Association Trendspotter Panel Predicts Top 2023 Specialty Food Trends,https://www.prnewswire.com:443/news-releases/specialty-food-association-trendspotter-panel-predicts-top-2023-specialty-food-trends-301661404.html,prnewswire.com,20221027T150000Z,English,United States
soil carbon requestration,carbon farming,"U of I paper spotlights challenges , solutions to ag role in carbon markets",https://www.effinghamdailynews.com/news/u-of-i-paper-spotlights-challenges-solutions-to-ags-role-in-carbon-markets/article_e5956062-53d4-11ed-bb7b-97b51a7dd7f1.html,effinghamdailynews.com,20221024T203000Z,English,United States
soil carbon requestration,carbon farming,Scanning Eurasian horizon for new CO2 offsetting opportunities,https://www.miragenews.com/scanning-eurasian-horizon-for-new-co2-880777/,miragenews.com,20221024T133000Z,English,United States
soil carbon requestration,carbon farming,"Debunking Net Zero , Carbon Offsets , Nature - Based Solutions , Climate Smart Agriculture , Bioeconomy …",https://www.nakedcapitalism.com/2022/10/debunking-net-zero-carbon-offsets-nature-based-solutions-climate-smart-agriculture-bioeconomy.html,nakedcapitalism.com,20221022T121500Z,English,United States
soil carbon requestration,carbon farming,New Zealand farmers protest livestock  burp and fart  tax,http://www.msn.com/en-us/news/world/new-zealand-farmers-protest-livestock-burp-and-fart-tax/vi-AA13b7Ww,msn.com,20221020T114500Z,English,United States
soil carbon requestration,carbon farming,Fromberg Schools pull off flood recovery with lots of help and understanding,https://mtstandard.com/news/state-and-regional/fromberg-schools-pull-off-flood-recovery-with-lots-of-help-and-understanding/article_2a50f897-96d1-51ad-a73a-523bae84b905.html,mtstandard.com,20221019T170000Z,English,United States
soil carbon requestration,carbon farming,Fromberg Schools pull off flood recovery with lots of help and understanding,https://ravallirepublic.com/news/state-and-regional/fromberg-schools-pull-off-flood-recovery-with-lots-of-help-and-understanding/article_fd1ce03b-bc30-5ff8-9a7a-fd1ea4d188e7.html,ravallirepublic.com,20221019T150000Z,English,United States
soil carbon requestration,carbon farming,Fromberg Schools pull off flood recovery with lots of help and understanding,https://missoulian.com/news/state-and-regional/fromberg-schools-pull-off-flood-recovery-with-lots-of-help-and-understanding/article_a3f8a6c8-2803-5ad9-a817-fd8377f1807b.html,missoulian.com,20221019T144500Z,English,United States
soil carbon requestration,carbon farming,Fromberg Schools pull off flood recovery with lots of help and understanding,https://helenair.com/news/state-and-regional/fromberg-schools-pull-off-flood-recovery-with-lots-of-help-and-understanding/article_745d5206-2b83-5f84-8f59-67c1dd867967.html,helenair.com,20221019T134500Z,English,United States
soil carbon requestration,carbon farming,Fromberg Schools pull off flood recovery with lots of help and understanding,https://billingsgazette.com/news/local/fromberg-schools-pull-off-flood-recovery-with-lots-of-help-and-understanding/article_452584c6-4b0b-11ed-b5dc-73756a3184f7.html,billingsgazette.com,20221019T131500Z,English,United States
soil carbon requestration,carbon farming,5 Sustainable Agriculture Practices for Long - Term Success,https://www.hartfordcitynewstimes.com/online_features/family_living/5-sustainable-agriculture-practices-for-long-term-success/article_da0817f8-078b-51d7-8582-d07a4cf2d46e.html,hartfordcitynewstimes.com,20221018T071500Z,English,United States
soil carbon requestration,carbon farming,Bayer Fields of Opportunity showcases New Solutions to Increase Sustainability,https://seedworld.com/bayers-fields-of-opportunity-showcases-new-solutions-to-increase-sustainability/,seedworld.com,20221017T220000Z,English,United States
soil carbon requestration,carbon farming,Stock Market | FinancialContent Business Page,https://markets.financialcontent.com/stocks/article/accwirecq-2022-10-17-5-sustainable-agriculture-practices-for-long-term-success,markets.financialcontent.com,20221017T204500Z,English,United States
soil carbon requestration,carbon farming,5 Sustainable Agriculture Practices for Long - Term Success,https://1033wvyb.com/5-sustainable-agriculture-practices-for-long-term-success/,1033wvyb.com,20221017T090000Z,English,United States
soil carbon requestration,carbon farming,5 Sustainable Agriculture Practices for Long - Term Success,https://931coast.com/5-sustainable-agriculture-practices-for-long-term-success/,931coast.com,20221017T060000Z,English,United States
soil carbon requestration,carbon farming,Kansas ag secretary to speak at two - day soil health event,https://www.hpj.com/crops/kansas-ag-secretary-to-speak-at-two-day-soil-health-event/article_fcd6a6c8-4c04-11ed-8516-0f70b3480cc9.html,hpj.com,20221016T153000Z,English,United States
soil carbon requestration,carbon farming,Soil Health 101 : Everything You Need to Know,https://www.ecowatch.com/soil-health-guide.html,ecowatch.com,20221016T130000Z,English,United States
soil carbon requestration,carbon farming,Indigo Ag Carbon Collaborations Open Sustainability Market Doors for Farmers,https://markets.businessinsider.com/news/stocks/indigo-ag-s-carbon-collaborations-open-sustainability-market-doors-for-farmers-1031803290,markets.businessinsider.com,20221013T134500Z,English,United States
soil carbon requestration,carbon farming,Indigo Ag Carbon Collaborations Open Sustainability Market Doors for Farmers,https://www.prnewswire.com/news-releases/indigo-ags-carbon-collaborations-open-sustainability-market-doors-for-farmers-301648613.html,prnewswire.com,20221013T134500Z,English,United States
soil carbon requestration,carbon farming,Indigo Ag Carbon Collaborations Open Sustainability Market Doors for Farmers,https://finance.yahoo.com/news/indigo-ags-carbon-collaborations-open-131500902.html,finance.yahoo.com,20221013T134500Z,English,United States
soil carbon requestration,carbon farming,Indigo Ag Carbon Collaborations Open Sustainability Market Doors for Farmers,https://www.streetinsider.com/PRNewswire/Indigo+Ags+Carbon+Collaborations+Open+Sustainability+Market+Doors+for+Farmers/20699174.html,streetinsider.com,20221013T133000Z,English,United States
soil carbon requestration,carbon farming,Indigo Ag Carbon Collaborations Open Sustainability Market Doors for Farmers,https://www.prnewswire.com:443/news-releases/indigo-ags-carbon-collaborations-open-sustainability-market-doors-for-farmers-301648613.html,prnewswire.com,20221013T133000Z,English,United States
soil carbon requestration,carbon farming,Dame Anne Salmond : Seeing the wood for the trees,http://www.msn.com/en-nz/news/national/dame-anne-salmond-seeing-the-wood-for-the-trees/ar-AA12SYvo,msn.com,20221012T191500Z,English,United States
soil carbon requestration,carbon farming,"Europe Daily News , 12 October 2022 | Perspectives & Events",https://www.mayerbrown.com/en/perspectives-events/publications/2022/10/europe-daily-news/europe-daily-news-oct1222,mayerbrown.com,20221012T130000Z,English,United States
soil carbon requestration,carbon farming,Carbon Capture on Farms Could Boost Sustainability,https://energycentral.com/c/ec/carbon-capture-farms-could-boost-sustainability,energycentral.com,20221011T201500Z,English,United States
soil carbon requestration,carbon farming,Farm carbon for profit,https://www.canr.msu.edu/news/farm-carbon-for-profit,canr.msu.edu,20221007T180000Z,English,United States
soil carbon requestration,carbon farming,Forest industries welcome Federal Government progress on removing barriers to carbon market for,https://www.miragenews.com/forest-industries-welcome-federal-governments-868939/,miragenews.com,20221005T233000Z,English,United States
soil carbon requestration,carbon farming,Telstra boosts investment in renewable energy future,https://www.miragenews.com/telstra-boosts-investment-in-renewable-energy-867885/,miragenews.com,20221004T181500Z,English,United States
soil carbon requestration,carbon farming,The Truth about Ethanol and Carbon Emissions – Advanced BioFuels united states,https://advancedbiofuelsusa.info/the-truth-about-ethanol-and-carbon-emissions/,advancedbiofuelsusa.info,20221004T170000Z,English,United States
soil carbon requestration,carbon farming,The Cost Of Living Crisis Neednt Delay Climate Progress,https://www.forbes.com/sites/jonquilhackenberg/2022/12/01/the-cost-of-living-crisis-neednt-delay-climate-progress/,forbes.com,20221201T180000Z,English,United States
soil carbon requestration,carbon farming,Eni and BF Reach an Agreement on the National Territory to Develop an Agro - Industrial Supply Chain for Energy Use – Advanced BioFuels united states,https://advancedbiofuelsusa.info/eni-and-bf-reach-an-agreement-on-the-national-territory-to-develop-an-agro-industrial-supply-chain-for-energy-use/,advancedbiofuelsusa.info,20221130T224500Z,English,United States
soil carbon requestration,carbon farming,"A new , divided Congress will have to take on a new Farm Bill with far - reaching effects",https://www.wsiu.org/agriculture/2022-11-30/a-new-divided-congress-will-have-to-take-on-a-new-farm-bill-with-far-reaching-effects,wsiu.org,20221130T141500Z,English,United States
soil carbon requestration,carbon farming,Eni and BF evaluate development of energy crops in Italy : Biofuels Digest,https://www.biofuelsdigest.com/bdigest/2022/11/29/eni-and-bf-evaluate-development-of-energy-crops-in-italy/,biofuelsdigest.com,20221130T040000Z,English,United States
soil carbon requestration,carbon farming,Eni And BF To Develop Agro - Industrial Supply Chain For Energy Use,https://www.rigzone.com:443/news/eni_and_bf_to_develop_agroindustrial_supply_chain_for_energy_use-28-nov-2022-171184-article/,rigzone.com,20221128T230000Z,English,United States
soil carbon requestration,carbon farming,Eni And BF To Develop Agro - Industrial Supply Chain For Energy Use,https://www.rigzone.com/news/eni_and_bf_to_develop_agroindustrial_supply_chain_for_energy_use-28-nov-2022-171184-article/,rigzone.com,20221128T213000Z,English,United States
soil carbon requestration,carbon farming,"A new , divided Congress will have to take on a new Farm Bill with far - reaching effects",https://www.iowapublicradio.org/ipr-news/2022-11-28/a-new-divided-congress-will-have-to-take-on-a-new-farm-bill-with-far-reaching-effects,iowapublicradio.org,20221128T184500Z,English,United States
soil carbon requestration,carbon farming,Agrology Raises SEED Funding to Drive Growth and Help Farmers Combat Climate Change – Consumer Electronics Net,http://www.consumerelectronicsnet.com/agrology-raises-seed-funding-to-drive-growth-and-help-farmers-combat-climate-change/,consumerelectronicsnet.com,20221128T183000Z,English,United States
soil carbon requestration,carbon farming,Agrology Raises SEED Funding to Drive Growth and Help Farmers Combat Climate Change,https://www.businesswire.com/news/home/20221128005112/en/Agrology-Raises-SEED-Funding-to-Drive-Growth-and-Help-Farmers-Combat-Climate-Change,businesswire.com,20221128T154500Z,English,United States
soil carbon requestration,carbon farming,Agrology Raises Seed Funding to Drive Growth and Help Farmers Combat Climate Change,https://wineindustryadvisor.com/2022/11/28/agrology-raises-seed-funding-to-drive-growth-and-help-farmers-combat-climate-change,wineindustryadvisor.com,20221128T154500Z,English,United States
soil carbon requestration,carbon farming,Australian Government ramps up climate reforms : Safeguard Mechanism overhaul begins with new carbon credits,https://www.lexology.com/library/detail.aspx?g=1e8f4a14-04f5-46f5-b55f-68592ff65f96,lexology.com,20221128T081500Z,English,United States
soil carbon requestration,carbon farming,"Environmental group unites businesses , local governments",https://www.agupdate.com/missourifarmertoday/iowafarmertoday/opinion/environmental-group-unites-businesses-local-governments/article_0a8f6ebe-6aa3-11ed-90b3-234d5429c3c2.html,agupdate.com,20221126T161500Z,English,United States
soil carbon requestration,carbon farming,"Environmental group unites businesses , local governments",https://www.agupdate.com/iowafarmertoday/opinion/environmental-group-unites-businesses-local-governments/article_0a8f6ebe-6aa3-11ed-90b3-234d5429c3c2.html,agupdate.com,20221126T140000Z,English,United States
soil carbon requestration,carbon farming,2022 - 11 - 23 | TSXV : STRR | Press Release | Star Royalties Ltd .,https://stockhouse.com/news/press-releases/2022/11/23/star-royalties-reports-q3-2022-financial-results,stockhouse.com,20221124T231500Z,English,United States
soil carbon requestration,carbon farming,18th Century Wine Bottles for Auction – Wine & Spirits Magazine,https://www.wineandspiritsmagazine.com/news/news-in-brief/18th-century-wine-bottles-for-auction,wineandspiritsmagazine.com,20221123T180000Z,English,United States
soil carbon requestration,carbon farming,"A new , divided Congress will have to take on a new Farm Bill with far - reaching effects",https://www.kosu.org/politics/2022-11-23/a-new-divided-congress-will-have-to-take-on-a-new-farm-bill-with-far-reaching-effects,kosu.org,20221123T110000Z,English,United States
soil carbon requestration,carbon farming,Ugandan Women Tackle Domestic Violence with Green Solutions,https://www.ipsnews.net/2022/11/ugandan-women-tackle-domestic-violence-green-solutions/,ipsnews.net,20221123T073000Z,English,United States
soil carbon requestration,carbon farming,"A new , divided Congress will have to take on a new Farm Bill with far - reaching effects",https://www.hppr.org/hppr-news/2022-11-22/a-new-divided-congress-will-have-to-take-on-a-new-farm-bill-with-far-reaching-effects,hppr.org,20221122T214500Z,English,United States
soil carbon requestration,carbon farming,"A new , divided Congress will have to take on a new Farm Bill with far - reaching effects",https://www.kmuw.org/agriculture/2022-11-21/a-new-divided-congress-will-have-to-take-on-a-new-farm-bill-with-far-reaching-effects,kmuw.org,20221121T231500Z,English,United States
soil carbon requestration,carbon farming,OCP Group : Adding value to the land and creating local opportunities,http://www.euronews.com/green/2022/11/21/ocp-group-adding-value-to-the-land-and-creating-local-opportunities,euronews.com,20221121T163000Z,English,United States
soil carbon requestration,carbon farming,"A new , divided Congress will have to take on a new Farm Bill",https://news.stlpublicradio.org/government-politics-issues/2022-11-21/a-new-divided-congress-will-have-to-take-on-a-new-farm-bill-with-far-reaching-effects,news.stlpublicradio.org,20221121T154500Z,English,United States
soil carbon requestration,carbon farming,"A new , divided Congress will have to take on a new Farm Bill with far - reaching effects",https://www.krcu.org/news/2022-11-21/a-new-divided-congress-will-have-to-take-on-a-new-farm-bill-with-far-reaching-effects,krcu.org,20221121T153000Z,English,United States
soil carbon requestration,carbon farming,"A new , divided Congress will have to take on a new Farm Bill | KCUR 89 . 3",https://www.kcur.org/2022-11-17/a-new-divided-congress-will-have-to-take-on-a-new-farm-bill-with-far-reaching-effects,kcur.org,20221118T033000Z,English,United States
soil carbon requestration,carbon farming,Is regenerative agriculture the future of farming or the next greenwashing fad ?,http://www.courant.com/business/is-regenerative-agriculture-the-future-of-farming-or-the-next-greenwashing-fad-20221116-hk2i2he6zzhjrghvc6k2exla2m-story.html,courant.com,20221116T180000Z,English,United States
soil carbon requestration,carbon farming,Bayer Showcases How To Jointly Tackle the Challenges of Food Security and Climate Change,http://www.justmeans.com/press-release/bayer-showcases-how-to-jointly-tackle-the-challenges-of-food-security-and-climate,justmeans.com,20221116T160000Z,English,United States
soil carbon requestration,carbon farming,Iowa farmer honored at Sustainable Agriculture Summit,https://www.farmprogress.com/carbon/iowa-farmer-honored-sustainable-agriculture-summit,farmprogress.com,20221116T021500Z,English,United States
soil carbon requestration,carbon farming,What is a soil carbon credit ?,https://www.newswise.com/articles/what-is-a-soil-carbon-credit,newswise.com,20221115T163000Z,English,United States
soil carbon requestration,carbon farming,What is soil carbon credit ?,https://www.miragenews.com/what-is-soil-carbon-credit-895913/,miragenews.com,20221115T070000Z,English,United States
soil carbon requestration,carbon farming,Is California 2025 organics diversion target still viable ?,https://www.wastedive.com/news/california-sb-1383-part-seven-compost-digestion-target-procurement/636468/,wastedive.com,20221114T184500Z,English,United States
soil carbon requestration,carbon farming,BDO Malta Budget 2023 Key Highlights - Financial Services,https://www.mondaq.com/financial-services/1244064/bdo-malta-budget-2023-key-highlights,mondaq.com,20221113T124500Z,English,United States
soil carbon requestration,carbon farming,"Environment and Sustainable Development 5 Minute Fix 32 : ozone layer , nuclear energy , hydrogen , water , biodiversity and planning",https://www.lexology.com/library/detail.aspx?g=8f787e2e-ec2e-4708-8319-5fa181e4f74c,lexology.com,20221110T174500Z,English,United States
soil carbon requestration,carbon farming,Carbon farmers feel the heat,http://www.msn.com/en-nz/news/national/carbon-farmers-feel-the-heat/ar-AA13XVpZ,msn.com,20221110T173000Z,English,United States
soil carbon requestration,carbon farming,Data Role In Helping The Agricultural Industry Adapt To A Warming Climate,https://www.forbes.com/sites/forbestechcouncil/2022/11/09/datas-role-in-helping-the-agricultural-industry-adapt-to-a-warming-climate/,forbes.com,20221109T154500Z,English,United States
soil carbon requestration,carbon farming,Hungry Games - LewRockwell,https://www.lewrockwell.com/2022/11/brian-wilson/hungry-games/,lewrockwell.com,20221109T063000Z,English,United States
soil carbon requestration,carbon farming,Historic Drought is Creating an Ongoing Crisis for Organic Dairy Farmers,https://www.perishablenews.com/dairy/historic-drought-is-creating-an-ongoing-crisis-for-organic-dairy-farmers/,perishablenews.com,20221108T204500Z,English,United States
soil carbon requestration,carbon farming,Regenerative Agriculture Makes for Sustainable Farming,https://www.publicnewsservice.org/2022-11-08/climate-change-air-quality/regenerative-agriculture-makes-for-sustainable-farming/a81367-1,publicnewsservice.org,20221108T130000Z,English,United States
soil carbon requestration,carbon farming,Multinational Agrichemical Corporations and the Great Food Transformation,https://www.infowars.com/posts/multinational-agrichemical-corporations-and-the-great-food-transformation/,infowars.com,20221107T204500Z,English,United States
soil carbon requestration,carbon farming,UK Climate Crown Slips As Doubts Hang Over Recent Commitments,https://www.rigzone.com/news/wire/uk_climate_crown_slips_as_doubts_hang_over_recent_commitments-07-nov-2022-170966-article/,rigzone.com,20221107T180000Z,English,United States
soil carbon requestration,carbon farming,5 Sustainable Agriculture Practices for Long - Term Success,http://www.charkoosta.com/online_features/family_living/5-sustainable-agriculture-practices-for-long-term-success/article_92a5a0c3-7c52-5493-9661-b34a2e78e184.html,charkoosta.com,20221107T114500Z,English,United States
soil carbon requestration,carbon farming,5 Sustainable Agriculture Practices for Long - Term Success,https://www.williamsondailynews.com/online_features/family_living/5-sustainable-agriculture-practices-for-long-term-success/article_03ba69b0-e276-55ff-8588-cc5693e763f5.html,williamsondailynews.com,20221107T104500Z,English,United States
soil carbon requestration,carbon farming,Premier pays tribute to Minister Alannah MacTiernan,https://www.miragenews.com/premier-pays-tribute-to-minister-alannah-890151/,miragenews.com,20221107T073000Z,English,United States
soil carbon requestration,carbon farming,5 Sustainable Agriculture Practices for Long - Term Success,http://www.coronadonewsca.com/online_features/family_living/5-sustainable-agriculture-practices-for-long-term-success/article_44c1413f-b9ef-5721-92dc-ae6160ad9784.html,coronadonewsca.com,20221106T150000Z,English,United States
soil carbon requestration,carbon farming,5 Sustainable Agriculture Practices for Long - Term Success,https://www.lodinews.com/online_features/family_living/article_1c2fd921-19ac-5b77-be5c-6795b74da527.html,lodinews.com,20221106T143000Z,English,United States
soil carbon requestration,carbon farming,5 Sustainable Agriculture Practices for Long - Term Success,https://www.championnewspapers.com/online_features/family_living/article_55c4035c-eff4-5487-bce0-1e182687deac.html,championnewspapers.com,20221106T133000Z,English,United States
soil carbon requestration,carbon farming,5 Sustainable Agriculture Practices for Long - Term Success,http://www.thearabtribune.com/online_features/family_living/5-sustainable-agriculture-practices-for-long-term-success/article_07255335-2ef5-515e-8df2-af2ca39ad477.html,thearabtribune.com,20221106T124500Z,English,United States
soil carbon requestration,carbon farming,5 Sustainable Agriculture Practices for Long - Term Success,http://www.belmondnews.com/online_features/family_living/5-sustainable-agriculture-practices-for-long-term-success/article_31e2bb8d-78b2-51e1-9bb0-b0d527e53ecf.html,belmondnews.com,20221106T123000Z,English,United States
soil carbon requestration,carbon farming,5 Sustainable Agriculture Practices for Long - Term Success,https://www.thesunchronicle.com/online_features/family_living/5-sustainable-agriculture-practices-for-long-term-success/article_e9110c3d-711f-5c0f-8183-219141da6328.html,thesunchronicle.com,20221106T121500Z,English,United States
soil carbon requestration,carbon farming,5 Sustainable Agriculture Practices for Long - Term Success,https://www.morning-times.com/online_features/family_living/article_8e0e77d7-c517-5658-b4ca-fde2658219cb.html,morning-times.com,20221106T120000Z,English,United States
soil carbon requestration,carbon farming,5 Sustainable Agriculture Practices for Long - Term Success,http://homenewshere.com/online_features/family_living/article_4a8eb089-54fd-5fc4-bba2-fbe19b3760f7.html,homenewshere.com,20221106T114500Z,English,United States
soil carbon requestration,carbon farming,5 Sustainable Agriculture Practices for Long - Term Success,https://www.wyomingnews.com/laramieboomerang/online_features/family_living/5-sustainable-agriculture-practices-for-long-term-success/article_a5a11a2d-f0af-5e9a-ba96-8f51963de7f3.html,wyomingnews.com,20221106T113000Z,English,United States
soil carbon requestration,carbon farming,5 Sustainable Agriculture Practices for Long - Term Success,http://www.stlamerican.com/online_features/family_living/5-sustainable-agriculture-practices-for-long-term-success/article_bc6dd573-af26-502b-8e63-db06ff0600cc.html,stlamerican.com,20221106T111500Z,English,United States
soil carbon requestration,carbon farming,5 Sustainable Agriculture Practices for Long - Term Success,https://www.rheaheraldnews.com/online_features/family_living/article_26c61b49-5599-5f18-8aa5-209aa17d406c.html,rheaheraldnews.com,20221106T111500Z,English,United States
soil carbon requestration,carbon farming,5 Sustainable Agriculture Practices for Long - Term Success,https://www.oswegocountynewsnow.com/online_features/family_living/5-sustainable-agriculture-practices-for-long-term-success/article_21d5a6c2-7277-58a8-9835-7e7258367052.html,oswegocountynewsnow.com,20221106T104500Z,English,United States
soil carbon requestration,carbon farming,5 Sustainable Agriculture Practices for Long - Term Success,https://www.thedailyreview.com/online_features/family_living/5-sustainable-agriculture-practices-for-long-term-success/article_4f6e6fc5-ef1e-547d-919e-ec1f78aa9b9c.html,thedailyreview.com,20221106T103000Z,English,United States
soil carbon requestration,carbon farming,5 Sustainable Agriculture Practices for Long - Term Success,https://www.grandrapidsmn.com/online_features/family_living/5-sustainable-agriculture-practices-for-long-term-success/article_dace4107-f02a-51be-888f-6dcfeecebdbe.html,grandrapidsmn.com,20221106T094500Z,English,United States
soil carbon requestration,carbon farming,5 Sustainable Agriculture Practices for Long - Term Success,https://www.leadertelegram.com/online_features/family_living/5-sustainable-agriculture-practices-for-long-term-success/article_dd0f73ad-3fa0-585c-ac56-c423eda0c240.html,leadertelegram.com,20221106T090000Z,English,United States
soil carbon requestration,carbon farming,5 Sustainable Agriculture Practices for Long - Term Success,http://www.theblacksheartimes.com/online_features/family_living/5-sustainable-agriculture-practices-for-long-term-success/article_b6c2614a-9cfb-501d-8997-3c510892a355.html,theblacksheartimes.com,20221106T090000Z,English,United States
soil carbon requestration,carbon farming,5 Sustainable Agriculture Practices for Long - Term Success,https://www.journalgazette.net/online_features/family_living/5-sustainable-agriculture-practices-for-long-term-success/article_edbb1721-47a2-57bb-b801-c69028d34b50.html,journalgazette.net,20221106T090000Z,English,United States
soil carbon requestration,carbon farming,5 Sustainable Agriculture Practices for Long - Term Success,https://www.journalinquirer.com/online_features/family_living/5-sustainable-agriculture-practices-for-long-term-success/article_57adb405-2094-5024-9061-510ae308056e.html,journalinquirer.com,20221106T083000Z,English,United States
soil carbon requestration,carbon farming,Multinational Agrichemical Corporations and the Great Food Transformation,https://mises.org/wire/multinational-agrichemical-corporations-and-great-food-transformation,mises.org,20221105T161500Z,English,United States
soil carbon requestration,carbon farming,Historic Drought is Creating an Ongoing Crisis for Organic Dairy Farmers,https://finance.yahoo.com/news/historic-drought-creating-ongoing-crisis-150000262.html,finance.yahoo.com,20221103T174500Z,English,United States
soil carbon requestration,carbon farming,Historic Drought is Creating an Ongoing Crisis for Organic Dairy Farmers,https://www.businesswire.com/news/home/20221101005018/en/Historic-Drought-is-Creating-an-Ongoing-Crisis-for-Organic-Dairy-Farmers,businesswire.com,20221103T153000Z,English,United States
soil carbon requestration,carbon farming,Stock Market | FinancialContent Business Page,https://markets.financialcontent.com/stocks/article/bizwire-2022-11-3-historic-drought-is-creating-an-ongoing-crisis-for-organic-dairy-farmers,markets.financialcontent.com,20221103T151500Z,English,United States
soil carbon requestration,carbon farming,"175 - hectare , 600MW data center campus proposed outside London in Havering",https://www.datacenterdynamics.com/en/news/175-hectare-600mw-data-center-campus-proposed-outside-london-in-havering/,datacenterdynamics.com,20221103T134500Z,English,United States
soil carbon requestration,carbon farming,Agreena Goes  First - Ever  On Blockchain : Tokenized Carbon Crediting Attached To Real Currency,https://mondovisione.com/media-and-resources/news/agreena-goes-first-ever-on-blockchain-tokenized-carbon-crediting-attached-to/,mondovisione.com,20221103T120000Z,English,United States
soil carbon requestration,carbon farming,Lawrence Wine Estates Acquires Château Lascombes – Wine & Spirits Magazine,https://www.wineandspiritsmagazine.com/news/news-in-brief/lawrence-wine-estates-acquires-chateau-lascombes,wineandspiritsmagazine.com,20221102T221500Z,English,United States
soil carbon requestration,carbon farming,Specialty Food Association forecasts 2023 top food trends,https://www.supermarketnews.com/issues-trends/specialty-food-association-forecasts-2023-top-food-trends,supermarketnews.com,20221101T171500Z,English,United States
soil carbon requestration,carbon farming,Inaugural Vintage of Cavas de Guarda Superior – Wine & Spirits Magazine,https://www.wineandspiritsmagazine.com/news/news-in-brief/inaugural-vintage-of-cavas-de-guarda-superior,wineandspiritsmagazine.com,20221101T031500Z,English,United States
soil carbon requestration,carbon farming,Anne Salmond : Is the ETS an environmental ponzi scheme ?,https://www.msn.com/en-nz/news/national/anne-salmond-is-the-ets-an-environmental-ponzi-scheme/ar-AA1ayQEX,msn.com,20230430T184500Z,English,United States
soil carbon requestration,carbon farming,"The Lehigh Valley future can be green , with the right plan",https://www.mcall.com/2023/04/28/the-lehigh-valleys-future-can-be-green-with-the-right-plan/,mcall.com,20230428T230000Z,English,United States
soil carbon requestration,carbon farming,Sustainable intensification in aggregate : Phase 2 of Kofi Annan uniquely African green revolution,https://www.brookings.edu/blog/future-development/2023/04/27/sustainable-intensification-in-aggregate-phase-2-of-kofi-annans-uniquely-african-green-revolution/,brookings.edu,20230427T223000Z,English,United States
soil carbon requestration,carbon farming,Landholders can restore forests cheaply and effectively,https://www.miragenews.com/landholders-can-restore-forests-cheaply-and-995387/,miragenews.com,20230427T210000Z,English,United States
soil carbon requestration,carbon farming,Selecting for dairy cows on sustainability traits could cut carbon emissions per animal,https://www.feednavigator.com/Article/2023/04/27/Selecting-for-dairy-cows-on-sustainability-traits-could-cut-carbon-emissions-per-animal,feednavigator.com,20230427T201500Z,English,United States
soil carbon requestration,carbon farming,Tools of the trade : 14 chef - approved essentials for making the best homemade pizza and pasta,https://www.salon.com/2023/04/25/tools-of-the-trade-14-chef-approved-essentials-for-making-the-best-pizza-and-pasta-at-home_partner/,salon.com,20230425T213000Z,English,United States
soil carbon requestration,carbon farming,"Embrace the messy garden , and other secrets of conservation farming in your own backyard",https://www.kunc.org/news/2023-04-24/embrace-the-messy-garden-and-other-secrets-of-conservation-farming-in-your-own-backyard,kunc.org,20230425T004500Z,English,United States
soil carbon requestration,carbon farming,African Food Changemakers launches BRACE Program 2023,https://www2.fundsforngos.org/community-development/african-food-changemakers-launches-brace-program-2023/,fundsforngos.org,20230421T063000Z,English,United States
soil carbon requestration,carbon farming,Can Alternative Fuels Power Carbon - Neutral Farming ?,https://www.triplepundit.com/story/2023/can-alternative-fuels-power-carbon-neutral-farming/772081,triplepundit.com,20230420T201500Z,English,United States
soil carbon requestration,carbon farming,A world - first nature repair market for Australia | White & Case LLP,https://www.jdsupra.com/legalnews/a-world-first-nature-repair-market-for-7526152/,jdsupra.com,20230419T231500Z,English,United States
soil carbon requestration,carbon farming,Biofuels growth is about  adding value  for farmers and communities,https://www.parkrapidsenterprise.com/business/biofuels-growth-is-about-adding-value-for-farmers-and-communities,parkrapidsenterprise.com,20230418T140000Z,English,United States
soil carbon requestration,carbon farming,Biofuels growth is about  adding value  for farmers and communities,https://www.dl-online.com/business/biofuels-growth-is-about-adding-value-for-farmers-and-communities,dl-online.com,20230418T114500Z,English,United States
soil carbon requestration,carbon farming,Climate solutions in pastures and hayfields in Ohio – Ohio Ag Net,https://ocj.com/2023/04/climate-solutions-in-pastures-and-hayfields-in-ohio/,ocj.com,20230417T013000Z,English,United States
soil carbon requestration,carbon farming,"150+ Grant Opportunities for Individuals and NGOs tackling Climate Change , Environment , and Energy Challenges",https://www2.fundsforngos.org/listing/150-grant-opportunities-for-individuals-and-ngos-tackling-climate-change-environment-and-energy-challenges/,fundsforngos.org,20230412T133000Z,English,United States
soil carbon requestration,carbon farming,150+ Grant Opportunities for Non - profits that are working towards Environment related Issues,https://www2.fundsforngos.org/listing/150-grant-opportunities-for-non-profits-that-are-working-towards-environment-related-issues/,fundsforngos.org,20230412T044500Z,English,United States
soil carbon requestration,carbon farming,National Association of Conservation Districts Monitoring Carbon Farming and Inclusion Issues,https://www.aginfo.net/report/55921/Line-on-Agriculture/National-Association-of-Conservation-Districts-Monitoring-Carbon-Farming-and-Inclusion-Issues,aginfo.net,20230404T114500Z,English,United States
soil carbon requestration,carbon farming,"Irish Distillers , Heineken Team On Regenerative Agriculture Project",https://thewhiskeywash.com/whiskey-styles/irish-whiskey/irish-distillers-heineken-team-on-regenerative-agriculture-project/,thewhiskeywash.com,20230403T204500Z,English,United States
soil carbon requestration,carbon farming,NAU Country President Jim Korin Highlights Importance of Crop Insurance Industry in Testimony to U . S . Senate Committee,https://www.prnewswire.com/news-releases/nau-country-president-jim-korin-highlights-importance-of-crop-insurance-industry-in-testimony-to-us-senate-committee-301834659.html,prnewswire.com,20230525T144500Z,English,United States
soil carbon requestration,carbon farming,Land OLakes says US Carbon Farming Payouts top $5 million in 2022,https://www.perishablenews.com/dairy/land-olakes-says-us-carbon-farming-payouts-top-5-million-in-2022/,perishablenews.com,20230525T000000Z,English,United States
soil carbon requestration,carbon farming,XpertSea teams with Conservation International to launch  climate - smart  shrimp pilot in Ecuador,https://www.seafoodsource.com/news/aquaculture/xpertsea-teams-with-conservation-international-to-launch-climate-smart-shrimp-pilot-in-ecuador,seafoodsource.com,20230523T134500Z,English,United States
soil carbon requestration,carbon farming,New Zealand ratio of sheep to humans at lowest point in 170 years,http://www.msn.com/en-us/news/world/new-zealands-ratio-of-sheep-to-humans-at-lowest-point-in-170-years/ar-AA1bxNxL,msn.com,20230523T023000Z,English,United States
soil carbon requestration,carbon farming,"The Food and Science Festival also beats the bad weather as many of the events involving science , information and farming are sold out",https://hardwoodparoxysm.com/the-food-and-science-festival-also-beats-the-bad-weather-as-many-of-the-events-involving-science-information-and-farming-are-sold-out/,hardwoodparoxysm.com,20230521T234500Z,English,United States
soil carbon requestration,carbon farming,Australia Launches Consultation on Climate Targets Tracking,https://www.miragenews.com/australia-launches-consultation-on-climate-1008986/,miragenews.com,20230518T064500Z,English,United States
soil carbon requestration,carbon farming,Land OLakes says U . S . carbon farming payouts top $5 million in 2022,https://www.agriculture.com/markets/newswire/land-olakes-says-us-carbon-farming-payouts-top-5-million-in-2022,agriculture.com,20230517T174500Z,English,United States
soil carbon requestration,carbon farming,Land OLakes says US carbon farming payouts top $5 million in 2022,https://www.reuters.com/markets/commodities/land-olakes-says-us-carbon-farming-payouts-top-5-million-2022-2023-05-17/,reuters.com,20230517T131500Z,English,United States
soil carbon requestration,carbon farming,"Form 10 - Q VERDE RESOURCES , INC . For : Mar 31","https://www.streetinsider.com/SEC+Filings/Form+10-Q+VERDE+RESOURCES,+INC.+For:+Mar+31/21673438.html",streetinsider.com,20230516T153000Z,English,United States
soil carbon requestration,carbon farming,U . S . Raises Its Climate Smart Farming Game With More than $3 Billion in Grants,https://www.growingproduce.com/farm-management/u-s-raises-its-climate-smart-farming-game-with-more-than-3-billion-in-grants/,growingproduce.com,20230513T163000Z,English,United States
soil carbon requestration,carbon farming,Sequestration in the Field – Advanced BioFuels united states,https://advancedbiofuelsusa.info/sequestration-in-the-field/,advancedbiofuelsusa.info,20230513T060000Z,English,United States
soil carbon requestration,carbon farming,These 4 challenges will shape the next farm bill – and how the US eats,https://www.wisfarmer.com/story/news/2023/05/11/these-4-challenges-will-shape-the-next-farm-bill-and-how-the-us-eats/70209064007/,wisfarmer.com,20230512T001500Z,English,United States
soil carbon requestration,carbon farming,"When It Comes To Sustainable Cotton , Fashion Focused On 1 % at the Expense Of The Other 99 . Why ?",https://www.forbes.com/sites/brookerobertsislam/2023/05/09/when-it-comes-to-sustainable-cotton-fashions-focused-on-1-at-the-expense-of-the-other-99-why/,forbes.com,20230510T001500Z,English,United States
soil carbon requestration,carbon farming,FAFSA changes could make college out of reach for some families,https://www.10news.com/fafsa-changes-could-make-college-out-of-reach-for-some-families,10news.com,20230508T213000Z,English,United States
soil carbon requestration,carbon farming,FAFSA changes could make college out of reach for some families,https://www.abcactionnews.com/fafsa-changes-could-make-college-out-of-reach-for-some-families,abcactionnews.com,20230508T194500Z,English,United States
soil carbon requestration,carbon farming,FAFSA changes could make college out of reach for some families,https://www.ksby.com/fafsa-changes-could-make-college-out-of-reach-for-some-families,ksby.com,20230508T193000Z,English,United States
soil carbon requestration,carbon farming,FAFSA changes could make college out of reach for some families,https://www.msn.com/en-us/money/careersandeducation/fafsa-changes-could-make-college-out-of-reach-for-some-families/ar-AA1aUdQR,msn.com,20230508T180000Z,English,United States
soil carbon requestration,carbon farming,The Skanner News - These Four Challenges Will Shape the Next Farm Bill – and How the US Eats,https://www.theskanner.com/news/usa/34622-these-four-challenges-will-shape-the-next-farm-bill-and-how-the-us-eats,theskanner.com,20230508T180000Z,English,United States
soil carbon requestration,carbon farming,Inside the $1 . 5 trillion farm bill with an Agriculture official,https://fortune.com/2023/05/08/what-will-be-in-farm-bill-1-5-trillion-former-agriculture-official/,fortune.com,20230508T161500Z,English,United States
soil carbon requestration,carbon farming,These four challenges will shape the next farm bill – and how the US eats,https://www.sfgate.com/news/article/these-four-challenges-will-shape-the-next-farm-18085462.php,sfgate.com,20230508T134500Z,English,United States
soil carbon requestration,carbon farming,These four challenges will shape the next farm bill – and how the US eats,https://www.chron.com/news/article/these-four-challenges-will-shape-the-next-farm-18085462.php,chron.com,20230508T134500Z,English,United States
soil carbon requestration,carbon farming,These four challenges will shape the next farm bill – and how the US eats,https://news.yahoo.com/four-challenges-shape-next-farm-121943749.html,news.yahoo.com,20230508T133000Z,English,United States
soil carbon requestration,carbon farming,Crop Science Innovation Summit 2023 Bayer Sees More Than Doubling Of Accessible Markets And Potential To Shape Regenerative Agriculture On More Than 400 Million Acres,https://www.foodonline.com/doc/crop-science-innovation-summit-bayer-regenerative-agriculture-on-more-than-million-acres-0001,foodonline.com,20230629T091500Z,English,United States
soil carbon requestration,carbon farming,Carbon Markets,https://www.agriculture.com/crops/carbon-markets,agriculture.com,20230626T213000Z,English,United States
soil carbon requestration,carbon farming,Research Finds Carbon Farming Helps Australian Drought Resilience,https://www.theepochtimes.com/research-finds-carbon-farming-helps-australian-drought-resilience_5354047.html,theepochtimes.com,20230624T021500Z,English,United States
soil carbon requestration,carbon farming,Crop Science Innovation Summit 2023 : Bayer sees more than doubling of accessible markets and potential to shape regenerative agriculture on more than 400 million acres,https://www.tmcnet.com/usubmit/-crop-science-innovation-summit-2023-bayer-sees-more-/2023/06/22/9837252.htm,tmcnet.com,20230622T110000Z,English,United States
soil carbon requestration,carbon farming,Teemu Lehmusruusu : Field Observatory - Announcements,https://www.e-flux.com/announcements/525839/teemu-lehmusruusufield-observatory/,e-flux.com,20230616T050000Z,English,United States
soil carbon requestration,carbon farming,Ohio farmers are entering a new market : the carbon trade,https://news.wosu.org/2023-06-15/ohio-farmers-are-entering-a-new-market-the-carbon-trade,news.wosu.org,20230615T124500Z,English,United States
soil carbon requestration,carbon farming,Ohio farmers are entering a new market : the carbon trade,https://www.ideastream.org/2023-06-15/ohio-farmers-are-entering-a-new-market-the-carbon-trade,ideastream.org,20230615T100000Z,English,United States
soil carbon requestration,carbon farming,Ohio farmers are entering a new market : the carbon trade,https://www.wvxu.org/2023-06-15/ohio-farmers-are-entering-a-new-market-the-carbon-trade,wvxu.org,20230615T093000Z,English,United States
soil carbon requestration,carbon farming,"A rich resource bounty , but we need to get it right : Empire Energy Group Ltd Alex Underwood",https://www.proactiveinvestors.com/companies/news/1017796/a-rich-resource-bounty-but-we-need-to-get-it-right-alex-underwood-1017796.html,proactiveinvestors.com,20230615T054500Z,English,United States
soil carbon requestration,carbon farming,From Net Zero to Glyphosate : Agritech Greenwashed Corporate Power Grab,https://dissidentvoice.org/2023/06/from-net-zero-to-glyphosate-agritechs-greenwashed-corporate-power-grab/,dissidentvoice.org,20230610T183000Z,English,United States
soil carbon requestration,carbon farming,World Environment Day : Open Grants for NGOs and Individuals to Protect Biodiversity and beat the Plastic Pollution,https://www2.fundsforngos.org/listing/world-environment-day-open-grants-for-ngos-and-individuals-to-protect-biodiversity-and-beat-the-plastic-pollution/,fundsforngos.org,20230602T144500Z,English,United States
soil carbon requestration,carbon farming,Endangered Birds at Risk from Fires in Australia Savannas,https://www.miragenews.com/endangered-birds-at-risk-from-fires-in-1056827/,miragenews.com,20230731T064500Z,English,United States
soil carbon requestration,carbon farming,Scientists show how fires along waterways in Australia tropical savanna threaten endangered birds,https://phys.org/news/2023-07-scientists-waterways-australia-tropical-savanna.html,phys.org,20230731T050000Z,English,United States
soil carbon requestration,carbon farming,Community members learn about farming alongside solar panels at Jack Solar Garden,https://www.timescall.com/2023/07/15/community-members-learn-about-farming-alongside-solar-panels-at-jacks-solar-garden/,timescall.com,20230716T053000Z,English,United States
soil carbon requestration,carbon farming,Govt Removes ACCU Water Rule to Boost Carbon Farming & Forestry Jobs,https://www.miragenews.com/govt-removes-accu-water-rule-to-boost-carbon-1042692/,miragenews.com,20230707T070000Z,English,United States
soil carbon requestration,carbon farming,Removal of water rule for forest carbon credit projects,https://www.miragenews.com/removal-of-water-rule-for-forest-carbon-credit-1042684/,miragenews.com,20230707T060000Z,English,United States
soil carbon requestration,carbon farming,Govt Removes ACCU Water Rule to Boost Carbon Farming & Forestry Jobs,https://www.miragenews.com/govt-removes-accu-water-rule-to-boost-carbon-1042678/,miragenews.com,20230707T060000Z,English,United States
soil carbon requestration,carbon farming,Government Removes ACCU Water Rule to Boost Carbon Farming and Forestry Jobs,https://www.miragenews.com/government-removes-accu-water-rule-to-boost-1042679/,miragenews.com,20230707T060000Z,English,United States
soil carbon requestration,carbon farming,CSRWire - Bayer Sees More Than Doubling of Accessible Markets and Potential To Shape Regenerative Agriculture on More Than 400 Million Acres,https://www.csrwire.com/press_releases/778246-bayer-sees-more-doubling-accessible-markets-and-potential-shape-regenerative,csrwire.com,20230706T204500Z,English,United States
soil carbon requestration,carbon farming,Carbon Farm Planner - Sustainable Business,https://www.sustainablebusiness.com/job/carbon-farm-planner/,sustainablebusiness.com,20230705T113000Z,English,United States
soil carbon requestration,carbon farming,Carbon trading for farmers is back on the table,https://www.politico.eu/article/carbon-trading-farmers-back-on-table/,politico.eu,20231015T020000Z,English,United States
soil carbon requestration,carbon farming,Queensland to Bolster Vegetation Management Framework,https://www.miragenews.com/queensland-to-bolster-vegetation-management-1102081/,miragenews.com,20231012T034500Z,English,United States
soil carbon requestration,carbon farming,Robert Mondavi Winery Announces New Director of Winemaking - Wine & Spirits Magazine,https://www.wineandspiritsmagazine.com/news/news-in-brief/robert-mondavi-winery-announces-new-director-of-winemaking,wineandspiritsmagazine.com,20231230T060000Z,English,United States
soil carbon requestration,carbon farming,Researchers : Planting pine or native forest for carbon capture isnt the only choice New Zealand can have best of both,https://phys.org/news/2023-12-native-forest-carbon-capture-isnt.html,phys.org,20231219T194500Z,English,United States
soil carbon requestration,carbon farming,"Global Carbon Capturing Across Industrial Applications Industry Report 2023 : Opportunities Emerging in Carbon Credit Marketplaces , Carbon Farming , and CCS - as - a - Service",https://www.prnewswire.com/news-releases/global-carbon-capturing-across-industrial-applications-industry-report-2023-opportunities-emerging-in-carbon-credit-marketplaces-carbon-farming-and-ccs-as-a-service-302018088.html,prnewswire.com,20231219T011500Z,English,United States
soil carbon requestration,carbon farming,Spotlighting Meghalaya Climate Action,https://www.miragenews.com/spotlighting-meghalayas-climate-action-1143870/,miragenews.com,20231214T063000Z,English,United States
soil carbon requestration,carbon farming,AIM for Climate Names Locus an Innovation Sprint Partner for CarbonNOW and MethaneNOW Initiatives,https://brazilbusiness.einnews.com/pr_news/674634348/aim-for-climate-names-locus-an-innovation-sprint-partner-for-carbonnow-and-methanenow-initiatives,brazilbusiness.einnews.com,20231213T033000Z,English,United States
soil carbon requestration,carbon farming,Selected Recipients for Carbon Farming Outreach Program Grant,https://www.miragenews.com/selected-recipients-for-carbon-farming-outreach-1142578/,miragenews.com,20231213T011500Z,English,United States
soil carbon requestration,carbon farming,IFPA highlights role of food sustainability at global climate event,https://www.thepacker.com/news/sustainability/ifpa-highlights-role-food-sustainability-global-climate-event,thepacker.com,20231208T220000Z,English,United States
soil carbon requestration,carbon farming,ASA Advocates Carbon Farming in Central Asia at COP28,https://www.miragenews.com/asa-advocates-carbon-farming-in-central-asia-at-1166023/,miragenews.com,20240201T181500Z,English,United States
soil carbon requestration,carbon farming,"New Zealand Poised for Alternative Food Tech , Lacks Strategic Plan",https://www.miragenews.com/new-zealand-poised-for-alternative-food-tech-1165217/,miragenews.com,20240131T230000Z,English,United States
soil carbon requestration,carbon farming,Advanced Aerial Mapping Unveils England Hedgerows,https://www.miragenews.com/advanced-aerial-mapping-unveils-englands-1165072/,miragenews.com,20240131T201500Z,English,United States
soil carbon requestration,carbon farming,"Straus Family Creamery Expands Its Premium Organic , Sustainable Dairy Lineup with the Launch of Organic Kefirs in Reusable Glass Bottles",https://www.perishablenews.com/dairy/straus-family-creamery-expands-its-premium-organic-sustainable-dairy-lineup-with-the-launch-of-organic-kefirs-in-reusable-glass-bottles/,perishablenews.com,20240130T203000Z,English,United States
soil carbon requestration,carbon farming,ZimmCast 672 – Farmers Edge Smart Carbon Program,https://agwired.com/2021/06/03/zimmcast-672-farmers-edge-smart-carbon-program/,agwired.com,20240128T100000Z,English,United States
soil carbon requestration,carbon farming,Agoro Carbon Alliance Reaches Two Million Acres Across 26 States,https://www.prnewswire.com/news-releases/agoro-carbon-alliance-reaches-two-million-acres-across-26-states-302041191.html,prnewswire.com,20240123T134500Z,English,United States
soil carbon requestration,carbon farming,World first : The first CO2 - negative biofuel comes from Germany,https://www.chemeurope.com/en/news/1182492/world-first-the-first-co2-negative-biofuel-comes-from-germany.html,chemeurope.com,20240118T060000Z,English,United States
soil carbon requestration,carbon farming,EU Proposes Law to Certify and Monitor Carbon Removal Activities,https://www.theepochtimes.com/world/eu-proposes-law-to-certify-and-monitor-carbon-removal-activities-5592523,theepochtimes.com,20240222T144500Z,English,United States
soil carbon requestration,carbon farming,EU agrees to make standards to certify carbon removal,https://www.datacenterdynamics.com/en/news/eu-agrees-to-make-standards-to-certify-carbon-removal/,datacenterdynamics.com,20240222T143000Z,English,United States
soil carbon requestration,carbon farming,"EU CO2 rules boost farmers , annoy environment activists",https://www.terradaily.com/reports/EU_CO2_rules_boost_farmers_annoy_environment_activists_999.html,terradaily.com,20240221T133000Z,English,United States
soil carbon requestration,carbon farming,Can beef farming be carbon neutral ? A decade - long experiment in Australia has mixed results,https://www.euronews.com/green/2024/02/19/can-beef-farming-be-carbon-neutral-a-decade-long-experiment-in-australia-has-mixed-results,euronews.com,20240219T181500Z,English,United States
soil carbon requestration,carbon farming,Restoring Hope : Innovating Conservation for a Sustainable Tomorrow,https://nicholas.duke.edu/magazine/restoring-hope,nicholas.duke.edu,20240215T151500Z,English,United States
soil carbon requestration,carbon farming,MidCoast Council Aids Landholders in Carbon Farming,https://www.miragenews.com/midcoast-council-aids-landholders-in-carbon-1172564/,miragenews.com,20240213T011500Z,English,United States
soil carbon requestration,carbon farming,How much carbon can farmers store in their soil ? Nobody sure .,https://grist.org/agriculture/farm-bill-soil-carbon-climate-smart-agriculture-farmers/,grist.org,20240212T104500Z,English,United States
soil carbon requestration,carbon farming,Can Ocean Energy Power Carbon Removal ?,https://cleantechnica.com/2024/02/01/can-ocean-energy-power-carbon-removal/,cleantechnica.com,20240202T010000Z,English,United States
soil carbon requestration,carbon farming,ASA Advocates Carbon Farming in Central Asia at COP28,https://www.miragenews.com/asa-advocates-carbon-farming-in-central-asia-at-1166023/,miragenews.com,20240201T181500Z,English,United States
soil carbon requestration,carbon farming,"GREET just the start , ethanol industry looks to EPA action on jet fuel , too",https://www.agri-pulse.com/articles/20864-greets-just-the-start-ethanol-industry-looks-to-epa-action-on-jet-fuel-too,agri-pulse.com,20240327T153000Z,English,United States
soil carbon requestration,carbon farming,Researcher Sandi Adams : The so - called  food transition  is just a war on farmers to control the global food supply – NaturalNews . com,https://www.naturalnews.com/2024-03-14-food-transition-globalist-war-farmers-control-food.html,naturalnews.com,20240315T073000Z,English,United States
soil carbon requestration,carbon farming,Center for Land - Based Learning field day enlightens farmers on carbon sequestration benefits,https://www.dailydemocrat.com/2024/03/09/center-for-land-based-learning-field-day-enlightens-farmers-on-carbon-sequestration-benefits/,dailydemocrat.com,20240309T181500Z,English,United States
soil carbon requestration,carbon farming,Farmland bills advance with concern over energy goal impact,https://www.dailygazette.com/the_recorder/news/farmland-protection-new-york/article_444d531c-dbfb-11ee-8ec9-af9e49539b08.html,dailygazette.com,20240307T190000Z,English,United States
soil carbon requestration,carbon farming,Spekboom bushes protect earth but can they cool Earth ?,https://phys.org/news/2024-03-spekboom-bushes-earth-cool.html,phys.org,20240307T091500Z,English,United States
soil carbon requestration,carbon farming,Spekboom bushes protect earth but can they cool Earth ?,https://www.terradaily.com/afp/240307013831.9rfolcpo.html,terradaily.com,20240307T063000Z,English,United States
soil carbon requestration,carbon farming,Spekboom bushes protect earth but can they cool Earth ?,https://www.independentnews.com/news/national/spekboom-bushes-protect-earth-but-can-they-cool-earth/article_8cc746f8-a5d1-55cb-b6d5-7fcedd1657fb.html,independentnews.com,20240307T034500Z,English,United States
soil carbon requestration,carbon farming,Spekboom bushes protect earth but can they cool Earth ?,https://www.myleaderpaper.com/news/national/spekboom-bushes-protect-earth-but-can-they-cool-earth/article_abf6db5c-c58c-5d7f-a33d-2694e3042ead.html,myleaderpaper.com,20240307T031500Z,English,United States
soil carbon requestration,carbon farming,Spekboom bushes protect earth but can they cool Earth ?,https://www.franklinfavorite.com/russellville/news/national/article_d5a1d96b-9dd9-5354-be49-a9b1d57a2dad.html,franklinfavorite.com,20240307T030000Z,English,United States
soil carbon requestration,carbon farming,Spekboom bushes protect earth but can they cool Earth ?,https://www.wyomingnews.com/news/national/spekboom-bushes-protect-earth-but-can-they-cool-earth/article_dfb0ef4c-6ea5-535f-8c02-cce848b5f4e7.html,wyomingnews.com,20240307T030000Z,English,United States
soil carbon requestration,carbon farming,Spekboom bushes protect earth but can they cool Earth ?,https://www.yahoo.com/news/spekboom-bushes-protect-earth-cool-013825259.html,yahoo.com,20240307T020000Z,English,United States
soil carbon requestration,carbon farming,Grants Boost Northern Native Seed for Aboriginal Firms,https://www.miragenews.com/grants-boost-northern-native-seed-for-1189309/,miragenews.com,20240307T003000Z,English,United States
soil carbon requestration,carbon farming,Boulder County Climate Innovation Fund accepting project proposals,https://www.coloradohometownweekly.com/2024/03/01/boulder-county-climate-innovation-fund-accepting-project-proposals/,coloradohometownweekly.com,20240302T051500Z,English,United States
soil carbon requestration,carbon farming,Boulder County Climate Innovation Fund accepting project proposals,https://www.dailycamera.com/2024/03/01/boulder-county-climate-innovation-fund-accepting-project-proposals/,dailycamera.com,20240302T021500Z,English,United States
soil carbon requestration,carbon farming,Boulder County Climate Innovation Fund accepting project proposals,https://www.timescall.com/2024/03/01/boulder-county-climate-innovation-fund-accepting-project-proposals/,timescall.com,20240302T014500Z,English,United States
soil carbon requestration,carbon farming,The Bee awarded money to local climate efforts . Here how the agriculture project shaped up,https://www.yahoo.com/news/bee-awarded-money-local-climate-120000029.html,yahoo.com,20240501T123000Z,English,United States
soil carbon requestration,carbon farming,An ancient farming technique is finding new life burying carbon and improving soil,https://www.kbia.org/missouri-news-network/2024-04-24/an-ancient-farming-technique-is-finding-new-life-burying-carbon-and-improving-soil,kbia.org,20240424T203000Z,English,United States
soil carbon requestration,carbon farming,"Cadwalader Climate - April 2024 # 4 | Cadwalader , Wickersham & Taft LLP",https://www.jdsupra.com/legalnews/cadwalader-climate-april-2024-4-5208828/,jdsupra.com,20240424T181500Z,English,United States
soil carbon requestration,carbon farming,Biochar is a hot topic in climate - friendly agriculture,https://www.kosu.org/2024-04-22/biochar-an-ancient-farming-method-is-finding-new-life-improving-soil-and-burying-carbon,kosu.org,20240423T221500Z,English,United States
soil carbon requestration,carbon farming,Biochar is a hot topic in climate - friendly agriculture,https://www.wxpr.org/food-and-agriculture/2024-04-22/biochar-an-ancient-farming-method-is-finding-new-life-improving-soil-and-burying-carbon,wxpr.org,20240423T174500Z,English,United States
soil carbon requestration,carbon farming,Biochar is a hot topic in climate - friendly agriculture | KCUR - Kansas City news and NPR,https://www.kcur.org/news/2024-04-22/biochar-an-ancient-farming-method-is-finding-new-life-improving-soil-and-burying-carbon,kcur.org,20240422T134500Z,English,United States
soil carbon requestration,carbon farming,Biochar is a hot topic in climate - friendly agriculture,https://kansaspublicradio.org/2024-04-22/biochar-an-ancient-farming-method-is-finding-new-life-improving-soil-and-burying-carbon,kansaspublicradio.org,20240422T121500Z,English,United States
soil carbon requestration,carbon farming,Biochar is a hot topic in climate - friendly agriculture,https://www.iowapublicradio.org/harvest-public-media/2024-04-22/biochar-an-ancient-farming-method-is-finding-new-life-improving-soil-and-burying-carbon,iowapublicradio.org,20240422T103000Z,English,United States
soil carbon requestration,carbon farming,Sowing Doubt : How Big AG Is Delaying Sustainable Farming in Europe,https://goodmenproject.com/featured-content/sowing-doubt-how-big-ag-is-delaying-sustainable-farming-in-europe/,goodmenproject.com,20240420T083000Z,English,United States
soil carbon requestration,carbon farming,EU passes measures to better certify carbon storage,https://www.voiceofalexandria.com/news/national/eu-passes-measures-to-better-certify-carbon-storage/article_ce2fbf83-6514-5ab7-969d-298388970521.html,voiceofalexandria.com,20240410T233000Z,English,United States
soil carbon requestration,carbon farming,EU passes measures to better certify carbon storage,https://www.yahoo.com/news/eu-passes-measures-better-certify-213035071.html,yahoo.com,20240410T220000Z,English,United States
soil carbon requestration,carbon farming,European Conservatives : How Has Fossil Fuel Suppression Worked Out for You ?,https://wattsupwiththat.com/2024/04/05/european-conservatives-how-has-fossil-fuel-suppression-worked-out-for-you/,wattsupwiththat.com,20240405T093000Z,English,United States
soil carbon requestration,carbon farming,Star Royalties Reports Q1 2024 Financial Results,https://www.tennesseedaily.com/news/274388568/star-royalties-reports-q1-2024-financial-results,tennesseedaily.com,20240529T133000Z,English,United States
soil carbon requestration,carbon farming,Return Of The GEDI : Scanning The Amazon With Lasers,https://www.sciencefriday.com/articles/gedi-mission-deforestation-carbon-amazon/,sciencefriday.com,20240529T063000Z,English,United States
soil carbon requestration,carbon farming,Targeted Funding Aims to Educate Agricultural Sector on Emissions Minimisation,https://www.theepochtimes.com/world/targeted-funding-aims-to-educate-agricultural-sector-on-emissions-minimisation-5655699,theepochtimes.com,20240526T041500Z,English,United States
soil carbon requestration,carbon farming,Positive Step Forward In Transition To Net Zero,https://www.miragenews.com/positive-step-forward-in-transition-to-net-zero-1241186/,miragenews.com,20240523T041500Z,English,United States
soil carbon requestration,carbon farming,Major Funding To Help Reduce Ag Emissions,https://www.miragenews.com/major-funding-to-help-reduce-ag-emissions-1240991/,miragenews.com,20240523T004500Z,English,United States
soil carbon requestration,carbon farming,"Students Merge Art , Science for Koala Conservation",https://www.miragenews.com/students-merge-art-science-for-koala-1240001/,miragenews.com,20240522T013000Z,English,United States
soil carbon requestration,carbon farming,Why farmers are controlling cows with GPS trackers,https://www.benningtonbanner.com/news/national/why-farmers-are-controlling-cows-with-gps-trackers/article_ed43921a-86e3-5d9b-a0e4-681451fddc2e.html,benningtonbanner.com,20240508T173000Z,English,United States
soil carbon requestration,carbon farming,Maple Leaf Foods Releases 2023 Integrated Report,https://www.perishablenews.com/deli/maple-leaf-foods-releases-2023-integrated-report/,perishablenews.com,20240507T204500Z,English,United States
soil carbon requestration,carbon farming,The Bee awarded money to local climate efforts . Here how the agriculture project shaped up,https://www.yahoo.com/news/bee-awarded-money-local-climate-120000029.html,yahoo.com,20240501T123000Z,English,United States
soil carbon requestration,carbon farming,ESG Australia - Carbon Offsets : Australian Regulatory Framework | K & L Gates LLP,https://www.jdsupra.com/legalnews/esg-australia-carbon-offsets-australian-5095819/,jdsupra.com,20240626T201500Z,English,United States
soil carbon requestration,carbon farming,The price is wrong : Researchers explore farmer interests in carbon markets,https://phys.org/news/2024-06-price-wrong-explore-farmers-carbon.html,phys.org,20240626T154500Z,English,United States
soil carbon requestration,carbon farming,Australia Carbon Offset Regulatory Framework Explained,https://natlawreview.com/article/esg-australia-carbon-offsets-australian-regulatory-framework,natlawreview.com,20240624T154500Z,English,United States
soil carbon requestration,carbon farming,Former Energy Minister Matt Kean to Head Climate Change Authority,https://www.theepochtimes.com/world/former-energy-minister-matt-kean-to-head-climate-change-authority-5674069,theepochtimes.com,20240624T041500Z,English,United States
soil carbon requestration,carbon farming,Informal Peer Review at the heart of the Livestock and Climate Initiative Occasional Feeds Conversations,https://www.cgiar.org/news-events/news/informal-peer-review-at-the-heart-of-the-livestock-and-climate-initiatives-occasional-feeds-conversations/,cgiar.org,20240618T174500Z,English,United States
soil carbon requestration,carbon farming,Research shows reintroduction of bison herd may have unexpected impact on air pollution :  These creatures evolved for millions of years,https://www.yahoo.com/news/research-shows-reintroduction-bison-herd-093000640.html,yahoo.com,20240615T114500Z,English,United States
soil carbon requestration,carbon farming,Improving soil health yields unexpected benefits for farmers,https://phys.org/news/2024-06-soil-health-yields-unexpected-benefits.html,phys.org,20240615T073000Z,English,United States
soil carbon requestration,carbon farming,Improving Soil Health Yields Unexpected Benefits For Farmers,https://www.eurasiareview.com/15062024-improving-soil-health-yields-unexpected-benefits-for-farmers/,eurasiareview.com,20240615T023000Z,English,United States
soil carbon requestration,carbon farming,Better Soil Health Boosts Farmer Profits Unexpectedly,https://www.miragenews.com/better-soil-health-boosts-farmer-profits-1256756/,miragenews.com,20240614T214500Z,English,United States
soil carbon requestration,carbon farming,Suntory Launches Low Carbon Sugarcane Farming Project in Thailand in Collaboration with VIVE Programme and KTIS,https://markets.businessinsider.com/news/stocks/suntory-launches-low-carbon-sugarcane-farming-project-in-thailand-in-collaboration-with-vive-programme-and-ktis-1033474465,markets.businessinsider.com,20240613T040000Z,English,United States
soil carbon requestration,carbon farming,Rep . Johnson Joins Kansas Democrat To Start Sustainable Aviation Fuel Caucus,https://www.yankton.net/community/article_65cd0368-2799-11ef-823a-af27fcbb63a4.html,yankton.net,20240611T053000Z,English,United States
soil carbon requestration,carbon farming,Rep . Johnson joins Kansas Democrat to start sustainable aviation fuel caucus,https://www.yahoo.com/news/rep-johnson-joins-kansas-democrat-191143899.html,yahoo.com,20240610T201500Z,English,United States
soil carbon requestration,carbon farming,Voluntary Carbon Markets | Mayer Brown,https://www.jdsupra.com/legalnews/voluntary-carbon-markets-4468977/,jdsupra.com,20240607T221500Z,English,United States
soil carbon requestration,carbon farming,Skeptical Science New Research for Week # 39 2024,https://skepticalscience.com/new_research_2024_39.html,skepticalscience.com,20240926T100000Z,English,United States
soil carbon requestration,carbon farming,"Expanded Nature Fund to Boost Jobs , Wealth in Queensland",https://www.miragenews.com/expanded-nature-fund-to-boost-jobs-wealth-in-1321638/,miragenews.com,20240922T010000Z,English,United States
soil carbon requestration,carbon farming,Alaska Airlines flies on Gevo renewable alcohol - to - jet fuel,https://eturbonews.com/alaska-airlines-flies-gevos-renewable-alcohol-jet-fuel/,eturbonews.com,20241130T203000Z,English,United States
soil carbon requestration,carbon farming,The Carbon Soil Opportunity : Organic Farming Helps Counter Climate Change,https://www.counterpunch.org/2024/11/29/the-carbon-soil-opportunity-organic-farming-helps-counter-climate-change/,counterpunch.org,20241129T073000Z,English,United States
soil carbon requestration,carbon farming,"Turning Kazakhstan Into a Beef - Producing Machine , the American Way",https://insideclimatenews.org/news/24112024/kazakhstan-beef-production-carbon-credits/,insideclimatenews.org,20241124T130000Z,English,United States
soil carbon requestration,carbon farming,Find Gap : Emissions Information For Farm Businesses,https://www.miragenews.com/find-gap-emissions-information-for-farm-1362184/,miragenews.com,20241121T020000Z,English,United States
soil carbon requestration,carbon farming,"Carbon credits scheme failing threatened species , says study",https://phys.org/news/2024-11-carbon-credits-scheme-threatened-species.html,phys.org,20241120T214500Z,English,United States
soil carbon requestration,carbon farming,Marin environmental leaders brace for Trump restoration,https://www.marinij.com/2024/11/19/marin-environmental-leaders-brace-for-trump-restoration/,marinij.com,20241120T060000Z,English,United States
soil carbon requestration,carbon farming,"Community , Country And Cattle Are Intertwined At Delta",https://www.miragenews.com/community-country-and-cattle-are-intertwined-at-1359388/,miragenews.com,20241118T054500Z,English,United States
soil carbon requestration,carbon farming,Ag Matters : Carbon farming research,https://www.upr.org/show/ag-matters/2024-11-04/ag-matters-carbon-farming-research,upr.org,20241104T194500Z,English,United States
soil carbon requestration,carbon farming,"Shades of REDD+Carbon removals , the Paris climate goals and permanence requirements",https://www.ecosystemmarketplace.com/articles/shades-of-redd-carbon-removals-the-paris-climate-goals-and-permanence-requirements/,ecosystemmarketplace.com,20241218T233000Z,English,United States
soil carbon requestration,carbon farming,Carbon Removals : Paris - aligned permanence does not require eternity,https://www.ecosystemmarketplace.com/articles/carbon-removals-paris-aligned-permanence-does-not-require-eternity/,ecosystemmarketplace.com,20241217T231500Z,English,United States
soil carbon requestration,carbon farming,WA Farmers Boosted by Carbon Farming Funds,https://www.miragenews.com/wa-farmers-boosted-by-carbon-farming-funds-1378024/,miragenews.com,20241213T060000Z,English,United States
soil carbon requestration,carbon farming,Brooke Rollins Will Bring Sanity to Climate Related Farm Policies,https://redstate.com/heartlandinstitute/2024/12/12/brooke-rollins-will-bring-sanity-to-climate-related-farm-policies-n2183099,redstate.com,20241212T191500Z,English,United States
soil carbon requestration,carbon farming,Federal Promises Vs . Delivery : Environment Reflections,https://www.miragenews.com/federal-promises-vs-delivery-environment-1374397/,miragenews.com,20241209T224500Z,English,United States
soil carbon requestration,carbon farming,The Carbon Soil Opportunity : Organic Farming Helps Counter Climate Change – OpEd,https://www.eurasiareview.com/03122024-the-carbon-soil-opportunity-organic-farming-helps-counter-climate-change-oped/,eurasiareview.com,20241203T010000Z,English,United States
soil carbon requestration,carbon farming,Carbon capture in Mediterranean soil : How farmland can trap greenhouse gases,https://phys.org/news/2025-01-carbon-capture-mediterranean-soil-farmland.html,phys.org,20250130T193000Z,English,United States
soil carbon requestration,carbon farming,Climate and Sustainability Regulations : 2024 End - of - Year Review | Cooley LLP,https://www.jdsupra.com/legalnews/climate-and-sustainability-regulations-2138631/,jdsupra.com,20250107T181500Z,English,United States
soil carbon requestration,carbon farming,5 takeaways in the EU big agriculture ( and food ) vision – POLITICO,https://www.politico.eu/article/eu-agriculture-food-policy-christophe-hansen-trade-food-pricing-supply-chains/,politico.eu,20250219T123000Z,English,United States
soil carbon requestration,carbon farming,Five Reasons To Attend BeefUp Forum,https://www.miragenews.com/five-reasons-to-attend-beefup-forum-1410270/,miragenews.com,20250218T060000Z,English,United States
soil carbon requestration,carbon farming,Kelp farming isnt as green as it seems,https://www.popsci.com/environment/kelp-farming-isnt-as-green-as-it-seems/,popsci.com,20250207T143000Z,English,United States
soil carbon requestration,carbon farming,Top Reasons to Attend EvokeAG . 2023 in Brisbane,https://www.miragenews.com/top-reasons-to-attend-evokeag-2023-in-brisbane-1402842/,miragenews.com,20250205T033000Z,English,United States
soil carbon requestration,carbon farming,Climate - Beneficial Fibers Were Gaining Traction . Then Trump Happened .,https://www.yahoo.com/news/climate-beneficial-fibers-were-gaining-191959322.html,yahoo.com,20250501T204500Z,English,United States
soil carbon requestration,carbon farming,Money from carbon - AG INFORMATION NETWORK OF THE WEST,https://www.aginfo.net/report/62395/Idaho-Ag-Today/Money-from-carbon,aginfo.net,20250501T101500Z,English,United States
soil carbon requestration,carbon farming,"County Briefing | News , Sports , Jobs - Morning Journal",https://www.morningjournalnews.com/news/local-news/2025/04/county-briefing-1587/,morningjournalnews.com,20250415T173000Z,English,United States
soil carbon requestration,carbon farming,"Online Carbon Academy workshop | News , Sports , Jobs",https://www.reviewonline.com/news/community-news/2025/04/online-carbon-academy-workshop/,reviewonline.com,20250415T104500Z,English,United States
soil carbon requestration,carbon farming,Soil organic carbon is at risk in a large part of European agricultural land,https://phys.org/news/2025-04-soil-carbon-large-european-agricultural.html,phys.org,20250414T220000Z,English,United States
soil carbon requestration,carbon farming,Europe Advances Toward Healthier Soils,https://www.miragenews.com/europe-advances-toward-healthier-soils-1442541/,miragenews.com,20250410T094500Z,English,United States
soil carbon requestration,carbon farming,Kazakh President announces establishment of International Biodiversity Fund,https://en.trend.az/business/4025939.html,en.trend.az,20250404T094500Z,English,United States
soil carbon requestration,carbon farming,Australia landfill gas upgrades to keep baselines,https://www.argusmedia.com/en/news-and-insights/latest-market-news/2697261-australia-s-landfill-gas-upgrades-to-keep-baselines,argusmedia.com,20250610T103000Z,English,United States
soil carbon requestration,carbon farming,"Smarter , greener potato nutrition : Integrating precision tools , regenerative approaches , and sustainable input reduction",https://www.potatonewstoday.com/2025/06/05/smarter-greener-potato-nutrition-integrating-precision-tools-regenerative-approaches-and-sustainable-input-reduction/,potatonewstoday.com,20250605T174500Z,English,United States
soil carbon requestration,carbon farming,FEW Panel to Highlight New Market Opportunities,https://energy.agwired.com/2025/06/04/few-panel-to-highlight-new-market-opportunities/,energy.agwired.com,20250605T003000Z,English,United States
soil carbon requestration,carbon farming,Expert shares concept of  net positive  carbon grain farming,https://phys.org/news/2025-08-expert-concept-net-positive-carbon.html,phys.org,20250822T170000Z,English,United States
soil carbon requestration,carbon farming,Canadian Crops Offset Emissions Despite 17 Atlantic Trips,https://www.miragenews.com/canadian-crops-offset-emissions-despite-17-1516736/,miragenews.com,20250818T123000Z,English,United States
soil carbon requestration,carbon farming,Turning acres into opportunity - High Plains Journal,https://hpj.com/2025/08/15/turning-acres-into-opportunity/,hpj.com,20250815T144500Z,English,United States
soil carbon requestration,carbon farming,Skeptical Science New Research for Week # 33 2025,https://skepticalscience.com/new_research_2025_33.html,skepticalscience.com,20250814T080000Z,English,United States
soil carbon requestration,carbon farming,$3M Boost for NSW Landholder Natural Capital,https://www.miragenews.com/3m-boost-for-nsw-landholders-natural-capital-1513876/,miragenews.com,20250813T000000Z,English,United States
soil carbon requestration,carbon farming,UK Government Publishes Consultation Responses on Expanding the united kingdom ETS Scope | Latham & Watkins LLP,https://www.jdsupra.com/legalnews/uk-government-publishes-consultation-7192461/,jdsupra.com,20250808T183000Z,English,United States
soil carbon requestration,carbon farming,"Environmental , social and governance requirements impacting agriculture , study argues",https://phys.org/news/2025-12-environmental-social-requirements-impacting-agriculture.html,phys.org,20251217T190000Z,English,United States
soil carbon requestration,carbon farming,ISU students gain global agriculture experiences in New Zealand,https://iowastatedaily.com/328300/news/isu-students-gain-global-agriculture-experiences-in-new-zealand/,iowastatedaily.com,20251211T071500Z,English,United States
soil carbon requestration,carbon farming,"Old Mining Sites are Effective Carbon Sinks , Study Shows",https://www.azocleantech.com/news.aspx?NewsID=36053,azocleantech.com,20251203T123000Z,English,United States
