domain,keyword,title,url,source_domain,seendate,language,country
reforestation,forestation,Pennsylvania Wild Pheasant Youth Hunt Announced,https://www.ammoland.com/2017/08/pennsylvania-wild-pheasant-youth-hunt-announced/,ammoland.com,20170801T203000Z,English,United States
reforestation,forestation,"In Pennsylvania , a pheasant habitat success story",http://www.outdoornews.com/2017/07/31/pennsylvania-pheasant-habitat-success-story/,outdoornews.com,20170731T210000Z,English,United States
reforestation,forestation,Golden Moon Gallery : Downtown San Mateo Wonderland of Art & Expression,https://www.smdailyjournal.com/sponsored/golden-moon-gallery-downtown-san-mateo-s-wonderland-of-art/article_cd14f8b2-72e4-11e7-b24f-fb752b103f05.html,smdailyjournal.com,20170727T200000Z,English,United States
reforestation,forestation,Climate Change News : Climate change to push Ethiopian coffee farming uphill,http://www.enn.com/climate/article/51978,enn.com,20170727T194500Z,English,United States
reforestation,forestation,Corporate Responsibility and Sustainability News : Climate change to push Ethiopian coffee farming uphill,http://www.enn.com/business/article/51978,enn.com,20170727T164500Z,English,United States
reforestation,forestation,Climate change to push Ethiopian coffee farming uphill,http://www.scidev.net/global/climate-change/news/climate-moving-coffee-farming-uphill.html,scidev.net,20170727T141500Z,English,United States
reforestation,forestation,"After a life for others , Japanese refugee advocate dies at 96",http://www.heraldmalaysia.com/news/after-a-life-for-others-japanese-refugee-advocate-dies-at-96/37482/2,heraldmalaysia.com,20170727T111500Z,English,United States
reforestation,forestation,"After a life for others , Japanese refugee advocate dies at 96",http://www.heraldmalaysia.com/news/after-a-life-for-others-japanese-refugee-advocate-dies-at-96/37482/1,heraldmalaysia.com,20170727T111500Z,English,United States
reforestation,forestation,Climate change to push Ethiopian coffee growing uphill,http://www.scidev.net/sub-saharan-africa/climate-change/news/climate-change-ethiopian-coffee.html,scidev.net,20170726T174500Z,English,United States
reforestation,forestation,Houston MPC to Expand,http://www.builderonline.com/land/development/houston-mpc-to-expand_o,builderonline.com,20170724T190000Z,English,United States
reforestation,forestation,FIS,http://fis.com/fis/worldnews/worldnews.asp?monthyear=&day=22&id=92955&l=e&country=0&special=&ndb=1&df=0,fis.com,20170724T173000Z,English,United States
reforestation,forestation,CPEC to open new vistas of progress and prosperity : Masood Khan,http://www.4-traders.com/news/CPEC-to-open-new-vistas-of-progress-and-prosperity-Masood-Khan-Press-Note-issued-by-Azad-Kashmir--24808923/,4-traders.com,20170724T154500Z,English,United States
reforestation,forestation,Utrecht Green Building,https://therealdeal.com/2017/07/22/a-stunning-new-smog-eating-vertical-forest-tower-will-feature-luxury-apartments-and-300-species-of-plants/,therealdeal.com,20170722T154500Z,English,United States
reforestation,forestation,A stunning new smog,http://www.stamfordadvocate.com/technology/businessinsider/article/A-stunning-new-smog-eating-vertical-forest-11306045.php,stamfordadvocate.com,20170722T090000Z,English,United States
reforestation,forestation,A stunning new smog,http://www.greenwichtime.com/technology/businessinsider/article/A-stunning-new-smog-eating-vertical-forest-11306045.php,greenwichtime.com,20170722T074500Z,English,United States
reforestation,forestation,A stunning new smog,http://www.newstimes.com/technology/businessinsider/article/A-stunning-new-smog-eating-vertical-forest-11306045.php,newstimes.com,20170722T073000Z,English,United States
reforestation,forestation,FIS,http://fis.com/fis/worldnews/worldnews.asp?monthyear=&day=22&id=92955&l=e&special=&ndb=1%20target=,fis.com,20170721T194500Z,English,United States
reforestation,forestation,A stunning new smog,http://www.businessinsider.com/holland-forest-tower-utrecht-2017-7,businessinsider.com,20170721T184500Z,English,United States
reforestation,forestation,Gazprom Neft  : Neft rolls out improved seismic prospecting technology,http://www.4-traders.com/GAZPROM-NEFT-PAO-6494696/news/Gazprom-Neft-Neft-rolls-out-improved-seismic-prospecting-technology-24779558/,4-traders.com,20170719T101500Z,English,United States
reforestation,forestation,The Netherlands Unveiled Plans For Their First Vertical Forest And It Looks Awesome – True Activist,http://www.trueactivist.com/the-netherlands-unveiled-plans-for-their-first-vertical-forest-and-it-looks-awesome/,trueactivist.com,20170716T064500Z,English,United States
reforestation,forestation,"Luxurious Family Home Near Pittsburgh , PA Scheduled for Luxury Auction® Sale July 22",http://www.prnewswire.com/news-releases/luxurious-family-home-near-pittsburgh-pa-scheduled-for-luxury-auction-sale-july-22-300488326.html,prnewswire.com,20170714T124500Z,English,United States
reforestation,forestation,"Luxurious Family Home Near Pittsburgh , PA Scheduled for Luxury Auction® Sale July 22",http://www.marketwatch.com/story/luxurious-family-home-near-pittsburgh-pa-scheduled-for-luxury-auction-sale-july-22-2017-07-14,marketwatch.com,20170714T121500Z,English,United States
reforestation,forestation,Q & A : California looks to keep landmark climate policy alive,http://www.cnbc.com/2017/07/12/the-associated-press-qa-california-looks-to-keep-landmark-climate-policy-alive.html,cnbc.com,20170713T191500Z,English,United States
reforestation,forestation,Q & A : California looks to keep landmark climate policy alive,https://www.yahoo.com/news/q-california-looks-keep-landmark-223442673.html,yahoo.com,20170713T183000Z,English,United States
reforestation,forestation,President Bachelet :  It up to us to make sure Chile is better prepared for the effects of climate change,http://www.4-traders.com/news/President-Bachelet-ldquo-It-rsquo-s-up-to-us-to-make-sure-Chile-is-better-prepared-for-the-effects--24748645/,4-traders.com,20170713T154500Z,English,United States
reforestation,forestation,Q & A : California looks to keep landmark climate policy alive,http://www.myplainview.com/news/science/article/Q-A-California-looks-to-keep-landmark-climate-11284591.php,myplainview.com,20170713T113000Z,English,United States
reforestation,forestation,Q & A : California looks to keep landmark climate policy alive,http://www.mrt.com/news/science/article/Q-A-California-looks-to-keep-landmark-climate-11284591.php,mrt.com,20170713T113000Z,English,United States
reforestation,forestation,Q & A : California looks to keep landmark climate policy alive,http://www.newser.com/article/b4035d3696e74736aafc5e9dde9d5f00/qa-california-looks-to-keep-landmark-climate-policy-alive.html,newser.com,20170713T113000Z,English,United States
reforestation,forestation,From the Archives : Smokey the Bear in Virginia,http://www.richmond.com/from-the-archives/from-the-archives-smokey-the-bear-in-virginia/collection_a21a8610-5695-11e7-8c62-f71d5c45adda.html,richmond.com,20170713T113000Z,English,United States
reforestation,forestation,Q & A : California looks to keep landmark climate policy alive,http://www.krgv.com/story/35872021/qa-california-looks-to-keep-landmark-climate-policy-alive,krgv.com,20170713T113000Z,English,United States
reforestation,forestation,Q & A : California looks to keep landmark climate policy alive,http://www.dailyherald.com/article/20170712/news/307129813,dailyherald.com,20170713T113000Z,English,United States
reforestation,forestation,Q & A : California looks to keep landmark climate policy alive,https://federalnewsradio.com/government-news/2017/07/qa-california-looks-to-keep-landmark-climate-policy-alive/,federalnewsradio.com,20170713T113000Z,English,United States
reforestation,forestation,Q & A : California looks to keep landmark climate policy alive,http://www.kfvs12.com/story/35872022/qa-california-looks-to-keep-landmark-climate-policy-alive,kfvs12.com,20170713T113000Z,English,United States
reforestation,forestation,Q & A : California looks to keep landmark climate policy alive,http://www.tribtown.com/2017/07/12/us-california-climate-change-qa/,tribtown.com,20170713T083000Z,English,United States
reforestation,forestation,Q & A : California looks to keep landmark climate policy alive,http://www.wokv.com/news/california-looks-keep-landmark-climate-policy-alive/iFH8PJ7RQ7M2bjbqPubOsL/,wokv.com,20170713T080000Z,English,United States
reforestation,forestation,Associated Press,http://hosted2.ap.org/APDEFAULT/b2f0ca3a594644ee9e50a8ec4ce2d6de/Article_2017-07-12-US--California%20Climate%20Change-QandA/id-b4035d3696e74736aafc5e9dde9d5f00,hosted2.ap.org,20170713T080000Z,English,United States
reforestation,forestation,Q & A : California looks to keep landmark climate policy alive,http://www.wect.com/story/35872021/qa-california-looks-to-keep-landmark-climate-policy-alive,wect.com,20170713T080000Z,English,United States
reforestation,forestation,Q & A : California looks to keep landmark climate policy alive,http://www.kfbb.com/story/35872021/qa-california-looks-to-keep-landmark-climate-policy-alive,kfbb.com,20170713T080000Z,English,United States
reforestation,forestation,Q & A : California looks to keep landmark climate policy alive,http://www.kswo.com/story/35872021/qa-california-looks-to-keep-landmark-climate-policy-alive,kswo.com,20170713T080000Z,English,United States
reforestation,forestation,Q & A : California looks to keep landmark climate policy alive,http://www.msnewsnow.com/story/35872022/qa-california-looks-to-keep-landmark-climate-policy-alive,msnewsnow.com,20170713T080000Z,English,United States
reforestation,forestation,Q & A : California looks to keep landmark climate policy alive,http://www.daytondailynews.com/news/national/california-looks-keep-landmark-climate-policy-alive/iB1w7g376qc8JHvcDD8loM/,daytondailynews.com,20170713T080000Z,English,United States
reforestation,forestation,Q & A : California looks to keep landmark climate policy alive,http://www.stamfordadvocate.com/news/science/article/Q-A-California-looks-to-keep-landmark-climate-11284591.php,stamfordadvocate.com,20170713T080000Z,English,United States
reforestation,forestation,Q & A : California looks to keep landmark climate policy alive,http://www.bdtonline.com/region/q-a-california-looks-to-keep-landmark-climate-policy-alive/article_dae9eb3e-e7c1-5bb0-a630-6fccd487ac4a.html,bdtonline.com,20170713T080000Z,English,United States
reforestation,forestation,Q & A : California looks to keep landmark climate policy alive,http://www.myajc.com/news/tech-science/california-looks-keep-landmark-climate-policy-alive/ECLfZ3XD63I5eqlFj3bCoL/,myajc.com,20170713T080000Z,English,United States
reforestation,forestation,Q & A : California looks to keep landmark climate policy alive,http://www.kentucky.com/news/business/article161039384.html,kentucky.com,20170713T080000Z,English,United States
reforestation,forestation,Q & A : California looks to keep landmark climate policy alive,http://www.news9.com/story/35872021/qa-california-looks-to-keep-landmark-climate-policy-alive,news9.com,20170713T080000Z,English,United States
reforestation,forestation,Q & A : California looks to keep landmark climate policy alive,http://www.abc6.com/story/35872021/qa-california-looks-to-keep-landmark-climate-policy-alive,abc6.com,20170713T080000Z,English,United States
reforestation,forestation,Q & A : California looks to keep landmark climate policy alive,http://www.krmg.com/news/national/california-looks-keep-landmark-climate-policy-alive/iB1w7g376qc8JHvcDD8loM/,krmg.com,20170713T080000Z,English,United States
reforestation,forestation,Q & A : California looks to keep landmark climate policy alive,http://www.wbrc.com/story/35872021/qa-california-looks-to-keep-landmark-climate-policy-alive,wbrc.com,20170713T080000Z,English,United States
reforestation,forestation,Q & A : California looks to keep landmark climate policy alive,http://www.readingeagle.com/ap/article/qa-california-looks-to-keep-landmark-climate-policy-alive,readingeagle.com,20170713T080000Z,English,United States
reforestation,forestation,Q & A : California looks to keep landmark climate policy alive,http://www.palmbeachpost.com/news/national/california-looks-keep-landmark-climate-policy-alive/iB1w7g376qc8JHvcDD8loM/,palmbeachpost.com,20170713T080000Z,English,United States
reforestation,forestation,Q & A : California looks to keep landmark climate policy alive,http://www.wmbfnews.com/story/35872022/qa-california-looks-to-keep-landmark-climate-policy-alive,wmbfnews.com,20170713T080000Z,English,United States
reforestation,forestation,Q & A : California looks to keep landmark climate policy alive,http://www.wsbradio.com/news/national/california-looks-keep-landmark-climate-policy-alive/iB1w7g376qc8JHvcDD8loM/,wsbradio.com,20170713T080000Z,English,United States
reforestation,forestation,Q & A : California looks to keep landmark climate policy alive,http://www.kxxv.com/story/35872022/qa-california-looks-to-keep-landmark-climate-policy-alive,kxxv.com,20170713T080000Z,English,United States
reforestation,forestation,Q & A : California looks to keep landmark climate policy alive,http://www.wdam.com/story/35872022/qa-california-looks-to-keep-landmark-climate-policy-alive,wdam.com,20170713T080000Z,English,United States
reforestation,forestation,Q & A : California looks to keep landmark climate policy alive,http://www.wflx.com/story/35872021/qa-california-looks-to-keep-landmark-climate-policy-alive,wflx.com,20170713T080000Z,English,United States
reforestation,forestation,Q & A : California looks to keep landmark climate policy alive,http://www.klkntv.com/story/35872021/qa-california-looks-to-keep-landmark-climate-policy-alive,klkntv.com,20170713T080000Z,English,United States
reforestation,forestation,Q & A : California looks to keep landmark climate policy alive,http://www.krmg.com/news/california-looks-keep-landmark-climate-policy-alive/iFH8PJ7RQ7M2bjbqPubOsL/,krmg.com,20170713T080000Z,English,United States
reforestation,forestation,Q & A : California looks to keep landmark climate policy alive,http://www.live5news.com/story/35872021/qa-california-looks-to-keep-landmark-climate-policy-alive,live5news.com,20170713T080000Z,English,United States
reforestation,forestation,Q & A : California looks to keep landmark climate policy alive,http://www.newswest9.com/story/35872021/qa-california-looks-to-keep-landmark-climate-policy-alive,newswest9.com,20170713T080000Z,English,United States
reforestation,forestation,Q & A : California looks to keep landmark climate policy alive,http://www.dailyjournal.net/2017/07/12/us-california-climate-change-qa/,dailyjournal.net,20170713T080000Z,English,United States
reforestation,forestation,Q & A : California looks to keep landmark climate policy alive,http://bronx.news12.com/story/35872021/qa-california-looks-to-keep-landmark-climate-policy-alive,bronx.news12.com,20170713T080000Z,English,United States
reforestation,forestation,Q & A : California looks to keep landmark climate policy alive,http://www.dailyadvance.com/National-News/2017/07/13/Q-A-California-looks-to-keep-landmark-climate-policy-alive.html,dailyadvance.com,20170713T074500Z,English,United States
reforestation,forestation,Q & A : California looks to keep landmark climate policy alive,http://www.nbc-2.com/story/35872021/qa-california-looks-to-keep-landmark-climate-policy-alive,nbc-2.com,20170713T070000Z,English,United States
reforestation,forestation,Q & A : California looks to keep landmark climate policy alive,http://www.WLOX.com/story/35872022/qa-california-looks-to-keep-landmark-climate-policy-alive,wlox.com,20170713T064500Z,English,United States
reforestation,forestation,Q & A : California looks to keep landmark climate policy alive,http://www.wmcactionnews5.com/story/35872022/qa-california-looks-to-keep-landmark-climate-policy-alive,wmcactionnews5.com,20170713T064500Z,English,United States
reforestation,forestation,Q & A : California looks to keep landmark climate policy alive,http://www.wistv.com/story/35872022/qa-california-looks-to-keep-landmark-climate-policy-alive,wistv.com,20170713T064500Z,English,United States
reforestation,forestation,Q & A : California looks to keep landmark climate policy alive,http://powersource.post-gazette.com/powersource/latest-oil-and-gas/2017/07/13/Q-A-California-looks-to-keep-landmark-climate-policy-alive-2/stories/201707130107,powersource.post-gazette.com,20170713T061500Z,English,United States
reforestation,forestation,Q & A : California looks to keep landmark climate policy alive,http://www.bakersfield.com/ap/news/q-a-california-looks-to-keep-landmark-climate-policy-alive/article_0332051d-a2a7-5aa1-97b6-93feeae2dff3.html,bakersfield.com,20170713T060000Z,English,United States
reforestation,forestation,Q & A : California looks to keep landmark climate policy alive,http://www.WAFF.com/story/35872021/qa-california-looks-to-keep-landmark-climate-policy-alive,waff.com,20170713T054500Z,English,United States
reforestation,forestation,Q & A : California looks to keep landmark climate policy alive,http://www.katc.com/story/35872021/qa-california-looks-to-keep-landmark-climate-policy-alive,katc.com,20170713T054500Z,English,United States
reforestation,forestation,Q & A : California looks to keep landmark climate policy alive,http://www.dailyastorian.com/qa-california-looks-to-keep-landmark-climate-policy-alive-da-ap-webfeeds-news-nation-world7a8af434bffa46bd9498ecf720af4f69,dailyastorian.com,20170713T053000Z,English,United States
reforestation,forestation,Q & A : California looks to keep landmark climate policy alive,http://www.mcclatchydc.com/news/politics-government/national-politics/article161039384.html,mcclatchydc.com,20170713T053000Z,English,United States
reforestation,forestation,Q & A : California looks to keep landmark climate policy alive,http://www.charlotteobserver.com/news/business/national-business/article161039384.html,charlotteobserver.com,20170713T053000Z,English,United States
reforestation,forestation,Q & A : California looks to keep landmark climate policy alive,http://www.wboc.com/story/35872021/qa-california-looks-to-keep-landmark-climate-policy-alive,wboc.com,20170713T053000Z,English,United States
reforestation,forestation,Q & A : Will Calif . cap,http://www.vcstar.com/story/news/2017/07/13/q-a-calif-cap-and-trade-program-survive/474595001/,vcstar.com,20170713T053000Z,English,United States
reforestation,forestation,Q & A : California looks to keep landmark climate policy alive,http://www.sunherald.com/news/business/article161039384.html,sunherald.com,20170713T053000Z,English,United States
reforestation,forestation,Q & A : California looks to keep landmark climate policy alive,http://www.times-standard.com/business/20170712/qa-california-looks-to-keep-landmark-climate-policy-alive,times-standard.com,20170713T053000Z,English,United States
reforestation,forestation,Q & A : California looks to keep landmark climate policy alive,http://www.idahostatesman.com/news/business/article161039384.html,idahostatesman.com,20170713T053000Z,English,United States
reforestation,forestation,Q & A : California looks to keep landmark climate policy alive,https://www.wcbi.com/qa-california-looks-to-keep-landmark-climate-policy-alive/,wcbi.com,20170713T053000Z,English,United States
reforestation,forestation,Q & A : California looks to keep landmark climate policy alive,http://www.islandpacket.com/news/business/article161039384.html,islandpacket.com,20170713T053000Z,English,United States
reforestation,forestation,Q & A : California looks to keep landmark climate policy alive,http://www.fox19.com/story/35872022/qa-california-looks-to-keep-landmark-climate-policy-alive,fox19.com,20170713T051500Z,English,United States
reforestation,forestation,Q & A : California looks to keep landmark climate policy alive,http://www.WSFA.com/story/35872022/qa-california-looks-to-keep-landmark-climate-policy-alive,wsfa.com,20170713T050000Z,English,United States
reforestation,forestation,Q & A : California looks to keep landmark climate policy alive,https://www.washingtonpost.com/business/qanda-california-looks-to-keep-landmark-climate-policy-alive/2017/07/12/061d2c94-6771-11e7-94ab-5b1f0ff459df_story.html,washingtonpost.com,20170713T041500Z,English,United States
reforestation,forestation,Q & A : California looks to keep landmark climate policy alive,https://pilotonline.com/news/nation-world/national/q-a-california-looks-to-keep-landmark-climate-policy-alive/article_f9cc0be9-969a-57a0-a1d6-35e1c1e960c6.html,pilotonline.com,20170713T041500Z,English,United States
reforestation,forestation,Q & A : California looks to keep landmark climate policy alive,http://www.morganton.com/news/us/ap/q-a-california-looks-to-keep-landmark-climate-policy-alive/article_1e6dfbd2-75b5-5ddc-84db-733024d10689.html,morganton.com,20170713T041500Z,English,United States
reforestation,forestation,California Looks To Keep Landmark Climate Policy Alive « CBS Los Angeles,http://losangeles.cbslocal.com/2017/07/12/california-cap-and-trade-extension/,losangeles.cbslocal.com,20170713T041500Z,English,United States
reforestation,forestation,Q & A : California looks to keep landmark climate policy alive,http://www.themonitor.com/news/elections/article_ace066c1-ab35-5112-ad10-c959fdf710d4.html,themonitor.com,20170713T040000Z,English,United States
reforestation,forestation,Q & A : California looks to keep landmark climate policy alive,http://www.tbo.com/ap/national/qa-california-looks-to-keep-landmark-climate-policy-alive-ap_national7a8af434bffa46bd9498ecf720af4f69,tbo.com,20170713T040000Z,English,United States
reforestation,forestation,Q & A : California looks to keep landmark climate policy alive,http://www.newspressnow.com/news/national/q-a-california-looks-to-keep-landmark-climate-policy-alive/article_0164f6a8-88b7-548e-929d-755c982ee01a.html,newspressnow.com,20170713T034500Z,English,United States
reforestation,forestation,Q & A : California looks to keep landmark climate policy alive,http://www.whig.com/article/20170712/AP/307129623,whig.com,20170713T034500Z,English,United States
reforestation,forestation,Q & A : California looks to keep landmark climate policy alive,http://www.omaha.com/money/consumer/q-a-california-looks-to-keep-landmark-climate-policy-alive/article_9052ac93-3cb6-536c-8866-90d7085d646b.html,omaha.com,20170713T034500Z,English,United States
reforestation,forestation,Q & A : California looks to keep landmark climate policy alive,http://www.statesville.com/news/us/ap/q-a-california-looks-to-keep-landmark-climate-policy-alive/article_d4d9068c-c87b-5ae1-aaac-0f35b600889e.html,statesville.com,20170713T034500Z,English,United States
reforestation,forestation,Q & A : California looks to keep landmark climate policy alive,http://www.fredericksburg.com/features/wire/q-a-california-looks-to-keep-landmark-climate-policy-alive/article_6b56448d-32e1-5d58-86a1-edc85fb83398.html,fredericksburg.com,20170713T033000Z,English,United States
reforestation,forestation,Q & A : California looks to keep landmark climate policy alive,http://www.aberdeennews.com/wire/us/q-a-california-looks-to-keep-landmark-climate-policy-alive/article_4a050ca1-f166-5e8d-b5a2-54e77236213f.html,aberdeennews.com,20170713T033000Z,English,United States
reforestation,forestation,Q & A : California looks to keep landmark climate policy alive,http://www.theintelligencer.com/news/science/article/Q-A-California-looks-to-keep-landmark-climate-11284591.php,theintelligencer.com,20170713T033000Z,English,United States
reforestation,forestation,Q & A : California looks to keep landmark climate policy alive,http://www.sacbee.com/news/business/article161039384.html,sacbee.com,20170713T031500Z,English,United States
reforestation,forestation,The Courier » Q & A : California looks to keep landmark climate policy alive,http://thecourier.com/national-news/2017/07/12/qampa-california-looks-to-keep-landmark-climate-policy-alive/,thecourier.com,20170713T031500Z,English,United States
reforestation,forestation,Q & A : California looks to keep landmark climate policy alive,http://www.kxxv.com/story/35872021/qa-california-looks-to-keep-landmark-climate-policy-alive,kxxv.com,20170713T031500Z,English,United States
reforestation,forestation,Q & A : California looks to keep landmark climate policy alive,https://www.wtvq.com/2017/07/12/qa-california-looks-to-keep-landmark-climate-policy-alive-2/,wtvq.com,20170713T031500Z,English,United States
reforestation,forestation,Q & A : California looks to keep landmark climate policy alive,https://www.washingtonpost.com/business/qanda-california-looks-to-keep-landmark-climate-policy-alive/2017/07/12/c9179972-6754-11e7-94ab-5b1f0ff459df_story.html,washingtonpost.com,20170713T031500Z,English,United States
reforestation,forestation,Q & A : California looks to keep landmark climate policy alive,http://www.chron.com/news/article/Q-A-California-looks-to-keep-landmark-climate-11284591.php,chron.com,20170713T031500Z,English,United States
reforestation,forestation,Q & A : California looks to keep landmark climate policy alive,http://www.journalgazette.net/article/20170712/AP/307129540,journalgazette.net,20170713T031500Z,English,United States
reforestation,forestation,Q & A : California looks to keep landmark climate policy alive,http://www.newsobserver.com/news/business/article161039384.html,newsobserver.com,20170713T031500Z,English,United States
reforestation,forestation,Q & A : California looks to keep landmark climate policy alive,http://www.heraldonline.com/news/business/article161039384.html,heraldonline.com,20170713T031500Z,English,United States
reforestation,forestation,Q & A : California looks to keep landmark climate policy alive,http://www.bradenton.com/news/business/article161039384.html,bradenton.com,20170713T031500Z,English,United States
reforestation,forestation,Q & A : California looks to keep landmark climate policy alive,http://www.caledonianrecord.com/news/world/q-a-california-looks-to-keep-landmark-climate-policy-alive/article_3c8b665b-6f91-51be-806c-782f1f83bd34.html,caledonianrecord.com,20170713T031500Z,English,United States
reforestation,forestation,Q & A : California looks to keep landmark climate policy alive,http://www.kswo.com/story/35872022/qa-california-looks-to-keep-landmark-climate-policy-alive,kswo.com,20170713T031500Z,English,United States
reforestation,forestation,Q & A : California looks to keep landmark climate policy alive,http://www.macon.com/news/business/article161039384.html,macon.com,20170713T031500Z,English,United States
reforestation,forestation,Q & A : California looks to keep landmark climate policy alive,http://www.wxow.com/story/35872021/qa-california-looks-to-keep-landmark-climate-policy-alive,wxow.com,20170713T023000Z,English,United States
reforestation,forestation,Q & A : California looks to keep landmark climate policy alive,http://www.wpsdlocal6.com/story/35872021/qa-california-looks-to-keep-landmark-climate-policy-alive,wpsdlocal6.com,20170713T023000Z,English,United States
reforestation,forestation,Q & A : California looks to keep landmark climate policy alive,http://www.wtol.com/story/35872022/qa-california-looks-to-keep-landmark-climate-policy-alive,wtol.com,20170713T021500Z,English,United States
reforestation,forestation,Q & A : California looks to keep landmark climate policy alive,http://www.nwitimes.com/business/q-a-california-looks-to-keep-landmark-climate-policy-alive/article_3693144e-04e1-5a4e-b9f6-b95762489144.html,nwitimes.com,20170713T021500Z,English,United States
reforestation,forestation,Q & A : California looks to keep landmark climate policy alive,http://www.ktre.com/story/35872022/qa-california-looks-to-keep-landmark-climate-policy-alive,ktre.com,20170713T021500Z,English,United States
reforestation,forestation,Q & A : California looks to keep landmark climate policy alive,http://www.live5news.com/story/35872022/qa-california-looks-to-keep-landmark-climate-policy-alive,live5news.com,20170713T021500Z,English,United States
reforestation,forestation,Q & A : California looks to keep landmark climate policy alive,http://www.wtvm.com/story/35872022/qa-california-looks-to-keep-landmark-climate-policy-alive,wtvm.com,20170713T021500Z,English,United States
reforestation,forestation,Q & A : California looks to keep landmark climate policy alive,http://www.wcti12.com/news/national/qa-california-looks-to-keep-landmark-climate-policy-alive/586199492,wcti12.com,20170713T021500Z,English,United States
reforestation,forestation,Q & A : California looks to keep landmark climate policy alive,http://www.kltv.com/story/35872021/qa-california-looks-to-keep-landmark-climate-policy-alive,kltv.com,20170713T020000Z,English,United States
reforestation,forestation,Q & A : California looks to keep landmark climate policy alive,http://www.kltv.com/story/35872022/qa-california-looks-to-keep-landmark-climate-policy-alive,kltv.com,20170713T020000Z,English,United States
reforestation,forestation,Q & A : California looks to keep landmark climate policy alive,http://www.kcbd.com/story/35872022/qa-california-looks-to-keep-landmark-climate-policy-alive,kcbd.com,20170713T014500Z,English,United States
reforestation,forestation,Q & A : California looks to keep landmark climate policy alive,http://www.sandiegouniontribune.com/news/nation-world/sns-bc-us--california-climate-change-qa-20170712-story.html,sandiegouniontribune.com,20170713T014500Z,English,United States
reforestation,forestation,Q & A : California looks to keep landmark climate policy alive,http://www.newsradioklbj.com/news/latest-news/national-headline-news/qa-california-looks-keep-landmark-climate-policy-alive,newsradioklbj.com,20170713T014500Z,English,United States
reforestation,forestation,Q & A : California looks to keep landmark climate policy alive,http://www.kob.com/national/qampa-california-looks-to-keep-landmark-climate-policy-alive/4540761/?cat=642,kob.com,20170713T014500Z,English,United States
reforestation,forestation,Q & A : California looks to keep landmark climate policy alive,http://www.kztv10.com/story/35872021/qa-california-looks-to-keep-landmark-climate-policy-alive,kztv10.com,20170713T013000Z,English,United States
reforestation,forestation,Q & A : California looks to keep landmark climate policy alive,http://www.the-messenger.com/news/national/article_50b048b8-9293-5a9b-a598-3d6bef3f8a70.html,the-messenger.com,20170713T013000Z,English,United States
reforestation,forestation,Q & A : California looks to keep landmark climate policy alive,http://www.fox8live.com/story/35872022/qa-california-looks-to-keep-landmark-climate-policy-alive,fox8live.com,20170713T013000Z,English,United States
reforestation,forestation,Q & A : California looks to keep landmark climate policy alive,http://www.koamtv.com/story/35872021/qa-california-looks-to-keep-landmark-climate-policy-alive,koamtv.com,20170713T013000Z,English,United States
reforestation,forestation,Q & A : California looks to keep landmark climate policy alive,http://powersource.post-gazette.com/powersource/latest-oil-and-gas/2017/07/12/Q-A-California-looks-to-keep-landmark-climate-policy-alive-1/stories/201707120212,powersource.post-gazette.com,20170713T011500Z,English,United States
reforestation,forestation,Q & A : California looks to keep landmark climate policy alive,http://powersource.post-gazette.com/powersource/latest-oil-and-gas/2017/07/12/Q-A-California-looks-to-keep-landmark-climate-policy-alive/stories/201707120209,powersource.post-gazette.com,20170713T011500Z,English,United States
reforestation,forestation,Q & A : California looks to keep landmark climate policy alive,http://www.kvoa.com/story/35872021/qa-california-looks-to-keep-landmark-climate-policy-alive,kvoa.com,20170713T011500Z,English,United States
reforestation,forestation,Q & A : California looks to keep landmark climate policy alive,http://www.walb.com/story/35872022/qa-california-looks-to-keep-landmark-climate-policy-alive,walb.com,20170713T010000Z,English,United States
reforestation,forestation,Q & A : California looks to keep landmark climate policy alive,http://www.9and10news.com/story/35872021/qa-california-looks-to-keep-landmark-climate-policy-alive,9and10news.com,20170713T010000Z,English,United States
reforestation,forestation,Q & A : California looks to keep landmark climate policy alive,http://www.kwwl.com/story/35872021/qa-california-looks-to-keep-landmark-climate-policy-alive,kwwl.com,20170713T010000Z,English,United States
reforestation,forestation,Q & A : California looks to keep landmark climate policy alive,http://www.kristv.com/story/35872021/qa-california-looks-to-keep-landmark-climate-policy-alive,kristv.com,20170713T010000Z,English,United States
reforestation,forestation,Q & A : California looks to keep landmark climate policy alive,http://www.sfchronicle.com/news/science/article/Q-A-California-looks-to-keep-landmark-climate-11284591.php,sfchronicle.com,20170713T010000Z,English,United States
reforestation,forestation,Review Times » Q & A : California looks to keep landmark climate policy alive,http://reviewtimes.com/national-news/2017/07/12/qampa-california-looks-to-keep-landmark-climate-policy-alive/,reviewtimes.com,20170713T010000Z,English,United States
reforestation,forestation,Q & A : California looks to keep landmark climate policy alive,http://www.wtoc.com/story/35872022/qa-california-looks-to-keep-landmark-climate-policy-alive,wtoc.com,20170713T010000Z,English,United States
reforestation,forestation,Q & A : California looks to keep landmark climate policy alive,http://www.eastoregonian.com/qa-california-looks-to-keep-landmark-climate-policy-alive-eo-ap-webfeeds-news-nation-world7a8af434bffa46bd9498ecf720af4f69,eastoregonian.com,20170713T010000Z,English,United States
reforestation,forestation,Q & A : California looks to keep landmark climate policy alive,http://www.971talk.com/news/national/qa-california-looks-keep-landmark-climate-policy-alive,971talk.com,20170713T004500Z,English,United States
reforestation,forestation,Q & A : California looks to keep landmark climate policy alive,http://www.moultonadvertiser.com/news/national/article_f3c82f83-2069-58f9-bdbf-bfa360244b39.html,moultonadvertiser.com,20170713T004500Z,English,United States
reforestation,forestation,Q & A : California looks to keep landmark climate policy alive,http://www.ajc.com/news/national/california-looks-keep-landmark-climate-policy-alive/iB1w7g376qc8JHvcDD8loM/,ajc.com,20170713T004500Z,English,United States
reforestation,forestation,Q & A : California looks to keep landmark climate policy alive,http://lebanon-express.com/news/national/govt-and-politics/q-a-california-looks-to-keep-landmark-climate-policy-alive/article_06b00615-aac0-5168-bace-5468d4aba04e.html,lebanon-express.com,20170713T004500Z,English,United States
reforestation,forestation,Q & A : California looks to keep landmark climate policy alive,https://www.wtvq.com/2017/07/12/qa-california-looks-to-keep-landmark-climate-policy-alive/,wtvq.com,20170713T004500Z,English,United States
reforestation,forestation,Q & A : California looks to keep landmark climate policy alive,http://www.hawaiinewsnow.com/story/35872022/qa-california-looks-to-keep-landmark-climate-policy-alive,hawaiinewsnow.com,20170713T001500Z,English,United States
reforestation,forestation,Q & A : California looks to keep landmark climate policy alive,http://www.wbrc.com/story/35872022/qa-california-looks-to-keep-landmark-climate-policy-alive,wbrc.com,20170713T001500Z,English,United States
reforestation,forestation,Q & A : California looks to keep landmark climate policy alive,http://www.wcax.com/story/35872021/qa-california-looks-to-keep-landmark-climate-policy-alive,wcax.com,20170713T001500Z,English,United States
reforestation,forestation,Q & A : California looks to keep landmark climate policy alive,http://www.newson6.com/story/35872021/qa-california-looks-to-keep-landmark-climate-policy-alive,newson6.com,20170713T001500Z,English,United States
reforestation,forestation,Q & A : California looks to keep landmark climate policy alive,http://www.wsbtv.com/news/qa-california-looks-to-keep-landmark-climate-policy-alive/558042011,wsbtv.com,20170713T001500Z,English,United States
reforestation,forestation,Q & A : California looks to keep landmark climate policy alive,http://www.wrcbtv.com/story/35872021/qa-california-looks-to-keep-landmark-climate-policy-alive,wrcbtv.com,20170713T001500Z,English,United States
reforestation,forestation,Q & A : California looks to keep landmark climate policy alive,http://www.wect.com/story/35872022/qa-california-looks-to-keep-landmark-climate-policy-alive,wect.com,20170713T001500Z,English,United States
reforestation,forestation,Q & A : California looks to keep landmark climate policy alive,http://www.thecourierexpress.com/business/q-a-california-looks-to-keep-landmark-climate-policy-alive/article_ccb39d64-3121-5f19-8700-4d9a149cdc2a.html,thecourierexpress.com,20170713T001500Z,English,United States
reforestation,forestation,Q & A : California looks to keep landmark climate policy alive,http://www.aberdeennews.com/wire/headlines/q-a-california-looks-to-keep-landmark-climate-policy-alive/article_4a050ca1-f166-5e8d-b5a2-54e77236213f.html,aberdeennews.com,20170713T001500Z,English,United States
reforestation,forestation,Q & A : California looks to keep landmark climate policy alive,http://www.stltoday.com/business/q-a-california-looks-to-keep-landmark-climate-policy-alive/article_60c4fd73-dcff-5acd-a1c2-3e4c2dea9971.html,stltoday.com,20170713T001500Z,English,United States
reforestation,forestation,Q & A : California looks to keep landmark climate policy alive,http://www.wftv.com/news/qa-california-looks-to-keep-landmark-climate-policy-alive/558041985,wftv.com,20170713T001500Z,English,United States
reforestation,forestation,Q & A : California looks to keep landmark climate policy alive,http://www.thepublicopinion.com/news/associated_press/science_and_technology/q-a-california-looks-to-keep-landmark-climate-policy-alive/article_c591d737-9c42-5991-839a-66b227d956bb.html,thepublicopinion.com,20170713T001500Z,English,United States
reforestation,forestation,Q & A : California looks to keep landmark climate policy alive,http://westchester.news12.com/story/35872021/qa-california-looks-to-keep-landmark-climate-policy-alive,westchester.news12.com,20170713T001500Z,English,United States
reforestation,forestation,Q & A : California looks to keep landmark climate policy alive,http://www.wsoctv.com/news/qa-california-looks-to-keep-landmark-climate-policy-alive/558041829,wsoctv.com,20170713T001500Z,English,United States
reforestation,forestation,Q & A : California looks to keep landmark climate policy alive,http://www.bozemandailychronicle.com/ap_news/us/q-a-california-looks-to-keep-landmark-climate-policy-alive/article_3d004372-635b-5c85-9805-fffc98a6ab1e.html,bozemandailychronicle.com,20170713T001500Z,English,United States
reforestation,forestation,Q & A : California looks to keep landmark climate policy alive,http://www.newswest9.com/story/35872022/qa-california-looks-to-keep-landmark-climate-policy-alive,newswest9.com,20170713T001500Z,English,United States
reforestation,forestation,Q & A : California looks to keep landmark climate policy alive,http://www.roanoke.com/news/wire_headlines/q-a-california-looks-to-keep-landmark-climate-policy-alive/article_294d3227-5d60-5648-9f30-824fdc3bf698.html,roanoke.com,20170712T234500Z,English,United States
reforestation,forestation,Q & A : California looks to keep landmark climate policy alive,http://brooklyn.news12.com/story/35872021/qa-california-looks-to-keep-landmark-climate-policy-alive,brooklyn.news12.com,20170712T234500Z,English,United States
reforestation,forestation,Q & A : California looks to keep landmark climate policy alive,http://host.madison.com/business/q-a-california-looks-to-keep-landmark-climate-policy-alive/article_2dfd8cfb-0abb-5777-a4a2-32ea837c13ff.html,host.madison.com,20170712T234500Z,English,United States
reforestation,forestation,Q & A : California looks to keep landmark climate policy alive,http://www.theolympian.com/news/business/article161039384.html,theolympian.com,20170712T234500Z,English,United States
reforestation,forestation,Q & A : California looks to keep landmark climate policy alive,http://www.ktvn.com/story/35871953/qa-california-looks-to-keep-landmark-climate-policy-alive,ktvn.com,20170712T234500Z,English,United States
reforestation,forestation,Q & A : California looks to keep landmark climate policy alive,http://www.herald-dispatch.com/ap/ap_nation/q-a-california-looks-to-keep-landmark-climate-policy-alive/article_ec59e7d6-713f-5766-8c82-dd5715e33e4f.html,herald-dispatch.com,20170712T234500Z,English,United States
reforestation,forestation,Q & A : California looks to keep landmark climate policy alive,http://www.greenwichtime.com/news/science/article/Q-A-California-looks-to-keep-landmark-climate-11284591.php,greenwichtime.com,20170712T234500Z,English,United States
reforestation,forestation,Q & A : California looks to keep landmark climate policy alive,http://www.ctpost.com/news/science/article/Q-A-California-looks-to-keep-landmark-climate-11284591.php,ctpost.com,20170712T234500Z,English,United States
reforestation,forestation,Q & A : California looks to keep landmark climate policy alive,http://www.lex18.com/story/35872021/qa-california-looks-to-keep-landmark-climate-policy-alive,lex18.com,20170712T234500Z,English,United States
reforestation,forestation,Q & A : California looks to keep landmark climate policy alive,http://www.newschannel10.com/story/35872022/qa-california-looks-to-keep-landmark-climate-policy-alive,newschannel10.com,20170712T234500Z,English,United States
reforestation,forestation,Q & A : California looks to keep landmark climate policy alive,http://longisland.news12.com/story/35872021/qa-california-looks-to-keep-landmark-climate-policy-alive,longisland.news12.com,20170712T234500Z,English,United States
reforestation,forestation,Q & A : California looks to keep landmark climate policy alive,http://news-sentinel.com/news/us-and-world/qa-california-looks-to-keep-landmark-climate-policy-alive_20170712&profile=1029,news-sentinel.com,20170712T234500Z,English,United States
reforestation,forestation,Q & A : California looks to keep landmark climate policy alive,http://www.fredericksburg.com/business/business-wire/q-a-california-looks-to-keep-landmark-climate-policy-alive/article_6b56448d-32e1-5d58-86a1-edc85fb83398.html,fredericksburg.com,20170712T234500Z,English,United States
reforestation,forestation,Q & A : California looks to keep landmark climate policy alive,http://www.ledger-enquirer.com/news/business/article161039384.html,ledger-enquirer.com,20170712T234500Z,English,United States
reforestation,forestation,Q & A : California looks to keep landmark climate policy alive,http://www.ksby.com/story/35871953/qa-california-looks-to-keep-landmark-climate-policy-alive,ksby.com,20170712T234500Z,English,United States
reforestation,forestation,Q & A : California looks to keep landmark climate policy alive,http://www.scnow.com/news/headlines/article_ec444472-b150-5c21-a3a7-349d21139887.html,scnow.com,20170712T234500Z,English,United States
reforestation,forestation,Q & A : California looks to keep landmark climate policy alive,http://www.ksby.com/story/35872021/qa-california-looks-to-keep-landmark-climate-policy-alive,ksby.com,20170712T234500Z,English,United States
reforestation,forestation,Q & A : California looks to keep landmark climate policy alive,http://www.abc-7.com/story/35872021/qa-california-looks-to-keep-landmark-climate-policy-alive,abc-7.com,20170712T234500Z,English,United States
reforestation,forestation,Q & A : California looks to keep landmark climate policy alive,http://news-sentinel.com/news/us-and-world/qa-california-looks-to-keep-landmark-climate-policy-alive_20170712&profile=1002,news-sentinel.com,20170712T234500Z,English,United States
reforestation,forestation,Q & A : California looks to keep landmark climate policy alive,http://www.ktvn.com/story/35872021/qa-california-looks-to-keep-landmark-climate-policy-alive,ktvn.com,20170712T234500Z,English,United States
reforestation,forestation,Q & A : California looks to keep landmark climate policy alive,http://www.oanow.com/apwire/news/national/q-a-california-looks-to-keep-landmark-climate-policy-alive/article_c4cf3520-f65a-5899-a9ab-37272be81386.html,oanow.com,20170712T234500Z,English,United States
reforestation,forestation,Q & A : California looks to keep landmark climate policy alive,http://wtop.com/national/2017/07/qa-california-looks-to-keep-landmark-climate-policy-alive/,wtop.com,20170712T234500Z,English,United States
reforestation,forestation,Q & A : California looks to keep landmark climate policy alive,http://missoulian.com/business/q-a-california-looks-to-keep-landmark-climate-policy-alive/article_e9baac05-fa98-5304-9da8-c9b0a4468e64.html,missoulian.com,20170712T233000Z,English,United States
reforestation,forestation,Q & A : California looks to keep landmark climate policy alive,http://www.wmdt.com/news/national/qa-california-looks-to-keep-landmark-climate-policy-alive/586200470,wmdt.com,20170712T233000Z,English,United States
reforestation,forestation,Q & A : California looks to keep landmark climate policy alive,http://siouxcityjournal.com/business/q-a-california-looks-to-keep-landmark-climate-policy-alive/article_36b1285b-5102-5835-82cf-127bfefb803b.html,siouxcityjournal.com,20170712T233000Z,English,United States
reforestation,forestation,Q & A : California looks to keep landmark climate policy alive,http://tucson.com/business/q-a-california-looks-to-keep-landmark-climate-policy-alive/article_812f7dab-6297-51ed-a827-518bde26f673.html,tucson.com,20170712T233000Z,English,United States
reforestation,forestation,Q & A : California looks to keep landmark climate policy alive,https://pilotonline.com/news/government/politics/q-a-california-looks-to-keep-landmark-climate-policy-alive/article_f9cc0be9-969a-57a0-a1d6-35e1c1e960c6.html,pilotonline.com,20170712T233000Z,English,United States
reforestation,forestation,Q & A : California looks to keep landmark climate policy alive,http://www.wacotrib.com/news/ap_nation/q-a-california-looks-to-keep-landmark-climate-policy-alive/article_fdd39ba9-ffe5-5ee3-96ec-7897751ace24.html,wacotrib.com,20170712T233000Z,English,United States
reforestation,forestation,Q & A : California looks to keep landmark climate policy alive,http://www.foxbusiness.com/markets/2017/07/12/q-california-looks-to-keep-landmark-climate-policy-alive.html,foxbusiness.com,20170712T233000Z,English,United States
reforestation,forestation,Q & A : California looks to keep landmark climate policy alive,http://www.greensboro.com/ap/us_world/q-a-california-looks-to-keep-landmark-climate-policy-alive/article_332089de-fc85-545b-aea2-60a9e77b93a8.html,greensboro.com,20170712T233000Z,English,United States
reforestation,forestation,Q & A : California looks to keep landmark climate policy alive,http://abcnews.go.com/Technology/wireStory/qa-california-landmark-climate-policy-alive-48601043,abcnews.go.com,20170712T233000Z,English,United States
reforestation,forestation,Q & A : California looks to keep landmark climate policy alive,http://www.washingtontimes.com/news/2017/jul/12/qa-california-looks-to-keep-landmark-climate-polic/,washingtontimes.com,20170712T233000Z,English,United States
reforestation,forestation,Q & A : California looks to keep landmark climate policy alive,http://www.beaumontenterprise.com/news/science/article/Q-A-California-looks-to-keep-landmark-climate-11284591.php,beaumontenterprise.com,20170712T233000Z,English,United States
reforestation,forestation,Q & A : California looks to keep landmark climate policy alive,http://www.rockymounttelegram.com/National-Business/2017/07/12/Q-A-California-looks-to-keep-landmark-climate-policy-alive.html,rockymounttelegram.com,20170712T233000Z,English,United States
reforestation,forestation,Q & A : California looks to keep landmark climate policy alive,http://www.wdtimes.com/news/national/article_33c4c6a8-4a02-5ce2-a633-30382feeabba.html,wdtimes.com,20170712T233000Z,English,United States
reforestation,forestation,Q & A : California looks to keep landmark climate policy alive,http://newsok.com/qa-california-looks-to-keep-landmark-climate-policy-alive/article/feed/1307653,newsok.com,20170712T233000Z,English,United States
reforestation,forestation,Q & A : California looks to keep landmark climate policy alive,http://kdhnews.com/news/science/q-a-california-looks-to-keep-landmark-climate-policy-alive/article_c8219054-c969-5897-9e89-ce46c17fc59b.html,kdhnews.com,20170712T233000Z,English,United States
reforestation,forestation,Q & A : California looks to keep landmark climate policy alive,http://www.koaa.com/story/35872021/qa-california-looks-to-keep-landmark-climate-policy-alive,koaa.com,20170712T233000Z,English,United States
reforestation,forestation,Q & A : California looks to keep landmark climate policy alive,http://www.lmtonline.com/news/science/article/Q-A-California-looks-to-keep-landmark-climate-11284591.php,lmtonline.com,20170712T233000Z,English,United States
reforestation,forestation,Q & A : California looks to keep landmark climate policy alive,http://www.newstimes.com/news/science/article/Q-A-California-looks-to-keep-landmark-climate-11284591.php,newstimes.com,20170712T233000Z,English,United States
reforestation,forestation,Q & A : California looks to keep landmark climate policy alive,http://elkodaily.com/business/q-a-california-looks-to-keep-landmark-climate-policy-alive/article_84c78c07-635c-5ea8-8f73-59314f249f46.html,elkodaily.com,20170712T233000Z,English,United States
reforestation,forestation,Q & A : California looks to keep landmark climate policy alive,http://www.timesunion.com/news/science/article/Q-A-California-looks-to-keep-landmark-climate-11284591.php,timesunion.com,20170712T233000Z,English,United States
reforestation,forestation,Q & A : California looks to keep landmark climate policy alive,http://tdn.com/business/q-a-california-looks-to-keep-landmark-climate-policy-alive/article_562d1d56-6f50-59a4-bf28-2cce52bd5e1f.html,tdn.com,20170712T233000Z,English,United States
reforestation,forestation,Q & A : California looks to keep landmark climate policy alive,http://www.wandtv.com/story/35872021/qa-california-looks-to-keep-landmark-climate-policy-alive,wandtv.com,20170712T233000Z,English,United States
reforestation,forestation,Q & A : California looks to keep landmark climate policy alive,http://hanfordsentinel.com/business/q-a-california-looks-to-keep-landmark-climate-policy-alive/article_699afb3c-c383-5723-9e6e-83e34f360629.html,hanfordsentinel.com,20170712T233000Z,English,United States
reforestation,forestation,Q & A : California looks to keep landmark climate policy alive,http://www.mercedsunstar.com/news/business/article161039384.html,mercedsunstar.com,20170712T231500Z,English,United States
reforestation,forestation,Q & A : California looks to keep landmark climate policy alive,http://www.expressnews.com/news/science/article/Q-A-California-looks-to-keep-landmark-climate-11284591.php,expressnews.com,20170712T231500Z,English,United States
reforestation,forestation,News from The Associated Press,http://hosted.ap.org/dynamic/stories/A/APFN_US_CALIFORNIA_CLIMATE_CHANGE_QA?SITE=AP&SECTION=HOME&TEMPLATE=DEFAULT&CTIME=2017-07-12-18-34-24,hosted.ap.org,20170712T231500Z,English,United States
reforestation,forestation,Q & A : California looks to keep landmark climate policy alive,http://www.wacotrib.com/news/ap_nation/headlines/q-a-california-looks-to-keep-landmark-climate-policy-alive/article_fdd39ba9-ffe5-5ee3-96ec-7897751ace24.html,wacotrib.com,20170712T231500Z,English,United States
reforestation,forestation,Q & A : California looks to keep landmark climate policy alive,http://www.nydailynews.com/newswires/news/business/q-california-landmark-climate-policy-alive-article-1.3321785,nydailynews.com,20170712T231500Z,English,United States
reforestation,forestation,Q & A : California looks to keep landmark climate policy alive,http://www.thehour.com/news/science/article/Q-A-California-looks-to-keep-landmark-climate-11284591.php,thehour.com,20170712T231500Z,English,United States
reforestation,forestation,Q & A : California looks to keep landmark climate policy alive,http://www.seattlepi.com/news/science/article/Q-A-California-looks-to-keep-landmark-climate-11284591.php,seattlepi.com,20170712T231500Z,English,United States
reforestation,forestation,Q & A : California looks to keep landmark climate policy alive,http://www.seattletimes.com/business/qa-california-looks-to-keep-landmark-climate-policy-alive/,seattletimes.com,20170712T231500Z,English,United States
reforestation,forestation,Q & A : California looks to keep landmark climate policy alive,https://phys.org/news/2017-07-qa-california-landmark-climate-policy.html,phys.org,20170712T231500Z,English,United States
reforestation,forestation,Q & A : California looks to keep landmark climate policy alive,http://wncn.com/ap/qa-california-looks-to-keep-landmark-climate-policy-alive/,wncn.com,20170712T231500Z,English,United States
reforestation,forestation,Q & A : California looks to keep landmark climate policy alive,http://www.startribune.com/q-a-california-looks-to-keep-landmark-climate-policy-alive/434148503/,startribune.com,20170712T230000Z,English,United States
reforestation,forestation,Q & A : California looks to keep landmark climate policy alive,http://www.mysanantonio.com/news/science/article/Q-A-California-looks-to-keep-landmark-climate-11284591.php,mysanantonio.com,20170712T230000Z,English,United States
reforestation,forestation,Q & A : California looks to keep landmark climate policy alive,http://www.chron.com/news/science/article/Q-A-California-looks-to-keep-landmark-climate-11284591.php,chron.com,20170712T230000Z,English,United States
reforestation,forestation,Q & A : California looks to keep landmark climate policy alive,http://www.sfgate.com/news/science/article/Q-A-California-looks-to-keep-landmark-climate-11284591.php,sfgate.com,20170712T230000Z,English,United States
reforestation,forestation,Holden Little League sweeps District titles in all three age groups,http://www.thelandmark.com/articles/holden-little-league-sweeps-district-titles-in-all-three-age-groups/,thelandmark.com,20170712T171500Z,English,United States
reforestation,forestation,Irish Sun,http://www.irishsun.com/news/253917539/145k-to-support-restoration-of-wakatipu-basin-native-beech-forests,irishsun.com,20170711T060000Z,English,United States
reforestation,forestation,stefano boeri to bring vertical forest tower to utrecht new urban district,http://www.designboom.com/architecture/stefano-boeri-vertical-forest-utrecht-hawthorn-tower-the-netherlands-07-10-2017/,designboom.com,20170710T110000Z,English,United States
reforestation,forestation,"HOLLAND ’ S FIRST VERTICAL FOREST TO RISE WITH 10 , 000 AIR",http://www.globalpossibilities.org/hollands-first-vertical-forest-to-rise-with-10000-air-purifying-plants/,globalpossibilities.org,20170709T011500Z,English,United States
reforestation,forestation,The Hawthorn Tower,http://www.architectmagazine.com/project-gallery/the-hawthorn-tower_o,architectmagazine.com,20170707T183000Z,English,United States
reforestation,forestation,Stefano Boeri Architetti Wins Competition for First Dutch Vertical Forest,http://www.archdaily.com/875298/stefano-boeri-architetti-wins-competition-for-first-dutch-vertical-forest/,archdaily.com,20170706T203000Z,English,United States
reforestation,forestation,Stefano Boeri Architetti Wins Competition for First Dutch Vertical Forest,http://www.archdaily.com/875298/stefano-boeri-architetti-wins-competition-for-first-dutch-vertical-forest,archdaily.com,20170706T203000Z,English,United States
reforestation,forestation,"Hollands first Vertical Forest to rise with 10 , 000 air",http://agreenliving.org/hollands-first-vertical-forest-to-rise-with-10000-air-purifying-plants/,agreenliving.org,20170706T183000Z,English,United States
reforestation,forestation,"Holland first Vertical Forest to rise with 10 , 000 air",http://inhabitat.com/hollands-first-vertical-forest-to-rise-with-10000-air-purifying-plants/,inhabitat.com,20170706T144500Z,English,United States
reforestation,forestation,2 Complementary Paths To Managing The Global Energy Transition,https://seekingalpha.com/article/4086033-2-complementary-paths-managing-global-energy-transition,seekingalpha.com,20170706T141500Z,English,United States
reforestation,forestation,Companies Vs Climate Change Conference Exemplifies Collaboration,http://www.triplepundit.com/podium/companies-vs-climate-change-conference-exemplifies-collaboration/,triplepundit.com,20170706T003000Z,English,United States
reforestation,forestation,Malaysian employers feel pressure as foreign workers go into hiding,http://www.sylhettimes.com/2017/07/03/malaysian-employers-feel-pressure-as-foreign-workers-go-into-hiding/,sylhettimes.com,20170704T083000Z,English,United States
reforestation,forestation,Runaway Global Warming,http://peakoil.com/forums/viewtopic.php?p=1374611,peakoil.com,20170930T020000Z,English,United States
reforestation,forestation,Runaway Global Warming,http://peakoil.com/forums/viewtopic.php?p=1374555,peakoil.com,20170929T211500Z,English,United States
reforestation,forestation,"Tropical forests are no longer a carbon sink , emitting as much carbon per year as all transit in the US — Quartz",https://qz.com/1090142/tropical-forests-are-no-longer-a-carbon-sink-emitting-as-much-carbon-per-year-as-all-transit-in-the-us/,qz.com,20170929T011500Z,English,United States
reforestation,forestation,Giant tree rat that dines on coconuts discovered in Solomon Islands,https://www.mnn.com/earth-matters/animals/stories/giant-tree-rat-discovered-s-so-big-it-feasts-coconuts,mnn.com,20170928T230000Z,English,United States
reforestation,forestation,Brodeur Partners Launches Entrepreneurial Space Group – Parabolic Arc,http://www.parabolicarc.com/2017/09/28/brodeur-partners-launches-entrepreneurial-space-group/,parabolicarc.com,20170928T104500Z,English,United States
reforestation,forestation,Brodeur Probes  Final Frontier,http://www.odwyerpr.com/story/public/9461/2017-09-27/brodeur-probes-final-frontier.html,odwyerpr.com,20170927T204500Z,English,United States
reforestation,forestation,Brodeur Partners Launches Entrepreneurial Space Group,http://www.prnewswire.com/news-releases/brodeur-partners-launches-entrepreneurial-space-group-300526795.html,prnewswire.com,20170927T161500Z,English,United States
reforestation,forestation,Oathbringer by Brandon Sanderson : Chapters 10,https://www.tor.com/2017/09/19/oathbringer-by-brandon-sanderson-chapters-10-12/comment-page-6/,tor.com,20170926T124500Z,English,United States
reforestation,forestation,These Wild Farms and Forests are Taking Root on Skyscrapers,https://www.digitaltrends.com/home/skyscrapers/,digitaltrends.com,20170923T220000Z,English,United States
reforestation,forestation,Oathbringer by Brandon Sanderson : Chapters 10,https://www.tor.com/2017/09/19/oathbringer-by-brandon-sanderson-chapters-10-12/comment-page-5/,tor.com,20170923T043000Z,English,United States
reforestation,forestation,"Divinity : Original Sin 2 Review – Divine Deliverance « GamingBolt . com : Video Game News , Reviews , Previews and Blog",http://gamingbolt.com/divinity-original-sin-2-review,gamingbolt.com,20170921T213000Z,English,United States
reforestation,forestation,Oathbringer by Brandon Sanderson : Chapters 10,https://www.tor.com/2017/09/19/oathbringer-by-brandon-sanderson-chapters-10-12/comment-page-4/,tor.com,20170920T211500Z,English,United States
reforestation,forestation,Oathbringer by Brandon Sanderson : Chapters 10,https://www.tor.com/2017/09/19/oathbringer-by-brandon-sanderson-chapters-10-12/comment-page-3/,tor.com,20170920T064500Z,English,United States
reforestation,forestation,Golden Moon Gallery : Downtown San Mateo Wonderland of Art & Expression,http://www.smdailyjournal.com/sponsored/golden-moon-gallery-downtown-san-mateo-s-wonderland-of-art/article_cd14f8b2-72e4-11e7-b24f-fb752b103f05.html,smdailyjournal.com,20170919T221500Z,English,United States
reforestation,forestation,Climate Change Not So Threatening to the Planet After All According to New Study,https://www.redstate.com/brandon_morse/2017/09/19/climate-change-not-threatening-planet-according-new-study/,redstate.com,20170919T210000Z,English,United States
reforestation,forestation,Oathbringer by Brandon Sanderson : Chapters 10,https://www.tor.com/2017/09/19/oathbringer-by-brandon-sanderson-chapters-10-12/comment-page-1/,tor.com,20170919T171500Z,English,United States
reforestation,forestation,Oathbringer by Brandon Sanderson : Chapters 10,https://www.tor.com/2017/09/19/oathbringer-by-brandon-sanderson-chapters-10-12/,tor.com,20170919T171500Z,English,United States
reforestation,forestation,Oathbringer by Brandon Sanderson : Chapters 10,https://www.tor.com/2017/09/19/oathbringer-by-brandon-sanderson-chapters-10-12/comment-page-2/,tor.com,20170919T171500Z,English,United States
reforestation,forestation,"FARK . com : ( 9735132 ) The west , the west , the west is on fire",http://www.fark.com/comments/9735132/The-west-west-west-is-on-fire,fark.com,20170917T071500Z,English,United States
reforestation,forestation,Star Wars Battlefront 2 : 12 Screenshots You Need To See,http://whatculture.com/gaming/star-wars-battlefront-2-12-screenshots-you-need-to-see,whatculture.com,20170915T013000Z,English,United States
reforestation,forestation,Gorge No More : Sites And Hiking Trails Damaged By The Eagle Creek Fire,http://www.wweek.com/outdoors/2017/09/12/gorge-no-more-sites-and-hiking-trails-damaged-by-the-eagle-creek-fire/,wweek.com,20170913T051500Z,English,United States
reforestation,forestation,I hear NASA calling me to protect our planet,"http://castlerocknewspress.net/stories/i-hear-nasa-calling-me-to-protect-our-planet,254151",castlerocknewspress.net,20170908T040000Z,English,United States
reforestation,forestation,Beyond Chron,http://www.beyondchron.org/soil-not-oil-shadow-chevron/,beyondchron.org,20170905T143000Z,English,United States
reforestation,forestation,Ariana Resources : Exciting Results Across Hot Gold Corridor,http://www.4-traders.com/ARIANA-RESOURCES-PLC-4005428/news/Ariana-Resources-Exciting-Results-Across-Hot-Gold-Corridor-25057713/,4-traders.com,20170905T071500Z,English,United States
reforestation,forestation,New We Must Come Together to Promote Environmental and Economic Growth,http://bignews.biz/?id=1411795&keys=RESTORATION-LAKE-TAHOE-REGION,bignews.biz,20170903T181500Z,English,United States
reforestation,forestation,"Cause Hanna who led CSUCI efforts on Santa Rosa Island , died Monday .",http://www.vcstar.com/story/news/special-reports/outdoors/2017/09/02/csu-channel-islands-teacher-santa-rosa-researcher-remembered/622838001/,vcstar.com,20170902T194500Z,English,United States
reforestation,forestation,LEO exclusive : A deeper look at the area Amazon headquarters proposal,https://www.leoweekly.com/2017/11/leo-exclusive-areas-amazon-headquarters-proposal/,leoweekly.com,20171101T160000Z,English,United States
reforestation,forestation,Six historic sites to visit this Veterans Day,https://www.northernvirginiamag.com/things-to-do/2017/10/24/six-historic-sites-to-visit-this-veterans-day/,northernvirginiamag.com,20171024T164500Z,English,United States
reforestation,forestation,Canadian activist and Hall of Fame singer Bruce Cockburn shares some powerful thoughts with William Plotnick,http://dailycollegian.com/2017/10/24/canadian-activist-and-hall-of-fame-singer-bruce-cockburn-shares-some-powerful-thoughts-with-william-plotnick/,dailycollegian.com,20171024T053000Z,English,United States
reforestation,forestation,Ministry of Artificial Intelligence,http://gulfnews.com/news/uae/government/ministry-of-artificial-intelligence-1.2109462,gulfnews.com,20171019T170000Z,English,United States
reforestation,forestation,Mohammad Bin Rashid launches UAE Artificial Intelligence strategy,http://m.gulfnews.com/news/uae/government/mohammad-bin-rashid-launches-uae-artificial-intelligence-strategy-1.2106998,m.gulfnews.com,20171016T174500Z,English,United States
reforestation,forestation,Runaway Global Warming,http://peakoil.com/forums/viewtopic.php?p=1375729,peakoil.com,20171008T001500Z,English,United States
reforestation,forestation,Runaway Global Warming,http://peakoil.com/forums/viewtopic.php?p=1375688,peakoil.com,20171007T193000Z,English,United States
reforestation,forestation,Runaway Global Warming,http://peakoil.com/forums/viewtopic.php?p=1375643,peakoil.com,20171007T100000Z,English,United States
reforestation,forestation,Runaway Global Warming,http://peakoil.com/forums/viewtopic.php?p=1375640,peakoil.com,20171007T051500Z,English,United States
reforestation,forestation,Runaway Global Warming,http://peakoil.com/forums/viewtopic.php?p=1375576,peakoil.com,20171007T004500Z,English,United States
reforestation,forestation,"U . N . panel calls on North Korea to end torture , child labor",http://m.todayonline.com/world/un-panel-calls-north-korea-end-torture-child-labor,m.todayonline.com,20171005T193000Z,English,United States
reforestation,forestation,"UN panel calls on North Korea to end torture , child labour",http://news.trust.org/item/20171004123640-soc97,news.trust.org,20171005T181500Z,English,United States
reforestation,forestation,"U . N . panel calls on North Korea to end torture , child labor",http://www.todayonline.com/world/un-panel-calls-north-korea-end-torture-child-labor,todayonline.com,20171005T153000Z,English,United States
reforestation,forestation,"UN panel calls on North Korea to end torture , child labour",https://news.trust.org/item/20171004123640-soc97,news.trust.org,20171005T041500Z,English,United States
reforestation,forestation,"UN panel calls on North Korea to end torture , child labour",https://news.trust.org/item/20171004123640-soc97/,news.trust.org,20171004T223000Z,English,United States
reforestation,forestation,"UN panel calls on North Korea to end torture , child labour",http://news.trust.org/item/20171004123640-soc97/,news.trust.org,20171004T181500Z,English,United States
reforestation,forestation,"U . N . panel calls on North Korea to end torture , child labor",http://www.reuters.com/article/us-northkorea-un-children/u-n-panel-calls-on-north-korea-to-end-torture-child-labor-idUSKBN1C91QM,reuters.com,20171004T174500Z,English,United States
reforestation,forestation,"U . N . panel urges North Korea to end child discrimination , labor Yahoo7 News",https://au.news.yahoo.com/a/37348220/u-n-panel-urges-north-korea-to-end-child-discrimination-labor/,au.news.yahoo.com,20171004T174500Z,English,United States
reforestation,forestation,"U . N . panel calls on North Korea to end torture , child labor",https://www.reuters.com/article/us-northkorea-un-children/u-n-panel-calls-on-north-korea-to-end-torture-child-labor-idUSKBN1C91QM,reuters.com,20171004T174500Z,English,United States
reforestation,forestation,"U . N . panel calls on North Korea to end torture , child labour",http://uk.reuters.com/article/uk-northkorea-un-children/u-n-panel-calls-on-north-korea-to-end-torture-child-labour-idUKKBN1C91QO,uk.reuters.com,20171004T163000Z,English,United States
reforestation,forestation,"UN panel calls on North Korea to end torture , child labour",http://news.trust.org/item/20171004153052-sc9y0/,news.trust.org,20171004T161500Z,English,United States
reforestation,forestation,Forestation issues remain before approval of single,https://www.heraldmailmedia.com/news/local/forestation-issues-remain-before-approval-of-single-family-lots-in/article_035c7edc-4a39-5f07-899b-ca782391b32f.html,heraldmailmedia.com,20171004T021500Z,English,United States
reforestation,forestation,North Korean Official Executed,https://wn.com/North_Korean_official_executed,wn.com,20171225T233000Z,English,United States
reforestation,forestation,Dems Defend the Blue,https://www.rushlimbaugh.com/daily/2017/12/18/dems-defend-the-rich-against-tax-increases/,rushlimbaugh.com,20171219T001500Z,English,United States
reforestation,forestation,Dems Defend the Blue,https://kfyr.iheart.com/featured/rush-limbaugh/content/2017-12-18-dems-defend-the-blue-state-rich-against-tax-increases/,kfyr.iheart.com,20171218T204500Z,English,United States
reforestation,forestation,Pueblo zoo staff trek to Nepal in search of red pandas,http://www.chieftain.com/life/travel/pueblo-zoo-staff-trek-to-nepal-in-search-of-red/article_ccafb70e-b137-54d8-bf25-b2e838f2ad3f.html,chieftain.com,20171217T091500Z,English,United States
reforestation,forestation,Walker touts property tax shift during Eau Claire stop,http://www.weau.com/content/news/Walker-touts-property-tax-shift-during-Eau-Claire-stop-464057123.html,weau.com,20171214T053000Z,English,United States
reforestation,forestation,"The Christian Science Monitor Daily for December 12 , 2017",https://www.csmonitor.com/Daily/2017/20171212,csmonitor.com,20171213T023000Z,English,United States
reforestation,forestation,After the pledge : Scientists scramble to make politician climate goals a reality,https://www.csmonitor.com/Environment/2017/1212/After-the-pledge-Scientists-scramble-to-make-politicians-climate-goals-a-reality,csmonitor.com,20171212T144500Z,English,United States
reforestation,forestation,Changes To Forest Resource Ordinance Proposed,http://www.wfmd.com/2017/12/09/changes-to-forest-resource-ordinance-proposed/,wfmd.com,20171210T000000Z,English,United States
reforestation,forestation,Richard Cohen : The widening chasm between American Jews and the Israeli government,http://www.troyrecord.com/opinion/20171207/richard-cohen-the-widening-chasm-between-american-jews-and-the-israeli-government,troyrecord.com,20171207T093000Z,English,United States
reforestation,forestation,Dems cornering GOP on creeps,http://www.foxnews.com/politics/2017/12/06/dems-cornering-gop-on-creeps.html,foxnews.com,20171206T224500Z,English,United States
reforestation,forestation,The Day,https://www.theday.com/columnists/20171205/widening-chasm-between-american-jews-and-israeli-government,theday.com,20171205T221500Z,English,United States
reforestation,forestation,Cohen : US Jews losing faith in Israel government,http://www.pressdemocrat.com/opinion/mctwire/7723672-181/cohen-us-jews-losing-faith,pressdemocrat.com,20171205T110000Z,English,United States
reforestation,forestation,Cohen : US Jews losing faith in Israel government,http://www.pressdemocrat.com/opinion/7723672-181/cohen-us-jews-losing-faith,pressdemocrat.com,20171205T110000Z,English,United States
reforestation,forestation,The Widening Chasm Between American Jews and the Israeli Government,https://www.realclearpolitics.com/articles/2017/12/05/the_widening_chasm_between_american_jews_and_the_israeli_government_135686.html,realclearpolitics.com,20171205T110000Z,English,United States
reforestation,forestation,American Jews vs . Israel,https://www.washingtonpost.com/opinions/american-jews-vs-israel/2017/12/04/d3de00e4-d928-11e7-b1a8-62589434a581_story.html,washingtonpost.com,20171205T013000Z,English,United States
reforestation,forestation,"American Jews and Israel , drifting apart",http://www.nydailynews.com/opinion/american-jews-israel-drifting-article-1.3677198,nydailynews.com,20171205T013000Z,English,United States
reforestation,forestation,These drones plant trees by firing seed pods at the ground,http://freerepublic.com/focus/f-chat/3625571/posts,freerepublic.com,20180124T170000Z,English,United States
reforestation,forestation,Deforestation in Bangladesh puts Rohingya refugees at risk : UNDP,https://www.msn.com/en-ae/news/other/deforestation-in-bangladesh-puts-rohingya-refugees-at-risk-undp/ar-AAuWPCY,msn.com,20180121T000000Z,English,United States
reforestation,forestation,Growing feud : Dueling proposals create clashes over forest conservation | Real Estate And Development,https://www.fredericknewspost.com/news/economy_and_business/real_estate_and_development/growing-feud-dueling-proposals-create-clashes-over-forest-conservation/article_d9c54dc4-31d3-5099-b7e2-bcff98546f8f.html,fredericknewspost.com,20180114T034500Z,English,United States
reforestation,forestation,Kuuma Wood Furnace First and Only to Exceed 2020 EPA Emissions Standards,https://www.benzinga.com/pressreleases/18/01/p11017704/kuuma-wood-furnace-first-and-only-to-exceed-2020-epa-emissions-standar,benzinga.com,20180111T090000Z,English,United States
reforestation,forestation,Kuuma Wood Furnace First and Only to Exceed 2020 EPA Emissions Standards,http://www.prweb.com/releases/2018/01/prweb15071641.htm,prweb.com,20180111T083000Z,English,United States
reforestation,forestation,Letters to the editor Tuesday,http://savannahnow.com/opinion/letters/2018-01-08/letters-editor-tuesday,savannahnow.com,20180109T150000Z,English,United States
reforestation,forestation,"Letters : Let learn from mistakes of 2017 , move ahead",http://savannahnow.com/letters/opinion/2018-01-08/letters-let-s-learn-mistakes-2017-move-ahead,savannahnow.com,20180109T051500Z,English,United States
reforestation,forestation,Ask the editor : Why is the drive on Hwy . 288 so scenic ?,https://communityimpact.com/houston/pearland-friendswood/development-construction/2017/08/19/ask-editor-drive-hwy-288-scenic/,communityimpact.com,20180108T181500Z,English,United States
reforestation,forestation,China Hebei pledges to cut pollution by 14 percent by 2020,https://uk.reuters.com/article/us-china-pollution-hebei/chinas-hebei-pledges-to-cut-pollution-by-14-percent-by-2020-idUKKBN1EU07W,uk.reuters.com,20180105T193000Z,English,United States
reforestation,forestation,China Hebei pledges to cut pollution by 14 percent by 2020,https://www.reuters.com/article/us-china-pollution-hebei/chinas-hebei-pledges-to-cut-pollution-by-14-percent-by-2020-idUSKBN1EU07W,reuters.com,20180105T031500Z,English,United States
reforestation,forestation,China Hebei pledges to cut pollution by 14 percent by 2020,https://www.msn.com/en-us/news/world/chinas-hebei-pledges-to-cut-pollution-by-14-percent-by-2020/ar-BBHTdqx,msn.com,20180105T030000Z,English,United States
reforestation,forestation,China Hebei pledges to cut pollution by 14 pct by 2020,http://news.trust.org/item/20180105021905-gpfek,news.trust.org,20180105T030000Z,English,United States
reforestation,forestation,Thoughts on bird watching,http://www.thealpenanews.com/life/2018/01/thoughts-on-bird-watching/,thealpenanews.com,20180104T103000Z,English,United States
reforestation,forestation,"Clutchi Capital Invests $100 , 000 in Plantshop . ae for Seeds",http://www.ussharemarkets.com/story/155927/clutchi-capital-invests-100000-in-plantshopae-for-seeds.html,ussharemarkets.com,20180102T221500Z,English,United States
reforestation,forestation,City plans busy year,http://www.grbj.com/articles/89663-city-plans-busy-year,grbj.com,20180102T191500Z,English,United States
reforestation,forestation,"Friday Family Film  Coco  and more Longmont - area events for Friday , June 1 , 2018",http://www.timescall.com/entertainment/ci_31916211/friday-family-film-coco-and-more-longmont-area,timescall.com,20180601T103000Z,English,United States
reforestation,forestation,Planting a Woods about the Aral Dried out Sea Bed ~ Independent Recorder,https://www.independentrecorder.com/planting-a-woods-about-the-arals-dried-out-sea-bed-108753.html,independentrecorder.com,20180601T003000Z,English,United States
reforestation,forestation,Planting a forest on the Aral dried - out seabed,http://zlotonews.com/planting-a-forest-on-the-arals-dried-out-seabed/,zlotonews.com,20180601T003000Z,English,United States
reforestation,forestation,Planting a forest on the Aral dried - out seabed,https://www.msn.com/en-gb/finance/topstories/planting-a-forest-on-the-arals-dried-out-seabed/ar-AAy5fpJ,msn.com,20180601T001500Z,English,United States
reforestation,forestation,Debugging : How to avoid insect - borne diseases - News - The Miami News - Record,http://www.miamiok.com/news/20180531/debugging-how-to-avoid-insect-borne-diseases,miamiok.com,20180531T190000Z,English,United States
reforestation,forestation,"Reforestation by TAP in Northern Greece , with 400 000 trees and shrubs",https://www.worldpipelines.com/project-news/30052018/reforestation-by-tap-in-northern-greece-with-400-000-trees-and-shrubs/,worldpipelines.com,20180530T194500Z,English,United States
reforestation,forestation,How land restoration is key to achieving sustainability,https://impakter.com/can-sustain-land-restoration-plays-vital-role-achieving-sustainable-development-already-successful/,impakter.com,20180529T113000Z,English,United States
reforestation,forestation,World Bank,http://www.4-traders.com/news/World-Bank-Promotes-Agricultural-Risk-Management-to-Benefit-the-Most-Vulnerable-Producers--26669742/,4-traders.com,20180528T200000Z,English,United States
reforestation,forestation,"Historical Artifacts , Photographs and Tales and more Longmont - area events this week for Monday , May 28 , 2018",http://www.timescall.com/entertainment/ci_31903479/historical-artifacts-photographs-and-tales-and-more-longmont,timescall.com,20180528T103000Z,English,United States
reforestation,forestation,Eco - Marxism and deforestation,http://www.pambazuka.org/land-environment/eco-marxism-and-deforestation,pambazuka.org,20180525T204500Z,English,United States
reforestation,forestation,Horizon North Logistics : Reliable Foundations Start with Horizon North Soil Solutions,http://www.4-traders.com/HORIZON-NORTH-LOGISTICS-I-1410352/news/Horizon-North-Logistics-Reliable-Foundations-Start-with-Horizon-North-Soil-Solutions-26598541/,4-traders.com,20180516T174500Z,English,United States
reforestation,forestation,"The War On Trees : Environment , Weather & Climate",http://peakoil.com/forums/viewtopic.php?p=1395138,peakoil.com,20180515T031500Z,English,United States
reforestation,forestation,"The War On Trees : Environment , Weather & Climate",http://peakoil.com/forums/viewtopic.php?p=1395127,peakoil.com,20180514T223000Z,English,United States
reforestation,forestation,"The War On Trees : Environment , Weather & Climate",http://peakoil.com/forums/viewtopic.php?p=1395015,peakoil.com,20180513T003000Z,English,United States
reforestation,forestation,"The War On Trees : Environment , Weather & Climate",http://peakoil.com/forums/viewtopic.php?p=1395010,peakoil.com,20180512T193000Z,English,United States
reforestation,forestation,First New Land Ready : Will Allow Rohingya Refugees to Move to Safer Ground Before Monsoon,https://www.environmentguru.com/pages/elements/element.aspx?id=6520645,environmentguru.com,20180508T234500Z,English,United States
reforestation,forestation,First New Land Ready : Will Allow Rohingya Refugees to Move to Safer Ground Before Monsoon,http://www.ipsnews.net/2018/05/first-new-land-ready-will-allow-rohingya-refugees-move-safer-ground-monsoon/,ipsnews.net,20180508T161500Z,English,United States
reforestation,forestation,First New Land Ready : Will Allow Rohingya Refugees to Move to Safer Ground Before Monsoon,https://human-wrongs-watch.net/2018/05/08/first-new-land-ready-will-allow-rohingya-refugees-to-move-to-safer-ground-before-monsoon/,human-wrongs-watch.net,20180508T113000Z,English,United States
reforestation,forestation,First New Land Ready : Will Allow Rohingya Refugees to Move to Safer Ground Before Monsoon - Bangladesh,https://reliefweb.int/report/bangladesh/first-new-land-ready-will-allow-rohingya-refugees-move-safer-ground-monsoon,reliefweb.int,20180508T100000Z,English,United States
reforestation,forestation,Rotary tree plantings augment city | Etcetera,http://www.union-bulletin.com/local_columnists/etcetera/rotary-tree-plantings-augment-city/article_2661c896-4fe4-11e8-bdee-17683677ead5.html,union-bulletin.com,20180506T141500Z,English,United States
reforestation,forestation,Arbor Day Observance Friday May 4 in Clinton,https://patch.com/connecticut/clinton/arbor-day-observance-friday-may-4-clinton,patch.com,20180502T133000Z,English,United States
reforestation,forestation,"Lyons Redstone Museum and other Longmont - area events for the week of July 30 , 2018",http://www.timescall.com/entertainment/ci_32039677/lyons-redstone-museum-and-other-longmont-area-events,timescall.com,20180730T101500Z,English,United States
reforestation,forestation,"TreeHouses : Look Who Living in the Trees ! and other Longmont - area events for Thursday , July 26 , 2018",http://www.timescall.com/entertainment/ci_32032921/treehouses-look-whos-living-trees-and-other-longmont,timescall.com,20180726T164500Z,English,United States
reforestation,forestation,"Facedrive Appoints New President , Umar Farooq",https://www.tmcnet.com/usubmit/2018/07/25/8791859.htm,tmcnet.com,20180725T151500Z,English,United States
reforestation,forestation,"Facedrive Appoints New President , Umar Farooq",https://www.marketwatch.com/press-release/facedrive-appoints-new-president-umar-farooq-2018-07-25,marketwatch.com,20180725T151500Z,English,United States
reforestation,forestation,"Facedrive Appoints New President , Umar Farooq",https://www.businesswire.com/news/home/20180725005518/en/Facedrive-Appoints-New-President-Umar-Farooq,businesswire.com,20180725T151500Z,English,United States
reforestation,forestation,Undercooked : an expensive push to save lives and protect the planet falls short,https://www.salon.com/2018/07/25/undercooked-an-expensive-push-to-save-lives-and-protect-the-planet-falls-short_partner/,salon.com,20180725T130000Z,English,United States
reforestation,forestation,Flood Expert : Building Menards in floodplain would have little impact,https://decorahnewspapers.com/Content/News/Local-News/Article/Flood-Expert-Building-Menards-in-floodplain-would-have-little-impact-/2/10/45929,decorahnewspapers.com,20180724T204500Z,English,United States
reforestation,forestation,"Maker Mondays and other Longmont - area events for the week of July 23 , 2018",http://www.timescall.com/entertainment/ci_32025301/maker-mondays-and-other-longmont-area-events-week,timescall.com,20180723T104500Z,English,United States
reforestation,forestation,"Reynolds : Democrats may have a Steele - y resolve , but only party matters Texa 36th [ Opinion ]",https://www.houstonchronicle.com/opinion/outlook/article/Texas-36th-Dayna-Steele-Brian-Babin-Congress-13095718.php,houstonchronicle.com,20180723T010000Z,English,United States
reforestation,forestation,"Reynolds : Democrats may have a Steele - y resolve , but only party matters Texa 36th [ Opinion ]",https://www.houstonchronicle.com/opinion/outlook/article/Reynolds-Democrats-may-have-a-Steele-y-resolve-13095718.php,houstonchronicle.com,20180722T203000Z,English,United States
reforestation,forestation,Intrinsically linked,https://www.environmentguru.com/pages/elements/element.aspx?id=7339957,environmentguru.com,20180722T200000Z,English,United States
reforestation,forestation,Boone County Board approves a new solar farm in Belvidere,http://www.wifr.com/content/news/Boone-County-Board-approves-a-new-solar-farm-in-Belvidere--488773161.html,wifr.com,20180721T010000Z,English,United States
reforestation,forestation,Marion County Bucket List results are in,https://www.marionstar.com/story/news/2018/07/13/marion-county-bucket-list-top-attractions-results-places-visit/771307002/,marionstar.com,20180713T220000Z,English,United States
reforestation,forestation,firstcoastnews . com,https://www.firstcoastnews.com/article/news/nation-now/in-developing-world-an-expensive-push-to-reduce-cooking-fire-deaths-falls-short/465-f22f03b1-bacb-4edc-97f6-91949ad6e95b,firstcoastnews.com,20180713T103000Z,English,United States
reforestation,forestation,fox15abilene . com,https://www.fox15abilene.com/article/news/nation-now/in-developing-world-an-expensive-push-to-reduce-cooking-fire-deaths-falls-short/465-f22f03b1-bacb-4edc-97f6-91949ad6e95b,fox15abilene.com,20180713T103000Z,English,United States
reforestation,forestation,myfoxzone . com,https://www.myfoxzone.com/article/news/nation-now/in-developing-world-an-expensive-push-to-reduce-cooking-fire-deaths-falls-short/465-f22f03b1-bacb-4edc-97f6-91949ad6e95b,myfoxzone.com,20180713T103000Z,English,United States
reforestation,forestation,wltx . com,https://www.wltx.com/article/news/nation-now/in-developing-world-an-expensive-push-to-reduce-cooking-fire-deaths-falls-short/465-f22f03b1-bacb-4edc-97f6-91949ad6e95b,wltx.com,20180713T103000Z,English,United States
reforestation,forestation,13wmaz . com,https://www.13wmaz.com/article/news/nation-now/in-developing-world-an-expensive-push-to-reduce-cooking-fire-deaths-falls-short/465-f22f03b1-bacb-4edc-97f6-91949ad6e95b,13wmaz.com,20180713T103000Z,English,United States
reforestation,forestation,wusa9 . com,https://www.wusa9.com/article/news/nation-now/in-developing-world-an-expensive-push-to-reduce-cooking-fire-deaths-falls-short/465-f22f03b1-bacb-4edc-97f6-91949ad6e95b,wusa9.com,20180713T103000Z,English,United States
reforestation,forestation,13newsnow . com,https://www.13newsnow.com/article/news/nation-now/in-developing-world-an-expensive-push-to-reduce-cooking-fire-deaths-falls-short/465-f22f03b1-bacb-4edc-97f6-91949ad6e95b,13newsnow.com,20180713T103000Z,English,United States
reforestation,forestation,11alive . com,https://www.11alive.com/article/news/nation-now/in-developing-world-an-expensive-push-to-reduce-cooking-fire-deaths-falls-short/465-f22f03b1-bacb-4edc-97f6-91949ad6e95b,11alive.com,20180713T103000Z,English,United States
reforestation,forestation,kgw . com,https://www.kgw.com/article/news/nation-now/in-developing-world-an-expensive-push-to-reduce-cooking-fire-deaths-falls-short/465-f22f03b1-bacb-4edc-97f6-91949ad6e95b,kgw.com,20180713T103000Z,English,United States
reforestation,forestation,12newsnow . com,https://www.12newsnow.com/article/news/nation-now/in-developing-world-an-expensive-push-to-reduce-cooking-fire-deaths-falls-short/465-f22f03b1-bacb-4edc-97f6-91949ad6e95b,12newsnow.com,20180713T103000Z,English,United States
reforestation,forestation,wfmynews2 . com,https://www.wfmynews2.com/article/news/nation-now/in-developing-world-an-expensive-push-to-reduce-cooking-fire-deaths-falls-short/465-f22f03b1-bacb-4edc-97f6-91949ad6e95b,wfmynews2.com,20180713T103000Z,English,United States
reforestation,forestation,khou . com,https://www.khou.com/article/news/nation-now/in-developing-world-an-expensive-push-to-reduce-cooking-fire-deaths-falls-short/465-f22f03b1-bacb-4edc-97f6-91949ad6e95b,khou.com,20180713T103000Z,English,United States
reforestation,forestation,ktvb . com,https://www.ktvb.com/article/news/nation-now/in-developing-world-an-expensive-push-to-reduce-cooking-fire-deaths-falls-short/465-f22f03b1-bacb-4edc-97f6-91949ad6e95b,ktvb.com,20180713T103000Z,English,United States
reforestation,forestation,wtsp . com,https://www.wtsp.com/article/news/nation-now/in-developing-world-an-expensive-push-to-reduce-cooking-fire-deaths-falls-short/465-f22f03b1-bacb-4edc-97f6-91949ad6e95b,wtsp.com,20180713T103000Z,English,United States
reforestation,forestation,wcnc . com,https://www.wcnc.com/article/news/nation-now/in-developing-world-an-expensive-push-to-reduce-cooking-fire-deaths-falls-short/465-f22f03b1-bacb-4edc-97f6-91949ad6e95b,wcnc.com,20180713T103000Z,English,United States
reforestation,forestation,whas11 . com,https://www.whas11.com/article/news/nation-now/in-developing-world-an-expensive-push-to-reduce-cooking-fire-deaths-falls-short/465-f22f03b1-bacb-4edc-97f6-91949ad6e95b,whas11.com,20180713T103000Z,English,United States
reforestation,forestation,krem . com,https://www.krem.com/article/news/nation-now/in-developing-world-an-expensive-push-to-reduce-cooking-fire-deaths-falls-short/465-f22f03b1-bacb-4edc-97f6-91949ad6e95b,krem.com,20180713T103000Z,English,United States
reforestation,forestation,kcentv . com,https://www.kcentv.com/article/news/nation-now/in-developing-world-an-expensive-push-to-reduce-cooking-fire-deaths-falls-short/465-f22f03b1-bacb-4edc-97f6-91949ad6e95b,kcentv.com,20180713T103000Z,English,United States
reforestation,forestation,12news . com,https://www.12news.com/article/news/nation-now/in-developing-world-an-expensive-push-to-reduce-cooking-fire-deaths-falls-short/465-f22f03b1-bacb-4edc-97f6-91949ad6e95b,12news.com,20180713T103000Z,English,United States
reforestation,forestation,wwltv . com,https://www.wwltv.com/article/news/nation-now/in-developing-world-an-expensive-push-to-reduce-cooking-fire-deaths-falls-short/465-f22f03b1-bacb-4edc-97f6-91949ad6e95b,wwltv.com,20180713T103000Z,English,United States
reforestation,forestation,thv11 . com,https://www.thv11.com/article/news/nation-now/in-developing-world-an-expensive-push-to-reduce-cooking-fire-deaths-falls-short/465-f22f03b1-bacb-4edc-97f6-91949ad6e95b,thv11.com,20180713T103000Z,English,United States
reforestation,forestation,wbir . com,https://www.wbir.com/article/news/nation-now/in-developing-world-an-expensive-push-to-reduce-cooking-fire-deaths-falls-short/465-f22f03b1-bacb-4edc-97f6-91949ad6e95b,wbir.com,20180713T103000Z,English,United States
reforestation,forestation,abc10 . com,https://www.abc10.com/article/news/nation-now/in-developing-world-an-expensive-push-to-reduce-cooking-fire-deaths-falls-short/465-f22f03b1-bacb-4edc-97f6-91949ad6e95b,abc10.com,20180713T103000Z,English,United States
reforestation,forestation,kagstv . com,https://www.kagstv.com/article/news/nation-now/in-developing-world-an-expensive-push-to-reduce-cooking-fire-deaths-falls-short/465-f22f03b1-bacb-4edc-97f6-91949ad6e95b,kagstv.com,20180713T103000Z,English,United States
reforestation,forestation,wgrz . com,https://www.wgrz.com/article/news/nation-now/in-developing-world-an-expensive-push-to-reduce-cooking-fire-deaths-falls-short/465-f22f03b1-bacb-4edc-97f6-91949ad6e95b,wgrz.com,20180713T103000Z,English,United States
reforestation,forestation,9news . com,https://www.9news.com/article/news/nation-now/in-developing-world-an-expensive-push-to-reduce-cooking-fire-deaths-falls-short/465-f22f03b1-bacb-4edc-97f6-91949ad6e95b,9news.com,20180713T103000Z,English,United States
reforestation,forestation,kvue . com,https://www.kvue.com/article/news/nation-now/in-developing-world-an-expensive-push-to-reduce-cooking-fire-deaths-falls-short/465-f22f03b1-bacb-4edc-97f6-91949ad6e95b,kvue.com,20180713T103000Z,English,United States
reforestation,forestation,wzzm13 . com,https://www.wzzm13.com/article/news/nation-now/in-developing-world-an-expensive-push-to-reduce-cooking-fire-deaths-falls-short/465-f22f03b1-bacb-4edc-97f6-91949ad6e95b,wzzm13.com,20180713T103000Z,English,United States
reforestation,forestation,wfaa . com,https://www.wfaa.com/article/news/nation-now/in-developing-world-an-expensive-push-to-reduce-cooking-fire-deaths-falls-short/465-f22f03b1-bacb-4edc-97f6-91949ad6e95b,wfaa.com,20180713T103000Z,English,United States
reforestation,forestation,newscentermaine . com,https://www.newscentermaine.com/article/news/nation-now/in-developing-world-an-expensive-push-to-reduce-cooking-fire-deaths-falls-short/465-f22f03b1-bacb-4edc-97f6-91949ad6e95b,newscentermaine.com,20180713T103000Z,English,United States
reforestation,forestation,kiiitv . com,https://www.kiiitv.com/article/news/nation-now/in-developing-world-an-expensive-push-to-reduce-cooking-fire-deaths-falls-short/465-f22f03b1-bacb-4edc-97f6-91949ad6e95b,kiiitv.com,20180713T103000Z,English,United States
reforestation,forestation,cbs19 . tv,https://www.cbs19.tv/article/news/nation-now/in-developing-world-an-expensive-push-to-reduce-cooking-fire-deaths-falls-short/465-f22f03b1-bacb-4edc-97f6-91949ad6e95b,cbs19.tv,20180713T103000Z,English,United States
reforestation,forestation,king5 . com,https://www.king5.com/article/news/nation-now/in-developing-world-an-expensive-push-to-reduce-cooking-fire-deaths-falls-short/465-f22f03b1-bacb-4edc-97f6-91949ad6e95b,king5.com,20180713T101500Z,English,United States
reforestation,forestation,Push to reduce cooking fire deaths falls short in developing world,https://www.usatoday.com/story/news/world/2018/07/13/push-reduce-cooking-fire-deaths-falls-short-developing-world/779127002/,usatoday.com,20180713T101500Z,English,United States
reforestation,forestation,kens5 . com,https://www.kens5.com/article/news/nation-now/in-developing-world-an-expensive-push-to-reduce-cooking-fire-deaths-falls-short/465-f22f03b1-bacb-4edc-97f6-91949ad6e95b,kens5.com,20180713T101500Z,English,United States
reforestation,forestation,ksdk . com,https://www.ksdk.com/article/news/nation-now/in-developing-world-an-expensive-push-to-reduce-cooking-fire-deaths-falls-short/465-f22f03b1-bacb-4edc-97f6-91949ad6e95b,ksdk.com,20180713T100000Z,English,United States
reforestation,forestation,kare11 . com,https://www.kare11.com/article/news/nation-now/in-developing-world-an-expensive-push-to-reduce-cooking-fire-deaths-falls-short/465-f22f03b1-bacb-4edc-97f6-91949ad6e95b,kare11.com,20180713T100000Z,English,United States
reforestation,forestation,wkyc . com,https://www.wkyc.com/article/news/nation-now/in-developing-world-an-expensive-push-to-reduce-cooking-fire-deaths-falls-short/465-f22f03b1-bacb-4edc-97f6-91949ad6e95b,wkyc.com,20180713T100000Z,English,United States
reforestation,forestation,An expensive push to save lives and protect the planet falls short,https://www.cnbc.com/2018/07/12/an-expensive-push-to-save-lives-and-protect-the-planet-falls-short.html,cnbc.com,20180712T191500Z,English,United States
reforestation,forestation,Undercooked : An Expensive Push to Save Lives and Protect … ProPublica,https://www.propublica.org/article/cookstoves-push-to-protect-the-planet-falls-short,propublica.org,20180712T101500Z,English,United States
reforestation,forestation,One - off Chopsticks Market Revenue Growth Predicted by 2018 to 2027,https://www.ssuchronicle.com/2018/07/10/one-off-chopsticks-market-revenue-growth-predicted-by-2018-to-2027/,ssuchronicle.com,20180710T190000Z,English,United States
reforestation,forestation,One - off Chopsticks Market Revenue Growth Predicted by 2018 to 2027,http://www.sbwire.com/press-releases/one-off-chopsticks-market-revenue-growth-predicted-by-2018-to-2027-1008045.htm,sbwire.com,20180710T184500Z,English,United States
reforestation,forestation,Carlo Benetton Dies at 74 – WWD,https://wwd.com/fashion-news/ready-to-wear/carlo-benetton-dies-at-1202752974/,wwd.com,20180710T161500Z,English,United States
reforestation,forestation,"TreeHouses : Look Who Living in the Tree and other Longmont - area events for the week of July 9 , 2018",http://www.timescall.com/entertainment/ci_31995253/treehouses-look-whos-living-trees-and-other-longmont,timescall.com,20180709T074500Z,English,United States
reforestation,forestation,"Taylor Shae and other Longmont - area events for Sunday , July 8 , 2018",http://www.timescall.com/entertainment/ci_31993502/taylor-shae-and-other-longmont-area-events-sunday,timescall.com,20180708T073000Z,English,United States
reforestation,forestation,CREEDE HINSHAW : Monks have long preserved Biblical treasure | Opinion,http://www.albanyherald.com/opinion/creede-hinshaw-monks-have-long-preserved-biblical-treasure/article_c6e05a8b-9c3b-5e0d-a668-0fe13fdd380d.html,albanyherald.com,20180705T224500Z,English,United States
reforestation,forestation,Our Man in Arlington,https://fcnp.com/2018/07/03/our-man-in-arlington-279/,fcnp.com,20180704T011500Z,English,United States
reforestation,forestation,"How to make L . A . better ? Readers say more green , less driving",http://www.latimes.com/projects/la-me-lopez-la-better-worse/,latimes.com,20180901T173000Z,English,United States
reforestation,forestation,AnastasiaDate Shares its Top 5 Daytrips to Enjoy from the Serbian City of Novi Sad - Press Release,http://www.digitaljournal.com/pr/3918999,digitaljournal.com,20180830T224500Z,English,United States
reforestation,forestation,AnastasiaDate Shares its Top 5 Daytrips to Enjoy from the Serbian City of Novi Sad – ABNewswire – Press Release Distribution Service – Paid Press Release Distribution Newswire,http://www.abnewswire.com/pressreleases/anastasiadate-shares-its-top-5-daytrips-to-enjoy-from-the-serbian-city-of-novi-sad_259833.html,abnewswire.com,20180830T220000Z,English,United States
reforestation,forestation,Racing ! Remembering one of the greats,http://www.latimes.com/sports/more/la-sp-horse-racing-newsletter-20180816-htmlstory.html,latimes.com,20180817T124500Z,English,United States
reforestation,forestation,Postcards from The Brink,http://www.richlandsource.com/area_history/postcards-from-the-brink/article_60970e9d-0931-5a94-af3e-2a3585cdab80.html,richlandsource.com,20180816T130000Z,English,United States
reforestation,forestation,Racing ! Breeder Cup back to Santa Anita and Del Mar,http://www.latimes.com/sports/more/la-sp-horse-racing-newsletter-20180815-htmlstory.html,latimes.com,20180816T124500Z,English,United States
reforestation,forestation,Scar tissue  remains for Carlino after Cardinal Crossing plan | News,http://www.delconewsnetwork.com/countypress/news/scar-tissue-remains-for-carlino-after-cardinal-crossing-plan/article_87801d33-2f56-5839-b487-db6fa88ea355.html,delconewsnetwork.com,20180815T130000Z,English,United States
reforestation,forestation,Scar tissue  remains for Carlino after Cardinal Crossing plan,http://www.delcotimes.com/general-news/20180814/scar-tissue-remains-for-carlino-after-cardinal-crossing-plan,delcotimes.com,20180815T023000Z,English,United States
reforestation,forestation,Conservation club celebrates six decades,http://www.hngnews.com/cambridge_deerfield/article_d989104a-b38e-5e12-b31d-2e313d107bf8.html,hngnews.com,20180814T134500Z,English,United States
reforestation,forestation,The Daily Citizen - thedailycitizen . com,http://www.thedailycitizen.com/news/news.php?ID=11354,thedailycitizen.com,20180814T121500Z,English,United States
reforestation,forestation,U . S . Sen . Kamala Harris visits fire - ravaged Lake County,http://www.ktvu.com/news/us-sen-kamala-harris-visits-fire-ravaged-lake-county,ktvu.com,20180810T170000Z,English,United States
reforestation,forestation,We need more plastic bags and straws,http://nj1015.com/we-need-more-plastic-bags-and-straws-opinion/,nj1015.com,20180808T031500Z,English,United States
reforestation,forestation,Meeting Paris Agreement Global Warming Goals May Require Lots More Forests,https://www.inverse.com/article/47846-beccs-v-forests-a-computer-simulation-like-that-one-rocky-movie,inverse.com,20180807T163000Z,English,United States
reforestation,forestation,Things to do this week in Longmont,http://www.timescall.com/ci_32052505/things-do-this-week-longmont,timescall.com,20180806T224500Z,English,United States
reforestation,forestation,What to Know Before You Book a Trip to Brazil with Our Whole Village,https://walkingontravels.com/what-to-know-before-you-book-a-trip-to-brazil-with-our-whole-village/,walkingontravels.com,20180806T163000Z,English,United States
reforestation,forestation,Things to do this week in Longmont,http://www.timescall.com/top-stories/ci_32052505/things-do-this-week-longmont,timescall.com,20180806T160000Z,English,United States
reforestation,forestation,Something Wild : A Timber Harvest,http://www.nhpr.org/post/something-wild-timber-harvest-1,nhpr.org,20180803T153000Z,English,United States
reforestation,forestation,A Staggered Concrete Home in Argentina Nestles in the Woods,https://www.dwell.com/article/casa-bosque-besonias-almeida-arquitectos-bad50ebb,dwell.com,20180927T003000Z,English,United States
reforestation,forestation,8 Ways Journalists Visualized California Out - of - Control Wildfires - Global Investigative Journalism Network,https://gijn.org/2018/09/26/california-wildfires/,gijn.org,20180926T101500Z,English,United States
reforestation,forestation,Tourism Challenges in Africa : Red Rocks Initiative may become a key force for the better ? | Travel News,https://www.eturbonews.com/233579/tourism-challenges-in-africa-red-rocks-initiative-may-become-a-key-force-for-the-better,eturbonews.com,20180922T111500Z,English,United States
reforestation,forestation,Columnist Marian Mesrobian MacCurdy :  The challenges and risks of siting solar,https://www.gazettenet.com/MacCurdy-column-20314526,gazettenet.com,20180921T143000Z,English,United States
reforestation,forestation,"brandchannel : Heineken Shakes Things Up With Female CEO in US , Dropped Tagline",https://www.brandchannel.com/2018/09/19/heineken-shakes-things-female-ceo-us-dropped-tagline/,brandchannel.com,20180919T173000Z,English,United States
reforestation,forestation,Science : Greenhouse gas removal could make united kingdom carbon neutral by 2050 [ Report ],http://infosurhoy.com/cocoon/saii/xhtml/en_GB/science/science-greenhouse-gas-removal-could-make-uk-carbon-neutral-by-2050-report/,infosurhoy.com,20180916T031500Z,English,United States
reforestation,forestation,Postcards from The Brink,https://www.richlandsource.com/area_history/postcards-from-the-brink/article_60970e9d-0931-5a94-af3e-2a3585cdab80.html,richlandsource.com,20180914T193000Z,English,United States
reforestation,forestation,North and South Korea open first liaison office,https://article.wn.com/view/2018/09/14/North_and_South_Korea_open_first_liaison_office/,article.wn.com,20180914T120000Z,English,United States
reforestation,forestation,Greenhouse gas removal could make united kingdom carbon neutral by 2050,https://phys.org/wire-news/298200636/greenhouse-gas-removal-could-make-uk-carbon-neutral-by-2050.html,phys.org,20180912T141500Z,English,United States
reforestation,forestation,UK could be carbon neutral by 2050 says ambitious new report,https://phys.org/news/2018-09-uk-carbon-neutral-ambitious.html,phys.org,20180912T134500Z,English,United States
reforestation,forestation,Kenyans Are Replanting Forests With Slingshots and Hot Air Balloons,https://www.globalcitizen.org/en/content/kenya-tree-planting-reforestation/,globalcitizen.org,20180910T154500Z,English,United States
reforestation,forestation,"Discovering Denbigh | News , Sports , Jobs - Minot Daily News",http://www.minotdailynews.com/news/local-news/2018/09/discovering-denbigh/,minotdailynews.com,20180910T080000Z,English,United States
reforestation,forestation,"Discovering Denbigh - ThePierceCountyTribune . com | Rugby , Pierce County and North Dakota news , sports and information",http://www.thepiercecountytribune.com/page/content.detail/id/533791/Discovering-Denbigh.html,thepiercecountytribune.com,20180908T080000Z,English,United States
reforestation,forestation,Racing ! Youre going to love some of these steward rulings,http://www.latimes.com/sports/more/la-sp-horse-racing-newsletter-20180906-htmlstory.html,latimes.com,20180907T123000Z,English,United States
reforestation,forestation,Australia is not on track to reach 2030 Paris target ( but the potential is there ),https://phys.org/news/2018-09-australia-track-paris-potential.html,phys.org,20180906T144500Z,English,United States
reforestation,forestation,Science study : Rising CO2 producing  miracle  re - greening effects across the planet as global tree cover rapidly EXPANDS,http://revolutionradio.org/2018/09/05/science-study-rising-co2-producing-miracle-re-greening-effects-across-the-planet-as-global-tree-cover-rapidly-expands/,revolutionradio.org,20180905T223000Z,English,United States
reforestation,forestation,Science study : Rising CO2 producing  miracle  re - greening effects across the planet as global tree cover rapidly EXPANDS,https://www.naturalnews.com/2018-09-05-science-study-rising-co2-producing-miracle-re-greening-effects-across-the-planet.html,naturalnews.com,20180905T214500Z,English,United States
reforestation,forestation,"How to make L . A . better ? Readers say more green , less driving",http://www.latimes.com/projects/la-me-lopez-la-better-worse/,latimes.com,20180901T173000Z,English,United States
reforestation,forestation,"Wildlife Wonderment , Part 4 : Panda Power",http://www.myneworleans.com/Blogs/Let-Them-Eat-Cake/November-2018/Wildlife-Wonderment-Part-4-Panda-Power/,myneworleans.com,20181129T171500Z,English,United States
reforestation,forestation,"Combating Climate Change : Advice from a Fellow of the Royal Society , England National Academy of Science , Which Launched on This Day in 1660",http://blogs.discovermagazine.com/citizen-science-salon/2018/11/28/combating-climate-change-advice-from-a-fellow-of-the-royal-society-englands-national-academy-of-science-which-launched-on-this-day-in-1660/,blogs.discovermagazine.com,20181128T123000Z,English,United States
reforestation,forestation,Nature offers most cost - effective solution for climate change,https://communitynewspapers.com/florida-international-university/nature-offers-most-cost-effective-solution-for-climate-change/,communitynewspapers.com,20181127T203000Z,English,United States
reforestation,forestation,Ann McFeatters : Yellowstone is a jewel worth saving,https://mtstandard.com/opinion/columnists/ann-mcfeatters-yellowstone-is-a-jewel-worth-saving/article_405cd56f-2679-5967-a8d9-4698b18f95f1.html,mtstandard.com,20181126T144500Z,English,United States
reforestation,forestation,Yellowstone is a jewel worth saving,https://missoulian.com/opinion/yellowstone-is-a-jewel-worth-saving/article_37cc30df-8d79-57cb-a216-60b82591a7ea.html,missoulian.com,20181125T143000Z,English,United States
reforestation,forestation,Yellowstone is a jewel worth saving,https://www.wvnews.com/theet/theet/opinion/columns/yellowstone-is-a-jewel-worth-saving/article_86d33784-8da3-5bdb-8101-cf9613e5b64c.html,wvnews.com,20181125T063000Z,English,United States
reforestation,forestation,Ann McFeatters : Yellowstone is a jewel worth saving,https://www.decaturdaily.com/opinion/columnists/ann-mcfeatters-yellowstone-is-a-jewel-worth-saving/article_cb3792b6-9cdf-5acd-90fb-101368f7716e.html,decaturdaily.com,20181124T093000Z,English,United States
reforestation,forestation,Ann McFeatters - Yellowstone is a jewel worth saving,https://www.crescent-news.com/opinion/opinion_columnists/ann-mcfeatters---yellowstone-is-a-jewel-worth-saving/article_0fd1cb59-d78d-589a-a3fa-b5352dece216.html,crescent-news.com,20181123T144500Z,English,United States
reforestation,forestation,Ann McFeatters : Yellowstone is a jewel worth saving,https://chippewa.com/opinion/columnists/ann-mcfeatters-yellowstone-is-a-jewel-worth-saving/article_ef9ece92-ea8c-5972-9dfd-e3d2534bd0bd.html,chippewa.com,20181123T101500Z,English,United States
reforestation,forestation,Ann McFeatters : Yellowstone is a jewel worth saving,https://lacrossetribune.com/opinion/columnists/ann-mcfeatters-yellowstone-is-a-jewel-worth-saving/article_6d6437dc-9d20-56e3-8b6d-11749f275c05.html,lacrossetribune.com,20181123T084500Z,English,United States
reforestation,forestation,Myrtle Grove wildlife area gets new addition,http://www.somdnews.com/independent/news/local/myrtle-grove-wildlife-area-gets-new-addition/article_cc775a6b-c836-5abb-bcb7-8157bb079dbc.html,somdnews.com,20181123T053000Z,English,United States
reforestation,forestation,Yellowstone National Park is a jewel worth saving,https://www.newsday.com/opinion/commentary/yellowstone-national-park-is-a-jewel-worth-saving-1.23623964,newsday.com,20181121T211500Z,English,United States
reforestation,forestation,"Majesty of the Seas 2 day visit to Havana , Cuba - Majesty of the Seas Review",https://www.cruisecritic.com/memberreviews/memberreview.cfm?EntryID=639285,cruisecritic.com,20181121T161500Z,English,United States
reforestation,forestation,Yellowstone is a jewel worth saving,https://www.cecildaily.com/opinion/columns/yellowstone-is-a-jewel-worth-saving/article_2c19f5b5-e420-5228-b53d-8e2fbce60455.html,cecildaily.com,20181121T020000Z,English,United States
reforestation,forestation,Ann McFeatters : Yellowstone is a jewel worth saving,https://www.joplinglobe.com/opinion/columns/ann-mcfeatters-yellowstone-is-a-jewel-worth-saving/article_2636ff52-6320-5dd2-8023-b46516c9f6f2.html,joplinglobe.com,20181121T003000Z,English,United States
reforestation,forestation,Yellowstone is a jewel worth saving,https://azdailysun.com/opinion/columnists/yellowstone-is-a-jewel-worth-saving/article_56985c46-d583-51e6-a328-480b40ba1bf9.html,azdailysun.com,20181121T001500Z,English,United States
reforestation,forestation,China in the Xi Era,https://dinmerican.wordpress.com/2018/11/20/china-in-the-xi-era/,dinmerican.wordpress.com,20181120T010000Z,English,United States
reforestation,forestation,Local chapter of DAR is living history,https://www.citizensvoice.com/arts-living/local-chapter-of-dar-is-living-history-1.2411139,citizensvoice.com,20181118T173000Z,English,United States
reforestation,forestation,Arts & Living - Citizen Voice,https://www.citizensvoice.com/arts-living/1.2411139,citizensvoice.com,20181118T130000Z,English,United States
reforestation,forestation,Racing ! A handicapping lesson from Rob Henie,http://www.latimes.com/sports/more/la-sp-horse-racing-newsletter-20181116-htmlstory.html,latimes.com,20181117T141500Z,English,United States
reforestation,forestation,Racing ! Interesting stat on Accelerate,http://www.latimes.com/sports/more/la-sp-horse-racing-newsletter-20181115-htmlstory.html,latimes.com,20181116T141500Z,English,United States
reforestation,forestation,32 family events in Denver this week | Mile High Mamas,https://www.milehighmamas.com/blog/2018/11/15/32-family-activities-in-denver-this-week/,milehighmamas.com,20181115T153000Z,English,United States
reforestation,forestation,Re - forestation project drills response from community - News - Topsail Advertiser,https://www.topsailadvertiser.com/news/20181114/re-forestation-project-drills-response-from-community,topsailadvertiser.com,20181114T221500Z,English,United States
reforestation,forestation,Re - forestation project drills response from community - News - The Daily News,https://www.jdnews.com/news/20181114/re-forestation-project-drills-response-from-community,jdnews.com,20181114T193000Z,English,United States
reforestation,forestation,Re - forestation project drills response from community - News - Wilmington Star News,https://www.starnewsonline.com/news/20181114/re-forestation-project-drills-response-from-community,starnewsonline.com,20181114T173000Z,English,United States
reforestation,forestation,Re - forestation project drills response from community - News - Topsail Advertiser,http://www.topsailadvertiser.com/news/20181114/re-forestation-project-drills-response-from-community,topsailadvertiser.com,20181114T171500Z,English,United States
reforestation,forestation,Re - forestation project drills response from community - News - The Daily News,http://www.jdnews.com/news/20181114/re-forestation-project-drills-response-from-community,jdnews.com,20181114T150000Z,English,United States
reforestation,forestation,What the Arizona Senate Race Tells Us About Our Culture,https://www.rushlimbaugh.com/daily/2018/11/12/what-the-arizona-senate-race-tells-us-about-our-culture/,rushlimbaugh.com,20181112T234500Z,English,United States
reforestation,forestation,Auction Date Approaches for 335 - Acre Equestrian Estate in Central New York,https://www.prnewswire.com:443/news-releases/auction-date-approaches-for-335-acre-equestrian-estate-in-central-new-york-300748472.html,prnewswire.com,20181112T193000Z,English,United States
reforestation,forestation,Auction Date Approaches for 335 - Acre Equestrian Estate in Central New York,https://www.prnewswire.com/news-releases/auction-date-approaches-for-335-acre-equestrian-estate-in-central-new-york-300748472.html,prnewswire.com,20181112T191500Z,English,United States
reforestation,forestation,Auction Date Approaches for 335 - Acre Equestrian Estate in Central New York,https://www.marketwatch.com/press-release/auction-date-approaches-for-335-acre-equestrian-estate-in-central-new-york-2018-11-12,marketwatch.com,20181112T191500Z,English,United States
reforestation,forestation,It not forest management that making wildfires so dangerous,http://www.digitaljournal.com/news/environment/it-s-not-forest-management-that-s-making-wildfires-so-dangerous/article/536598,digitaljournal.com,20181111T004500Z,English,United States
reforestation,forestation,"How Green Is Your City ? In Paris , the Answer Is Not Green Enough",https://www.yahoo.com/news/green-city-paris-answer-not-124924602.html,yahoo.com,20181110T173000Z,English,United States
reforestation,forestation,"How Green Is Your City ? In Paris , the Answer Is Not Enough",http://time.com/5439996/paris-greenery-canopy-cover/,time.com,20181109T134500Z,English,United States
reforestation,forestation,27 fun family events in Denver this week,https://www.milehighmamas.com/blog/2018/11/08/27-fun-family-events-in-denver-this-week/,milehighmamas.com,20181108T124500Z,English,United States
reforestation,forestation,China Creates Largest Man - Made Forest On Top Of The World – OpEd,http://www.eurasiareview.com/07112018-china-creates-largest-man-made-forest-on-top-of-the-world-oped/,eurasiareview.com,20181107T030000Z,English,United States
reforestation,forestation,"Racing ! As expected , monster handle at Santa Anita",http://www.latimes.com/sports/more/la-sp-horse-racing-newsletter-20181104-htmlstory.html,latimes.com,20181105T134500Z,English,United States
reforestation,forestation,Future Shock in the Countryside,https://www.msn.com/en-us/weather/topstories/future-shock-in-the-countryside/ar-BBPgkMR,msn.com,20181102T220000Z,English,United States
reforestation,forestation,43 of Denver best events for families,https://www.milehighmamas.com/blog/2018/11/01/43-of-denvers-best-family-events-this-week/,milehighmamas.com,20181101T113000Z,English,United States
reforestation,forestation,Azorean Startup Is Shifting The Focus Of Island Visitors,https://www.forbes.com/sites/tmullen/2019/01/28/azorean-startup-is-shifting-the-focus-of-island-visitors/,forbes.com,20190128T181500Z,English,United States
reforestation,forestation,Artificial Photosynthesis Could Help Limit Carbon Emissions | Research & Technology | Jan 2019,https://www.photonics.com/Articles/Artificial_Photosynthesis_Could_Help_Limit_Carbon/a64323,photonics.com,20190122T180000Z,English,United States
reforestation,forestation,Will Inslee and state Dems make progress on environment this session ?,https://crosscut.com/2019/01/will-inslee-and-state-dems-make-progress-environment-session,crosscut.com,20190122T173000Z,English,United States
reforestation,forestation,Science : Local weather change : How might synthetic photosynthesis contribute to limiting world warming ? [ Report ],http://infosurhoy.com/cocoon/saii/xhtml/en_GB/science/science-local-weather-change-how-might-synthetic-photosynthesis-contribute-to-limiting-world-warming-report/,infosurhoy.com,20190120T051500Z,English,United States
reforestation,forestation,Technology Game - Changers,https://www.securityinfowatch.com/integrators/article/21038790/technology-gamechangers,securityinfowatch.com,20190118T174500Z,English,United States
reforestation,forestation,Hacettepe University - Museum and Center For Biodiversity / Erkal Architects,https://www.archdaily.com/909531/hacettepe-university-museum-and-center-for-biodiversity-erkal-architects,archdaily.com,20190118T070000Z,English,United States
reforestation,forestation,Hacettepe University - Museum and Center For Biodiversity / Erkal Architects,https://www.archdaily.com/909531/hacettepe-university-museum-and-center-for-biodiversity-erkal-architects/,archdaily.com,20190118T070000Z,English,United States
reforestation,forestation,How could artificial photosynthesis contribute to limiting global warming ?,http://www.terradaily.com/reports/How_could_artificial_photosynthesis_contribute_to_limiting_global_warming_999.html,terradaily.com,20190118T063000Z,English,United States
reforestation,forestation,Climate change : How could artificial photosynthesis contribute to limiting global warming ?,https://phys.org/news/2019-01-climate-artificial-photosynthesis-contribute-limiting.html,phys.org,20190117T140000Z,English,United States
reforestation,forestation,Research : How could artificial photosynthesis contribute to limiting global warming ? Scientists calculate areas needed for forestation and artificial photosynthesis,http://www.tunisiesoir.com/science/research-how-could-artificial-photosynthesis-contribute-to-limiting-global-warming-scientists-calculate-areas-needed-for-forestation-and-artificial-photosynthesis-12091-2019/,tunisiesoir.com,20190117T140000Z,English,United States
reforestation,forestation,Study : Can Artificial Photosynthesis Limit Global Warming ?,https://www.azocleantech.com/news.aspx?newsID=25994,azocleantech.com,20190117T113000Z,English,United States
reforestation,forestation,Forced Responses : Dec 2018,http://www.realclimate.org/index.php/archives/2018/12/forced-responses-dec-2018/comment-page-11/,realclimate.org,20190117T083000Z,English,United States
reforestation,forestation,Climate change : How could artificial photosynthesis contribute to limiting global warming ? Scientists calculate areas needed for forestation and artificial photosynthesis,https://www.sciencedaily.com/releases/2019/01/190116111011.htm,sciencedaily.com,20190116T204500Z,English,United States
reforestation,forestation,Climate change : How could artificial photosynthesis contribute to limiting global warming ?,https://www.eurekalert.org/pub_releases/2019-01/hbfm-cch011619.php,eurekalert.org,20190116T160000Z,English,United States
reforestation,forestation,Planet Group Ends 2018 With a New Round of Capital Injection Consisting of €34 Million From Equity Investors,https://www.prnewswire.com:443/news-releases/planet-group-ends-2018-with-a-new-round-of-capital-injection-consisting-of-eur34-million-from-equity-investors-880571663.html,prnewswire.com,20190116T124500Z,English,United States
reforestation,forestation,Planet Group Ends 2018 With a New Round of Capital Injection Consisting of €34 Million From Equity Investors,https://www.marketwatch.com/press-release/planet-group-ends-2018-with-a-new-round-of-capital-injection-consisting-of-34-million-from-equity-investors-2019-01-16,marketwatch.com,20190116T123000Z,English,United States
reforestation,forestation,"Deer habitat , survival skills discussed in Basking Ridge",https://www.newjerseyhills.com/bernardsville_news/news/deer-habitat-survival-skills-discussed-in-basking-ridge/article_ec80d913-7e99-527a-9fe8-90d099c5f2ea.html,newjerseyhills.com,20190116T103000Z,English,United States
reforestation,forestation,Racing ! Time to say goodbye to roulette,http://www.latimes.com/sports/more/la-sp-horse-racing-newsletter-20190113-htmlstory.html,latimes.com,20190114T134500Z,English,United States
reforestation,forestation,JAM SESSION : Economic development - News - Wicked Local Plymouth,http://plymouth.wickedlocal.com/news/20190112/jam-session-economic-development,plymouth.wickedlocal.com,20190112T124500Z,English,United States
reforestation,forestation,"Book Review : The Sustainable State : The Future of Government , Economy and Society",https://dinmerican.wordpress.com/2019/01/12/book-review-the-sustainable-state-the-future-of-government-economy-and-society-2/,dinmerican.wordpress.com,20190112T070000Z,English,United States
reforestation,forestation,Florence students can learn to fly drones,https://www.scnow.com/news/education/article_e3fe1466-1606-11e9-aef2-2795d664c3d7.html,scnow.com,20190112T020000Z,English,United States
reforestation,forestation,Incredible Forest  Crop Circle Appear in Japan,https://www.thevintagenews.com/2019/01/11/crop-circles/,thevintagenews.com,20190111T161500Z,English,United States
reforestation,forestation,"Plant a tree : Milan ambitious plans to be cleaner , greener",https://www.tweentribune.com/article/teen/plant-tree-milans-ambitious-plans-be-cleaner-greener/,tweentribune.com,20190103T201500Z,English,United States
reforestation,forestation,"Plant a tree : Milan ambitious plans to be cleaner , greener",https://www.tweentribune.com/article/junior/plant-tree-milans-ambitious-plans-be-cleaner-greener/,tweentribune.com,20190103T201500Z,English,United States
reforestation,forestation,"Plant a tree : Milan ambitious plans to be cleaner , greener",https://www.tweentribune.com/article/tween78/plant-tree-milans-ambitious-plans-be-cleaner-greener/,tweentribune.com,20190103T201500Z,English,United States
reforestation,forestation,"Plant a tree : Milan ambitious plans to be cleaner , greener",https://www.tweentribune.com/article/tween56/plant-tree-milans-ambitious-plans-be-cleaner-greener/,tweentribune.com,20190103T201500Z,English,United States
reforestation,forestation,Sven Explains : Monarch conservation efforts,https://www.kare11.com/article/news/sven-explains-monarch-conservation-efforts/89-cc6dfc90-a60a-4ffa-9c40-490286d4b056,kare11.com,20190301T221500Z,English,United States
reforestation,forestation,3 dead as dozens trapped heard  screaming for help  after illegal Indonesian gold mine collapses,https://www.kmov.com/news/dead-as-dozens-trapped-heard-screaming-for-help-after-illegal/article_1faaaf94-f870-543f-ba30-9820539f9d03.html,kmov.com,20190228T141500Z,English,United States
reforestation,forestation,Museum Monday : Iles Grove 134 years old and the last of its kind,https://www.craigdailypress.com/news/iles-grove-134-years-old-and-the-last-of-its-kind/,craigdailypress.com,20190228T120000Z,English,United States
reforestation,forestation,3 dead as dozens trapped heard  screaming for help  after illegal Indonesian gold mine collapses,https://www.wfsb.com/dead-as-dozens-trapped-heard-screaming-for-help-after-illegal/article_93ac1c6a-e17a-563a-b911-51c6ea830f63.html,wfsb.com,20190228T074500Z,English,United States
reforestation,forestation,3 dead as dozens trapped heard  screaming for help  after illegal Indonesian gold mine collapses,https://www.fox5vegas.com/dead-as-dozens-trapped-heard-screaming-for-help-after-illegal/article_d5ef7cef-21dc-55e5-b93d-0f1a22fcfe63.html,fox5vegas.com,20190228T040000Z,English,United States
reforestation,forestation,3 dead as dozens trapped heard  screaming for help  after illegal Indonesian gold mine collapses,https://www.azfamily.com/dead-as-dozens-trapped-heard-screaming-for-help-after-illegal/article_ff1c2f28-797b-5cb3-b930-d7fe5ab31b68.html,azfamily.com,20190228T040000Z,English,United States
reforestation,forestation,3 dead as dozens trapped heard  screaming for help  after illegal Indonesian gold mine collapses,https://www.kctv5.com/dead-as-dozens-trapped-heard-screaming-for-help-after-illegal/article_605f69ec-b9c9-555a-9022-91a6794826f9.html,kctv5.com,20190228T040000Z,English,United States
reforestation,forestation,Landslide in Indonesia leaves  dozen of illegal gold miners feared trapped,https://edition.cnn.com/2019/02/26/asia/indonesia-landslide-gold-mine-intl/,edition.cnn.com,20190227T191500Z,English,United States
reforestation,forestation,3 dead as dozens trapped heard  screaming for help  after illegal Indonesian gold mine collapses,https://ktvq.com/cnn-asia-pacific/2019/02/27/1-dead-and-dozens-feared-trapped-after-landslide-engulfs-illegal-indonesian-gold-mine/,ktvq.com,20190227T120000Z,English,United States
reforestation,forestation,3 dead as dozens trapped heard  screaming for help  after illegal Indonesian gold mine collapses,https://kxlh.com/cnn-asia-pacific/2019/02/27/1-dead-and-dozens-feared-trapped-after-landslide-engulfs-illegal-indonesian-gold-mine/,kxlh.com,20190227T093000Z,English,United States
reforestation,forestation,3 dead as dozens trapped heard  screaming for help  after illegal Indonesian gold mine collapses,https://krtv.com/cnn-asia-pacific/2019/02/27/1-dead-and-dozens-feared-trapped-after-landslide-engulfs-illegal-indonesian-gold-mine/,krtv.com,20190227T084500Z,English,United States
reforestation,forestation,3 dead as dozens trapped heard  screaming for help  after illegal Indonesian gold mine collapses,https://kxlf.com/cnn-asia-pacific/2019/02/27/1-dead-and-dozens-feared-trapped-after-landslide-engulfs-illegal-indonesian-gold-mine/,kxlf.com,20190227T083000Z,English,United States
reforestation,forestation,Letters : No Net Loss bill would help save Maryland forests ; A resident police chief ; and searching for moral capitalism,http://www.capitalgazette.com/opinion/letters/ac-ce-letters-20190227-story.html,capitalgazette.com,20190226T220000Z,English,United States
reforestation,forestation,Can Oil Companies Grow -- And Cut Greenhouse Gas Emissions ?,https://www.forbes.com/sites/woodmackenzie/2019/02/22/can-oil-companies-grow-and-cut-greenhouse-gas-emissions/,forbes.com,20190222T113000Z,English,United States
reforestation,forestation,Peeking into the Past : Communists get stern warning from WWII veterans,https://www.psdispatch.com/features/66895/peeking-into-the-past-communists-get-stern-warning-from-wwii-veterans,psdispatch.com,20190221T234500Z,English,United States
reforestation,forestation,Time to close the loopholes on Md . forest conservation law,http://www.baltimoresun.com/news/opinion/oped/bs-ed-op-0222-forest-conservation-20190221-story.html,baltimoresun.com,20190221T180000Z,English,United States
reforestation,forestation,Death of the gods : The woeful response to kauri dieback disease,http://www.msn.com/en-nz/news/national/death-of-the-gods-the-woeful-response-to-kauri-dieback-disease/ar-BBTRmhg,msn.com,20190220T181500Z,English,United States
reforestation,forestation,"Gene Blog : A trip like no other , to a place still in a bad way",http://www.wtmj.com/shows/wisconsins-morning-news/gene-s-blog-a-trip-like-no-other-to-a-place-still-in-a-bad-way/1025053420,wtmj.com,20190217T193000Z,English,United States
reforestation,forestation,Horse Racing| NCAA buzzer - beater| Gaming Today,https://www.gamingtoday.com/article/80912-Noting_track_bias_is_a_daily_chore,gamingtoday.com,20190213T153000Z,English,United States
reforestation,forestation,"Global Warming – Since When , and Says Who ? – The Tribune Papers - Breaking News & Top Local Stories",http://www.thetribunepapers.com/2019/02/10/global-warming-since-when-and-says-who/,thetribunepapers.com,20190211T174500Z,English,United States
reforestation,forestation,Racing ! Rob Henie is back with a handicapping lesson,http://www.latimes.com/sports/more/la-sp-horse-racing-newsletter-20190208-htmlstory.html,latimes.com,20190209T133000Z,English,United States
reforestation,forestation,"Veteran , Former Teacher Gilbert Takes Early Lead In 20th NHC - Horse Racing News",https://www.paulickreport.com/horseplayers-category/veteran-former-teacher-gilbert-takes-early-lead-in-20th-nhc/,paulickreport.com,20190209T071500Z,English,United States
reforestation,forestation,Racing ! Jon White updates his Kentucky Derby top 10,http://www.latimes.com/sports/more/la-sp-horse-racing-newsletter-20190207-htmlstory.html,latimes.com,20190208T143000Z,English,United States
reforestation,forestation,"Northern Indiana Artists show feeds off the bustle , provides calm at Kroc Center i",https://www.southbendtribune.com/entertainment/inthebend/arts/northern-indiana-artists-show-feeds-off-the-bustle-provides-calm/article_26461d38-891e-5f6a-8683-5982a768a75c.html,southbendtribune.com,20190206T124500Z,English,United States
reforestation,forestation,Hermano Juancito : A lost month ?,https://hermanojuancito.blogspot.com/2019/02/a-lost-month.html,hermanojuancito.blogspot.com,20190204T181500Z,English,United States
reforestation,forestation,Add new comment | Ancient Origins,https://www.ancient-origins.net/comment/reply/11421,ancient-origins.net,20190202T013000Z,English,United States
reforestation,forestation,Colonization of the Americas Caused Climatic Change,https://www.ancient-origins.net/news-history-archaeology/colonization-americas-caused-climatic-change-0011421,ancient-origins.net,20190202T013000Z,English,United States
reforestation,forestation,Kelicia Rice named executive director of Great Meadow Foundation,https://www.fauquier.com/news/kelicia-rice-named-executive-director-of-great-meadow-foundation/article_ae0fb97a-54d3-11e9-b7cb-8fc06e7d4ba3.html,fauquier.com,20190402T000000Z,English,United States
reforestation,forestation,Negotiate an international climate change agreement at the Hutchinson Center,https://www.penbaypilot.com/affiliate-post/negotiate-international-climate-change-agreement-hutchinson-center/115926,penbaypilot.com,20190401T221500Z,English,United States
reforestation,forestation,Native Son : The American Chestnut at Malabar Farm,https://www.richlandsource.com/area_history/native-son-the-american-chestnut-at-malabar-farm/article_aaa049d8-4d7d-11e4-8251-3c4a92f391a4.html,richlandsource.com,20190401T204500Z,English,United States
reforestation,forestation,AMPAC united states : Seawater Desalination and Natural Resource Audit - Press Release,http://www.digitaljournal.com/pr/4232982,digitaljournal.com,20190330T150000Z,English,United States
reforestation,forestation,Experts examine strengths and weaknesses of the Green New Deal,https://earth.stanford.edu/news/experts-examine-strengths-and-weaknesses-green-new-deal,earth.stanford.edu,20190330T074500Z,English,United States
reforestation,forestation,Rob Banner resigns from Great Meadow Foundation,https://www.fauquier.com/news/rob-banner-resigns-from-great-meadow-foundation/article_0b654ad6-5254-11e9-929f-37189033aa7d.html,fauquier.com,20190329T193000Z,English,United States
reforestation,forestation,Experts discuss strengths and weaknesses of the Green New Deal,https://phys.org/news/2019-03-experts-discuss-strengths-weaknesses-green.html,phys.org,20190329T113000Z,English,United States
reforestation,forestation,Strengths and weaknesses of the Green New Deal,https://news.stanford.edu/2019/03/28/strengths-weaknesses-green-new-deal/,news.stanford.edu,20190329T020000Z,English,United States
reforestation,forestation,How is Arbor Day different than Earth Day ?,http://www.producenews.com/more-floral-articles/floral/26297-how-is-arbor-day-different-than-earth-day,producenews.com,20190328T184500Z,English,United States
reforestation,forestation,UMaine grad students to facilitate simulation of world climate negotiations,https://www.penbaypilot.com/article/umaine-grad-students-facilitate-simulation-world-climate-negotiations/115659,penbaypilot.com,20190327T020000Z,English,United States
reforestation,forestation,Predicted deforestation in Brazil could lead to local temperature increase up to 1 . 45°C,https://yubanet.com/enviro/predicted-deforestation-in-brazil-could-lead-to-local-temperature-increase-up-to-1-45c/,yubanet.com,20190323T013000Z,English,United States
reforestation,forestation,Sneak peak provides window on AIFF 2019,https://mailtribune.com/news/top-stories/sneak-peak-provides-window-on-aiff-2019,mailtribune.com,20190322T010000Z,English,United States
reforestation,forestation,Bernie Sanders : Im Emitting Deadly Gas ! - The Rush Limbaugh Show,https://www.rushlimbaugh.com/daily/2019/03/21/bernie-sanders-im-emitting-deadly-gas-2/,rushlimbaugh.com,20190321T230000Z,English,United States
reforestation,forestation,Penn State senior named one of 10  New Faces of Civil Engineering,https://news.psu.edu/story/564778/2019/03/21/academics/penn-state-senior-named-one-10-new-faces-civil-engineering,news.psu.edu,20190321T201500Z,English,United States
reforestation,forestation,Arbor Day extra special for Belleair Bluffs,https://www.tbnweekly.com/belleair_bee/article_bb1e2358-4bec-11e9-8681-bf7e1b8bed1e.html,tbnweekly.com,20190321T160000Z,English,United States
reforestation,forestation,"Predicted deforestation in Brazil could lead to local temperature increase up to 1 . 45°C : New model quantifies how forest change impacts on sunlight - reflection , evapotranspiration , leading to surface temperature shifts",https://www.sciencedaily.com/releases/2019/03/190320141030.htm,sciencedaily.com,20190321T031500Z,English,United States
reforestation,forestation,Predicted deforestation in Brazil could lead to local temperature increase up to 1 . 45°C,https://eurekalert.org/pub_releases/2019-03/p-pdi031319.php,eurekalert.org,20190321T023000Z,English,United States
reforestation,forestation,Predicted deforestation in Brazil could lead to local temperature increase up to 1 . 45°C,https://www.eurekalert.org/pub_releases/2019-03/p-pdi031319.php,eurekalert.org,20190320T211500Z,English,United States
reforestation,forestation,Predicted deforestation in Brazil could lead to local temperature increase up to 1 . 45 C,https://phys.org/news/2019-03-deforestation-brazil-local-temperature.html,phys.org,20190320T190000Z,English,United States
reforestation,forestation,Climate Change : Brazilian Deforestation Will Cause Local Warming of 1 . 45 °C,https://www.inverse.com/article/54212-climate-change-deforestation-amazon-regions,inverse.com,20190320T183000Z,English,United States
reforestation,forestation,Mutiny : Island Vodka ( Made from Breadfruit ),https://repeatingislands.com/2019/03/20/mutiny-island-vodka-made-from-breadfruit/,repeatingislands.com,20190320T070000Z,English,United States
reforestation,forestation,"Response of the daily transpiration of a larch plantation to variation in potential evaporation , leaf area index and soil moisture",https://www.nature.com/articles/s41598-019-41186-1,nature.com,20190318T123000Z,English,United States
reforestation,forestation,Stefano Boeri Architetti Creates a Vertical Forest for Tirana 2030 Master Plan,https://www.archdaily.com/913340/stefano-boeri-architetti-creates-a-vertical-forest-for-tirana-2030-master-plan,archdaily.com,20190318T113000Z,English,United States
reforestation,forestation,Stefano Boeri Architetti Creates a Vertical Forest for Tirana 2030 Master Plan,https://www.archdaily.com/913340/stefano-boeri-architetti-creates-a-vertical-forest-for-tirana-2030-master-plan/,archdaily.com,20190318T113000Z,English,United States
reforestation,forestation,"Yes , Im  getting ready for spring . As a gardener , I never stopped .",https://www.thegazette.com/subject/life/home-and-garden/yes-im-getting-ready-for-spring-as-a-gardener-i-never-stopped-20190316,thegazette.com,20190317T040000Z,English,United States
reforestation,forestation,Letters :  Our hearts are breaking  in response to Christchurch shooting ; Annapolis forestation law will work and more from readers,http://www.capitalgazette.com/opinion/letters/ac-ce-letters-20190317-story.html,capitalgazette.com,20190316T193000Z,English,United States
reforestation,forestation,"Yes , Im  getting ready for spring . As a gardener , I never stopped .",https://napavalleyregister.com/lifestyles/home-and-garden/yes-i-m-getting-ready-for-spring-as-a-gardener/article_187a70c0-5d9a-5ea9-98d9-64217acc254e.html,napavalleyregister.com,20190316T091500Z,English,United States
reforestation,forestation,"Yes , Im  getting ready for spring . As a gardener , I never stopped .",https://www.thetelegraph.com/lifestyle/article/Yes-I-m-getting-ready-for-spring-As-a-13685180.php,thetelegraph.com,20190313T164500Z,English,United States
reforestation,forestation,"Yes , Im  getting ready for spring . As a gardener , I never stopped .",https://www.sfgate.com/lifestyle/article/Yes-I-m-getting-ready-for-spring-As-a-13685180.php,sfgate.com,20190313T161500Z,English,United States
reforestation,forestation,"Yes , Im  getting ready for spring . I never stopped .",https://www.washingtonpost.com/lifestyle/home/yes-im-getting-ready-for-spring-i-never-stopped/2019/03/11/4903eb9e-4120-11e9-9361-301ffb5bd5e6_story.html,washingtonpost.com,20190313T124500Z,English,United States
reforestation,forestation,Public Concessions or Public Economy ?,https://www.msn.com/en-xl/news/other/public-concessions-or-public-economy/ar-BBUHEwQ,msn.com,20190313T070000Z,English,United States
reforestation,forestation,RIGHTS OF WAY,https://landscapearchitecturemagazine.org/2019/03/12/rights-of-way/,landscapearchitecturemagazine.org,20190312T150000Z,English,United States
reforestation,forestation,Rick Scobey :  mobilizing investment is a top priority  to end deforestation in cocoa sector,https://www.confectionerynews.com/Article/2019/03/08/Rick-Scobey-mobilizing-investment-is-a-top-priority-to-end-deforestation-in-cocoa-sector,confectionerynews.com,20190308T144500Z,English,United States
reforestation,forestation,City seeks $500K grant to boost riverfront parks,https://www.yumasun.com/news/city-seeks-k-grant-to-boost-riverfront-parks/article_76fbe58a-4141-11e9-b5b8-af0215b4311d.html,yumasun.com,20190308T044500Z,English,United States
reforestation,forestation,Expert  preache to Vatican on geoengineering to combat climate change,https://cruxnow.com/interviews/2019/03/07/expert-preaches-to-vatican-on-geoengineering-to-combat-climate-change/,cruxnow.com,20190307T101500Z,English,United States
reforestation,forestation,Angry Bear » Climate change is the detonation of the Population Bomb,https://angrybearblog.com/2019/03/climate-change-is-the-detonation-of-the-population-bomb.html,angrybearblog.com,20190305T154500Z,English,United States
reforestation,forestation,"We can be a carbon - neutral nation by 2050 , if we just get on with it",http://www.econotimes.com/We-can-be-a-carbon-neutral-nation-by-2050-if-we-just-get-on-with-it-1505495,econotimes.com,20190304T181500Z,English,United States
reforestation,forestation,"Marianas Variety - Japan non - profit group donates cash for Saipan , Tinian typhoon recovery",http://www.mvariety.com/cnmi/cnmi-news/local/111084-japan-non-profit-group-donates-cash-for-saipan-tinian-typhoon-recovery,mvariety.com,20190304T171500Z,English,United States
reforestation,forestation,How Australia can be a carbon - neutral nation by 2050,https://phys.org/news/2019-03-australia-carbon-neutral-nation.html,phys.org,20190304T144500Z,English,United States
reforestation,forestation,Archangel Ancient Tree Archive Receives Significant Grant,https://www.marketwatch.com/press-release/archangel-ancient-tree-archive-receives-significant-grant-2019-03-04,marketwatch.com,20190304T140000Z,English,United States
reforestation,forestation,Archangel Ancient Tree Archive Receives Significant Grant,https://www.prnewswire.com:443/news-releases/archangel-ancient-tree-archive-receives-significant-grant-300805361.html,prnewswire.com,20190304T140000Z,English,United States
reforestation,forestation,The Bonddad Blog : Climate change is the detonation of the Population Bomb,https://bonddad.blogspot.com/2019/03/climate-change-is-detonation-of.html,bonddad.blogspot.com,20190303T150000Z,English,United States
reforestation,forestation,Inside Philanthropy - Main Inside Philanthropy,https://www.insidephilanthropy.com/home?author=5a9dec630d9297a08201bd73,insidephilanthropy.com,20190303T040000Z,English,United States
reforestation,forestation,Sven Explains : Monarch conservation efforts,https://www.kare11.com/article/news/sven-explains-monarch-conservation-efforts/89-cc6dfc90-a60a-4ffa-9c40-490286d4b056,kare11.com,20190301T221500Z,English,United States
reforestation,forestation,Oscha Slings and Organic Woven Wraps - Perfect for The Fourth Trimester and Beyond,http://www.mothering.com/articles/oscha-slings-and-organic-woven-wraps-perfect-for-the-fourth-trimester-and-beyond/,mothering.com,20190501T170000Z,English,United States
reforestation,forestation,Carbon Feedback Loops in Permafrost - Renewables - Oil Price Community,https://community.oilprice.com/topic/5762-carbon-feedback-loops-in-permafrost/,community.oilprice.com,20190501T154500Z,English,United States
reforestation,forestation,RJD Green Announces Financial Results for the Three Months Ended February 2019 With Net Operating Profit for 2019 Q2 Increasing by 34 . 4 % Over Q2 2018,http://www.globenewswire.com/news-release/2019/04/30/1812649/0/en/RJD-Green-Announces-Financial-Results-for-the-Three-Months-Ended-February-2019-With-Net-Operating-Profit-for-2019-Q2-Increasing-by-34-4-Over-Q2-2018.html,globenewswire.com,20190430T141500Z,English,United States
reforestation,forestation,– Beto ORourke $5 Trillion Climate Crisis Plan,http://ens-newswire.com/2019/04/29/beto-orourkes-5-trillion-climate-crisis-plan/,ens-newswire.com,20190430T010000Z,English,United States
reforestation,forestation,Politics News - 1540 WADK Newport,http://wadk.com/politics-news/ea59d34ef56010c470525aeb6d73b03b,wadk.com,20190430T001500Z,English,United States
reforestation,forestation,Syndicated Article – WIBW News Now,http://www.wibwnewsnow.com/syndicated-article/?id=951980,wibwnewsnow.com,20190429T230000Z,English,United States
reforestation,forestation,Political - Carroll Broadcasting Inc .,http://wkjc.com/political-news/ea59d34ef56010c470525aeb6d73b03b,wkjc.com,20190429T221500Z,English,United States
reforestation,forestation,"Beto ORourke rolls out $5 trillion plan to combat climate change , a pivotal 2020 issue for Democrats",http://www.940wfaw.com/news/beto-orourke-rolls-out-5-trillion-plan-to-combat-climate-change-a-pivotal-2020-issue-for-democrats/,940wfaw.com,20190429T213000Z,English,United States
reforestation,forestation,Politics - HITS FM,http://hitsfm.net/abc-politics-news/ea59d34ef56010c470525aeb6d73b03b,hitsfm.net,20190429T213000Z,English,United States
reforestation,forestation,ABC Politics - WOND,http://wondradio.com/abc-politics/ea59d34ef56010c470525aeb6d73b03b,wondradio.com,20190429T211500Z,English,United States
reforestation,forestation,"Beto ORourke rolls out $5 trillion plan to combat climate change , a pivotal 2020 issue for Democrats - Politics News",http://abcnewsradioonline.com/politics-news/beto-orourke-rolls-out-5-trillion-plan-to-combat-climate-cha.html,abcnewsradioonline.com,20190429T200000Z,English,United States
reforestation,forestation,"Beto ORourke rolls out $5 trillion plan to combat climate change , a pivotal 2020 issue for Democrats",http://sandhillsexpress.com/abc_politics/beto-orourke-rolls-out-5-trillion-plan-to-combat-climate-change-a-pivotal-2020-issue-for-democrats-abcid36179639/,sandhillsexpress.com,20190429T200000Z,English,United States
reforestation,forestation,ORourke releases plan to fight climate change with $5 trillion investment and net - zero emissions by 2050,http://www.newsradio1029.com/news/orourke-releases-plan-to-fight-climate-change-with-5-trillion-investment-and-net-zero-emissions-by-2050/,newsradio1029.com,20190429T191500Z,English,United States
reforestation,forestation,ORourke releases plan to fight climate change with $5 trillion investment and net - zero emissions by 2050,http://www.790business.com/news/orourke-releases-plan-to-fight-climate-change-with-5-trillion-investment-and-net-zero-emissions-by-2050/,790business.com,20190429T191500Z,English,United States
reforestation,forestation,ORourke releases plan to fight climate change with $5 trillion investment and net - zero emissions by 2050,http://www.klik1240.com/news/orourke-releases-plan-to-fight-climate-change-with-5-trillion-investment-and-net-zero-emissions-by-2050/,klik1240.com,20190429T191500Z,English,United States
reforestation,forestation,ORourke releases plan to fight climate change with $5 trillion investment and net - zero emissions by 2050,http://www.firstlightradio.com/news/orourke-releases-plan-to-fight-climate-change-with-5-trillion-investment-and-net-zero-emissions-by-2050/,firstlightradio.com,20190429T190000Z,English,United States
reforestation,forestation,ORourke releases plan to fight climate change with $5 trillion investment and net - zero emissions by 2050,http://www.wxlm.fm/news/orourke-releases-plan-to-fight-climate-change-with-5-trillion-investment-and-net-zero-emissions-by-2050/,wxlm.fm,20190429T190000Z,English,United States
reforestation,forestation,ORourke releases plan to fight climate change with $5 trillion investment and net - zero emissions by 2050,https://www.abc-7.com/story/40383686/orourke-releases-plan-to-fight-climate-change-with-5-trillion-investment-and-net-zero-emissions-by-2050,abc-7.com,20190429T184500Z,English,United States
reforestation,forestation,ORourke releases plan to fight climate change with $5 trillion investment and net - zero emissions by 2050,http://www.660wxqw.com/news/orourke-releases-plan-to-fight-climate-change-with-5-trillion-investment-and-net-zero-emissions-by-2050/,660wxqw.com,20190429T184500Z,English,United States
reforestation,forestation,ORourke releases plan to fight climate change with $5 trillion investment and net - zero emissions by 2050,http://www.wbap.com/news/orourke-releases-plan-to-fight-climate-change-with-5-trillion-investment-and-net-zero-emissions-by-2050/,wbap.com,20190429T183000Z,English,United States
reforestation,forestation,ORourke releases plan to fight climate change with $5 trillion investment and net - zero emissions by 2050,http://www.newstalk1030.com/news/orourke-releases-plan-to-fight-climate-change-with-5-trillion-investment-and-net-zero-emissions-by-2050/,newstalk1030.com,20190429T183000Z,English,United States
reforestation,forestation,ORourke releases plan to fight climate change with $5 trillion investment and net - zero emissions by 2050,http://www.kkoh.com/news/orourke-releases-plan-to-fight-climate-change-with-5-trillion-investment-and-net-zero-emissions-by-2050/,kkoh.com,20190429T183000Z,English,United States
reforestation,forestation,ORourke releases plan to fight climate change with $5 trillion investment and net - zero emissions by 2050,http://www.kgoradio.com/news/orourke-releases-plan-to-fight-climate-change-with-5-trillion-investment-and-net-zero-emissions-by-2050/,kgoradio.com,20190429T180000Z,English,United States
reforestation,forestation,ORourke releases plan to fight climate change with $5 trillion investment and net - zero emissions by 2050,http://www.supertalk1570.com/news/orourke-releases-plan-to-fight-climate-change-with-5-trillion-investment-and-net-zero-emissions-by-2050/,supertalk1570.com,20190429T180000Z,English,United States
reforestation,forestation,ORourke releases plan to fight climate change with $5 trillion investment and net - zero emissions by 2050,http://www.1590walg.com/news/orourke-releases-plan-to-fight-climate-change-with-5-trillion-investment-and-net-zero-emissions-by-2050/,1590walg.com,20190429T174500Z,English,United States
reforestation,forestation,ORourke releases plan to fight climate change with $5 trillion investment and net - zero emissions by 2050,http://www.marklevinshow.com/news/orourke-releases-plan-to-fight-climate-change-with-5-trillion-investment-and-net-zero-emissions-by-2050/,marklevinshow.com,20190429T173000Z,English,United States
reforestation,forestation,ORourke releases plan to fight climate change with $5 trillion investment and net - zero emissions by 2050,http://www.wvlkam.com/news/orourke-releases-plan-to-fight-climate-change-with-5-trillion-investment-and-net-zero-emissions-by-2050/,wvlkam.com,20190429T173000Z,English,United States
reforestation,forestation,Beto ORourke rolls out $5 trillion plan to combat climate change,https://abcnews.go.com/Politics/beto-orourke-rolls-trillion-plan-combat-climate-change/story?id=62701351,abcnews.go.com,20190429T173000Z,English,United States
reforestation,forestation,ORourke releases plan to fight climate change with $5 trillion investment and net - zero emissions by 2050,http://www.wgow.com/news/orourke-releases-plan-to-fight-climate-change-with-5-trillion-investment-and-net-zero-emissions-by-2050/,wgow.com,20190429T171500Z,English,United States
reforestation,forestation,ORourke releases plan to fight climate change with $5 trillion investment and net - zero emissions by 2050,http://www.997wtn.com/news/orourke-releases-plan-to-fight-climate-change-with-5-trillion-investment-and-net-zero-emissions-by-2050/,997wtn.com,20190429T171500Z,English,United States
reforestation,forestation,ORourke releases plan to fight climate change with $5 trillion investment and net - zero emissions by 2050,http://www.kmaj1440.com/news/orourke-releases-plan-to-fight-climate-change-with-5-trillion-investment-and-net-zero-emissions-by-2050/,kmaj1440.com,20190429T170000Z,English,United States
reforestation,forestation,ORourke releases plan to fight climate change with $5 trillion investment and net - zero emissions by 2050,http://www.klif.com/news/orourke-releases-plan-to-fight-climate-change-with-5-trillion-investment-and-net-zero-emissions-by-2050/,klif.com,20190429T164500Z,English,United States
reforestation,forestation,ORourke releases plan to fight climate change with $5 trillion investment and net - zero emissions by 2050,http://www.newsradio1440.com/news/orourke-releases-plan-to-fight-climate-change-with-5-trillion-investment-and-net-zero-emissions-by-2050/,newsradio1440.com,20190429T163000Z,English,United States
reforestation,forestation,ORourke releases plan to fight climate change with $5 trillion investment and net - zero emissions by 2050,http://www.790wpic.com/news/orourke-releases-plan-to-fight-climate-change-with-5-trillion-investment-and-net-zero-emissions-by-2050/,790wpic.com,20190429T163000Z,English,United States
reforestation,forestation,ORourke releases plan to fight climate change with $5 trillion investment and net - zero emissions by 2050,http://www.wmac-am.com/news/orourke-releases-plan-to-fight-climate-change-with-5-trillion-investment-and-net-zero-emissions-by-2050/,wmac-am.com,20190429T161500Z,English,United States
reforestation,forestation,ORourke releases plan to fight climate change with $5 trillion investment and net - zero emissions by 2050,http://www.wmal.com/news/orourke-releases-plan-to-fight-climate-change-with-5-trillion-investment-and-net-zero-emissions-by-2050/,wmal.com,20190429T161500Z,English,United States
reforestation,forestation,ORourke releases plan to fight climate change with $5 trillion investment and net - zero emissions by 2050,http://www.1490wosh.com/news/orourke-releases-plan-to-fight-climate-change-with-5-trillion-investment-and-net-zero-emissions-by-2050/,1490wosh.com,20190429T161500Z,English,United States
reforestation,forestation,ORourke releases plan to fight climate change with $5 trillion investment and net - zero emissions by 2050,http://www.kabc.com/news/orourke-releases-plan-to-fight-climate-change-with-5-trillion-investment-and-net-zero-emissions-by-2050/,kabc.com,20190429T160000Z,English,United States
reforestation,forestation,ORourke releases plan to fight climate change with $5 trillion investment and net - zero emissions by 2050,http://www.kaok.com/news/orourke-releases-plan-to-fight-climate-change-with-5-trillion-investment-and-net-zero-emissions-by-2050/,kaok.com,20190429T160000Z,English,United States
reforestation,forestation,ORourke releases plan to fight climate change with $5 trillion investment and net - zero emissions by 2050,http://www.wvnn.com/news/orourke-releases-plan-to-fight-climate-change-with-5-trillion-investment-and-net-zero-emissions-by-2050/,wvnn.com,20190429T160000Z,English,United States
reforestation,forestation,ORourke releases plan to fight climate change with $5 trillion investment and net - zero emissions by 2050,http://www.wjcw.com/news/orourke-releases-plan-to-fight-climate-change-with-5-trillion-investment-and-net-zero-emissions-by-2050/,wjcw.com,20190429T154500Z,English,United States
reforestation,forestation,ORourke releases plan to fight climate change with $5 trillion investment and net - zero emissions by 2050,http://www.1290wlby.com/news/orourke-releases-plan-to-fight-climate-change-with-5-trillion-investment-and-net-zero-emissions-by-2050/,1290wlby.com,20190429T154500Z,English,United States
reforestation,forestation,ORourke releases plan to fight climate change with $5 trillion investment and net - zero emissions by 2050,http://www.kvor.com/news/orourke-releases-plan-to-fight-climate-change-with-5-trillion-investment-and-net-zero-emissions-by-2050/,kvor.com,20190429T154500Z,English,United States
reforestation,forestation,ORourke releases plan to fight climate change with $5 trillion investment and net - zero emissions by 2050,http://www.1090kaay.com/news/orourke-releases-plan-to-fight-climate-change-with-5-trillion-investment-and-net-zero-emissions-by-2050/,1090kaay.com,20190429T153000Z,English,United States
reforestation,forestation,ORourke releases plan to fight climate change with $5 trillion investment and net - zero emissions by 2050,http://www.kugn.com/news/orourke-releases-plan-to-fight-climate-change-with-5-trillion-investment-and-net-zero-emissions-by-2050/,kugn.com,20190429T151500Z,English,United States
reforestation,forestation,ORourke releases plan to fight climate change with $5 trillion investment and net - zero emissions by 2050,http://www.wtma.com/news/orourke-releases-plan-to-fight-climate-change-with-5-trillion-investment-and-net-zero-emissions-by-2050/,wtma.com,20190429T151500Z,English,United States
reforestation,forestation,ORourke releases plan to fight climate change with $5 trillion investment and net - zero emissions by 2050,http://www.wgowam.com/news/orourke-releases-plan-to-fight-climate-change-with-5-trillion-investment-and-net-zero-emissions-by-2050/,wgowam.com,20190429T151500Z,English,United States
reforestation,forestation,ORourke releases plan to fight climate change with $5 trillion investment and net - zero emissions by 2050,http://www.wftw.com/news/orourke-releases-plan-to-fight-climate-change-with-5-trillion-investment-and-net-zero-emissions-by-2050/,wftw.com,20190429T150000Z,English,United States
reforestation,forestation,ORourke releases plan to fight climate change with $5 trillion investment and net - zero emissions by 2050,http://www.1050talk.com/news/orourke-releases-plan-to-fight-climate-change-with-5-trillion-investment-and-net-zero-emissions-by-2050/,1050talk.com,20190429T150000Z,English,United States
reforestation,forestation,ORourke releases plan to fight climate change with $5 trillion investment and net - zero emissions by 2050,http://www.kmjnow.com/news/orourke-releases-plan-to-fight-climate-change-with-5-trillion-investment-and-net-zero-emissions-by-2050/,kmjnow.com,20190429T150000Z,English,United States
reforestation,forestation,ORourke releases plan to fight climate change with $5 trillion investment and net - zero emissions by 2050,http://www.wfnc640am.com/news/orourke-releases-plan-to-fight-climate-change-with-5-trillion-investment-and-net-zero-emissions-by-2050/,wfnc640am.com,20190429T150000Z,English,United States
reforestation,forestation,ORourke releases plan to fight climate change with $5 trillion investment and net - zero emissions by 2050,http://www.wlsam.com/news/orourke-releases-plan-to-fight-climate-change-with-5-trillion-investment-and-net-zero-emissions-by-2050/,wlsam.com,20190429T150000Z,English,United States
reforestation,forestation,ORourke releases plan to fight climate change with $5 trillion investment and net - zero emissions by 2050,http://www.wbmq.net/news/orourke-releases-plan-to-fight-climate-change-with-5-trillion-investment-and-net-zero-emissions-by-2050/,wbmq.net,20190429T144500Z,English,United States
reforestation,forestation,ORourke releases plan to fight climate change with $5 trillion investment and net - zero emissions by 2050,http://www.kfru.com/news/orourke-releases-plan-to-fight-climate-change-with-5-trillion-investment-and-net-zero-emissions-by-2050/,kfru.com,20190429T144500Z,English,United States
reforestation,forestation,ORourke releases plan to fight climate change with $5 trillion investment and net - zero emissions by 2050,https://kxlh.com/cnn-us-politics/2019/04/29/orourke-releases-plan-to-fight-climate-change-with-5-trillion-investment-and-net-zero-emissions-by-2050/,kxlh.com,20190429T144500Z,English,United States
reforestation,forestation,ORourke releases plan to fight climate change with $5 trillion investment and net - zero emissions by 2050,http://www.980waav.com/news/orourke-releases-plan-to-fight-climate-change-with-5-trillion-investment-and-net-zero-emissions-by-2050/,980waav.com,20190429T143000Z,English,United States
reforestation,forestation,ORourke releases plan to fight climate change with $5 trillion investment and net - zero emissions by 2050,http://www.wcoapensacola.com/news/orourke-releases-plan-to-fight-climate-change-with-5-trillion-investment-and-net-zero-emissions-by-2050/,wcoapensacola.com,20190429T143000Z,English,United States
reforestation,forestation,ORourke releases plan to fight climate change with $5 trillion investment and net - zero emissions by 2050,http://www.wicc600.com/news/orourke-releases-plan-to-fight-climate-change-with-5-trillion-investment-and-net-zero-emissions-by-2050/,wicc600.com,20190429T143000Z,English,United States
reforestation,forestation,ORourke releases plan to fight climate change with $5 trillion investment and net - zero emissions by 2050,http://www.wjbc.com/news/orourke-releases-plan-to-fight-climate-change-with-5-trillion-investment-and-net-zero-emissions-by-2050/,wjbc.com,20190429T143000Z,English,United States
reforestation,forestation,ORourke releases plan to fight climate change with $5 trillion investment and net - zero emissions by 2050,https://www.cnn.com/2019/04/29/politics/beto-orourke-climate-change-policy/,cnn.com,20190429T141500Z,English,United States
reforestation,forestation,ORourke releases plan to fight climate change with $5 trillion investment and net - zero emissions by 2050,https://krtv.com/cnn-us-politics/2019/04/29/orourke-releases-plan-to-fight-climate-change-with-5-trillion-investment-and-net-zero-emissions-by-2050/,krtv.com,20190429T140000Z,English,United States
reforestation,forestation,ORourke releases plan to fight climate change with $5 trillion investment and net - zero emissions by 2050,https://kpax.com/cnn-us-politics/2019/04/29/orourke-releases-plan-to-fight-climate-change-with-5-trillion-investment-and-net-zero-emissions-by-2050/,kpax.com,20190429T134500Z,English,United States
reforestation,forestation,Gene Elmer Cornell,https://www.argus-press.com/obituaries/article_3d9daa59-e87c-5169-a6f3-3c490b2b442e.html,argus-press.com,20190428T114500Z,English,United States
reforestation,forestation,"2018 Sees Deforestation of 12 Million Hectares , Brazil Leads in Losses",https://human-wrongs-watch.net/2019/04/27/2018-sees-deforestation-of-12-million-hectares-brazil-leads-in-losses/,human-wrongs-watch.net,20190427T130000Z,English,United States
reforestation,forestation,"Gro Wynwood , a Wynwood Yard - style entertainment hub , opening April 27 in Miami",http://www.sun-sentinel.com/entertainment/restaurants-and-bars/fl-et-cb-wynwood-yard-closing-gro-wynwood-20190425-story.html,sun-sentinel.com,20190426T151500Z,English,United States
reforestation,forestation,Families enjoy Oconee natural beauty | Lifestyles,http://www.oconeeenterprise.com/lifestyles/article_adc7678e-66a2-11e9-903a-9bbc60445665.html,oconeeenterprise.com,20190424T223000Z,English,United States
reforestation,forestation,Worthplaying |  Surviving Mar ( ALL ) Green Planet Expansion Gets Dated,https://worthplaying.com/article/2019/4/24/news/113964/,worthplaying.com,20190424T194500Z,English,United States
reforestation,forestation,How To Value A Solar Development Pipeline ( Part 4 Of 4 ) - Energy and Natural Resources,http://mondaq.com/unitedstates/x/799726/Renewables/How+to+Value+a+Solar+Development+Pipeline+Part+4+of+4,mondaq.com,20190423T111500Z,English,United States
reforestation,forestation,Peeking into the Past : Communists get stern warning from WWII veterans,https://www.psdispatch.com/uncategorized/66895/peeking-into-the-past-communists-get-stern-warning-from-wwii-veterans,psdispatch.com,20190419T001500Z,English,United States
reforestation,forestation,"A giant , flying honu lands at Honolulu airport ( and more will follow )",http://www.hawaiinewsnow.com/2019/04/18/giant-flying-honu-lands-honolulus-airport-more-will-follow/,hawaiinewsnow.com,20190418T041500Z,English,United States
reforestation,forestation,Soils at risk of perfect storm as forestry and cities grow,http://www.msn.com/en-nz/money/finance/soils-at-risk-of-perfect-storm-as-forestry-and-cities-grow/ar-BBW2u7Y,msn.com,20190418T000000Z,English,United States
reforestation,forestation,RJD Green Inc . Earthlinc Division Executes an Initial Environmental Product Development Agreement with Agrico LLC,https://markets.businessinsider.com/news/stocks/rjd-green-inc-earthlinc-division-executes-an-initial-environmental-product-development-agreement-with-agrico-llc-1028114843,markets.businessinsider.com,20190416T133000Z,English,United States
reforestation,forestation,RJD Green Inc . Earthlinc Division Executes an Initial Environmental Product Development Agreement with Agrico LLC,https://www.globenewswire.com/news-release/2019/04/16/1804776/0/en/RJD-Green-Inc-Earthlinc-Division-Executes-an-Initial-Environmental-Product-Development-Agreement-with-Agrico-LLC.html,globenewswire.com,20190416T131500Z,English,United States
reforestation,forestation,How Blockchain Can Help Reduce Deforestation,https://innotechtoday.com/blockchain-deforestation/,innotechtoday.com,20190416T103000Z,English,United States
reforestation,forestation,Deforestation in Brazil Could Significantly Increase Local Surface Temperatures - Science and Technology Research News,https://www.scienceandtechnologyresearchnews.com/deforestation-in-brazil-could-significantly-increase-local-surface-temperatures/,scienceandtechnologyresearchnews.com,20190415T170000Z,English,United States
reforestation,forestation,World climate change agreement simulation event at the Hutchinson Center,https://www.penbaypilot.com/affiliate-post/world-climate-change-agreement-simulation-event-hutchinson-center/115926,penbaypilot.com,20190415T000000Z,English,United States
reforestation,forestation,Rural communities fear the worst as more farms sold into forestry,http://www.msn.com/en-nz/money/finance/rural-communities-fear-the-worst-as-more-farms-sold-into-forestry/ar-BBVPfoY,msn.com,20190411T053000Z,English,United States
reforestation,forestation,Move Over Manischewitz -- Some Awesome Passover Wines Are About to Hit The Market,https://www.forbes.com/sites/sherrienachman/2019/04/10/move-over-manischewitz-some-awesome-passover-wines-are-about-to-hit-the-market/,forbes.com,20190410T154500Z,English,United States
reforestation,forestation,"Wildland fires flare up - Saipan News , Headlines , Events , Ads",https://www.saipantribune.com/index.php/wildland-fires-flare-up/,saipantribune.com,20190409T231500Z,English,United States
reforestation,forestation,Registration open and free for world climate change agreement simulation event at the Hutchinson Center,https://www.penbaypilot.com/affiliate-post/registration-open-and-free-world-climate-change-agreement-simulation-event-hut/115926,penbaypilot.com,20190409T211500Z,English,United States
reforestation,forestation,How to Value a Solar Development Pipeline ( Part 4 of 4 ),https://www.lexology.com/library/detail.aspx?g=e63c0359-a588-4437-8f75-3f0009e9b30a,lexology.com,20190409T164500Z,English,United States
reforestation,forestation,"Director , Parks , Recreation and Forestry - Sustainable Business",https://www.sustainablebusiness.com/job/266-8/,sustainablebusiness.com,20190409T054500Z,English,United States
reforestation,forestation,A Blueprint for Capturing Carbon and Saving the Earth,https://news.yahoo.com/blueprint-capturing-carbon-saving-earth-163800363.html,news.yahoo.com,20190408T211500Z,English,United States
reforestation,forestation,A Blueprint for Capturing Carbon and Saving the Earth,https://nationalinterest.org/feature/blueprint-capturing-carbon-and-saving-earth-51487,nationalinterest.org,20190408T210000Z,English,United States
reforestation,forestation,"How to Value a Solar Development Pipeline , Part 4",https://www.greentechmedia.com/articles/read/how-to-value-a-solar-development-pipeline-part-4,greentechmedia.com,20190408T140000Z,English,United States
reforestation,forestation,Racing ! Jon White Kentucky Derby rankings are in the house,https://www.latimes.com/sports/more/la-sp-horse-racing-newsletter-20190404-htmlstory.html,latimes.com,20190405T130000Z,English,United States
reforestation,forestation,Racing ! Heading into the biggest weekend of the year,https://www.latimes.com/sports/more/la-sp-horse-racing-newsletter-20190403-htmlstory.html,latimes.com,20190404T133000Z,English,United States
reforestation,forestation,New Mennonite school planned to open in August 2020,https://www.heraldmailmedia.com/brightside/new-mennonite-school-planned-to-open-in-august/article_817f5032-5869-5712-b762-7a730756254e.html,heraldmailmedia.com,20190404T120000Z,English,United States
reforestation,forestation,New Mennonite school planned to open in August 2020,https://www.heraldmailmedia.com/news/local/new-mennonite-school-planned-to-open-in-august/article_817f5032-5869-5712-b762-7a730756254e.html,heraldmailmedia.com,20190404T013000Z,English,United States
reforestation,forestation,New agricultural methods helping the communities in Akkar,https://www.wvi.org/lebanon/article/new-agricultural-methods-helping-communities-akkar,wvi.org,20190403T114500Z,English,United States
reforestation,forestation,US Senate votes against natural disaster aid bill,https://www.jurist.org/news/2019/04/us-senate-votes-against-natural-disaster-aid-bill/,jurist.org,20190402T190000Z,English,United States
reforestation,forestation,Guest column : We lack the will to solve our fossil fuel challenge,https://www.bendbulletin.com/home/7049535-151/guest-column-we-lack-the-will-to-solve,bendbulletin.com,20190402T060000Z,English,United States
reforestation,forestation,Guest column : We lack the will to solve our fossil fuel challenge,https://www.bendbulletin.com/opinion/7049535-151/guest-column-we-lack-the-will-to-solve,bendbulletin.com,20190402T060000Z,English,United States
reforestation,forestation,Kelicia Rice named executive director of Great Meadow Foundation,https://www.fauquier.com/news/kelicia-rice-named-executive-director-of-great-meadow-foundation/article_ae0fb97a-54d3-11e9-b7cb-8fc06e7d4ba3.html,fauquier.com,20190402T000000Z,English,United States
reforestation,forestation,Negotiate an international climate change agreement at the Hutchinson Center,https://www.penbaypilot.com/affiliate-post/negotiate-international-climate-change-agreement-hutchinson-center/115926,penbaypilot.com,20190401T221500Z,English,United States
reforestation,forestation,Native Son : The American Chestnut at Malabar Farm,https://www.richlandsource.com/area_history/native-son-the-american-chestnut-at-malabar-farm/article_aaa049d8-4d7d-11e4-8251-3c4a92f391a4.html,richlandsource.com,20190401T204500Z,English,United States
reforestation,forestation,"As Amazon Synod approaches , Vatican claims about environment deserve scrutiny",https://catholiccitizens.org/news/87206/as-amazon-synod-approaches-vaticans-claims-about-environment-deserve-scrutiny/,catholiccitizens.org,20190601T230000Z,English,United States
reforestation,forestation,Opinion - Declassified : Israel Made Sure Arabs Couldnt Return to Their Villages,http://www.informationclearinghouse.info/51688.htm,informationclearinghouse.info,20190530T223000Z,English,United States
reforestation,forestation,Declassified documents show how Israel made sure expelled Arabs would never be able to return to their villages -- Secret History -- Sott . net,https://www.sott.net/article/413971-Declassified-documents-show-how-Israel-made-sure-expelled-Arabs-would-never-be-able-to-return-to-their-villages,sott.net,20190529T184500Z,English,United States
reforestation,forestation,6 Theories About  The Society  That Help Make Sense Of That Unexpected Ending,https://www.elitedaily.com/p/6-theories-about-the-society-that-help-make-sense-of-that-unexpected-ending-17923426,elitedaily.com,20190527T183000Z,English,United States
reforestation,forestation,Fort River Elementary hosts Youth Activism Festival,https://www.wwlp.com/news/local-news/fort-river-elementary-hosts-youth-activism-festival/2025670423,wwlp.com,20190525T021500Z,English,United States
reforestation,forestation,Botanical Sexism  Could Be Behind Your Seasonal Allergies,https://www.atlasobscura.com/articles/seasonal-allergies-blame-male-trees,atlasobscura.com,20190517T210000Z,English,United States
reforestation,forestation,Watch : Return of wolves divides opinion in Germany,https://www.euronews.com/2019/05/17/watch-return-of-wolves-divides-opinion-in-germany,euronews.com,20190517T090000Z,English,United States
reforestation,forestation,A recipe for disaster .: Rural lobby group launched to oppose billion trees policy,http://www.msn.com/en-nz/money/news/a-recipe-for-disaster-rural-lobby-group-launched-to-oppose-billion-trees-policy/ar-AABu9tJ,msn.com,20190517T013000Z,English,United States
reforestation,forestation,Gamasutra - Press Releases - Surviving Mars : Green Planet and Project Laika Now Available,https://www.gamasutra.com/view/pressreleases/342824/Surviving_Mars_Green_Planet_and_Project_Laika_Now_Available.php,gamasutra.com,20190516T194500Z,English,United States
reforestation,forestation,Largest tree : Pa . eastern cottonwood has held its secrets tightly,https://www.ydr.com/story/news/2019/05/16/largest-tree-pa-eastern-cottonwood-has-held-its-secrets-tightly/3634481002/,ydr.com,20190516T131500Z,English,United States
reforestation,forestation,Largest tree : Pa . eastern cottonwood has held its secrets tightly,https://www.eveningsun.com/story/news/2019/05/16/largest-tree-pa-eastern-cottonwood-has-held-its-secrets-tightly/3634481002/,eveningsun.com,20190516T120000Z,English,United States
reforestation,forestation,"Commentary : The Greater Bay Area , China new and improved model for growth",https://www.channelnewsasia.com/news/commentary/commentary-the-greater-bay-area-china-s-new-and-improved-model-11490408,channelnewsasia.com,20190512T074500Z,English,United States
reforestation,forestation,No quick solution for neighbors of noisy Route 3 in Norwell - News - Norwell Mariner,https://norwell.wickedlocal.com/news/20190508/no-quick-solution-for-neighbors-of-noisy-route-3-in-norwell,norwell.wickedlocal.com,20190509T014500Z,English,United States
reforestation,forestation,Negotiate an international climate change agreement at the Hutchinson Center - UMaine News,https://umaine.edu/news/blog/2019/05/08/negotiate-an-international-climate-change-agreement-at-the-hutchinson-center/,umaine.edu,20190508T153000Z,English,United States
reforestation,forestation,Facing A Future With The Ash Borer,https://www.yankton.net/opinion/editorials/article_5057d9e4-7142-11e9-bd55-afb89522e128.html,yankton.net,20190508T063000Z,English,United States
reforestation,forestation,Racing ! Happy Kentucky Derby Day,https://www.latimes.com/sports/more/la-sp-horse-racing-newsletter-20190503-htmlstory.html,latimes.com,20190504T141500Z,English,United States
reforestation,forestation,Racing ! Jon White final Kentucky Derby poll and analysis,https://www.latimes.com/sports/more/la-sp-horse-racing-newsletter-20190502-htmlstory.html,latimes.com,20190503T133000Z,English,United States
reforestation,forestation,ORourke releases $5 trillion plan to fight climate change,https://www.localnews8.com/news/politics/orourke-releases-5-trillion-plan-to-fight-climate-change/1074418261,localnews8.com,20190502T111500Z,English,United States
reforestation,forestation,ORourke releases $5 trillion plan to fight climate change,https://www.kvia.com/news/politics/orourke-releases-5-trillion-plan-to-fight-climate-change/1074417876,kvia.com,20190502T091500Z,English,United States
reforestation,forestation,ORourke releases $5 trillion plan to fight climate change,http://www.wfmz.com/news/politics/orourke-releases-5-trillion-plan-to-fight-climate-change/1074407672,wfmz.com,20190502T091500Z,English,United States
reforestation,forestation,ORourke releases $5 trillion plan to fight climate change,https://www.abc17news.com/news/politics/orourke-releases-5-trillion-plan-to-fight-climate-change/1074418004,abc17news.com,20190502T084500Z,English,United States
reforestation,forestation,ORourke releases $5 trillion plan to fight climate change,https://www.ktvz.com/news/politics/orourke-releases-5-trillion-plan-to-fight-climate-change/1074418075,ktvz.com,20190502T081500Z,English,United States
reforestation,forestation,ORourke releases $5 trillion plan to fight climate change,http://www.channel4000.com/nation/politics/orourke-releases-5-trillion-plan-to-fight-climate-change/1074411696,channel4000.com,20190502T080000Z,English,United States
reforestation,forestation,ORourke releases $5 trillion plan to fight climate change,https://www.news8000.com/news/politics/national-politics/orourke-releases-5-trillion-plan-to-fight-climate-change/1074423127,news8000.com,20190502T074500Z,English,United States
reforestation,forestation,ORourke releases $5 trillion plan to fight climate change,https://www.kyma.com/news/politics/orourke-releases-5-trillion-plan-to-fight-climate-change/1074418047,kyma.com,20190502T073000Z,English,United States
reforestation,forestation,ORourke releases $5 trillion plan to fight climate change,https://www.keyt.com/news/politics/orourke-releases-5-trillion-plan-to-fight-climate-change/1074418118,keyt.com,20190502T071500Z,English,United States
reforestation,forestation,ORourke releases $5 trillion plan to fight climate change,https://www.wsls.com/news/politics/orourke-releases-5-trillion-plan-to-fight-climate-change,wsls.com,20190502T070000Z,English,United States
reforestation,forestation,ORourke releases $5 trillion plan to fight climate change,https://www.krdo.com/news/politics/orourke-releases-5-trillion-plan-to-fight-climate-change/1074417833,krdo.com,20190502T064500Z,English,United States
reforestation,forestation,ORourke releases $5 trillion plan to fight climate change,https://www.kxly.com/news/politics/national-politics/orourke-releases-5-trillion-plan-to-fight-climate-change/1074423183,kxly.com,20190502T064500Z,English,United States
reforestation,forestation,Oscha Slings and Organic Woven Wraps - Perfect for The Fourth Trimester and Beyond,http://www.mothering.com/articles/oscha-slings-and-organic-woven-wraps-perfect-for-the-fourth-trimester-and-beyond/,mothering.com,20190501T170000Z,English,United States
reforestation,forestation,Carbon Feedback Loops in Permafrost - Renewables - Oil Price Community,https://community.oilprice.com/topic/5762-carbon-feedback-loops-in-permafrost/,community.oilprice.com,20190501T154500Z,English,United States
reforestation,forestation,SB 357 Passes - Scenic Texas Praises Legislature,https://www.focusdailynews.com/sb-357-passes-scenic-texas-praises-legislature/,focusdailynews.com,20190630T221500Z,English,United States
reforestation,forestation,Harvard Ponders What  Dose  of Aerosols To Spray Into Earth Atmosphere For Their Geoengineering Program – Collective Evolution,https://www.collective-evolution.com/2019/06/27/harvard-ponders-what-dose-of-aerosols-to-spray-into-earths-atmosphere-to-reflect-sun-light-away-from-earth/,collective-evolution.com,20190627T144500Z,English,United States
reforestation,forestation,Denmark New Prime Minister Vows to Tackle Climate Change,https://www.nytimes.com/2019/06/26/world/europe/denmark-prime-minister-mette-frederiksen.html,nytimes.com,20190626T161500Z,English,United States
reforestation,forestation,Vietnam eyes bigger wood and woodwork export in 2019 | Business,https://www.poandpo.com/news_business/vietnam-2662019986/,poandpo.com,20190626T074500Z,English,United States
reforestation,forestation,Sulphur chemist makes case for UFOs,https://www.americanpress.com/news/local/sulphur-chemist-makes-case-for-ufos/article_b87897be-9750-11e9-8d4d-5b0a321ec6f4.html,americanpress.com,20190625T144500Z,English,United States
reforestation,forestation,Untangling the complicated relationships between people and nature for a brighter future,https://www.sciencedaily.com/releases/2019/06/190624111456.htm,sciencedaily.com,20190624T171500Z,English,United States
reforestation,forestation,Untangling the complicated relationships between people and nature for a brighter future,https://phys.org/news/2019-06-untangling-complicated-relationships-people-nature.html,phys.org,20190624T160000Z,English,United States
reforestation,forestation,Untangling the complicated relationships between people and nature for a brighter future,https://www.eurekalert.org/pub_releases/2019-06/acoe-utc062419.php,eurekalert.org,20190624T154500Z,English,United States
reforestation,forestation,Racing ! The final weekend is upon us,https://www.latimes.com/sports/more/la-sp-horse-racing-newsletter-20190622-htmlstory.html,latimes.com,20190622T133000Z,English,United States
reforestation,forestation,The Ozark Cutting - Edge Take on the Past,https://www.msn.com/en-us/travel/article/the-ozarks-cutting-edge-take-on-the-past/ar-AADf0bu,msn.com,20190622T004500Z,English,United States
reforestation,forestation,Racing ! A visit with the backstretch workers,https://www.latimes.com/sports/more/la-sp-horse-racing-newsletter-20190621-htmlstory.html,latimes.com,20190621T124500Z,English,United States
reforestation,forestation,"The birth of forests helped drive two massive , ancient extinctions",https://www.zmescience.com/science/forest-extinctions-euramerica-152155/,zmescience.com,20190620T101500Z,English,United States
reforestation,forestation,Newlyweds are giving back on honeymoons,https://nypost.com/2019/06/19/just-married-and-just-giving-back-charitable-honeymoons-are-trending/,nypost.com,20190619T201500Z,English,United States
reforestation,forestation,Coming at you live | St . Albans Messenger,https://www.samessenger.com/coming-at-you-live/,samessenger.com,20190619T154500Z,English,United States
reforestation,forestation,Troublesome trees : spread of forests contributed to ancient extinction,https://phys.org/news/2019-06-troublesome-trees-forests-contributed-ancient.html,phys.org,20190619T140000Z,English,United States
reforestation,forestation,"Telling our stories , ourselves : a creed for the 21st century African",https://medium.com/@TheFloWilliams/telling-our-stories-ourselves-a-creed-for-the-21st-century-african-6f07c1a4ed07,medium.com,20190617T123000Z,English,United States
reforestation,forestation,Can the tree tsunami also spur a food forest surge,https://www.atlantaleader.com/news/261418259/can-the-tree-tsunami-also-spur-a-food-forest-surge,atlantaleader.com,20190615T181500Z,English,United States
reforestation,forestation,"Where do 2020 Democrats stand on the Green New Deal , climate change ?",http://590kid.com/where-do-2020-democrats-stand-on-the-green-new-deal-climate-change/,590kid.com,20190608T134500Z,English,United States
reforestation,forestation,"Where do 2020 Democrats stand on the Green New Deal , climate change ?",https://www.foxnews.com/politics/2020-democrats-green-new-deal-climate-change,foxnews.com,20190608T113000Z,English,United States
reforestation,forestation,"Bhutan prime minister signs Palau Pledge - Saipan News , Headlines , Events , Ads",https://www.saipantribune.com/index.php/bhutan-prime-minister-signs-palau-pledge/,saipantribune.com,20190606T221500Z,English,United States
reforestation,forestation,Tips For Starting a Meadow in Your Yard,https://news.hamlethub.com/somers/life/2153-tips-for-starting-a-meadow-in-your-yard,news.hamlethub.com,20190605T204500Z,English,United States
reforestation,forestation,"As Amazon Synod approaches , Vatican claims about environment deserve scrutiny",https://catholiccitizens.org/news/87206/as-amazon-synod-approaches-vaticans-claims-about-environment-deserve-scrutiny/,catholiccitizens.org,20190601T230000Z,English,United States
reforestation,forestation,Haunting the Forest : Super ( hero ) natural,https://medium.com/@susan_2250/haunting-the-forest-super-hero-natural-3ce3e4838070,medium.com,20190731T183000Z,English,United States
reforestation,forestation,Ethiopia May Have Broken The World Record By Planting An Incredible Amount Of 350 Million Trees In A Day,https://www.boredpanda.com/350-million-trees-planted-record-green-legacy-ethiopia/?cexp_id=20055&cexp_var=0&_f=featured,boredpanda.com,20190731T150000Z,English,United States
reforestation,forestation,Ethiopia May Have Broken The World Record By Planting An Incredible Amount Of 350 Million Trees In A Day,https://www.boredpanda.com/350-million-trees-planted-record-green-legacy-ethiopia/,boredpanda.com,20190731T144500Z,English,United States
reforestation,forestation,Greening Camps for Trillion Trees Initiative in Europe and Africa,http://humanitariannews.org/20190731/greening-camps-trillion-trees-initiative-europe-africa,humanitariannews.org,20190731T140000Z,English,United States
reforestation,forestation,Ethiopia Just Set an Epic World Record . These Are the 4 Powerful Takeaways,https://www.inc.com/wanda-thibodeaux/ethiopia-just-set-an-epic-world-record-these-are-4-powerful-takeaways.html,inc.com,20190730T113000Z,English,United States
reforestation,forestation,Outdoor Nebraska .: Geographicus Rare Antique Maps,https://www.geographicus.com/P/AntiqueMap/outdoornebraska-christiansen-1939,geographicus.com,20190729T231500Z,English,United States
reforestation,forestation,Greening Camps for Trillion Trees Initiative in Europe and Africa,https://www.pr-inside.com/greening-camps-for-trillion-trees-initiative-in-eu-r4768552.htm,pr-inside.com,20190729T103000Z,English,United States
reforestation,forestation,The geoengineering of consent : How conspiracists dominate YouTube climate science content,https://www.sciencedaily.com/releases/2019/07/190725092525.htm,sciencedaily.com,20190729T040000Z,English,United States
reforestation,forestation,Annapolis planners to Providence Point : More trees,http://www.baltimoresun.com/maryland/anne-arundel/annapolis/ac-cn-providence-point-20190725-l27xmuggzzcann5kqehqg2mrzu-story.html,baltimoresun.com,20190726T020000Z,English,United States
reforestation,forestation,Chile mining waste poses silent threat to humans on multiple fronts,https://www.msn.com/en-us/news/world/chiles-mining-waste-poses-silent-threat-to-humans-on-multiple-fronts/ar-AAEPIJA,msn.com,20190726T010000Z,English,United States
reforestation,forestation,YouTube conspiracy theorists dominate climate science content by hijacking search terms,https://www.zmescience.com/science/climate-youtube-discussions-845235242/,zmescience.com,20190725T143000Z,English,United States
reforestation,forestation,Chile mining waste poses silent threat to humans on multiple fronts,http://www.terradaily.com/reports/Chiles_mining_waste_poses_silent_threat_to_humans_on_multiple_fronts_999.html,terradaily.com,20190725T131500Z,English,United States
reforestation,forestation,Conspiracy Theorists Are  Hijacking  Climate Change Concepts on YouTube,https://www.sciencealert.com/beware-of-getting-climate-info-from-youtube-a-study-shows-it-s-riddled-with-conspiracies,sciencealert.com,20190725T103000Z,English,United States
reforestation,forestation,Global Mining Giant Announces $400 Million Program To Cut Emissions,https://cleantechnica.com/2019/07/25/bhp-announces-400-million-program-to-cut-emissions/,cleantechnica.com,20190725T083000Z,English,United States
reforestation,forestation,The geoengineering of consent : How conspiracists dominate YouTube climate science content,https://www.eurekalert.org/pub_releases/2019-07/f-tgo072219.php,eurekalert.org,20190725T074500Z,English,United States
reforestation,forestation,Chile mining waste poses silent threat to humans on multiple fronts,https://www.channelnewsasia.com/news/world/chile-mining-waste-environment-dams-11751922,channelnewsasia.com,20190725T033000Z,English,United States
reforestation,forestation,Chile mining waste poses silent threat to humans on multiple fronts,http://www.digitaljournal.com/news/world/chile-s-mining-waste-poses-silent-threat-to-humans-on-multiple-fronts/article/554612,digitaljournal.com,20190725T033000Z,English,United States
reforestation,forestation,"Mesquite , Rowlett among Scenic City recipients",https://starlocalmedia.com/mesquitenews/news/mesquite-rowlett-among-scenic-city-recipients/article_c225500c-ac8d-11e9-8c59-0b749d21de63.html,starlocalmedia.com,20190722T193000Z,English,United States
reforestation,forestation,"Some 1 . 6 million people in cyclone - stricken areas of Mozambique are at risk of food insecurity at least until September 2019 , while 67 , 500 children are in need of nutritional support , with some 90 percent of them acutely malnourished , accord...",https://www.wral.com/some-1-6-million-people-in-cyclone-stricken-areas-of-mozambique-are-at-risk-of-food-insecurity-at-least-until-september-2019-whi/18525442/,wral.com,20190722T183000Z,English,United States
reforestation,forestation,"Flower Mound , Argyle among Scenic City recipients",https://starlocalmedia.com/theleader/news/flower-mound-argyle-among-scenic-city-recipients/article_1b99def6-a80a-11e9-9d5b-632d35cd15ca.html,starlocalmedia.com,20190716T223000Z,English,United States
reforestation,forestation,CBCP issues  urgent call  on climate emergency,https://ph.news.yahoo.com/cbcp-issues-urgent-call-climate-154100397.html,ph.news.yahoo.com,20190716T170000Z,English,United States
reforestation,forestation,Tropical Gardening : July brings blooming trees and maybe summer storms,https://www.hawaiitribune-herald.com/2019/07/14/features/tropical-gardening-july-brings-blooming-trees-and-maybe-summer-storms/,hawaiitribune-herald.com,20190714T103000Z,English,United States
reforestation,forestation,Arthur Pack : Successful businessman was also conservation pioneer,http://www.tucsonsentinel.com/local/report/070919_arthur_pack/arthur-pack-successful-businessman-was-also-conservation-pioneer/,tucsonsentinel.com,20190711T000000Z,English,United States
reforestation,forestation,Development proposal delayed over woods,https://www.hometownsource.com/sun_patriot/community/development-proposal-delayed-over-woods/article_9b05bccc-a17b-11e9-b86b-d7a568d77bcb.html,hometownsource.com,20190710T091500Z,English,United States
reforestation,forestation,Editorial : Plant more trees to fight climate change ? Idea may grow in FL,https://www.naplesnews.com/story/opinion/2019/07/07/editorial-plant-more-trees-fight-climate-change-idea-may-grow-fl/1656121001/,naplesnews.com,20190707T103000Z,English,United States
reforestation,forestation,Earth Has Room For 1 Trillion More Trees,https://www.the-scientist.com/news-opinion/earth-has-room-for-1-trillion-more-trees-66103,the-scientist.com,20190705T231500Z,English,United States
reforestation,forestation,Climate change solutions : forest restoration might be the single best way to fight climate chage,https://www.vox.com/2019/7/4/20681331/climate-change-solutions-trees-deforestation-reforestation,vox.com,20190704T183000Z,English,United States
reforestation,forestation,Our View : Sharing the costs of fires,https://lompocrecord.com/opinion/editorial/our-view-sharing-the-costs-of-fires/article_edd18fe3-3c6c-5672-af9b-66d6677ab375.html,lompocrecord.com,20190703T173000Z,English,United States
reforestation,forestation,Massive Attack fund study into the music industry carbon footprint - Dancing Astronaut,https://dancingastronaut.com/2019/12/massive-attack-fund-study-into-the-music-industrys-carbon-footprint/,dancingastronaut.com,20191201T233000Z,English,United States
reforestation,forestation,How an Iceberg Creating Submarine Can Rebuild the Polar Ice Cap,https://www.hydro-international.com/content/news/how-an-iceberg-creating-submarine-can-rebuild-the-polar-ice-cap,hydro-international.com,20191129T101500Z,English,United States
reforestation,forestation,Maritime Aerosol Optical and Microphysical Properties in the South China Sea Under Multi - source Influence,https://www.nature.com/articles/s41598-019-54483-6,nature.com,20191128T123000Z,English,United States
reforestation,forestation,Italy - Factors to watch on Nov . 21,https://in.reuters.com/article/italy-factors-nov-21-idINL8N280325,in.reuters.com,20191122T023000Z,English,United States
reforestation,forestation,Italy - Factors to watch on Nov . 21,https://www.reuters.com/article/italy-factors-nov-21/italy-factors-to-watch-on-nov-21-idUSL8N280325,reuters.com,20191121T071500Z,English,United States
reforestation,forestation,Protect New Forests From Logging and Timber Trade,https://forcechange.com/546799/protect-new-forests-from-logging-and-timber-trade/,forcechange.com,20191119T144500Z,English,United States
reforestation,forestation,Climate Doom Petition Low On Climate Scientists,https://climatechangedispatch.com/climate-doom-petition-scientists/,climatechangedispatch.com,20191112T201500Z,English,United States
reforestation,forestation,Alliance of World Scientist climate emergency declaration was a fake but some media hyped it – GOPUSA,http://www.gopusa.com/alliance-of-world-scientists-climate-emergency-declaration-was-a-fake-but-some-media-hyped-it/,gopusa.com,20191112T180000Z,English,United States
reforestation,forestation,"F1 announces plan to offset 256 , 551 - ton carbon footprint",https://www.msn.com/en-gb/autos/news/f1-announces-plan-to-offset-256551-ton-carbon-footprint/ar-BBWDCgj,msn.com,20191112T101500Z,English,United States
reforestation,forestation,Let Invade Mexico ! - Antiwar . com Original,https://original.antiwar.com/reed/2019/11/11/lets-invade-mexico/,original.antiwar.com,20191112T090000Z,English,United States
reforestation,forestation,Let Invade Mexico ! - LewRockwell,https://www.lewrockwell.com/2019/11/fred-reed/lets-invade-mexico/,lewrockwell.com,20191111T094500Z,English,United States
reforestation,forestation,Goering Captured By Texas Outfit,https://www.lmtonline.com/veterans/article/GOERING-CAPTURED-BY-TEXAS-OUTFIT-14562707.php,lmtonline.com,20191110T063000Z,English,United States
reforestation,forestation,Goering Captured By Texas Outfit,https://www.chron.com/veterans/article/GOERING-CAPTURED-BY-TEXAS-OUTFIT-14562707.php,chron.com,20191110T060000Z,English,United States
reforestation,forestation,Feds ruining state best pheasant hunting,https://www.bozemandailychronicle.com/opinions/chronicle_columnists/parker_heinlein/feds-ruining-state-s-best-pheasant-hunting/article_3f3ea55c-4d20-5c73-a678-999aa1b8fb2f.html,bozemandailychronicle.com,20191107T121500Z,English,United States
reforestation,forestation,Tree planting : Popular but with pitfalls,http://www.thebatt.com/news/tree-planting-popular-but-with-pitfalls/article_e5534680-0127-11ea-8036-33a472d91db5.html,thebatt.com,20191107T084500Z,English,United States
reforestation,forestation,Boca Raton Museum of Art kicks off bold new season,http://artdaily.com/news/118164/Boca-Raton-Museum-of-Art-kicks-off-bold-new-season,artdaily.com,20191106T073000Z,English,United States
reforestation,forestation,"Over 20 Countries Have Started Building An 8 , 000KM  Great Green Wall  To Stop Climate Change And Desertification",https://www.boredpanda.com/nations-unite-to-build-great-wall-of-africa/?cexp_id=22510&cexp_var=4&_f=featured,boredpanda.com,20191105T164500Z,English,United States
reforestation,forestation,"Over 20 Countries Have Started Building An 8 , 000KM  Great Green Wall  To Stop Climate Change And Desertification",https://www.boredpanda.com/nations-unite-to-build-great-wall-of-africa/,boredpanda.com,20191105T154500Z,English,United States
reforestation,forestation,Which Green New Deal ? - International Viewpoint - online socialist magazine,http://www.internationalviewpoint.org/spip.php?article6272,internationalviewpoint.org,20191101T144500Z,English,United States
reforestation,forestation,Which Green New Deal ? - International Viewpoint - online socialist magazine,http://internationalviewpoint.org/spip.php?article6272,internationalviewpoint.org,20191101T134500Z,English,United States
reforestation,forestation,GOP Jim DeBello Changes Climate in Race to Unseat Rep . Scott Peters,https://timesofsandiego.com/politics/2019/12/26/gops-jim-debello-changes-climate-in-race-to-unseat-rep-scott-peters/,timesofsandiego.com,20191227T044500Z,English,United States
reforestation,forestation,"On Hanukkah , Let Rededicate Our Commitment to Environmental Justice",https://truthout.org/articles/on-hanukkah-lets-rededicate-our-commitment-to-environmental-justice/,truthout.org,20191222T194500Z,English,United States
reforestation,forestation,Tree Economics - Are Entrepreneurial Solutions The Key To A Greener Planet ?,https://www.forbes.com/sites/trevorclawson/2019/12/22/tree-economicsare-entrepreneurial-solutions-the-key-to-a-greener-planet/,forbes.com,20191222T110000Z,English,United States
reforestation,forestation,Scientists Discover 385 Million - Year Old Forest,http://www.natureworldnews.com/articles/43015/20191221/scientists-discover-385-million-year-old-forest.htm,natureworldnews.com,20191221T121500Z,English,United States
reforestation,forestation,World oldest known fossil forest found in New York quarry,http://www.msn.com/en-nz/news/world/worlds-oldest-known-fossil-forest-found-in-new-york-quarry/ar-BBYbbvz,msn.com,20191220T043000Z,English,United States
reforestation,forestation,World oldest known fossil forest found in New York quarry,https://www.msn.com/en-au/news/techandscience/worlds-oldest-known-fossil-forest-found-in-new-york-quarry/ar-BBYb6yT,msn.com,20191220T043000Z,English,United States
reforestation,forestation,Tesla begins Gigafactory 4 land survey in Berlin including checks for WWII - era bombs,https://www.teslarati.com/tesla-gigafactory-4-land-survey-ww2-bombs/,teslarati.com,20191219T224500Z,English,United States
reforestation,forestation,A Design Lover Guide to Sustainable Travel in 2020,https://www.architecturaldigest.com/story/design-lovers-guide-to-sustainable-travel-2020,architecturaldigest.com,20191219T160000Z,English,United States
reforestation,forestation,Green economy think tank gives thumbs up to tree planting promise - Medicine Hat NewsMedicine Hat News,https://medicinehatnews.com/news/national-news/2019/12/17/green-economy-think-tank-gives-thumbs-up-to-tree-planting-promise/,medicinehatnews.com,20191217T151500Z,English,United States
reforestation,forestation,Green economy think tank gives thumbs up to tree planting promise,https://lethbridgeherald.com/business/2019/12/17/green-economy-think-tank-gives-thumbs-up-to-tree-planting-promise/,lethbridgeherald.com,20191217T134500Z,English,United States
reforestation,forestation,Green economy think tank gives thumbs up to tree planting promise,https://www.1310news.com/2019/12/17/green-economy-think-tank-gives-thumbs-up-to-tree-planting-promise/,1310news.com,20191217T123000Z,English,United States
reforestation,forestation,Green economy think tank gives thumbs up to tree planting promise,https://ca.finance.yahoo.com/news/green-economy-think-tank-gives-111004639.html,ca.finance.yahoo.com,20191217T114500Z,English,United States
reforestation,forestation,Editorial : How do we ditch dirty coal power without sending miners to the unemployment line ?,https://www.latimes.com/opinion/editorials/la-ed-adv-coal-mines-jobs-20160303-story.html,latimes.com,20191215T063000Z,English,United States
reforestation,forestation,Delta Air Line ( DAL ) CEO Ed Bastian Hosts Investor Day Conference - Transcript,https://seekingalpha.com/article/4312290-delta-air-lines-dal-ceo-ed-bastian-hosts-investor-day-conference-transcript,seekingalpha.com,20191213T143000Z,English,United States
reforestation,forestation,Blackwater gold mine gets PGF boost,https://www.miragenews.com/blackwater-gold-mine-gets-pgf-boost/,miragenews.com,20191213T000000Z,English,United States
reforestation,forestation,Tree Chic,https://www.forbes.com/sites/mariansalzman/2019/12/12/tree-chic/,forbes.com,20191212T154500Z,English,United States
reforestation,forestation,Afghanistan : 18 Years of War On Its Shoulder,https://www.pressenza.com/2019/12/afghanistan-18-years-of-war-on-its-shoulder/,pressenza.com,20191212T054500Z,English,United States
reforestation,forestation,A Carbon Market Fight Is at the Center of Madrid Climate Talks,https://earther.gizmodo.com/a-fight-over-a-false-solution-is-at-the-center-of-madri-1840311268,earther.gizmodo.com,20191209T191500Z,English,United States
reforestation,forestation,Migrant Women and Girls Are Leading the Battle Against Climate Change,https://truthout.org/articles/migrant-women-and-girls-are-leading-the-battle-against-climate-change/,truthout.org,20191208T233000Z,English,United States
reforestation,forestation,"On World Soil Day , a look at how we should be growing buildings",https://www.treehugger.com/green-architecture/world-soil-day-look-how-we-should-be-growing-buildings.html,treehugger.com,20191205T161500Z,English,United States
reforestation,forestation,Walla Walla urban forestation continues courtesy of Noon Rotary,https://www.union-bulletin.com/local_columnists/etcetera/walla-walla-s-urban-forestation-continues-courtesy-of-noon-rotary/article_f4e7e98f-49b2-5097-bd90-529fb523ee33.html,union-bulletin.com,20191204T203000Z,English,United States
reforestation,forestation,Massive Attack fund study into the music industry carbon footprint - Dancing Astronaut,https://dancingastronaut.com/2019/12/massive-attack-fund-study-into-the-music-industrys-carbon-footprint/,dancingastronaut.com,20191201T233000Z,English,United States
reforestation,forestation,Can Wood Construction Transform Cities From Carbon Source to Carbon Vault ?,https://environment.yale.edu/news/article/can-wood-buildings-convert-cities-from-carbon-source-to-carbon-vault/,environment.yale.edu,20200201T010000Z,English,United States
reforestation,forestation,Fighting climate change with innovation,https://thehill.com/opinion/energy-environment/480743-fighting-climate-change-with-innovation,thehill.com,20200131T003000Z,English,United States
reforestation,forestation,Turkey planted a world record 11 million trees in November . Ninety per cent of them may already be dead,https://www.msn.com/en-ca/news/canada/turkey-planted-a-world-record-11-million-trees-in-november-ninety-per-cent-of-them-may-already-be-dead/ar-BBZuruo,msn.com,20200130T210000Z,English,United States
reforestation,forestation,Can wood construction transform cities from carbon source to carbon vault ?,https://www.eurekalert.org/pub_releases/2020-01/ysof-cwc013020.php,eurekalert.org,20200130T203000Z,English,United States
reforestation,forestation,Majority of trees planted in Turkish project may be dead,https://www.msn.com/en-ca/news/canada/majority-of-trees-planted-in-turkish-project-may-be-dead/ar-BBZuruo,msn.com,20200130T183000Z,English,United States
reforestation,forestation,Meet the candidates for one of Brookfield aldermanic races,https://www.jsonline.com/story/communities/west/news/brookfield/2020/01/29/meet-candidates-one-brookfields-aldermanic-races/4601934002/,jsonline.com,20200129T170000Z,English,United States
reforestation,forestation,"<strong>Storm Surge to present  Blue Carbon , The Lungs of the Sea  < / strong> - News - The Newburyport Current",https://newburyport.wickedlocal.com/news/20200129/strongstorm-surge-to-present-blue-carbon-lungs-of-seastrong,newburyport.wickedlocal.com,20200129T164500Z,English,United States
reforestation,forestation,ClimatePartner Posts Record Growth and Further Expands Market Presence,https://www.tmcnet.com/usubmit/-climatepartner-posts-record-growth-further-expands-market-presence-/2020/01/29/9088574.htm,tmcnet.com,20200129T124500Z,English,United States
reforestation,forestation,Tree planting is a great idea – that could become a dangerous climate distraction,https://www.technologyreview.com/s/615102/tree-planting-is-a-great-idea-that-could-become-a-dangerous-climate-distraction/,technologyreview.com,20200128T160000Z,English,United States
reforestation,forestation,Geneva Lake Conservancy signs biggest - ever land preservation deal,https://www.lakegenevanews.net/news/local/geneva-lake-conservancy-signs-biggest-ever-land-preservation-deal/article_eae6bb38-7f42-5d63-9314-fc71969f8faa.html,lakegenevanews.net,20200127T013000Z,English,United States
reforestation,forestation,Cameron  Cam  Davis : Democratic candidate for Metropolitan Water Reclamation District commissioner,https://chicago.suntimes.com/2020/1/24/21030257/cameron-cam-davis-metropolitan-water-reclamation-district-democratic-primary-candidate-2020-mwrd,chicago.suntimes.com,20200124T173000Z,English,United States
reforestation,forestation,Local water availability is permanently reduced after planting forests,https://www.sciencedaily.com/releases/2020/01/200120113407.htm,sciencedaily.com,20200120T181500Z,English,United States
reforestation,forestation,Local water availability is permanently reduced after planting forests,https://phys.org/news/2020-01-local-availability-permanently-forests.html,phys.org,20200120T083000Z,English,United States
reforestation,forestation,Local water availability is permanently reduced after planting forests,https://www.miragenews.com/local-water-availability-is-permanently-reduced-after-planting-forests/,miragenews.com,20200120T020000Z,English,United States
reforestation,forestation,Local water availability is permanently reduced after planting forests,https://www.eurekalert.org/pub_releases/2020-01/uoc-lwa011620.php,eurekalert.org,20200120T003000Z,English,United States
reforestation,forestation,"In Costa Rica , university president sees Laudato Si  reenergizing Catholics",https://www.ncronline.org/news/earthbeat/costa-rica-university-president-sees-laudato-si-reenergizing-catholics,ncronline.org,20200117T100000Z,English,United States
reforestation,forestation,Environmental News Network - Forest Management in Southern China Generates Short Term Extensive Carbon Sequestration,https://www.enn.com/articles/61650-forest-management-in-southern-china-generates-short-term-extensive-carbon-sequestration,enn.com,20200114T183000Z,English,United States
reforestation,forestation,Peru to plant 1 million trees around Machu Picchu site,https://www.msn.com/en-ca/news/world/peru-to-plant-1-million-trees-around-machu-picchu-site/ar-BBYV2zK,msn.com,20200113T221500Z,English,United States
reforestation,forestation,KBI Global Investors helps get trees planted in Ireland,https://www.pionline.com/frontlines/kbi-global-investors-helps-get-trees-planted-ireland,pionline.com,20200113T070000Z,English,United States
reforestation,forestation,Yishan Wong has an ambitious idea for fighting climate change : Plant more trees,https://www.westhawaiitoday.com/2020/01/12/hawaii-news/yishan-wong-has-an-ambitious-idea-for-fighting-climate-change-plant-more-trees/,westhawaiitoday.com,20200112T110000Z,English,United States
reforestation,forestation,Deceuninck - Quickstep to go carbon neutral,https://www.msn.com/en-gb/news/other/deceuninck-quickstep-to-go-carbon-neutral/ar-BBYQ3rM,msn.com,20200110T210000Z,English,United States
reforestation,forestation,Deforestation is changing animal communication,https://www.sciencedaily.com/releases/2020/01/200109090842.htm,sciencedaily.com,20200109T184500Z,English,United States
reforestation,forestation,Study finds deforestation is changing animal communication,https://www.miragenews.com/study-finds-deforestation-is-changing-animal-communication/,miragenews.com,20200109T153000Z,English,United States
reforestation,forestation,Study finds deforestation is changing animal communication,https://phys.org/news/2020-01-deforestation-animal.html,phys.org,20200109T094500Z,English,United States
reforestation,forestation,Study finds deforestation is changing animal communication,https://www.eurekalert.org/pub_releases/2020-01/uow-sfd010720.php,eurekalert.org,20200109T053000Z,English,United States
reforestation,forestation,"Green Bay businesses ask crafters to make , donate items for Australian wildlife",https://www.wbay.com/content/news/Green-Bay-businesses-ask-crafters-to-make-donate-items-for-Australian-wildlife-566821311.html,wbay.com,20200108T230000Z,English,United States
reforestation,forestation,FACTBOX - Big Oil climate targets vary widely,https://www.cnbc.com/2020/01/06/reuters-america-factbox-big-oils-climate-targets-vary-widely.html,cnbc.com,20200106T160000Z,English,United States
reforestation,forestation,Coalition pens letter against Hogan draft climate plan,https://www.cecildaily.com/news/state_news/coalition-pens-letter-against-hogan-draft-climate-plan/article_0706714f-02f3-5531-8b4f-63e22f6e7f39.html,cecildaily.com,20200104T093000Z,English,United States
reforestation,forestation,Winning is Not Always A Good Thing ! – Veterans Today | Military Foreign Affairs Policy Journal for Clandestine Services,https://www.veteranstoday.com/2020/01/02/winning-is-not-always-a-good-thing/,veteranstoday.com,20200102T211500Z,English,United States
reforestation,forestation,General Legal Newsletter For October 2019 - Immigration,http://www.mondaq.com/x/879264/work+visas/General+Legal+Newsletter+For+October+2019,mondaq.com,20200102T163000Z,English,United States
reforestation,forestation,Valley News - In the Outdoors : Coyote numbers a sign of NH wildlife revival,https://www.vnews.com/Coleman-Stokes-column-on-coyotes-32990162,vnews.com,20200229T111500Z,English,United States
reforestation,forestation,Inspirational Photographers in Focus : What Can We Learn From Salgado Genesis ?,https://fstoppers.com/documentary/inspirational-photographers-focus-what-can-we-learn-salgados-genesis-458163,fstoppers.com,20200228T221500Z,English,United States
reforestation,forestation,The Response : Reimagining Paradise in an Age of Disruption,http://www.radioproject.org/2020/02/response-reimagining-paradise-age-disruption/,radioproject.org,20200228T164500Z,English,United States
reforestation,forestation,Serbia will plant 1 billion trees in order to reach net zero target by 2050,https://www.euronews.com/living/2020/02/27/serbia-will-plant-1-billion-trees-in-order-to-reach-net-zero-emissions-by-2050,euronews.com,20200227T173000Z,English,United States
reforestation,forestation,"So should we just plant a bunch of trees everywhere , or what ?",https://grist.org/ask-umbra/so-should-we-just-plant-a-bunch-of-trees-everywhere-or-what/,grist.org,20200227T114500Z,English,United States
reforestation,forestation,Council holds workshops on two bills aimed at increasing forests in county,https://www.fredericknewspost.com/council-holds-workshops-on-two-bills-aimed-at-increasing-forests/article_b21f170f-fa92-5ce8-8d6c-c375c86bf1fb.html,fredericknewspost.com,20200226T061500Z,English,United States
reforestation,forestation,"Gifted and Talented program brings rigor , creativity to classrooms",https://www.boothbayregister.com/article/gifted-and-talented-program-brings-rigor-creativity-classrooms/130712,boothbayregister.com,20200225T053000Z,English,United States
reforestation,forestation,Trump not helping average US families,https://www.citizensvoice.com/opinion/trump-not-helping-average-us-families-1.2597479,citizensvoice.com,20200221T093000Z,English,United States
reforestation,forestation,"Mayo Read , businessman and driving force of Charleston Trees , dies",https://www.postandcourier.com/news/mayo-read-businessman-and-driving-force-of-charleston-trees-dies/article_7dcc58dc-528d-11ea-8e52-8386e4553c47.html,postandcourier.com,20200221T000000Z,English,United States
reforestation,forestation,Court stops work on Tesla  Gigafactory  over environmental threats,https://www.tweaktown.com/news/70674/court-stops-work-on-teslas-gigafactory-over-environmental-threats/,tweaktown.com,20200217T123000Z,English,United States
reforestation,forestation,"The Weekend Wonk : Oil Industry Near Meltdown ? No , Really This Time ..",https://climatecrocks.com/2020/02/15/the-weekend-wonkoil-industry-near-meltdown-no-really-this-time/,climatecrocks.com,20200215T193000Z,English,United States
reforestation,forestation,EPA Administrator Andrew Wheeler Op - Ed : One Trillion Trees Initiative will build on President Donald Trump commitment,http://city-countyobserver.com/epa-administrator-andrew-wheeler-op-ed-one-trillion-trees-initiative-will-build-on-president-donald-trumps-commitment/,city-countyobserver.com,20200213T151500Z,English,United States
reforestation,forestation,EPA : One Trillion Trees plan will grow President Trump commitment,https://www.usatoday.com/story/opinion/todaysdebate/2020/02/11/epa-one-trillion-trees-grow-president-trump-commitment-editorials-debates/4728248002/,usatoday.com,20200211T220000Z,English,United States
reforestation,forestation,Coronavirus and Climate Change,https://www.wvtf.org/post/coronavirus-and-climate-change,wvtf.org,20200207T193000Z,English,United States
reforestation,forestation,"Sustain In Vain : Artists On Sustainability , Solutions , and Staying Positive in the Face of Climate Change",https://www.kexp.org/read/2020/2/7/clash-artists-talk-about-sustainability-solutions-staying-positive-climate-change/,kexp.org,20200207T180000Z,English,United States
reforestation,forestation,ICC launches GreenUp Australia to improve fire resilience and replant trees on a national scale - ICC,https://iccwbo.org/media-wall/news-speeches/icc-launches-greenup-australia-to-improve-fire-resilience-and-replant-trees-on-a-national-scale/,iccwbo.org,20200207T174500Z,English,United States
reforestation,forestation,Time to close the loopholes on Md . forest conservation law,http://www.baltimoresun.com/opinion/op-ed/bs-ed-op-0222-forest-conservation-20190221-story.html,baltimoresun.com,20200207T100000Z,English,United States
reforestation,forestation,Corona Virus and Climate Change,https://www.wvtf.org/post/corona-virus-and-climate-change,wvtf.org,20200206T113000Z,English,United States
reforestation,forestation,El Salvador : Protecting poor neighbourhoods in El Salvador against natural catastrophes,http://humanitariannews.org/20200206/el-salvador-protecting-poor-neighbourhoods-el-salvador-against-natural-catastrophes,humanitariannews.org,20200206T044500Z,English,United States
reforestation,forestation,Worthplaying |  The Universim  Enters Beta Stage With Big Content Update,https://worthplaying.com/article/2020/2/4/news/117959/,worthplaying.com,20200205T043000Z,English,United States
reforestation,forestation,Can wood construction transform cities from carbon source to carbon vault,http://www.spacedaily.com/reports/Can_wood_construction_transform_cities_from_carbon_source_to_carbon_vault_999.html,spacedaily.com,20200204T100000Z,English,United States
reforestation,forestation,Can Wood Construction Transform Cities From Carbon Source to Carbon Vault ?,https://environment.yale.edu/news/article/can-wood-buildings-convert-cities-from-carbon-source-to-carbon-vault/,environment.yale.edu,20200201T010000Z,English,United States
reforestation,forestation,12 Lasting Values for an Uncertain World - The Good Men Project,https://goodmenproject.com/featured-content/12-lasting-values-for-an-uncertain-world/,goodmenproject.com,20200327T133000Z,English,United States
reforestation,forestation,The Loneliest Tree in the World,https://lithub.com/the-loneliest-tree-in-the-world/,lithub.com,20200324T091500Z,English,United States
reforestation,forestation,Save the forests and support county bill,https://www.fredericknewspost.com/opinion/letter_to_editor/save-the-forests-and-support-county-bill/article_5cba5ba8-5303-5cc7-a541-7e6f79c3eba3.html,fredericknewspost.com,20200323T103000Z,English,United States
reforestation,forestation,Science is NOT consensus,https://www.wmicentral.com/opinion/editorials/science-is-not-consensus/article_642e5a0c-b8fe-5b1d-bd65-c1ae0b2557d0.html,wmicentral.com,20200313T123000Z,English,United States
reforestation,forestation,Brookfield District 3 aldermanic race : candidates discuss the issues,https://www.jsonline.com/story/communities/west/news/brookfield/2020/03/11/brookfield-district-3-aldermanic-race-candidates-discuss-issues/5019564002/,jsonline.com,20200311T180000Z,English,United States
reforestation,forestation,OMV Petrom contributes to forestation initiative in Romania,https://www.petrolplaza.com/news/24310,petrolplaza.com,20200311T150000Z,English,United States
reforestation,forestation,Mexicans want change that AMLO cant bring,https://www.nonpareilonline.com/washingtonpost/commentary/mexicans-want-change-that-amlo-can-t-bring/article_a3a43fce-0c51-5b9c-9261-8a5639643486.html,nonpareilonline.com,20200307T104500Z,English,United States
reforestation,forestation,Let keep the debate within these pages,https://www.waheagle.com/story/2020/03/05/opinion/lets-keep-the-debate-within-these-pages/17474.html,waheagle.com,20200305T040000Z,English,United States
reforestation,forestation,"Mexican president rejects resignation of senior official , backs him",https://isp.netscape.com/news/world/story/0002/20200303/KBN20Q2KW_1,isp.netscape.com,20200303T201500Z,English,United States
reforestation,forestation,"Mexican president rejects resignation of senior official , backs him",https://af.reuters.com/article/worldNews/idAFKBN20Q2LL,af.reuters.com,20200303T191500Z,English,United States
reforestation,forestation,"Mexican president rejects resignation of senior official , backs him",https://mymixfm.com/2020/03/03/mexican-president-rejects-resignation-of-senior-official-backs-him/,mymixfm.com,20200303T190000Z,English,United States
reforestation,forestation,"Mexican president rejects resignation of senior official , backs him",https://uk.reuters.com/article/uk-mexico-politics/mexican-president-rejects-resignation-of-senior-official-backs-him-idUKKBN20Q2LL,uk.reuters.com,20200303T184500Z,English,United States
reforestation,forestation,"Mexican president rejects resignation of senior official , backs him",https://www.reuters.com/article/us-mexico-politics-idUSKBN20Q2KW,reuters.com,20200303T184500Z,English,United States
reforestation,forestation,"Mexican president rejects resignation of senior official , backs him",https://www.reuters.com/article/us-mexico-politics/mexican-president-rejects-resignation-of-senior-official-backs-him-idUSKBN20Q2KW,reuters.com,20200303T183000Z,English,United States
reforestation,forestation,"Senior Mexican official quits , in latest blow to president | News",https://wsau.com/news/articles/2020/mar/03/senior-mexican-official-quits-in-latest-blow-to-president/990486/,wsau.com,20200303T080000Z,English,United States
reforestation,forestation,"Senior Mexican official quits , in latest blow to president",https://www.reuters.com/article/us-mexico-politics-idUSKBN20Q0FV,reuters.com,20200303T064500Z,English,United States
reforestation,forestation,"Senior Mexican official quits , in latest blow to president",https://www.reuters.com/article/us-mexico-politics/senior-mexican-official-quits-in-latest-blow-to-president-idUSKBN20Q0FV,reuters.com,20200303T063000Z,English,United States
reforestation,forestation,"Senior Mexican official quits , in latest blow to president",https://in.reuters.com/article/mexico-politics/senior-mexican-official-quits-in-latest-blow-to-president-idINKBN20Q0GD,in.reuters.com,20200303T063000Z,English,United States
reforestation,forestation,"THE LINK - A  conscious  city - forest for 200 , 000 people | Luca Curci architects",https://archinect.com/firms/project/131844124/the-link-a-conscious-city-forest-for-200-000-people/150195730,archinect.com,20200430T210000Z,English,United States
reforestation,forestation,Wine And Songs : Experts Share Comfort Bottles And Tunes,https://www.forbes.com/sites/jeanneobriencoffey/2020/04/29/wine-and-songs-experts-share-comfort-bottles-and-tunes/,forbes.com,20200429T150000Z,English,United States
reforestation,forestation,Facedrive Launches  Food Delivery Platform for Safe Community Cohesion in the COVID - 19 Pandemic,https://apnews.com/Business%20Wire/95636d7c2cca4cd298c16177df8e85d5,apnews.com,20200429T143000Z,English,United States
reforestation,forestation,Facedrive Launches  Food Delivery Platform for Safe Community Cohesion in the COVID - 19 Pandemic,https://www.tmcnet.com/usubmit/2020/04/29/9141211.htm,tmcnet.com,20200429T120000Z,English,United States
reforestation,forestation,Facedrive Launches  Food Delivery Platform for Safe Community Cohesion in the COVID - 19 Pandemic - Press Release,http://www.digitaljournal.com/pr/4666008,digitaljournal.com,20200429T120000Z,English,United States
reforestation,forestation,"Nebraska Forest Service cares for trees across the state - News - Syracuse Journal - Democrat - Syracuse , NE",https://www.journaldemocrat.com/news/20200426/nebraska-forest-service-cares-for-trees-across-state,journaldemocrat.com,20200427T004500Z,English,United States
reforestation,forestation,A Europe covered in grasslands or forests : Innovation and research on climate models,https://phys.org/news/2020-04-europe-grasslands-forests-climate.html,phys.org,20200423T173000Z,English,United States
reforestation,forestation,Europe hidden green spaces : from flowering roof tops to bus stop gardens,https://www.euronews.com/living/2020/04/23/europe-s-hidden-green-spaces-from-flowering-roof-tops-to-bus-stop-gardens,euronews.com,20200423T171500Z,English,United States
reforestation,forestation,Environmental News Network - A Europe Covered In Grasslands Or Forests : Innovation And Research On Climate Models,https://www.enn.com/articles/2-uncategorised/63247-a-europe-covered-in-grasslands-or-forests-innovation-and-research-on-climate-models?Itemid=151,enn.com,20200423T170000Z,English,United States
reforestation,forestation,A Europe covered in grasslands or forests : innovation and research on climate models,https://www.eurekalert.org/pub_releases/2020-04/cf-e-aec042320.php,eurekalert.org,20200423T161500Z,English,United States
reforestation,forestation,Earth Day tech roundup : Protect the planet with your purchase of sustainable technology e Earth Day with eco - friendly and sustainable tech,https://www.cnn.com/2020/04/22/cnn-underscored/eco-friendly-tech-roundup/,cnn.com,20200422T190000Z,English,United States
reforestation,forestation,Happy Earth Day : 5 Food Swaps for the Environment and Your Health,https://y105music.com/happy-earth-day-5-easy-food-swaps-for-the-environment-and-your-health/,y105music.com,20200422T140000Z,English,United States
reforestation,forestation,"The Best Foods for the Environment , and for you",https://keanradio.com/happy-earth-day-5-easy-food-swaps-for-the-environment-and-your-health/,keanradio.com,20200422T133000Z,English,United States
reforestation,forestation,"The Best Foods for the Environment , and for you",https://k945.com/happy-earth-day-5-easy-food-swaps-for-the-environment-and-your-health/,k945.com,20200422T124500Z,English,United States
reforestation,forestation,"The Best Foods for the Environment , and for you",https://mega993online.com/happy-earth-day-5-easy-food-swaps-for-the-environment-and-your-health/,mega993online.com,20200422T100000Z,English,United States
reforestation,forestation,Nature and the economy Earthday Exclusive,https://www.tetongravity.com/story/lifestyle/nature-and-the-economy-earthday-exclusive,tetongravity.com,20200417T211500Z,English,United States
reforestation,forestation,Flattening the climate curve in the post - COVID world,https://www.weforum.org/agenda/2020/04/flattening-the-climate-curve-in-the-post-covid-world/,weforum.org,20200417T153000Z,English,United States
reforestation,forestation,Nature and the economy Earthday Exclusive,https://www.tetongravity.com/story/Lifestyle/earth-day-is-here.-in-this-special-day-of-april-22nd-why-not-celebrate-or-d,tetongravity.com,20200415T203000Z,English,United States
reforestation,forestation,Nature and the economy Earthday Exclusive,https://www.tetongravity.com/story/Other/earth-day-is-here.-in-this-special-day-of-april-22nd-why-not-celebrate-or-d,tetongravity.com,20200415T190000Z,English,United States
reforestation,forestation,COVID - 19 Coronavirus : Nature Wake - up Call to Mankind ?,https://www.eturbonews.com/570154/covid-19-coronavirus-natures-wake-up-call-to-mankind/,eturbonews.com,20200413T234500Z,English,United States
reforestation,forestation,GIR Store / Studio AUTORI | ArchDaily,https://www.archdaily.com/937070/gir-store-studio-autori,archdaily.com,20200410T071500Z,English,United States
reforestation,forestation,The Smearing of Ken Loach and Jeremy Corbyn is the Face of our New Toxic Politics,https://dissidentvoice.org/2020/04/the-smearing-of-ken-loach-and-jeremy-corbyn-is-the-face-of-our-new-toxic-politics/,dissidentvoice.org,20200409T004500Z,English,United States
reforestation,forestation,Drawdown Utah | Catalyst Magazine,https://catalystmagazine.net/drawdown-utah/,catalystmagazine.net,20200402T143000Z,English,United States
reforestation,forestation,Retaking historic pictures,https://www.codyenterprise.com/news/people/article_55713f1e-a437-11ea-94f5-7bfbcb501917.html,codyenterprise.com,20200601T191500Z,English,United States
reforestation,forestation,The Pentagon Zombie Plan of 2011 | Top Secret Writers,https://www.topsecretwriters.com/2020/05/pentagon-zombie-plan-2011/,topsecretwriters.com,20200528T070000Z,English,United States
reforestation,forestation,Crystal Geyser Buys Cabin Bar Ranch,https://www.sierrawave.net/crystal-geyser-buys-cabin-bar-ranch/,sierrawave.net,20200516T014500Z,English,United States
reforestation,forestation,- OMV Petrom installed photovoltaic ...,https://www.euro-petrole.com/omv-petrom-installed-photovoltaic-panels-in-40-filling-stations-in-romania-n-i-20558,euro-petrole.com,20200513T161500Z,English,United States
reforestation,forestation,Into the Dark Delivered Review : Mother Day – / Film,https://www.slashfilm.com/into-the-dark-delivered-review/,slashfilm.com,20200512T173000Z,English,United States
reforestation,forestation,Coronavirus Hasn´t Slowed Down Ecological Women Farmers in Peru Andes Highlands,https://www.ipsnews.net/2020/05/coronavirus-hasnt-slowed-ecological-women-farmers-perus-andes-highlands/,ipsnews.net,20200511T183000Z,English,United States
reforestation,forestation,China is virtually alone in backing Africa coal projects,https://www.registercitizen.com/news/article/China-is-virtually-alone-in-backing-Africa-s-coal-15259764.php,registercitizen.com,20200510T153000Z,English,United States
reforestation,forestation,China is virtually alone in backing Africa coal projects,https://www.lmtonline.com/news/article/China-is-virtually-alone-in-backing-Africa-s-coal-15259764.php,lmtonline.com,20200510T123000Z,English,United States
reforestation,forestation,China is virtually alone in backing Africa coal projects,https://www.middletownpress.com/news/article/China-is-virtually-alone-in-backing-Africa-s-coal-15259764.php,middletownpress.com,20200510T120000Z,English,United States
reforestation,forestation,China is virtually alone in backing Africa coal projects,https://www.thetelegraph.com/news/article/China-is-virtually-alone-in-backing-Africa-s-coal-15259764.php,thetelegraph.com,20200510T120000Z,English,United States
reforestation,forestation,Iceland uses coronavirus stimulus money to fight climate change,https://www.foxnews.com/science/iceland-coronavirus-stimulus-climate-change-reforestation,foxnews.com,20200509T220000Z,English,United States
reforestation,forestation,Social Distancing in Georgia ; ACE Inhibitors and COVID - 19 : It TTHealthWatch !,https://www.medpagetoday.com/infectiousdisease/covid19/86386,medpagetoday.com,20200509T181500Z,English,United States
reforestation,forestation,Clean Energy Fuels Corp ( CLNE ) Q1 2020 Earnings Call Transcript,https://www.fool.com/earnings/call-transcripts/2020/05/08/clean-energy-fuels-corp-clne-q1-2020-earnings-call.aspx?source=iedfolrf0000001,fool.com,20200508T194500Z,English,United States
reforestation,forestation,Clean Energy Fuels Corp ( CLNE ) Q1 2020 Earnings Call Transcript,https://www.fool.com/earnings/call-transcripts/2020/05/08/clean-energy-fuels-corp-clne-q1-2020-earnings-call.aspx,fool.com,20200508T193000Z,English,United States
reforestation,forestation,Clean Energy Fuels Corp . ( CLNE ) CEO Andrew Littlefair on Q1 2020 Results - Earnings Call Transcript,https://seekingalpha.com/article/4344449-clean-energy-fuels-corp-clne-ceo-andrew-littlefair-on-q1-2020-results-earnings-call,seekingalpha.com,20200508T031500Z,English,United States
reforestation,forestation,China Is Virtually Alone in Backing Africa Coal Projects,https://nz.finance.yahoo.com/news/china-virtually-alone-backing-africa-210037958.html,nz.finance.yahoo.com,20200507T230000Z,English,United States
reforestation,forestation,China Is Virtually Alone in Backing Africa Coal Projects,https://au.finance.yahoo.com/news/china-virtually-alone-backing-africa-210037958.html,au.finance.yahoo.com,20200507T120000Z,English,United States
reforestation,forestation,China Is Virtually Alone in Backing Africa Dirty Coal Projects,https://www.msn.com/en-us/news/world/china-is-virtually-alone-in-backing-africa-e2-80-99s-dirty-coal-projects/ar-BB13HWW9,msn.com,20200506T223000Z,English,United States
reforestation,forestation,China Is Virtually Alone in Backing Africa Dirty Coal Projects,https://finance.yahoo.com/news/china-virtually-alone-backing-africa-210037958.html,finance.yahoo.com,20200506T223000Z,English,United States
reforestation,forestation,Coronavirus Hasn´t Slowed Down Ecological Women Farmers in Peru Andes Highlands,http://www.ipsnews.net/2020/05/coronavirus-hasnt-slowed-ecological-women-farmers-perus-andes-highlands/,ipsnews.net,20200506T174500Z,English,United States
reforestation,forestation,PM highlights new  jungle job for unemployed during pandemic,https://www.msn.com/en-xl/asia/pakistan/pm-highlights-new-jungle-jobs-for-unemployed-during-pandemic/ar-BB13up8p,msn.com,20200502T033000Z,English,United States
reforestation,forestation,"Albert Alexander Martin of Santa Barbara , 1926 - 2020",https://www.noozhawk.com/article/albert_alexander_martin_1926-2020,noozhawk.com,20200701T234500Z,English,United States
reforestation,forestation,"Eureka Man Detained in Covelo Cannabis Operation That Included FBI , DEA , National Guard Members – Redheaded Blackbelt",https://kymkemp.com/2020/06/26/eureka-man-detained-in-covelo-cannabis-operation-that-included-fbi-dea-national-guard-members/,kymkemp.com,20200627T001500Z,English,United States
reforestation,forestation,"Planting trees isnt always the best answer to a warmer world , studies agree",https://www.zmescience.com/science/plantint-trees-not-enough-0523/,zmescience.com,20200624T211500Z,English,United States
reforestation,forestation,Shock decision by Nestlé united kingdom & I to stop using Fairtrade cocoa means farmers will lose Premium,https://www.confectionerynews.com/Article/2020/06/23/Shock-decision-by-Nestle-UK-I-to-stop-using-Fairtrade-cocoa-means-farmers-will-lose-Premium,confectionerynews.com,20200623T154500Z,English,United States
reforestation,forestation,"On the Trail : Hitting Sedona , Arizona Broken Arrow with Austin Stobaugh",https://www.drivingline.com/articles/on-the-trail-hitting-sedona-arizonas-broken-arrow-with-austin-stobaugh/,drivingline.com,20200620T053000Z,English,United States
reforestation,forestation,Wind alone too risky – united kingdom needs nuclear hydrogen to hit 2050 net - zero goal : study,https://www.rechargenews.com/transition/wind-alone-too-risky-uk-needs-nuclear-hydrogen-to-hit-2050-net-zero-goal-study/2-1-828038,rechargenews.com,20200618T071500Z,English,United States
reforestation,forestation,"Council first reading on Smithfield loan , conservation amendments",https://www.cecildaily.com/news/local_news/councils-first-reading-on-smithfield-loan-conservation-amendments/article_4ead032b-1229-5d5f-b23a-03228b16853a.html,cecildaily.com,20200611T200000Z,English,United States
reforestation,forestation,Global cooperation will be needed to do carbon removal right,https://www.axios.com/carbon-removal-global-cooperation-954106cc-af90-4bc0-b38f-f36aacd61c87.html,axios.com,20200610T150000Z,English,United States
reforestation,forestation,"Nature and the economy , Earth day Exclusive",https://www.tetongravity.com/story/lifestyle/nature-and-the-economy-earth-day-exclusive,tetongravity.com,20200610T063000Z,English,United States
reforestation,forestation,UPS To Mark World Environment Day By Matching Offsets Of Carbon Neutral Shipments In June,https://www.globenewswire.com/news-release/2020/06/01/2041479/0/en/UPS-To-Mark-World-Environment-Day-By-Matching-Offsets-Of-Carbon-Neutral-Shipments-In-June.html,globenewswire.com,20200608T154500Z,English,United States
reforestation,forestation,"Eni ( E ) to Restructure , Separate Green Energy From Oil & Gas",https://finance.yahoo.com/news/eni-e-restructure-separate-green-133701998.html,finance.yahoo.com,20200605T190000Z,English,United States
reforestation,forestation,UPS Ramps Up Carbon Neutral Shipment Offsets,http://www.triplepundit.com/story/2020/ups-ramps-carbon-neutral-shipment-offsets/120511,triplepundit.com,20200605T163000Z,English,United States
reforestation,forestation,UPS Ramps Up Carbon Neutral Shipment Offsets,https://www.triplepundit.com/story/2020/ups-ramps-carbon-neutral-shipment-offsets/120511,triplepundit.com,20200605T141500Z,English,United States
reforestation,forestation,Nature and the economy _ Earth day Exclusive,https://www.tetongravity.com/story/News/nature-and-the-economy_-earth-day-exclusive,tetongravity.com,20200604T184500Z,English,United States
reforestation,forestation,UPS To Mark World Environment Day By Matching Offsets Of Carbon Neutral Shipments In June,http://www.globenewswire.com/news-release/2020/06/01/2041479/0/en/UPS-To-Mark-World-Environment-Day-By-Matching-Offsets-Of-Carbon-Neutral-Shipments-In-June.html,globenewswire.com,20200602T050000Z,English,United States
reforestation,forestation,Retaking historic pictures,https://www.codyenterprise.com/news/people/article_55713f1e-a437-11ea-94f5-7bfbcb501917.html,codyenterprise.com,20200601T191500Z,English,United States
reforestation,forestation,Advanced BioCatalytics Receives EPA Safer Choice Approval for Eco - Friendly Co - Surfactant,https://www.prnewswire.com:443/news-releases/advanced-biocatalytics-receives-epa-safer-choice-approval-for-eco-friendly-co-surfactant-301103620.html,prnewswire.com,20200731T130000Z,English,United States
reforestation,forestation,"Carbon dioxide removal is critical in next decade , experts tell Congress",https://www.upi.com/Top_News/US/2020/07/28/Carbon-dioxide-removal-is-critical-in-next-decade-experts-tell-Congress/9971595972043/,upi.com,20200728T233000Z,English,United States
reforestation,forestation,Capgemini Press Release // Capgemini announces its ambition to become a net zero business by 2030,https://www.globenewswire.com/news-release/2020/07/23/2066319/0/en/Capgemini-Press-Release-Capgemini-announces-its-ambition-to-become-a-net-zero-business-by-2030.html,globenewswire.com,20200726T221500Z,English,United States
reforestation,forestation,How Ghost of Tsushima Open World Changed During Development,https://www.ign.com/articles/how-ghost-of-tsushimas-open-world-changed-during-development,ign.com,20200724T200000Z,English,United States
reforestation,forestation,Capgemini Press Release // Capgemini announces its ambition to become a net zero business by 2030,http://www.globenewswire.com/news-release/2020/07/23/2066319/0/en/Capgemini-Press-Release-Capgemini-announces-its-ambition-to-become-a-net-zero-business-by-2030.html,globenewswire.com,20200723T100000Z,English,United States
reforestation,forestation,How COVID - 19 challenges sustainability goals | Stories,https://www.worldwildlife.org/stories/how-covid-19-challenges-sustainability-goals,worldwildlife.org,20200722T160000Z,English,United States
reforestation,forestation,Stephen T . Jackson column : Stony Creek Township carved out of heavy forest growth,https://www.heraldbulletin.com/opinion/stephen-t-jackson-column-stony-creek-township-carved-out-of-heavy-forest-growth/article_78902db0-c837-11ea-a69b-47369622ecd0.html,heraldbulletin.com,20200722T124500Z,English,United States
reforestation,forestation,Commentary : Dishman Hills offers hiking adventure to be remembered,https://www.spokesman.com/stories/2020/jul/18/commentary-dishman-hills-offers-hiking-adventure-t/,spokesman.com,20200722T020000Z,English,United States
reforestation,forestation,Commentary : Dishman Hills offers hiking adventure to be remembered,https://www.swxrightnow.com/stories/2020/jul/18/commentary-dishman-hills-offers-hiking-adventure-t/,swxrightnow.com,20200722T014500Z,English,United States
reforestation,forestation,Apple Plans to Be 100 % Carbon Neutral by 2030,https://www.fool.com/investing/2020/07/21/apple-plans-to-be-100-carbon-neutral-by-2030.aspx,fool.com,20200721T171500Z,English,United States
reforestation,forestation,A Measured Look at Climate Alarmism : Apocalypse Never,https://ricochet.com/780587/a-measured-look-at-climate-alarmism-apocalypse-never/,ricochet.com,20200719T190000Z,English,United States
reforestation,forestation,Desert turned into oasis : villagers devoted 27 years to forestation,https://www.msn.com/en-xl/news/other/desert-turned-into-oasis-villagers-devoted-27-years-to-forestation/ar-BB16NyfZ,msn.com,20200716T041500Z,English,United States
reforestation,forestation,Tree Lovers Are Replacing Some of Nashville Lost Greenery,https://www.nashvillescene.com:443/news/features/article/21140029/tree-lovers-are-replacing-some-of-nashvilles-lost-greenery,nashvillescene.com,20200715T104500Z,English,United States
reforestation,forestation,Tree Lovers Are Replacing Some of Nashville Lost Greenery,https://www.nashvillescene.com/news/features/article/21140029/tree-lovers-are-replacing-some-of-nashvilles-lost-greenery,nashvillescene.com,20200715T103000Z,English,United States
reforestation,forestation,Korea New Southern Policy : Diversifying Economic and Strategic Portfolios,https://www.eastwestcenter.org/publications/koreas-new-southern-policy-diversifying-economic-and-strategic-portfolios,eastwestcenter.org,20200713T191500Z,English,United States
reforestation,forestation,"We Dont Need to Destroy the Global Economy to Save the Planet . Instead , We Can Strengthen Both",https://www.msn.com/en-us/news/world/we-dont-need-to-destroy-the-global-economy-to-save-the-planet-instead-we-can-strengthen-both/ar-BB16xLsL,msn.com,20200709T180000Z,English,United States
reforestation,forestation,Local Government Super announces carbon neutral certification,https://www.miragenews.com/local-government-super-announces-carbon-neutral-certification/,miragenews.com,20200709T053000Z,English,United States
reforestation,forestation,"The JNF Sordid History : Tower and Stockades , Forests and Jim Crow Vetting Committees",https://dissidentvoice.org/2020/07/the-jnfs-sordid-history-tower-and-stockades-forests-and-jim-crow-vetting-committees/,dissidentvoice.org,20200708T204500Z,English,United States
reforestation,forestation,"Questionnaire : Ashira Mohammed , candidate for Florida House District 101",http://www.sun-sentinel.com/opinion/commentary/fl-op-com-questionnaire-ashira-mohammed-20200708-5mmku47vhrcrzoogtnafoh7dcu-story.html,sun-sentinel.com,20200708T153000Z,English,United States
reforestation,forestation,Foundation Preview ( PC ) - Hey Poor Player,https://www.heypoorplayer.com/2020/07/06/foundation-preview-pc/,heypoorplayer.com,20200708T084500Z,English,United States
reforestation,forestation,"Albert Alexander Martin of Santa Barbara , 1926 - 2020",https://www.noozhawk.com/article/albert_alexander_martin_1926-2020,noozhawk.com,20200701T234500Z,English,United States
reforestation,forestation,Dollar General site approved near Huyetts,https://www.heraldmailmedia.com/news/local/dollar-general-site-approved-near-huyetts/article_df9e51ba-cd9d-5dad-955c-2c0c1da64a21.html,heraldmailmedia.com,20200901T054500Z,English,United States
reforestation,forestation,Study shows efforts in mangrove conservation and restoration paying off,https://phys.org/news/2020-08-efforts-mangrove.html,phys.org,20200831T121500Z,English,United States
reforestation,forestation,Study shows efforts in mangrove conservation and restoration paying off,https://www.eurekalert.org/pub_releases/2020-08/sc-sse082620.php,eurekalert.org,20200828T171500Z,English,United States
reforestation,forestation,"China is Heating Up Faster Than The Global Average , Data Shows",https://www.bloomberg.com/news/articles/2020-08-27/china-is-heating-up-faster-than-the-global-average-data-shows,bloomberg.com,20200827T140000Z,English,United States
reforestation,forestation,"China is Heating Up Faster Than The Global Average , Data Shows",https://www.msn.com/en-us/money/other/china-is-heating-up-faster-than-the-global-average-data-shows/ar-BB18q6rP,msn.com,20200827T100000Z,English,United States
reforestation,forestation,World - first study challenges impact of net mangrove loss on climate change,https://www.miragenews.com/world-first-study-challenges-impact-of-net-mangrove-loss-on-climate-change/,miragenews.com,20200826T204500Z,English,United States
reforestation,forestation,ESG Investing and the Bioeconomy : Part 1 – Impact and ESG Investing Through the Financier Eyes : Biofuels Digest,https://www.biofuelsdigest.com/bdigest/2020/08/25/esg-investing-and-the-bioeconomy-part-1-impact-and-esg-investing-through-the-financiers-eyes/,biofuelsdigest.com,20200825T231500Z,English,United States
reforestation,forestation,Norway Reaffirms Commitment to Support Ethiopia Climate - Resilient Green Economy,https://www.msn.com/en-xl/news/other/norway-reaffirms-commitment-to-support-ethiopia-s-climate-resilient-green-economy/ar-BB18gbgl,msn.com,20200822T144500Z,English,United States
reforestation,forestation,"Sh21m water projects supply 15 , 000 Kisumu , Homa Bay families",https://www.msn.com/en-xl/news/other/sh21m-water-projects-supply-15000-kisumu-homa-bay-families/ar-BB189UuT,msn.com,20200820T024500Z,English,United States
reforestation,forestation,Documentarian shares experiences investigating Sasquatch,http://www.newhampshirelakesandmountains.com/Articles-Gilford-Steamer-c-2020-08-13-165097.113119-Documentarian-shares-experiences-investigating-Sasquatch.html,newhampshirelakesandmountains.com,20200813T153000Z,English,United States
reforestation,forestation,Native Son : The American Chestnut mystery at Malabar Farm,https://www.richlandsource.com/area_history/native-son-the-american-chestnut-mystery-at-malabar-farm/article_aaa049d8-4d7d-11e4-8251-3c4a92f391a4.html,richlandsource.com,20200808T163000Z,English,United States
reforestation,forestation,"Herbicide harming marsupial health and development , research finds",https://www.eurekalert.org/pub_releases/2020-08/uom-hhm080520.php,eurekalert.org,20200806T141500Z,English,United States
reforestation,forestation,Herbicide harming marsupial health and development,https://phys.org/news/2020-08-herbicide-marsupial-health.html,phys.org,20200806T131500Z,English,United States
reforestation,forestation,Advanced BioCatalytics gets EPA Safer Choice Approval for  fermactants  : Biofuels Digest,https://www.biofuelsdigest.com/bdigest/2020/08/02/advanced-biocatalytics-gets-epa-safer-choice-approval-for-fermactants/,biofuelsdigest.com,20200803T020000Z,English,United States
reforestation,forestation,Kinsler : … and just below the Big Dipper youll see a FedEx airplane,https://www.lancastereaglegazette.com/story/life/2020/08/02/kinsler-and-just-below-big-dipper-youll-see-fedex-airplane/5527018002/,lancastereaglegazette.com,20200802T200000Z,English,United States
reforestation,forestation,Humble cow : a koala serial killer ?,https://www.miragenews.com/humble-cow-a-koala-serial-killer/,miragenews.com,20200924T220000Z,English,United States
reforestation,forestation,California is on fire . What can we do to fix it ?,https://www.dailycardinal.com/article/2020/09/california-is-on-fire-what-can-we-do-to-fix-it,dailycardinal.com,20200924T153000Z,English,United States
reforestation,forestation,Total knocks heads together to bring East African pipeline closer to fruition,https://www.upstreamonline.com/field-development/total-knocks-heads-together-to-bring-east-african-pipeline-closer-to-fruition/2-1-875216,upstreamonline.com,20200917T224500Z,English,United States
reforestation,forestation,These 5 companies just got capital from Amazon Climate Pledge Fund aimed at slashing carbon emissions,https://www.bizjournals.com/seattle/news/2020/09/17/amazon-climate-pledge-fund-recipients.html,bizjournals.com,20200917T203000Z,English,United States
reforestation,forestation,"If Trojan Horse Biden Wins , Marxists Will Rule America Unopposed",https://www.rushlimbaugh.com/daily/2020/09/16/if-democrats-win-marxists-will-rule-america-unopposed/,rushlimbaugh.com,20200916T230000Z,English,United States
reforestation,forestation,EU higher 55 % emissions cut plan splits renewable energy sector,https://www.rechargenews.com/transition/eus-higher-55-emissions-cut-plan-splits-renewable-energy-sector/2-1-876121,rechargenews.com,20200916T154500Z,English,United States
reforestation,forestation,"This Rosh Hashanah ,  If You Will It , It Is No Dream  – Boulder Jewish News",https://boulderjewishnews.org/2020/this-rosh-hashanah-if-you-will-it-it-is-no-dream/,boulderjewishnews.org,20200916T030000Z,English,United States
reforestation,forestation,Philips reinforces its leadership as a purpose - driven company with an enhanced and fully integrated approach to doing business responsibly and sustainably,http://www.globenewswire.com/news-release/2020/09/14/2092710/0/en/Philips-reinforces-its-leadership-as-a-purpose-driven-company-with-an-enhanced-and-fully-integrated-approach-to-doing-business-responsibly-and-sustainably.html,globenewswire.com,20200914T093000Z,English,United States
reforestation,forestation,Philips reinforces its leadership as a purpose - driven company with an enhanced and fully integrated approach to doing business responsibly and sustainably,https://energy.einnews.com/pr_news/526179128/philips-reinforces-its-leadership-as-a-purpose-driven-company-with-an-enhanced-and-fully-integrated-approach-to-doing-business-responsibly-and,energy.einnews.com,20200914T091500Z,English,United States
reforestation,forestation,Philips reinforces its leadership as a purpose - driven company with an enhanced and fully integrated approach to doing business responsibly and sustainably,https://news.yahoo.com/philips-reinforces-leadership-purpose-driven-080000054.html,news.yahoo.com,20200914T084500Z,English,United States
reforestation,forestation,"China 40 - Year , Billion - Tree Project Is a Lesson for the World",https://www.msn.com/en-us/news/world/china-e2-80-99s-40-year-billion-tree-project-is-a-lesson-for-the-world/ar-BB190l9P,msn.com,20200914T071500Z,English,United States
reforestation,forestation,Older and richer : Old grasslands show high biodiversity and conservation value,https://www.eurekalert.org/pub_releases/2020-09/uot-oar091020.php,eurekalert.org,20200910T181500Z,English,United States
reforestation,forestation,Old grasslands show high biodiversity and conservation value,https://phys.org/news/2020-09-grasslands-high-biodiversity.html,phys.org,20200910T134500Z,English,United States
reforestation,forestation,Landscape Architecture vs . Architecture,https://archinect.com/forum/thread/72627556/landscape-architecture-vs-architecture,archinect.com,20200903T201500Z,English,United States
reforestation,forestation,The growth and decline in Rapa Nui population is a lesson for our future,https://phys.org/news/2020-09-growth-decline-rapa-nui-population.html,phys.org,20200903T123000Z,English,United States
reforestation,forestation,"ESG Investing and the Bioeconomy – Part 2 : Understanding ESG Investing Frameworks , Reporting , Stakeholders : Biofuels Digest",https://www.biofuelsdigest.com/bdigest/2020/09/01/esg-investing-and-the-bioeconomy-part-2-understanding-esg-investing-frameworks-reporting-stakeholders/,biofuelsdigest.com,20200902T030000Z,English,United States
reforestation,forestation,Dollar General site approved near Huyetts,https://www.heraldmailmedia.com/news/local/dollar-general-site-approved-near-huyetts/article_df9e51ba-cd9d-5dad-955c-2c0c1da64a21.html,heraldmailmedia.com,20200901T054500Z,English,United States
reforestation,forestation,Night skies over Jersey getting more active to end 2020,https://mybeachradio.com/night-skies-over-jersey-getting-more-active-to-end-2020/,mybeachradio.com,20201027T111500Z,English,United States
reforestation,forestation,Night skies over Jersey getting more active to end 2020,https://1057thehawk.com/night-skies-over-jersey-getting-more-active-to-end-2020/,1057thehawk.com,20201027T093000Z,English,United States
reforestation,forestation,Night skies over Jersey getting more active to end 2020,https://943thepoint.com/night-skies-over-jersey-getting-more-active-to-end-2020/,943thepoint.com,20201027T074500Z,English,United States
reforestation,forestation,Night skies over Jersey getting more active to end 2020,https://wobm.com/night-skies-over-jersey-getting-more-active-to-end-2020/,wobm.com,20201027T073000Z,English,United States
reforestation,forestation,Executive Order on Establishing the One Trillion Trees Interagency Council,https://www.imperialvalleynews.com/index.php/8-news/21475-executive-order-on-establishing-the-one-trillion-trees-interagency-council.html,imperialvalleynews.com,20201014T180000Z,English,United States
reforestation,forestation,Column : Making the world livable,https://www.themorningsun.com/opinion/column-making-the-world-livable/article_7e62f9f4-0cc3-11eb-8ecd-07d83c42b2c1.html,themorningsun.com,20201014T123000Z,English,United States
reforestation,forestation,Unlikely champions of aquaculture : Alexandra Cousteau,https://thefishsite.com/articles/unlikely-champions-of-aquaculture-alexandra-cousteau,thefishsite.com,20201014T094500Z,English,United States
reforestation,forestation,Executive Order on Establishing One Trillion Trees Interagency Council,https://www.miragenews.com/executive-order-on-establishing-one-trillion-trees-interagency-council/,miragenews.com,20201014T080000Z,English,United States
reforestation,forestation,Is afforestation in any case climate - friendly ?,https://www.miragenews.com/is-afforestation-in-any-case-climate-friendly/,miragenews.com,20201013T133000Z,English,United States
reforestation,forestation,Supercomputer simulations show that afforestation of grasslands can be counterproductive,https://phys.org/news/2020-10-supercomputer-simulations-afforestation-grasslands-counterproductive.html,phys.org,20201012T144500Z,English,United States
reforestation,forestation,Is Omaze A Legit Site ( Oct 2020 ) Reviews for Better View .,https://www.dodbuzz.com/is-omaze-a-legit-site/,dodbuzz.com,20201003T144500Z,English,United States
reforestation,forestation,"Director , Westchester and Southern Connecticut",https://www.idealist.org/en/nonprofit-job/93f8dda13e2c41068e4b8a5e93eb4b98-director-westchester-and-southern-connecticut-jewish-national-fund-westchester-county,idealist.org,20201002T110000Z,English,United States
reforestation,forestation,"Director , Tristate",https://www.idealist.org/en/nonprofit-job/0f4516b3af7641b3b99ff7007e27710a-director-tristate-jewish-national-fund-new-york,idealist.org,20201002T101500Z,English,United States
reforestation,forestation,Better forestation aids Guizhou environment | Humanitarian News,http://humanitariannews.org/20201201/better-forestation-aids-guizhou-environment,humanitariannews.org,20201201T221500Z,English,United States
reforestation,forestation,China forestation success could help other countries,http://humanitariannews.org/20201201/china-s-forestation-success-could-help-other-countries,humanitariannews.org,20201201T221500Z,English,United States
reforestation,forestation,Biden climate plans can cut emissions and also be good politics,https://thehill.com/opinion/energy-environment/527717-bidens-climate-plans-can-cut-emissions-and-also-be-good-politics,thehill.com,20201128T020000Z,English,United States
reforestation,forestation,Biden climate plans can cut emissions and also be good politics,https://www.msn.com/en-us/news/politics/biden-s-climate-plans-can-cut-emissions-and-also-be-good-politics/ar-BB1bqJ92,msn.com,20201127T224500Z,English,United States
reforestation,forestation,"Zentiva Continues Its Planet - Z Program For A Healthier Planet By Planting 4 , 500 Trees In Portugal",https://www.prnewswire.com/ru/press-releases/zentiva-continues-its-planet-z-program-for-a-healthier-planet-by-planting-4-500-trees-in-portugal-861552450.html,prnewswire.com,20201124T094500Z,English,United States
reforestation,forestation,"Zentiva Continues Its Planet - Z Program For A Healthier Planet By Planting 4 , 500 Trees In Portugal",https://www.prnewswire.com/in/news-releases/zentiva-continues-its-planet-z-program-for-a-healthier-planet-by-planting-4-500-trees-in-portugal-861552450.html,prnewswire.com,20201123T093000Z,English,United States
reforestation,forestation,Did Officials Know There Was a Black Cemetery on MacDill when it was Built ?,https://www.military.com/daily-news/2020/11/21/did-officials-know-there-was-black-cemetery-macdill-when-it-was-built.html,military.com,20201122T030000Z,English,United States
reforestation,forestation,Barry Nussbaum Webinar Tonight : Trump Path to Re - Election is Still Viable,http://www.frontpagemag.com/fpm/2020/11/barry-nussbaum-webinar-tonight-trumps-path-re-frontpage-editors/,frontpagemag.com,20201119T064500Z,English,United States
reforestation,forestation,Green Deal : Good for a Climate - neutral Europe - Bad for Planet,https://www.miragenews.com/green-deal-good-for-a-climate-neutral-europe-bad-for-planet/,miragenews.com,20201112T093000Z,English,United States
reforestation,forestation,Jurassic World Evolution Complete Edition Switch Review – TheSixthAxis,https://www.thesixthaxis.com/2020/11/03/jurassic-world-evolution-nintendo-switch-review/,thesixthaxis.com,20201103T123000Z,English,United States
reforestation,forestation,Thank You from JTree and The Nature Conservancy,https://boulderjewishnews.org/2020/thank-you-from-jtree-and-the-nature-conservancy/,boulderjewishnews.org,20201103T084500Z,English,United States
reforestation,forestation,The Next Great Migration  Review : A World in Motion,https://www.wsj.com/articles/the-next-great-migration-review-a-world-in-motion-11609517805,wsj.com,20210101T170000Z,English,United States
reforestation,forestation,"New Study Measures Total Environmental Degradation , Not Just CO2 Pollution",https://insideclimatenews.org/news/14052010/new-study-measures-total-environmental-degradation-not-just-co2-pollution/,insideclimatenews.org,20201226T101500Z,English,United States
reforestation,forestation,New Zealand rockpools become desolate as shellfish stocks are depleted,http://www.msn.com/en-nz/news/national/new-zealands-rockpools-become-desolate-as-shellfish-stocks-are-depleted/ar-BB1cdyew,msn.com,20201225T184500Z,English,United States
reforestation,forestation,Volunteers unite for  something beautiful and amazing  | Local News,https://www.heraldbanner.com/news/local_news/volunteers-unite-for-something-beautiful-and-amazing/article_542f7b4a-455c-11eb-ac8d-6b33a7a71622.html,heraldbanner.com,20201225T104500Z,English,United States
reforestation,forestation,New Zealand rockpools become desolate as shellfish stocks are depleted,http://www.msn.com/en-nz/news/national/new-zealand-s-rockpools-become-desolate-as-shellfish-stocks-are-depleted/ar-BB1cdyew,msn.com,20201225T073000Z,English,United States
reforestation,forestation,The death of Rhonda the monkey at Brit Spaugh Zoo is a loss of a rarity,https://www.gbtribune.com/opinion/death-rhonda-monkey-brit-spaugh-zoo-loss-rarity/,gbtribune.com,20201220T010000Z,English,United States
reforestation,forestation,An urban oasis in the heart of Milan,https://www.wallpaper.com/design/milanese-interiors-urban-oasis,wallpaper.com,20201213T213000Z,English,United States
reforestation,forestation,Brazil Announces 45 Percent Drop in Amazon Deforestation in November,https://www.breitbart.com/latin-america/2020/12/09/brazil-announces-45-percent-drop-amazon-deforestation-november/,breitbart.com,20201209T230000Z,English,United States
reforestation,forestation,Evolving Markets in Metaphysical Reconstruction,http://www.justmeans.com/article/evolving-markets-in-metaphysical-reconstruction,justmeans.com,20201209T001500Z,English,United States
reforestation,forestation,What the fight over EPA chief says about Democratic divisions,http://www.msn.com/en-us/news/us/what-the-fight-over-epa-chief-says-about-democratic-divisions/ar-BB1bKrBE,msn.com,20201208T204500Z,English,United States
reforestation,forestation,"Mary Nichols , the frontrunner for Biden EPA pick , faces opposition from environmental justice activists",https://www.washingtonpost.com/climate-environment/2020/12/08/climate-change-epa-mary-nichols/,washingtonpost.com,20201208T203000Z,English,United States
reforestation,forestation,CSRWire - Evolving Markets in Metaphysical Reconstruction,https://www.csrwire.com/press_releases/709056-evolving-markets-metaphysical-reconstruction,csrwire.com,20201208T200000Z,English,United States
reforestation,forestation,FAE - Primetech PT Prime Movers Help Thwart Wildfires,https://www.constructionequipmentguide.com/fae-primetech-pt-prime-movers-help-thwart-wildfires/50590,constructionequipmentguide.com,20201202T180000Z,English,United States
reforestation,forestation,Better forestation aids Guizhou environment | Humanitarian News,http://humanitariannews.org/20201201/better-forestation-aids-guizhou-environment,humanitariannews.org,20201201T221500Z,English,United States
reforestation,forestation,China forestation success could help other countries,http://humanitariannews.org/20201201/china-s-forestation-success-could-help-other-countries,humanitariannews.org,20201201T221500Z,English,United States
reforestation,forestation,NZ getting off gas in new climate plans,https://www.msn.com/en-au/news/australia/nz-getting-off-gas-in-new-climate-plans/ar-BB1dgSlO,msn.com,20210201T073000Z,English,United States
reforestation,forestation,Bloody challenging : Greens say climate report targets  achievable  but farmers anticipate tough changes,http://www.msn.com/en-nz/news/national/bloody-challenging-greens-say-climate-report-targets-achievable-but-farmers-anticipate-tough-changes/ar-BB1dgpIx,msn.com,20210131T230000Z,English,United States
reforestation,forestation,The Art World Is Finally Talking About Offsetting Its Carbon Footprint . But What Is the Most Effective Way to Do That ?,https://news.artnet.com/sustainability/art-world-carbon-offsetting-options-1940363,news.artnet.com,20210129T151500Z,English,United States
reforestation,forestation,Prehistoric mammal bones on exhibit at Discovery Center,https://www.sandiegouniontribune.com/north-county-community-news/story/2021-01-26/prehistoric-mammal-bones-on-display-at-discovery-center,sandiegouniontribune.com,20210127T011500Z,English,United States
reforestation,forestation,New DTE program gives customers ability to offset carbon footprint,https://www.fox17online.com/news/local-news/grand-rapids/new-dte-program-gives-customers-ability-to-offset-carbon-footprint,fox17online.com,20210126T223000Z,English,United States
reforestation,forestation,Bramblings : Need for trees,https://www.eagletimes.com/lifestyles/bramblings-need-for-trees/article_e4970430-f85b-5006-a6c4-622c3ed587f4.html,eagletimes.com,20210123T093000Z,English,United States
reforestation,forestation,The Flooding of Beech Fork,https://beltmag.com/beech-fork-lake-west-virginia-flood/,beltmag.com,20210121T224500Z,English,United States
reforestation,forestation,"Commentary : For China and the US , race to net - zero emissions doesnt have to be cutthroat competition",https://www.channelnewsasia.com/news/commentary/china-us-carbon-emissions-target-zero-2050-competition-biden-xi-13891702,channelnewsasia.com,20210117T223000Z,English,United States
reforestation,forestation,The Next Great Migration  Review : A World in Motion - American Renaissance,https://www.amren.com/news/2021/01/the-next-great-migration-review-a-world-in-motion/,amren.com,20210113T233000Z,English,United States
reforestation,forestation,"Engie and Neoen plan 1GW solar , storage and hydrogen project in French forest",https://www.rechargenews.com/transition/engie-and-neoen-plan-1gw-solar-storage-and-hydrogen-project-in-french-forest/2-1-942902,rechargenews.com,20210112T120000Z,English,United States
reforestation,forestation,Planning Commission approves site plan for new Sheetz,https://www.heraldmailmedia.com/news/local/planning-commission-approves-site-plan-for-new-sheetz/article_a1dc9b4d-44eb-5c56-ade9-09c892502ae4.html,heraldmailmedia.com,20210105T224500Z,English,United States
reforestation,forestation,The Next Great Migration  Review : A World in Motion,https://www.wsj.com/articles/the-next-great-migration-review-a-world-in-motion-11609517805,wsj.com,20210101T170000Z,English,United States
reforestation,forestation,Remembering the forgotten veterans of Evergreen,https://www.beaumontenterprise.com/insider/article/Remembering-the-forgotten-veterans-of-Evergreen-16211433.php,beaumontenterprise.com,20210530T133000Z,English,United States
reforestation,forestation,Dutch court ruling to lead to Shell shrinking - analysts,https://www.reuters.com/business/sustainable-business/dutch-court-ruling-lead-shells-shrinking-analysts-2021-05-27/,reuters.com,20210527T190000Z,English,United States
reforestation,forestation,Dutch court ruling to lead to Shell shrinking - analysts,https://www.reuters.com/article/uk-shell-netherlands-court-shrink/dutch-court-ruling-to-lead-to-shells-shrinking-analysts-idUSKCN2D82A3,reuters.com,20210527T180000Z,English,United States
reforestation,forestation,NEW VOICES : Former Unilever CEO Says Business Leaders Should Take Stand Against Death Penalty,https://deathpenaltyinfo.org/news/new-voices-former-unilever-ceo-says-business-leaders-should-take-stand-against-death-penalty,deathpenaltyinfo.org,20210526T231500Z,English,United States
reforestation,forestation,River of Gold  documentary available on streaming platforms,https://dailyprogress.com/entertainment/movies/river-of-gold-documentary-available-on-streaming-platforms/article_2153af1c-bcbb-11eb-a439-834f99e16ffe.html,dailyprogress.com,20210526T230000Z,English,United States
reforestation,forestation,"Indusparquet , product catalog",https://www.archdaily.com/catalog/us/companies/477/indusparquet,archdaily.com,20210526T203000Z,English,United States
reforestation,forestation,Carlisle TyrFil Supports Reforestation Efforts in Southeast Florida,https://www.prnewswire.com:443/news-releases/carlisle-tyrfil-supports-reforestation-efforts-in-southeast-florida-301298382.html,prnewswire.com,20210525T113000Z,English,United States
reforestation,forestation,Carlisle TyrFil Supports Reforestation Efforts in Southeast Florida,https://www.prnewswire.com/news-releases/carlisle-tyrfil-supports-reforestation-efforts-in-southeast-florida-301298382.html,prnewswire.com,20210525T113000Z,English,United States
reforestation,forestation,"WHY NOT ? Beto  Considering  Bid for Texas Governor After Failing to Win Senate Seat , Dem Nomination",https://hannity.com/media-room/why-not-beto-considering-bid-for-texas-governor-after-failing-to-win-senate-seat-dem-nomination/,hannity.com,20210524T174500Z,English,United States
reforestation,forestation,FedEx Shows The Aviation Industry How To Go Green,https://www.forbes.com/sites/michaelgoldstein/2021/05/21/fed-ex-shows-the-aviation-industry-how-to-go-green/,forbes.com,20210521T203000Z,English,United States
reforestation,forestation,University of Michigan adopts net zero plan,https://www.michiganradio.org/post/university-michigan-adopts-net-zero-plan,michiganradio.org,20210521T130000Z,English,United States
reforestation,forestation,Hill Robinson Plans to Offset its 2021 Carbon Footprint,https://www.superyachts.com/news/story/hill-robinsons-plans-to-offset-its-2021-carbon-footprint-15669,superyachts.com,20210520T143000Z,English,United States
reforestation,forestation,Guest columnist Judson Brown : Clearing a path for people displaced by climate chaos,https://www.gazettenet.com/Guest-columnist-Judson-Brown-40514663,gazettenet.com,20210519T204500Z,English,United States
reforestation,forestation,Drone Ownership 101 - New Hampshire Magazine,https://www.nhmagazine.com/drone-ownership-101/,nhmagazine.com,20210519T183000Z,English,United States
reforestation,forestation,"Comprehensive , rigorous , ambitiou : Shareholders back Shell energy transition plan",https://www.upstreamonline.com/energy-transition/comprehensive-rigorous-ambitious-shareholders-back-shells-energy-transition-plan/2-1-1011960,upstreamonline.com,20210518T144500Z,English,United States
reforestation,forestation,Shell shareholders increase pressure for further climate action,https://www.reuters.com/business/energy/shell-shareholders-overwhelmingly-support-energy-transition-plan-2021-05-18/,reuters.com,20210518T133000Z,English,United States
reforestation,forestation,SuperyachtNews . com - Press Releases - Hill Robinson Offsets Predicted 2021 Carbon Footprint,https://www.superyachtnews.com/press-release/32354/hill-robinson-offsets-predicted-2021-carbon-footprint,superyachtnews.com,20210518T090000Z,English,United States
reforestation,forestation,Tree art is putting down roots,https://www.wallpaper.com/art/tree-art-installations,wallpaper.com,20210517T093000Z,English,United States
reforestation,forestation,The Big Burn of 1910 scorched 3 million acres across Idaho and Montana :  People were running for their lives,https://www.ktvb.com/article/news/local/wildfire/big-burn-1910-scorched-3-million-acres-across-idaho-montana/277-2398a27d-725f-4774-be83-7517116dc3e8,ktvb.com,20210513T223000Z,English,United States
reforestation,forestation,Earliest forest fires evidence of ancient tree expansion,https://phys.org/news/2021-05-earliest-forest-evidence-ancient-tree.html,phys.org,20210512T203000Z,English,United States
reforestation,forestation,"No business leader can ignore America cruel , racist death penalty . People expect the private sector to take a stand .",https://www.msn.com/en-in/news/other/no-business-leader-can-ignore-americas-cruel-racist-death-penalty-people-expect-the-private-sector-to-take-a-stand/ar-BB1gEDnq,msn.com,20210512T174500Z,English,United States
reforestation,forestation,"No business leader can ignore America cruel , racist death penalty . People expect the private sector to take a stand .",https://www.msn.com/en-in/health/medical/no-business-leader-can-ignore-americas-cruel-racist-death-penalty-people-expect-the-private-sector-to-take-a-stand/ar-BB1gEDnq,msn.com,20210512T170000Z,English,United States
reforestation,forestation,CEOs Cant Ignore the Death Penalty . the Public Expect Us to Take Stands .,https://www.businessinsider.com/ceos-cant-ignore-the-death-penalty-the-public-expect-us-to-take-stands-2021-5,businessinsider.com,20210512T150000Z,English,United States
reforestation,forestation,Prophet or charlatan : Who was artist Joseph Beuys ?,https://www.msn.com/en-xl/news/other/prophet-or-charlatan-who-was-artist-joseph-beuys/ar-BB1gEwwq,msn.com,20210512T144500Z,English,United States
reforestation,forestation,Advisory firm PIRC slams Shell on climate strategy before AGM,https://www.reuters.com/article/us-shell-agm-climate/advisory-firm-pirc-slams-shell-on-climate-strategy-before-agm-idUSKBN2CS2BB,reuters.com,20210512T033000Z,English,United States
reforestation,forestation,Pine Barrens NJ Trees Set Up as Exhibit in New York City,https://literock969.com/endangered-pine-barrens-trees-set-up-as-exhibit-in-new-york-city/,literock969.com,20210512T024500Z,English,United States
reforestation,forestation,Advisory firm PIRC slams Shell on climate strategy before AGM,https://www.reuters.com/world/uk/leading-advisory-urges-shareholders-oppose-shells-climate-resolution-2021-05-11/,reuters.com,20210511T220000Z,English,United States
reforestation,forestation,Advisory firm PIRC slams Shell on climate strategy before AGM,https://www.msn.com/en-gb/money/other/advisory-criticises-shells-climate-strategy-urges-investors-oppose-agm-vote/ar-BB1gCnO8,msn.com,20210511T204500Z,English,United States
reforestation,forestation,Pine Barrens NJ Trees Set Up as Exhibit in New York City,https://sojo1049.com/endangered-pine-barrens-trees-set-up-as-exhibit-in-new-york-city/,sojo1049.com,20210511T170000Z,English,United States
reforestation,forestation,100 years of Nebraska state parks,https://norfolkdailynews.com/select/100-years-of-nebraska-state-parks/article_67ec6700-af66-11eb-bc76-1f469c363e8a.html,norfolkdailynews.com,20210508T144500Z,English,United States
reforestation,forestation,High - level ches : How Biden is navigating his relationship with Mexico President  AMLO,http://www.msn.com/en-us/news/world/high-level-chess-how-biden-is-navigating-his-relationship-with-mexico-s-president-amlo/ar-BB1gsX75,msn.com,20210507T131500Z,English,United States
reforestation,forestation,High - level ches : How Biden is navigating his relationship with Mexico President  AMLO,http://www.msn.com/en-nz/news/world/high-level-chess-how-biden-is-navigating-his-relationship-with-mexico-s-president-amlo/ar-BB1gsX75,msn.com,20210507T130000Z,English,United States
reforestation,forestation,High - level ches : How Biden is navigating his relationship with Mexico President  AMLO,http://www.msn.com/en-us/news/us/high-level-chess-how-biden-is-navigating-his-relationship-with-mexico-s-president-amlo/ar-BB1gsX75,msn.com,20210507T123000Z,English,United States
reforestation,forestation,Blue Box  Review : The Little - known History of Israel Biggest Real Estate Transaction,https://www.lmtonline.com/entertainment/article/Blue-Box-Review-The-Little-known-History-16152209.php,lmtonline.com,20210505T054500Z,English,United States
reforestation,forestation,British Artists Ackroyd & Harvey Plant 100 Oak Trees Outside Tate Modern,http://www.artfixdaily.com/news_feed/2021/05/04/8112-british-artists-ackroyd-and-harvey-plant-100-oak-trees-outside-ta,artfixdaily.com,20210504T180000Z,English,United States
reforestation,forestation,"To honour Joseph Beuys landmark urban forest installation , 100 oak trees have been planted outside Tate Modern",https://www.theartnewspaper.com/blog/ackroyd-and-harvey-plant-100-oak-trees-outside-tate-modern,theartnewspaper.com,20210504T120000Z,English,United States
reforestation,forestation,Nature - based offsets bring controversial solution to carbon - emissions problem,https://www.upstreamonline.com/energy-transition/nature-based-offsets-bring-controversial-solution-to-carbon-emissions-problem/2-1-1023726,upstreamonline.com,20210630T154500Z,English,United States
reforestation,forestation,Gas producers work to earn their role in energy transition,https://www.upstreamonline.com/lng/gas-producers-work-to-earn-their-role-in-energy-transition/2-1-1009240,upstreamonline.com,20210630T143000Z,English,United States
reforestation,forestation,Giant Eruption of Volcano in Costa Rica Believed to be its  Biggest Outburst in Years,http://www.natureworldnews.com/articles/46551/20210629/giant-eruption-volcano-costa-rica-believed-biggest-outburst-years.htm,natureworldnews.com,20210630T060000Z,English,United States
reforestation,forestation,Giant Eruption of Volcano in Costa Rica Believed to be its  Biggest Outburst in Years,https://www.natureworldnews.com/articles/46551/20210629/giant-eruption-volcano-costa-rica-believed-biggest-outburst-years.htm,natureworldnews.com,20210630T043000Z,English,United States
reforestation,forestation,EFFEKT Architects Explore the Relationship between Future Communities and Natural Ecosystems at the 2021 Venice Biennale,https://www.archdaily.com/964121/effekt-architects-explore-the-relationship-between-future-communities-and-natural-ecosystems-at-the-2021-venice-biennale,archdaily.com,20210629T093000Z,English,United States
reforestation,forestation,Second Manassas Campaign – Encyclopedia Virginia,https://encyclopediavirginia.org/entries/second-manassas-campaign/,encyclopediavirginia.org,20210624T221500Z,English,United States
reforestation,forestation,Evaluating social value in tenders – What should we focus on ?,https://spendmatters.com/2021/06/24/evaluating-social-value-in-tenders-what-should-we-focus-on/,spendmatters.com,20210624T060000Z,English,United States
reforestation,forestation,These Are The Startups Applying AI To Tackle Climate Change,https://www.forbes.com/sites/robtoews/2021/06/20/these-are-the-startups-applying-ai-to-tackle-climate-change/,forbes.com,20210620T230000Z,English,United States
reforestation,forestation,This Week In Nebraska History,https://norfolkdailynews.com/state/nebraska/this-week-in-nebraska-history/article_1901a622-b4b5-528d-8b12-a4da0cc62019.html,norfolkdailynews.com,20210620T210000Z,English,United States
reforestation,forestation,Lion at Dehiwala Zoo tests positive for COVID - 19,https://www.msn.com/en-xl/asia/srilanka/lion-at-dehiwala-zoo-tests-positive-for-covid-19/ar-AALc2PY,msn.com,20210618T214500Z,English,United States
reforestation,forestation,Why We Need Birds and How to Protect Them From Extinction,https://onegreenplanet.org/environment/why-we-need-birds-and-how-to-protect-them-from-extinction/,onegreenplanet.org,20210617T171500Z,English,United States
reforestation,forestation,Combating Desertification and Drought : The Latest Developments,https://www.azocleantech.com/article.aspx?ArticleID=1252,azocleantech.com,20210617T114500Z,English,United States
reforestation,forestation,Solving the Climate Change Problem Using Blockchain Technology - Start of the FOSTER Project – Sponsored Bitcoin News,https://news.bitcoin.com/solving-the-climate-change-problem-using-blockchain-technology-start-of-the-foster-project/,news.bitcoin.com,20210617T101500Z,English,United States
reforestation,forestation,Singapore Exchange aims to boost tainted carbon markets | Singapore,https://www.malaymail.com/news/singapore/2021/06/16/singapore-exchange-aims-to-boost-tainted-carbon-markets/1982603,malaymail.com,20210616T080000Z,English,United States
reforestation,forestation,50+ groups across US Northwest unveil Green New Deal vision for region vital forests,https://www.alternet.org/2021/06/green-new-deal/,alternet.org,20210611T151500Z,English,United States
reforestation,forestation,The Outlook : Elevated temperatures to stick around this week as rain threat grows,https://www.berkshireeagle.com/weather/the-outlook-elevated-temperatures-to-stick-around-this-week-as-rain-threat-grows/article_6ccfde6e-c6fe-11eb-8c05-d320840a3454.html,berkshireeagle.com,20210606T214500Z,English,United States
reforestation,forestation,State Canal Corp . wants to hear from residents on tree - cutting policy,https://buffalonews.com/news/local/state-canal-corp-wants-to-hear-from-residents-on-tree-cutting-policy/article_f82c7118-076b-11ec-a27f-e3ad1862b24f.html,buffalonews.com,20210830T223000Z,English,United States
reforestation,forestation,"Opinion | While Israelis and Palestinians fight , climate change threatens the land",https://www.washingtonpost.com/opinions/2021/08/30/while-israelis-palestinians-fight-climate-change-threatens-land/,washingtonpost.com,20210830T180000Z,English,United States
reforestation,forestation,Why Is It Essential for Rwanda to Race to Zero Carbon Emissions ?,https://www.globalcitizen.org/en/content/rwanda-race-to-zero-carbon-emissions/,globalcitizen.org,20210826T111500Z,English,United States
reforestation,forestation,Green New Deal  Means More PPPs and More Economic and Social Destruction,https://dissidentvoice.org/2021/08/green-new-deal-means-more-ppps-and-more-economic-and-social-destruction/,dissidentvoice.org,20210826T041500Z,English,United States
reforestation,forestation,Fact check on Kansas senator Mike Thompson claims on climate change,https://www.cjonline.com/story/news/climate-change/2021/08/23/fact-check-kansas-senator-mike-thompson-claims-climate-change-nazi-propaganda/8212554002/,cjonline.com,20210823T120000Z,English,United States
reforestation,forestation,Central African Launches Carbon Credit Revenue Initiative and Announces Private Placement,https://www.streetinsider.com/Newsfile/Central%20African%20Launches%20Carbon%20Credit%20Revenue%20Initiative%20and%20Announces%20Private%20Placement/18834193.html,streetinsider.com,20210818T130000Z,English,United States
reforestation,forestation,Where have all the climate - change deniers gone ?,https://www.latimes.com/opinion/story/2021-08-14/climate-change-ipcc-report,latimes.com,20210814T123000Z,English,United States
reforestation,forestation,Opinion : Where have all the climate change deniers gone ?,https://news.yahoo.com/opinion-where-climate-change-deniers-100036331.html,news.yahoo.com,20210814T104500Z,English,United States
reforestation,forestation,Borqs Technologies Announces Strategic Investment and Collaboration with Zippie in Blockchain IoT Autonomous Payments,https://www.tmcnet.com/usubmit/2021/08/11/9428437.htm,tmcnet.com,20210811T124500Z,English,United States
reforestation,forestation,Borqs Technologies Announces Strategic Investment and Collaboration with Zippie in Blockchain IoT Autonomous Payments,https://www.tmcnet.com/usubmit/-borqs-technologies-announces-strategic-investment-collaboration-with-zippie-/2021/08/11/9428437.htm,tmcnet.com,20210811T123000Z,English,United States
reforestation,forestation,Green tourism partnership yields results for environment,https://eturbonews.com/28522/green-tourism-partnership-yields-results-environment/,eturbonews.com,20210808T124500Z,English,United States
reforestation,forestation,"Forestry Predators and the Mapuche Conflict : Ponce Lerou , Matte and Angelini",https://www.pressenza.com/2021/08/forestry-predators-and-the-mapuche-conflict-ponce-lerou-matte-and-angelini/,pressenza.com,20210804T130000Z,English,United States
reforestation,forestation,More landslide threats on Mt . Elgon,https://eturbonews.com/32153/more-landslide-threats-mt-elgon/,eturbonews.com,20210804T121500Z,English,United States
reforestation,forestation,Bay area helped me become a Peace Corps volunteer,https://theworldlink.com/opinion/columnists/bay-area-helped-me-become-a-peace-corps-volunteer/article_17edf1aa-1fc9-11ec-9eed-9befe47afaa8.html,theworldlink.com,20210929T100000Z,English,United States
reforestation,forestation,WeatherWise : Boulder Area Wildfires,https://www.kxlh.com/news/weather-wise/weather-wise-boulder-area-wildfires,kxlh.com,20210928T043000Z,English,United States
reforestation,forestation,"Climate harm risk  of biomass for power production without CCS , warns major report",https://www.rechargenews.com/energy-transition/climate-harm-risk-of-biomass-for-power-production-without-ccs-warns-major-report/2-1-1035554,rechargenews.com,20210928T023000Z,English,United States
reforestation,forestation,WeatherWise : Boulder Area Wildfires,https://www.ktvh.com/news/weather-wise/weather-wise-boulder-area-wildfires,ktvh.com,20210928T021500Z,English,United States
reforestation,forestation,"KL residents and NGOs want DBKL to gazette Federal Hill as green lung , review rezoned area | Malaysia",https://www.malaymail.com/news/malaysia/2021/09/27/kl-residents-and-ngos-want-dbkl-to-gazette-federal-hill-as-green-lung-revie/2008635,malaymail.com,20210926T214500Z,English,United States
reforestation,forestation,Jane Goodall Talks About Bigfoot | Mysterious Universe,https://mysteriousuniverse.org/2021/09/jane-goodall-talks-about-bigfoot/,mysteriousuniverse.org,20210926T131500Z,English,United States
reforestation,forestation,Factbox : Carbon offset credits and their pros and cons,https://www.reuters.com/article/us-climate-change-carbon-offsets-idUSKBN2AP1FZ,reuters.com,20210926T034500Z,English,United States
reforestation,forestation,"Regional Conservation Grants Emphasize Emission Reductions , Including for Ethanol",https://www.dtnpf.com/agriculture/web/ag/news/business-inputs/article/2021/09/25/regional-conservation-grants-ethanol,dtnpf.com,20210925T123000Z,English,United States
reforestation,forestation,Jane Goodall on How to Change Minds and Why She Isnt Ruling Out Bigfoot,https://www.gq.com/story/jane-goodall-interview,gq.com,20210924T021500Z,English,United States
reforestation,forestation,Letter : Sale of Auburn land was shortsighted,https://auburnpub.com/opinion/letters/letter-sale-of-auburn-land-was-shortsighted/article_4dd41197-55d7-5a5d-b652-bb94acf5968b.html,auburnpub.com,20210917T064500Z,English,United States
reforestation,forestation,Letter : Sale of Auburn land was shortsighted,https://auburnpub.com/opinion/letters/letter-sale-of-auburn-land-was-shortsighted/article_49fdf4df-7d93-5121-8727-bb0526461f4e.html,auburnpub.com,20210916T224500Z,English,United States
reforestation,forestation,Turkey recuperating after massive fire - New Delhi Times - India Only International Newspaper,https://www.newdelhitimes.com/turkey-recuperating-after-massive-fire/,newdelhitimes.com,20210913T064500Z,English,United States
reforestation,forestation,"Meet Jadav Payeng , Man Who Fought Climate Crisis By Raising World Largest Man - Made Forest in Assam",https://www.msn.com/en-in/news/other/meet-jadav-payeng-man-who-fought-climate-crisis-by-raising-world-s-largest-man-made-forest-in-assam/ar-AAOlrkv,msn.com,20210912T064500Z,English,United States
reforestation,forestation,"Mexico and US Agree to Work on Supply Chains , Migration",https://www.theepochtimes.com/mexico-and-us-agree-to-work-on-supply-chains-migration_3989992.html,theepochtimes.com,20210910T061500Z,English,United States
reforestation,forestation,"Mexico and US agree to work on supply chains , migration",https://www.thepoultrysite.com/news/2021/09/mexico-and-us-agree-to-work-on-supply-chains-migration,thepoultrysite.com,20210910T044500Z,English,United States
reforestation,forestation,"Mexico and U . S . agree to work on supply chains , migration",https://www.oann.com/u-s-and-mexico-resume-economic-talks-halted-by-trump-with-focus-on-labor-border/,oann.com,20210909T230000Z,English,United States
reforestation,forestation,Save our trees to save ourselves - The Mountain Times,https://mountaintimes.info/save-our-trees-to-save-ourselves/,mountaintimes.info,20210908T154500Z,English,United States
reforestation,forestation,There Is No Place Like Home - InDepthNH . orgInDepthNH . org,http://indepthnh.org/2021/09/05/there-is-no-place-like-home/,indepthnh.org,20210905T154500Z,English,United States
reforestation,forestation,Roundup : Pakistan in bid to fight climate change for generations to come,https://www.bignewsnetwork.com/news/271020872/roundup-pakistan-in-bid-to-fight-climate-change-for-generations-to-come,bignewsnetwork.com,20210905T111500Z,English,United States
reforestation,forestation,Proposed Willowbrook wellness center gets $185K grant,https://www.times-news.com/news/local_news/proposed-willowbrook-wellness-center-gets-185k-grant/article_4dfd2624-09c8-11ec-8bd2-13617e0e0a63.html,times-news.com,20210904T143000Z,English,United States
reforestation,forestation,2 : 00PM Water Cooler 9 / 3 / 2021 | naked capitalism,https://www.nakedcapitalism.com/2021/09/200pm-water-cooler-9-3-2021.html,nakedcapitalism.com,20210903T193000Z,English,United States
reforestation,forestation,Pakistan : Environmentalists slam  ten billion tree project,https://www.msn.com/en-xl/news/other/pakistan-environmentalists-slam-ten-billion-trees-project/ar-AAO1zRR,msn.com,20210902T141500Z,English,United States
reforestation,forestation,Who is Martín Cruz Feilberg ?,https://www.pressenza.com/2021/11/who-is-martin-cruz-feilberg/,pressenza.com,20211127T233000Z,English,United States
reforestation,forestation,Hunting fungi in Eugene,https://www.dailyemerald.com/arts-culture/hunting-fungi-in-eugene/article_ebda1b2e-4e63-11ec-afea-1b30db5bb07d.html,dailyemerald.com,20211126T183000Z,English,United States
reforestation,forestation,Biden needs to directly engage Brazil President Bolsonaro,https://www.msn.com/en-us/news/politics/biden-needs-to-directly-engage-brazil-s-president-bolsonaro/ar-AAR3i0M,msn.com,20211123T201500Z,English,United States
reforestation,forestation,Biden needs to directly engage Brazil President Bolsonaro,https://thehill.com/opinion/international/582779-biden-needs-to-directly-engage-brazils-president-bolsonaro,thehill.com,20211123T200000Z,English,United States
reforestation,forestation,Biden needs to directly engage Brazil President Bolsonaro,https://www.msn.com/en-us/news/politics/biden-needs-to-directly-engage-brazils-president-bolsonaro/ar-AAR3i0M,msn.com,20211123T200000Z,English,United States
reforestation,forestation,Cessna Crash Found Via iPad Location | Aero - News Network,http://aero-news.net/aNNTicker.cfm?do=main.textpost&id=05f286d5-b92f-4487-a1ed-5409c166864d,aero-news.net,20211119T234500Z,English,United States
reforestation,forestation,Cessna Crash Found Via iPad Location | Aero - News Network,http://aero-news.net/bannertransfer.cfm?do=main.textpost&id=05f286d5-b92f-4487-a1ed-5409c166864d,aero-news.net,20211119T204500Z,English,United States
reforestation,forestation,Cessna Crash Found Via iPad Location | Aero - News Network,http://aero-news.net/index.cfm?do=main.textpost&id=05f286d5-b92f-4487-a1ed-5409c166864d,aero-news.net,20211119T053000Z,English,United States
reforestation,forestation,VMware Inc . ( via Public ) / Citizen Philanthropy in Action : The Armenia Giving Network Reflects on a Year of Group Service Learning Activities,http://www.publicnow.com/view/7C32CE06E945286CA9551C88E6741D0BC8AE3B63,publicnow.com,20211118T231500Z,English,United States
reforestation,forestation,CASH TO BURN : Beto Raises $2 Million in First 24 Hours of His TX Gubernatorial Campaign,https://hannity.com/media-room/cash-to-burn-beto-raises-2-million-in-first-24-hours-of-his-tx-gubernatorial-campaign/,hannity.com,20211117T233000Z,English,United States
reforestation,forestation,N . C . Forest Service offers discount on tree seedling orders for military members,https://www.dailytarheel.com/article/2021/11/city-nc-military-tree-seedling-sale,dailytarheel.com,20211116T234500Z,English,United States
reforestation,forestation,"Mexico and U . S . agree to work on supply chains , migration",https://www.reuters.com/world/americas/us-mexico-resume-economic-talks-halted-by-trump-with-focus-labor-border-2021-09-09/,reuters.com,20211112T161500Z,English,United States
reforestation,forestation,Turning autumn into spring,https://www.dukechronicle.com/article/2021/11/11112021-shehata,dukechronicle.com,20211111T090000Z,English,United States
reforestation,forestation,Cop26 : Obama criticises China and Russia for  dangerous absence of urgency  – day eight live,https://www.msn.com/en-gb/news/uknews/cop26-obama-criticises-china-and-russia-for-e2-80-98dangerous-absence-of-urgency-e2-80-99-e2-80-93-day-eight-live/ar-AAQrC2Q,msn.com,20211108T224500Z,English,United States
reforestation,forestation,Cop26 : Obama criticises China and Russia for  dangerous absence of urgency  – day eight live,https://www.msn.com/en-gb/news/world/cop26-obama-to-speak-survey-shows-few-will-change-lifestyle-for-climate-day-eight-live/ar-AAQrC2Q,msn.com,20211108T190000Z,English,United States
reforestation,forestation,Cop26 : Obama criticises China and Russia for  dangerous absence of urgency  – day eight live,https://www.msn.com/en-gb/news/uknews/cop26-obama-criticises-china-and-russia-for-dangerous-absence-of-urgency-%e2%80%93-day-eight-live/ar-AAQrC2Q,msn.com,20211108T184500Z,English,United States
reforestation,forestation,Cop26 : Obama criticises China and Russia for  dangerous absence of urgency  – day eight live,http://www.msn.com/en-gb/news/uknews/cop26-obama-criticises-china-and-russia-for-dangerous-absence-of-urgency-day-eight-live/ar-AAQrC2Q,msn.com,20211108T170000Z,English,United States
reforestation,forestation,Cop26 : Obama criticises China and Russia for  dangerous absence of urgency  – day eight live,https://www.msn.com/en-gb/news/uknews/cop26-obama-criticises-china-and-russia-for-dangerous-absence-of-urgency-day-eight-live/ar-AAQrC2Q,msn.com,20211108T153000Z,English,United States
reforestation,forestation,Cop26 : Barack Obama says islands are the canary in the coalmine – day eight live,https://www.msn.com/en-gb/news/uknews/cop26-barack-obama-says-islands-are-the-canary-in-the-coalmine-day-eight-live/ar-AAQrC2Q,msn.com,20211108T150000Z,English,United States
reforestation,forestation,Cop26 : Barack Obama says islands are the canary in the coal mine – day eight live,https://www.msn.com/en-gb/news/uknews/cop26-barack-obama-says-islands-are-the-canary-in-the-coal-mine-%e2%80%93-day-eight-live/ar-AAQrC2Q,msn.com,20211108T143000Z,English,United States
reforestation,forestation,Cop26 : Barack Obama says islands are the canary in the coal mine – day eight live,https://www.msn.com/en-gb/news/uknews/cop26-barack-obama-says-islands-are-the-canary-in-the-coal-mine-day-eight-live/ar-AAQrC2Q,msn.com,20211108T133000Z,English,United States
reforestation,forestation,Cop26 : Obama arrives at summit ; survey shows few will change lifestyle for climate – day eight live,https://www.msn.com/en-gb/news/uknews/cop26-obama-arrives-at-summit-survey-shows-few-will-change-lifestyle-for-climate-day-eight-live/ar-AAQrC2Q,msn.com,20211108T130000Z,English,United States
reforestation,forestation,Cop26 : Obama to speak ; survey shows few will change lifestyle for climate – day eight live,https://www.msn.com/en-gb/news/uknews/cop26-obama-to-speak-survey-shows-few-will-change-lifestyle-for-climate-%e2%80%93-day-eight-live/ar-AAQrC2Q,msn.com,20211108T120000Z,English,United States
reforestation,forestation,My Take : Dim prospects for climate mitigation,https://www.hollandsentinel.com/story/opinion/columns/2021/11/07/my-take-dim-prospects-climate-mitigation/6304761001/,hollandsentinel.com,20211107T043000Z,English,United States
reforestation,forestation,Why some experts say corporate  net - zero  emissions pledges could have net - zero impact on climate crisis,https://www.willmarradio.com/business/business_news/why-some-experts-say-corporate-net-zero-emissions-pledges-could-have-net-zero-impact-on/article_4780404d-d12a-5216-be21-2076dcf73c8b.html,willmarradio.com,20211105T161500Z,English,United States
reforestation,forestation,Why some experts say corporate  net - zero  emissions pledges could have net - zero impact on climate crisis,https://www.ifiberone.com/business/why-some-experts-say-corporate-net-zero-emissions-pledges-could-have-net-zero-impact-on/article_8db55813-6298-5162-a114-08dad42d20b3.html,ifiberone.com,20211105T144500Z,English,United States
reforestation,forestation,Why some experts say corporate  net - zero  emissions pledges could have net - zero impact on climate crisis,https://kxel.com/2021/11/05/why-some-experts-say-corporate-net-zero-emissions-pledges-could-have-net-zero-impact-on-climate-crisis/,kxel.com,20211105T143000Z,English,United States
reforestation,forestation,Why some experts say corporate  net - zero  emissions pledges could have net - zero impact on climate crisis,https://www.mycentraloregon.com/2021/11/05/why-some-experts-say-corporate-net-zero-emissions-pledges-could-have-net-zero-impact-on-climate-crisis/,mycentraloregon.com,20211105T143000Z,English,United States
reforestation,forestation,Why some experts say corporate  net - zero  emissions pledges could have net - zero impact on climate crisis,https://www.ifiberone.com/south_sound/business/why-some-experts-say-corporate-net-zero-emissions-pledges-could-have-net-zero-impact-on/article_8db55813-6298-5162-a114-08dad42d20b3.html,ifiberone.com,20211105T143000Z,English,United States
reforestation,forestation,Why some experts say  net - zero  emissions pledges could have net - zero impact,http://www.msn.com/en-us/weather/topstories/why-some-experts-say-net-zero-emissions-pledges-could-have-net-zero-impact/ar-AAQlNgW,msn.com,20211105T100000Z,English,United States
reforestation,forestation,Why some experts say corporate  net - zero  emissions pledges could have net - zero impact on climate crisis,https://abcnews.go.com/US/experts-corporate-net-emissions-pledges-net-impact-climate/story?id=80798850,abcnews.go.com,20211105T094500Z,English,United States
reforestation,forestation,"Biofuels - Bentley Motor Flying Spur Hybrid crosses Iceland on renewable energy - Renewable Energy Magazine , at the heart of clean energy journalism",https://www.renewableenergymagazine.com/biofuels/bentley-motors-flying-spur-hybrid-crosses-iceland-20211028,renewableenergymagazine.com,20211104T144500Z,English,United States
reforestation,forestation,Dim Prospects for Climate Mitigation - The Westside Gazette,https://thewestsidegazette.com/dim-prospects-for-climate-mitigation/,thewestsidegazette.com,20211103T160000Z,English,United States
reforestation,forestation,Russia expects COP26 to clarify forestation and carbon trading and offset issues,https://www.upstreamonline.com/energy-transition/russia-expects-cop26-to-clarify-forestation-and-carbon-trading-and-offset-issues/2-1-1092550,upstreamonline.com,20211103T100000Z,English,United States
reforestation,forestation,Dim prospects for climate mitigation,https://www.thedailyreview.com/opinion/columns_editorials/dim-prospects-for-climate-mitigation/article_c05b1bbd-5d55-5193-8f01-66e4f4d6eb0c.html,thedailyreview.com,20211102T120000Z,English,United States
reforestation,forestation,Tree art is putting down roots,https://www.wallpaper.com/art/tree-art-installations,wallpaper.com,20211102T094500Z,English,United States
reforestation,forestation,Dim Prospects for Climate Mitigation,https://www.counterpunch.org/2021/11/02/dim-prospects-for-climate-mitigation/,counterpunch.org,20211102T091500Z,English,United States
reforestation,forestation,Native Son : The American Chestnut mystery at Malabar Farm,https://www.richlandsource.com/area_history/native-son-the-american-chestnut-mystery-at-malabar-farm/article_aaa049d8-4d7d-11e4-8251-3c4a92f391a4.html,richlandsource.com,20211101T180000Z,English,United States
reforestation,forestation,Peatlands in peril : The race to save the bogs that slow climate change,https://www.newscientist.com/article/mg25233660-600-peatlands-in-peril-the-race-to-save-the-bogs-that-slow-climate-change/,newscientist.com,20211229T210000Z,English,United States
reforestation,forestation,Effect of afforestation on soil fungal community structure is greater than spatial distance,https://phys.org/news/2021-12-effect-afforestation-soil-fungal-greater.html,phys.org,20211228T194500Z,English,United States
reforestation,forestation,Flying gardeners defy gravity to keep Milan vertical forest alive,https://www.euronews.com/green/2021/12/25/flying-gardeners-defy-gravity-to-keep-milan-s-vertical-forest-alive,euronews.com,20211225T120000Z,English,United States
reforestation,forestation,"Indusparquet , product catalog",https://www.archdaily.com/catalog/us/companies/477/indusparquet,archdaily.com,20211223T204500Z,English,United States
reforestation,forestation,Stefano Boeri Architetti Transforms Schools into a Mixed Use Space for the Whole Community in Tirana,https://www.archdaily.com/974093/stefano-boeri-architetti-transforms-schools-into-a-mixed-use-space-for-the-whole-community-in-tirana,archdaily.com,20211223T121500Z,English,United States
reforestation,forestation,Nature - Based Solutions Should Play Increased Role in Tackling Climate Change,https://goodmenproject.com/featured-content/nature-based-solutions-should-play-increased-role-in-tackling-climate-change/,goodmenproject.com,20211222T123000Z,English,United States
reforestation,forestation,Rural Women in Peru Seed Water Today to Harvest It Tomorrow,https://www.ipsnews.net/2021/12/rural-women-peru-seed-water-today-harvest-tomorrow/,ipsnews.net,20211222T034500Z,English,United States
reforestation,forestation,Rural Women in Peru Seed Water Today to Harvest It Tomorrow,http://www.ipsnews.net/2021/12/rural-women-peru-seed-water-today-harvest-tomorrow/,ipsnews.net,20211222T024500Z,English,United States
reforestation,forestation,trudo vertical forest film looks at stefano boeri tree - clad social housing tower in eindhoven,https://www.designboom.com/architecture/trudo-vertical-forest-stefano-boeri-tree-social-housing-tower-eindhoven-12-19-2021/,designboom.com,20211219T124500Z,English,United States
reforestation,forestation,"Neanderthals , the Original Gardeners , Intentionally Altered the Landscape as Much as 125 , 000 Years Ago , a Study Finds",https://news.artnet.com/art-world/archaeologists-earliest-evidence-neanderthals-altering-landscape-2050872,news.artnet.com,20211217T224500Z,English,United States
reforestation,forestation,Green Science Alliance Developed 100 % Biomass Biodegradable Plastic with Sargassum,https://www.prnewswire.com/news-releases/green-science-alliance-developed-100-biomass-biodegradable-plastic-with-sargassum-301443234.html,prnewswire.com,20211214T143000Z,English,United States
reforestation,forestation,All the ways the Looting Party scares us,https://www.gopusa.com/all-the-ways-the-looting-party-scares-us/,gopusa.com,20211211T170000Z,English,United States
reforestation,forestation,Pair of infrastructure bills build on ag industry needs,https://www.agupdate.com/missourifarmertoday/iowafarmertoday/news/state-and-regional/pair-of-infrastructure-bills-build-on-ag-industry-needs/article_99ecdf12-5215-11ec-be8e-87de1210fe36.html,agupdate.com,20211210T180000Z,English,United States
reforestation,forestation,Orange launches €50 million Orange Nature carbon fund,https://www.datacenterdynamics.com/en/news/orange-launches-50-million-orange-nature-carbon-fund/,datacenterdynamics.com,20211210T123000Z,English,United States
reforestation,forestation,Green spaces arent just for nature – they boost our mental health too,https://www.newscientist.com/article/mg24933270-800-green-spaces-arent-just-for-nature-they-boost-our-mental-health-too/,newscientist.com,20211210T050000Z,English,United States
reforestation,forestation,Searching for gold : NEC leads volunteers on Golden Eagle Count,https://www.winonapost.com/community/searching-for-gold-nec-leads-volunteers-on-golden-eagle-count/article_643542ac-5773-11ec-a98c-bf644593e79d.html,winonapost.com,20211207T161500Z,English,United States
reforestation,forestation,How to de - program Greta Thunberg -- Science of the Spirit -- Sott . net,https://www.sott.net/article/461623-How-to-de-program-Greta-Thunberg,sott.net,20211207T003000Z,English,United States
reforestation,forestation,"Brick by brick , tree by tree , Carmelite Missionary Sisters plant skills to limit Malawi deforestation",https://www.globalsistersreport.org/news/social-justice/news/brick-brick-tree-tree-carmelite-missionary-sisters-plant-skills-limit,globalsistersreport.org,20211206T104500Z,English,United States
reforestation,forestation,The looting party media scare machine - Washington Times,https://www.washingtontimes.com:443/news/2021/dec/5/the-looting-partys-media-scare-machine/,washingtontimes.com,20211206T000000Z,English,United States
reforestation,forestation,The looting party media scare machine - Washington Times,https://www.washingtontimes.com/news/2021/dec/5/the-looting-partys-media-scare-machine/,washingtontimes.com,20211205T234500Z,English,United States
reforestation,forestation,Postcards from The Brink,https://www.richlandsource.com/area_history/postcards-from-the-brink/article_60970e9d-0931-5a94-af3e-2a3585cdab80.html,richlandsource.com,20211204T174500Z,English,United States
reforestation,forestation,"Your honor , CO2 is not a pollutant",https://humanevents.com/2022/02/28/your-honor-co2-is-not-a-pollutant/,humanevents.com,20220228T173000Z,English,United States
reforestation,forestation,Potsdam climate group plans studies in the coming year,https://www.northcountrynow.com/news/potsdam-climate-group-plans-studies-coming-year-0315583,northcountrynow.com,20220227T164500Z,English,United States
reforestation,forestation,Editorial : NM should revisit funds for a forestation center,https://www.abqjournal.com/2473119/nm-should-revisit-funds-for-a-forestation-center.html,abqjournal.com,20220224T074500Z,English,United States
reforestation,forestation,Trudo Vertical Forest / Stefano Boeri Architetti,https://www.archdaily.com/976910/trudo-vertical-forest-stefano-boeri-architetti,archdaily.com,20220219T143000Z,English,United States
reforestation,forestation,"In Protests , the Naqab Affirms Its Palestinian National Identity",https://jewishcurrents.org/in-protests-the-naqab-affirms-its-palestinian-national-identity,jewishcurrents.org,20220216T183000Z,English,United States
reforestation,forestation,Should we own the free stuff we pay for ?,https://news.ycombinator.com/item?id=30345201,news.ycombinator.com,20220215T143000Z,English,United States
reforestation,forestation,"Would you pay $4 , 000 for a tree ? This couple sell mature trees to clients around the world",http://www.msn.com/en-nz/news/australia/would-you-pay-4-000-for-a-tree-this-couple-sell-mature-trees-to-clients-around-the-world/ar-AATMovZ,msn.com,20220212T224500Z,English,United States
reforestation,forestation,Olympics show complexity of sustainability claims • Daily Journal of Commerce,https://djcoregon.com/news/2022/02/11/olympics-show-complexity-of-sustainability-claims/,djcoregon.com,20220211T231500Z,English,United States
reforestation,forestation,Olympics show complexity of sustainability claims | The Daily Reporter,https://dailyreporter.com/2022/02/11/olympics-show-complexity-of-sustainability-claims/,dailyreporter.com,20220211T220000Z,English,United States
reforestation,forestation,Olympics Show Complexity of Sustainability Claims,https://www.mbtmag.com:443/global/news/22044084/olympics-show-complexity-of-sustainability-claims,mbtmag.com,20220211T173000Z,English,United States
reforestation,forestation,Olympics Show Complexity of Sustainability Claims,https://www.manufacturing.net:443/operations/news/22044084/olympics-show-complexity-of-sustainability-claims,manufacturing.net,20220211T164500Z,English,United States
reforestation,forestation,EXPLAINER : Olympics show complexity of sustainability claims,https://www.startribune.com/explainer-olympics-show-complexity-of-sustainability-claims/600145492/,startribune.com,20220211T123000Z,English,United States
reforestation,forestation,Israeli Law & Torture : From Detained Minors to a Prison  Torture Room,https://www.thenation.com/article/world/palestine-israel-protest-crackdown/,thenation.com,20220211T110000Z,English,United States
reforestation,forestation,EXPLAINER : Olympics show complexity of sustainability claims,https://www.yakimaherald.com/news/nation_and_world/business/explainer-olympics-show-complexity-of-sustainability-claims/article_2bc80943-5f56-5091-962c-e13044dc28d7.html,yakimaherald.com,20220211T110000Z,English,United States
reforestation,forestation,EXPLAINER : Olympics show complexity of sustainability claims,https://phys.org/news/2022-02-olympics-complexity-sustainability.html,phys.org,20220211T093000Z,English,United States
reforestation,forestation,EXPLAINER : Olympics show complexity of sustainability claims,https://www.stltoday.com/news/science/explainer-olympics-show-complexity-of-sustainability-claims/article_97272b08-5354-5062-8682-8766dddc69e4.html,stltoday.com,20220211T084500Z,English,United States
reforestation,forestation,EXPLAINER : Olympics show complexity of sustainability claims,https://www.sfgate.com/news/article/EXPLAINER-Olympics-show-complexity-of-16858275.php,sfgate.com,20220211T074500Z,English,United States
reforestation,forestation,EXPLAINER : Olympics show complexity of sustainability claims,https://www.caledonianrecord.com/news/national/explainer-olympics-show-complexity-of-sustainability-claims/article_ed7e5e7e-99a2-5c46-8a63-f7727f33772f.html,caledonianrecord.com,20220211T074500Z,English,United States
reforestation,forestation,EXPLAINER : Olympics show complexity of sustainability claims,https://www.record-eagle.com/nation_world/explainer-olympics-show-complexity-of-sustainability-claims/article_1a1c3c32-e56e-54fa-a04a-3ef2cf65cb96.html,record-eagle.com,20220211T073000Z,English,United States
reforestation,forestation,EXPLAINER : Olympics show complexity of sustainability claims,https://www.chron.com/news/article/EXPLAINER-Olympics-show-complexity-of-16858275.php,chron.com,20220211T073000Z,English,United States
reforestation,forestation,EXPLAINER : Olympics show complexity of sustainability claims,https://wtmj.com/national/2022/02/11/explainer-olympics-show-complexity-of-sustainability-claims-2/,wtmj.com,20220211T073000Z,English,United States
reforestation,forestation,EXPLAINER : Olympics show complexity of sustainability claims,https://abcnews.go.com/Business/wireStory/explainer-olympics-show-complexity-sustainability-claims-82815236,abcnews.go.com,20220211T073000Z,English,United States
reforestation,forestation,EXPLAINER : Olympics show complexity of sustainability claims,https://siouxcityjournal.com/news/science/explainer-olympics-show-complexity-of-sustainability-claims/article_71bb6c23-5c02-5216-8749-72c40ba0e2a6.html,siouxcityjournal.com,20220211T071500Z,English,United States
reforestation,forestation,EXPLAINER : Olympics show complexity of sustainability claims,https://www.leadertelegram.com/news/world/explainer-olympics-show-complexity-of-sustainability-claims/article_3bf745ab-4f38-5878-85ef-94ba06b8ce00.html,leadertelegram.com,20220211T070000Z,English,United States
reforestation,forestation,EXPLAINER : Olympics show complexity of sustainability claims,https://www.dailyadvance.com/news/world/explainer-olympics-show-complexity-of-sustainability-claims/article_cbe049b4-1659-57ac-9ab0-61a5dd55e3fd.html,dailyadvance.com,20220211T060000Z,English,United States
reforestation,forestation,EXPLAINER : Olympics show complexity of sustainability claims,https://www.ifiberone.com/news/national_news/explainer-olympics-show-complexity-of-sustainability-claims/article_89e7632f-b221-5ea2-b878-514a62ab3af6.html,ifiberone.com,20220211T060000Z,English,United States
reforestation,forestation,EXPLAINER : Olympics show complexity of sustainability claims,https://magicvalley.com/news/science/explainer-olympics-show-complexity-of-sustainability-claims/article_da1f6f5c-137d-5684-9de9-1523e26eb33b.html,magicvalley.com,20220211T053000Z,English,United States
reforestation,forestation,EXPLAINER : Olympics show complexity of sustainability claims,https://www.smdailyjournal.com/business/explainer-olympics-show-complexity-of-sustainability-claims/article_93c382d6-ea87-592a-b026-62304df8f524.html,smdailyjournal.com,20220211T051500Z,English,United States
reforestation,forestation,EXPLAINER : Olympics show complexity of sustainability claims,https://www.wfmz.com/news/ap/ap-business/explainer-olympics-show-complexity-of-sustainability-claims/article_ba1a8a9a-b2d4-50bb-963c-54d35773dc95.html,wfmz.com,20220211T044500Z,English,United States
reforestation,forestation,EXPLAINER : Olympics show complexity of sustainability claims,https://missoulian.com/news/science/explainer-olympics-show-complexity-of-sustainability-claims/article_b5966558-e235-5c1c-b08e-29775d295909.html,missoulian.com,20220211T044500Z,English,United States
reforestation,forestation,EXPLAINER : Olympics show complexity of sustainability claims,http://www.elpasoinc.com/news/ap_wire/business/explainer-olympics-show-complexity-of-sustainability-claims/article_cfe6d927-ee52-5e5d-93d0-ad7912ccb65c.html,elpasoinc.com,20220211T044500Z,English,United States
reforestation,forestation,EXPLAINER : Olympics show complexity of sustainability claims,https://www.rutlandherald.com/news/business/explainer-olympics-show-complexity-of-sustainability-claims/article_84c8c89a-3463-5deb-be75-17102152ec40.html,rutlandherald.com,20220211T044500Z,English,United States
reforestation,forestation,"St . Petersburg , Florida - based Foodstiks has landed a deal with Target . The company believes the time is nigh for its brand of disposable wooden cutlery if it can overcome supply - chain and industry awareness issues . | Business Observer",https://www.businessobserverfl.com/article/foodstiks-jim-ina-henderson-stpete-target-wood-cutlery,businessobserverfl.com,20220208T210000Z,English,United States
reforestation,forestation,Iran nuclear talks are entering a critical stage . Here what to look out for,https://krdo.com/news/national-world/cnn-europe-mideast-africa/2022/02/08/iran-nuclear-talks-are-entering-a-critical-stage-heres-what-to-look-out-for/,krdo.com,20220208T174500Z,English,United States
reforestation,forestation,Iran nuclear talks are entering a critical stage . Here what to look out for,https://kvia.com/news/us-world/cnn-europe-mideast-africa/2022/02/08/iran-nuclear-talks-are-entering-a-critical-stage-heres-what-to-look-out-for/,kvia.com,20220208T160000Z,English,United States
reforestation,forestation,Iran nuclear talks are entering a critical stage . Here what to look out for,https://edition.cnn.com/2022/02/08/middleeast/mideast-summary-2-8-2022-intl/,edition.cnn.com,20220208T151500Z,English,United States
reforestation,forestation,Iran nuclear talks are entering a critical stage . Here what to look out for,https://www.cnn.com/2022/02/08/middleeast/mideast-summary-2-8-2022-intl/,cnn.com,20220208T150000Z,English,United States
reforestation,forestation,"For riveting views , climb North America highest via ferrata",https://www.nationalgeographic.com/travel/article/climb-arapahoe-basin-north-americas-highest-via-ferrata,nationalgeographic.com,20220207T164500Z,English,United States
reforestation,forestation,"For riveting views , climb North America highest via ferrata",http://www.msn.com/en-nz/travel/tripideas/for-riveting-views-climb-north-america-s-highest-via-ferrata/ar-AATz8TI,msn.com,20220207T154500Z,English,United States
reforestation,forestation,Re : Israel has lost the apartheid propaganda war,https://www.huewire.com/re-israel-has-lost-the-apartheid-propaganda-war-2/,huewire.com,20220205T191500Z,English,United States
reforestation,forestation,No Sign that Amnesty Apartheid Report Will Shatter Pan - Israeli Denial of  Palestinian Problem,https://www.mintpressnews.com/no-sign-amnesty-apartheid-report-will-shatter-pan-israeli-denial-palestinian-problem/279608/,mintpressnews.com,20220204T170000Z,English,United States
reforestation,forestation,How Israel Occupation of Palestine Intensifies Climate Change,https://www.mintpressnews.com/israels-occupation-palestine-intensifies-climate-change/279595/,mintpressnews.com,20220203T213000Z,English,United States
reforestation,forestation,Spotlight : tax residence and fiscal domicile in Indonesia,https://www.lexology.com/library/detail.aspx?g=88632fc9-ddfd-49b5-a9f2-131f530db0b4,lexology.com,20220203T160000Z,English,United States
reforestation,forestation,Announcing the Publication of the First Atmospheric Carbon Dioxide Equilibrium Manuscript to Define NetZeroCO2e in the Journal of Earth Science & Climatic Change,https://www.prnewswire.com:443/news-releases/announcing-the-publication-of-the-first-atmospheric-carbon-dioxide-equilibrium-manuscript-to-define-netzeroco2e-in-the-journal-of-earth-science--climatic-change-301474023.html,prnewswire.com,20220202T164500Z,English,United States
reforestation,forestation,Announcing the Publication of the First Atmospheric Carbon Dioxide Equilibrium Manuscript to Define NetZeroCO2e in the Journal of Earth Science & Climatic Change,https://www.prnewswire.com/news-releases/announcing-the-publication-of-the-first-atmospheric-carbon-dioxide-equilibrium-manuscript-to-define-netzeroco2e-in-the-journal-of-earth-science--climatic-change-301474023.html,prnewswire.com,20220202T164500Z,English,United States
reforestation,forestation,Raising a Forest by Hand,https://www.theepochtimes.com/raising-a-forest-by-hand_4223447.html,theepochtimes.com,20220201T190000Z,English,United States
reforestation,forestation,2022 budget and production guidance,https://www.globenewswire.com/news-release/2022/02/01/2376265/0/en/2022-budget-and-production-guidance.html,globenewswire.com,20220201T071500Z,English,United States
reforestation,forestation,Portsmouth NH marks 150th annual Arbor Day with sugar maple planting,https://www.seacoastonline.com/story/news/local/2022/04/29/portsmouth-nh-marks-150th-annual-arbor-day-sugar-maple-planting/7451395001/,seacoastonline.com,20220429T190000Z,English,United States
reforestation,forestation,Hudson Valley to get hearing for New York climate change plan,https://www.poughkeepsiejournal.com/story/news/2022/04/29/hudson-valley-get-hearing-new-yorks-climate-change-plan/9558090002/,poughkeepsiejournal.com,20220429T130000Z,English,United States
reforestation,forestation,Planting trees is good for Earth . Climate change means more is needed .,https://www.usatoday.com/story/news/2022/04/29/planting-trees-good-earth-climate-change-means-more-needed/9555509002/,usatoday.com,20220429T103000Z,English,United States
reforestation,forestation,Hudson Valley to get hearing for New York climate change plan,https://www.recordonline.com/story/news/2022/04/29/hudson-valley-get-hearing-new-yorks-climate-change-plan/9558090002/,recordonline.com,20220429T100000Z,English,United States
reforestation,forestation,Hudson Valley to get hearing for New York climate change plan,https://www.lohud.com/story/news/2022/04/29/hudson-valley-get-hearing-new-yorks-climate-change-plan/9558090002/,lohud.com,20220429T100000Z,English,United States
reforestation,forestation,Plant a tree to save the world on Arbor Day ? It a little more complicated than that .,http://www.msn.com/en-us/news/us/plant-a-tree-to-save-the-world-on-arbor-day-it-s-a-little-more-complicated-than-that/ar-AAWIH8E,msn.com,20220429T094500Z,English,United States
reforestation,forestation,Amarillo celebrates its first Arbor Day as a Tree City united states member,https://www.amarillo.com/story/news/2022/04/27/amarillo-celebrates-its-first-arbor-day-tree-city-usa-member/9558342002/,amarillo.com,20220428T000000Z,English,United States
reforestation,forestation,Could Future Skycrapers Be Made of Wood ? Two New Timber Towers Are Going Up,https://singularityhub.com/2022/04/27/could-future-skycrapers-be-made-of-wood-two-new-timber-towers-are-going-up/,singularityhub.com,20220427T143000Z,English,United States
reforestation,forestation,"Save Planet Earth celebrates first anniversary in SL planting 5 , 000 trees",https://www.msn.com/en-xl/asia/srilanka/save-planet-earth-celebrates-first-anniversary-in-sl-planting-5000-trees/ar-AAWynWV,msn.com,20220425T040000Z,English,United States
reforestation,forestation,Aurora Noon Lions plant a tree on Earth Day,https://www.dailyherald.com/submitted/20220422/aurora-noon-lions-plant-a-tree-on-earth-day,dailyherald.com,20220423T064500Z,English,United States
reforestation,forestation,Michigan Civilian Conservation Corps . Impact on the Environment,https://www.9and10news.com/2022/04/22/michigans-civilian-conservation-corps-impact-on-the-environment/,9and10news.com,20220423T034500Z,English,United States
reforestation,forestation,Michigan Civilian Conservation Corps . Impact on the Enviroment,https://www.9and10news.com/2022/04/22/michigans-civilian-conservation-corps-impact-on-the-enviroment/,9and10news.com,20220422T220000Z,English,United States
reforestation,forestation,"Kevin McCarthy said Trump recognized  some responsibility  for Capitol attack , report says – live",https://www.msn.com/en-gb/news/world/kevin-mccarthy-said-trump-recognized-e2-80-98some-responsibility-e2-80-99-for-capitol-attack-report-says-e2-80-93-live/ar-AAWtxhG,msn.com,20220422T213000Z,English,United States
reforestation,forestation,"Kevin McCarthy said Trump recognized  some responsibility  for Capitol attack , report says – live",https://www.msn.com/en-gb/news/world/leaked-audio-contradicts-kevin-mccarthy-e2-80-99s-denial-that-he-considered-asking-trump-to-resign-e2-80-93-live/ar-AAWtxhG,msn.com,20220422T193000Z,English,United States
reforestation,forestation,"Every organisation must have sustainability - focused approach , experts say",https://www.msn.com/en-ae/money/news/every-organisation-must-have-sustainability-focused-approach-experts-say/ar-AAWs1Sy,msn.com,20220421T164500Z,English,United States
reforestation,forestation,The Recorder - My Turn :  Dangerous radicals,https://www.recorder.com/Columnist-Russ-Vernon-Jones-45949829,recorder.com,20220419T001500Z,English,United States
reforestation,forestation,Israel attacks worshippers at Al - Aqsa Mosque to stoke war,https://www.wsws.org/en/articles/2022/04/15/isra-a15.html,wsws.org,20220415T230000Z,English,United States
reforestation,forestation,Columnist Russ Vernon - Jones :  Dangerous radicals,https://www.gazettenet.com/Columnist-Russ-Vernon-Jones-45935296,gazettenet.com,20220414T213000Z,English,United States
reforestation,forestation,"VSU panel focuses on Earth , climate , sustainability",https://www.valdostadailytimes.com/news/local_news/vsu-panel-focuses-on-earth-climate-sustainability/article_b4387ab5-92c3-5b5b-b696-2679db361bfa.html,valdostadailytimes.com,20220414T180000Z,English,United States
reforestation,forestation,Solar panel installations could alleviate Saudi Arabia growing water crisis,https://techxplore.com/news/2022-04-solar-panel-alleviate-saudi-arabia.html,techxplore.com,20220413T173000Z,English,United States
reforestation,forestation,"Folly Beach , South Carolina",https://www.worldatlas.com/cities/folly-beach-south-carolina.html,worldatlas.com,20220413T034500Z,English,United States
reforestation,forestation,"The New Deal Changed Kentucky Forever , Charles Booker Wants To Revitalize It",https://www.leoweekly.com/2022/04/the-new-deal-changed-kentucky-forever-charles-booker-wants-to-revitalize-it/,leoweekly.com,20220411T200000Z,English,United States
reforestation,forestation,"Mexicans vote on whether to recall the president , an election he wanted",https://www.mdjonline.com/tribune/lifestyles/mexicans-vote-on-whether-to-recall-the-president-an-election-he-wanted/article_2f667ccd-b50c-584f-b440-f892a9c1441c.html,mdjonline.com,20220411T010000Z,English,United States
reforestation,forestation,"Mexicans vote on whether to recall the president , an election he pushed for",https://www.aol.com/news/mexicans-vote-whether-recall-president-211424768.html,aol.com,20220410T221500Z,English,United States
reforestation,forestation,Mexicans vote on whether to recall President López Obrador,https://www.latimes.com/world-nation/story/2022-04-10/la-fg-mexico-recall-president-vote,latimes.com,20220410T214500Z,English,United States
reforestation,forestation,New York first public hearing for ambitious climate plan shows rifts,https://www.ithacajournal.com/story/news/local/new-york/2022/04/07/new-york-public-hearing-climate-plan-carbon-neutral/9462767002/,ithacajournal.com,20220408T204500Z,English,United States
reforestation,forestation,New York first public hearing for ambitious climate plan shows rifts,https://www.recordonline.com/story/news/local/new-york/2022/04/07/new-york-public-hearing-climate-plan-carbon-neutral/9462767002/,recordonline.com,20220408T184500Z,English,United States
reforestation,forestation,New York first public hearing for ambitious climate plan shows rifts,https://www.pressconnects.com/story/news/local/new-york/2022/04/07/new-york-public-hearing-climate-plan-carbon-neutral/9462767002/,pressconnects.com,20220408T111500Z,English,United States
reforestation,forestation,New York first public hearing for ambitious climate plan shows rifts,https://www.the-leader.com/story/news/local/new-york/2022/04/07/new-york-public-hearing-climate-plan-carbon-neutral/9462767002/,the-leader.com,20220408T094500Z,English,United States
reforestation,forestation,New York first public hearing for ambitious climate plan shows rifts,https://www.poughkeepsiejournal.com/story/news/local/new-york/2022/04/07/new-york-public-hearing-climate-plan-carbon-neutral/9462767002/,poughkeepsiejournal.com,20220407T201500Z,English,United States
reforestation,forestation,New York first public hearing for ambitious climate plan shows rifts,https://www.uticaod.com/story/news/local/new-york/2022/04/07/new-york-public-hearing-climate-plan-carbon-neutral/9462767002/,uticaod.com,20220407T200000Z,English,United States
reforestation,forestation,New York first public hearing for ambitious climate plan shows rifts,https://www.democratandchronicle.com/story/news/local/new-york/2022/04/07/new-york-public-hearing-climate-plan-carbon-neutral/9462767002/,democratandchronicle.com,20220407T173000Z,English,United States
reforestation,forestation,New York first public hearing for ambitious climate plan shows rifts,https://www.timestelegram.com/story/news/local/new-york/2022/04/07/new-york-public-hearing-climate-plan-carbon-neutral/9462767002/,timestelegram.com,20220407T160000Z,English,United States
reforestation,forestation,New York first public hearing for ambitious climate plan shows rifts,https://www.eveningtribune.com/story/news/local/new-york/2022/04/07/new-york-public-hearing-climate-plan-carbon-neutral/9462767002/,eveningtribune.com,20220407T113000Z,English,United States
reforestation,forestation,New York first public hearing for ambitious climate plan shows rifts,https://www.stargazette.com/story/news/local/new-york/2022/04/07/new-york-public-hearing-climate-plan-carbon-neutral/9462767002/,stargazette.com,20220407T110000Z,English,United States
reforestation,forestation,New York first public hearing for ambitious climate plan shows rifts,https://www.mpnnow.com/story/news/local/new-york/2022/04/07/new-york-public-hearing-climate-plan-carbon-neutral/9462767002/,mpnnow.com,20220407T101500Z,English,United States
reforestation,forestation,New York first public hearing for ambitious climate plan shows rifts,https://www.lohud.com/story/news/local/new-york/2022/04/07/new-york-public-hearing-climate-plan-carbon-neutral/9462767002/,lohud.com,20220407T094500Z,English,United States
reforestation,forestation,Urgent action needed to meet 1 . 5 degree Celsius goal,https://phys.org/news/2022-04-urgent-action-degree-celsius-goal.html,phys.org,20220405T161500Z,English,United States
reforestation,forestation,Drones drop seeds in deserts as Australia takes on the climate crisis,https://www.rawstory.com/drones-drop-seeds-in-deserts-as-australia-takes-on-the-climate-crisis/,rawstory.com,20220404T110000Z,English,United States
reforestation,forestation,Gerald Winegrad : Ending population growth is a mark of progress | COMMENTARY,http://www.capitalgazette.com/opinion/columns/ac-ce-winegrad-population-growth-20220401-tedjn6g32vbzvnkdq7cou72tai-story.html,capitalgazette.com,20220401T124500Z,English,United States
reforestation,forestation,Equinix joins orchard initiative in Ireland,https://www.datacenterdynamics.com/en/news/equinix-joins-orchard-initiative-in-ireland/,datacenterdynamics.com,20220401T101500Z,English,United States
reforestation,forestation,Kelp Forests of the Pacific,https://www.theatlantic.com/magazine/archive/1966/09/kelp-forests-of-the-pacific/659286/,theatlantic.com,20220529T141500Z,English,United States
reforestation,forestation,10 Years Later : Remembering the Duck Lake Fire,https://www.9and10news.com/2022/05/27/10-years-later-remembering-the-duck-lake-fire/,9and10news.com,20220527T164500Z,English,United States
reforestation,forestation,"Global Gas Report 2022 : Natural , low - and zero - carbon gases and gas infrastructure key to an achievable transition toward a sustainable and secure energy future for all .",https://www.prnewswire.com:443/news-releases/global-gas-report-2022-natural-low--and-zero-carbon-gases-and-gas-infrastructure-key-to-an-achievable-transition-toward-a-sustainable-and-secure-energy-future-for-all-301554184.html,prnewswire.com,20220525T083000Z,English,United States
reforestation,forestation,"Global Gas Report 2022 : Natural , low - and zero - carbon gases and gas infrastructure key to an achievable transition toward a sustainable and secure energy future for all .",https://www.prnewswire.com/news-releases/global-gas-report-2022-natural-low--and-zero-carbon-gases-and-gas-infrastructure-key-to-an-achievable-transition-toward-a-sustainable-and-secure-energy-future-for-all-301554184.html,prnewswire.com,20220525T083000Z,English,United States
reforestation,forestation,"Minneapolis proposes to plant 200 , 000 more trees",https://bringmethenews.com/minnesota-lifestyle/minneapolis-wants-to-use-1m-in-federal-cash-to-plant-200000-more-trees,bringmethenews.com,20220518T190000Z,English,United States
reforestation,forestation,Global Tree Restoration and its Impact on Regional Water Availability,https://www.azocleantech.com/article.aspx?ArticleID=1540,azocleantech.com,20220518T151500Z,English,United States
reforestation,forestation,The history behind Santa Rosa Island Network to Freedom listing,https://www.wuwf.org/2022-05-16/the-history-behind-santa-rosa-islands-network-to-freedom-listing,wuwf.org,20220517T044500Z,English,United States
reforestation,forestation,The Greens Party Hypocritical Infatuation With Climate Change and Beijing,https://www.theepochtimes.com/the-greens-partys-hypocritical-infatuation-with-climate-change-and-beijing_4447642.html,theepochtimes.com,20220506T034500Z,English,United States
reforestation,forestation,Can Dissolved Iron from Industry Promote Seaweed Growth ?,https://www.azom.com/news.aspx?newsID=58997,azom.com,20220505T184500Z,English,United States
reforestation,forestation,Saving the Island of Kahoolawe,https://www.honolulumagazine.com/saving-the-island-of-kahoolawe/,honolulumagazine.com,20220502T154500Z,English,United States
reforestation,forestation,Chamber of disinformation ? Brazilian deforestation according to Bolsonaro,https://peoplesworld.org/article/chamber-of-disinformation-brazilian-deforestation-according-to-bolsonaro/,peoplesworld.org,20220628T203000Z,English,United States
reforestation,forestation,Book review :  Mini - Forest Revolution  shows how to mimic nature,https://journalnow.com/entertainment/books/book-review-mini-forest-revolution-shows-how-to-mimic-nature/article_64678b0c-edac-11ec-8caf-0b4216614996.html,journalnow.com,20220626T103000Z,English,United States
reforestation,forestation,Could Algae Solve the Global Climate Crisis ?,https://www.news-medical.net/life-sciences/Could-Algae-Solve-the-Global-Climate-Crisis.aspx,news-medical.net,20220622T123000Z,English,United States
reforestation,forestation,Stock Market | FinancialContent Business Page,https://markets.financialcontent.com/stocks/article/getnews-2022-6-21-monterey-tree-service-experts-helps-homeowner-prepare-his-land-for-cultivation,markets.financialcontent.com,20220621T234500Z,English,United States
reforestation,forestation,Detroit Nonprofit Is Turning Redlined Streets Green,https://nextcity.org/urbanist-news/detroit-nonprofit-is-turning-redlined-streets-green,nextcity.org,20220621T123000Z,English,United States
reforestation,forestation,Tim Scott : In the wilderness,https://www.conwaydailysun.com/opinion/columns/tim-scott-in-the-wilderness/article_d220495e-ebd1-11ec-8cd2-775730dcfaf5.html,conwaydailysun.com,20220616T213000Z,English,United States
reforestation,forestation,Chamber of disinformation ? Brazilian deforestation according to Bolsonaro,https://www.peoplesworld.org/article/chamber-of-disinformation-brazilian-deforestation-according-to-bolsonaro/,peoplesworld.org,20220616T154500Z,English,United States
reforestation,forestation,"2022 Election Questionnaire : David Palmer ( D ), 13th Congressional District",https://www.news-gazette.com/election/2022-election-questionnaire-david-palmer-d-13th-congressional-district/article_56c9fe84-d764-52de-b27a-5d3b2e8a3d85.html,news-gazette.com,20220614T020000Z,English,United States
reforestation,forestation,Will money - back guarantee win over wealthy donors ?,https://lacrossetribune.com/news/national/will-money-back-guarantee-win-over-wealthy-donors/article_f140cd91-a4bd-5363-a6ee-08cabc938d05.html,lacrossetribune.com,20220613T233000Z,English,United States
reforestation,forestation,Will money - back guarantee win over wealthy donors ?,https://abcnews.go.com/US/wireStory/money-back-guarantee-win-wealthy-donors-85364678,abcnews.go.com,20220613T221500Z,English,United States
reforestation,forestation,Will money - back guarantee win over wealthy donors ?,https://apnews.com/article/politics-africa-business-poverty-philanthropy-c2cf05ec466a9229173a211c97296aa0,apnews.com,20220613T220000Z,English,United States
reforestation,forestation,Will money - back guarantee win over wealthy donors ?,https://mynorthwest.com/3515299/will-money-back-guarantee-win-over-wealthy-donors/,mynorthwest.com,20220613T220000Z,English,United States
reforestation,forestation,Will money - back guarantee win over wealthy donors ? | New Orleans CityBusiness,https://neworleanscitybusiness.com/blog/2022/06/13/will-money-back-guarantee-win-over-wealthy-donors/,neworleanscitybusiness.com,20220613T220000Z,English,United States
reforestation,forestation,Will money - back guarantee win over wealthy donors ?,https://muscatinejournal.com/news/national/will-money-back-guarantee-win-over-wealthy-donors/article_aaf5c3c0-8e23-5268-b5a8-8d0855168c8a.html,muscatinejournal.com,20220613T214500Z,English,United States
reforestation,forestation,Will money - back guarantee win over wealthy donors ?,https://madison.com/news/national/article_0a37e68c-901e-562a-a438-071c47552c5b.html,madison.com,20220613T211500Z,English,United States
reforestation,forestation,Will money - back guarantee win over wealthy donors ?,https://www.stltoday.com/news/national/will-money-back-guarantee-win-over-wealthy-donors/article_a112fe9f-eb06-5ad5-9503-e62119fe7aaf.html,stltoday.com,20220613T204500Z,English,United States
reforestation,forestation,Will money - back guarantee win over wealthy donors ?,https://www.stltoday.com/news/article_a112fe9f-eb06-5ad5-9503-e62119fe7aaf.html,stltoday.com,20220613T204500Z,English,United States
reforestation,forestation,Will money - back guarantee win over wealthy donors ?,https://www.ifiberone.com/news/national_news/will-money-back-guarantee-win-over-wealthy-donors/article_185b80c9-ae77-5d9d-8996-a4f979724735.html,ifiberone.com,20220613T204500Z,English,United States
reforestation,forestation,Will money - back guarantee win over wealthy donors ?,http://www.ccenterdispatch.com/news/national/article_a721ea2c-61e8-55c5-b545-4c49d26f0727.html,ccenterdispatch.com,20220613T203000Z,English,United States
reforestation,forestation,Will money - back guarantee win over wealthy donors ?,https://missoulian.com/news/national/will-money-back-guarantee-win-over-wealthy-donors/article_1cde804a-cfc0-54fe-8239-7967273b0194.html,missoulian.com,20220613T201500Z,English,United States
reforestation,forestation,Will money - back guarantee win over wealthy donors ?,https://siouxcityjournal.com/news/national/will-money-back-guarantee-win-over-wealthy-donors/article_23c1672a-40f7-5bae-8b0c-ce734b6dd815.html,siouxcityjournal.com,20220613T201500Z,English,United States
reforestation,forestation,Will money - back guarantee win over wealthy donors ?,https://accesswdun.com/article/2022/6/1109835,accesswdun.com,20220613T201500Z,English,United States
reforestation,forestation,Will money - back guarantee win over wealthy donors ?,https://tucson.com/news/national/will-money-back-guarantee-win-over-wealthy-donors/article_3dcc5b2b-569e-5bda-9b81-f86fc24109e8.html,tucson.com,20220613T200000Z,English,United States
reforestation,forestation,Will money - back guarantee win over wealthy donors ?,https://www.mymotherlode.com/news/national/2618587/will-money-back-guarantee-win-over-wealthy-donors.html,mymotherlode.com,20220613T200000Z,English,United States
reforestation,forestation,Will money - back guarantee win over wealthy donors ?,https://www.caledonianrecord.com/news/national/will-money-back-guarantee-win-over-wealthy-donors/article_059730c3-ba6b-5552-8ec7-6d055e048602.html,caledonianrecord.com,20220613T194500Z,English,United States
reforestation,forestation,Will money - back guarantee win over wealthy donors ?,https://www.gjsentinel.com/news/us/will-money-back-guarantee-win-over-wealthy-donors/article_de806691-b3bd-59d0-8807-850d9b852e42.html,gjsentinel.com,20220613T194500Z,English,United States
reforestation,forestation,Will money - back guarantee win over wealthy donors ?,https://omaha.com/news/national/will-money-back-guarantee-win-over-wealthy-donors/article_74ac1b4e-7376-5024-88b5-eb057af8807f.html,omaha.com,20220613T193000Z,English,United States
reforestation,forestation,Will money - back guarantee win over wealthy donors ?,https://madison.com/news/article_0a37e68c-901e-562a-a438-071c47552c5b.html,madison.com,20220613T193000Z,English,United States
reforestation,forestation,Will money - back guarantee win over wealthy donors ?,https://www.news8000.com/i/will-money-back-guarantee-win-over-wealthy-donors/,news8000.com,20220613T191500Z,English,United States
reforestation,forestation,Will money - back guarantee win over wealthy donors ?,https://www.durangoherald.com/articles/will-money-back-guarantee-win-over-wealthy-donors/,durangoherald.com,20220613T191500Z,English,United States
reforestation,forestation,Will money - back guarantee win over wealthy donors ?,https://apnews.com/c2cf05ec466a9229173a211c97296aa0,apnews.com,20220613T191500Z,English,United States
reforestation,forestation,Will money - back guarantee win over wealthy donors ?,https://www.nhregister.com/news/article/Will-money-back-guarantee-win-over-wealthy-donors-17238600.php,nhregister.com,20220613T190000Z,English,United States
reforestation,forestation,Will money - back guarantee win over wealthy donors ?,https://www.darientimes.com/news/article/Will-money-back-guarantee-win-over-wealthy-donors-17238600.php,darientimes.com,20220613T190000Z,English,United States
reforestation,forestation,Will money - back guarantee win over wealthy donors ?,https://www.seattlepi.com/news/article/Will-money-back-guarantee-win-over-wealthy-donors-17238600.php,seattlepi.com,20220613T190000Z,English,United States
reforestation,forestation,Will money - back guarantee win over wealthy donors ? - Netscape Money & Business,https://isp.netscape.com/pf/story/0001/20220613/c2cf05ec466a9229173a211c97296aa0,isp.netscape.com,20220613T190000Z,English,United States
reforestation,forestation,Will money - back guarantee win over wealthy donors ?,https://www.chron.com/news/article/Will-money-back-guarantee-win-over-wealthy-donors-17238600.php,chron.com,20220613T190000Z,English,United States
reforestation,forestation,Will money - back guarantee win over wealthy donors ? :: WRAL . com,https://www.wral.com/will-money-back-guarantee-win-over-wealthy-donors/20328432/,wral.com,20220613T190000Z,English,United States
reforestation,forestation,Will money - back guarantee win over wealthy donors ?,https://www.registercitizen.com/news/article/Will-money-back-guarantee-win-over-wealthy-donors-17238600.php,registercitizen.com,20220613T190000Z,English,United States
reforestation,forestation,Will money - back guarantee win over wealthy donors ?,https://www.sfgate.com/news/article/Will-money-back-guarantee-win-over-wealthy-donors-17238600.php,sfgate.com,20220613T184500Z,English,United States
reforestation,forestation,Ghana Aims to Plant Millions of New Trees in Single Day,https://www.voanews.com/a/ghana-aims-to-plant-millions-of-new-trees-in-single-day-/6612245.html,voanews.com,20220610T174500Z,English,United States
reforestation,forestation,Review :  Mini - Forest Revolution  shows how to mimic nature,https://www.sandiegouniontribune.com/entertainment/national/story/2022-06-09/review-mini-forest-revolution-shows-how-to-mimic-nature,sandiegouniontribune.com,20220610T084500Z,English,United States
reforestation,forestation,Book Review :  Mini - Forest Revolution  shows how to mimic nature,https://azdailysun.com/entertainment/books-and-literature/book-review-mini-forest-revolution-shows-how-to-mimic-nature/article_7a60c92e-59b8-5967-929a-b6767df69e2f.html,azdailysun.com,20220610T064500Z,English,United States
reforestation,forestation,Review :  Mini - Forest Revolution  shows how to mimic nature,https://www.stltoday.com/news/science/article_a065a689-17a6-59dc-9246-f1aeba67a906.html,stltoday.com,20220610T030000Z,English,United States
reforestation,forestation,Review :  Mini - Forest Revolution  shows how to mimic nature,https://wacotrib.com/news/science/review-mini-forest-revolution-shows-how-to-mimic-nature/article_904764e1-c53f-52e6-a3c0-ff449f716c61.html,wacotrib.com,20220610T000000Z,English,United States
reforestation,forestation,Review :  Mini - Forest Revolution  shows how to mimic nature,https://www.djournal.com/news/nation-world/review-mini-forest-revolution-shows-how-to-mimic-nature/article_fe2b4365-272f-5e21-8142-5368dd6a7bc3.html,djournal.com,20220610T000000Z,English,United States
reforestation,forestation,Review :  Mini - Forest Revolution  shows how to mimic nature,https://www.collegian.psu.edu/partners/arts/review-mini-forest-revolution-shows-how-to-mimic-nature/article_3806f2de-7ab7-545a-889d-406cfd023a0b.html,collegian.psu.edu,20220609T223000Z,English,United States
reforestation,forestation,Review :  Mini - Forest Revolution  shows how to mimic nature,https://mynorthwest.com/3510124/review-mini-forest-revolution-shows-how-to-mimic-nature/,mynorthwest.com,20220609T220000Z,English,United States
reforestation,forestation,Review :  Mini - Forest Revolution  shows how to mimic nature,https://buffalonews.com/news/science/review-mini-forest-revolution-shows-how-to-mimic-nature/article_09a39d8f-ae01-5fe1-882d-e1852502fd9f.html,buffalonews.com,20220609T220000Z,English,United States
reforestation,forestation,Review :  Mini - Forest Revolution  shows how to mimic nature,https://www.beaumontenterprise.com/news/article/Review-Mini-Forest-Revolution-shows-how-to-17231076.php,beaumontenterprise.com,20220609T214500Z,English,United States
reforestation,forestation,Review :  Mini - Forest Revolution  shows how to mimic nature,https://www.mymotherlode.com/entertainment/2611403/review-mini-forest-revolution-shows-how-to-mimic-nature.html,mymotherlode.com,20220609T213000Z,English,United States
reforestation,forestation,Review :  Mini - Forest Revolution  shows how to mimic nature,https://apnews.com/article/climate-science-entertainment-travel-e4601aa7a823d947609ac5a75ba8af87,apnews.com,20220609T211500Z,English,United States
reforestation,forestation,Review :  Mini - Forest Revolution  shows how to mimic nature,https://www.smdailyjournal.com/news/national/review-mini-forest-revolution-shows-how-to-mimic-nature/article_8382fb13-80dc-5c2d-8bd6-63f86cceaf66.html,smdailyjournal.com,20220609T203000Z,English,United States
reforestation,forestation,Review :  Mini - Forest Revolution  shows how to mimic nature,http://www.ccenterdispatch.com/news/national/article_b6b72a93-d124-5e08-bf18-98bd516e10c4.html,ccenterdispatch.com,20220609T201500Z,English,United States
reforestation,forestation,Review :  Mini - Forest Revolution  shows how to mimic nature,https://www.hngnews.com/nation_world/article_177087f6-c29b-589d-9b64-b82e8e5fb1c1.html,hngnews.com,20220609T200000Z,English,United States
reforestation,forestation,Review :  Mini - Forest Revolution  shows how to mimic nature,https://www.stltoday.com/news/science/review-mini-forest-revolution-shows-how-to-mimic-nature/article_a065a689-17a6-59dc-9246-f1aeba67a906.html,stltoday.com,20220609T200000Z,English,United States
reforestation,forestation,Review :  Mini - Forest Revolution  shows how to mimic nature,https://omaha.com/news/science/review-mini-forest-revolution-shows-how-to-mimic-nature/article_f0775bac-3ec5-5d98-86b0-382cce3bb35c.html,omaha.com,20220609T200000Z,English,United States
reforestation,forestation,Review :  Mini - Forest Revolution  shows how to mimic nature,https://tucson.com/news/science/review-mini-forest-revolution-shows-how-to-mimic-nature/article_f1056c7c-83c0-5dfd-ac67-19a44ffafe05.html,tucson.com,20220609T200000Z,English,United States
reforestation,forestation,Review :  Mini - Forest Revolution  shows how to mimic nature,https://www.timesunion.com/news/article/Review-Mini-Forest-Revolution-shows-how-to-17231076.php,timesunion.com,20220609T200000Z,English,United States
reforestation,forestation,Review :  Mini - Forest Revolution  shows how to mimic nature,https://madison.com/news/science/review-mini-forest-revolution-shows-how-to-mimic-nature/article_cb36d974-1588-5d67-865d-c4f60bc3b709.html,madison.com,20220609T194500Z,English,United States
reforestation,forestation,Review :  Mini - Forest Revolution  shows how to mimic nature,https://omaha.com/news/science/article_f0775bac-3ec5-5d98-86b0-382cce3bb35c.html,omaha.com,20220609T194500Z,English,United States
reforestation,forestation,Review :  Mini - Forest Revolution  shows how to mimic nature,https://wnyt.com/entertainment/review-mini-forest-revolution-shows-how-to-mimic-nature/6496108/?cat=665,wnyt.com,20220609T193000Z,English,United States
reforestation,forestation,Review :  Mini - Forest Revolution  shows how to mimic nature,https://www.sfgate.com/news/article/Review-Mini-Forest-Revolution-shows-how-to-17231076.php,sfgate.com,20220609T193000Z,English,United States
reforestation,forestation,Review :  Mini - Forest Revolution  shows how to mimic nature,https://www.startribune.com/review-mini-forest-revolution-shows-how-to-mimic-nature/600180689/,startribune.com,20220609T193000Z,English,United States
reforestation,forestation,Review :  Mini - Forest Revolution  shows how to mimic nature,https://www.chron.com/news/article/Review-Mini-Forest-Revolution-shows-how-to-17231076.php,chron.com,20220609T193000Z,English,United States
reforestation,forestation,Here The Story Of How I Lived In Two Zoos While Growing Up,https://www.msn.com/en-us/news/us/heres-the-story-of-how-i-lived-in-two-zoos-while-growing-up/ar-AAY4Oo1,msn.com,20220604T151500Z,English,United States
reforestation,forestation,Stock Market | FinancialContent Business Page,https://markets.financialcontent.com/stocks/article/abnewswire-2022-6-3-the-last-koala-stronghold-is-where-exciting-nft-utilities-meet-a-riveting-narrative-driven-world,markets.financialcontent.com,20220603T194500Z,English,United States
reforestation,forestation,100 % affordable Sweeten Creek complex clears planning and zoning,https://www.citizen-times.com/story/news/local/2022/06/02/affordable-sweeten-creek-complex-clears-planning-zoning/7471187001/,citizen-times.com,20220603T183000Z,English,United States
reforestation,forestation,"ESG – A Defense , A Critique , And A Way Forward ( part 3 now ): Evidence - Driven Pragmatic Perspective",https://www.forbes.com/sites/shivaramrajgopal/2022/09/01/esg--a-defense-a-critique-and-a-way-forward-part-3-now-evidence-driven-pragmatic-perspective/,forbes.com,20220901T131500Z,English,United States
reforestation,forestation,Kyle Lybarger Wants to Save the Planet ( And Kill Your Lawn ),http://www.msn.com/en-us/foodanddrink/foodnews/kyle-lybarger-wants-to-save-the-planet-and-kill-your-lawn/ar-AA11gL9p,msn.com,20220830T121500Z,English,United States
reforestation,forestation,"Climate action guidelines 2022 – 2030 : City of Belmopan , Belize",https://www.cepal.org/en/publications/48097-climate-action-guidelines-2022-2030-city-belmopan-belize,cepal.org,20220829T173000Z,English,United States
reforestation,forestation,Natural Climate Solutions are Critical to Slow Down the Rate of Global Warming,https://www.azocleantech.com/news.aspx?newsID=32173,azocleantech.com,20220829T123000Z,English,United States
reforestation,forestation,Natural climate solutions help mitigate climate change in China,https://phys.org/news/2022-08-natural-climate-solutions-mitigate-china.html,phys.org,20220826T134500Z,English,United States
reforestation,forestation,Natural Climate Solutions Help Mitigate Climate Change in China,https://www.miragenews.com/natural-climate-solutions-help-mitigate-climate-843819/,miragenews.com,20220826T063000Z,English,United States
reforestation,forestation,Explore Yosemite From The Famed Sugar Pine Railroad,http://www.msn.com/en-us/travel/tripideas/explore-yosemite-from-the-famed-sugar-pine-railroad/ar-AA110EIJ,msn.com,20220823T200000Z,English,United States
reforestation,forestation,"A new commodity is set to take Africa by storm , and it not what you think",https://africa.businessinsider.com/local/leaders/a-new-commodity-is-set-to-take-africa-by-storm-and-its-not-what-you-think/8m85bz0,africa.businessinsider.com,20220818T124500Z,English,United States
reforestation,forestation,Second Manassas Campaign – Encyclopedia Virginia,https://encyclopediavirginia.org/entries/second-manassas-campaign/,encyclopediavirginia.org,20220818T071500Z,English,United States
reforestation,forestation,Ann Arbor Named a Top Trending City for Airbnb This Fall,https://us103.com/this-michigan-city-named-a-top-trending-city-for-airbnb/,us103.com,20220817T201500Z,English,United States
reforestation,forestation,Ann Arbor Named a Top Trending City for Airbnb This Fall,https://banana1015.com/this-michigan-city-named-a-top-trending-city-for-airbnb/,banana1015.com,20220817T174500Z,English,United States
reforestation,forestation,Ann Arbor Named a Top Trending City for Airbnb This Fall,https://wfnt.com/this-michigan-city-named-a-top-trending-city-for-airbnb/,wfnt.com,20220817T163000Z,English,United States
reforestation,forestation,Ann Arbor Named a Top Trending City for Airbnb This Fall,https://wcrz.com/this-michigan-city-named-a-top-trending-city-for-airbnb/,wcrz.com,20220817T161500Z,English,United States
reforestation,forestation,Ann Arbor Named a Top Trending City for Airbnb This Fall,https://club937.com/this-michigan-city-named-a-top-trending-city-for-airbnb/,club937.com,20220817T153000Z,English,United States
reforestation,forestation,ICE to Host Auctions of Nature Based Carbon Removal Credits for GreenTrees,https://www.businesswire.com/news/home/20220808005371/en/ICE-to-Host-Auctions-of-Nature-Based-Carbon-Removal-Credits-for-GreenTrees,businesswire.com,20220811T141500Z,English,United States
reforestation,forestation,RJD Green Inc . Earthlinc Division Executes an Agreement for Development of Green Remediation Services,https://www.streetinsider.com/NewMediaWire/RJD+Green+Inc.s+Earthlinc+Division+Executes+an+Agreement+for+Development+of+Green+Remediation+Services/20430049.html,streetinsider.com,20220808T170000Z,English,United States
reforestation,forestation,ICE to Host Auctions of Nature Based Carbon Removal Credits for GreenTrees,https://www.bakersfield.com/ap/news/ice-to-host-auctions-of-nature-based-carbon-removal-credits-for-greentrees/article_46aab2ba-066a-5378-8efa-3e461fc6091e.html,bakersfield.com,20220808T164500Z,English,United States
reforestation,forestation,RJD Green Inc . Earthlinc Division Executes an Agreement for Development of Green Remediation Services,https://www.streetinsider.com/Globe+Newswire/RJD+Green+Inc.%E2%80%99s+Earthlinc+Division+Executes+an+Agreement+for+Development+of+Green+Remediation+Services/20429908.html,streetinsider.com,20220808T141500Z,English,United States
reforestation,forestation,Higher Ed Cult of Growth,https://www.chronicle.com/article/higher-eds-cult-of-growth,chronicle.com,20220805T204500Z,English,United States
reforestation,forestation,City maintaining focus on tree cultivation amid worsening climate projections,https://norfolkdailynews.com/select/feature/city-maintaining-focus-on-tree-cultivation-amid-worsening-climate-projections/article_dc9f3a48-1403-11ed-964e-17909f49f58b.html,norfolkdailynews.com,20220804T154500Z,English,United States
reforestation,forestation,New initiative from Turkish Airlines to combat climate change : Co2mission,https://markets.businessinsider.com/news/stocks/new-initiative-from-turkish-airlines-to-combat-climate-change-co2mission-1031635826,markets.businessinsider.com,20220801T181500Z,English,United States
reforestation,forestation,Turkish Airlines combats climate change with Co2mission,https://eturbonews.com/turkish-airlines-combats-climate-change-with-co2mission/,eturbonews.com,20220801T164500Z,English,United States
reforestation,forestation,New initiative from Turkish Airlines to combat climate change : Co2mission,https://www.prnewswire.com/news-releases/new-initiative-from-turkish-airlines-to-combat-climate-change-co2mission-301596974.html,prnewswire.com,20220801T143000Z,English,United States
reforestation,forestation,New initiative from Turkish Airlines to combat climate change : Co2mission,https://www.prnewswire.com:443/news-releases/new-initiative-from-turkish-airlines-to-combat-climate-change-co2mission-301596974.html,prnewswire.com,20220801T143000Z,English,United States
reforestation,forestation,Massive tree planting efforts on drylands can actually cause more warming,https://www.pnas.org/post/journal-club/massive-tree-planting-efforts-drylands-can-actually-cause-more-warming,pnas.org,20221001T193000Z,English,United States
reforestation,forestation,"Cyprus wants to become the new European  Island of Freedom , BEON1X Open Mind Music Festival making strong first impression",https://nl.mashable.com/entertainment-2/7993/cyprus-wants-to-become-the-new-european-island-of-freedom-beon1x-open-mind-music-festival-making-str,nl.mashable.com,20221001T183000Z,English,United States
reforestation,forestation,Sentidos Comprehensive Center for the Elderly / Estudio Cordeyro & Asociados,https://www.archdaily.com/989615/sentidos-comprehensive-center-for-the-elderly-estudio-cordeyro-and-asociados,archdaily.com,20220927T193000Z,English,United States
reforestation,forestation,Study : Planting trees wont save planet from climate change,https://kjzz.org/content/1812222/study-planting-trees-wont-save-planet-climate-change,kjzz.org,20220926T133000Z,English,United States
reforestation,forestation,Key Takeaways From Day Three Of Sustainable Finance Week - Financial Services,https://www.mondaq.com/guernsey/financial-services/1233432/key-takeaways-from-day-three-of-sustainable-finance-week,mondaq.com,20220926T120000Z,English,United States
reforestation,forestation,Maharashtra Governor hails Alfavision Goyals as India Emerging Environment Corporate,https://www.laosnews.net/news/272792790/maharashtra-governor-hails-alfavision-goyals-as-india-emerging-environment-corporate,laosnews.net,20220924T170000Z,English,United States
reforestation,forestation,Maharashtra Governor hails Alfavision Goyals as India Emerging Environment Corporate,https://www.heraldglobe.com/news/272792790/maharashtra-governor-hails-alfavision-goyals-as-india-emerging-environment-corporate,heraldglobe.com,20220924T140000Z,English,United States
reforestation,forestation,"In warmer world , half of all species are on move – but where are they going ?",https://www.miragenews.com/in-warmer-world-half-of-all-species-are-on-move-861228/,miragenews.com,20220923T230000Z,English,United States
reforestation,forestation,Canada Forest Trust Announces The Appointment of Its,https://www.globenewswire.com/news-release/2022/09/21/2520519/0/en/Canada-s-Forest-Trust-Announces-The-Appointment-of-Its-Science-Innovation-and-Policy-Board-Members.html,globenewswire.com,20220921T190000Z,English,United States
reforestation,forestation,"Canada Forest Trust Announces The Appointment of Its Science , Innovation and Policy Board Members","https://www.streetinsider.com/Globe+Newswire/Canada%E2%80%99s+Forest+Trust+Announces+The+Appointment+of+Its+Science,+Innovation+and+Policy+Board+Members/20610912.html",streetinsider.com,20220921T183000Z,English,United States
reforestation,forestation,Half Moon Bay : Is It Worth Visiting This California Beach ?,http://www.msn.com/en-us/travel/tripideas/half-moon-bay-is-it-worth-visiting-this-california-beach/ar-AA124K1i,msn.com,20220921T113000Z,English,United States
reforestation,forestation,Progressives Then and Now,https://www.americanthinker.com/articles/2022/09/progressives_then_and_now.html,americanthinker.com,20220918T090000Z,English,United States
reforestation,forestation,China Claims  Remarkable Ecological Progres While Increasing Coal Usage,https://www.breitbart.com/national-security/2022/09/16/china-claims-remarkable-ecological-progress-while-exponentially-increasing-coal-usage/,breitbart.com,20220917T010000Z,English,United States
reforestation,forestation,China Claims  Remarkable Ecological Progres While Increasing Coal Usage,https://www.breitbart.com/environment/2022/09/16/china-claims-remarkable-ecological-progress-while-exponentially-increasing-coal-usage/,breitbart.com,20220916T214500Z,English,United States
reforestation,forestation,Builders and developers actually improve the environment despite occasional claims to the contrary,https://brazilbusiness.einnews.com/pr_news/582160533/builders-and-developers-actually-improve-the-environment-despite-occasional-claims-to-the-contrary,brazilbusiness.einnews.com,20220915T231500Z,English,United States
reforestation,forestation,"In a warmer world , half of all species are on the move . Where are they going ?",https://phys.org/news/2022-09-warmer-world-species.html,phys.org,20220912T233000Z,English,United States
reforestation,forestation,It took a real  Lady  to nail hubby birthday gift,https://www.mankatofreepress.com/news/lifestyles/it-took-a-real-lady-to-nail-hubbys-birthday-gift/article_078c1918-294b-11ed-8443-dffc1b9853f2.html,mankatofreepress.com,20220904T173000Z,English,United States
reforestation,forestation,"ESG – A Defense , A Critique , And A Way Forward ( part 3 now ): Evidence - Driven Pragmatic Perspective",https://www.forbes.com/sites/shivaramrajgopal/2022/09/01/esg--a-defense-a-critique-and-a-way-forward-part-3-now-evidence-driven-pragmatic-perspective/,forbes.com,20220901T131500Z,English,United States
reforestation,forestation,Climate Pledges Depend Too Much On Natural Carbon Sinks - report,https://www.ibtimes.com/climate-pledges-depend-too-much-natural-carbon-sinks-report-3630689,ibtimes.com,20221101T131500Z,English,United States
reforestation,forestation,Increasing Aridification is Adding to Palestine Woes,https://www.earthisland.org/journal/index.php/articles/entry/increasing-aridification-is-adding-to-palestines-woes,earthisland.org,20221031T193000Z,English,United States
reforestation,forestation,Rohan Matmary has been appointed Head Bartender at Bar Trigona at Four Seasons Hotel Kuala Lumpur,https://www.hospitalitynet.org/appointment/79025075.html,hospitalitynet.org,20221028T144500Z,English,United States
reforestation,forestation,7 myths about Siberia DEBUNKED,https://www.bignewsnetwork.com/news/272996914/7-myths-about-siberia-debunked,bignewsnetwork.com,20221028T004500Z,English,United States
reforestation,forestation,Charles Island Reforestation Group Aims For 1000 Planted Trees,https://patch.com/connecticut/milford/charles-island-reforestation-group-aims-1000-planted-trees,patch.com,20221026T201500Z,English,United States
reforestation,forestation,"Anne Arundel County Council candidates knock on doors , raise money in home stretch of general election",http://www.baltimoresun.com/politics/ac-cn-county-council-races-20221025-ysk3zyc7yrhwrhplqnmzgj6koq-story.html,baltimoresun.com,20221025T130000Z,English,United States
reforestation,forestation,"Anne Arundel County Council candidates knock on doors , raise money in home stretch of general election",http://www.capitalgazette.com/politics/ac-cn-county-council-races-20221025-ysk3zyc7yrhwrhplqnmzgj6koq-story.html,capitalgazette.com,20221025T121500Z,English,United States
reforestation,forestation,Why Is There Suffering in the World ?,https://www1.cbn.com/questions/why-is-there-suffering-in-world,cbn.com,20221022T050000Z,English,United States
reforestation,forestation,RestoreCorps Ellicott Creek Tree and Shrub Planting Event October 29 2022,https://artvoice.com/2022/10/restorecorps-ellicott-creek-tree-and-shrub-planting-event-october-29-2022/,artvoice.com,20221021T153000Z,English,United States
reforestation,forestation,"The Woman King  could not overcome truth of Agojie brutality , depravity , inhumanity",https://chicago.suntimes.com/columnists/2022/10/21/23416149/slavery-agojie-woman-king-assin-manso-slave-river-ghana,chicago.suntimes.com,20221021T140000Z,English,United States
reforestation,forestation,Nano - Fertilizers Market Size to Worth Around USD 1557 . 78 Mn by 2030,https://finance.yahoo.com/news/nano-fertilizers-market-size-worth-210000925.html,finance.yahoo.com,20221018T214500Z,English,United States
reforestation,forestation,The Best Mountain Bike Trail in North Texas Is in . . . the Suburbs – Texas Monthly,https://www.texasmonthly.com/travel/the-best-mountain-bike-trail-in-north-texas-is-in-the-suburbs/,texasmonthly.com,20221012T171500Z,English,United States
reforestation,forestation,"Land Restoration Market 2022 – Industry Analysis , Trends , Insights , And Key Developments | Natural Texas , Agrecol LLC",https://brazilbusiness.einnews.com/pr_news/595140137/land-restoration-market-2022-industry-analysis-trends-insights-and-key-developments-natural-texas-agrecol-llc,brazilbusiness.einnews.com,20221010T163000Z,English,United States
reforestation,forestation,Thomasville Fire Rescue pushes in new engine,https://www.timesenterprise.com/news/thomasville-fire-rescue-pushes-in-new-engine/article_488452c6-4720-11ed-919d-9f5dc4a56f6c.html,timesenterprise.com,20221008T181500Z,English,United States
reforestation,forestation,Community Voices : Enough of politics surely you already know how you will vote,https://www.bakersfield.com/opinion/community-voices/community-voices-enough-of-politics-surely-you-already-know-how-you-will-vote/article_4df13d9e-44de-11ed-9c29-73a46deec2f5.html,bakersfield.com,20221007T100000Z,English,United States
reforestation,forestation,How planting trees in some areas could actually increase atmospheric warming,https://phys.org/news/2022-10-trees-areas-atmospheric.html,phys.org,20221003T153000Z,English,United States
reforestation,forestation,Massive tree planting efforts on drylands can actually cause more warming,https://www.pnas.org/post/journal-club/massive-tree-planting-efforts-drylands-can-actually-cause-more-warming,pnas.org,20221001T193000Z,English,United States
reforestation,forestation,"Cyprus wants to become the new European  Island of Freedom , BEON1X Open Mind Music Festival making strong first impression",https://nl.mashable.com/entertainment-2/7993/cyprus-wants-to-become-the-new-european-island-of-freedom-beon1x-open-mind-music-festival-making-str,nl.mashable.com,20221001T183000Z,English,United States
reforestation,forestation,SIBUR in talks over selling carbon units as part of decarbonisation strategy,https://www.malaymail.com/news/money/mediaoutreach/2022/12/01/sibur-in-talks-over-selling-carbon-units-as-part-of-decarbonisation-strategy-/182786,malaymail.com,20221201T110000Z,English,United States
reforestation,forestation,IT News Online - SIBUR in talks over selling carbon units as part of decarbonisation strategy,http://www.itnewsonline.com/news/SIBUR-in-talks-over-selling-carbon-units-as-part-of-decarbonisation-strategy-/12163,itnewsonline.com,20221201T061500Z,English,United States
reforestation,forestation,Kaizen Clean Energy Becomes Extreme E Official Clean Energy Technology Provider – Consumer Electronics Net,http://www.consumerelectronicsnet.com/kaizen-clean-energy-becomes-extreme-es-official-clean-energy-technology-provider/,consumerelectronicsnet.com,20221130T131500Z,English,United States
reforestation,forestation,Volunteer Co - Ordinator ( Volunteer Managers ) for Nepal Volunteers Program,https://www.idealist.org/pt/ong-emprego/b5b0a6398b704d019c165f7948af82f2-volunteer-co-ordinator-volunteer-managers-for-nepal-volunteers-program-ecohomestay-nepal-pokhara-kushma-baglung-gandaki-province,idealist.org,20221123T121500Z,English,United States
reforestation,forestation,The Talaandig Tribe Of The Southern Philippines Shows That Reforestation Takes A Village,https://www.civilbeat.org/2022/11/a-tribe-in-the-southern-philippines-shows-that-reforestation-takes-a-village/,civilbeat.org,20221123T114500Z,English,United States
reforestation,forestation,Europe Energy Hypocrisy Attracts Increasing Notice,https://www.forbes.com/sites/davidblackmon/2022/11/21/europes-energy-hypocrisy-attracts-increasing-notice/,forbes.com,20221121T163000Z,English,United States
reforestation,forestation,COP27 : Are India climate pledges a lot of hot air ? | Environment News,https://www.aljazeera.com/news/2022/11/18/india-modi-and-the-environment,aljazeera.com,20221118T124500Z,English,United States
reforestation,forestation,Al Tayer underlines WGEO collaboration with global stakeholders to discuss role of green economy in nature - based solutions at COP27,https://www.bignewsnetwork.com/news/273104193/al-tayer-underlines-wgeo-collaboration-with-global-stakeholders-to-discuss-role-of-green-economy-in-nature-based-solutions-at-cop27,bignewsnetwork.com,20221116T204500Z,English,United States
reforestation,forestation,"13 Best Sonoma & Napa Valley Restaurants - Parade : Entertainment , Recipes , Health , Life , Holidays",https://parade.com/food/napa-restaurants,parade.com,20221114T193000Z,English,United States
reforestation,forestation,12 of the Best Napa Valley Restaurants to Visit Right Now,https://www.jacksonprogress-argus.com/arena/12-of-the-best-napa-valley-restaurants-to-visit-right-now/article_31830ea6-8e2c-551c-8618-ffafcf31521f.html,jacksonprogress-argus.com,20221114T171500Z,English,United States
reforestation,forestation,12 of the Best Napa Valley Restaurants to Visit Right Now,http://www.msn.com/en-us/travel/tripideas/12-of-the-best-napa-valley-restaurants-to-visit-right-now/ar-AA14670r,msn.com,20221114T170000Z,English,United States
reforestation,forestation,Stefano Boeri Architetti Wins Competition for First Dutch Vertical Forest,https://www.archdaily.com/875298/stefano-boeri-architetti-wins-competition-for-first-dutch-vertical-forest,archdaily.com,20221110T120000Z,English,United States
reforestation,forestation,"Net Zero - Act Now , Act Fast , Act Together  - Keynote Speech By Mr Ravi Menon , Managing Director , Monetary Authority Of Singapore , At The COP27 Singapore Pavilion Finance Day On 9 November 2022",https://mondovisione.com/media-and-resources/news/net-zero-act-now-act-fast-act-together-keynote-speech-by-mr-ravi-menon/,mondovisione.com,20221109T204500Z,English,United States
reforestation,forestation,"RestoreCorps Ellicott Creek Tree and Shrub Planting Event Sat , Nov . 12 , 2022",https://artvoice.com/2022/11/restorecorps-ellicott-creek-tree-and-shrub-planting-event-sat-novem-12-2022/,artvoice.com,20221104T220000Z,English,United States
reforestation,forestation,Barrick Gold Corporation ( GOLD ) Q3 2022 Earnings Call Transcript,https://seekingalpha.com/article/4552757-barrick-gold-corporation-gold-q3-2022-earnings-call-transcript,seekingalpha.com,20221103T201500Z,English,United States
reforestation,forestation,80th Committee on Forests and Forestry Industry opens with opportunities for bringing nature back into our cities,https://www.miragenews.com/80th-committee-on-forests-and-forestry-industry-888500/,miragenews.com,20221103T161500Z,English,United States
reforestation,forestation,Ferrari N . V . ( RACE ) Q3 2022 Earnings Call Transcript,https://seekingalpha.com/article/4552196-ferrari-n-v-race-q3-2022-earnings-call-transcript,seekingalpha.com,20221102T211500Z,English,United States
reforestation,forestation,Climate Pledges Depend Too Much On Natural Carbon Sinks - report,https://www.ibtimes.com/climate-pledges-depend-too-much-natural-carbon-sinks-report-3630689,ibtimes.com,20221101T131500Z,English,United States
reforestation,forestation,"Carbon sinks and carbon emissions balance of land use transition in Xinjiang , China : differences and compensation",https://www.nature.com/articles/s41598-022-27095-w,nature.com,20221227T233000Z,English,United States
reforestation,forestation,CIC  Merch With a Mission  Redefines the Impact of,https://www.globenewswire.com/news-release/2022/12/20/2577260/0/en/CIC-s-Merch-With-a-Mission-Redefines-the-Impact-of-Promotional-Product-Marketing.html,globenewswire.com,20221220T161500Z,English,United States
reforestation,forestation,Argus Hamilton Rogue Report - Argus Hamilton,https://jewishworldreview.com/1222/hamilton121922.php,jewishworldreview.com,20221219T103000Z,English,United States
reforestation,forestation,Panama shuts down huge copper mine in contract dispute - AFR | Online Free Press release news distribution,https://news.topwirenews.com/2022/12/16/panama-shuts-down-huge-copper-mine-in-contract-dispute-afr/,news.topwirenews.com,20221216T101500Z,English,United States
reforestation,forestation,Panama shuts down huge copper mine in contract dispute,https://phys.org/news/2022-12-panama-huge-copper-dispute.html,phys.org,20221216T080000Z,English,United States
reforestation,forestation,Panama shuts down huge copper mine in contract dispute,https://news.yahoo.com/panama-shuts-down-huge-copper-023119129.html,news.yahoo.com,20221216T034500Z,English,United States
reforestation,forestation,Panama shuts down huge copper mine in contract dispute,https://www.digitaljournal.com/world/panama-shuts-down-huge-copper-mine-in-contract-dispute/article,digitaljournal.com,20221216T033000Z,English,United States
reforestation,forestation,Amazon offers sneak peek at new carbon credit label,https://www.greenbiz.com/article/amazon-offers-sneak-peek-new-carbon-credit-label,greenbiz.com,20221212T140000Z,English,United States
reforestation,forestation,Central America biggest mine faces closure over tax spat,https://www.digitaljournal.com/business/central-americas-biggest-mine-faces-closure-over-tax-spat/article,digitaljournal.com,20221209T063000Z,English,United States
reforestation,forestation,Central America biggest mine faces closure over tax spat - AFR | Online Free Press release news distribution,https://news.topwirenews.com/2022/12/08/central-americas-biggest-mine-faces-closure-over-tax-spat-afr/,news.topwirenews.com,20221209T030000Z,English,United States
reforestation,forestation,Central America Biggest Mine Faces Closure Over Tax Spat,https://www.ibtimes.com/central-americas-biggest-mine-faces-closure-over-tax-spat-3645311,ibtimes.com,20221209T021500Z,English,United States
reforestation,forestation,U . S . Forest Service uses Utah trees to reforest areas impacted by climate change,https://www.upr.org/utah-news/2022-12-07/u-s-forest-service-uses-utah-trees-to-reforest-areas-impacted-by-climate-change,upr.org,20221207T133000Z,English,United States
reforestation,forestation,MT Trust Proposed to Enhance State Lands Waters / Public News Service,https://www.publicnewsservice.org/2022-12-07/environment/mt-trust-proposed-to-enhance-state-lands-waters/a81830-1,publicnewsservice.org,20221207T120000Z,English,United States
reforestation,forestation,"Foreign Secretary promises honest , reliable united kingdom investment in Africa",https://www.miragenews.com/foreign-secretary-promises-honest-reliable-uk-910174/,miragenews.com,20221207T020000Z,English,United States
reforestation,forestation,Utah trees help Forest Service meet challenging reforestation efforts | Kiowa County Press,https://kiowacountypress.net/content/utah-trees-help-forest-service-meet-challenging-reforestation-efforts,kiowacountypress.net,20221206T154500Z,English,United States
reforestation,forestation,Utah Trees Help Forest Service Meet Challenging Reforestation Efforts,https://www.publicnewsservice.org/2022-12-06/environment/utah-trees-help-forest-service-meet-challenging-reforestation-efforts/a81804-1,publicnewsservice.org,20221206T084500Z,English,United States
reforestation,forestation,A look back 80+ years ago makes Thanksgiving Day more meaningful,https://statesville.com/news/local/a-look-back-80-years-ago-makes-thanksgiving-day-more-meaningful/article_5ff93790-70e3-11ed-8b39-47d8fc3340e1.html,statesville.com,20221204T143000Z,English,United States
reforestation,forestation,SIBUR in talks over selling carbon units as part of decarbonisation strategy,https://www.malaymail.com/news/money/mediaoutreach/2022/12/01/sibur-in-talks-over-selling-carbon-units-as-part-of-decarbonisation-strategy-/182786,malaymail.com,20221201T110000Z,English,United States
reforestation,forestation,IT News Online - SIBUR in talks over selling carbon units as part of decarbonisation strategy,http://www.itnewsonline.com/news/SIBUR-in-talks-over-selling-carbon-units-as-part-of-decarbonisation-strategy-/12163,itnewsonline.com,20221201T061500Z,English,United States
reforestation,forestation,Carbon Sequestration ( For Dummies ),https://cleantechnica.com/2023/01/29/carbon-sequestration-for-dummies/,cleantechnica.com,20230129T143000Z,English,United States
reforestation,forestation,UAM to lead $3 . 7M tree restoration work,https://www.nwaonline.com/news/2023/jan/23/uam-to-lead-37m-tree-restoration-work/,nwaonline.com,20230123T121500Z,English,United States
reforestation,forestation,UAM to lead $3 . 7M tree restoration work,https://www.arkansasonline.com/news/2023/jan/23/uam-to-lead-37m-tree-restoration-work/,arkansasonline.com,20230123T114500Z,English,United States
reforestation,forestation,The People Cube - Political Satire,https://thepeoplescube.com/2008,thepeoplescube.com,20230121T080000Z,English,United States
reforestation,forestation,Fantasy travel adventures,https://www.washingtonexaminer.com/opinion/fantasy-travel-adventures,washingtonexaminer.com,20230120T110000Z,English,United States
reforestation,forestation,There Something Wrong With the Children Review,https://www.ign.com/articles/theres-something-wrong-with-the-children-review,ign.com,20230119T201500Z,English,United States
reforestation,forestation,"Pact Renewables , an Australian climate tech company , named cohort innovator to participate in restoring U . S . forests",https://uspolitics.einnews.com/pr_news/611674971/pact-renewables-an-australian-climate-tech-company-named-cohort-innovator-to-participate-in-restoring-u-s-forests,uspolitics.einnews.com,20230117T171500Z,English,United States
reforestation,forestation,"Pact Renewables , an Australian climate tech company , named cohort innovator to participate in restoring U . S . forests",https://energy.einnews.com/pr_news/611674971/pact-renewables-an-australian-climate-tech-company-named-cohort-innovator-to-participate-in-restoring-u-s-forests,energy.einnews.com,20230117T130000Z,English,United States
reforestation,forestation,Biophysical impacts of earth greening can substantially mitigate regional land surface temperature warming,https://www.nature.com/articles/s41467-023-35799-4,nature.com,20230111T234500Z,English,United States
reforestation,forestation,"Minnesota House committee considers climate issues , solutions",https://www.outdoornews.com/2023/01/11/minnesota-house-committee-considers-climate-issues-solutions/,outdoornews.com,20230111T230000Z,English,United States
reforestation,forestation,Open Forest Protocol Raises USD 4 . 1M in Pre - Seed Funding,https://www.finsmes.com/2023/01/open-forest-protocol-raises-usd-4-1m-in-pre-seed-funding.html,finsmes.com,20230111T213000Z,English,United States
reforestation,forestation,"Measurement , reporting and verification blockchain pioneer Open Forest Protocol raises USD 4 . 1m in pre - seed round",https://www.prnewswire.com/news-releases/measurement-reporting-and-verification-blockchain-pioneer-open-forest-protocol-raises-usd-4-1m-in-pre-seed-round-301718406.html,prnewswire.com,20230111T133000Z,English,United States
reforestation,forestation,Canadian Mining Giant Says Nearing Deal On Huge Panama Pit,https://www.ibtimes.com/canadian-mining-giant-says-nearing-deal-huge-panama-pit-3655607,ibtimes.com,20230111T043000Z,English,United States
reforestation,forestation,Canadian mining giant says nearing deal on huge Panama pit - AFR | Online Free Press release news distribution,https://news.topwirenews.com/2023/01/10/canadian-mining-giant-says-nearing-deal-on-huge-panama-pit-afr/,news.topwirenews.com,20230111T014500Z,English,United States
reforestation,forestation,Canadian mining giant says nearing deal on huge Panama pit,https://www.digitaljournal.com/business/canadian-mining-giant-says-nearing-deal-on-huge-panama-pit/article,digitaljournal.com,20230111T000000Z,English,United States
reforestation,forestation,The Untold Ojibwe Story of Paul Bunyan,https://wfgr.com/paul-bunyon-ojibwe-origin/,wfgr.com,20230110T043000Z,English,United States
reforestation,forestation,The Untold Ojibwe Story of Paul Bunyan,https://wkmi.com/ixp/690/p/paul-bunyon-ojibwe-origin/,wkmi.com,20230109T203000Z,English,United States
reforestation,forestation,The Untold Ojibwe Story of Paul Bunyan,https://rivergrandrapids.com/paul-bunyon-ojibwe-origin/,rivergrandrapids.com,20230109T201500Z,English,United States
reforestation,forestation,The Untold Ojibwe Story of Paul Bunyan,https://mix957gr.com/paul-bunyon-ojibwe-origin/,mix957gr.com,20230109T200000Z,English,United States
reforestation,forestation,The Untold Ojibwe Story of Paul Bunyan,https://1049theedge.com/ixp/690/p/paul-bunyon-ojibwe-origin/,1049theedge.com,20230109T193000Z,English,United States
reforestation,forestation,The Untold Ojibwe Story of Paul Bunyan,https://wbckfm.com/ixp/690/p/paul-bunyon-ojibwe-origin/,wbckfm.com,20230109T184500Z,English,United States
reforestation,forestation,The Untold Ojibwe Story of Paul Bunyan,https://wkfr.com/ixp/690/p/paul-bunyon-ojibwe-origin/,wkfr.com,20230109T183000Z,English,United States
reforestation,forestation,Solving the other half of the climate equation : Removing carbon,https://www.utilitydive.com/news/carbon-dioxide-removal-Mckinsey-greenhouse-gas-reduction/639429/,utilitydive.com,20230109T164500Z,English,United States
reforestation,forestation,The Untold Ojibwe Story of Paul Bunyan,https://witl.com/the-untold-ojibwe-story-of-the-alleged-michigan-based-paul-bunyan/,witl.com,20230109T163000Z,English,United States
reforestation,forestation,The Untold Ojibwe Story of Paul Bunyan,https://wrkr.com/paul-bunyon-ojibwe-origin/,wrkr.com,20230109T140000Z,English,United States
reforestation,forestation,Committee considers what one state can do about climate change - Session Daily - Minnesota House of Representatives,https://www.house.leg.state.mn.us/sessiondaily/Story/17492,house.leg.state.mn.us,20230105T030000Z,English,United States
reforestation,forestation,Enormous Maine Building Just Sold For A Whopping $18 . 5 Million,https://wcyy.com/this-enormous-maine-building-just-sold-for-a-whopping-18-5-mill/,wcyy.com,20230228T171500Z,English,United States
reforestation,forestation,Enormous Maine Building Just Sold For A Whopping $18 . 5 Million,https://949whom.com/this-enormous-maine-building-just-sold-for-a-whopping-18-5-mill/,949whom.com,20230228T151500Z,English,United States
reforestation,forestation,Update 1 . 10 Forests and Performance news - Imagine Earth,https://www.moddb.com/games/imagine-earth/news/update-110-forests-and-performance,moddb.com,20230228T150000Z,English,United States
reforestation,forestation,Enormous Maine Building Just Sold For A Whopping $18 . 5 Million,https://wjbq.com/this-enormous-maine-building-just-sold-for-a-whopping-18-5-mill/,wjbq.com,20230228T144500Z,English,United States
reforestation,forestation,Update 1 . 10 Forests and Performance news - Imagine Earth,https://www.indiedb.com/games/imagine-earth/news/update-110-forests-and-performance,indiedb.com,20230228T134500Z,English,United States
reforestation,forestation,Enormous Maine Building Just Sold For A Whopping $18 . 5 Million,https://wblm.com/this-enormous-maine-building-just-sold-for-a-whopping-18-5-mill/,wblm.com,20230228T124500Z,English,United States
reforestation,forestation,Madrid Design Festival awards Italian architect Stefano Boeri with Lifetime Achievement Award,http://www.euronews.com/culture/2023/02/24/madrid-design-festival-awards-italian-architect-stefano-boeri-with-lifetime-achievement-aw,euronews.com,20230224T151500Z,English,United States
reforestation,forestation,This Enormous Maine Building Just Sold For A Whopping $18 . 5 Mill,https://92moose.fm/this-enormous-maine-building-just-sold-for-a-whopping-18-5-mill/,92moose.fm,20230223T143000Z,English,United States
reforestation,forestation,This Enormous Maine Building Just Sold For A Whopping $18 . 5 Mill,https://b985.fm/this-enormous-maine-building-just-sold-for-a-whopping-18-5-mill/,b985.fm,20230222T183000Z,English,United States
reforestation,forestation,Madrid Design Festival Honors Stefano Boeri with the Lifetime Achievement Award,https://www.archdaily.com/996811/madrid-design-festival-honors-stefano-boeri-with-the-lifetime-achievement-award,archdaily.com,20230221T131500Z,English,United States
reforestation,forestation,Open Call : Building Opportunities for Refugee and Host Community Self - Reliance ( Kenya ),https://www2.fundsforngos.org/latest-funds-for-ngos/open-call-building-opportunities-for-refugee-and-host-community-self-reliance-kenya/,fundsforngos.org,20230220T111500Z,English,United States
reforestation,forestation,Landscape Architecture vs . Architecture,https://archinect.com/forum/thread/72627556/landscape-architecture-vs-architecture,archinect.com,20230204T024500Z,English,United States
reforestation,forestation,Second Manassas Campaign - Encyclopedia Virginia,https://encyclopediavirginia.org/entries/second-manassas-campaign/,encyclopediavirginia.org,20230427T224500Z,English,United States
reforestation,forestation,Targeted News Service,https://targetednews.com/pr_disp.php?pr_id=8135648,targetednews.com,20230425T153000Z,English,United States
reforestation,forestation,Why Ending Deforestation Is So Important – OpEd,https://www.eurasiareview.com/25042023-why-ending-deforestation-is-so-important-oped/,eurasiareview.com,20230425T000000Z,English,United States
reforestation,forestation,Spring tree - t : Celebrating Arbor Day in Dickinson and the importance of preserving nature,https://www.thedickinsonpress.com/news/spring-tree-t-celebrating-arbor-day-in-dickinson-and-the-importance-of-preserving-nature,thedickinsonpress.com,20230424T223000Z,English,United States
reforestation,forestation,Stock Market | FinancialContent Business Page,https://markets.financialcontent.com/stocks/article/bizwire-2023-4-20-at-bolt-farm-treehouse-trees-are-about-more-than-just-luxury-accommodations,markets.financialcontent.com,20230420T144500Z,English,United States
reforestation,forestation,Global Palm Oil Market is estimated to breach a revenue of US$ 109 . 9 Billion at a CAGR of 4 . 4 % during forecast period of 2023 to 2033,https://finance.yahoo.com/news/global-palm-oil-market-estimated-013000902.html,finance.yahoo.com,20230418T021500Z,English,United States
reforestation,forestation,Michigan DNR partners with MSU to address red pine seed shortage,https://www.wilx.com/2023/04/17/michigan-dnr-partners-with-msu-address-red-pine-seed-shortage/,wilx.com,20230418T010000Z,English,United States
reforestation,forestation,Shamba Network Sows the Future of Sustainable Agriculture in Africa,https://markets.businessinsider.com/news/currencies/shamba-network-ecological-data-oracle-1032236333,markets.businessinsider.com,20230417T133000Z,English,United States
reforestation,forestation,UMSC marks 14th Greening Friday,https://www.msn.com/en-xl/news/other/umsc-marks-14th-greening-friday/ar-AA19WAXc,msn.com,20230417T064500Z,English,United States
reforestation,forestation,The anarchist collectives : worker self - management in the Spanish revolution 1936 - 1939 - Sam Dolgoff,https://libcom.org/article/anarchist-collectives-workers-self-management-spanish-revolution-1936-1939-sam-dolgoff,libcom.org,20230415T120000Z,English,United States
reforestation,forestation,China Softens Threat on Taiwan No - Fly Zone,https://foreignpolicy.com/2023/04/12/china-taiwan-no-fly-zone-threat-japan-south-korea/?tpcc=recirc_trending062921,foreignpolicy.com,20230413T020000Z,English,United States
reforestation,forestation,China Softens Threat on Taiwan No - Fly Zone,https://foreignpolicy.com/2023/04/12/china-taiwan-no-fly-zone-threat-japan-south-korea/?tpcc=recirc_latest062921,foreignpolicy.com,20230413T001500Z,English,United States
reforestation,forestation,Worst 5 States for Preppers to Retire,https://www.lewrockwell.com/2023/04/no_author/worst-5-states-for-preppers-to-retire/,lewrockwell.com,20230411T054500Z,English,United States
reforestation,forestation,A touch of nostalgia in a beautiful China,https://www.prnewswire.com/news-releases/a-touch-of-nostalgia-in-a-beautiful-china-301790931.html,prnewswire.com,20230405T161500Z,English,United States
reforestation,forestation,Insempra And Fibers365 Announce Successful Testing Of Second - Generation Feedstock To Manufacture Fermentation - Based Products,https://www.textileworld.com/textile-world/fiber-world/2023/05/insempra-and-fibers365-announce-successful-testing-of-second-generation-feedstock-to-manufacture-fermentation-based-products/,textileworld.com,20230530T000000Z,English,United States
reforestation,forestation,New Dutch Vertical Forest by Stefano Boeri Architetti now taking root in Utrecht Wonderwoods,https://artdaily.com/news/157696/New-Dutch-Vertical-Forest-by-Stefano-Boeri-Architetti-now-taking-root-in-Utrecht-s-Wonderwoods,artdaily.com,20230529T034500Z,English,United States
reforestation,forestation,Climate Hypocrisy Wednesday Part Two : It Not Hypocrisy if Your Heart is Pure – Watts Up With That ?,https://wattsupwiththat.com/2023/05/24/climate-hypocrisy-wednesday-part-2-its-not-hypocrisy-if-your-heart-is-pure/,wattsupwiththat.com,20230524T230000Z,English,United States
reforestation,forestation,Georgia Natural Gas - Georgia Natural Gas Customers Offset 250M Pounds of Carbon Emissions Through Greener Life® Program,https://electricenergyonline.com/article/energy/category/oil-gas/89/1023747/georgia-natural-gas-customers-offset-250m-pounds-of-carbon-emissions-through-greener-life-program.html,electricenergyonline.com,20230524T050000Z,English,United States
reforestation,forestation,Saudi Arabia addresses climate change – with help from oil industry,https://www.csmonitor.com/World/Middle-East/2023/0523/Can-the-oil-industry-help-address-climate-change-Saudi-Arabia-says-yes,csmonitor.com,20230523T181500Z,English,United States
reforestation,forestation,Skeptical Science New Research for Week # 20 2023,https://skepticalscience.com/new_research_2023_20.html,skepticalscience.com,20230518T074500Z,English,United States
reforestation,forestation,Adventist Academy Students  Go Green With ADRA,https://www.adventistworld.org/adventist-academy-students-go-green-with-adra/,adventistworld.org,20230515T151500Z,English,United States
reforestation,forestation,Adventist Academy Students  Go Green With ADRA,https://adventistreview.org/news/adventist-academy-students-go-green-with-adra/,adventistreview.org,20230515T100000Z,English,United States
reforestation,forestation,Blank Park Zoo adds critically - endangered tamarins,https://www.kcci.com/article/blank-park-zoo-tamarins-des-moines/43865602,kcci.com,20230511T181500Z,English,United States
reforestation,forestation,CALS Internal Funding Opportunities – CALS Administration,https://admin.cals.wisc.edu/offices/research-division/cals-internal/,admin.cals.wisc.edu,20230511T171500Z,English,United States
reforestation,forestation,RoomRaccoon partners with re - forestation NPO Hotels for Trees - TravelDailyNews International,https://www.traveldailynews.com/hotels-lodging/roomraccoon-partners-with-re-forestation-npo-hotels-for-trees/,traveldailynews.com,20230510T073000Z,English,United States
reforestation,forestation,Volunteers spend Day of Service giving back to the environment,https://www.beaumontenterprise.com/news/article/Planting-Big-Thicket-MLK-Day-17721389.php,beaumontenterprise.com,20230510T044500Z,English,United States
reforestation,forestation,The UAE transition to a net - zero future | MIT Technology Review,https://www.technologyreview.com/2023/05/09/1072724/the-uaes-transition-to-a-net-zero-future/,technologyreview.com,20230509T204500Z,English,United States
reforestation,forestation,Woodland versus wind turbine : Identifying drivers of forest clearances in Switzerland,https://phys.org/news/2023-05-woodland-turbine-drivers-forest-clearances.html,phys.org,20230504T220000Z,English,United States
reforestation,forestation,Stefano Boeri Architetti Green Obsession Campaign Wins the United Nations SDG Action Awards,https://www.archdaily.com/1004771/stefano-boeri-architettis-green-obsession-campaign-wins-the-united-nations-sdg-action-awards,archdaily.com,20230731T131500Z,English,United States
reforestation,forestation,The best ways to experience Hawaiʻi for the very first time,https://www.khon2.com/local-news/the-best-ways-to-experience-hawaii-for-the-very-first-time/,khon2.com,20230728T230000Z,English,United States
reforestation,forestation,Artdaily - The First Art Newspaper on the Net,https://artdaily.com/?date=07/28/2023,artdaily.com,20230727T221500Z,English,United States
reforestation,forestation,Mouser Electronics and Analog Devices Support Initiative to Plant Thousands of Trees Across the United States,https://www.tmcnet.com/usubmit/2023/07/24/9852886.htm,tmcnet.com,20230724T144500Z,English,United States
reforestation,forestation,Mouser Electronics and Analog Devices Support Initiative to Plant Thousands of Trees Across the United States,https://markets.financialcontent.com/stocks/article/bizwire-2023-7-24-mouser-electronics-and-analog-devices-support-initiative-to-plant-thousands-of-trees-across-the-united-states,markets.financialcontent.com,20230724T143000Z,English,United States
reforestation,forestation,UK Shell Found in Breach of Advertising Standards Authorities Rules,https://www.natlawreview.com/article/rising-regulatory-tide-environmental-claims-shell-found-breach-advertising-standards,natlawreview.com,20230722T064500Z,English,United States
reforestation,forestation,"Boy Scouts of America Kick Off 20th National Jamboree ; A 10 - Day Adventure for More Than 15 , 000 Scouts and Scouters",https://uspolitics.einnews.com/pr_news/643855367/boy-scouts-of-america-kick-off-20th-national-jamboree-a-10-day-adventure-for-more-than-15-000-scouts-and-scouters,uspolitics.einnews.com,20230718T183000Z,English,United States
reforestation,forestation,The Urgent Need For Ethanol Cooking In Africa : Biofuels Digest,https://www.biofuelsdigest.com/bdigest/2023/07/09/the-urgent-need-for-ethanol-cooking-in-africa/,biofuelsdigest.com,20230709T150000Z,English,United States
reforestation,forestation,4 European travel hotspots for digital nomads,https://thenextweb.com/news/4-european-travel-hotspots-digital-nomads,thenextweb.com,20230704T104500Z,English,United States
reforestation,forestation,Extreme E and the FIA announce plans for first - ever off - road hydrogen racing world championship,https://www.theautochannel.com/news/2023/08/31/1309009-extreme-e-and-fia-announce-plans-for-first-ever-off.html,theautochannel.com,20230831T214500Z,English,United States
reforestation,forestation,Climate change class more than doubles in size at MSU,https://www.wilx.com/2023/08/30/climate-change-class-more-than-doubles-size-msu/,wilx.com,20230830T233000Z,English,United States
reforestation,forestation,Search For Loch Ness Monster Finds Underground Cave System,https://brobible.com/culture/article/search-loch-ness-monster-underground-cave-system/,brobible.com,20230824T174500Z,English,United States
reforestation,forestation,Marblehead Select Board reappoints volunteers at latest meeting,https://itemlive.com/2023/08/17/marblehead-select-board-reappoints-volunteers-at-latest-meeting/,itemlive.com,20230818T011500Z,English,United States
reforestation,forestation,"Ethiopian Church Forests , Struggling Fragments of Sacred Greenery in the Desert",https://www.ancient-origins.net/ancient-places-africa/ethiopian-church-forests-0019106,ancient-origins.net,20230817T213000Z,English,United States
reforestation,forestation,The Forgotten Lake : An uncertain future lies ahead,http://www.emporiagazette.com/gaz/article_b200e64c-3540-11ee-85ea-d71145cec601.html,emporiagazette.com,20230812T124500Z,English,United States
reforestation,forestation,Which cities are best for renters with families ?,https://www.kxxv.com/which-cities-are-best-for-renters-with-families,kxxv.com,20230811T194500Z,English,United States
reforestation,forestation,SC State University receives $5M grant for forestation throughout the state,https://abcnews4.com/news/local/sc-state-university-receives-5m-grant-for-for-forestation-throughout-the-state-enviorment-news-wciv-2023,abcnews4.com,20230927T054500Z,English,United States
reforestation,forestation,Salesforce Makes AI Pervasive With Einstein 1 Platform At Dreamforce,https://www.forbes.com/sites/patrickmoorhead/2023/09/25/salesforce-makes-ai-pervasive-with-einstein-1-platform-at-dreamforce/,forbes.com,20230925T160000Z,English,United States
reforestation,forestation,Event Calendar : Get Out And Do It,https://dnews.com/local/event-calendar-get-out-and-do-it/article_74dbfbfb-2795-5e9f-8789-6eff5a83267e.html,dnews.com,20230921T094500Z,English,United States
reforestation,forestation,"Proboscideans of the Hammerschmiede , contemporaries of the first upright ape",https://phys.org/news/2023-09-proboscideans-hammerschmiede-contemporaries-upright-ape.html,phys.org,20230920T143000Z,English,United States
reforestation,forestation,Event Calendar : Get Out And Do It,https://dnews.com/local/event-calendar-get-out-and-do-it/article_199181cb-034e-5148-9dc1-b5c2f1d539f6.html,dnews.com,20230920T103000Z,English,United States
reforestation,forestation,Bhutan ( place ) by DyRE - Everything2 . com,https://everything2.com:443/user/DyRE/writeups/Bhutan,everything2.com,20230918T043000Z,English,United States
reforestation,forestation,Hurricane Lee makes landfall in Nova Scotia,https://www.aol.com/news/hurricane-lee-makes-landfall-nova-203911148.html,aol.com,20230917T000000Z,English,United States
reforestation,forestation,Hurricane Lee makes landfall in Nova Scotia,https://news.yahoo.com/hurricane-lee-makes-landfall-nova-201925655.html,news.yahoo.com,20230916T210000Z,English,United States
reforestation,forestation,Giorgio Armani Releases  Armani Fiori  Book on Flower Arrangements – WWD,https://wwd.com/fashion-news/fashion-scoops/giorgio-armani-releases-armani-fiori-book-on-flower-arrangements-1235811197/,wwd.com,20230915T044500Z,English,United States
reforestation,forestation,"$13 million announced to plant trees in Buffalo , Erie County",https://buffalonews.com/news/local/the-greening-of-buffalo-and-erie-county-13-million-announced-to-plant-trees/article_0bfade5a-5314-11ee-8a89-a704f32f2903.html,buffalonews.com,20230915T001500Z,English,United States
reforestation,forestation,Something Wild : A Timber Harvest,https://www.nhpr.org/environment/2023-09-07/something-wild-a-timber-harvest,nhpr.org,20230907T203000Z,English,United States
reforestation,forestation,"QC / Fraud , LO AI , MSR Financing , GNMA Programs ; Disaster Updates and Guides",https://www.mortgagenewsdaily.com:443/opinion/pipelinepress-09052023,mortgagenewsdaily.com,20230905T163000Z,English,United States
reforestation,forestation,Let Invade Mexico ! – The Greanville Post,https://www.greanvillepost.com/2023/09/03/lets-invade-mexico/,greanvillepost.com,20230904T171500Z,English,United States
reforestation,forestation,"Halloween Horror Nights 2023 : Check Out All the Haunted Houses , Ranked from Least to Most Scary",https://www.yahoo.com/entertainment/halloween-horror-nights-2023-check-155200320.html,yahoo.com,20230903T163000Z,English,United States
reforestation,forestation,Reintroduced solar farm proposal in Johnston revives resident opposition,https://www.browndailyherald.com/article/2023/10/reintroduced-solar-farm-proposal-in-johnston-revives-resident-opposition,browndailyherald.com,20231026T051500Z,English,United States
reforestation,forestation,Booking Holdings ( BKNG ) Appoints Kelly Grier to its Board,https://www.streetinsider.com/Board+Changes/Booking+Holdings+(BKNG)+Appoints+Kelly+Grier+to+its+Board/22306621.html,streetinsider.com,20231024T204500Z,English,United States
reforestation,forestation,Carbon Offsets : Transitioning to Carbon Neutrality,https://www.altenergymag.com/article/2023/10/carbon-offsets-transitioning-to-carbon-neutrality/40394,altenergymag.com,20231024T150000Z,English,United States
reforestation,forestation,Mercosur Trade Alert | White & Case LLP,https://www.jdsupra.com/legalnews/mercosur-trade-alert-6585716/,jdsupra.com,20231018T201500Z,English,United States
reforestation,forestation,City of DeSoto presented with a  Gold Scenic City Award,https://www.focusdailynews.com/city-of-desoto-presented-with-a-gold-scenic-city-award/,focusdailynews.com,20231017T004500Z,English,United States
reforestation,forestation,Indigenous women learn sewing and pastry making to empower themselves and fight violence,https://www.laprensalatina.com/indigenous-women-learn-sewing-and-pastry-making-to-empower-themselves-and-fight-violence/,laprensalatina.com,20231016T183000Z,English,United States
reforestation,forestation,Closed Door Monaco Meeting Engages Funds In Fight To Save The Ocean,https://www.forbes.com/sites/zengernews/2023/10/15/closed-door-monaco-meeting-engages-funds-in-fight-to-save-the-ocean/,forbes.com,20231015T180000Z,English,United States
reforestation,forestation,The Government Actually Has A Zombie Apocalypse Plan  | Peak Oil News and Message Boards,https://peakoil.com/publicpolicy/the-government-actually-has-a-zombie-apocalypse-plan,peakoil.com,20231004T190000Z,English,United States
reforestation,forestation,Harness Carbon and Eradicate Greenwashing : DevvStream Soon to List on Nasdaq,https://finance.yahoo.com/news/harness-carbon-eradicate-greenwashing-devvstream-183519827.html,finance.yahoo.com,20231004T190000Z,English,United States
reforestation,forestation,50 New Trees for Northaven Park Thanks to Hensley Industries,https://energy.einnews.com/pr_news/671251011/50-new-trees-for-northaven-park-thanks-to-hensley-industries,energy.einnews.com,20231128T173000Z,English,United States
reforestation,forestation,Dialing for dollars | Business cell phone users lament the sad state of improvement ?,https://www.mainebiz.biz/article/dialing-for-dollars-business-cell-phone-users-lament-the-sad-state-of-improvement,mainebiz.biz,20231119T233000Z,English,United States
reforestation,forestation,KSA : Environment minister launches executive plan for national forestation program,https://www.gdnonline.com/Details/1295621,gdnonline.com,20231113T101500Z,English,United States
reforestation,forestation,Pakistan is planting lots of mangrove forests . So why are some upset ?,https://www.kwbu.org/latest-from-npr/2023-11-10/pakistan-is-planting-lots-of-mangrove-forests-so-why-are-some-upset,kwbu.org,20231110T143000Z,English,United States
reforestation,forestation,Pakistan is planting lots of mangrove forests . So why are some upset ?,https://www.klcc.org/npr-world-news/2023-11-10/pakistan-is-planting-lots-of-mangrove-forests-so-why-are-some-upset,klcc.org,20231110T124500Z,English,United States
reforestation,forestation,Pakistan is planting lots of mangrove forests – so why are some upset ? : NPR,https://www.npr.org/2023/11/10/1208201179/pakistan-is-planting-lots-of-mangrove-forests-so-why-are-some-upset,npr.org,20231110T120000Z,English,United States
reforestation,forestation,Pakistan is planting lots of mangrove forests . So why are some upset ?,https://www.wuwf.org/2023-11-10/pakistan-is-planting-lots-of-mangrove-forests-so-why-are-some-upset,wuwf.org,20231110T120000Z,English,United States
reforestation,forestation,Pakistan is planting lots of mangrove forests . So why are some upset ?,https://www.wbaa.org/2023-11-10/pakistan-is-planting-lots-of-mangrove-forests-so-why-are-some-upset,wbaa.org,20231110T120000Z,English,United States
reforestation,forestation,Pakistan is planting lots of mangrove forests . So why are some upset ?,https://www.kasu.org/environment-infrastructure/2023-11-10/pakistan-is-planting-lots-of-mangrove-forests-so-why-are-some-upset,kasu.org,20231110T111500Z,English,United States
reforestation,forestation,Pakistan is planting lots of mangrove forests . So why are some upset ?,https://www.wemu.org/npr-national-news/2023-11-10/pakistan-is-planting-lots-of-mangrove-forests-so-why-are-some-upset,wemu.org,20231110T110000Z,English,United States
reforestation,forestation,Pakistan is planting lots of mangrove forests . So why are some upset ?,https://www.wxxinews.org/npr-news/2023-11-10/pakistan-is-planting-lots-of-mangrove-forests-so-why-are-some-upset,wxxinews.org,20231110T110000Z,English,United States
reforestation,forestation,Higher Ed Cult of Growth,https://www.chronicle.com/article/higher-eds-cult-of-growth,chronicle.com,20231107T021500Z,English,United States
reforestation,forestation,Former desert land transformed into oasis for relocated villagers,https://www.bignewsnetwork.com/news/274076452/former-desert-land-transformed-into-oasis-for-relocated-villagers,bignewsnetwork.com,20231226T133000Z,English,United States
reforestation,forestation,Extreme H completes successful shakedown of its first prototype,https://www.theautochannel.com/news/2023/12/19/1321204-extreme-h-completes-successful-shakedown-its-first-prototype.html,theautochannel.com,20231219T183000Z,English,United States
reforestation,forestation,Peru Andean Communities Battle Water Shortage Amidst Climate Crisis Challenges,https://www.ipsnews.net/2023/12/perus-andean-communities-battle-water-shortage-amidst-climate-crisis-challenges/,ipsnews.net,20231218T160000Z,English,United States
reforestation,forestation,"Powered by rain , this seed carrier could help reforest the most remote areas",http://www.cnn.com/world/powered-by-rain-seed-carrier-reforest-remote-areas-scn-climate-spc-intl/,cnn.com,20231218T101500Z,English,United States
reforestation,forestation,Lebanon Christians Feel Heat of Climate Change in Sacred Forest and Valley,https://www.voanews.com/a/lebanon-s-christians-feel-heat-of-climate-change-in-sacred-forest-and-valley/7384957.html,voanews.com,20231209T084500Z,English,United States
reforestation,forestation,"Local  100 Tree Project  earns $10 , 000 grant – The Fort Morgan Times",https://www.fortmorgantimes.com/2023/12/07/local-100-tree-project-earns-10000-grant/,fortmorgantimes.com,20231207T174500Z,English,United States
reforestation,forestation,Pullman braces for a remodel,https://www.lmtribune.com/northwest/pullman-braces-for-a-remodel/article_8f4f8a67-30a3-553f-a0db-7494c17d9e2d.html,lmtribune.com,20231203T123000Z,English,United States
reforestation,forestation,"Tour de Houston bike ride still on for 2024 despite cancellation announcement , Mayor Whitmire says – Houston Public Media",https://www.houstonpublicmedia.org/articles/news/city-of-houston/2024/02/01/476121/tour-de-houston-bike-ride-still-on-for-2024-despite-cancellation-announcement-mayor-whitmire-says/,houstonpublicmedia.org,20240201T230000Z,English,United States
reforestation,forestation,RJD Green Inc . Management Discusses 2023 Calendar Year - End Results and 2024 Growth Focus,https://www.streetinsider.com/NewMediaWire/RJD+Green+Inc.s+Management+Discusses+2023+Calendar+Year-End+Results+and+2024+Growth+Focus/22655786.html,streetinsider.com,20240122T193000Z,English,United States
reforestation,forestation,One month to go until Extreme E Season 4 begins in Saudi Arabia,https://speedwaymedia.com/2024/01/17/one-month-to-go-until-extreme-e-season-4-begins-in-saudi-arabia/,speedwaymedia.com,20240117T171500Z,English,United States
reforestation,forestation,"Screenshot Saturday Mondays : Space , mechs , and photographing draculas",https://www.rockpapershotgun.com/screenshot-saturday-mondays-space-mechs-and-photographing-draculas,rockpapershotgun.com,20240108T164500Z,English,United States
reforestation,forestation,Sri Lanka to enact new law to facilitate forest cover increase,https://www.bignewsnetwork.com/news/274082671/sri-lanka-to-enact-new-law-to-facilitate-forest-cover-increase,bignewsnetwork.com,20240102T121500Z,English,United States
reforestation,forestation,Drought and Unequal Water Rights Threaten Family Farms in Chile,https://www.ipsnews.net/2024/04/drought-and-unequal-water-rights-threaten-family-farms-in-chile/,ipsnews.net,20240430T070000Z,English,United States
reforestation,forestation,Hydro crews to attend to areas of concern,https://www.chroniclejournal.com/news/local/hydro-crews-to-attend-to-areas-of-concern/article_c1860d86-0452-11ef-ba87-17be634ec31a.html,chroniclejournal.com,20240429T160000Z,English,United States
reforestation,forestation,Lynred secures contract for Sentinel - 2 NG mission advanced infrared detector,https://www.spacedaily.com/reports/Lynred_secures_contract_for_Sentinel_2_NG_missions_advanced_infrared_detector_999.html,spacedaily.com,20240427T084500Z,English,United States
reforestation,forestation,"J . Sterling Morton | Nebraska Governor , Arbor Day Founder",https://www.britannica.com/biography/J-Sterling-Morton,britannica.com,20240426T061500Z,English,United States
reforestation,forestation,"Temple community , climate activists weigh in on university sustainability progress",https://temple-news.com/temple-community-climate-activists-weigh-in-on-universitys-sustainability-progress/,temple-news.com,20240423T041500Z,English,United States
reforestation,forestation,Study uncovers the role of soil microbes in forest ecosystems,https://phys.org/news/2024-04-uncovers-role-soil-microbes-forest.html,phys.org,20240412T164500Z,English,United States
reforestation,forestation,Greenfield Recorder - Pamela Kelly : Climate change expert shouldnt be missed,https://www.recorder.com/LtrKelly-54636299,recorder.com,20240405T230000Z,English,United States
reforestation,forestation,Athol Daily News - Pamela Kelly : Climate change expert shouldnt be missed,https://www.atholdailynews.com/LtrKelly-54636299,atholdailynews.com,20240405T214500Z,English,United States
reforestation,forestation,Stefano Boeri Architetti China Wins Competition for Landscape - Inspired Technology Museum in Xian,https://www.archdaily.com/1015246/stefano-boeri-architetti-china-wins-competition-for-landscape-inspired-technology-museum-in-xian,archdaily.com,20240403T111500Z,English,United States
reforestation,forestation,MCSO : Missing Oakland woman found alive in woods near Fort Bragg,https://www.advocate-news.com/2024/05/30/mcso-missing-oakland-woman-found-alive-in-woods-near-fort-bragg-2/,advocate-news.com,20240530T140000Z,English,United States
reforestation,forestation,Architect Stefano Boeri Vertical Forest Buildings Turn 10,https://www.forbes.com/sites/yjeanmundelsalle/2024/05/26/architect-stefano-boeris-vertical-forest-buildings-turn-10/,forbes.com,20240526T200000Z,English,United States
reforestation,forestation,West Haven denies 12 - unit housing project for Forest Road,http://www.nhregister.com/news/article/west-haven-commission-denies-12-unit-forest-road-19476192.php,nhregister.com,20240526T110000Z,English,United States
reforestation,forestation,MCSO : Missing Oakland woman found alive in woods near Fort Bragg,https://www.willitsnews.com/2024/05/23/mcso-missing-oakland-woman-found-alive-in-woods-near-fort-bragg/,willitsnews.com,20240525T001500Z,English,United States
reforestation,forestation,MCSO : Missing Oakland woman found alive in woods near Fort Bragg,https://www.mendocinobeacon.com/2024/05/23/mcso-missing-oakland-woman-found-alive-in-woods-near-fort-bragg/,mendocinobeacon.com,20240524T190000Z,English,United States
reforestation,forestation,Missing the forest for the trees : The role of forests in Earth climate goes far beyond carbon storage,https://thebulletin.org/2024/05/missing-the-forest-for-the-trees-the-role-of-forests-in-earths-climate-goes-far-beyond-carbon-storage/,thebulletin.org,20240516T104500Z,English,United States
reforestation,forestation,Stop the Killing and Start Rebuilding Gaza and the Region with the Oasis Plan The LaRouche Solution for Peace through Development,https://larouchepub.com/hzl/2024/5120-stop_the_killing_and_start_reb-hzl.html,larouchepub.com,20240516T070000Z,English,United States
reforestation,forestation,"Forests , Water , and Livelihoods in the Lesser Himalaya",https://eos.org/features/forests-water-and-livelihoods-in-the-lesser-himalaya,eos.org,20240515T131500Z,English,United States
reforestation,forestation,14 Wild Animals That Start With  U  ( Aside From the Utahraptor ),https://www.yahoo.com/lifestyle/14-wild-animals-start-u-143002346.html,yahoo.com,20240628T230000Z,English,United States
reforestation,forestation,"Planetary Health Diet associated with lower risk of premature death , lower environmental impact",https://www.sciencedaily.com/releases/2024/06/240610140239.htm,sciencedaily.com,20240610T200000Z,English,United States
reforestation,forestation,Planetary Health Diet climate and health benefits | News | Harvard T . H . Chan School of Public Health,https://www.hsph.harvard.edu/news/press-releases/planetary-health-diet-associated-with-lower-risk-of-premature-death-lower-environmental-impact/,hsph.harvard.edu,20240610T191500Z,English,United States
reforestation,forestation,"Planetary Health Diet associated with lower risk of premature death , lower environmental impact",https://medicalxpress.com/news/2024-06-planetary-health-diet-premature-death.html,medicalxpress.com,20240610T174500Z,English,United States
reforestation,forestation,Eating for Planetary Health May Substantially Lower Risk of Premature Death,https://scienceblog.com/545089/eating-for-planetary-health-may-substantially-lower-risk-of-premature-death/,scienceblog.com,20240610T170000Z,English,United States
reforestation,forestation,Planetary Health Diet linked to lower risk of early death,https://www.upi.com/Health_News/2024/06/10/Planetary-Health-Diet/5101718026382/,upi.com,20240610T160000Z,English,United States
reforestation,forestation,"What Is the Planetary Health Diet , and Can It Extend Your Life ?",https://themercury.com/lifestyles/health/what-is-the-planetary-health-diet-and-can-it-extend-your-life/article_86e3024a-164b-57f6-bb6f-74e014f54d47.html,themercury.com,20240610T154500Z,English,United States
reforestation,forestation,"What Is the Planetary Health Diet , and Can It Extend Your Life ?",https://www.kpcnews.com/lifestyles/health/article_c06c77e1-78da-5c8e-ba9c-fd044dcad3f2.html,kpcnews.com,20240610T144500Z,English,United States
reforestation,forestation,"What Is the Planetary Health Diet , and Can It Extend Your Life ?",https://www.swiowanewssource.com/news/nation/article_a50c8e6e-3aaf-5df9-9c8e-c03121a556c1.html,swiowanewssource.com,20240610T131500Z,English,United States
reforestation,forestation,"What Is the Planetary Health Diet , and Can It Extend Your Life ?",https://www.douglas-budget.com/lifestyles/health/article_72dd7920-15f9-5c3f-aa41-1079917d9bd4.html,douglas-budget.com,20240610T123000Z,English,United States
reforestation,forestation,"What Is the Planetary Health Diet , and Can It Extend Your Life ?",https://homenewshere.com/national/health/article_69a2c43c-98a2-562f-b966-cbcbc0bc643c.html,homenewshere.com,20240610T121500Z,English,United States
reforestation,forestation,Ecological Impact Of Eucalyptus Trees : Balancing Benefits And Risks,https://www.eurasiareview.com/03062024-ecological-impact-of-eucalyptus-trees-balancing-benefits-and-risks/,eurasiareview.com,20240603T011500Z,English,United States
reforestation,forestation,This  70s Sci - Fi Gem Was Eerily Ahead of Its Time,https://collider.com/silent-running-sci-fi-movie/,collider.com,20240602T184500Z,English,United States
reforestation,forestation,Save the Buffalo | The Arkansas Democrat - Gazette - Arkansa Best News Source,https://www.arkansasonline.com/news/2024/aug/29/save-the-buffalo/,arkansasonline.com,20240829T090000Z,English,United States
reforestation,forestation,"Hawaii - Tropical , Islands , Volcanic",https://www.britannica.com/place/Hawaii-state/Climate,britannica.com,20240821T070000Z,English,United States
reforestation,forestation,Drone flights and 3D scans : Scientist uses cutting - edge tech to protect Madagascar vulnerable forests,https://phys.org/news/2024-08-drone-flights-3d-scans-scientist.html,phys.org,20240808T011500Z,English,United States
reforestation,forestation,Tourism Challenges in Africa : Red Rocks Initiative may become a key force for the better ?,https://eturbonews.com/tourism-challenges-in-africa-red-rocks-initiative-may-become-a-key-force-for-the-better/,eturbonews.com,20250101T010000Z,English,United States
reforestation,forestation,Bizarre  blob - headed fish and amphibious mouse among 27 new species found in Peru,https://keyt.com/news/national-world/cnn-other/2024/12/20/bizarre-blob-headed-fish-and-amphibious-mouse-among-27-new-species-found-in-peru/,keyt.com,20241220T171500Z,English,United States
reforestation,forestation,2 dead in Mineola plane crash in November encountered dense forestation,https://www.cbs19.tv/article/news/local/2-dead-mineola-plane-crash-dense-forestation/501-6c093661-2e63-4e16-bbdc-ec18a7568245,cbs19.tv,20241218T181500Z,English,United States
reforestation,forestation,Turkish Airlines combats climate change with Co2mission,https://eturbonews.com/turkish-airlines-combats-climate-change-with-co2mission/,eturbonews.com,20241212T153000Z,English,United States
reforestation,forestation,More landslide threats on Mt . Elgon,https://eturbonews.com/more-landslide-threats-mt-elgon/,eturbonews.com,20241212T050000Z,English,United States
reforestation,forestation,The Paris Olympics organizers say the event was far less polluting than recent Games,https://www.news-gazette.com/news/nation-world/the-paris-olympics-organizers-say-the-event-was-far-less-polluting-than-recent-games/article_6c568f6b-12e1-5240-9cbe-fbd877361757.html,news-gazette.com,20241212T031500Z,English,United States
reforestation,forestation,The Paris Olympics organizers say the event was far less polluting than recent Games,https://www.the-messenger.com/news/world/article_c1a7ae02-4ec7-507e-be22-8e83e2373c3b.html,the-messenger.com,20241211T234500Z,English,United States
reforestation,forestation,Rwanda turns forests into tourism assets,https://eturbonews.com/rwanda-turns-forests-tourism-assets/,eturbonews.com,20241209T110000Z,English,United States
reforestation,forestation,China desert control experience shared with Arab states,https://www.bignewsnetwork.com/news/274831515/chinas-desert-control-experience-shared-with-arab-states,bignewsnetwork.com,20241207T124500Z,English,United States
reforestation,forestation,Green tourism partnership yields results for environment,https://eturbonews.com/green-tourism-partnership-yields-results-environment/,eturbonews.com,20241207T001500Z,English,United States
reforestation,forestation,Korean Air donates computers to Mongolian school,https://eturbonews.com/korean-air-donates-computers-mongolian-school/,eturbonews.com,20241205T190000Z,English,United States
reforestation,forestation,"What is a Miyawaki forest ? Here why volunteers are planting 4 , 000 trees on the University of Iowa",https://www.thegazette.com/environment-nature/what-is-a-miyawaki-forest-heres-why-volunteers-are-planting-4000-trees-on-the-university-of-iowa/,thegazette.com,20250426T024500Z,English,United States
reforestation,forestation,Combating Deforestation For Climate Change Mitigation – OpEd,https://www.eurasiareview.com/22042025-combating-deforestation-for-climate-change-mitigation-oped/,eurasiareview.com,20250422T170000Z,English,United States
reforestation,forestation,Padilla introduces Fix Our Forests Act in Senate,https://www.recorderonline.com/news/padilla-introduces-fix-our-forests-act-in-senate/article_23ef4c2a-d992-4dfb-b080-341f3189fc3f.html,recorderonline.com,20250418T190000Z,English,United States
reforestation,forestation,Planners split on Rock Hill housing development in Frederick,https://www.yahoo.com/news/planners-split-rock-hill-housing-231600910.html,yahoo.com,20250417T000000Z,English,United States
reforestation,forestation,Proposed  Fix Our Forest Act Aims to Reduce Wildfire Risk,https://kfiam640.iheart.com/content/2025-04-11-proposed-fix-our-forests-act-aims-to-reduce-wildfire-risk/,kfiam640.iheart.com,20250411T191500Z,English,United States
reforestation,forestation,California Sen . Padilla hopes Fix Our Forests Act will prevent more L . A . fires,https://www.yahoo.com/news/california-sen-padilla-hopes-fix-100029865.html,yahoo.com,20250411T104500Z,English,United States
reforestation,forestation,Skeptical Science New Research for Week # 15 2025,https://skepticalscience.com/new_research_2025_15.html,skepticalscience.com,20250410T120000Z,English,United States
reforestation,forestation,Nature Notes : Norway spruce in March,https://www.communityadvocate.com/news/nature-notes-norway-spruce-in-march/article_a1ed29f6-c169-491a-be24-136d887b9229.html,communityadvocate.com,20250407T194500Z,English,United States
reforestation,forestation,Architect is revolutionizing the industry with  vertical forest  concept for high - rise homes :  Best ... in the world,https://www.yahoo.com/news/architect-revolutionizing-industry-vertical-forest-104506314.html,yahoo.com,20250407T130000Z,English,United States
reforestation,forestation,Scout Camp Josepho will rebuild after destruction in the Palisades fire – San Gabriel Valley Tribune,https://www.sgvtribune.com/2025/04/01/scouts-camp-josepho-will-rebuild-after-destruction-in-the-palisades-fire/,sgvtribune.com,20250401T181500Z,English,United States
reforestation,forestation,My hopes for our country rest with graduating class of 2025,https://www.nwitimes.com/opinion/columnists/jerry-davich/article_09b13ae2-e706-4fd0-a7cb-8b8479529b76.html,nwitimes.com,20250530T153000Z,English,United States
reforestation,forestation,Grant to help Pebble Hill Plantation restore building,https://www.walb.com/2025/05/28/grant-help-pebble-hill-plantation-restore-building/,walb.com,20250529T010000Z,English,United States
reforestation,forestation,"Frequent large - scale wildfires are turning forests from carbon sinks into super ‑ emitters , warn scientists",https://phys.org/news/2025-05-frequent-large-scale-wildfires-forests.html,phys.org,20250522T181500Z,English,United States
reforestation,forestation,DEC Seeks Public Comment on Eligibility Guidelines for Restoring and Expanding Forests,https://dec.ny.gov/news/press-releases/2025/5/dec-seeks-public-comment-on-eligibility-guidelines-for-restoring-and-expanding-forests,dec.ny.gov,20250521T234500Z,English,United States
reforestation,forestation,Who Heals the Earth Healers ? Ways to Avert Burnout for Environmental Advocates,https://www.resilience.org/stories/2025-05-20/who-heals-the-earths-healers-ways-to-avert-burnout-for-environmental-advocates/,resilience.org,20250520T170000Z,English,United States
reforestation,forestation,Israeli Environmentalist Alon Tal : This War is No Excuse for Neglecting the Environment,http://www.washingtonjewishweek.com/israeli-environmentalist-alon-tal-this-war-is-no-excuse-for-neglecting-the-environment/,washingtonjewishweek.com,20250515T181500Z,English,United States
reforestation,forestation,State assurance helps Rock Hill project get forest conservation approval,https://www.yahoo.com/news/state-assurance-helps-rock-hill-154700951.html,yahoo.com,20250514T163000Z,English,United States
reforestation,forestation,Gateway  portion of Brickworks project gets final site approval,https://www.yahoo.com/news/gateway-portion-brickworks-project-gets-154900941.html,yahoo.com,20250514T163000Z,English,United States
reforestation,forestation,"Three Dangerous Hot Spots , One Solution",https://larouchepub.com/hzl/2025/5220-three_dangerous_hot_spots_one-hzl.html,larouchepub.com,20250514T153000Z,English,United States
reforestation,forestation,WV already poor electric reliability got worse last year | News,https://www.herald-dispatch.com/news/wvs-already-poor-electric-reliability-got-worse-last-year-amid-long-lasting-outages/article_25922463-09eb-4b47-bef3-664af8258e74.html,herald-dispatch.com,20250510T143000Z,English,United States
reforestation,forestation,Vehicle storage request receives scrutiny,https://homenewshere.com/tewksbury_town_crier/news/article_b9cf13c6-6da8-468f-9e6a-ffbec19f39a6.html,homenewshere.com,20250608T000000Z,English,United States
reforestation,forestation,Munster High School educator earns  Teacher Super Champion,https://www.nwitimes.com/opinion/columnists/jerry-davich/article_5b1ed0b2-0dca-4c9d-9512-38d2ab0debcb.html,nwitimes.com,20250604T140000Z,English,United States
reforestation,forestation,The Banished Review - Cryptic Horror Gets Lost in the Woods,https://bloody-disgusting.com/reviews/3888859/the-banished-review-cryptic-australian-horror-thriller-gets-lost-in-the-woods/,bloody-disgusting.com,20250718T153000Z,English,United States
reforestation,forestation,Founders And Motherhood . Advice On Balancing Leadership And Childcare,https://www.forbes.com/sites/trevorclawson/2025/07/13/founders-and-motherhood-advice-on-balancing-leadership-and-childcare/,forbes.com,20250713T174500Z,English,United States
reforestation,forestation,"Reduce , remove , reflect - the three Rs that could limit global warming",http://www.massachusettssun.com/news/278431407/reduce-remove-reflect-the-three-rs-that-could-limit-global-warming,massachusettssun.com,20250708T123000Z,English,United States
reforestation,forestation,Trump Texas flood response reflects glaringly different approach to aid for GOP - led states,https://www.msnbc.com/top-stories/latest/texas-flooding-trump-response-republican-states-fema-rcna217259,msnbc.com,20250707T234500Z,English,United States
reforestation,forestation,De - Risking Development : All You Need To Know About Guarantees,https://www.worldbank.org/en/news/podcast/2025/07/03/de-risking-guarantees-miga-development-podcast,worldbank.org,20250707T190000Z,English,United States
reforestation,forestation,Tierra Patagonia : A Design - Driven Refuge Overlooking Torres Del Paine National Park,https://www.forbes.com/sites/elizabethbrownfield/2025/08/31/tierra-patagonia-a-design-driven-refuge-overlooking-torres-del-paine-national-park/,forbes.com,20250901T003000Z,English,United States
reforestation,forestation,Hannity Needs To Shut His Mouth About The Pacific Palisades Wildfire,https://crooksandliars.com/2025/08/hannity-shut-your-mouth-claiming-forestry,crooksandliars.com,20250829T141500Z,English,United States
reforestation,forestation,Think How Much Climate Progress We Could Make If We Protected The World Forests,https://cleantechnica.com/2025/08/28/think-how-much-climate-progress-we-could-make-if-we-protected-the-worlds-forests/,cleantechnica.com,20250829T011500Z,English,United States
reforestation,forestation,Bogging down Putin : NATO frontline states mull reviving tank - trapping peatlands – POLITICO,https://www.politico.eu/article/russia-defense-kyiv-ukraine-nato-eu-bogs-poland-war-germany/,politico.eu,20250826T031500Z,English,United States
reforestation,forestation,NH launches first - of - its - kind forestry certification to grow workforce,https://www.nhbr.com/nh-launches-first-of-its-kind-forestry-certification-to-grow-workforce/,nhbr.com,20250822T140000Z,English,United States
reforestation,forestation,"Trees in the tropics cool more , burn less",https://www.eurekalert.org:443/news-releases/1095102,eurekalert.org,20250819T213000Z,English,United States
reforestation,forestation,Bahrain News : Crucial role of mangroves in climate change highlighted,https://www.gdnonline.com:443/Details/1360354/Crucial-role-of-mangroves-in-climate-change-highlighted-,gdnonline.com,20250809T233000Z,English,United States
reforestation,forestation,Bahrain News : Crucial role of mangroves in climate change highlighted,https://www.gdnonline.com:443/Details/1360354,gdnonline.com,20250809T211500Z,English,United States
reforestation,forestation,Archaeologists recover over 100 Jacobite projectiles in unexplored area of Culloden,https://phys.org/news/2025-10-archaeologists-recover-jacobite-projectiles-unexplored.html,phys.org,20251030T200000Z,English,United States
reforestation,forestation,Life Time to host group fitness fundraiser,https://www.hometownsource.com/sun_thisweek/community/eagan/life-time-to-host-group-fitness-fundraiser/article_e048f385-eb3b-4593-9433-4808132ca02c.html,hometownsource.com,20251023T190000Z,English,United States
reforestation,forestation,"Israel Continues to Attack Southern Lebanon , Bars Farmers From Fields",https://news.antiwar.com/2025/10/19/israel-continues-to-attack-southern-lebanon-bars-farmers-from-fields/,news.antiwar.com,20251019T183000Z,English,United States
reforestation,forestation,Just 90 Minutes for Lasting Impact : Join Life Time GO90 Workout to Support ALS Research and Children Health on October 25,https://www.pressreleasepoint.com/just-90-minutes-lasting-impact-join-life-times-go90-workout-support-als-research-and-childrens,pressreleasepoint.com,20251011T001500Z,English,United States
reforestation,forestation,Deforestation can cause eight - fold increase in flood event risk,https://phys.org/news/2025-10-deforestation-event.html,phys.org,20251008T153000Z,English,United States
reforestation,forestation,"Feeling patriotic ? TWO Must Re - reads for this Occasion , from the Indispensable Fred Reed",https://www.greanvillepost.com/2025/11/12/feeling-patriotic-two-must-re-reads-for-this-occasion-from-the-indispensable-fred-reed/,greanvillepost.com,20251113T031500Z,English,United States
reforestation,forestation,Meet The Startup CEO Turning Carbon Cleanup Into A Major Investment Opportunity,https://www.benzinga.com/news/topics/25/11/48816579/meet-the-startup-ceo-turning-carbon-cleanup-into-a-major-investment-opportunity,benzinga.com,20251112T203000Z,English,United States
